YEAR_MONTH,DAY_TYPE,TIME_PER_HOUR,PT_TYPE,PT_CODE,TOTAL_TAP_IN_VOLUME,TOTAL_TAP_OUT_VOLUME
2024-08,WEEKENDS/HOLIDAY,22,TRAIN,NS28,399,202
2024-08,WEEKDAY,22,TRAIN,NS28,405,271
2024-08,WEEKENDS/HOLIDAY,0,TRAIN,DT10/TE11,50,271
2024-08,WEEKDAY,0,TRAIN,DT10/TE11,130,480
2024-08,WEEKENDS/HOLIDAY,10,TRAIN,EW16/NE3/TE17,9505,10674
2024-08,WEEKDAY,10,TRAIN,EW16/NE3/TE17,28049,38756
2024-08,WEEKDAY,9,TRAIN,CC14,11184,8782
2024-08,WEEKENDS/HOLIDAY,9,TRAIN,CC14,3382,1626
2024-08,WEEKDAY,14,TRAIN,EW27,33023,38084
2024-08,WEEKENDS/HOLIDAY,14,TRAIN,EW27,23244,22887
2024-08,WEEKDAY,0,TRAIN,NS27/CE2/TE20,64,255
2024-08,WEEKENDS/HOLIDAY,0,TRAIN,NS27/CE2/TE20,25,97
2024-08,WEEKDAY,18,TRAIN,DT27,39737,21814
2024-08,WEEKENDS/HOLIDAY,18,TRAIN,DT27,5228,4683
2024-08,WEEKDAY,11,TRAIN,NS7,21034,16780
2024-08,WEEKENDS/HOLIDAY,11,TRAIN,NS7,11051,13650
2024-08,WEEKDAY,16,TRAIN,SW4,2502,3795
2024-08,WEEKENDS/HOLIDAY,16,TRAIN,SW4,1487,1594
2024-08,WEEKDAY,10,TRAIN,CC5,2739,5377
2024-08,WEEKENDS/HOLIDAY,10,TRAIN,CC5,1584,2472
2024-08,WEEKENDS/HOLIDAY,13,TRAIN,CC23,2684,2466
2024-08,WEEKDAY,13,TRAIN,CC23,15203,18440
2024-08,WEEKENDS/HOLIDAY,22,TRAIN,EW33,754,1843
2024-08,WEEKDAY,22,TRAIN,EW33,1278,2523
2024-08,WEEKENDS/HOLIDAY,14,TRAIN,CC21,6473,5380
2024-08,WEEKDAY,14,TRAIN,CC21,11164,10081
2024-08,WEEKDAY,12,TRAIN,TE16,8262,5627
2024-08,WEEKENDS/HOLIDAY,12,TRAIN,TE16,4758,3416
2024-08,WEEKENDS/HOLIDAY,18,TRAIN,EW24/NS1,48692,46347
2024-08,WEEKDAY,18,TRAIN,EW24/NS1,234549,165466
2024-08,WEEKDAY,7,TRAIN,NE10,30012,40882
2024-08,WEEKENDS/HOLIDAY,7,TRAIN,NE10,4191,3169
2024-08,WEEKENDS/HOLIDAY,8,TRAIN,EW22,2330,2249
2024-08,WEEKDAY,8,TRAIN,EW22,17313,42445
2024-08,WEEKDAY,14,TRAIN,CC16,8033,6366
2024-08,WEEKENDS/HOLIDAY,14,TRAIN,CC16,3390,3057
2024-08,WEEKENDS/HOLIDAY,10,TRAIN,EW11,10384,8892
2024-08,WEEKDAY,10,TRAIN,EW11,20889,18719
2024-08,WEEKENDS/HOLIDAY,6,TRAIN,NS24/NE6/CC1,1058,2114
2024-08,WEEKDAY,6,TRAIN,NS24/NE6/CC1,3652,9124
2024-08,WEEKENDS/HOLIDAY,22,TRAIN,TE15,3653,1584
2024-08,WEEKDAY,22,TRAIN,TE15,7600,3426
2024-08,WEEKDAY,0,TRAIN,EW19,125,740
2024-08,WEEKENDS/HOLIDAY,0,TRAIN,EW19,68,361
2024-08,WEEKDAY,10,TRAIN,EW21/CC22,16165,25095
2024-08,WEEKENDS/HOLIDAY,10,TRAIN,EW21/CC22,10239,9031
2024-08,WEEKDAY,8,TRAIN,CC8,25403,9917
2024-08,WEEKENDS/HOLIDAY,8,TRAIN,CC8,3599,2487
2024-08,WEEKENDS/HOLIDAY,17,TRAIN,NE7/DT12,24137,26509
2024-08,WEEKDAY,17,TRAIN,NE7/DT12,50252,36778
2024-08,WEEKDAY,17,TRAIN,EW33,16335,8796
2024-08,WEEKENDS/HOLIDAY,17,TRAIN,EW33,3229,2783
2024-08,WEEKENDS/HOLIDAY,7,TRAIN,BP10,1275,625
2024-08,WEEKDAY,7,TRAIN,BP10,14557,3167
2024-08,WEEKENDS/HOLIDAY,15,TRAIN,NE10,7446,7641
2024-08,WEEKDAY,15,TRAIN,NE10,15926,16108
2024-08,WEEKDAY,18,TRAIN,EW22,25798,23098
2024-08,WEEKENDS/HOLIDAY,18,TRAIN,EW22,2730,3033
2024-08,WEEKENDS/HOLIDAY,15,TRAIN,CC25,3387,2736
2024-08,WEEKDAY,15,TRAIN,CC25,8120,6342
2024-08,WEEKDAY,12,TRAIN,CE1/DT16,19763,39536
2024-08,WEEKENDS/HOLIDAY,12,TRAIN,CE1/DT16,11867,28749
2024-08,WEEKDAY,10,TRAIN,SW6,4554,1775
2024-08,WEEKENDS/HOLIDAY,10,TRAIN,SW6,2558,905
2024-08,WEEKENDS/HOLIDAY,17,TRAIN,DT31,4434,4473
2024-08,WEEKDAY,17,TRAIN,DT31,12421,17453
2024-08,WEEKDAY,15,TRAIN,CC14,12183,7123
2024-08,WEEKENDS/HOLIDAY,15,TRAIN,CC14,2623,2924
2024-08,WEEKDAY,0,TRAIN,NS8,588,2876
2024-08,WEEKENDS/HOLIDAY,0,TRAIN,NS8,462,1435
2024-08,WEEKENDS/HOLIDAY,18,TRAIN,NS14,16163,18465
2024-08,WEEKDAY,18,TRAIN,NS14,49843,110086
2024-08,WEEKDAY,12,TRAIN,EW17,23469,25372
2024-08,WEEKENDS/HOLIDAY,12,TRAIN,EW17,13617,12615
2024-08,WEEKDAY,11,TRAIN,TE22,1512,4974
2024-08,WEEKENDS/HOLIDAY,11,TRAIN,TE22,1314,4578
2024-08,WEEKENDS/HOLIDAY,0,TRAIN,NE17/PTC,296,1927
2024-08,WEEKDAY,0,TRAIN,NE17/PTC,462,3675
2024-08,WEEKENDS/HOLIDAY,13,TRAIN,BP12,1424,861
2024-08,WEEKDAY,13,TRAIN,BP12,4233,1582
2024-08,WEEKENDS/HOLIDAY,14,TRAIN,NS17/CC15,22614,21427
2024-08,WEEKDAY,14,TRAIN,NS17/CC15,46267,42209
2024-08,WEEKENDS/HOLIDAY,16,TRAIN,CC10/DT26,8528,6604
2024-08,WEEKDAY,16,TRAIN,CC10/DT26,15659,13885
2024-08,WEEKENDS/HOLIDAY,6,TRAIN,DT28,3432,1233
2024-08,WEEKDAY,6,TRAIN,DT28,15912,7157
2024-08,WEEKDAY,5,TRAIN,DT7,224,63
2024-08,WEEKENDS/HOLIDAY,5,TRAIN,DT7,39,7
2024-08,WEEKENDS/HOLIDAY,11,TRAIN,PW5,2363,988
2024-08,WEEKDAY,11,TRAIN,PW5,2589,1797
2024-08,WEEKDAY,18,TRAIN,BP3,4765,14723
2024-08,WEEKENDS/HOLIDAY,18,TRAIN,BP3,1849,2463
2024-08,WEEKENDS/HOLIDAY,22,TRAIN,CC28,545,2062
2024-08,WEEKDAY,22,TRAIN,CC28,1178,4545
2024-08,WEEKDAY,13,TRAIN,SW6,4043,4288
2024-08,WEEKENDS/HOLIDAY,13,TRAIN,SW6,1906,1624
2024-08,WEEKDAY,17,TRAIN,NE12/CC13,71439,114469
2024-08,WEEKENDS/HOLIDAY,17,TRAIN,NE12/CC13,33627,40165
2024-08,WEEKENDS/HOLIDAY,8,TRAIN,NS21/DT11,17422,19164
2024-08,WEEKDAY,8,TRAIN,NS21/DT11,112357,133641
2024-08,WEEKDAY,0,TRAIN,NE16/STC,539,3800
2024-08,WEEKENDS/HOLIDAY,0,TRAIN,NE16/STC,260,1899
2024-08,WEEKENDS/HOLIDAY,17,TRAIN,DT21,5375,3887
2024-08,WEEKDAY,17,TRAIN,DT21,17541,9594
2024-08,WEEKENDS/HOLIDAY,19,TRAIN,NE12/CC13,28228,35390
2024-08,WEEKDAY,19,TRAIN,NE12/CC13,67692,138417
2024-08,WEEKENDS/HOLIDAY,6,TRAIN,EW31,1843,2673
2024-08,WEEKDAY,6,TRAIN,EW31,6155,12048
2024-08,WEEKENDS/HOLIDAY,15,TRAIN,EW7,7278,8043
2024-08,WEEKDAY,15,TRAIN,EW7,10723,15670
2024-08,WEEKENDS/HOLIDAY,23,TRAIN,CC23,398,390
2024-08,WEEKDAY,23,TRAIN,CC23,1513,578
2024-08,WEEKENDS/HOLIDAY,22,TRAIN,DT13,3300,4416
2024-08,WEEKDAY,22,TRAIN,DT13,7679,8719
2024-08,WEEKENDS/HOLIDAY,23,TRAIN,NE14,1178,8651
2024-08,WEEKDAY,23,TRAIN,NE14,2367,18710
2024-08,WEEKDAY,22,TRAIN,NS9/TE2,25486,63536
2024-08,WEEKENDS/HOLIDAY,22,TRAIN,NS9/TE2,13397,29018
2024-08,WEEKDAY,12,TRAIN,DT22,8116,9285
2024-08,WEEKENDS/HOLIDAY,12,TRAIN,DT22,4787,7272
2024-08,WEEKENDS/HOLIDAY,18,TRAIN,DT28,6075,6099
2024-08,WEEKDAY,18,TRAIN,DT28,38828,26472
2024-08,WEEKENDS/HOLIDAY,12,TRAIN,DT34,2670,1402
2024-08,WEEKDAY,12,TRAIN,DT34,5596,3709
2024-08,WEEKDAY,9,TRAIN,SW7,4362,1070
2024-08,WEEKENDS/HOLIDAY,9,TRAIN,SW7,1790,529
2024-08,WEEKENDS/HOLIDAY,12,TRAIN,NE17/PTC,27256,23562
2024-08,WEEKDAY,12,TRAIN,NE17/PTC,39531,39156
2024-08,WEEKDAY,19,TRAIN,NE8,38420,64942
2024-08,WEEKENDS/HOLIDAY,19,TRAIN,NE8,27221,28644
2024-08,WEEKDAY,21,TRAIN,CC24,28870,5106
2024-08,WEEKENDS/HOLIDAY,21,TRAIN,CC24,3988,3070
2024-08,WEEKENDS/HOLIDAY,12,TRAIN,EW8/CC9,29654,33566
2024-08,WEEKDAY,12,TRAIN,EW8/CC9,42716,53825
2024-08,WEEKENDS/HOLIDAY,20,TRAIN,BP5,520,918
2024-08,WEEKDAY,20,TRAIN,BP5,1506,2346
2024-08,WEEKDAY,12,TRAIN,EW15,34871,38333
2024-08,WEEKENDS/HOLIDAY,12,TRAIN,EW15,10431,13478
2024-08,WEEKENDS/HOLIDAY,7,TRAIN,SW4,1177,318
2024-08,WEEKDAY,7,TRAIN,SW4,13750,1495
2024-08,WEEKDAY,22,TRAIN,DT33,3681,23990
2024-08,WEEKENDS/HOLIDAY,22,TRAIN,DT33,1887,10249
2024-08,WEEKENDS/HOLIDAY,11,TRAIN,EW24/NS1,21692,42244
2024-08,WEEKDAY,11,TRAIN,EW24/NS1,35099,64816
2024-08,WEEKENDS/HOLIDAY,21,TRAIN,NS13,18967,28896
2024-08,WEEKDAY,21,TRAIN,NS13,41594,69139
2024-08,WEEKDAY,5,TRAIN,NS13,27446,4533
2024-08,WEEKENDS/HOLIDAY,5,TRAIN,NS13,6189,878
2024-08,WEEKENDS/HOLIDAY,5,TRAIN,PW6,143,7
2024-08,WEEKDAY,5,TRAIN,PW6,618,12
2024-08,WEEKENDS/HOLIDAY,13,TRAIN,CC21,6194,6472
2024-08,WEEKDAY,13,TRAIN,CC21,15718,10103
2024-08,WEEKENDS/HOLIDAY,14,TRAIN,PE7,1959,2286
2024-08,WEEKDAY,14,TRAIN,PE7,3239,5038
2024-08,WEEKENDS/HOLIDAY,10,TRAIN,CC20,3103,2168
2024-08,WEEKDAY,10,TRAIN,CC20,6070,3266
2024-08,WEEKENDS/HOLIDAY,21,TRAIN,EW25,2751,6533
2024-08,WEEKDAY,21,TRAIN,EW25,5081,15599
2024-08,WEEKDAY,16,TRAIN,CC2,7976,4157
2024-08,WEEKENDS/HOLIDAY,16,TRAIN,CC2,3406,2848
2024-08,WEEKENDS/HOLIDAY,14,TRAIN,CC12,2694,2926
2024-08,WEEKDAY,14,TRAIN,CC12,9820,6139
2024-08,WEEKENDS/HOLIDAY,16,TRAIN,NS20,17689,13839
2024-08,WEEKDAY,16,TRAIN,NS20,61964,30878
2024-08,WEEKENDS/HOLIDAY,16,TRAIN,NS14,15847,13468
2024-08,WEEKDAY,16,TRAIN,NS14,28124,33206
2024-08,WEEKDAY,11,TRAIN,NS15,19902,13865
2024-08,WEEKENDS/HOLIDAY,11,TRAIN,NS15,7279,3573
2024-08,WEEKDAY,5,TRAIN,EW21/CC22,2326,1419
2024-08,WEEKENDS/HOLIDAY,5,TRAIN,EW21/CC22,479,171
2024-08,WEEKDAY,11,TRAIN,BP4,7242,2874
2024-08,WEEKENDS/HOLIDAY,11,TRAIN,BP4,1088,574
2024-08,WEEKDAY,11,TRAIN,NS27/CE2/TE20,5238,5110
2024-08,WEEKENDS/HOLIDAY,11,TRAIN,NS27/CE2/TE20,1501,2624
2024-08,WEEKENDS/HOLIDAY,9,TRAIN,NS17/CC15,19167,13854
2024-08,WEEKDAY,9,TRAIN,NS17/CC15,62845,29768
2024-08,WEEKENDS/HOLIDAY,6,TRAIN,EW10,4549,1408
2024-08,WEEKDAY,6,TRAIN,EW10,20605,4499
2024-08,WEEKENDS/HOLIDAY,8,TRAIN,NS28,302,1850
2024-08,WEEKDAY,8,TRAIN,NS28,2466,3303
2024-08,WEEKDAY,7,TRAIN,EW33,13525,15672
2024-08,WEEKENDS/HOLIDAY,7,TRAIN,EW33,3373,2916
2024-08,WEEKDAY,18,TRAIN,BP12,3562,7636
2024-08,WEEKENDS/HOLIDAY,18,TRAIN,BP12,979,1151
2024-08,WEEKDAY,0,TRAIN,EW14/NS26,684,192
2024-08,WEEKENDS/HOLIDAY,0,TRAIN,EW14/NS26,264,119
2024-08,WEEKENDS/HOLIDAY,0,TRAIN,CG2,55,68
2024-08,WEEKDAY,0,TRAIN,CG2,112,306
2024-08,WEEKDAY,16,TRAIN,NE5,15812,14339
2024-08,WEEKENDS/HOLIDAY,16,TRAIN,NE5,7211,9009
2024-08,WEEKENDS/HOLIDAY,11,TRAIN,NE16/STC,24818,18023
2024-08,WEEKDAY,11,TRAIN,NE16/STC,43437,32500
2024-08,WEEKENDS/HOLIDAY,9,TRAIN,TE6,7522,2383
2024-08,WEEKDAY,9,TRAIN,TE6,20852,4492
2024-08,WEEKENDS/HOLIDAY,13,TRAIN,EW9,13553,12049
2024-08,WEEKDAY,13,TRAIN,EW9,23319,16231
2024-08,WEEKDAY,8,TRAIN,TE5,17894,7919
2024-08,WEEKENDS/HOLIDAY,8,TRAIN,TE5,2595,1447
2024-08,WEEKDAY,17,TRAIN,CC6,11708,12514
2024-08,WEEKENDS/HOLIDAY,17,TRAIN,CC6,9511,9575
2024-08,WEEKENDS/HOLIDAY,8,TRAIN,NE8,7929,9788
2024-08,WEEKDAY,8,TRAIN,NE8,37044,42312
2024-08,WEEKENDS/HOLIDAY,20,TRAIN,CC7,1956,4151
2024-08,WEEKDAY,20,TRAIN,CC7,4670,9595
2024-08,WEEKENDS/HOLIDAY,20,TRAIN,NS3,4795,11095
2024-08,WEEKDAY,20,TRAIN,NS3,11061,32110
2024-08,WEEKDAY,0,TRAIN,BP13,0,1
2024-08,WEEKENDS/HOLIDAY,10,TRAIN,SE3,1997,607
2024-08,WEEKDAY,10,TRAIN,SE3,3746,992
2024-08,WEEKDAY,9,TRAIN,EW16/NE3/TE17,27660,73415
2024-08,WEEKENDS/HOLIDAY,9,TRAIN,EW16/NE3/TE17,8124,9689
2024-08,WEEKENDS/HOLIDAY,18,TRAIN,NE16/STC,22134,28647
2024-08,WEEKDAY,18,TRAIN,NE16/STC,63874,146869
2024-08,WEEKDAY,12,TRAIN,TE3,11619,9758
2024-08,WEEKENDS/HOLIDAY,12,TRAIN,TE3,5582,4746
2024-08,WEEKDAY,5,TRAIN,EW15,976,571
2024-08,WEEKENDS/HOLIDAY,5,TRAIN,EW15,238,62
2024-08,WEEKDAY,18,TRAIN,NS7,39348,49579
2024-08,WEEKENDS/HOLIDAY,18,TRAIN,NS7,19116,13476
2024-08,WEEKDAY,0,TRAIN,NS15,461,1220
2024-08,WEEKENDS/HOLIDAY,0,TRAIN,NS15,176,582
2024-08,WEEKENDS/HOLIDAY,15,TRAIN,NS15,6517,4855
2024-08,WEEKDAY,15,TRAIN,NS15,27849,12529
2024-08,WEEKENDS/HOLIDAY,22,TRAIN,DT7,646,1397
2024-08,WEEKDAY,22,TRAIN,DT7,1412,3247
2024-08,WEEKDAY,15,TRAIN,PW4,4055,5685
2024-08,WEEKENDS/HOLIDAY,15,TRAIN,PW4,3026,3421
2024-08,WEEKENDS/HOLIDAY,22,TRAIN,TE4,1930,1449
2024-08,WEEKDAY,22,TRAIN,TE4,4481,3362
2024-08,WEEKDAY,15,TRAIN,EW23,47749,45414
2024-08,WEEKENDS/HOLIDAY,15,TRAIN,EW23,23786,23528
2024-08,WEEKENDS/HOLIDAY,20,TRAIN,NE8,27911,19741
2024-08,WEEKDAY,20,TRAIN,NE8,37313,39359
2024-08,WEEKENDS/HOLIDAY,19,TRAIN,EW33,2448,3026
2024-08,WEEKDAY,19,TRAIN,EW33,7175,9434
2024-08,WEEKDAY,8,TRAIN,TE16,14203,15973
2024-08,WEEKENDS/HOLIDAY,8,TRAIN,TE16,2805,2119
2024-08,WEEKENDS/HOLIDAY,6,TRAIN,CC16,1339,602
2024-08,WEEKDAY,6,TRAIN,CC16,8247,4659
2024-08,WEEKENDS/HOLIDAY,13,TRAIN,TE4,2794,2441
2024-08,WEEKDAY,13,TRAIN,TE4,4298,4255
2024-08,WEEKDAY,11,TRAIN,BP12,2733,1257
2024-08,WEEKENDS/HOLIDAY,11,TRAIN,BP12,1601,792
2024-08,WEEKDAY,13,TRAIN,NE17/PTC,43366,44153
2024-08,WEEKENDS/HOLIDAY,13,TRAIN,NE17/PTC,27263,25362
2024-08,WEEKDAY,7,TRAIN,BP5,6944,3873
2024-08,WEEKENDS/HOLIDAY,7,TRAIN,BP5,695,479
2024-08,WEEKDAY,8,TRAIN,SW6,12159,3082
2024-08,WEEKENDS/HOLIDAY,8,TRAIN,SW6,2265,648
2024-08,WEEKDAY,16,TRAIN,EW4,16903,14985
2024-08,WEEKENDS/HOLIDAY,16,TRAIN,EW4,7434,7311
2024-08,WEEKDAY,14,TRAIN,CC2,5306,6409
2024-08,WEEKENDS/HOLIDAY,14,TRAIN,CC2,2562,3115
2024-08,WEEKENDS/HOLIDAY,12,TRAIN,NE14,19313,11237
2024-08,WEEKDAY,12,TRAIN,NE14,30730,20222
2024-08,WEEKDAY,20,TRAIN,NE4/DT19,85541,40638
2024-08,WEEKENDS/HOLIDAY,20,TRAIN,NE4/DT19,36718,20672
2024-08,WEEKDAY,0,TRAIN,SE5,60,333
2024-08,WEEKENDS/HOLIDAY,0,TRAIN,SE5,23,179
2024-08,WEEKENDS/HOLIDAY,23,TRAIN,EW6,650,2868
2024-08,WEEKDAY,23,TRAIN,EW6,1269,6710
2024-08,WEEKDAY,12,TRAIN,CC4/DT15,19796,32632
2024-08,WEEKENDS/HOLIDAY,12,TRAIN,CC4/DT15,6786,14693
2024-08,WEEKENDS/HOLIDAY,15,TRAIN,NE4/DT19,39555,33399
2024-08,WEEKDAY,15,TRAIN,NE4/DT19,62412,52938
2024-08,WEEKDAY,8,TRAIN,SW1,4614,8224
2024-08,WEEKENDS/HOLIDAY,8,TRAIN,SW1,1020,855
2024-08,WEEKENDS/HOLIDAY,9,TRAIN,NS10,23843,10788
2024-08,WEEKDAY,9,TRAIN,NS10,59487,25104
2024-08,WEEKDAY,7,TRAIN,DT33,71398,31068
2024-08,WEEKENDS/HOLIDAY,7,TRAIN,DT33,7010,2792
2024-08,WEEKENDS/HOLIDAY,0,TRAIN,DT24,17,250
2024-08,WEEKDAY,0,TRAIN,DT24,61,445
2024-08,WEEKDAY,0,TRAIN,NS18,229,1554
2024-08,WEEKENDS/HOLIDAY,0,TRAIN,NS18,135,819
2024-08,WEEKENDS/HOLIDAY,22,TRAIN,NS24/NE6/CC1,17050,5717
2024-08,WEEKDAY,22,TRAIN,NS24/NE6/CC1,37420,10496
2024-08,WEEKDAY,21,TRAIN,EW3,10491,23589
2024-08,WEEKENDS/HOLIDAY,21,TRAIN,EW3,4772,10064
2024-08,WEEKDAY,21,TRAIN,CG1/DT35,19679,3038
2024-08,WEEKENDS/HOLIDAY,21,TRAIN,CG1/DT35,12652,1909
2024-08,WEEKENDS/HOLIDAY,13,TRAIN,NS21/DT11,32065,32019
2024-08,WEEKDAY,13,TRAIN,NS21/DT11,52818,66929
2024-08,WEEKENDS/HOLIDAY,17,TRAIN,TE12,2624,1528
2024-08,WEEKDAY,17,TRAIN,TE12,15607,4154
2024-08,WEEKDAY,7,TRAIN,CC23,3621,38040
2024-08,WEEKENDS/HOLIDAY,7,TRAIN,CC23,793,2696
2024-08,WEEKDAY,16,TRAIN,SW1,6001,2587
2024-08,WEEKENDS/HOLIDAY,16,TRAIN,SW1,1619,1048
2024-08,WEEKENDS/HOLIDAY,20,TRAIN,NE15,4979,13013
2024-08,WEEKDAY,20,TRAIN,NE15,10112,38849
2024-08,WEEKENDS/HOLIDAY,13,TRAIN,EW29,5583,3983
2024-08,WEEKDAY,13,TRAIN,EW29,8414,6861
2024-08,WEEKDAY,13,TRAIN,EW30,1316,1363
2024-08,WEEKENDS/HOLIDAY,13,TRAIN,EW30,1044,521
2024-08,WEEKENDS/HOLIDAY,7,TRAIN,EW32,2521,5239
2024-08,WEEKDAY,7,TRAIN,EW32,5763,33206
2024-08,WEEKDAY,7,TRAIN,NE14,97889,41051
2024-08,WEEKENDS/HOLIDAY,7,TRAIN,NE14,11495,4664
2024-08,WEEKDAY,13,TRAIN,SE3,3876,3155
2024-08,WEEKENDS/HOLIDAY,13,TRAIN,SE3,1666,1356
2024-08,WEEKDAY,20,TRAIN,EW30,6929,1401
2024-08,WEEKENDS/HOLIDAY,20,TRAIN,EW30,1077,1303
2024-08,WEEKENDS/HOLIDAY,12,TRAIN,NS17/CC15,25445,20096
2024-08,WEEKDAY,12,TRAIN,NS17/CC15,44413,41168
2024-08,WEEKDAY,15,TRAIN,EW26,23234,24406
2024-08,WEEKENDS/HOLIDAY,15,TRAIN,EW26,14612,13479
2024-08,WEEKENDS/HOLIDAY,17,TRAIN,TE13,3159,2091
2024-08,WEEKDAY,17,TRAIN,TE13,10475,5353
2024-08,WEEKDAY,9,TRAIN,EW23,56297,51477
2024-08,WEEKENDS/HOLIDAY,9,TRAIN,EW23,21954,16720
2024-08,WEEKDAY,21,TRAIN,DT34,2509,5013
2024-08,WEEKENDS/HOLIDAY,21,TRAIN,DT34,911,2457
2024-08,WEEKDAY,20,TRAIN,DT5,11748,18325
2024-08,WEEKENDS/HOLIDAY,20,TRAIN,DT5,4498,7092
2024-08,WEEKDAY,15,TRAIN,DT22,7354,8134
2024-08,WEEKENDS/HOLIDAY,15,TRAIN,DT22,6029,6185
2024-08,WEEKENDS/HOLIDAY,21,TRAIN,CC27,905,391
2024-08,WEEKDAY,21,TRAIN,CC27,5549,2770
2024-08,WEEKDAY,15,TRAIN,SE4,2620,3665
2024-08,WEEKENDS/HOLIDAY,15,TRAIN,SE4,1734,1747
2024-08,WEEKENDS/HOLIDAY,19,TRAIN,PW6,350,771
2024-08,WEEKDAY,19,TRAIN,PW6,1108,3609
2024-08,WEEKENDS/HOLIDAY,8,TRAIN,NE10,6144,4843
2024-08,WEEKDAY,8,TRAIN,NE10,43040,37753
2024-08,WEEKENDS/HOLIDAY,15,TRAIN,NS5,12242,13871
2024-08,WEEKDAY,15,TRAIN,NS5,21087,26507
2024-08,WEEKDAY,11,TRAIN,DT13,10459,14429
2024-08,WEEKENDS/HOLIDAY,11,TRAIN,DT13,6179,6915
2024-08,WEEKDAY,20,TRAIN,DT27,8302,10327
2024-08,WEEKENDS/HOLIDAY,20,TRAIN,DT27,2266,4494
2024-08,WEEKENDS/HOLIDAY,20,TRAIN,SW3,380,1253
2024-08,WEEKDAY,20,TRAIN,SW3,933,3486
2024-08,WEEKDAY,14,TRAIN,EW16/NE3/TE17,32129,37141
2024-08,WEEKENDS/HOLIDAY,14,TRAIN,EW16/NE3/TE17,12855,9598
2024-08,WEEKDAY,19,TRAIN,EW26,27798,81335
2024-08,WEEKENDS/HOLIDAY,19,TRAIN,EW26,12254,18819
2024-08,WEEKDAY,6,TRAIN,BP3,13656,1073
2024-08,WEEKENDS/HOLIDAY,6,TRAIN,BP3,1517,260
2024-08,WEEKENDS/HOLIDAY,13,TRAIN,EW12/DT14,33750,48503
2024-08,WEEKDAY,13,TRAIN,EW12/DT14,65601,68966
2024-08,WEEKDAY,8,TRAIN,CG2,15363,36903
2024-08,WEEKENDS/HOLIDAY,8,TRAIN,CG2,7017,10069
2024-08,WEEKDAY,20,TRAIN,NE13,18366,29613
2024-08,WEEKENDS/HOLIDAY,20,TRAIN,NE13,7633,10723
2024-08,WEEKDAY,19,TRAIN,NS17/CC15,53299,87244
2024-08,WEEKENDS/HOLIDAY,19,TRAIN,NS17/CC15,18060,20887
2024-08,WEEKENDS/HOLIDAY,14,TRAIN,TE8,7032,5118
2024-08,WEEKDAY,14,TRAIN,TE8,8901,9534
2024-08,WEEKENDS/HOLIDAY,23,TRAIN,CC17/TE9,377,1034
2024-08,WEEKDAY,23,TRAIN,CC17/TE9,798,2373
2024-08,WEEKENDS/HOLIDAY,10,TRAIN,DT18,2200,3981
2024-08,WEEKDAY,10,TRAIN,DT18,5986,27636
2024-08,WEEKDAY,19,TRAIN,EW23,65434,92700
2024-08,WEEKENDS/HOLIDAY,19,TRAIN,EW23,20874,25478
2024-08,WEEKENDS/HOLIDAY,14,TRAIN,EW15,12538,9999
2024-08,WEEKDAY,14,TRAIN,EW15,31014,28497
2024-08,WEEKDAY,23,TRAIN,EW12/DT14,23671,11325
2024-08,WEEKENDS/HOLIDAY,23,TRAIN,EW12/DT14,12854,5555
2024-08,WEEKDAY,10,TRAIN,NS4/BP1,30921,23466
2024-08,WEEKENDS/HOLIDAY,10,TRAIN,NS4/BP1,17549,13659
2024-08,WEEKDAY,22,TRAIN,NS5,8674,31403
2024-08,WEEKENDS/HOLIDAY,22,TRAIN,NS5,4681,14268
2024-08,WEEKDAY,22,TRAIN,SE3,594,4320
2024-08,WEEKENDS/HOLIDAY,22,TRAIN,SE3,297,1928
2024-08,WEEKDAY,7,TRAIN,NS15,38565,65635
2024-08,WEEKENDS/HOLIDAY,7,TRAIN,NS15,5497,5245
2024-08,WEEKDAY,12,TRAIN,EW30,2218,1135
2024-08,WEEKENDS/HOLIDAY,12,TRAIN,EW30,1627,584
2024-08,WEEKENDS/HOLIDAY,12,TRAIN,NE11,7870,7267
2024-08,WEEKDAY,12,TRAIN,NE11,12707,13182
2024-08,WEEKDAY,8,TRAIN,PE5,17973,3231
2024-08,WEEKENDS/HOLIDAY,8,TRAIN,PE5,3407,1013
2024-08,WEEKENDS/HOLIDAY,14,TRAIN,TE19,2343,1978
2024-08,WEEKDAY,14,TRAIN,TE19,8032,7497
2024-08,WEEKDAY,19,TRAIN,TE19,33813,4821
2024-08,WEEKENDS/HOLIDAY,19,TRAIN,TE19,2010,2050
2024-08,WEEKENDS/HOLIDAY,9,TRAIN,CC11,2384,7333
2024-08,WEEKDAY,9,TRAIN,CC11,7500,67413
2024-08,WEEKENDS/HOLIDAY,0,TRAIN,SE1,41,318
2024-08,WEEKDAY,0,TRAIN,SE1,63,670
2024-08,WEEKENDS/HOLIDAY,12,TRAIN,NS14,16785,11800
2024-08,WEEKDAY,12,TRAIN,NS14,28232,20555
2024-08,WEEKDAY,14,TRAIN,SE4,2837,3706
2024-08,WEEKENDS/HOLIDAY,14,TRAIN,SE4,1743,1823
2024-08,WEEKDAY,23,TRAIN,EW11,5256,8206
2024-08,WEEKENDS/HOLIDAY,23,TRAIN,EW11,2049,3808
2024-08,WEEKDAY,8,TRAIN,TE18,3982,23466
2024-08,WEEKENDS/HOLIDAY,8,TRAIN,TE18,1193,3471
2024-08,WEEKDAY,6,TRAIN,BP13,4671,472
2024-08,WEEKENDS/HOLIDAY,6,TRAIN,BP13,542,113
2024-08,WEEKENDS/HOLIDAY,23,TRAIN,EW8/CC9,5427,5064
2024-08,WEEKDAY,23,TRAIN,EW8/CC9,11282,10650
2024-08,WEEKENDS/HOLIDAY,9,TRAIN,SW2,2952,2860
2024-08,WEEKDAY,9,TRAIN,SW2,6080,3738
2024-08,WEEKDAY,21,TRAIN,CC4/DT15,39764,5377
2024-08,WEEKENDS/HOLIDAY,21,TRAIN,CC4/DT15,23305,3539
2024-08,WEEKENDS/HOLIDAY,22,TRAIN,NS17/CC15,8681,13951
2024-08,WEEKDAY,22,TRAIN,NS17/CC15,19445,31901
2024-08,WEEKENDS/HOLIDAY,19,TRAIN,TE16,3870,4073
2024-08,WEEKDAY,19,TRAIN,TE16,10333,12160
2024-08,WEEKENDS/HOLIDAY,9,TRAIN,EW6,6740,3786
2024-08,WEEKDAY,9,TRAIN,EW6,20374,10687
2024-08,WEEKENDS/HOLIDAY,13,TRAIN,CC19/DT9,5638,5194
2024-08,WEEKDAY,13,TRAIN,CC19/DT9,7772,7658
2024-08,WEEKENDS/HOLIDAY,8,TRAIN,DT23,906,1521
2024-08,WEEKDAY,8,TRAIN,DT23,6958,23560
2024-08,WEEKDAY,20,TRAIN,TE12,3340,2554
2024-08,WEEKENDS/HOLIDAY,20,TRAIN,TE12,1220,1076
2024-08,WEEKDAY,14,TRAIN,NS15,19141,13709
2024-08,WEEKENDS/HOLIDAY,14,TRAIN,NS15,5596,4994
2024-08,WEEKDAY,22,TRAIN,NS14,18617,42093
2024-08,WEEKENDS/HOLIDAY,22,TRAIN,NS14,8931,18086
2024-08,WEEKDAY,21,TRAIN,NS10,16843,53568
2024-08,WEEKENDS/HOLIDAY,21,TRAIN,NS10,6459,22005
2024-08,WEEKENDS/HOLIDAY,12,TRAIN,DT3,5877,2598
2024-08,WEEKDAY,12,TRAIN,DT3,7376,4252
2024-08,WEEKENDS/HOLIDAY,13,TRAIN,DT27,4428,3233
2024-08,WEEKDAY,13,TRAIN,DT27,12452,7533
2024-08,WEEKENDS/HOLIDAY,0,TRAIN,NE15,33,888
2024-08,WEEKDAY,0,TRAIN,NE15,69,1764
2024-08,WEEKDAY,18,TRAIN,TE16,21628,16939
2024-08,WEEKENDS/HOLIDAY,18,TRAIN,TE16,4730,4738
2024-08,WEEKENDS/HOLIDAY,6,TRAIN,EW5,7590,3224
2024-08,WEEKDAY,6,TRAIN,EW5,39868,16018
2024-08,WEEKDAY,16,TRAIN,EW30,7057,620
2024-08,WEEKENDS/HOLIDAY,16,TRAIN,EW30,2913,515
2024-08,WEEKENDS/HOLIDAY,9,TRAIN,BP8,533,648
2024-08,WEEKDAY,9,TRAIN,BP8,1530,2056
2024-08,WEEKDAY,21,TRAIN,NS15,11974,14657
2024-08,WEEKENDS/HOLIDAY,21,TRAIN,NS15,2946,6160
2024-08,WEEKDAY,12,TRAIN,NE16/STC,43383,38529
2024-08,WEEKENDS/HOLIDAY,12,TRAIN,NE16/STC,26278,21498
2024-08,WEEKDAY,21,TRAIN,EW31,2843,1991
2024-08,WEEKENDS/HOLIDAY,21,TRAIN,EW31,600,1588
2024-08,WEEKENDS/HOLIDAY,18,TRAIN,DT10/TE11,4558,3732
2024-08,WEEKDAY,18,TRAIN,DT10/TE11,19046,19192
2024-08,WEEKDAY,6,TRAIN,PW4,9248,1101
2024-08,WEEKENDS/HOLIDAY,6,TRAIN,PW4,976,229
2024-08,WEEKENDS/HOLIDAY,10,TRAIN,TE1,1862,727
2024-08,WEEKDAY,10,TRAIN,TE1,5642,3981
2024-08,WEEKDAY,8,TRAIN,NE15,88060,11155
2024-08,WEEKENDS/HOLIDAY,8,TRAIN,NE15,11594,4157
2024-08,WEEKENDS/HOLIDAY,17,TRAIN,NS16,21431,26641
2024-08,WEEKDAY,17,TRAIN,NS16,60454,83221
2024-08,WEEKENDS/HOLIDAY,22,TRAIN,EW6,1420,5725
2024-08,WEEKDAY,22,TRAIN,EW6,3365,13689
2024-08,WEEKENDS/HOLIDAY,8,TRAIN,EW18,6588,7539
2024-08,WEEKDAY,8,TRAIN,EW18,45528,57674
2024-08,WEEKENDS/HOLIDAY,18,TRAIN,TE3,4246,4424
2024-08,WEEKDAY,18,TRAIN,TE3,22127,29855
2024-08,WEEKDAY,9,TRAIN,CC17/TE9,11515,11879
2024-08,WEEKENDS/HOLIDAY,9,TRAIN,CC17/TE9,2765,2141
2024-08,WEEKDAY,16,TRAIN,CC19/DT9,8787,7796
2024-08,WEEKENDS/HOLIDAY,16,TRAIN,CC19/DT9,5694,5681
2024-08,WEEKENDS/HOLIDAY,16,TRAIN,SW2,3481,3419
2024-08,WEEKDAY,16,TRAIN,SW2,5380,7321
2024-08,WEEKENDS/HOLIDAY,23,TRAIN,SE1,201,1361
2024-08,WEEKDAY,23,TRAIN,SE1,393,2643
2024-08,WEEKENDS/HOLIDAY,10,TRAIN,TE8,4807,5568
2024-08,WEEKDAY,10,TRAIN,TE8,6960,8016
2024-08,WEEKENDS/HOLIDAY,23,TRAIN,NE16/STC,2207,9984
2024-08,WEEKDAY,23,TRAIN,NE16/STC,4538,21713
2024-08,WEEKENDS/HOLIDAY,8,TRAIN,SE5,1467,916
2024-08,WEEKDAY,8,TRAIN,SE5,6642,2220
2024-08,WEEKDAY,15,TRAIN,NE8,27030,27881
2024-08,WEEKENDS/HOLIDAY,15,TRAIN,NE8,20869,22860
2024-08,WEEKENDS/HOLIDAY,18,TRAIN,NS11,18499,25177
2024-08,WEEKDAY,18,TRAIN,NS11,59998,134579
2024-08,WEEKENDS/HOLIDAY,7,TRAIN,TE16,1850,1475
2024-08,WEEKDAY,7,TRAIN,TE16,11050,7444
2024-08,WEEKDAY,0,TRAIN,EW17,82,785
2024-08,WEEKENDS/HOLIDAY,0,TRAIN,EW17,26,493
2024-08,WEEKENDS/HOLIDAY,11,TRAIN,CC4/DT15,4704,14317
2024-08,WEEKDAY,11,TRAIN,CC4/DT15,13668,27963
2024-08,WEEKENDS/HOLIDAY,17,TRAIN,NS18,7104,7111
2024-08,WEEKDAY,17,TRAIN,NS18,22643,21740
2024-08,WEEKDAY,16,TRAIN,NS2,25331,33612
2024-08,WEEKENDS/HOLIDAY,16,TRAIN,NS2,12373,13759
2024-08,WEEKENDS/HOLIDAY,22,TRAIN,CC11,2844,3229
2024-08,WEEKDAY,22,TRAIN,CC11,10385,6787
2024-08,WEEKDAY,11,TRAIN,DT27,7491,5708
2024-08,WEEKENDS/HOLIDAY,11,TRAIN,DT27,4104,2500
2024-08,WEEKENDS/HOLIDAY,13,TRAIN,TE14/NS22,42685,61391
2024-08,WEEKDAY,13,TRAIN,TE14/NS22,80735,81752
2024-08,WEEKDAY,6,TRAIN,CC10/DT26,17961,8011
2024-08,WEEKENDS/HOLIDAY,6,TRAIN,CC10/DT26,3678,1375
2024-08,WEEKENDS/HOLIDAY,16,TRAIN,NS4/BP1,17398,20253
2024-08,WEEKDAY,16,TRAIN,NS4/BP1,37253,49426
2024-08,WEEKDAY,19,TRAIN,BP3,2901,12531
2024-08,WEEKENDS/HOLIDAY,19,TRAIN,BP3,1149,2482
2024-08,WEEKDAY,0,TRAIN,EW11,188,734
2024-08,WEEKENDS/HOLIDAY,0,TRAIN,EW11,63,328
2024-08,WEEKENDS/HOLIDAY,22,TRAIN,TE3,1184,4948
2024-08,WEEKDAY,22,TRAIN,TE3,2860,10769
2024-08,WEEKENDS/HOLIDAY,14,TRAIN,NS2,12429,12263
2024-08,WEEKDAY,14,TRAIN,NS2,20991,22748
2024-08,WEEKDAY,5,TRAIN,DT31,2285,84
2024-08,WEEKENDS/HOLIDAY,5,TRAIN,DT31,447,21
2024-08,WEEKDAY,21,TRAIN,CC5,4598,4043
2024-08,WEEKENDS/HOLIDAY,21,TRAIN,CC5,2500,2207
2024-08,WEEKENDS/HOLIDAY,15,TRAIN,NE13,12476,11277
2024-08,WEEKDAY,15,TRAIN,NE13,26253,23166
2024-08,WEEKDAY,21,TRAIN,NE13,16816,26460
2024-08,WEEKENDS/HOLIDAY,21,TRAIN,NE13,6515,10907
2024-08,WEEKDAY,12,TRAIN,NS9/TE2,49568,52407
2024-08,WEEKENDS/HOLIDAY,12,TRAIN,NS9/TE2,29468,28826
2024-08,WEEKENDS/HOLIDAY,14,TRAIN,CC5,2927,3277
2024-08,WEEKDAY,14,TRAIN,CC5,4266,4220
2024-08,WEEKENDS/HOLIDAY,16,TRAIN,PE5,2720,2641
2024-08,WEEKDAY,16,TRAIN,PE5,5340,7544
2024-08,WEEKDAY,9,TRAIN,NE9,33299,31261
2024-08,WEEKENDS/HOLIDAY,9,TRAIN,NE9,12490,7716
2024-08,WEEKDAY,17,TRAIN,BP10,3395,6650
2024-08,WEEKENDS/HOLIDAY,17,TRAIN,BP10,1425,1738
2024-08,WEEKENDS/HOLIDAY,11,TRAIN,DT29,3975,1607
2024-08,WEEKDAY,11,TRAIN,DT29,6412,2831
2024-08,WEEKDAY,12,TRAIN,NS19,41040,34574
2024-08,WEEKENDS/HOLIDAY,12,TRAIN,NS19,21794,16126
2024-08,WEEKENDS/HOLIDAY,11,TRAIN,EW12/DT14,20707,43208
2024-08,WEEKDAY,11,TRAIN,EW12/DT14,38455,71160
2024-08,WEEKENDS/HOLIDAY,14,TRAIN,DT10/TE11,3542,3054
2024-08,WEEKDAY,14,TRAIN,DT10/TE11,16521,6657
2024-08,WEEKENDS/HOLIDAY,19,TRAIN,TE1,1778,3007
2024-08,WEEKDAY,19,TRAIN,TE1,9813,7787
2024-08,WEEKENDS/HOLIDAY,11,TRAIN,SE1,2608,1469
2024-08,WEEKDAY,11,TRAIN,SE1,4347,2524
2024-08,WEEKENDS/HOLIDAY,22,TRAIN,EW3,2901,8013
2024-08,WEEKDAY,22,TRAIN,EW3,5849,18691
2024-08,WEEKDAY,16,TRAIN,EW26,29727,32284
2024-08,WEEKENDS/HOLIDAY,16,TRAIN,EW26,14825,15388
2024-08,WEEKDAY,8,TRAIN,NS19,86663,72866
2024-08,WEEKENDS/HOLIDAY,8,TRAIN,NS19,14409,11089
2024-08,WEEKENDS/HOLIDAY,18,TRAIN,SW3,895,1175
2024-08,WEEKDAY,18,TRAIN,SW3,2403,5766
2024-08,WEEKENDS/HOLIDAY,7,TRAIN,SW5,2547,893
2024-08,WEEKDAY,7,TRAIN,SW5,26009,7287
2024-08,WEEKENDS/HOLIDAY,18,TRAIN,NE15,10246,13770
2024-08,WEEKDAY,18,TRAIN,NE15,24491,79121
2024-08,WEEKDAY,21,TRAIN,SE3,726,5179
2024-08,WEEKENDS/HOLIDAY,21,TRAIN,SE3,553,2144
2024-08,WEEKDAY,22,TRAIN,PW1,736,111
2024-08,WEEKENDS/HOLIDAY,22,TRAIN,PW1,470,89
2024-08,WEEKENDS/HOLIDAY,5,TRAIN,CC19/DT9,73,79
2024-08,WEEKDAY,5,TRAIN,CC19/DT9,303,486
2024-08,WEEKENDS/HOLIDAY,5,TRAIN,NE16/STC,1900,508
2024-08,WEEKDAY,5,TRAIN,NE16/STC,10636,2744
2024-08,WEEKENDS/HOLIDAY,16,TRAIN,DT6,3859,2828
2024-08,WEEKDAY,16,TRAIN,DT6,10732,6759
2024-08,WEEKDAY,5,TRAIN,BP7,1342,400
2024-08,WEEKENDS/HOLIDAY,5,TRAIN,BP7,143,47
2024-08,WEEKDAY,19,TRAIN,PW5,2052,8690
2024-08,WEEKENDS/HOLIDAY,19,TRAIN,PW5,1133,3597
2024-08,WEEKENDS/HOLIDAY,9,TRAIN,PE1,2191,729
2024-08,WEEKDAY,9,TRAIN,PE1,5523,1594
2024-08,WEEKENDS/HOLIDAY,13,TRAIN,BP8,730,735
2024-08,WEEKDAY,13,TRAIN,BP8,2131,1558
2024-08,WEEKDAY,18,TRAIN,NE11,29212,39561
2024-08,WEEKENDS/HOLIDAY,18,TRAIN,NE11,8087,8316
2024-08,WEEKDAY,9,TRAIN,CC7,8694,7889
2024-08,WEEKENDS/HOLIDAY,9,TRAIN,CC7,3269,2069
2024-08,WEEKENDS/HOLIDAY,8,TRAIN,NS27/CE2/TE20,522,1004
2024-08,WEEKDAY,8,TRAIN,NS27/CE2/TE20,1802,32547
2024-08,WEEKENDS/HOLIDAY,18,TRAIN,EW10,8449,9933
2024-08,WEEKDAY,18,TRAIN,EW10,20648,36125
2024-08,WEEKDAY,9,TRAIN,NE7/DT12,19602,40420
2024-08,WEEKENDS/HOLIDAY,9,TRAIN,NE7/DT12,8293,19854
2024-08,WEEKDAY,19,TRAIN,TE13,7062,4984
2024-08,WEEKENDS/HOLIDAY,19,TRAIN,TE13,2278,1778
2024-08,WEEKENDS/HOLIDAY,16,TRAIN,SW3,937,1033
2024-08,WEEKDAY,16,TRAIN,SW3,2671,2661
2024-08,WEEKENDS/HOLIDAY,20,TRAIN,EW2/DT32,21996,25902
2024-08,WEEKDAY,20,TRAIN,EW2/DT32,51060,70807
2024-08,WEEKDAY,19,TRAIN,NE15,15913,64435
2024-08,WEEKENDS/HOLIDAY,19,TRAIN,NE15,7355,13627
2024-08,WEEKDAY,21,TRAIN,EW11,14955,20563
2024-08,WEEKENDS/HOLIDAY,21,TRAIN,EW11,6494,10255
2024-08,WEEKENDS/HOLIDAY,16,TRAIN,EW31,2656,756
2024-08,WEEKDAY,16,TRAIN,EW31,7537,828
2024-08,WEEKDAY,17,TRAIN,CC10/DT26,41457,19744
2024-08,WEEKENDS/HOLIDAY,17,TRAIN,CC10/DT26,9032,6770
2024-08,WEEKDAY,6,TRAIN,NS25/EW13,2272,16563
2024-08,WEEKENDS/HOLIDAY,6,TRAIN,NS25/EW13,1004,4962
2024-08,WEEKENDS/HOLIDAY,16,TRAIN,NS27/CE2/TE20,2736,4858
2024-08,WEEKDAY,16,TRAIN,NS27/CE2/TE20,7874,4416
2024-08,WEEKENDS/HOLIDAY,5,TRAIN,PE2,490,41
2024-08,WEEKDAY,5,TRAIN,PE2,2287,212
2024-08,WEEKENDS/HOLIDAY,17,TRAIN,PE7,2490,2142
2024-08,WEEKDAY,17,TRAIN,PE7,5118,6956
2024-08,WEEKENDS/HOLIDAY,23,TRAIN,CC16,396,1225
2024-08,WEEKDAY,23,TRAIN,CC16,835,2708
2024-08,WEEKENDS/HOLIDAY,17,TRAIN,EW11,11846,11228
2024-08,WEEKDAY,17,TRAIN,EW11,38788,24850
2024-08,WEEKDAY,5,TRAIN,NE17/PTC,11105,2166
2024-08,WEEKENDS/HOLIDAY,5,TRAIN,NE17/PTC,2220,469
2024-08,WEEKENDS/HOLIDAY,12,TRAIN,BP4,979,642
2024-08,WEEKDAY,12,TRAIN,BP4,5762,6545
2024-08,WEEKENDS/HOLIDAY,20,TRAIN,CC4/DT15,18048,6299
2024-08,WEEKDAY,20,TRAIN,CC4/DT15,35225,9484
2024-08,WEEKENDS/HOLIDAY,21,TRAIN,NS19,9058,20031
2024-08,WEEKDAY,21,TRAIN,NS19,23019,45456
2024-08,WEEKENDS/HOLIDAY,13,TRAIN,NS11,20029,17609
2024-08,WEEKDAY,13,TRAIN,NS11,30595,28508
2024-08,WEEKENDS/HOLIDAY,17,TRAIN,NS14,16930,16362
2024-08,WEEKDAY,17,TRAIN,NS14,43660,59250
2024-08,WEEKENDS/HOLIDAY,6,TRAIN,DT3,1037,545
2024-08,WEEKDAY,6,TRAIN,DT3,8726,1835
2024-08,WEEKDAY,5,TRAIN,CC5,570,8
2024-08,WEEKENDS/HOLIDAY,5,TRAIN,CC5,103,1
2024-08,WEEKDAY,12,TRAIN,EW12/DT14,49525,81374
2024-08,WEEKENDS/HOLIDAY,12,TRAIN,EW12/DT14,27532,48007
2024-08,WEEKDAY,0,TRAIN,NS13,1436,8286
2024-08,WEEKENDS/HOLIDAY,0,TRAIN,NS13,889,4459
2024-08,WEEKENDS/HOLIDAY,16,TRAIN,TE7,3592,2671
2024-08,WEEKDAY,16,TRAIN,TE7,8144,6258
2024-08,WEEKENDS/HOLIDAY,12,TRAIN,EW14/NS26,12028,14224
2024-08,WEEKDAY,12,TRAIN,EW14/NS26,69771,53010
2024-08,WEEKENDS/HOLIDAY,13,TRAIN,NE15,12095,10692
2024-08,WEEKDAY,13,TRAIN,NE15,20008,18073
2024-08,WEEKDAY,18,TRAIN,EW18,55753,47840
2024-08,WEEKENDS/HOLIDAY,18,TRAIN,EW18,8712,8557
2024-08,WEEKDAY,12,TRAIN,PE3,6726,5528
2024-08,WEEKENDS/HOLIDAY,12,TRAIN,PE3,4666,3017
2024-08,WEEKENDS/HOLIDAY,11,TRAIN,DT33,9248,3043
2024-08,WEEKDAY,11,TRAIN,DT33,16839,5411
2024-08,WEEKENDS/HOLIDAY,9,TRAIN,DT34,1633,1100
2024-08,WEEKDAY,9,TRAIN,DT34,7525,7103
2024-08,WEEKENDS/HOLIDAY,22,TRAIN,BP3,470,1912
2024-08,WEEKDAY,22,TRAIN,BP3,1103,4550
2024-08,WEEKENDS/HOLIDAY,16,TRAIN,DT23,2018,1576
2024-08,WEEKDAY,16,TRAIN,DT23,5549,3140
2024-08,WEEKDAY,23,TRAIN,CC26,817,909
2024-08,WEEKENDS/HOLIDAY,23,TRAIN,CC26,313,407
2024-08,WEEKENDS/HOLIDAY,12,TRAIN,EW6,6744,4938
2024-08,WEEKDAY,12,TRAIN,EW6,10515,9036
2024-08,WEEKENDS/HOLIDAY,16,TRAIN,NS15,6636,5447
2024-08,WEEKDAY,16,TRAIN,NS15,36413,13688
2024-08,WEEKENDS/HOLIDAY,10,TRAIN,NS17/CC15,20751,15471
2024-08,WEEKDAY,10,TRAIN,NS17/CC15,39216,27057
2024-08,WEEKDAY,8,TRAIN,PW5,6087,1900
2024-08,WEEKENDS/HOLIDAY,8,TRAIN,PW5,2172,664
2024-08,WEEKDAY,12,TRAIN,DT27,8395,6653
2024-08,WEEKENDS/HOLIDAY,12,TRAIN,DT27,4705,3239
2024-08,WEEKDAY,20,TRAIN,NE11,12995,16417
2024-08,WEEKENDS/HOLIDAY,20,TRAIN,NE11,4948,6499
2024-08,WEEKDAY,17,TRAIN,EW10,16269,20487
2024-08,WEEKENDS/HOLIDAY,17,TRAIN,EW10,8826,9513
2024-08,WEEKDAY,6,TRAIN,CC26,2109,12674
2024-08,WEEKENDS/HOLIDAY,6,TRAIN,CC26,370,2626
2024-08,WEEKDAY,16,TRAIN,BP9,1744,2602
2024-08,WEEKENDS/HOLIDAY,16,TRAIN,BP9,889,937
2024-08,WEEKENDS/HOLIDAY,12,TRAIN,NE1/CC29,17052,40158
2024-08,WEEKDAY,12,TRAIN,NE1/CC29,32530,72180
2024-08,WEEKDAY,16,TRAIN,SW5,7642,10258
2024-08,WEEKENDS/HOLIDAY,16,TRAIN,SW5,4162,4204
2024-08,WEEKENDS/HOLIDAY,13,TRAIN,DT20,2724,3484
2024-08,WEEKDAY,13,TRAIN,DT20,4868,7420
2024-08,WEEKENDS/HOLIDAY,18,TRAIN,NE9,11216,11339
2024-08,WEEKDAY,18,TRAIN,NE9,62107,50530
2024-08,WEEKDAY,13,TRAIN,TE6,11302,7894
2024-08,WEEKENDS/HOLIDAY,13,TRAIN,TE6,5243,4167
2024-08,WEEKENDS/HOLIDAY,5,TRAIN,EW22,112,49
2024-08,WEEKDAY,5,TRAIN,EW22,487,763
2024-08,WEEKDAY,9,TRAIN,EW3,25662,12457
2024-08,WEEKENDS/HOLIDAY,9,TRAIN,EW3,9504,4355
2024-08,WEEKENDS/HOLIDAY,6,TRAIN,BP5,411,244
2024-08,WEEKDAY,6,TRAIN,BP5,4299,1683
2024-08,WEEKENDS/HOLIDAY,11,TRAIN,PE5,3640,1670
2024-08,WEEKDAY,11,TRAIN,PE5,5861,3179
2024-08,WEEKENDS/HOLIDAY,12,TRAIN,PW5,2143,1240
2024-08,WEEKDAY,12,TRAIN,PW5,2410,2024
2024-08,WEEKDAY,15,TRAIN,BP9,1430,2205
2024-08,WEEKENDS/HOLIDAY,15,TRAIN,BP9,943,873
2024-08,WEEKDAY,9,TRAIN,DT21,7967,16417
2024-08,WEEKENDS/HOLIDAY,9,TRAIN,DT21,2775,3682
2024-08,WEEKDAY,20,TRAIN,CC24,34241,6243
2024-08,WEEKENDS/HOLIDAY,20,TRAIN,CC24,5376,2927
2024-08,WEEKENDS/HOLIDAY,5,TRAIN,EW19,432,82
2024-08,WEEKDAY,5,TRAIN,EW19,3732,439
2024-08,WEEKENDS/HOLIDAY,15,TRAIN,SW1,1401,910
2024-08,WEEKDAY,15,TRAIN,SW1,3669,3029
2024-08,WEEKENDS/HOLIDAY,0,TRAIN,SW5,54,607
2024-08,WEEKDAY,0,TRAIN,SW5,80,1209
2024-08,WEEKDAY,18,TRAIN,EW8/CC9,135082,122470
2024-08,WEEKENDS/HOLIDAY,18,TRAIN,EW8/CC9,42542,32714
2024-08,WEEKENDS/HOLIDAY,5,TRAIN,PE3,351,107
2024-08,WEEKDAY,5,TRAIN,PE3,1699,357
2024-08,WEEKENDS/HOLIDAY,5,TRAIN,SW4,234,1
2024-08,WEEKDAY,5,TRAIN,SW4,1190,35
2024-08,WEEKDAY,11,TRAIN,TE7,6787,3959
2024-08,WEEKENDS/HOLIDAY,11,TRAIN,TE7,4670,2715
2024-08,WEEKDAY,15,TRAIN,EW17,20444,25647
2024-08,WEEKENDS/HOLIDAY,15,TRAIN,EW17,12266,12489
2024-08,WEEKDAY,20,TRAIN,BP8,1487,2205
2024-08,WEEKENDS/HOLIDAY,20,TRAIN,BP8,612,713
2024-08,WEEKENDS/HOLIDAY,21,TRAIN,DT8,869,1512
2024-08,WEEKDAY,21,TRAIN,DT8,2382,2834
2024-08,WEEKDAY,23,TRAIN,BP2,120,945
2024-08,WEEKENDS/HOLIDAY,23,TRAIN,BP2,75,475
2024-08,WEEKDAY,7,TRAIN,EW11,21972,23486
2024-08,WEEKENDS/HOLIDAY,7,TRAIN,EW11,5115,4454
2024-08,WEEKDAY,18,TRAIN,CC16,25615,18012
2024-08,WEEKENDS/HOLIDAY,18,TRAIN,CC16,3472,2849
2024-08,WEEKDAY,5,TRAIN,CC25,1102,345
2024-08,WEEKENDS/HOLIDAY,5,TRAIN,CC25,339,61
2024-08,WEEKDAY,5,TRAIN,EW8/CC9,3072,1351
2024-08,WEEKENDS/HOLIDAY,5,TRAIN,EW8/CC9,684,199
2024-08,WEEKDAY,11,TRAIN,NE8,22002,26127
2024-08,WEEKENDS/HOLIDAY,11,TRAIN,NE8,13892,20386
2024-08,WEEKENDS/HOLIDAY,0,TRAIN,NS2,263,1649
2024-08,WEEKDAY,0,TRAIN,NS2,497,3179
2024-08,WEEKDAY,7,TRAIN,SE1,14077,12860
2024-08,WEEKENDS/HOLIDAY,7,TRAIN,SE1,1657,613
2024-08,WEEKDAY,18,TRAIN,DT23,25751,10474
2024-08,WEEKENDS/HOLIDAY,18,TRAIN,DT23,2382,1840
2024-08,WEEKENDS/HOLIDAY,15,TRAIN,DT21,4355,4379
2024-08,WEEKDAY,15,TRAIN,DT21,9094,7829
2024-08,WEEKENDS/HOLIDAY,13,TRAIN,TE22,1898,4601
2024-08,WEEKDAY,13,TRAIN,TE22,2410,4959
2024-08,WEEKDAY,21,TRAIN,NS14,20635,45819
2024-08,WEEKENDS/HOLIDAY,21,TRAIN,NS14,8841,18830
2024-08,WEEKENDS/HOLIDAY,11,TRAIN,NE15,13230,7506
2024-08,WEEKDAY,11,TRAIN,NE15,19890,11097
2024-08,WEEKENDS/HOLIDAY,7,TRAIN,EW29,4048,16463
2024-08,WEEKDAY,7,TRAIN,EW29,12448,122476
2024-08,WEEKENDS/HOLIDAY,7,TRAIN,NS28,241,931
2024-08,WEEKDAY,7,TRAIN,NS28,1438,2816
2024-08,WEEKDAY,6,TRAIN,EW26,73067,31265
2024-08,WEEKENDS/HOLIDAY,6,TRAIN,EW26,12954,4735
2024-08,WEEKDAY,18,TRAIN,NS28,2162,1222
2024-08,WEEKENDS/HOLIDAY,18,TRAIN,NS28,4000,1201
2024-08,WEEKDAY,6,TRAIN,PE5,13312,1883
2024-08,WEEKENDS/HOLIDAY,6,TRAIN,PE5,1297,184
2024-08,WEEKENDS/HOLIDAY,10,TRAIN,NS12,9697,4330
2024-08,WEEKDAY,10,TRAIN,NS12,14873,6271
2024-08,WEEKENDS/HOLIDAY,21,TRAIN,EW29,3200,5376
2024-08,WEEKDAY,21,TRAIN,EW29,10841,4959
2024-08,WEEKENDS/HOLIDAY,13,TRAIN,EW28,14737,9276
2024-08,WEEKDAY,13,TRAIN,EW28,25270,19336
2024-08,WEEKDAY,7,TRAIN,TE18,2558,8037
2024-08,WEEKENDS/HOLIDAY,7,TRAIN,TE18,586,1624
2024-08,WEEKDAY,11,TRAIN,TE16,8539,5204
2024-08,WEEKENDS/HOLIDAY,11,TRAIN,TE16,5593,3437
2024-08,WEEKDAY,18,TRAIN,NS2,54786,98179
2024-08,WEEKENDS/HOLIDAY,18,TRAIN,NS2,13073,16530
2024-08,WEEKDAY,10,TRAIN,BP13,1599,659
2024-08,WEEKENDS/HOLIDAY,10,TRAIN,BP13,851,424
2024-08,WEEKENDS/HOLIDAY,23,TRAIN,NS14,4413,10656
2024-08,WEEKDAY,23,TRAIN,NS14,8609,21832
2024-08,WEEKDAY,5,TRAIN,CC16,1159,308
2024-08,WEEKENDS/HOLIDAY,5,TRAIN,CC16,250,43
2024-08,WEEKDAY,14,TRAIN,CC28,2830,3209
2024-08,WEEKENDS/HOLIDAY,14,TRAIN,CC28,2195,1812
2024-08,WEEKENDS/HOLIDAY,12,TRAIN,EW28,16087,8139
2024-08,WEEKDAY,12,TRAIN,EW28,24808,17803
2024-08,WEEKDAY,20,TRAIN,CC3,14517,3632
2024-08,WEEKENDS/HOLIDAY,20,TRAIN,CC3,13975,2622
2024-08,WEEKENDS/HOLIDAY,8,TRAIN,CC21,2197,3801
2024-08,WEEKDAY,8,TRAIN,CC21,14104,13078
2024-08,WEEKENDS/HOLIDAY,23,TRAIN,CC21,1597,1087
2024-08,WEEKDAY,23,TRAIN,CC21,3666,2281
2024-08,WEEKENDS/HOLIDAY,16,TRAIN,NE1/CC29,38560,32351
2024-08,WEEKDAY,16,TRAIN,NE1/CC29,63674,42042
2024-08,WEEKENDS/HOLIDAY,0,TRAIN,CC19/DT9,52,149
2024-08,WEEKDAY,0,TRAIN,CC19/DT9,74,262
2024-08,WEEKENDS/HOLIDAY,9,TRAIN,NS18,9388,3600
2024-08,WEEKDAY,9,TRAIN,NS18,25660,13908
2024-08,WEEKENDS/HOLIDAY,23,TRAIN,DT31,523,2655
2024-08,WEEKDAY,23,TRAIN,DT31,1199,5419
2024-08,WEEKENDS/HOLIDAY,18,TRAIN,DT29,3310,3846
2024-08,WEEKDAY,18,TRAIN,DT29,12947,26466
2024-08,WEEKDAY,17,TRAIN,CC11,78698,15723
2024-08,WEEKENDS/HOLIDAY,17,TRAIN,CC11,9507,6353
2024-08,WEEKDAY,9,TRAIN,BP9,3544,2570
2024-08,WEEKENDS/HOLIDAY,9,TRAIN,BP9,1745,952
2024-08,WEEKDAY,15,TRAIN,BP6/DT1,29078,38444
2024-08,WEEKENDS/HOLIDAY,15,TRAIN,BP6/DT1,19055,18100
2024-08,WEEKDAY,9,TRAIN,BP6/DT1,63877,30055
2024-08,WEEKENDS/HOLIDAY,9,TRAIN,BP6/DT1,21800,12176
2024-08,WEEKENDS/HOLIDAY,8,TRAIN,NS25/EW13,3144,20306
2024-08,WEEKDAY,8,TRAIN,NS25/EW13,12682,105801
2024-08,WEEKENDS/HOLIDAY,22,TRAIN,CC26,736,867
2024-08,WEEKDAY,22,TRAIN,CC26,2375,1953
2024-08,WEEKDAY,11,TRAIN,DT8,7479,2880
2024-08,WEEKENDS/HOLIDAY,11,TRAIN,DT8,2079,1382
2024-08,WEEKENDS/HOLIDAY,9,TRAIN,NE14,20021,7596
2024-08,WEEKDAY,9,TRAIN,NE14,57822,15481
2024-08,WEEKDAY,15,TRAIN,BP10,1920,3809
2024-08,WEEKENDS/HOLIDAY,15,TRAIN,BP10,1232,1644
2024-08,WEEKENDS/HOLIDAY,21,TRAIN,EW2/DT32,20172,24299
2024-08,WEEKDAY,21,TRAIN,EW2/DT32,46498,53787
2024-08,WEEKDAY,22,TRAIN,NS27/CE2/TE20,3632,1732
2024-08,WEEKENDS/HOLIDAY,22,TRAIN,NS27/CE2/TE20,1750,927
2024-08,WEEKENDS/HOLIDAY,12,TRAIN,EW27,25062,21809
2024-08,WEEKDAY,12,TRAIN,EW27,35997,38899
2024-08,WEEKENDS/HOLIDAY,18,TRAIN,EW2/DT32,31308,36552
2024-08,WEEKDAY,18,TRAIN,EW2/DT32,100679,195077
2024-08,WEEKDAY,14,TRAIN,SE3,2276,3124
2024-08,WEEKENDS/HOLIDAY,14,TRAIN,SE3,1370,1353
2024-08,WEEKENDS/HOLIDAY,8,TRAIN,PE7,2621,1257
2024-08,WEEKDAY,8,TRAIN,PE7,10933,3725
2024-08,WEEKENDS/HOLIDAY,10,TRAIN,DT31,4447,2111
2024-08,WEEKDAY,10,TRAIN,DT31,8013,4341
2024-08,WEEKENDS/HOLIDAY,12,TRAIN,PW7,1677,1510
2024-08,WEEKDAY,12,TRAIN,PW7,2365,2384
2024-08,WEEKDAY,0,TRAIN,NS3,256,2554
2024-08,WEEKENDS/HOLIDAY,0,TRAIN,NS3,124,1329
2024-08,WEEKENDS/HOLIDAY,21,TRAIN,PE1,474,2495
2024-08,WEEKDAY,21,TRAIN,PE1,1027,5387
2024-08,WEEKENDS/HOLIDAY,7,TRAIN,PW7,867,1034
2024-08,WEEKDAY,7,TRAIN,PW7,8310,9405
2024-08,WEEKDAY,23,TRAIN,NS2,3724,12567
2024-08,WEEKENDS/HOLIDAY,23,TRAIN,NS2,1843,6721
2024-08,WEEKENDS/HOLIDAY,19,TRAIN,EW28,10444,15283
2024-08,WEEKDAY,19,TRAIN,EW28,30496,57192
2024-08,WEEKDAY,16,TRAIN,DT28,8772,8064
2024-08,WEEKENDS/HOLIDAY,16,TRAIN,DT28,4889,4127
2024-08,WEEKDAY,5,TRAIN,NS10,24403,3229
2024-08,WEEKENDS/HOLIDAY,5,TRAIN,NS10,5671,746
2024-08,WEEKENDS/HOLIDAY,20,TRAIN,DT20,3814,3576
2024-08,WEEKDAY,20,TRAIN,DT20,10194,8703
2024-08,WEEKDAY,22,TRAIN,EW24/NS1,48631,23828
2024-08,WEEKENDS/HOLIDAY,22,TRAIN,EW24/NS1,24441,12481
2024-08,WEEKDAY,20,TRAIN,SW4,1356,5623
2024-08,WEEKENDS/HOLIDAY,20,TRAIN,SW4,661,1890
2024-08,WEEKDAY,9,TRAIN,CC8,13022,6961
2024-08,WEEKENDS/HOLIDAY,9,TRAIN,CC8,4060,2966
2024-08,WEEKENDS/HOLIDAY,12,TRAIN,EW23,25693,20616
2024-08,WEEKDAY,12,TRAIN,EW23,45070,42221
2024-08,WEEKENDS/HOLIDAY,14,TRAIN,TE1,1589,1041
2024-08,WEEKDAY,14,TRAIN,TE1,6642,4502
2024-08,WEEKENDS/HOLIDAY,16,TRAIN,BP8,691,671
2024-08,WEEKDAY,16,TRAIN,BP8,2015,1790
2024-08,WEEKENDS/HOLIDAY,21,TRAIN,NS4/BP1,10053,19982
2024-08,WEEKDAY,21,TRAIN,NS4/BP1,22945,45843
2024-08,WEEKENDS/HOLIDAY,10,TRAIN,EW22,2950,1938
2024-08,WEEKDAY,10,TRAIN,EW22,9416,14388
2024-08,WEEKENDS/HOLIDAY,5,TRAIN,PW4,372,3
2024-08,WEEKDAY,5,TRAIN,PW4,2075,55
2024-08,WEEKENDS/HOLIDAY,16,TRAIN,EW11,10794,10589
2024-08,WEEKDAY,16,TRAIN,EW11,19617,17970
2024-08,WEEKENDS/HOLIDAY,10,TRAIN,NE16/STC,23812,14039
2024-08,WEEKDAY,10,TRAIN,NE16/STC,43074,25098
2024-08,WEEKENDS/HOLIDAY,17,TRAIN,BP11,1484,1664
2024-08,WEEKDAY,17,TRAIN,BP11,3335,6277
2024-08,WEEKDAY,6,TRAIN,DT24,8424,3144
2024-08,WEEKENDS/HOLIDAY,6,TRAIN,DT24,1665,663
2024-08,WEEKDAY,17,TRAIN,EW22,31325,13912
2024-08,WEEKENDS/HOLIDAY,17,TRAIN,EW22,3011,3049
2024-08,WEEKDAY,17,TRAIN,TE22,3968,8733
2024-08,WEEKENDS/HOLIDAY,17,TRAIN,TE22,3953,10402
2024-08,WEEKENDS/HOLIDAY,7,TRAIN,NS10,20366,8724
2024-08,WEEKDAY,7,TRAIN,NS10,170656,60087
2024-08,WEEKENDS/HOLIDAY,18,TRAIN,PW7,1514,1675
2024-08,WEEKDAY,18,TRAIN,PW7,4975,6910
2024-08,WEEKENDS/HOLIDAY,21,TRAIN,NE1/CC29,48873,10233
2024-08,WEEKDAY,21,TRAIN,NE1/CC29,93282,19078
2024-08,WEEKENDS/HOLIDAY,16,TRAIN,SE1,1813,2004
2024-08,WEEKDAY,16,TRAIN,SE1,4452,4840
2024-08,WEEKDAY,22,TRAIN,DT5,6536,14281
2024-08,WEEKENDS/HOLIDAY,22,TRAIN,DT5,2344,6903
2024-08,WEEKENDS/HOLIDAY,0,TRAIN,CC11,38,279
2024-08,WEEKDAY,0,TRAIN,CC11,130,580
2024-08,WEEKENDS/HOLIDAY,9,TRAIN,EW21/CC22,6378,8135
2024-08,WEEKDAY,9,TRAIN,EW21/CC22,18935,76500
2024-08,WEEKDAY,11,TRAIN,CC3,4669,10851
2024-08,WEEKENDS/HOLIDAY,11,TRAIN,CC3,2595,6915
2024-08,WEEKENDS/HOLIDAY,10,TRAIN,TE22,817,3877
2024-08,WEEKDAY,10,TRAIN,TE22,701,5395
2024-08,WEEKDAY,0,TRAIN,NE13,169,1654
2024-08,WEEKENDS/HOLIDAY,0,TRAIN,NE13,61,831
2024-08,WEEKDAY,0,TRAIN,NS4/BP1,1061,3857
2024-08,WEEKENDS/HOLIDAY,0,TRAIN,NS4/BP1,502,2247
2024-08,WEEKENDS/HOLIDAY,8,TRAIN,BP6/DT1,19765,11531
2024-08,WEEKDAY,8,TRAIN,BP6/DT1,144933,60052
2024-08,WEEKENDS/HOLIDAY,19,TRAIN,CC19/DT9,4916,2640
2024-08,WEEKDAY,19,TRAIN,CC19/DT9,10121,9265
2024-08,WEEKENDS/HOLIDAY,21,TRAIN,BP2,391,1704
2024-08,WEEKDAY,21,TRAIN,BP2,778,3990
2024-08,WEEKENDS/HOLIDAY,15,TRAIN,EW5,16731,16848
2024-08,WEEKDAY,15,TRAIN,EW5,26187,31729
2024-08,WEEKDAY,6,TRAIN,CE1/DT16,5832,23152
2024-08,WEEKENDS/HOLIDAY,6,TRAIN,CE1/DT16,5462,9610
2024-08,WEEKENDS/HOLIDAY,20,TRAIN,EW3,5241,10002
2024-08,WEEKDAY,20,TRAIN,EW3,12045,26689
2024-08,WEEKENDS/HOLIDAY,8,TRAIN,DT7,1453,1737
2024-08,WEEKDAY,8,TRAIN,DT7,8331,15299
2024-08,WEEKDAY,20,TRAIN,NS7,20462,35040
2024-08,WEEKENDS/HOLIDAY,20,TRAIN,NS7,15835,13909
2024-08,WEEKDAY,12,TRAIN,EW21/CC22,27902,24427
2024-08,WEEKENDS/HOLIDAY,12,TRAIN,EW21/CC22,10475,10091
2024-08,WEEKDAY,0,TRAIN,EW6,101,916
2024-08,WEEKENDS/HOLIDAY,0,TRAIN,EW6,30,481
2024-08,WEEKDAY,8,TRAIN,DT33,84110,16210
2024-08,WEEKENDS/HOLIDAY,8,TRAIN,DT33,9007,2667
2024-08,WEEKENDS/HOLIDAY,17,TRAIN,SE5,1431,1457
2024-08,WEEKDAY,17,TRAIN,SE5,3638,4220
2024-08,WEEKENDS/HOLIDAY,7,TRAIN,EW21/CC22,3211,6484
2024-08,WEEKDAY,7,TRAIN,EW21/CC22,25643,66757
2024-08,WEEKDAY,20,TRAIN,SE4,1870,5433
2024-08,WEEKENDS/HOLIDAY,20,TRAIN,SE4,848,1812
2024-08,WEEKENDS/HOLIDAY,10,TRAIN,CC26,1400,845
2024-08,WEEKDAY,10,TRAIN,CC26,3404,3511
2024-08,WEEKENDS/HOLIDAY,18,TRAIN,EW14/NS26,13809,23676
2024-08,WEEKDAY,18,TRAIN,EW14/NS26,362736,49227
2024-08,WEEKDAY,17,TRAIN,EW15,123068,32350
2024-08,WEEKENDS/HOLIDAY,17,TRAIN,EW15,12537,10421
2024-08,WEEKDAY,10,TRAIN,NS11,37126,15797
2024-08,WEEKENDS/HOLIDAY,10,TRAIN,NS11,23158,9956
2024-08,WEEKDAY,20,TRAIN,PW5,1109,6511
2024-08,WEEKENDS/HOLIDAY,20,TRAIN,PW5,689,3450
2024-08,WEEKDAY,5,TRAIN,DT18,73,0
2024-08,WEEKENDS/HOLIDAY,5,TRAIN,DT18,8,1
2024-08,WEEKENDS/HOLIDAY,17,TRAIN,DT23,2219,1891
2024-08,WEEKDAY,17,TRAIN,DT23,16818,5314
2024-08,WEEKDAY,9,TRAIN,CC21,9693,12500
2024-08,WEEKENDS/HOLIDAY,9,TRAIN,CC21,2996,5960
2024-08,WEEKDAY,17,TRAIN,EW27,93546,107064
2024-08,WEEKENDS/HOLIDAY,17,TRAIN,EW27,28168,35776
2024-08,WEEKDAY,18,TRAIN,NS13,74601,196348
2024-08,WEEKENDS/HOLIDAY,18,TRAIN,NS13,24233,35627
2024-08,WEEKDAY,6,TRAIN,CC24,1025,20555
2024-08,WEEKENDS/HOLIDAY,6,TRAIN,CC24,287,3854
2024-08,WEEKENDS/HOLIDAY,7,TRAIN,CC19/DT9,1009,2865
2024-08,WEEKDAY,7,TRAIN,CC19/DT9,8453,12801
2024-08,WEEKDAY,6,TRAIN,NE5,1255,5619
2024-08,WEEKENDS/HOLIDAY,6,TRAIN,NE5,630,1051
2024-08,WEEKDAY,15,TRAIN,DT3,8908,7628
2024-08,WEEKENDS/HOLIDAY,15,TRAIN,DT3,3915,3425
2024-08,WEEKDAY,9,TRAIN,DT29,15756,4943
2024-08,WEEKENDS/HOLIDAY,9,TRAIN,DT29,4529,1418
2024-08,WEEKENDS/HOLIDAY,11,TRAIN,NS19,21225,15278
2024-08,WEEKDAY,11,TRAIN,NS19,37153,29140
2024-08,WEEKDAY,9,TRAIN,SW3,3285,1266
2024-08,WEEKENDS/HOLIDAY,9,TRAIN,SW3,1504,486
2024-08,WEEKDAY,14,TRAIN,SW8,2676,2315
2024-08,WEEKENDS/HOLIDAY,14,TRAIN,SW8,1101,917
2024-08,WEEKDAY,15,TRAIN,CC23,14434,5960
2024-08,WEEKENDS/HOLIDAY,15,TRAIN,CC23,2345,1616
2024-08,WEEKENDS/HOLIDAY,15,TRAIN,DT25,1678,1880
2024-08,WEEKDAY,15,TRAIN,DT25,3521,4142
2024-08,WEEKDAY,18,TRAIN,NE14,44701,102570
2024-08,WEEKENDS/HOLIDAY,18,TRAIN,NE14,15095,17797
2024-08,WEEKDAY,17,TRAIN,CC23,70921,7514
2024-08,WEEKENDS/HOLIDAY,17,TRAIN,CC23,3065,1569
2024-08,WEEKENDS/HOLIDAY,12,TRAIN,DT29,3845,2036
2024-08,WEEKDAY,12,TRAIN,DT29,5870,3872
2024-08,WEEKDAY,11,TRAIN,DT25,3657,2764
2024-08,WEEKENDS/HOLIDAY,11,TRAIN,DT25,2078,1176
2024-08,WEEKENDS/HOLIDAY,11,TRAIN,CC25,3354,1903
2024-08,WEEKDAY,11,TRAIN,CC25,7376,5094
2024-08,WEEKENDS/HOLIDAY,7,TRAIN,PW5,3171,742
2024-08,WEEKDAY,7,TRAIN,PW5,11121,7001
2024-08,WEEKDAY,18,TRAIN,CC17/TE9,22395,19198
2024-08,WEEKENDS/HOLIDAY,18,TRAIN,CC17/TE9,2720,2486
2024-08,WEEKENDS/HOLIDAY,18,TRAIN,EW20,6042,6321
2024-08,WEEKDAY,18,TRAIN,EW20,39583,31107
2024-08,WEEKDAY,19,TRAIN,CC23,50069,6998
2024-08,WEEKENDS/HOLIDAY,19,TRAIN,CC23,2165,1709
2024-08,WEEKENDS/HOLIDAY,5,TRAIN,CC20,103,59
2024-08,WEEKDAY,5,TRAIN,CC20,499,261
2024-08,WEEKDAY,7,TRAIN,PE4,6264,1848
2024-08,WEEKENDS/HOLIDAY,7,TRAIN,PE4,523,293
2024-08,WEEKDAY,7,TRAIN,CC21,12112,12910
2024-08,WEEKENDS/HOLIDAY,7,TRAIN,CC21,1323,2178
2024-08,WEEKDAY,5,TRAIN,SE4,1518,113
2024-08,WEEKENDS/HOLIDAY,5,TRAIN,SE4,294,32
2024-08,WEEKENDS/HOLIDAY,8,TRAIN,NE5,1313,3516
2024-08,WEEKDAY,8,TRAIN,NE5,4613,51169
2024-08,WEEKENDS/HOLIDAY,20,TRAIN,PE2,886,3510
2024-08,WEEKDAY,20,TRAIN,PE2,1809,9648
2024-08,WEEKDAY,8,TRAIN,NE7/DT12,24632,61022
2024-08,WEEKENDS/HOLIDAY,8,TRAIN,NE7/DT12,6414,12210
2024-08,WEEKDAY,23,TRAIN,EW23,8603,15567
2024-08,WEEKENDS/HOLIDAY,23,TRAIN,EW23,3428,8533
2024-08,WEEKENDS/HOLIDAY,12,TRAIN,DT5,11135,6718
2024-08,WEEKDAY,12,TRAIN,DT5,14075,11516
2024-08,WEEKDAY,17,TRAIN,NS12,22194,29873
2024-08,WEEKENDS/HOLIDAY,17,TRAIN,NS12,8449,8940
2024-08,WEEKENDS/HOLIDAY,15,TRAIN,PW6,683,696
2024-08,WEEKDAY,15,TRAIN,PW6,1380,1889
2024-08,WEEKENDS/HOLIDAY,21,TRAIN,NS11,9307,25951
2024-08,WEEKDAY,21,TRAIN,NS11,20331,57624
2024-08,WEEKENDS/HOLIDAY,13,TRAIN,EW25,4815,4349
2024-08,WEEKDAY,13,TRAIN,EW25,6261,5730
2024-08,WEEKENDS/HOLIDAY,20,TRAIN,PW3,487,1312
2024-08,WEEKDAY,20,TRAIN,PW3,1293,2694
2024-08,WEEKENDS/HOLIDAY,8,TRAIN,EW20,5179,5398
2024-08,WEEKDAY,8,TRAIN,EW20,32149,40150
2024-08,WEEKENDS/HOLIDAY,7,TRAIN,EW18,4302,5035
2024-08,WEEKDAY,7,TRAIN,EW18,36099,38376
2024-08,WEEKENDS/HOLIDAY,9,TRAIN,NS15,7636,4530
2024-08,WEEKDAY,9,TRAIN,NS15,20568,36975
2024-08,WEEKDAY,14,TRAIN,DT20,4483,6422
2024-08,WEEKENDS/HOLIDAY,14,TRAIN,DT20,2764,3376
2024-08,WEEKDAY,14,TRAIN,DT2,3826,2059
2024-08,WEEKENDS/HOLIDAY,14,TRAIN,DT2,804,748
2024-08,WEEKENDS/HOLIDAY,0,TRAIN,CC10/DT26,61,474
2024-08,WEEKDAY,0,TRAIN,CC10/DT26,134,876
2024-08,WEEKENDS/HOLIDAY,14,TRAIN,NS12,7221,7159
2024-08,WEEKDAY,14,TRAIN,NS12,9780,14140
2024-08,WEEKENDS/HOLIDAY,14,TRAIN,SW7,1283,1191
2024-08,WEEKDAY,14,TRAIN,SW7,2163,2829
2024-08,WEEKENDS/HOLIDAY,11,TRAIN,NS13,25910,19828
2024-08,WEEKDAY,11,TRAIN,NS13,44027,34447
2024-08,WEEKDAY,22,TRAIN,BP13,141,475
2024-08,WEEKENDS/HOLIDAY,22,TRAIN,BP13,67,203
2024-08,WEEKENDS/HOLIDAY,17,TRAIN,BP5,1264,1019
2024-08,WEEKDAY,17,TRAIN,BP5,3937,3110
2024-08,WEEKENDS/HOLIDAY,11,TRAIN,CC27,730,1005
2024-08,WEEKDAY,11,TRAIN,CC27,3644,4103
2024-08,WEEKDAY,12,TRAIN,SW8,2859,2136
2024-08,WEEKENDS/HOLIDAY,12,TRAIN,SW8,1212,1015
2024-08,WEEKDAY,5,TRAIN,NS11,20990,3201
2024-08,WEEKENDS/HOLIDAY,5,TRAIN,NS11,5132,617
2024-08,WEEKDAY,13,TRAIN,EW4,13730,10083
2024-08,WEEKENDS/HOLIDAY,13,TRAIN,EW4,7934,5737
2024-08,WEEKDAY,23,TRAIN,EW2/DT32,7364,23116
2024-08,WEEKENDS/HOLIDAY,23,TRAIN,EW2/DT32,3740,10897
2024-08,WEEKDAY,16,TRAIN,CC28,3247,4566
2024-08,WEEKENDS/HOLIDAY,16,TRAIN,CC28,2027,1889
2024-08,WEEKDAY,7,TRAIN,NS25/EW13,5533,43585
2024-08,WEEKENDS/HOLIDAY,7,TRAIN,NS25/EW13,1666,10844
2024-08,WEEKDAY,6,TRAIN,SW2,7326,2290
2024-08,WEEKENDS/HOLIDAY,6,TRAIN,SW2,628,644
2024-08,WEEKENDS/HOLIDAY,7,TRAIN,CC20,1402,1678
2024-08,WEEKDAY,7,TRAIN,CC20,13427,13994
2024-08,WEEKDAY,23,TRAIN,PE4,355,935
2024-08,WEEKENDS/HOLIDAY,23,TRAIN,PE4,209,463
2024-08,WEEKDAY,19,TRAIN,PE6,6962,15687
2024-08,WEEKENDS/HOLIDAY,19,TRAIN,PE6,2796,3703
2024-08,WEEKENDS/HOLIDAY,21,TRAIN,SW8,252,1156
2024-08,WEEKDAY,21,TRAIN,SW8,698,2695
2024-08,WEEKDAY,21,TRAIN,CC3,17012,2887
2024-08,WEEKENDS/HOLIDAY,21,TRAIN,CC3,14347,1669
2024-08,WEEKENDS/HOLIDAY,6,TRAIN,SE1,1121,369
2024-08,WEEKDAY,6,TRAIN,SE1,7861,3470
2024-08,WEEKDAY,17,TRAIN,SW4,3420,5397
2024-08,WEEKENDS/HOLIDAY,17,TRAIN,SW4,1860,1857
2024-08,WEEKENDS/HOLIDAY,5,TRAIN,PE1,258,46
2024-08,WEEKDAY,5,TRAIN,PE1,1543,199
2024-08,WEEKDAY,13,TRAIN,DT17,12140,43194
2024-08,WEEKENDS/HOLIDAY,13,TRAIN,DT17,2782,3249
2024-08,WEEKDAY,9,TRAIN,NS2,34452,20046
2024-08,WEEKENDS/HOLIDAY,9,TRAIN,NS2,13264,8835
2024-08,WEEKDAY,22,TRAIN,SE1,898,5275
2024-08,WEEKENDS/HOLIDAY,22,TRAIN,SE1,459,2369
2024-08,WEEKENDS/HOLIDAY,6,TRAIN,PW6,291,42
2024-08,WEEKDAY,6,TRAIN,PW6,4239,367
2024-08,WEEKENDS/HOLIDAY,13,TRAIN,TE19,2036,2009
2024-08,WEEKDAY,13,TRAIN,TE19,6964,12983
2024-08,WEEKENDS/HOLIDAY,14,TRAIN,CC27,962,841
2024-08,WEEKDAY,14,TRAIN,CC27,3318,3763
2024-08,WEEKENDS/HOLIDAY,8,TRAIN,EW7,7457,5403
2024-08,WEEKDAY,8,TRAIN,EW7,47811,24980
2024-08,WEEKENDS/HOLIDAY,14,TRAIN,NS20,20218,11884
2024-08,WEEKDAY,14,TRAIN,NS20,42040,39206
2024-08,WEEKDAY,6,TRAIN,CC7,7675,2925
2024-08,WEEKENDS/HOLIDAY,6,TRAIN,CC7,1370,913
2024-08,WEEKENDS/HOLIDAY,10,TRAIN,EW19,9004,5423
2024-08,WEEKDAY,10,TRAIN,EW19,18702,9279
2024-08,WEEKENDS/HOLIDAY,14,TRAIN,NE14,14783,13521
2024-08,WEEKDAY,14,TRAIN,NE14,26593,25054
2024-08,WEEKDAY,6,TRAIN,CG1/DT35,1083,10496
2024-08,WEEKENDS/HOLIDAY,6,TRAIN,CG1/DT35,434,1459
2024-08,WEEKENDS/HOLIDAY,17,TRAIN,EW1,16349,18645
2024-08,WEEKDAY,17,TRAIN,EW1,38677,52540
2024-08,WEEKENDS/HOLIDAY,0,TRAIN,EW2/DT32,348,2481
2024-08,WEEKDAY,0,TRAIN,EW2/DT32,631,4979
2024-08,WEEKENDS/HOLIDAY,5,TRAIN,BP6/DT1,2399,1851
2024-08,WEEKDAY,5,TRAIN,BP6/DT1,11788,9809
2024-08,WEEKENDS/HOLIDAY,15,TRAIN,DT23,1716,1680
2024-08,WEEKDAY,15,TRAIN,DT23,3470,2896
2024-08,WEEKDAY,14,TRAIN,CC6,6541,9364
2024-08,WEEKENDS/HOLIDAY,14,TRAIN,CC6,6899,7886
2024-08,WEEKENDS/HOLIDAY,12,TRAIN,EW32,2799,832
2024-08,WEEKDAY,12,TRAIN,EW32,2531,1357
2024-08,WEEKENDS/HOLIDAY,22,TRAIN,NE16/STC,6438,20264
2024-08,WEEKDAY,22,TRAIN,NE16/STC,13075,44909
2024-08,WEEKENDS/HOLIDAY,12,TRAIN,NS11,22033,14244
2024-08,WEEKDAY,12,TRAIN,NS11,30721,23884
2024-08,WEEKDAY,20,TRAIN,EW23,44646,53950
2024-08,WEEKENDS/HOLIDAY,20,TRAIN,EW23,16063,23565
2024-08,WEEKDAY,14,TRAIN,NE10,16204,15257
2024-08,WEEKENDS/HOLIDAY,14,TRAIN,NE10,7517,7474
2024-08,WEEKDAY,10,TRAIN,DT17,5189,28383
2024-08,WEEKENDS/HOLIDAY,10,TRAIN,DT17,1477,2378
2024-08,WEEKDAY,16,TRAIN,BP2,2358,2897
2024-08,WEEKENDS/HOLIDAY,16,TRAIN,BP2,1374,1191
2024-08,WEEKDAY,23,TRAIN,NS11,4608,28183
2024-08,WEEKENDS/HOLIDAY,23,TRAIN,NS11,2407,13932
2024-08,WEEKENDS/HOLIDAY,5,TRAIN,EW1,1823,207
2024-08,WEEKDAY,5,TRAIN,EW1,10675,752
2024-08,WEEKENDS/HOLIDAY,10,TRAIN,NE11,6553,5898
2024-08,WEEKDAY,10,TRAIN,NE11,10842,9481
2024-08,WEEKENDS/HOLIDAY,17,TRAIN,DT8,1959,2168
2024-08,WEEKDAY,17,TRAIN,DT8,13068,6328
2024-08,WEEKENDS/HOLIDAY,18,TRAIN,NE7/DT12,26158,26443
2024-08,WEEKDAY,18,TRAIN,NE7/DT12,65990,54959
2024-08,WEEKDAY,8,TRAIN,BP3,15002,2493
2024-08,WEEKENDS/HOLIDAY,8,TRAIN,BP3,2641,730
2024-08,WEEKDAY,16,TRAIN,CC7,9485,7360
2024-08,WEEKENDS/HOLIDAY,16,TRAIN,CC7,3437,3557
2024-08,WEEKDAY,5,TRAIN,NS2,12533,2982
2024-08,WEEKENDS/HOLIDAY,5,TRAIN,NS2,2511,406
2024-08,WEEKDAY,21,TRAIN,NS18,6368,21820
2024-08,WEEKENDS/HOLIDAY,21,TRAIN,NS18,2548,9079
2024-08,WEEKDAY,5,TRAIN,DT13,800,50
2024-08,WEEKENDS/HOLIDAY,5,TRAIN,DT13,197,11
2024-08,WEEKENDS/HOLIDAY,19,TRAIN,EW8/CC9,36035,26218
2024-08,WEEKDAY,19,TRAIN,EW8/CC9,83680,84338
2024-08,WEEKDAY,7,TRAIN,DT25,10309,10899
2024-08,WEEKENDS/HOLIDAY,7,TRAIN,DT25,1602,1070
2024-08,WEEKENDS/HOLIDAY,11,TRAIN,CC26,1332,758
2024-08,WEEKDAY,11,TRAIN,CC26,4169,2864
2024-08,WEEKDAY,8,TRAIN,EW1,110623,25263
2024-08,WEEKENDS/HOLIDAY,8,TRAIN,EW1,14500,6780
2024-08,WEEKDAY,11,TRAIN,NE12/CC13,50631,47601
2024-08,WEEKENDS/HOLIDAY,11,TRAIN,NE12/CC13,29191,27009
2024-08,WEEKDAY,15,TRAIN,DT8,10766,4751
2024-08,WEEKENDS/HOLIDAY,15,TRAIN,DT8,1773,1631
2024-08,WEEKDAY,16,TRAIN,PW1,2654,2796
2024-08,WEEKENDS/HOLIDAY,16,TRAIN,PW1,1452,1782
2024-08,WEEKDAY,11,TRAIN,NS25/EW13,27050,65660
2024-08,WEEKENDS/HOLIDAY,11,TRAIN,NS25/EW13,20822,44504
2024-08,WEEKDAY,11,TRAIN,SW8,2607,1269
2024-08,WEEKENDS/HOLIDAY,11,TRAIN,SW8,1199,750
2024-08,WEEKENDS/HOLIDAY,5,TRAIN,DT34,203,3
2024-08,WEEKDAY,5,TRAIN,DT34,793,9
2024-08,WEEKDAY,12,TRAIN,TE15,8051,10857
2024-08,WEEKENDS/HOLIDAY,12,TRAIN,TE15,4791,5601
2024-08,WEEKDAY,7,TRAIN,BP4,7325,8002
2024-08,WEEKENDS/HOLIDAY,7,TRAIN,BP4,836,412
2024-08,WEEKENDS/HOLIDAY,6,TRAIN,SE4,875,298
2024-08,WEEKDAY,6,TRAIN,SE4,6713,676
2024-08,WEEKENDS/HOLIDAY,5,TRAIN,TE3,722,68
2024-08,WEEKDAY,5,TRAIN,TE3,3538,570
2024-08,WEEKENDS/HOLIDAY,20,TRAIN,NS11,10987,24313
2024-08,WEEKDAY,20,TRAIN,NS11,23623,66615
2024-08,WEEKENDS/HOLIDAY,18,TRAIN,TE4,3810,3577
2024-08,WEEKDAY,18,TRAIN,TE4,15350,11971
2024-08,WEEKENDS/HOLIDAY,0,TRAIN,DT20,95,104
2024-08,WEEKDAY,0,TRAIN,DT20,152,349
2024-08,WEEKDAY,5,TRAIN,NS4/BP1,15476,5760
2024-08,WEEKENDS/HOLIDAY,5,TRAIN,NS4/BP1,3311,1075
2024-08,WEEKENDS/HOLIDAY,10,TRAIN,CC3,1575,7301
2024-08,WEEKDAY,10,TRAIN,CC3,2701,12437
2024-08,WEEKENDS/HOLIDAY,16,TRAIN,EW18,8481,8326
2024-08,WEEKDAY,16,TRAIN,EW18,19613,19867
2024-08,WEEKENDS/HOLIDAY,20,TRAIN,NS10,9720,20561
2024-08,WEEKDAY,20,TRAIN,NS10,25532,59783
2024-08,WEEKENDS/HOLIDAY,10,TRAIN,EW23,23384,16837
2024-08,WEEKDAY,10,TRAIN,EW23,38184,37256
2024-08,WEEKDAY,13,TRAIN,DT25,6667,4456
2024-08,WEEKENDS/HOLIDAY,13,TRAIN,DT25,1844,1563
2024-08,WEEKENDS/HOLIDAY,0,TRAIN,NS10,473,3928
2024-08,WEEKDAY,0,TRAIN,NS10,889,7673
2024-08,WEEKDAY,5,TRAIN,BP5,947,370
2024-08,WEEKENDS/HOLIDAY,5,TRAIN,BP5,278,109
2024-08,WEEKENDS/HOLIDAY,20,TRAIN,NE10,4888,7882
2024-08,WEEKDAY,20,TRAIN,NE10,12298,20390
2024-08,WEEKDAY,14,TRAIN,EW4,13430,11232
2024-08,WEEKENDS/HOLIDAY,14,TRAIN,EW4,7141,6139
2024-08,WEEKENDS/HOLIDAY,9,TRAIN,EW29,2747,2874
2024-08,WEEKDAY,9,TRAIN,EW29,3507,15964
2024-08,WEEKENDS/HOLIDAY,10,TRAIN,BP5,1275,770
2024-08,WEEKDAY,10,TRAIN,BP5,2147,1350
2024-08,WEEKENDS/HOLIDAY,10,TRAIN,TE7,3858,2946
2024-08,WEEKDAY,10,TRAIN,TE7,6544,4261
2024-08,WEEKDAY,22,TRAIN,TE5,1272,6311
2024-08,WEEKENDS/HOLIDAY,22,TRAIN,TE5,672,2737
2024-08,WEEKDAY,5,TRAIN,SE1,1612,810
2024-08,WEEKENDS/HOLIDAY,5,TRAIN,SE1,345,91
2024-08,WEEKENDS/HOLIDAY,22,TRAIN,DT3,922,3766
2024-08,WEEKDAY,22,TRAIN,DT3,1909,8818
2024-08,WEEKDAY,10,TRAIN,DT5,12785,9625
2024-08,WEEKENDS/HOLIDAY,10,TRAIN,DT5,9054,6503
2024-08,WEEKDAY,14,TRAIN,PE6,7643,9202
2024-08,WEEKENDS/HOLIDAY,14,TRAIN,PE6,4024,3828
2024-08,WEEKENDS/HOLIDAY,20,TRAIN,EW25,4058,6333
2024-08,WEEKDAY,20,TRAIN,EW25,5755,17986
2024-08,WEEKDAY,20,TRAIN,BP13,414,1009
2024-08,WEEKENDS/HOLIDAY,20,TRAIN,BP13,203,292
2024-08,WEEKENDS/HOLIDAY,21,TRAIN,DT3,1276,4542
2024-08,WEEKDAY,21,TRAIN,DT3,2621,10675
2024-08,WEEKDAY,10,TRAIN,EW20,13694,12828
2024-08,WEEKENDS/HOLIDAY,10,TRAIN,EW20,6748,5155
2024-08,WEEKDAY,16,TRAIN,CC12,8552,6717
2024-08,WEEKENDS/HOLIDAY,16,TRAIN,CC12,3003,2767
2024-08,WEEKENDS/HOLIDAY,19,TRAIN,NE4/DT19,39499,27359
2024-08,WEEKDAY,19,TRAIN,NE4/DT19,99569,68611
2024-08,WEEKDAY,13,TRAIN,CC3,7843,8225
2024-08,WEEKENDS/HOLIDAY,13,TRAIN,CC3,5254,7505
2024-08,WEEKENDS/HOLIDAY,20,TRAIN,NE12/CC13,23787,29136
2024-08,WEEKDAY,20,TRAIN,NE12/CC13,53868,79339
2024-08,WEEKDAY,22,TRAIN,CC19/DT9,4006,2808
2024-08,WEEKENDS/HOLIDAY,22,TRAIN,CC19/DT9,1298,1403
2024-08,WEEKDAY,5,TRAIN,NS23,478,551
2024-08,WEEKENDS/HOLIDAY,5,TRAIN,NS23,127,113
2024-08,WEEKENDS/HOLIDAY,23,TRAIN,TE8,1172,1442
2024-08,WEEKDAY,23,TRAIN,TE8,2524,3075
2024-08,WEEKENDS/HOLIDAY,10,TRAIN,TE12,2192,3081
2024-08,WEEKDAY,10,TRAIN,TE12,6432,8566
2024-08,WEEKENDS/HOLIDAY,9,TRAIN,EW17,11951,9524
2024-08,WEEKDAY,9,TRAIN,EW17,41464,28325
2024-08,WEEKDAY,20,TRAIN,DT6,4207,6254
2024-08,WEEKENDS/HOLIDAY,20,TRAIN,DT6,1118,2400
2024-08,WEEKENDS/HOLIDAY,18,TRAIN,TE6,4927,6280
2024-08,WEEKDAY,18,TRAIN,TE6,16405,35546
2024-08,WEEKENDS/HOLIDAY,11,TRAIN,EW11,9935,9448
2024-08,WEEKDAY,11,TRAIN,EW11,19807,15380
2024-08,WEEKDAY,20,TRAIN,DT10/TE11,5405,7810
2024-08,WEEKENDS/HOLIDAY,20,TRAIN,DT10/TE11,1953,3085
2024-08,WEEKDAY,14,TRAIN,EW21/CC22,24237,19624
2024-08,WEEKENDS/HOLIDAY,14,TRAIN,EW21/CC22,11590,10228
2024-08,WEEKDAY,16,TRAIN,TE15,9921,11028
2024-08,WEEKENDS/HOLIDAY,16,TRAIN,TE15,5693,5157
2024-08,WEEKDAY,5,TRAIN,CC6,106,61
2024-08,WEEKENDS/HOLIDAY,5,TRAIN,CC6,28,14
2024-08,WEEKDAY,7,TRAIN,DT31,29782,10925
2024-08,WEEKENDS/HOLIDAY,7,TRAIN,DT31,3245,1740
2024-08,WEEKENDS/HOLIDAY,0,TRAIN,CC23,26,96
2024-08,WEEKDAY,0,TRAIN,CC23,60,194
2024-08,WEEKDAY,18,TRAIN,CC28,7941,11506
2024-08,WEEKENDS/HOLIDAY,18,TRAIN,CC28,2078,2477
2024-08,WEEKENDS/HOLIDAY,15,TRAIN,CC19/DT9,4927,5259
2024-08,WEEKDAY,15,TRAIN,CC19/DT9,7662,8729
2024-08,WEEKENDS/HOLIDAY,9,TRAIN,CC27,323,1521
2024-08,WEEKDAY,9,TRAIN,CC27,1119,39513
2024-08,WEEKDAY,19,TRAIN,NE11,19570,29192
2024-08,WEEKENDS/HOLIDAY,19,TRAIN,NE11,6259,7600
2024-08,WEEKDAY,20,TRAIN,PE6,5186,8697
2024-08,WEEKENDS/HOLIDAY,20,TRAIN,PE6,2198,2888
2024-08,WEEKENDS/HOLIDAY,8,TRAIN,PE3,3099,2093
2024-08,WEEKDAY,8,TRAIN,PE3,14390,10949
2024-08,WEEKDAY,14,TRAIN,EW29,8404,4853
2024-08,WEEKENDS/HOLIDAY,14,TRAIN,EW29,5081,3763
2024-08,WEEKENDS/HOLIDAY,18,TRAIN,BP9,885,1094
2024-08,WEEKDAY,18,TRAIN,BP9,2263,5588
2024-08,WEEKDAY,21,TRAIN,CC28,1581,6947
2024-08,WEEKENDS/HOLIDAY,21,TRAIN,CC28,752,2630
2024-08,WEEKDAY,13,TRAIN,TE15,12692,9631
2024-08,WEEKENDS/HOLIDAY,13,TRAIN,TE15,4932,5711
2024-08,WEEKDAY,17,TRAIN,PE1,3997,5834
2024-08,WEEKENDS/HOLIDAY,17,TRAIN,PE1,1899,1818
2024-08,WEEKDAY,16,TRAIN,EW14/NS26,73012,31785
2024-08,WEEKENDS/HOLIDAY,16,TRAIN,EW14/NS26,14164,21297
2024-08,WEEKENDS/HOLIDAY,9,TRAIN,NS4/BP1,16953,11901
2024-08,WEEKDAY,9,TRAIN,NS4/BP1,40570,23420
2024-08,WEEKDAY,8,TRAIN,BP13,3617,755
2024-08,WEEKENDS/HOLIDAY,8,TRAIN,BP13,727,255
2024-08,WEEKENDS/HOLIDAY,15,TRAIN,EW2/DT32,29894,30311
2024-08,WEEKDAY,15,TRAIN,EW2/DT32,45735,56711
2024-08,WEEKDAY,17,TRAIN,NS19,61923,62131
2024-08,WEEKENDS/HOLIDAY,17,TRAIN,NS19,21043,20778
2024-08,WEEKDAY,10,TRAIN,CC4/DT15,7325,30526
2024-08,WEEKENDS/HOLIDAY,10,TRAIN,CC4/DT15,2842,11946
2024-08,WEEKENDS/HOLIDAY,20,TRAIN,CC20,1328,2239
2024-08,WEEKDAY,20,TRAIN,CC20,3161,6328
2024-08,WEEKENDS/HOLIDAY,21,TRAIN,BP4,254,1071
2024-08,WEEKDAY,21,TRAIN,BP4,2181,2437
2024-08,WEEKENDS/HOLIDAY,19,TRAIN,EW20,4653,6125
2024-08,WEEKDAY,19,TRAIN,EW20,18367,22369
2024-08,WEEKDAY,13,TRAIN,PE5,8733,6714
2024-08,WEEKENDS/HOLIDAY,13,TRAIN,PE5,2804,2646
2024-08,WEEKENDS/HOLIDAY,13,TRAIN,CC26,1516,1462
2024-08,WEEKDAY,13,TRAIN,CC26,3855,4983
2024-08,WEEKENDS/HOLIDAY,11,TRAIN,SW5,4775,3752
2024-08,WEEKDAY,11,TRAIN,SW5,7705,6887
2024-08,WEEKDAY,0,TRAIN,EW18,51,418
2024-08,WEEKENDS/HOLIDAY,0,TRAIN,EW18,25,263
2024-08,WEEKENDS/HOLIDAY,20,TRAIN,EW32,1776,3746
2024-08,WEEKDAY,20,TRAIN,EW32,9371,3783
2024-08,WEEKDAY,15,TRAIN,TE7,5784,6114
2024-08,WEEKENDS/HOLIDAY,15,TRAIN,TE7,3280,2836
2024-08,WEEKDAY,10,TRAIN,CC17/TE9,6085,3913
2024-08,WEEKENDS/HOLIDAY,10,TRAIN,CC17/TE9,2724,1834
2024-08,WEEKDAY,13,TRAIN,CC25,8680,8645
2024-08,WEEKENDS/HOLIDAY,13,TRAIN,CC25,3255,2364
2024-08,WEEKENDS/HOLIDAY,6,TRAIN,BP6/DT1,10261,4219
2024-08,WEEKDAY,6,TRAIN,BP6/DT1,61916,29008
2024-08,WEEKDAY,16,TRAIN,NE4/DT19,67729,55581
2024-08,WEEKENDS/HOLIDAY,16,TRAIN,NE4/DT19,38911,33834
2024-08,WEEKENDS/HOLIDAY,19,TRAIN,SE1,1285,2284
2024-08,WEEKDAY,19,TRAIN,SE1,3324,10295
2024-08,WEEKDAY,10,TRAIN,CC28,4111,2720
2024-08,WEEKENDS/HOLIDAY,10,TRAIN,CC28,2322,1374
2024-08,WEEKENDS/HOLIDAY,9,TRAIN,EW18,8019,7692
2024-08,WEEKDAY,9,TRAIN,EW18,28123,28706
2024-08,WEEKDAY,11,TRAIN,SW2,5507,5183
2024-08,WEEKENDS/HOLIDAY,11,TRAIN,SW2,4629,3436
2024-08,WEEKENDS/HOLIDAY,13,TRAIN,DT23,1875,2026
2024-08,WEEKDAY,13,TRAIN,DT23,3068,4584
2024-08,WEEKENDS/HOLIDAY,12,TRAIN,BP10,1912,1553
2024-08,WEEKDAY,12,TRAIN,BP10,2943,2809
2024-08,WEEKENDS/HOLIDAY,10,TRAIN,NE10,8681,5873
2024-08,WEEKDAY,10,TRAIN,NE10,16764,10710
2024-08,WEEKDAY,6,TRAIN,CC4/DT15,725,8589
2024-08,WEEKENDS/HOLIDAY,6,TRAIN,CC4/DT15,289,1729
2024-08,WEEKDAY,7,TRAIN,EW24/NS1,68540,176778
2024-08,WEEKENDS/HOLIDAY,7,TRAIN,EW24/NS1,13040,18748
2024-08,WEEKENDS/HOLIDAY,20,TRAIN,DT17,10221,3032
2024-08,WEEKDAY,20,TRAIN,DT17,28034,5977
2024-08,WEEKDAY,6,TRAIN,CC6,827,3931
2024-08,WEEKENDS/HOLIDAY,6,TRAIN,CC6,211,2428
2024-08,WEEKENDS/HOLIDAY,5,TRAIN,CC8,253,23
2024-08,WEEKDAY,5,TRAIN,CC8,1295,156
2024-08,WEEKENDS/HOLIDAY,9,TRAIN,CC23,1104,2501
2024-08,WEEKDAY,9,TRAIN,CC23,4376,96475
2024-08,WEEKENDS/HOLIDAY,15,TRAIN,PW7,1426,1661
2024-08,WEEKDAY,15,TRAIN,PW7,2952,3154
2024-08,WEEKENDS/HOLIDAY,5,TRAIN,NE11,82,59
2024-08,WEEKDAY,5,TRAIN,NE11,614,430
2024-08,WEEKENDS/HOLIDAY,16,TRAIN,PE1,1789,1815
2024-08,WEEKDAY,16,TRAIN,PE1,3246,4614
2024-08,WEEKENDS/HOLIDAY,18,TRAIN,NS23,29319,23496
2024-08,WEEKDAY,18,TRAIN,NS23,77973,87862
2024-08,WEEKDAY,11,TRAIN,TE19,10103,10579
2024-08,WEEKENDS/HOLIDAY,11,TRAIN,TE19,1832,2004
2024-08,WEEKENDS/HOLIDAY,19,TRAIN,SE2,1586,3252
2024-08,WEEKDAY,19,TRAIN,SE2,3614,14574
2024-08,WEEKDAY,5,TRAIN,NS15,4161,2662
2024-08,WEEKENDS/HOLIDAY,5,TRAIN,NS15,915,320
2024-08,WEEKENDS/HOLIDAY,15,TRAIN,NS18,6086,6146
2024-08,WEEKDAY,15,TRAIN,NS18,11878,12201
2024-08,WEEKDAY,14,TRAIN,EW32,2290,1459
2024-08,WEEKENDS/HOLIDAY,14,TRAIN,EW32,1897,1125
2024-08,WEEKDAY,0,TRAIN,SW3,17,302
2024-08,WEEKENDS/HOLIDAY,0,TRAIN,SW3,14,162
2024-08,WEEKDAY,18,TRAIN,EW16/NE3/TE17,126548,41700
2024-08,WEEKENDS/HOLIDAY,18,TRAIN,EW16/NE3/TE17,12687,11185
2024-08,WEEKENDS/HOLIDAY,5,TRAIN,NS7,8332,1612
2024-08,WEEKDAY,5,TRAIN,NS7,41314,2605
2024-08,WEEKENDS/HOLIDAY,22,TRAIN,DT23,1091,1225
2024-08,WEEKDAY,22,TRAIN,DT23,3155,2492
2024-08,WEEKENDS/HOLIDAY,6,TRAIN,TE1,2432,617
2024-08,WEEKDAY,6,TRAIN,TE1,10460,2903
2024-08,WEEKDAY,18,TRAIN,SW6,5572,9795
2024-08,WEEKENDS/HOLIDAY,18,TRAIN,SW6,1558,1935
2024-08,WEEKENDS/HOLIDAY,14,TRAIN,NS25/EW13,33976,42254
2024-08,WEEKDAY,14,TRAIN,NS25/EW13,48424,45732
2024-08,WEEKENDS/HOLIDAY,7,TRAIN,PE2,2064,446
2024-08,WEEKDAY,7,TRAIN,PE2,19823,9280
2024-08,WEEKDAY,19,TRAIN,EW4,18193,34319
2024-08,WEEKENDS/HOLIDAY,19,TRAIN,EW4,6081,8932
2024-08,WEEKDAY,10,TRAIN,CC6,4125,6398
2024-08,WEEKENDS/HOLIDAY,10,TRAIN,CC6,4364,6946
2024-08,WEEKDAY,11,TRAIN,NS12,13832,7419
2024-08,WEEKENDS/HOLIDAY,11,TRAIN,NS12,10234,5089
2024-08,WEEKENDS/HOLIDAY,9,TRAIN,CG1/DT35,1507,7029
2024-08,WEEKDAY,9,TRAIN,CG1/DT35,3662,60489
2024-08,WEEKENDS/HOLIDAY,21,TRAIN,EW30,512,1256
2024-08,WEEKDAY,21,TRAIN,EW30,2430,1061
2024-08,WEEKENDS/HOLIDAY,16,TRAIN,CC24,7082,3868
2024-08,WEEKDAY,16,TRAIN,CC24,51469,13913
2024-08,WEEKDAY,15,TRAIN,PE1,2972,3903
2024-08,WEEKENDS/HOLIDAY,15,TRAIN,PE1,1801,1734
2024-08,WEEKDAY,6,TRAIN,EW32,4050,10768
2024-08,WEEKENDS/HOLIDAY,6,TRAIN,EW32,1707,2041
2024-08,WEEKDAY,19,TRAIN,PW7,4245,6393
2024-08,WEEKENDS/HOLIDAY,19,TRAIN,PW7,1242,1825
2024-08,WEEKDAY,17,TRAIN,SW2,6931,9756
2024-08,WEEKENDS/HOLIDAY,17,TRAIN,SW2,3809,3685
2024-08,WEEKDAY,22,TRAIN,CC4/DT15,25175,3271
2024-08,WEEKENDS/HOLIDAY,22,TRAIN,CC4/DT15,15177,1792
2024-08,WEEKENDS/HOLIDAY,8,TRAIN,EW5,15590,8756
2024-08,WEEKDAY,8,TRAIN,EW5,89001,36248
2024-08,WEEKDAY,14,TRAIN,NE13,20703,21809
2024-08,WEEKENDS/HOLIDAY,14,TRAIN,NE13,12903,11454
2024-08,WEEKENDS/HOLIDAY,10,TRAIN,BP4,960,455
2024-08,WEEKDAY,10,TRAIN,BP4,2692,5986
2024-08,WEEKDAY,17,TRAIN,EW3,28588,30616
2024-08,WEEKENDS/HOLIDAY,17,TRAIN,EW3,9263,11181
2024-08,WEEKDAY,11,TRAIN,SW4,3060,2153
2024-08,WEEKENDS/HOLIDAY,11,TRAIN,SW4,2143,1187
2024-08,WEEKDAY,20,TRAIN,DT34,3576,6781
2024-08,WEEKENDS/HOLIDAY,20,TRAIN,DT34,1201,2348
2024-08,WEEKDAY,16,TRAIN,PW7,3216,3694
2024-08,WEEKENDS/HOLIDAY,16,TRAIN,PW7,1603,1600
2024-08,WEEKENDS/HOLIDAY,12,TRAIN,PE1,2295,1667
2024-08,WEEKDAY,12,TRAIN,PE1,3632,2678
2024-08,WEEKDAY,18,TRAIN,NE8,47104,73745
2024-08,WEEKENDS/HOLIDAY,18,TRAIN,NE8,25366,31410
2024-08,WEEKDAY,13,TRAIN,DT10/TE11,11076,6685
2024-08,WEEKENDS/HOLIDAY,13,TRAIN,DT10/TE11,3935,3304
2024-08,WEEKDAY,20,TRAIN,NS17/CC15,37403,48921
2024-08,WEEKENDS/HOLIDAY,20,TRAIN,NS17/CC15,16333,17943
2024-08,WEEKDAY,14,TRAIN,CC3,7816,7441
2024-08,WEEKENDS/HOLIDAY,14,TRAIN,CC3,6210,7094
2024-08,WEEKENDS/HOLIDAY,14,TRAIN,EW31,1372,565
2024-08,WEEKDAY,14,TRAIN,EW31,1940,742
2024-08,WEEKENDS/HOLIDAY,0,TRAIN,NE11,47,134
2024-08,WEEKDAY,0,TRAIN,NE11,102,288
2024-08,WEEKDAY,18,TRAIN,CC24,114752,21730
2024-08,WEEKENDS/HOLIDAY,18,TRAIN,CC24,7207,3890
2024-08,WEEKENDS/HOLIDAY,7,TRAIN,DT24,2414,1161
2024-08,WEEKDAY,7,TRAIN,DT24,16071,8074
2024-08,WEEKENDS/HOLIDAY,0,TRAIN,EW32,0,397
2024-08,WEEKDAY,0,TRAIN,EW32,0,228
2024-08,WEEKDAY,19,TRAIN,CC10/DT26,25127,25327
2024-08,WEEKENDS/HOLIDAY,19,TRAIN,CC10/DT26,5673,6812
2024-08,WEEKDAY,17,TRAIN,DT6,19393,10325
2024-08,WEEKENDS/HOLIDAY,17,TRAIN,DT6,3884,2860
2024-08,WEEKDAY,14,TRAIN,CC14,7313,8045
2024-08,WEEKENDS/HOLIDAY,14,TRAIN,CC14,2584,3053
2024-08,WEEKDAY,10,TRAIN,NS23,13635,40508
2024-08,WEEKENDS/HOLIDAY,10,TRAIN,NS23,6540,20657
2024-08,WEEKDAY,21,TRAIN,EW9,17356,31509
2024-08,WEEKENDS/HOLIDAY,21,TRAIN,EW9,9110,14696
2024-08,WEEKDAY,21,TRAIN,NE10,9718,17552
2024-08,WEEKENDS/HOLIDAY,21,TRAIN,NE10,3490,8079
2024-08,WEEKDAY,16,TRAIN,DT10/TE11,11658,8612
2024-08,WEEKENDS/HOLIDAY,16,TRAIN,DT10/TE11,4022,3431
2024-08,WEEKENDS/HOLIDAY,10,TRAIN,EW3,9525,4940
2024-08,WEEKDAY,10,TRAIN,EW3,18497,10548
2024-08,WEEKDAY,23,TRAIN,EW26,2683,19572
2024-08,WEEKENDS/HOLIDAY,23,TRAIN,EW26,1402,10161
2024-08,WEEKENDS/HOLIDAY,9,TRAIN,DT27,3696,2647
2024-08,WEEKDAY,9,TRAIN,DT27,11424,17184
2024-08,WEEKENDS/HOLIDAY,14,TRAIN,PE4,824,955
2024-08,WEEKDAY,14,TRAIN,PE4,1316,2105
2024-08,WEEKDAY,12,TRAIN,BP12,3816,1376
2024-08,WEEKENDS/HOLIDAY,12,TRAIN,BP12,1780,940
2024-08,WEEKENDS/HOLIDAY,16,TRAIN,DT24,2039,2276
2024-08,WEEKDAY,16,TRAIN,DT24,4836,5226
2024-08,WEEKDAY,21,TRAIN,EW33,2139,4243
2024-08,WEEKENDS/HOLIDAY,21,TRAIN,EW33,1182,2487
2024-08,WEEKDAY,9,TRAIN,NE12/CC13,89678,34975
2024-08,WEEKENDS/HOLIDAY,9,TRAIN,NE12/CC13,27143,17693
2024-08,WEEKDAY,21,TRAIN,SW2,3794,4640
2024-08,WEEKENDS/HOLIDAY,21,TRAIN,SW2,1818,1993
2024-08,WEEKENDS/HOLIDAY,14,TRAIN,NE11,7648,6952
2024-08,WEEKDAY,14,TRAIN,NE11,14299,15478
2024-08,WEEKENDS/HOLIDAY,6,TRAIN,NE11,1373,1074
2024-08,WEEKDAY,6,TRAIN,NE11,11029,9249
2024-08,WEEKDAY,10,TRAIN,DT33,19365,4414
2024-08,WEEKENDS/HOLIDAY,10,TRAIN,DT33,9529,2599
2024-08,WEEKDAY,19,TRAIN,DT7,6082,7836
2024-08,WEEKENDS/HOLIDAY,19,TRAIN,DT7,1316,2046
2024-08,WEEKDAY,14,TRAIN,EW5,28353,27335
2024-08,WEEKENDS/HOLIDAY,14,TRAIN,EW5,17674,15899
2024-08,WEEKDAY,17,TRAIN,TE15,13934,14054
2024-08,WEEKENDS/HOLIDAY,17,TRAIN,TE15,5941,6000
2024-08,WEEKDAY,5,TRAIN,EW28,16986,1166
2024-08,WEEKENDS/HOLIDAY,5,TRAIN,EW28,3416,239
2024-08,WEEKDAY,9,TRAIN,BP7,1428,805
2024-08,WEEKENDS/HOLIDAY,9,TRAIN,BP7,334,318
2024-08,WEEKENDS/HOLIDAY,15,TRAIN,EW30,1328,594
2024-08,WEEKDAY,15,TRAIN,EW30,2823,569
2024-08,WEEKENDS/HOLIDAY,14,TRAIN,NS18,6467,5710
2024-08,WEEKDAY,14,TRAIN,NS18,13671,12067
2024-08,WEEKDAY,14,TRAIN,CG1/DT35,10743,11681
2024-08,WEEKENDS/HOLIDAY,14,TRAIN,CG1/DT35,9446,12092
2024-08,WEEKDAY,12,TRAIN,SW6,4312,2596
2024-08,WEEKENDS/HOLIDAY,12,TRAIN,SW6,2490,1496
2024-08,WEEKDAY,23,TRAIN,CC8,1246,3528
2024-08,WEEKENDS/HOLIDAY,23,TRAIN,CC8,620,1586
2024-08,WEEKDAY,15,TRAIN,DT24,4083,4477
2024-08,WEEKENDS/HOLIDAY,15,TRAIN,DT24,2076,2080
2024-08,WEEKDAY,7,TRAIN,EW17,53467,26295
2024-08,WEEKENDS/HOLIDAY,7,TRAIN,EW17,7046,4239
2024-08,WEEKENDS/HOLIDAY,23,TRAIN,DT13,1665,2178
2024-08,WEEKDAY,23,TRAIN,DT13,3736,4447
2024-08,WEEKENDS/HOLIDAY,5,TRAIN,BP13,321,35
2024-08,WEEKDAY,5,TRAIN,BP13,1732,159
2024-08,WEEKENDS/HOLIDAY,15,TRAIN,PE7,1803,2062
2024-08,WEEKDAY,15,TRAIN,PE7,2764,4757
2024-08,WEEKDAY,10,TRAIN,PE6,8026,6041
2024-08,WEEKENDS/HOLIDAY,10,TRAIN,PE6,4547,3435
2024-08,WEEKENDS/HOLIDAY,9,TRAIN,DT5,7850,7293
2024-08,WEEKDAY,9,TRAIN,DT5,20706,13576
2024-08,WEEKENDS/HOLIDAY,6,TRAIN,PE7,917,237
2024-08,WEEKDAY,6,TRAIN,PE7,8465,1690
2024-08,WEEKDAY,10,TRAIN,TE14/NS22,30935,91556
2024-08,WEEKENDS/HOLIDAY,10,TRAIN,TE14/NS22,20235,57117
2024-08,WEEKENDS/HOLIDAY,19,TRAIN,BP5,733,938
2024-08,WEEKDAY,19,TRAIN,BP5,2583,3808
2024-08,WEEKDAY,18,TRAIN,SW1,6330,4493
2024-08,WEEKENDS/HOLIDAY,18,TRAIN,SW1,1193,1242
2024-08,WEEKDAY,11,TRAIN,EW22,16311,13629
2024-08,WEEKENDS/HOLIDAY,11,TRAIN,EW22,2752,1935
2024-08,WEEKDAY,21,TRAIN,BP7,334,1482
2024-08,WEEKENDS/HOLIDAY,21,TRAIN,BP7,148,509
2024-08,WEEKENDS/HOLIDAY,16,TRAIN,TE12,2650,1714
2024-08,WEEKDAY,16,TRAIN,TE12,9378,3501
2024-08,WEEKDAY,18,TRAIN,CC2,21380,9187
2024-08,WEEKENDS/HOLIDAY,18,TRAIN,CC2,3575,2080
2024-08,WEEKENDS/HOLIDAY,23,TRAIN,EW15,3838,1606
2024-08,WEEKDAY,23,TRAIN,EW15,12499,3303
2024-08,WEEKDAY,0,TRAIN,TE19,130,114
2024-08,WEEKENDS/HOLIDAY,0,TRAIN,TE19,41,46
2024-08,WEEKENDS/HOLIDAY,11,TRAIN,DT22,4453,7090
2024-08,WEEKDAY,11,TRAIN,DT22,7514,8767
2024-08,WEEKENDS/HOLIDAY,23,TRAIN,NS23,7290,2201
2024-08,WEEKDAY,23,TRAIN,NS23,16147,4233
2024-08,WEEKDAY,17,TRAIN,BP6/DT1,46933,76368
2024-08,WEEKENDS/HOLIDAY,17,TRAIN,BP6/DT1,20337,23897
2024-08,WEEKDAY,15,TRAIN,DT10/TE11,12133,7595
2024-08,WEEKENDS/HOLIDAY,15,TRAIN,DT10/TE11,3545,3223
2024-08,WEEKENDS/HOLIDAY,19,TRAIN,CG1/DT35,11804,7313
2024-08,WEEKDAY,19,TRAIN,CG1/DT35,42857,12631
2024-08,WEEKENDS/HOLIDAY,20,TRAIN,PW1,1138,442
2024-08,WEEKDAY,20,TRAIN,PW1,2302,765
2024-08,WEEKDAY,10,TRAIN,NS21/DT11,49737,50084
2024-08,WEEKENDS/HOLIDAY,10,TRAIN,NS21/DT11,27248,26626
2024-08,WEEKDAY,23,TRAIN,EW27,4921,22780
2024-08,WEEKENDS/HOLIDAY,23,TRAIN,EW27,2232,12897
2024-08,WEEKDAY,6,TRAIN,NS10,97450,22373
2024-08,WEEKENDS/HOLIDAY,6,TRAIN,NS10,14811,4122
2024-08,WEEKENDS/HOLIDAY,5,TRAIN,NE1/CC29,687,43
2024-08,WEEKDAY,5,TRAIN,NE1/CC29,1872,237
2024-08,WEEKDAY,17,TRAIN,SE4,4020,6202
2024-08,WEEKENDS/HOLIDAY,17,TRAIN,SE4,1739,1973
2024-08,WEEKENDS/HOLIDAY,6,TRAIN,CC2,144,415
2024-08,WEEKDAY,6,TRAIN,CC2,484,1910
2024-08,WEEKENDS/HOLIDAY,8,TRAIN,EW29,3665,7573
2024-08,WEEKDAY,8,TRAIN,EW29,8860,72222
2024-08,WEEKENDS/HOLIDAY,21,TRAIN,DT7,688,2061
2024-08,WEEKDAY,21,TRAIN,DT7,1863,4094
2024-08,WEEKENDS/HOLIDAY,13,TRAIN,EW26,16705,11440
2024-08,WEEKDAY,13,TRAIN,EW26,25470,18092
2024-08,WEEKENDS/HOLIDAY,19,TRAIN,CC14,2046,2932
2024-08,WEEKDAY,19,TRAIN,CC14,8551,14403
2024-08,WEEKENDS/HOLIDAY,14,TRAIN,SW6,1622,1591
2024-08,WEEKDAY,14,TRAIN,SW6,3561,4438
2024-08,WEEKENDS/HOLIDAY,15,TRAIN,EW29,6254,3825
2024-08,WEEKDAY,15,TRAIN,EW29,11697,4406
2024-08,WEEKENDS/HOLIDAY,5,TRAIN,NE10,243,75
2024-08,WEEKDAY,5,TRAIN,NE10,1687,492
2024-08,WEEKDAY,18,TRAIN,CE1/DT16,57372,53100
2024-08,WEEKENDS/HOLIDAY,18,TRAIN,CE1/DT16,33579,40749
2024-08,WEEKENDS/HOLIDAY,20,TRAIN,NE5,10777,7340
2024-08,WEEKDAY,20,TRAIN,NE5,26075,13840
2024-08,WEEKENDS/HOLIDAY,21,TRAIN,NE8,27382,15122
2024-08,WEEKDAY,21,TRAIN,NE8,39903,28913
2024-08,WEEKDAY,10,TRAIN,NS27/CE2/TE20,1964,7354
2024-08,WEEKENDS/HOLIDAY,10,TRAIN,NS27/CE2/TE20,1075,2131
2024-08,WEEKDAY,11,TRAIN,CC16,8333,4046
2024-08,WEEKENDS/HOLIDAY,11,TRAIN,CC16,3487,2289
2024-08,WEEKDAY,17,TRAIN,EW17,40225,49018
2024-08,WEEKENDS/HOLIDAY,17,TRAIN,EW17,13137,14734
2024-08,WEEKENDS/HOLIDAY,14,TRAIN,DT25,1845,1636
2024-08,WEEKDAY,14,TRAIN,DT25,3600,3119
2024-08,WEEKDAY,13,TRAIN,CC28,3511,2995
2024-08,WEEKENDS/HOLIDAY,13,TRAIN,CC28,2372,1912
2024-08,WEEKDAY,5,TRAIN,NE9,3329,12
2024-08,WEEKENDS/HOLIDAY,5,TRAIN,NE9,507,0
2024-08,WEEKENDS/HOLIDAY,15,TRAIN,DT7,1634,1773
2024-08,WEEKDAY,15,TRAIN,DT7,6131,5366
2024-08,WEEKDAY,6,TRAIN,CC3,194,3974
2024-08,WEEKENDS/HOLIDAY,6,TRAIN,CC3,139,1249
2024-08,WEEKDAY,9,TRAIN,CC20,9104,5010
2024-08,WEEKENDS/HOLIDAY,9,TRAIN,CC20,2812,2090
2024-08,WEEKDAY,8,TRAIN,EW16/NE3/TE17,33751,133035
2024-08,WEEKENDS/HOLIDAY,8,TRAIN,EW16/NE3/TE17,7323,10515
2024-08,WEEKENDS/HOLIDAY,11,TRAIN,EW18,9239,6693
2024-08,WEEKDAY,11,TRAIN,EW18,17559,13305
2024-08,WEEKENDS/HOLIDAY,8,TRAIN,TE7,2587,2736
2024-08,WEEKDAY,8,TRAIN,TE7,15799,16979
2024-08,WEEKDAY,5,TRAIN,CC17/TE9,1877,218
2024-08,WEEKENDS/HOLIDAY,5,TRAIN,CC17/TE9,383,27
2024-08,WEEKENDS/HOLIDAY,12,TRAIN,BP2,1731,1041
2024-08,WEEKDAY,12,TRAIN,BP2,2564,1607
2024-08,WEEKENDS/HOLIDAY,17,TRAIN,EW12/DT14,48011,42373
2024-08,WEEKDAY,17,TRAIN,EW12/DT14,114589,76185
2024-08,WEEKDAY,22,TRAIN,PE7,878,3701
2024-08,WEEKENDS/HOLIDAY,22,TRAIN,PE7,294,2055
2024-08,WEEKENDS/HOLIDAY,19,TRAIN,BP9,705,1132
2024-08,WEEKDAY,19,TRAIN,BP9,1879,4895
2024-08,WEEKDAY,11,TRAIN,NE17/PTC,37170,32897
2024-08,WEEKENDS/HOLIDAY,11,TRAIN,NE17/PTC,24693,20880
2024-08,WEEKENDS/HOLIDAY,0,TRAIN,TE15,34,107
2024-08,WEEKDAY,0,TRAIN,TE15,66,205
2024-08,WEEKDAY,21,TRAIN,NS7,21884,38285
2024-08,WEEKENDS/HOLIDAY,21,TRAIN,NS7,16043,14300
2024-08,WEEKDAY,21,TRAIN,BP5,1108,1885
2024-08,WEEKENDS/HOLIDAY,21,TRAIN,BP5,488,751
2024-08,WEEKDAY,8,TRAIN,TE15,13765,15807
2024-08,WEEKENDS/HOLIDAY,8,TRAIN,TE15,1922,2683
2024-08,WEEKDAY,23,TRAIN,CC19/DT9,1188,1225
2024-08,WEEKENDS/HOLIDAY,23,TRAIN,CC19/DT9,550,604
2024-08,WEEKENDS/HOLIDAY,9,TRAIN,EW27,19564,12689
2024-08,WEEKDAY,9,TRAIN,EW27,46066,38042
2024-08,WEEKDAY,7,TRAIN,TE15,9302,10098
2024-08,WEEKENDS/HOLIDAY,7,TRAIN,TE15,989,2057
2024-08,WEEKENDS/HOLIDAY,8,TRAIN,EW15,2784,9708
2024-08,WEEKDAY,8,TRAIN,EW15,17370,226107
2024-08,WEEKENDS/HOLIDAY,23,TRAIN,EW22,456,1189
2024-08,WEEKDAY,23,TRAIN,EW22,1282,2320
2024-08,WEEKENDS/HOLIDAY,8,TRAIN,CE1/DT16,4500,16254
2024-08,WEEKDAY,8,TRAIN,CE1/DT16,9914,48458
2024-08,WEEKENDS/HOLIDAY,14,TRAIN,NS8,8475,6970
2024-08,WEEKDAY,14,TRAIN,NS8,13845,13438
2024-08,WEEKDAY,6,TRAIN,TE13,771,3094
2024-08,WEEKENDS/HOLIDAY,6,TRAIN,TE13,168,820
2024-08,WEEKENDS/HOLIDAY,23,TRAIN,TE16,1103,2206
2024-08,WEEKDAY,23,TRAIN,TE16,2423,4309
2024-08,WEEKENDS/HOLIDAY,22,TRAIN,DT25,680,2124
2024-08,WEEKDAY,22,TRAIN,DT25,1528,4692
2024-08,WEEKDAY,19,TRAIN,DT23,10744,6841
2024-08,WEEKENDS/HOLIDAY,19,TRAIN,DT23,1843,1488
2024-08,WEEKENDS/HOLIDAY,7,TRAIN,CG2,7019,9600
2024-08,WEEKDAY,7,TRAIN,CG2,15493,24376
2024-08,WEEKDAY,23,TRAIN,TE6,1185,8403
2024-08,WEEKENDS/HOLIDAY,23,TRAIN,TE6,634,4174
2024-08,WEEKDAY,5,TRAIN,CC12,1016,103
2024-08,WEEKENDS/HOLIDAY,5,TRAIN,CC12,191,8
2024-08,WEEKENDS/HOLIDAY,7,TRAIN,EW16/NE3/TE17,5578,10513
2024-08,WEEKDAY,7,TRAIN,EW16/NE3/TE17,26666,103902
2024-08,WEEKDAY,16,TRAIN,NS23,44766,39994
2024-08,WEEKENDS/HOLIDAY,16,TRAIN,NS23,28998,26200
2024-08,WEEKENDS/HOLIDAY,23,TRAIN,TE15,924,771
2024-08,WEEKDAY,23,TRAIN,TE15,1736,1600
2024-08,WEEKDAY,5,TRAIN,PE6,2212,238
2024-08,WEEKENDS/HOLIDAY,5,TRAIN,PE6,401,45
2024-08,WEEKDAY,19,TRAIN,DT33,14313,51310
2024-08,WEEKENDS/HOLIDAY,19,TRAIN,DT33,4923,8942
2024-08,WEEKDAY,8,TRAIN,NS24/NE6/CC1,25708,56924
2024-08,WEEKENDS/HOLIDAY,8,TRAIN,NS24/NE6/CC1,3364,9784
2024-08,WEEKDAY,23,TRAIN,PE1,282,2387
2024-08,WEEKENDS/HOLIDAY,23,TRAIN,PE1,199,1187
2024-08,WEEKENDS/HOLIDAY,19,TRAIN,NE1/CC29,46769,20282
2024-08,WEEKDAY,19,TRAIN,NE1/CC29,111348,50773
2024-08,WEEKENDS/HOLIDAY,7,TRAIN,BP11,1709,344
2024-08,WEEKDAY,7,TRAIN,BP11,20230,2484
2024-08,WEEKDAY,20,TRAIN,BP4,2210,2999
2024-08,WEEKENDS/HOLIDAY,20,TRAIN,BP4,336,1021
2024-08,WEEKDAY,7,TRAIN,CC3,803,7573
2024-08,WEEKENDS/HOLIDAY,7,TRAIN,CC3,345,2439
2024-08,WEEKDAY,10,TRAIN,DT13,8968,15042
2024-08,WEEKENDS/HOLIDAY,10,TRAIN,DT13,4772,6872
2024-08,WEEKENDS/HOLIDAY,7,TRAIN,SW7,1017,298
2024-08,WEEKDAY,7,TRAIN,SW7,9705,3405
2024-08,WEEKDAY,21,TRAIN,DT30,2558,12621
2024-08,WEEKENDS/HOLIDAY,21,TRAIN,DT30,1219,5243
2024-08,WEEKDAY,15,TRAIN,NE14,25709,28382
2024-08,WEEKENDS/HOLIDAY,15,TRAIN,NE14,14321,14457
2024-08,WEEKDAY,17,TRAIN,NE1/CC29,109215,55664
2024-08,WEEKENDS/HOLIDAY,17,TRAIN,NE1/CC29,43886,32003
2024-08,WEEKENDS/HOLIDAY,21,TRAIN,EW21/CC22,9863,6490
2024-08,WEEKDAY,21,TRAIN,EW21/CC22,26931,13575
2024-08,WEEKENDS/HOLIDAY,23,TRAIN,NS8,2673,4495
2024-08,WEEKDAY,23,TRAIN,NS8,3543,9795
2024-08,WEEKDAY,0,TRAIN,EW33,0,252
2024-08,WEEKENDS/HOLIDAY,0,TRAIN,EW33,0,263
2024-08,WEEKENDS/HOLIDAY,13,TRAIN,NS16,21814,20662
2024-08,WEEKDAY,13,TRAIN,NS16,38653,36273
2024-08,WEEKDAY,15,TRAIN,SW4,1880,3685
2024-08,WEEKENDS/HOLIDAY,15,TRAIN,SW4,1430,1512
2024-08,WEEKENDS/HOLIDAY,5,TRAIN,TE19,15,0
2024-08,WEEKDAY,5,TRAIN,TE19,53,11
2024-08,WEEKENDS/HOLIDAY,12,TRAIN,DT6,4184,2503
2024-08,WEEKDAY,12,TRAIN,DT6,8753,6410
2024-08,WEEKDAY,17,TRAIN,BP8,3266,2567
2024-08,WEEKENDS/HOLIDAY,17,TRAIN,BP8,799,715
2024-08,WEEKENDS/HOLIDAY,9,TRAIN,TE12,1387,2811
2024-08,WEEKDAY,9,TRAIN,TE12,6405,12713
2024-08,WEEKDAY,5,TRAIN,NE13,4156,584
2024-08,WEEKENDS/HOLIDAY,5,TRAIN,NE13,692,145
2024-08,WEEKENDS/HOLIDAY,9,TRAIN,EW24/NS1,14425,24360
2024-08,WEEKDAY,9,TRAIN,EW24/NS1,36367,85721
2024-08,WEEKENDS/HOLIDAY,11,TRAIN,DT18,2960,4320
2024-08,WEEKDAY,11,TRAIN,DT18,12624,17652
2024-08,WEEKDAY,14,TRAIN,DT21,6843,7591
2024-08,WEEKENDS/HOLIDAY,14,TRAIN,DT21,4123,4824
2024-08,WEEKENDS/HOLIDAY,6,TRAIN,NS17/CC15,6074,3627
2024-08,WEEKDAY,6,TRAIN,NS17/CC15,37923,25398
2024-08,WEEKENDS/HOLIDAY,18,TRAIN,DT22,7878,10366
2024-08,WEEKDAY,18,TRAIN,DT22,15378,25426
2024-08,WEEKENDS/HOLIDAY,17,TRAIN,TE18,7487,7166
2024-08,WEEKDAY,17,TRAIN,TE18,20116,12160
2024-08,WEEKDAY,19,TRAIN,EW9,25340,60059
2024-08,WEEKENDS/HOLIDAY,19,TRAIN,EW9,13035,18989
2024-08,WEEKDAY,9,TRAIN,NS27/CE2/TE20,1408,26346
2024-08,WEEKENDS/HOLIDAY,9,TRAIN,NS27/CE2/TE20,714,1534
2024-08,WEEKDAY,17,TRAIN,TE1,20421,4268
2024-08,WEEKENDS/HOLIDAY,17,TRAIN,TE1,2590,2111
2024-08,WEEKENDS/HOLIDAY,11,TRAIN,DT30,4722,1850
2024-08,WEEKDAY,11,TRAIN,DT30,7684,3144
2024-08,WEEKDAY,5,TRAIN,NS8,14382,2341
2024-08,WEEKENDS/HOLIDAY,5,TRAIN,NS8,2800,468
2024-08,WEEKENDS/HOLIDAY,14,TRAIN,EW9,12141,11734
2024-08,WEEKDAY,14,TRAIN,EW9,18280,15384
2024-08,WEEKDAY,8,TRAIN,DT34,14107,12518
2024-08,WEEKENDS/HOLIDAY,8,TRAIN,DT34,1496,1259
2024-08,WEEKDAY,15,TRAIN,TE4,4612,3723
2024-08,WEEKENDS/HOLIDAY,15,TRAIN,TE4,2823,1861
2024-08,WEEKENDS/HOLIDAY,23,TRAIN,NE12/CC13,4576,11880
2024-08,WEEKDAY,23,TRAIN,NE12/CC13,8889,25365
2024-08,WEEKDAY,6,TRAIN,NS3,46537,9713
2024-08,WEEKENDS/HOLIDAY,6,TRAIN,NS3,7302,2540
2024-08,WEEKENDS/HOLIDAY,20,TRAIN,CG2,14887,10165
2024-08,WEEKDAY,20,TRAIN,CG2,27686,19469
2024-08,WEEKENDS/HOLIDAY,7,TRAIN,CC2,307,1056
2024-08,WEEKDAY,7,TRAIN,CC2,1315,7647
2024-08,WEEKENDS/HOLIDAY,10,TRAIN,EW8/CC9,19214,40803
2024-08,WEEKDAY,10,TRAIN,EW8/CC9,24789,48854
2024-08,WEEKDAY,12,TRAIN,NS28,2780,1373
2024-08,WEEKENDS/HOLIDAY,12,TRAIN,NS28,2962,2782
2024-08,WEEKENDS/HOLIDAY,23,TRAIN,SE4,113,883
2024-08,WEEKDAY,23,TRAIN,SE4,204,1942
2024-08,WEEKENDS/HOLIDAY,13,TRAIN,EW20,6929,5405
2024-08,WEEKDAY,13,TRAIN,EW20,13370,12564
2024-08,WEEKENDS/HOLIDAY,18,TRAIN,BP11,1328,1780
2024-08,WEEKDAY,18,TRAIN,BP11,3380,11224
2024-08,WEEKDAY,13,TRAIN,NS15,20027,16626
2024-08,WEEKENDS/HOLIDAY,13,TRAIN,NS15,6618,4751
2024-08,WEEKENDS/HOLIDAY,21,TRAIN,TE19,2650,1370
2024-08,WEEKDAY,21,TRAIN,TE19,10238,2397
2024-08,WEEKENDS/HOLIDAY,6,TRAIN,EW19,2774,1463
2024-08,WEEKDAY,6,TRAIN,EW19,20019,8175
2024-08,WEEKDAY,22,TRAIN,CC14,2481,5064
2024-08,WEEKENDS/HOLIDAY,22,TRAIN,CC14,1036,2209
2024-08,WEEKENDS/HOLIDAY,20,TRAIN,CC16,1687,2895
2024-08,WEEKDAY,20,TRAIN,CC16,5199,8271
2024-08,WEEKDAY,8,TRAIN,CC16,19876,22809
2024-08,WEEKENDS/HOLIDAY,8,TRAIN,CC16,2614,3448
2024-08,WEEKDAY,19,TRAIN,NS5,21573,80260
2024-08,WEEKENDS/HOLIDAY,19,TRAIN,NS5,9063,17306
2024-08,WEEKDAY,21,TRAIN,NS23,66841,15521
2024-08,WEEKENDS/HOLIDAY,21,TRAIN,NS23,28134,8859
2024-08,WEEKENDS/HOLIDAY,6,TRAIN,EW2/DT32,8673,4530
2024-08,WEEKDAY,6,TRAIN,EW2/DT32,57280,25655
2024-08,WEEKDAY,22,TRAIN,NS2,9960,27328
2024-08,WEEKENDS/HOLIDAY,22,TRAIN,NS2,4570,12707
2024-08,WEEKDAY,9,TRAIN,NS11,55258,19985
2024-08,WEEKENDS/HOLIDAY,9,TRAIN,NS11,24144,9758
2024-08,WEEKENDS/HOLIDAY,14,TRAIN,DT31,3586,3694
2024-08,WEEKDAY,14,TRAIN,DT31,5609,6605
2024-08,WEEKENDS/HOLIDAY,22,TRAIN,NE17/PTC,9964,16738
2024-08,WEEKDAY,22,TRAIN,NE17/PTC,17324,34863
2024-08,WEEKDAY,6,TRAIN,TE8,6488,3122
2024-08,WEEKENDS/HOLIDAY,6,TRAIN,TE8,805,989
2024-08,WEEKDAY,12,TRAIN,NE7/DT12,42913,37715
2024-08,WEEKENDS/HOLIDAY,12,TRAIN,NE7/DT12,19968,28480
2024-08,WEEKDAY,8,TRAIN,PE4,3882,1452
2024-08,WEEKENDS/HOLIDAY,8,TRAIN,PE4,826,398
2024-08,WEEKDAY,15,TRAIN,DT34,4394,3457
2024-08,WEEKENDS/HOLIDAY,15,TRAIN,DT34,1909,1790
2024-08,WEEKENDS/HOLIDAY,23,TRAIN,TE1,206,1003
2024-08,WEEKDAY,23,TRAIN,TE1,313,1222
2024-08,WEEKENDS/HOLIDAY,10,TRAIN,TE6,7096,2436
2024-08,WEEKDAY,10,TRAIN,TE6,13000,3891
2024-08,WEEKDAY,17,TRAIN,BP7,1205,2134
2024-08,WEEKENDS/HOLIDAY,17,TRAIN,BP7,349,545
2024-08,WEEKENDS/HOLIDAY,19,TRAIN,DT21,5153,2916
2024-08,WEEKDAY,19,TRAIN,DT21,15188,10416
2024-08,WEEKENDS/HOLIDAY,18,TRAIN,PE6,3547,3863
2024-08,WEEKDAY,18,TRAIN,PE6,8683,18052
2024-08,WEEKDAY,0,TRAIN,DT34,8,621
2024-08,WEEKENDS/HOLIDAY,0,TRAIN,DT34,2,386
2024-08,WEEKENDS/HOLIDAY,20,TRAIN,CC11,6053,4581
2024-08,WEEKDAY,20,TRAIN,CC11,25022,10172
2024-08,WEEKENDS/HOLIDAY,6,TRAIN,NS8,7733,2790
2024-08,WEEKDAY,6,TRAIN,NS8,51545,12328
2024-08,WEEKDAY,0,TRAIN,SW6,17,587
2024-08,WEEKENDS/HOLIDAY,0,TRAIN,SW6,19,300
2024-08,WEEKDAY,16,TRAIN,NE8,28851,29989
2024-08,WEEKENDS/HOLIDAY,16,TRAIN,NE8,22537,24402
2024-08,WEEKDAY,11,TRAIN,EW9,17271,12592
2024-08,WEEKENDS/HOLIDAY,11,TRAIN,EW9,11476,9770
2024-08,WEEKENDS/HOLIDAY,11,TRAIN,DT31,4240,2578
2024-08,WEEKDAY,11,TRAIN,DT31,6754,4167
2024-08,WEEKENDS/HOLIDAY,16,TRAIN,EW6,5384,6342
2024-08,WEEKDAY,16,TRAIN,EW6,9013,14208
2024-08,WEEKDAY,15,TRAIN,NE11,17000,14056
2024-08,WEEKENDS/HOLIDAY,15,TRAIN,NE11,7543,7046
2024-08,WEEKDAY,10,TRAIN,SE5,3319,1190
2024-08,WEEKENDS/HOLIDAY,10,TRAIN,SE5,1981,801
2024-08,WEEKENDS/HOLIDAY,16,TRAIN,BP6/DT1,19051,20392
2024-08,WEEKDAY,16,TRAIN,BP6/DT1,31419,47195
2024-08,WEEKDAY,14,TRAIN,CC24,26771,25553
2024-08,WEEKENDS/HOLIDAY,14,TRAIN,CC24,6495,4772
2024-08,WEEKENDS/HOLIDAY,7,TRAIN,NS18,5868,2303
2024-08,WEEKDAY,7,TRAIN,NS18,36007,18371
2024-08,WEEKDAY,20,TRAIN,NE9,19063,25859
2024-08,WEEKENDS/HOLIDAY,20,TRAIN,NE9,7004,10426
2024-08,WEEKDAY,21,TRAIN,DT27,5810,8841
2024-08,WEEKENDS/HOLIDAY,21,TRAIN,DT27,1992,4808
2024-08,WEEKDAY,21,TRAIN,CE1/DT16,91360,20703
2024-08,WEEKENDS/HOLIDAY,21,TRAIN,CE1/DT16,72005,11232
2024-08,WEEKDAY,16,TRAIN,EW29,25936,5207
2024-08,WEEKENDS/HOLIDAY,16,TRAIN,EW29,8208,4908
2024-08,WEEKENDS/HOLIDAY,8,TRAIN,TE12,996,3387
2024-08,WEEKDAY,8,TRAIN,TE12,6037,22410
2024-08,WEEKDAY,20,TRAIN,TE22,12168,5631
2024-08,WEEKENDS/HOLIDAY,20,TRAIN,TE22,12852,3795
2024-08,WEEKDAY,23,TRAIN,DT20,4112,2175
2024-08,WEEKENDS/HOLIDAY,23,TRAIN,DT20,1777,1175
2024-08,WEEKENDS/HOLIDAY,16,TRAIN,EW15,12493,8678
2024-08,WEEKDAY,16,TRAIN,EW15,45315,19360
2024-08,WEEKDAY,9,TRAIN,EW32,1443,4678
2024-08,WEEKENDS/HOLIDAY,9,TRAIN,EW32,1855,630
2024-08,WEEKDAY,16,TRAIN,NS7,21741,24865
2024-08,WEEKENDS/HOLIDAY,16,TRAIN,NS7,13946,10334
2024-08,WEEKENDS/HOLIDAY,23,TRAIN,NS15,1153,2504
2024-08,WEEKDAY,23,TRAIN,NS15,3551,4979
2024-08,WEEKENDS/HOLIDAY,9,TRAIN,TE15,2685,4404
2024-08,WEEKDAY,9,TRAIN,TE15,9662,14191
2024-08,WEEKDAY,22,TRAIN,EW26,7991,38998
2024-08,WEEKENDS/HOLIDAY,22,TRAIN,EW26,4141,17781
2024-08,WEEKENDS/HOLIDAY,12,TRAIN,NE5,5551,8011
2024-08,WEEKDAY,12,TRAIN,NE5,12488,15515
2024-08,WEEKDAY,11,TRAIN,TE13,5521,4692
2024-08,WEEKENDS/HOLIDAY,11,TRAIN,TE13,2794,2753
2024-08,WEEKDAY,10,TRAIN,NE4/DT19,31740,69293
2024-08,WEEKENDS/HOLIDAY,10,TRAIN,NE4/DT19,16628,34842
2024-08,WEEKENDS/HOLIDAY,19,TRAIN,NE7/DT12,25642,22616
2024-08,WEEKDAY,19,TRAIN,NE7/DT12,42817,47964
2024-08,WEEKENDS/HOLIDAY,19,TRAIN,DT3,2587,4405
2024-08,WEEKDAY,19,TRAIN,DT3,6187,20923
2024-08,WEEKENDS/HOLIDAY,17,TRAIN,NS2,13455,16226
2024-08,WEEKDAY,17,TRAIN,NS2,44324,57722
2024-08,WEEKDAY,0,TRAIN,TE13,62,177
2024-08,WEEKENDS/HOLIDAY,0,TRAIN,TE13,28,88
2024-08,WEEKENDS/HOLIDAY,18,TRAIN,TE18,7161,8051
2024-08,WEEKDAY,18,TRAIN,TE18,29893,21659
2024-08,WEEKDAY,23,TRAIN,EW30,126,485
2024-08,WEEKENDS/HOLIDAY,23,TRAIN,EW30,79,620
2024-08,WEEKDAY,10,TRAIN,SW7,3249,1148
2024-08,WEEKENDS/HOLIDAY,10,TRAIN,SW7,1709,621
2024-08,WEEKDAY,18,TRAIN,PE5,6179,14824
2024-08,WEEKENDS/HOLIDAY,18,TRAIN,PE5,2339,3121
2024-08,WEEKENDS/HOLIDAY,13,TRAIN,NE11,8498,7867
2024-08,WEEKDAY,13,TRAIN,NE11,15068,13163
2024-08,WEEKENDS/HOLIDAY,22,TRAIN,PW3,213,1079
2024-08,WEEKDAY,22,TRAIN,PW3,507,1767
2024-08,WEEKENDS/HOLIDAY,18,TRAIN,TE12,2440,1220
2024-08,WEEKDAY,18,TRAIN,TE12,11657,5698
2024-08,WEEKENDS/HOLIDAY,20,TRAIN,SE3,511,2063
2024-08,WEEKDAY,20,TRAIN,SE3,1006,6043
2024-08,WEEKENDS/HOLIDAY,12,TRAIN,DT13,6380,7340
2024-08,WEEKDAY,12,TRAIN,DT13,12496,17375
2024-08,WEEKENDS/HOLIDAY,20,TRAIN,TE3,2527,4932
2024-08,WEEKDAY,20,TRAIN,TE3,6853,14018
2024-08,WEEKDAY,23,TRAIN,NS16,7844,27376
2024-08,WEEKENDS/HOLIDAY,23,TRAIN,NS16,3472,13315
2024-08,WEEKDAY,5,TRAIN,CC11,1167,1378
2024-08,WEEKENDS/HOLIDAY,5,TRAIN,CC11,355,197
2024-08,WEEKDAY,9,TRAIN,TE13,4347,9265
2024-08,WEEKENDS/HOLIDAY,9,TRAIN,TE13,1642,2444
2024-08,WEEKENDS/HOLIDAY,17,TRAIN,EW9,14688,17041
2024-08,WEEKDAY,17,TRAIN,EW9,33876,32975
2024-08,WEEKENDS/HOLIDAY,17,TRAIN,TE3,5139,3862
2024-08,WEEKDAY,17,TRAIN,TE3,24035,16200
2024-08,WEEKENDS/HOLIDAY,22,TRAIN,CC10/DT26,2400,6616
2024-08,WEEKDAY,22,TRAIN,CC10/DT26,6323,13772
2024-08,WEEKDAY,22,TRAIN,PE6,1817,4494
2024-08,WEEKENDS/HOLIDAY,22,TRAIN,PE6,935,2175
2024-08,WEEKDAY,9,TRAIN,TE5,7693,3154
2024-08,WEEKENDS/HOLIDAY,9,TRAIN,TE5,2778,1096
2024-08,WEEKENDS/HOLIDAY,13,TRAIN,NS27/CE2/TE20,2105,3099
2024-08,WEEKDAY,13,TRAIN,NS27/CE2/TE20,3928,8454
2024-08,WEEKDAY,0,TRAIN,NS24/NE6/CC1,464,373
2024-08,WEEKENDS/HOLIDAY,0,TRAIN,NS24/NE6/CC1,181,212
2024-08,WEEKDAY,14,TRAIN,BP9,1947,1738
2024-08,WEEKENDS/HOLIDAY,14,TRAIN,BP9,1223,884
2024-08,WEEKENDS/HOLIDAY,19,TRAIN,EW24/NS1,48253,35128
2024-08,WEEKDAY,19,TRAIN,EW24/NS1,136358,103270
2024-08,WEEKENDS/HOLIDAY,12,TRAIN,NS23,13728,28760
2024-08,WEEKDAY,12,TRAIN,NS23,26692,51308
2024-08,WEEKENDS/HOLIDAY,21,TRAIN,PE4,536,1089
2024-08,WEEKDAY,21,TRAIN,PE4,919,2155
2024-08,WEEKDAY,13,TRAIN,NE4/DT19,84759,62977
2024-08,WEEKENDS/HOLIDAY,13,TRAIN,NE4/DT19,35119,38594
2024-08,WEEKENDS/HOLIDAY,20,TRAIN,PE5,933,3012
2024-08,WEEKDAY,20,TRAIN,PE5,1968,9326
2024-08,WEEKENDS/HOLIDAY,20,TRAIN,TE13,1745,1665
2024-08,WEEKDAY,20,TRAIN,TE13,5228,3222
2024-08,WEEKDAY,15,TRAIN,CC26,3660,2669
2024-08,WEEKENDS/HOLIDAY,15,TRAIN,CC26,1471,1124
2024-08,WEEKENDS/HOLIDAY,22,TRAIN,NS19,6287,16491
2024-08,WEEKDAY,22,TRAIN,NS19,13818,35269
2024-08,WEEKDAY,21,TRAIN,NS8,11946,22228
2024-08,WEEKENDS/HOLIDAY,21,TRAIN,NS8,6115,8079
2024-08,WEEKENDS/HOLIDAY,11,TRAIN,PE2,3702,1734
2024-08,WEEKDAY,11,TRAIN,PE2,5934,3391
2024-08,WEEKDAY,11,TRAIN,EW28,22993,16102
2024-08,WEEKENDS/HOLIDAY,11,TRAIN,EW28,16386,6611
2024-08,WEEKENDS/HOLIDAY,10,TRAIN,EW14/NS26,6295,14695
2024-08,WEEKDAY,10,TRAIN,EW14/NS26,20351,85234
2024-08,WEEKDAY,14,TRAIN,CC4/DT15,19701,21163
2024-08,WEEKENDS/HOLIDAY,14,TRAIN,CC4/DT15,10874,15729
2024-08,WEEKDAY,7,TRAIN,EW3,42272,26101
2024-08,WEEKENDS/HOLIDAY,7,TRAIN,EW3,5285,3111
2024-08,WEEKENDS/HOLIDAY,8,TRAIN,EW12/DT14,6791,16545
2024-08,WEEKDAY,8,TRAIN,EW12/DT14,25646,123591
2024-08,WEEKENDS/HOLIDAY,19,TRAIN,DT8,1282,1836
2024-08,WEEKDAY,19,TRAIN,DT8,6847,6265
2024-08,WEEKDAY,11,TRAIN,NE9,25217,15651
2024-08,WEEKENDS/HOLIDAY,11,TRAIN,NE9,13587,8501
2024-08,WEEKDAY,19,TRAIN,CC17/TE9,8543,11997
2024-08,WEEKENDS/HOLIDAY,19,TRAIN,CC17/TE9,1909,2289
2024-08,WEEKENDS/HOLIDAY,8,TRAIN,DT30,4693,1809
2024-08,WEEKDAY,8,TRAIN,DT30,41270,5152
2024-08,WEEKENDS/HOLIDAY,18,TRAIN,PW5,1613,2803
2024-08,WEEKDAY,18,TRAIN,PW5,3015,6804
2024-08,WEEKENDS/HOLIDAY,17,TRAIN,PE5,2713,2813
2024-08,WEEKDAY,17,TRAIN,PE5,6532,9920
2024-08,WEEKENDS/HOLIDAY,16,TRAIN,DT33,7402,6835
2024-08,WEEKDAY,16,TRAIN,DT33,14074,17800
2024-08,WEEKDAY,9,TRAIN,PW4,6278,3437
2024-08,WEEKENDS/HOLIDAY,9,TRAIN,PW4,2624,1820
2024-08,WEEKENDS/HOLIDAY,21,TRAIN,BP12,341,813
2024-08,WEEKDAY,21,TRAIN,BP12,798,2110
2024-08,WEEKENDS/HOLIDAY,22,TRAIN,EW16/NE3/TE17,7088,6093
2024-08,WEEKDAY,22,TRAIN,EW16/NE3/TE17,19451,11891
2024-08,WEEKENDS/HOLIDAY,7,TRAIN,SW2,1143,1003
2024-08,WEEKDAY,7,TRAIN,SW2,13328,4176
2024-08,WEEKENDS/HOLIDAY,18,TRAIN,CC21,5999,6959
2024-08,WEEKDAY,18,TRAIN,CC21,15249,33206
2024-08,WEEKDAY,7,TRAIN,DT6,11445,16893
2024-08,WEEKENDS/HOLIDAY,7,TRAIN,DT6,1163,2020
2024-08,WEEKDAY,22,TRAIN,BP12,435,1708
2024-08,WEEKENDS/HOLIDAY,22,TRAIN,BP12,230,658
2024-08,WEEKENDS/HOLIDAY,6,TRAIN,NS16,11970,6430
2024-08,WEEKDAY,6,TRAIN,NS16,57484,35789
2024-08,WEEKDAY,13,TRAIN,NS10,31006,26397
2024-08,WEEKENDS/HOLIDAY,13,TRAIN,NS10,20185,15054
2024-08,WEEKDAY,8,TRAIN,DT8,8823,13450
2024-08,WEEKENDS/HOLIDAY,8,TRAIN,DT8,1582,1569
2024-08,WEEKENDS/HOLIDAY,21,TRAIN,CC14,985,2820
2024-08,WEEKDAY,21,TRAIN,CC14,2860,6907
2024-08,WEEKDAY,13,TRAIN,NE10,18450,14878
2024-08,WEEKENDS/HOLIDAY,13,TRAIN,NE10,9283,7607
2024-08,WEEKENDS/HOLIDAY,5,TRAIN,EW31,442,133
2024-08,WEEKDAY,5,TRAIN,EW31,1335,1529
2024-08,WEEKENDS/HOLIDAY,23,TRAIN,BP9,66,281
2024-08,WEEKDAY,23,TRAIN,BP9,75,605
2024-08,WEEKENDS/HOLIDAY,9,TRAIN,EW7,8868,5873
2024-08,WEEKDAY,9,TRAIN,EW7,25065,15065
2024-08,WEEKENDS/HOLIDAY,5,TRAIN,BP12,562,48
2024-08,WEEKDAY,5,TRAIN,BP12,2902,248
2024-08,WEEKDAY,10,TRAIN,EW26,32667,10287
2024-08,WEEKENDS/HOLIDAY,10,TRAIN,EW26,19365,6428
2024-08,WEEKENDS/HOLIDAY,6,TRAIN,TE18,294,872
2024-08,WEEKDAY,6,TRAIN,TE18,1228,2845
2024-08,WEEKDAY,20,TRAIN,EW27,44233,74141
2024-08,WEEKENDS/HOLIDAY,20,TRAIN,EW27,18465,30557
2024-08,WEEKDAY,15,TRAIN,NS21/DT11,51306,55327
2024-08,WEEKENDS/HOLIDAY,15,TRAIN,NS21/DT11,29538,30699
2024-08,WEEKDAY,15,TRAIN,EW3,16709,17879
2024-08,WEEKENDS/HOLIDAY,15,TRAIN,EW3,8593,8492
2024-08,WEEKENDS/HOLIDAY,13,TRAIN,CC27,973,899
2024-08,WEEKDAY,13,TRAIN,CC27,3684,6861
2024-08,WEEKDAY,16,TRAIN,DT21,11041,7552
2024-08,WEEKENDS/HOLIDAY,16,TRAIN,DT21,5276,4505
2024-08,WEEKENDS/HOLIDAY,5,TRAIN,EW6,182,38
2024-08,WEEKDAY,5,TRAIN,EW6,1311,216
2024-08,WEEKENDS/HOLIDAY,20,TRAIN,SW1,961,1222
2024-08,WEEKDAY,20,TRAIN,SW1,2621,2993
2024-08,WEEKDAY,8,TRAIN,DT13,11348,23844
2024-08,WEEKENDS/HOLIDAY,8,TRAIN,DT13,2793,4715
2024-08,WEEKDAY,11,TRAIN,CC19/DT9,7282,9082
2024-08,WEEKENDS/HOLIDAY,11,TRAIN,CC19/DT9,4769,5899
2024-08,WEEKENDS/HOLIDAY,13,TRAIN,DT2,1130,657
2024-08,WEEKDAY,13,TRAIN,DT2,3753,2067
2024-08,WEEKDAY,20,TRAIN,EW24/NS1,116001,48358
2024-08,WEEKENDS/HOLIDAY,20,TRAIN,EW24/NS1,49301,22638
2024-08,WEEKDAY,18,TRAIN,NS3,24436,65781
2024-08,WEEKENDS/HOLIDAY,18,TRAIN,NS3,9356,11367
2024-08,WEEKDAY,23,TRAIN,DT18,7417,1475
2024-08,WEEKENDS/HOLIDAY,23,TRAIN,DT18,2473,808
2024-08,WEEKENDS/HOLIDAY,23,TRAIN,CE1/DT16,25239,3215
2024-08,WEEKDAY,23,TRAIN,CE1/DT16,44429,6315
2024-08,WEEKDAY,10,TRAIN,TE3,10120,4179
2024-08,WEEKENDS/HOLIDAY,10,TRAIN,TE3,4832,2462
2024-08,WEEKDAY,9,TRAIN,SE1,6908,2092
2024-08,WEEKENDS/HOLIDAY,9,TRAIN,SE1,2743,1041
2024-08,WEEKDAY,9,TRAIN,DT3,16377,3569
2024-08,WEEKENDS/HOLIDAY,9,TRAIN,DT3,5355,2145
2024-08,WEEKENDS/HOLIDAY,17,TRAIN,PW4,3202,3952
2024-08,WEEKDAY,17,TRAIN,PW4,5986,9467
2024-08,WEEKDAY,14,TRAIN,DT18,12043,11008
2024-08,WEEKENDS/HOLIDAY,14,TRAIN,DT18,3805,2969
2024-08,WEEKENDS/HOLIDAY,18,TRAIN,EW27,26469,35954
2024-08,WEEKDAY,18,TRAIN,EW27,102671,161094
2024-08,WEEKENDS/HOLIDAY,21,TRAIN,TE1,888,2366
2024-08,WEEKDAY,21,TRAIN,TE1,5069,3164
2024-08,WEEKDAY,23,TRAIN,NS20,3516,3652
2024-08,WEEKENDS/HOLIDAY,23,TRAIN,NS20,1522,1727
2024-08,WEEKDAY,12,TRAIN,BP11,3112,2132
2024-08,WEEKENDS/HOLIDAY,12,TRAIN,BP11,2149,1263
2024-08,WEEKENDS/HOLIDAY,13,TRAIN,DT24,2601,2049
2024-08,WEEKDAY,13,TRAIN,DT24,4993,4070
2024-08,WEEKENDS/HOLIDAY,17,TRAIN,SW5,4275,4982
2024-08,WEEKDAY,17,TRAIN,SW5,9655,13941
2024-08,WEEKENDS/HOLIDAY,17,TRAIN,CC28,2095,2198
2024-08,WEEKDAY,17,TRAIN,CC28,5558,7212
2024-08,WEEKDAY,0,TRAIN,DT29,65,792
2024-08,WEEKENDS/HOLIDAY,0,TRAIN,DT29,33,389
2024-08,WEEKENDS/HOLIDAY,22,TRAIN,CC24,1565,2415
2024-08,WEEKDAY,22,TRAIN,CC24,13375,4018
2024-08,WEEKDAY,22,TRAIN,TE1,2189,1932
2024-08,WEEKENDS/HOLIDAY,22,TRAIN,TE1,730,1845
2024-08,WEEKDAY,23,TRAIN,DT30,549,5933
2024-08,WEEKENDS/HOLIDAY,23,TRAIN,DT30,304,2553
2024-08,WEEKENDS/HOLIDAY,0,TRAIN,SE2,19,386
2024-08,WEEKDAY,0,TRAIN,SE2,36,778
2024-08,WEEKENDS/HOLIDAY,16,TRAIN,NS25/EW13,47221,53542
2024-08,WEEKDAY,16,TRAIN,NS25/EW13,56038,44229
2024-08,WEEKENDS/HOLIDAY,9,TRAIN,TE8,3946,5528
2024-08,WEEKDAY,9,TRAIN,TE8,11185,10261
2024-08,WEEKENDS/HOLIDAY,22,TRAIN,BP8,464,576
2024-08,WEEKDAY,22,TRAIN,BP8,1246,1363
2024-08,WEEKENDS/HOLIDAY,13,TRAIN,TE13,2490,2180
2024-08,WEEKDAY,13,TRAIN,TE13,4370,5915
2024-08,WEEKDAY,12,TRAIN,PW4,4514,4209
2024-08,WEEKENDS/HOLIDAY,12,TRAIN,PW4,3449,3240
2024-08,WEEKENDS/HOLIDAY,17,TRAIN,TE19,2378,2061
2024-08,WEEKDAY,17,TRAIN,TE19,46392,5274
2024-08,WEEKDAY,7,TRAIN,DT10/TE11,16069,28813
2024-08,WEEKENDS/HOLIDAY,7,TRAIN,DT10/TE11,2032,2137
2024-08,WEEKDAY,18,TRAIN,DT34,14524,10669
2024-08,WEEKENDS/HOLIDAY,18,TRAIN,DT34,2387,2156
2024-08,WEEKDAY,23,TRAIN,CC6,4869,547
2024-08,WEEKENDS/HOLIDAY,23,TRAIN,CC6,3125,374
2024-08,WEEKENDS/HOLIDAY,17,TRAIN,NS13,24887,34082
2024-08,WEEKDAY,17,TRAIN,NS13,65948,113297
2024-08,WEEKDAY,10,TRAIN,CC8,8475,4981
2024-08,WEEKENDS/HOLIDAY,10,TRAIN,CC8,4365,2829
2024-08,WEEKDAY,22,TRAIN,TE7,1439,5359
2024-08,WEEKENDS/HOLIDAY,22,TRAIN,TE7,681,2189
2024-08,WEEKENDS/HOLIDAY,13,TRAIN,SW8,1100,953
2024-08,WEEKDAY,13,TRAIN,SW8,2341,3603
2024-08,WEEKDAY,12,TRAIN,EW22,13874,15039
2024-08,WEEKENDS/HOLIDAY,12,TRAIN,EW22,2957,2222
2024-08,WEEKDAY,15,TRAIN,TE13,5237,5087
2024-08,WEEKENDS/HOLIDAY,15,TRAIN,TE13,2369,1951
2024-08,WEEKDAY,21,TRAIN,NS2,16189,35965
2024-08,WEEKENDS/HOLIDAY,21,TRAIN,NS2,6359,15384
2024-08,WEEKENDS/HOLIDAY,19,TRAIN,TE8,5920,5291
2024-08,WEEKDAY,19,TRAIN,TE8,15727,20678
2024-08,WEEKDAY,11,TRAIN,PE3,6917,4545
2024-08,WEEKENDS/HOLIDAY,11,TRAIN,PE3,4698,2702
2024-08,WEEKENDS/HOLIDAY,23,TRAIN,NE8,6600,4563
2024-08,WEEKDAY,23,TRAIN,NE8,10451,9175
2024-08,WEEKENDS/HOLIDAY,5,TRAIN,NS18,677,136
2024-08,WEEKDAY,5,TRAIN,NS18,3802,810
2024-08,WEEKENDS/HOLIDAY,8,TRAIN,DT28,5039,3435
2024-08,WEEKDAY,8,TRAIN,DT28,30468,37824
2024-08,WEEKENDS/HOLIDAY,8,TRAIN,DT20,1198,2419
2024-08,WEEKDAY,8,TRAIN,DT20,11901,16492
2024-08,WEEKDAY,6,TRAIN,DT30,13144,4177
2024-08,WEEKENDS/HOLIDAY,6,TRAIN,DT30,1860,650
2024-08,WEEKDAY,15,TRAIN,CC21,13971,10959
2024-08,WEEKENDS/HOLIDAY,15,TRAIN,CC21,6524,4965
2024-08,WEEKENDS/HOLIDAY,16,TRAIN,EW22,2755,2807
2024-08,WEEKDAY,16,TRAIN,EW22,22643,8263
2024-08,WEEKDAY,14,TRAIN,BP5,1982,2293
2024-08,WEEKENDS/HOLIDAY,14,TRAIN,BP5,970,969
2024-08,WEEKDAY,18,TRAIN,TE1,22786,6495
2024-08,WEEKENDS/HOLIDAY,18,TRAIN,TE1,2419,2519
2024-08,WEEKENDS/HOLIDAY,23,TRAIN,TE22,1287,113
2024-08,WEEKDAY,23,TRAIN,TE22,1275,218
2024-08,WEEKENDS/HOLIDAY,9,TRAIN,PE2,3637,970
2024-08,WEEKDAY,9,TRAIN,PE2,8465,2210
2024-08,WEEKDAY,15,TRAIN,BP12,2850,1790
2024-08,WEEKENDS/HOLIDAY,15,TRAIN,BP12,1109,692
2024-08,WEEKDAY,19,TRAIN,NS10,34616,99645
2024-08,WEEKENDS/HOLIDAY,19,TRAIN,NS10,11712,20695
2024-08,WEEKENDS/HOLIDAY,16,TRAIN,SE3,1414,1432
2024-08,WEEKDAY,16,TRAIN,SE3,2286,3817
2024-08,WEEKDAY,13,TRAIN,CC14,8812,7977
2024-08,WEEKENDS/HOLIDAY,13,TRAIN,CC14,3229,3040
2024-08,WEEKENDS/HOLIDAY,11,TRAIN,NS20,18954,21560
2024-08,WEEKDAY,11,TRAIN,NS20,38745,45456
2024-08,WEEKDAY,17,TRAIN,BP4,10625,3761
2024-08,WEEKENDS/HOLIDAY,17,TRAIN,BP4,855,976
2024-08,WEEKDAY,10,TRAIN,DT29,8256,2485
2024-08,WEEKENDS/HOLIDAY,10,TRAIN,DT29,4287,1270
2024-08,WEEKENDS/HOLIDAY,11,TRAIN,DT34,2383,1155
2024-08,WEEKDAY,11,TRAIN,DT34,4860,2741
2024-08,WEEKENDS/HOLIDAY,11,TRAIN,TE12,2680,2349
2024-08,WEEKDAY,11,TRAIN,TE12,6719,5922
2024-08,WEEKDAY,23,TRAIN,CG2,10329,10207
2024-08,WEEKENDS/HOLIDAY,23,TRAIN,CG2,5283,4022
2024-08,WEEKENDS/HOLIDAY,18,TRAIN,CG1/DT35,12875,9499
2024-08,WEEKDAY,18,TRAIN,CG1/DT35,81282,14393
2024-08,WEEKENDS/HOLIDAY,14,TRAIN,PW6,812,673
2024-08,WEEKDAY,14,TRAIN,PW6,1528,1892
2024-08,WEEKDAY,15,TRAIN,EW1,22358,29671
2024-08,WEEKENDS/HOLIDAY,15,TRAIN,EW1,15046,14519
2024-08,WEEKDAY,10,TRAIN,SE4,4599,2301
2024-08,WEEKENDS/HOLIDAY,10,TRAIN,SE4,2770,1657
2024-08,WEEKDAY,13,TRAIN,EW11,16768,18941
2024-08,WEEKENDS/HOLIDAY,13,TRAIN,EW11,9966,11098
2024-08,WEEKDAY,11,TRAIN,SW3,2777,1725
2024-08,WEEKENDS/HOLIDAY,11,TRAIN,SW3,1418,783
2024-08,WEEKENDS/HOLIDAY,12,TRAIN,TE13,2756,2623
2024-08,WEEKDAY,12,TRAIN,TE13,6844,4499
2024-08,WEEKENDS/HOLIDAY,6,TRAIN,EW27,12945,7374
2024-08,WEEKDAY,6,TRAIN,EW27,69161,45061
2024-08,WEEKDAY,22,TRAIN,DT34,1855,4098
2024-08,WEEKENDS/HOLIDAY,22,TRAIN,DT34,630,1837
2024-08,WEEKDAY,14,TRAIN,SE1,6639,4332
2024-08,WEEKENDS/HOLIDAY,14,TRAIN,SE1,1901,2022
2024-08,WEEKENDS/HOLIDAY,7,TRAIN,TE6,4802,1610
2024-08,WEEKDAY,7,TRAIN,TE6,39768,15538
2024-08,WEEKDAY,23,TRAIN,CC12,538,2385
2024-08,WEEKENDS/HOLIDAY,23,TRAIN,CC12,266,1115
2024-08,WEEKDAY,20,TRAIN,CE1/DT16,88782,32913
2024-08,WEEKENDS/HOLIDAY,20,TRAIN,CE1/DT16,69402,20899
2024-08,WEEKENDS/HOLIDAY,19,TRAIN,EW7,6103,9997
2024-08,WEEKDAY,19,TRAIN,EW7,15149,39255
2024-08,WEEKENDS/HOLIDAY,9,TRAIN,DT10/TE11,4037,2316
2024-08,WEEKDAY,9,TRAIN,DT10/TE11,13705,5375
2024-08,WEEKDAY,8,TRAIN,NE4/DT19,27336,86678
2024-08,WEEKENDS/HOLIDAY,8,TRAIN,NE4/DT19,7214,14585
2024-08,WEEKENDS/HOLIDAY,20,TRAIN,DT24,1371,2728
2024-08,WEEKDAY,20,TRAIN,DT24,3730,7589
2024-08,WEEKENDS/HOLIDAY,14,TRAIN,TE18,9108,6540
2024-08,WEEKDAY,14,TRAIN,TE18,14205,10298
2024-08,WEEKENDS/HOLIDAY,10,TRAIN,EW12/DT14,15089,36019
2024-08,WEEKDAY,10,TRAIN,EW12/DT14,27726,66184
2024-08,WEEKENDS/HOLIDAY,8,TRAIN,CG1/DT35,1137,5690
2024-08,WEEKDAY,8,TRAIN,CG1/DT35,3316,80878
2024-08,WEEKDAY,13,TRAIN,NE13,20784,19616
2024-08,WEEKENDS/HOLIDAY,13,TRAIN,NE13,15395,12131
2024-08,WEEKENDS/HOLIDAY,23,TRAIN,EW19,997,3499
2024-08,WEEKDAY,23,TRAIN,EW19,1951,7662
2024-08,WEEKENDS/HOLIDAY,0,TRAIN,NS25/EW13,346,102
2024-08,WEEKDAY,0,TRAIN,NS25/EW13,635,208
2024-08,WEEKDAY,5,TRAIN,PW3,982,90
2024-08,WEEKENDS/HOLIDAY,5,TRAIN,PW3,220,13
2024-08,WEEKENDS/HOLIDAY,19,TRAIN,CC5,3871,2440
2024-08,WEEKDAY,19,TRAIN,CC5,8826,6579
2024-08,WEEKENDS/HOLIDAY,5,TRAIN,EW3,987,74
2024-08,WEEKDAY,5,TRAIN,EW3,4839,393
2024-08,WEEKDAY,10,TRAIN,DT21,6550,8832
2024-08,WEEKENDS/HOLIDAY,10,TRAIN,DT21,3800,4425
2024-08,WEEKENDS/HOLIDAY,21,TRAIN,PE3,1059,3354
2024-08,WEEKDAY,21,TRAIN,PE3,3091,7342
2024-08,WEEKDAY,10,TRAIN,NE5,8044,21755
2024-08,WEEKENDS/HOLIDAY,10,TRAIN,NE5,3538,7498
2024-08,WEEKENDS/HOLIDAY,19,TRAIN,NE14,10524,17915
2024-08,WEEKDAY,19,TRAIN,NE14,28455,80765
2024-08,WEEKDAY,5,TRAIN,DT27,683,299
2024-08,WEEKENDS/HOLIDAY,5,TRAIN,DT27,148,47
2024-08,WEEKDAY,18,TRAIN,TE19,78581,7160
2024-08,WEEKENDS/HOLIDAY,18,TRAIN,TE19,2242,2305
2024-08,WEEKDAY,21,TRAIN,PE6,4846,6244
2024-08,WEEKENDS/HOLIDAY,21,TRAIN,PE6,1701,2837
2024-08,WEEKENDS/HOLIDAY,22,TRAIN,CC16,930,2401
2024-08,WEEKDAY,22,TRAIN,CC16,2667,5568
2024-08,WEEKENDS/HOLIDAY,17,TRAIN,PW5,1760,2328
2024-08,WEEKDAY,17,TRAIN,PW5,3233,4780
2024-08,WEEKDAY,22,TRAIN,EW30,1302,675
2024-08,WEEKENDS/HOLIDAY,22,TRAIN,EW30,410,902
2024-08,WEEKDAY,8,TRAIN,DT17,4994,139842
2024-08,WEEKENDS/HOLIDAY,8,TRAIN,DT17,757,2819
2024-08,WEEKDAY,12,TRAIN,SW7,2863,2061
2024-08,WEEKENDS/HOLIDAY,12,TRAIN,SW7,1619,1020
2024-08,WEEKENDS/HOLIDAY,23,TRAIN,NS10,1917,12062
2024-08,WEEKDAY,23,TRAIN,NS10,4048,23741
2024-08,WEEKDAY,23,TRAIN,NS25/EW13,26667,3915
2024-08,WEEKENDS/HOLIDAY,23,TRAIN,NS25/EW13,14553,1752
2024-08,WEEKDAY,7,TRAIN,EW23,103267,101809
2024-08,WEEKENDS/HOLIDAY,7,TRAIN,EW23,14626,14224
2024-08,WEEKENDS/HOLIDAY,18,TRAIN,SW4,1653,1905
2024-08,WEEKDAY,18,TRAIN,SW4,3885,8307
2024-08,WEEKDAY,0,TRAIN,EW3,96,2126
2024-08,WEEKENDS/HOLIDAY,0,TRAIN,EW3,30,1105
2024-08,WEEKDAY,12,TRAIN,NE8,25272,31912
2024-08,WEEKENDS/HOLIDAY,12,TRAIN,NE8,17377,22704
2024-08,WEEKENDS/HOLIDAY,19,TRAIN,CC2,2640,2008
2024-08,WEEKDAY,19,TRAIN,CC2,9927,6225
2024-08,WEEKENDS/HOLIDAY,9,TRAIN,CC5,1247,2105
2024-08,WEEKDAY,9,TRAIN,CC5,3415,11671
2024-08,WEEKENDS/HOLIDAY,23,TRAIN,EW9,3432,6008
2024-08,WEEKDAY,23,TRAIN,EW9,5823,12322
2024-08,WEEKDAY,10,TRAIN,DT20,4957,6850
2024-08,WEEKENDS/HOLIDAY,10,TRAIN,DT20,2566,3477
2024-08,WEEKENDS/HOLIDAY,21,TRAIN,NE15,4006,14498
2024-08,WEEKDAY,21,TRAIN,NE15,8974,33741
2024-08,WEEKDAY,10,TRAIN,PW1,707,2307
2024-08,WEEKENDS/HOLIDAY,10,TRAIN,PW1,678,2299
2024-08,WEEKENDS/HOLIDAY,14,TRAIN,BP11,1418,1324
2024-08,WEEKDAY,14,TRAIN,BP11,2343,2809
2024-08,WEEKENDS/HOLIDAY,15,TRAIN,SW5,4092,3820
2024-08,WEEKDAY,15,TRAIN,SW5,7197,8593
2024-08,WEEKENDS/HOLIDAY,6,TRAIN,BP8,401,256
2024-08,WEEKDAY,6,TRAIN,BP8,4639,3385
2024-08,WEEKENDS/HOLIDAY,17,TRAIN,EW23,27395,28747
2024-08,WEEKDAY,17,TRAIN,EW23,92958,88467
2024-08,WEEKENDS/HOLIDAY,10,TRAIN,CC10/DT26,7506,5292
2024-08,WEEKDAY,10,TRAIN,CC10/DT26,13107,11991
2024-08,WEEKENDS/HOLIDAY,11,TRAIN,NE5,4385,7959
2024-08,WEEKDAY,11,TRAIN,NE5,9626,13928
2024-08,WEEKDAY,8,TRAIN,PW7,5900,3042
2024-08,WEEKENDS/HOLIDAY,8,TRAIN,PW7,1500,741
2024-08,WEEKDAY,18,TRAIN,EW17,50702,81050
2024-08,WEEKENDS/HOLIDAY,18,TRAIN,EW17,12744,14149
2024-08,WEEKDAY,21,TRAIN,NS17/CC15,35942,41528
2024-08,WEEKENDS/HOLIDAY,21,TRAIN,NS17/CC15,14932,17800
2024-08,WEEKDAY,22,TRAIN,EW19,5991,16427
2024-08,WEEKENDS/HOLIDAY,22,TRAIN,EW19,2440,6775
2024-08,WEEKDAY,0,TRAIN,CC17/TE9,43,572
2024-08,WEEKENDS/HOLIDAY,0,TRAIN,CC17/TE9,24,360
2024-08,WEEKENDS/HOLIDAY,21,TRAIN,CC10/DT26,3101,7513
2024-08,WEEKDAY,21,TRAIN,CC10/DT26,9284,16409
2024-08,WEEKDAY,10,TRAIN,NS9/TE2,46145,40556
2024-08,WEEKENDS/HOLIDAY,10,TRAIN,NS9/TE2,25323,22428
2024-08,WEEKDAY,16,TRAIN,CC6,9444,10362
2024-08,WEEKENDS/HOLIDAY,16,TRAIN,CC6,9288,9284
2024-08,WEEKENDS/HOLIDAY,12,TRAIN,EW1,17097,11094
2024-08,WEEKDAY,12,TRAIN,EW1,26434,18944
2024-08,WEEKENDS/HOLIDAY,5,TRAIN,NS20,136,338
2024-08,WEEKDAY,5,TRAIN,NS20,907,2253
2024-08,WEEKDAY,12,TRAIN,TE4,4171,4143
2024-08,WEEKENDS/HOLIDAY,12,TRAIN,TE4,2942,2347
2024-08,WEEKDAY,15,TRAIN,EW32,3073,1120
2024-08,WEEKENDS/HOLIDAY,15,TRAIN,EW32,2217,1038
2024-08,WEEKDAY,19,TRAIN,TE18,20070,13817
2024-08,WEEKENDS/HOLIDAY,19,TRAIN,TE18,7162,5499
2024-08,WEEKENDS/HOLIDAY,19,TRAIN,NS13,20062,31770
2024-08,WEEKDAY,19,TRAIN,NS13,49274,146586
2024-08,WEEKDAY,11,TRAIN,SW1,3465,3535
2024-08,WEEKENDS/HOLIDAY,11,TRAIN,SW1,1112,1366
2024-08,WEEKDAY,10,TRAIN,DT30,9738,2429
2024-08,WEEKENDS/HOLIDAY,10,TRAIN,DT30,5059,1647
2024-08,WEEKENDS/HOLIDAY,22,TRAIN,TE12,1112,492
2024-08,WEEKDAY,22,TRAIN,TE12,2889,1051
2024-08,WEEKENDS/HOLIDAY,8,TRAIN,EW6,5296,3776
2024-08,WEEKDAY,8,TRAIN,EW6,38222,18335
2024-08,WEEKDAY,20,TRAIN,NE1/CC29,96822,26078
2024-08,WEEKENDS/HOLIDAY,20,TRAIN,NE1/CC29,49072,13050
2024-08,WEEKENDS/HOLIDAY,12,TRAIN,TE14/NS22,35832,62188
2024-08,WEEKDAY,12,TRAIN,TE14/NS22,56099,105713
2024-08,WEEKENDS/HOLIDAY,17,TRAIN,CC12,3760,2951
2024-08,WEEKDAY,17,TRAIN,CC12,13188,10293
2024-08,WEEKDAY,11,TRAIN,NE4/DT19,42092,82352
2024-08,WEEKENDS/HOLIDAY,11,TRAIN,NE4/DT19,22279,41160
2024-08,WEEKENDS/HOLIDAY,10,TRAIN,NS7,12607,11927
2024-08,WEEKDAY,10,TRAIN,NS7,28308,21816
2024-08,WEEKDAY,10,TRAIN,DT23,2562,6032
2024-08,WEEKENDS/HOLIDAY,10,TRAIN,DT23,1211,1971
2024-08,WEEKENDS/HOLIDAY,8,TRAIN,CC25,2204,2229
2024-08,WEEKDAY,8,TRAIN,CC25,13216,29627
2024-08,WEEKDAY,22,TRAIN,NE5,23096,6396
2024-08,WEEKENDS/HOLIDAY,22,TRAIN,NE5,9985,3667
2024-08,WEEKENDS/HOLIDAY,7,TRAIN,DT27,2668,2435
2024-08,WEEKDAY,7,TRAIN,DT27,18381,26038
2024-08,WEEKENDS/HOLIDAY,10,TRAIN,CC25,2831,1840
2024-08,WEEKDAY,10,TRAIN,CC25,9208,7940
2024-08,WEEKENDS/HOLIDAY,22,TRAIN,CC17/TE9,868,2066
2024-08,WEEKDAY,22,TRAIN,CC17/TE9,1949,4992
2024-08,WEEKENDS/HOLIDAY,23,TRAIN,NE1/CC29,13665,2399
2024-08,WEEKDAY,23,TRAIN,NE1/CC29,20732,4436
2024-08,WEEKDAY,6,TRAIN,DT31,13014,3526
2024-08,WEEKENDS/HOLIDAY,6,TRAIN,DT31,2203,682
2024-08,WEEKENDS/HOLIDAY,9,TRAIN,CC26,1169,1209
2024-08,WEEKDAY,9,TRAIN,CC26,3837,13718
2024-08,WEEKDAY,21,TRAIN,PE2,1192,7951
2024-08,WEEKENDS/HOLIDAY,21,TRAIN,PE2,560,3509
2024-08,WEEKDAY,5,TRAIN,EW17,5009,341
2024-08,WEEKENDS/HOLIDAY,5,TRAIN,EW17,651,78
2024-08,WEEKDAY,18,TRAIN,NS4/BP1,68516,126723
2024-08,WEEKENDS/HOLIDAY,18,TRAIN,NS4/BP1,18656,24345
2024-08,WEEKDAY,17,TRAIN,EW7,20598,27634
2024-08,WEEKENDS/HOLIDAY,17,TRAIN,EW7,8719,9792
2024-08,WEEKDAY,13,TRAIN,EW7,13424,14125
2024-08,WEEKENDS/HOLIDAY,13,TRAIN,EW7,8611,7967
2024-08,WEEKENDS/HOLIDAY,15,TRAIN,TE22,2796,7423
2024-08,WEEKDAY,15,TRAIN,TE22,2981,6424
2024-08,WEEKDAY,6,TRAIN,SW5,14055,2418
2024-08,WEEKENDS/HOLIDAY,6,TRAIN,SW5,1733,403
2024-08,WEEKDAY,21,TRAIN,CC6,16550,2541
2024-08,WEEKENDS/HOLIDAY,21,TRAIN,CC6,10091,2061
2024-08,WEEKDAY,23,TRAIN,NS21/DT11,21362,21520
2024-08,WEEKENDS/HOLIDAY,23,TRAIN,NS21/DT11,10517,10389
2024-08,WEEKENDS/HOLIDAY,12,TRAIN,SE4,2649,1666
2024-08,WEEKDAY,12,TRAIN,SE4,4071,3285
2024-08,WEEKENDS/HOLIDAY,8,TRAIN,CC17/TE9,2676,3117
2024-08,WEEKDAY,8,TRAIN,CC17/TE9,20532,24661
2024-08,WEEKDAY,11,TRAIN,CC23,12307,14694
2024-08,WEEKENDS/HOLIDAY,11,TRAIN,CC23,2171,2146
2024-08,WEEKDAY,19,TRAIN,EW18,25418,33871
2024-08,WEEKENDS/HOLIDAY,19,TRAIN,EW18,6471,8115
2024-08,WEEKDAY,13,TRAIN,DT3,6798,6252
2024-08,WEEKENDS/HOLIDAY,13,TRAIN,DT3,4763,3295
2024-08,WEEKENDS/HOLIDAY,5,TRAIN,DT8,29,25
2024-08,WEEKDAY,5,TRAIN,DT8,99,317
2024-08,WEEKENDS/HOLIDAY,20,TRAIN,EW11,8128,9415
2024-08,WEEKDAY,20,TRAIN,EW11,16090,20252
2024-08,WEEKENDS/HOLIDAY,10,TRAIN,NE12/CC13,28194,22021
2024-08,WEEKDAY,10,TRAIN,NE12/CC13,51858,37880
2024-08,WEEKDAY,13,TRAIN,EW17,27731,24093
2024-08,WEEKENDS/HOLIDAY,13,TRAIN,EW17,13833,13326
2024-08,WEEKENDS/HOLIDAY,8,TRAIN,CC5,931,1793
2024-08,WEEKDAY,8,TRAIN,CC5,4234,17051
2024-08,WEEKDAY,0,TRAIN,NE10,91,533
2024-08,WEEKENDS/HOLIDAY,0,TRAIN,NE10,69,273
2024-08,WEEKDAY,16,TRAIN,TE14/NS22,87914,70028
2024-08,WEEKENDS/HOLIDAY,16,TRAIN,TE14/NS22,63709,53395
2024-08,WEEKENDS/HOLIDAY,19,TRAIN,BP13,315,338
2024-08,WEEKDAY,19,TRAIN,BP13,883,2690
2024-08,WEEKDAY,18,TRAIN,CC23,104609,11816
2024-08,WEEKENDS/HOLIDAY,18,TRAIN,CC23,2504,1996
2024-08,WEEKDAY,5,TRAIN,DT29,2151,78
2024-08,WEEKENDS/HOLIDAY,5,TRAIN,DT29,416,13
2024-08,WEEKENDS/HOLIDAY,23,TRAIN,DT25,396,1342
2024-08,WEEKDAY,23,TRAIN,DT25,679,3006
2024-08,WEEKENDS/HOLIDAY,19,TRAIN,EW5,13786,19225
2024-08,WEEKDAY,19,TRAIN,EW5,34311,73552
2024-08,WEEKENDS/HOLIDAY,16,TRAIN,PE7,2144,2168
2024-08,WEEKDAY,16,TRAIN,PE7,3736,5367
2024-08,WEEKENDS/HOLIDAY,0,TRAIN,NS5,228,2471
2024-08,WEEKDAY,0,TRAIN,NS5,471,4855
2024-08,WEEKDAY,21,TRAIN,EW19,8356,20966
2024-08,WEEKENDS/HOLIDAY,21,TRAIN,EW19,3800,9013
2024-08,WEEKENDS/HOLIDAY,21,TRAIN,TE14/NS22,55696,14242
2024-08,WEEKDAY,21,TRAIN,TE14/NS22,119811,24642
2024-08,WEEKDAY,14,TRAIN,EW19,11809,14720
2024-08,WEEKENDS/HOLIDAY,14,TRAIN,EW19,7429,8102
2024-08,WEEKDAY,19,TRAIN,CC7,7887,14840
2024-08,WEEKENDS/HOLIDAY,19,TRAIN,CC7,2944,4011
2024-08,WEEKENDS/HOLIDAY,8,TRAIN,EW23,19127,16781
2024-08,WEEKDAY,8,TRAIN,EW23,100750,94691
2024-08,WEEKDAY,23,TRAIN,EW32,127,974
2024-08,WEEKENDS/HOLIDAY,23,TRAIN,EW32,57,1394
2024-08,WEEKDAY,6,TRAIN,TE7,6915,3895
2024-08,WEEKENDS/HOLIDAY,6,TRAIN,TE7,889,515
2024-08,WEEKENDS/HOLIDAY,14,TRAIN,TE12,2061,1648
2024-08,WEEKDAY,14,TRAIN,TE12,5705,7420
2024-08,WEEKDAY,15,TRAIN,DT18,12466,8101
2024-08,WEEKENDS/HOLIDAY,15,TRAIN,DT18,3602,2798
2024-08,WEEKDAY,22,TRAIN,NS7,15174,34583
2024-08,WEEKENDS/HOLIDAY,22,TRAIN,NS7,13849,14796
2024-08,WEEKDAY,10,TRAIN,DT28,9200,5281
2024-08,WEEKENDS/HOLIDAY,10,TRAIN,DT28,5751,2001
2024-08,WEEKDAY,15,TRAIN,NS14,25393,25977
2024-08,WEEKENDS/HOLIDAY,15,TRAIN,NS14,15218,12849
2024-08,WEEKDAY,10,TRAIN,SW1,2411,2890
2024-08,WEEKENDS/HOLIDAY,10,TRAIN,SW1,1138,678
2024-08,WEEKENDS/HOLIDAY,18,TRAIN,CC6,10092,8071
2024-08,WEEKDAY,18,TRAIN,CC6,17962,23365
2024-08,WEEKENDS/HOLIDAY,11,TRAIN,DT28,5186,2234
2024-08,WEEKDAY,11,TRAIN,DT28,8276,4360
2024-08,WEEKDAY,21,TRAIN,NS12,7974,22338
2024-08,WEEKENDS/HOLIDAY,21,TRAIN,NS12,3762,9334
2024-08,WEEKDAY,18,TRAIN,EW3,33095,54396
2024-08,WEEKENDS/HOLIDAY,18,TRAIN,EW3,8823,11554
2024-08,WEEKENDS/HOLIDAY,6,TRAIN,DT2,224,132
2024-08,WEEKDAY,6,TRAIN,DT2,2878,2582
2024-08,WEEKENDS/HOLIDAY,11,TRAIN,EW4,9234,4034
2024-08,WEEKDAY,11,TRAIN,EW4,15109,6825
2024-08,WEEKENDS/HOLIDAY,22,TRAIN,NE7/DT12,13690,6037
2024-08,WEEKDAY,22,TRAIN,NE7/DT12,18795,12086
2024-08,WEEKENDS/HOLIDAY,20,TRAIN,CC27,1027,638
2024-08,WEEKDAY,20,TRAIN,CC27,9740,1026
2024-08,WEEKDAY,16,TRAIN,EW28,33724,24149
2024-08,WEEKENDS/HOLIDAY,16,TRAIN,EW28,14294,11188
2024-08,WEEKDAY,21,TRAIN,DT6,4487,5955
2024-08,WEEKENDS/HOLIDAY,21,TRAIN,DT6,995,2697
2024-08,WEEKDAY,12,TRAIN,SE2,5331,4237
2024-08,WEEKENDS/HOLIDAY,12,TRAIN,SE2,3500,2393
2024-08,WEEKENDS/HOLIDAY,8,TRAIN,BP12,1710,596
2024-08,WEEKDAY,8,TRAIN,BP12,9408,2678
2024-08,WEEKDAY,6,TRAIN,DT18,617,9967
2024-08,WEEKENDS/HOLIDAY,6,TRAIN,DT18,247,1014
2024-08,WEEKDAY,18,TRAIN,DT2,8656,6105
2024-08,WEEKENDS/HOLIDAY,18,TRAIN,DT2,1598,1089
2024-08,WEEKDAY,16,TRAIN,NE7/DT12,30977,27608
2024-08,WEEKENDS/HOLIDAY,16,TRAIN,NE7/DT12,21846,22560
2024-08,WEEKENDS/HOLIDAY,0,TRAIN,NE1/CC29,95,182
2024-08,WEEKDAY,0,TRAIN,NE1/CC29,66,302
2024-08,WEEKENDS/HOLIDAY,10,TRAIN,NS2,13676,8592
2024-08,WEEKDAY,10,TRAIN,NS2,24143,15680
2024-08,WEEKDAY,23,TRAIN,DT7,470,1389
2024-08,WEEKENDS/HOLIDAY,23,TRAIN,DT7,205,632
2024-08,WEEKENDS/HOLIDAY,11,TRAIN,NE10,9021,6096
2024-08,WEEKDAY,11,TRAIN,NE10,18228,11061
2024-08,WEEKENDS/HOLIDAY,5,TRAIN,NS14,3806,643
2024-08,WEEKDAY,5,TRAIN,NS14,16320,2692
2024-08,WEEKDAY,20,TRAIN,BP6/DT1,28388,60034
2024-08,WEEKENDS/HOLIDAY,20,TRAIN,BP6/DT1,11046,21952
2024-08,WEEKENDS/HOLIDAY,23,TRAIN,SW4,125,704
2024-08,WEEKDAY,23,TRAIN,SW4,168,1641
2024-08,WEEKDAY,23,TRAIN,DT24,739,4147
2024-08,WEEKENDS/HOLIDAY,23,TRAIN,DT24,344,2036
2024-08,WEEKDAY,6,TRAIN,TE12,926,4599
2024-08,WEEKENDS/HOLIDAY,6,TRAIN,TE12,184,1172
2024-08,WEEKDAY,12,TRAIN,NS20,48839,50692
2024-08,WEEKENDS/HOLIDAY,12,TRAIN,NS20,19277,19656
2024-08,WEEKENDS/HOLIDAY,19,TRAIN,NS8,7781,7970
2024-08,WEEKDAY,19,TRAIN,NS8,20581,42576
2024-08,WEEKENDS/HOLIDAY,14,TRAIN,DT33,7332,6353
2024-08,WEEKDAY,14,TRAIN,DT33,14300,11887
2024-08,WEEKENDS/HOLIDAY,14,TRAIN,NS16,20183,20507
2024-08,WEEKDAY,14,TRAIN,NS16,37220,37418
2024-08,WEEKDAY,19,TRAIN,NS21/DT11,86288,90010
2024-08,WEEKENDS/HOLIDAY,19,TRAIN,NS21/DT11,28628,30180
2024-08,WEEKENDS/HOLIDAY,21,TRAIN,NE4/DT19,29935,16338
2024-08,WEEKDAY,21,TRAIN,NE4/DT19,71335,29310
2024-08,WEEKDAY,11,TRAIN,NS8,17768,10215
2024-08,WEEKENDS/HOLIDAY,11,TRAIN,NS8,9973,5830
2024-08,WEEKENDS/HOLIDAY,6,TRAIN,DT21,313,703
2024-08,WEEKDAY,6,TRAIN,DT21,1568,2531
2024-08,WEEKDAY,17,TRAIN,EW28,60354,47492
2024-08,WEEKENDS/HOLIDAY,17,TRAIN,EW28,17349,13905
2024-08,WEEKENDS/HOLIDAY,13,TRAIN,CC11,7670,5966
2024-08,WEEKDAY,13,TRAIN,CC11,13764,15346
2024-08,WEEKDAY,14,TRAIN,DT27,7812,6268
2024-08,WEEKENDS/HOLIDAY,14,TRAIN,DT27,3704,3487
2024-08,WEEKENDS/HOLIDAY,19,TRAIN,PE3,2194,3650
2024-08,WEEKDAY,19,TRAIN,PE3,5274,15658
2024-08,WEEKENDS/HOLIDAY,12,TRAIN,NE13,16737,11326
2024-08,WEEKDAY,12,TRAIN,NE13,22109,17167
2024-08,WEEKENDS/HOLIDAY,6,TRAIN,EW11,3578,1900
2024-08,WEEKDAY,6,TRAIN,EW11,14726,7529
2024-08,WEEKENDS/HOLIDAY,16,TRAIN,NS12,7678,7928
2024-08,WEEKDAY,16,TRAIN,NS12,12669,17300
2024-08,WEEKDAY,18,TRAIN,EW25,12594,37011
2024-08,WEEKENDS/HOLIDAY,18,TRAIN,EW25,5568,7428
2024-08,WEEKDAY,15,TRAIN,DT2,4545,1877
2024-08,WEEKENDS/HOLIDAY,15,TRAIN,DT2,777,793
2024-08,WEEKDAY,0,TRAIN,SW2,62,359
2024-08,WEEKENDS/HOLIDAY,0,TRAIN,SW2,30,153
2024-08,WEEKDAY,17,TRAIN,NE14,35815,56158
2024-08,WEEKENDS/HOLIDAY,17,TRAIN,NE14,15642,17838
2024-08,WEEKENDS/HOLIDAY,10,TRAIN,EW25,5538,3196
2024-08,WEEKDAY,10,TRAIN,EW25,9559,3938
2024-08,WEEKENDS/HOLIDAY,18,TRAIN,CC19/DT9,5842,3759
2024-08,WEEKDAY,18,TRAIN,CC19/DT9,16248,15103
2024-08,WEEKDAY,5,TRAIN,TE22,14,0
2024-08,WEEKENDS/HOLIDAY,5,TRAIN,TE22,9,0
2024-08,WEEKENDS/HOLIDAY,22,TRAIN,NE15,2771,11480
2024-08,WEEKDAY,22,TRAIN,NE15,5883,25842
2024-08,WEEKDAY,14,TRAIN,DT22,7809,7598
2024-08,WEEKENDS/HOLIDAY,14,TRAIN,DT22,5766,6221
2024-08,WEEKENDS/HOLIDAY,6,TRAIN,NS2,8219,3396
2024-08,WEEKDAY,6,TRAIN,NS2,50069,18824
2024-08,WEEKDAY,0,TRAIN,NS20,231,368
2024-08,WEEKENDS/HOLIDAY,0,TRAIN,NS20,90,243
2024-08,WEEKENDS/HOLIDAY,8,TRAIN,PE2,3376,737
2024-08,WEEKDAY,8,TRAIN,PE2,16512,2376
2024-08,WEEKDAY,0,TRAIN,TE12,22,74
2024-08,WEEKENDS/HOLIDAY,0,TRAIN,TE12,8,37
2024-08,WEEKENDS/HOLIDAY,12,TRAIN,SW4,2046,1513
2024-08,WEEKDAY,12,TRAIN,SW4,3299,2700
2024-08,WEEKDAY,7,TRAIN,NS20,18207,98984
2024-08,WEEKENDS/HOLIDAY,7,TRAIN,NS20,3673,11854
2024-08,WEEKENDS/HOLIDAY,5,TRAIN,NS27/CE2/TE20,79,10
2024-08,WEEKDAY,5,TRAIN,NS27/CE2/TE20,327,279
2024-08,WEEKENDS/HOLIDAY,20,TRAIN,SW6,604,2112
2024-08,WEEKDAY,20,TRAIN,SW6,1491,6325
2024-08,WEEKDAY,14,TRAIN,EW18,15453,16657
2024-08,WEEKENDS/HOLIDAY,14,TRAIN,EW18,7899,7944
2024-08,WEEKENDS/HOLIDAY,10,TRAIN,NS15,7564,3800
2024-08,WEEKDAY,10,TRAIN,NS15,16429,15799
2024-08,WEEKENDS/HOLIDAY,12,TRAIN,TE7,4764,2831
2024-08,WEEKDAY,12,TRAIN,TE7,7101,4240
2024-08,WEEKENDS/HOLIDAY,11,TRAIN,EW1,17596,9513
2024-08,WEEKDAY,11,TRAIN,EW1,28024,16035
2024-08,WEEKENDS/HOLIDAY,11,TRAIN,NE14,18790,9411
2024-08,WEEKDAY,11,TRAIN,NE14,32680,16735
2024-08,WEEKDAY,14,TRAIN,EW30,1896,981
2024-08,WEEKENDS/HOLIDAY,14,TRAIN,EW30,999,582
2024-08,WEEKDAY,12,TRAIN,NE12/CC13,52072,54738
2024-08,WEEKENDS/HOLIDAY,12,TRAIN,NE12/CC13,31980,31953
2024-08,WEEKENDS/HOLIDAY,20,TRAIN,EW8/CC9,28843,18021
2024-08,WEEKDAY,20,TRAIN,EW8/CC9,64840,41510
2024-08,WEEKENDS/HOLIDAY,11,TRAIN,SE5,1755,948
2024-08,WEEKDAY,11,TRAIN,SE5,3197,1670
2024-08,WEEKENDS/HOLIDAY,5,TRAIN,SW2,263,66
2024-08,WEEKDAY,5,TRAIN,SW2,1218,273
2024-08,WEEKENDS/HOLIDAY,6,TRAIN,NS28,117,388
2024-08,WEEKDAY,6,TRAIN,NS28,187,1270
2024-08,WEEKENDS/HOLIDAY,8,TRAIN,EW10,6325,3918
2024-08,WEEKDAY,8,TRAIN,EW10,33124,15877
2024-08,WEEKDAY,18,TRAIN,PE2,5944,13093
2024-08,WEEKENDS/HOLIDAY,18,TRAIN,PE2,2470,3088
2024-08,WEEKENDS/HOLIDAY,18,TRAIN,DT3,4173,4682
2024-08,WEEKDAY,18,TRAIN,DT3,11258,24143
2024-08,WEEKENDS/HOLIDAY,8,TRAIN,CC6,1231,5979
2024-08,WEEKDAY,8,TRAIN,CC6,4816,12475
2024-08,WEEKDAY,0,TRAIN,PW1,3,5
2024-08,WEEKENDS/HOLIDAY,0,TRAIN,PW1,3,8
2024-08,WEEKDAY,19,TRAIN,EW1,24710,84607
2024-08,WEEKENDS/HOLIDAY,19,TRAIN,EW1,10808,17640
2024-08,WEEKENDS/HOLIDAY,19,TRAIN,EW2/DT32,25915,31549
2024-08,WEEKDAY,19,TRAIN,EW2/DT32,69811,133254
2024-08,WEEKDAY,17,TRAIN,EW18,39741,29131
2024-08,WEEKENDS/HOLIDAY,17,TRAIN,EW18,9597,8851
2024-08,WEEKDAY,19,TRAIN,TE6,8068,26667
2024-08,WEEKENDS/HOLIDAY,19,TRAIN,TE6,3384,5953
2024-08,WEEKDAY,21,TRAIN,PE7,1514,5621
2024-08,WEEKENDS/HOLIDAY,21,TRAIN,PE7,571,2590
2024-08,WEEKDAY,7,TRAIN,BP2,16445,2741
2024-08,WEEKENDS/HOLIDAY,7,TRAIN,BP2,1573,373
2024-08,WEEKDAY,20,TRAIN,SW2,4802,6364
2024-08,WEEKENDS/HOLIDAY,20,TRAIN,SW2,2411,2547
2024-08,WEEKDAY,10,TRAIN,NE7/DT12,19161,33044
2024-08,WEEKENDS/HOLIDAY,10,TRAIN,NE7/DT12,11473,27830
2024-08,WEEKENDS/HOLIDAY,5,TRAIN,TE16,45,28
2024-08,WEEKDAY,5,TRAIN,TE16,297,83
2024-08,WEEKDAY,11,TRAIN,EW23,39807,43801
2024-08,WEEKENDS/HOLIDAY,11,TRAIN,EW23,24993,19011
2024-08,WEEKENDS/HOLIDAY,10,TRAIN,EW15,6318,12664
2024-08,WEEKDAY,10,TRAIN,EW15,15946,63992
2024-08,WEEKDAY,11,TRAIN,SE3,3032,1561
2024-08,WEEKENDS/HOLIDAY,11,TRAIN,SE3,1906,871
2024-08,WEEKENDS/HOLIDAY,15,TRAIN,DT27,3795,3463
2024-08,WEEKDAY,15,TRAIN,DT27,7359,6572
2024-08,WEEKDAY,22,TRAIN,EW18,7614,14523
2024-08,WEEKENDS/HOLIDAY,22,TRAIN,EW18,3122,6278
2024-08,WEEKDAY,15,TRAIN,NS13,40614,53772
2024-08,WEEKENDS/HOLIDAY,15,TRAIN,NS13,25409,26855
2024-08,WEEKDAY,8,TRAIN,NS3,57536,17525
2024-08,WEEKENDS/HOLIDAY,8,TRAIN,NS3,10071,7478
2024-08,WEEKENDS/HOLIDAY,21,TRAIN,EW22,1060,3285
2024-08,WEEKDAY,21,TRAIN,EW22,8264,7146
2024-08,WEEKDAY,21,TRAIN,EW17,19028,30589
2024-08,WEEKENDS/HOLIDAY,21,TRAIN,EW17,7373,12944
2024-08,WEEKENDS/HOLIDAY,9,TRAIN,TE22,512,2624
2024-08,WEEKDAY,9,TRAIN,TE22,484,3470
2024-08,WEEKENDS/HOLIDAY,17,TRAIN,PE3,3303,3372
2024-08,WEEKDAY,17,TRAIN,PE3,7230,11091
2024-08,WEEKDAY,15,TRAIN,NE17/PTC,38995,49121
2024-08,WEEKENDS/HOLIDAY,15,TRAIN,NE17/PTC,25438,24885
2024-08,WEEKDAY,21,TRAIN,PW7,1678,3595
2024-08,WEEKENDS/HOLIDAY,21,TRAIN,PW7,710,1659
2024-08,WEEKENDS/HOLIDAY,17,TRAIN,NE15,11112,12857
2024-08,WEEKDAY,17,TRAIN,NE15,20417,42779
2024-08,WEEKENDS/HOLIDAY,14,TRAIN,PW3,770,751
2024-08,WEEKDAY,14,TRAIN,PW3,974,1219
2024-08,WEEKDAY,7,TRAIN,TE22,235,1792
2024-08,WEEKENDS/HOLIDAY,7,TRAIN,TE22,130,904
2024-08,WEEKDAY,8,TRAIN,EW9,50310,38529
2024-08,WEEKENDS/HOLIDAY,8,TRAIN,EW9,10451,9595
2024-08,WEEKENDS/HOLIDAY,21,TRAIN,DT5,3641,8412
2024-08,WEEKDAY,21,TRAIN,DT5,10488,17044
2024-08,WEEKDAY,16,TRAIN,SW8,2229,2493
2024-08,WEEKENDS/HOLIDAY,16,TRAIN,SW8,868,901
2024-08,WEEKDAY,12,TRAIN,NS7,18062,15528
2024-08,WEEKENDS/HOLIDAY,12,TRAIN,NS7,11003,11935
2024-08,WEEKDAY,21,TRAIN,EW7,6578,23736
2024-08,WEEKENDS/HOLIDAY,21,TRAIN,EW7,2991,10162
2024-08,WEEKDAY,9,TRAIN,NS8,32210,13081
2024-08,WEEKENDS/HOLIDAY,9,TRAIN,NS8,11929,6122
2024-08,WEEKENDS/HOLIDAY,6,TRAIN,NS14,10378,3472
2024-08,WEEKDAY,6,TRAIN,NS14,66225,18996
2024-08,WEEKENDS/HOLIDAY,11,TRAIN,EW15,8207,13367
2024-08,WEEKDAY,11,TRAIN,EW15,27534,42022
2024-08,WEEKENDS/HOLIDAY,20,TRAIN,NS18,3118,7916
2024-08,WEEKDAY,20,TRAIN,NS18,8085,20202
2024-08,WEEKDAY,18,TRAIN,EW33,11743,11962
2024-08,WEEKENDS/HOLIDAY,18,TRAIN,EW33,3125,3044
2024-08,WEEKENDS/HOLIDAY,23,TRAIN,SW8,71,507
2024-08,WEEKDAY,23,TRAIN,SW8,164,1028
2024-08,WEEKENDS/HOLIDAY,14,TRAIN,PW5,1465,1476
2024-08,WEEKDAY,14,TRAIN,PW5,1972,2393
2024-08,WEEKENDS/HOLIDAY,8,TRAIN,DT22,3588,4103
2024-08,WEEKDAY,8,TRAIN,DT22,16181,11740
2024-08,WEEKENDS/HOLIDAY,19,TRAIN,BP2,824,1451
2024-08,WEEKDAY,19,TRAIN,BP2,2321,7948
2024-08,WEEKENDS/HOLIDAY,8,TRAIN,DT5,6163,6832
2024-08,WEEKDAY,8,TRAIN,DT5,41194,18441
2024-08,WEEKENDS/HOLIDAY,17,TRAIN,DT20,3785,3934
2024-08,WEEKDAY,17,TRAIN,DT20,12487,10330
2024-08,WEEKENDS/HOLIDAY,16,TRAIN,DT22,6229,7171
2024-08,WEEKDAY,16,TRAIN,DT22,8326,10265
2024-08,WEEKDAY,18,TRAIN,NE4/DT19,122918,97594
2024-08,WEEKENDS/HOLIDAY,18,TRAIN,NE4/DT19,37638,35131
2024-08,WEEKDAY,21,TRAIN,PW5,880,4843
2024-08,WEEKENDS/HOLIDAY,21,TRAIN,PW5,581,2974
2024-08,WEEKENDS/HOLIDAY,0,TRAIN,EW5,101,1371
2024-08,WEEKDAY,0,TRAIN,EW5,226,2493
2024-08,WEEKENDS/HOLIDAY,11,TRAIN,PE7,2757,1446
2024-08,WEEKDAY,11,TRAIN,PE7,3912,2705
2024-08,WEEKDAY,23,TRAIN,PW1,262,42
2024-08,WEEKENDS/HOLIDAY,23,TRAIN,PW1,117,51
2024-08,WEEKDAY,21,TRAIN,BP11,732,4046
2024-08,WEEKENDS/HOLIDAY,21,TRAIN,BP11,347,1717
2024-08,WEEKENDS/HOLIDAY,22,TRAIN,TE18,4711,1878
2024-08,WEEKDAY,22,TRAIN,TE18,12502,3251
2024-08,WEEKENDS/HOLIDAY,8,TRAIN,TE13,895,2383
2024-08,WEEKDAY,8,TRAIN,TE13,3422,12830
2024-08,WEEKDAY,21,TRAIN,TE8,12491,7946
2024-08,WEEKENDS/HOLIDAY,21,TRAIN,TE8,4928,3449
2024-08,WEEKDAY,8,TRAIN,EW30,2312,21285
2024-08,WEEKENDS/HOLIDAY,8,TRAIN,EW30,1110,2883
2024-08,WEEKDAY,11,TRAIN,EW16/NE3/TE17,39290,33353
2024-08,WEEKENDS/HOLIDAY,11,TRAIN,EW16/NE3/TE17,10931,12425
2024-08,WEEKENDS/HOLIDAY,7,TRAIN,CC17/TE9,1989,2282
2024-08,WEEKDAY,7,TRAIN,CC17/TE9,20915,22926
2024-08,WEEKENDS/HOLIDAY,17,TRAIN,NE16/STC,23671,27827
2024-08,WEEKDAY,17,TRAIN,NE16/STC,52070,85996
2024-08,WEEKDAY,11,TRAIN,PW3,1466,733
2024-08,WEEKENDS/HOLIDAY,11,TRAIN,PW3,999,451
2024-08,WEEKDAY,0,TRAIN,SW7,24,409
2024-08,WEEKENDS/HOLIDAY,0,TRAIN,SW7,8,213
2024-08,WEEKDAY,8,TRAIN,BP2,11584,1799
2024-08,WEEKENDS/HOLIDAY,8,TRAIN,BP2,1835,589
2024-08,WEEKDAY,18,TRAIN,DT30,9979,33262
2024-08,WEEKENDS/HOLIDAY,18,TRAIN,DT30,3829,4444
2024-08,WEEKENDS/HOLIDAY,11,TRAIN,DT24,2703,1427
2024-08,WEEKDAY,11,TRAIN,DT24,4840,3246
2024-08,WEEKENDS/HOLIDAY,5,TRAIN,CC26,103,31
2024-08,WEEKDAY,5,TRAIN,CC26,349,204
2024-08,WEEKENDS/HOLIDAY,10,TRAIN,BP6/DT1,22367,13363
2024-08,WEEKDAY,10,TRAIN,BP6/DT1,37032,22917
2024-08,WEEKDAY,10,TRAIN,NE1/CC29,16784,83315
2024-08,WEEKENDS/HOLIDAY,10,TRAIN,NE1/CC29,9349,43678
2024-08,WEEKENDS/HOLIDAY,16,TRAIN,EW1,15474,16288
2024-08,WEEKDAY,16,TRAIN,EW1,27029,33624
2024-08,WEEKDAY,7,TRAIN,EW12/DT14,20593,50625
2024-08,WEEKENDS/HOLIDAY,7,TRAIN,EW12/DT14,5655,9946
2024-08,WEEKENDS/HOLIDAY,20,TRAIN,NS21/DT11,23501,26706
2024-08,WEEKDAY,20,TRAIN,NS21/DT11,54335,59299
2024-08,WEEKDAY,5,TRAIN,TE15,259,40
2024-08,WEEKENDS/HOLIDAY,5,TRAIN,TE15,47,16
2024-08,WEEKENDS/HOLIDAY,9,TRAIN,CC19/DT9,2878,5612
2024-08,WEEKDAY,9,TRAIN,CC19/DT9,8211,10704
2024-08,WEEKENDS/HOLIDAY,13,TRAIN,NE7/DT12,20564,25397
2024-08,WEEKDAY,13,TRAIN,NE7/DT12,31959,41357
2024-08,WEEKENDS/HOLIDAY,8,TRAIN,EW24/NS1,15655,21287
2024-08,WEEKDAY,8,TRAIN,EW24/NS1,62614,171286
2024-08,WEEKDAY,23,TRAIN,SW1,316,537
2024-08,WEEKENDS/HOLIDAY,23,TRAIN,SW1,188,243
2024-08,WEEKDAY,18,TRAIN,EW29,69489,14028
2024-08,WEEKENDS/HOLIDAY,18,TRAIN,EW29,9199,7817
2024-08,WEEKENDS/HOLIDAY,19,TRAIN,EW25,4956,6916
2024-08,WEEKDAY,19,TRAIN,EW25,9153,27642
2024-08,WEEKDAY,0,TRAIN,EW29,4,279
2024-08,WEEKENDS/HOLIDAY,0,TRAIN,EW29,3,263
2024-08,WEEKENDS/HOLIDAY,23,TRAIN,CG1/DT35,1178,835
2024-08,WEEKDAY,23,TRAIN,CG1/DT35,3101,1284
2024-08,WEEKENDS/HOLIDAY,15,TRAIN,NS20,18507,13097
2024-08,WEEKDAY,15,TRAIN,NS20,50799,31567
2024-08,WEEKENDS/HOLIDAY,22,TRAIN,NS10,4555,20084
2024-08,WEEKDAY,22,TRAIN,NS10,10350,46048
2024-08,WEEKENDS/HOLIDAY,19,TRAIN,DT31,2949,5091
2024-08,WEEKDAY,19,TRAIN,DT31,7879,25332
2024-08,WEEKDAY,21,TRAIN,DT20,8056,6802
2024-08,WEEKENDS/HOLIDAY,21,TRAIN,DT20,2931,3564
2024-08,WEEKENDS/HOLIDAY,22,TRAIN,EW12/DT14,28277,11560
2024-08,WEEKDAY,22,TRAIN,EW12/DT14,61702,21872
2024-08,WEEKDAY,7,TRAIN,CC6,2587,6668
2024-08,WEEKENDS/HOLIDAY,7,TRAIN,CC6,440,5814
2024-08,WEEKENDS/HOLIDAY,15,TRAIN,NS11,17683,18271
2024-08,WEEKDAY,15,TRAIN,NS11,25416,38155
2024-08,WEEKENDS/HOLIDAY,5,TRAIN,DT2,65,1
2024-08,WEEKDAY,5,TRAIN,DT2,282,44
2024-08,WEEKDAY,9,TRAIN,NS5,39135,15328
2024-08,WEEKENDS/HOLIDAY,9,TRAIN,NS5,16263,7708
2024-08,WEEKENDS/HOLIDAY,16,TRAIN,PE6,3796,3724
2024-08,WEEKDAY,16,TRAIN,PE6,8364,8716
2024-08,WEEKDAY,8,TRAIN,CC27,3805,59823
2024-08,WEEKENDS/HOLIDAY,8,TRAIN,CC27,1138,2194
2024-08,WEEKENDS/HOLIDAY,19,TRAIN,DT5,6536,8346
2024-08,WEEKDAY,19,TRAIN,DT5,17549,34631
2024-08,WEEKDAY,17,TRAIN,DT7,10942,7416
2024-08,WEEKENDS/HOLIDAY,17,TRAIN,DT7,2155,2265
2024-08,WEEKDAY,15,TRAIN,DT20,4766,5886
2024-08,WEEKENDS/HOLIDAY,15,TRAIN,DT20,2986,3356
2024-08,WEEKENDS/HOLIDAY,17,TRAIN,TE16,4762,4468
2024-08,WEEKDAY,17,TRAIN,TE16,14168,10737
2024-08,WEEKENDS/HOLIDAY,20,TRAIN,SW7,560,1440
2024-08,WEEKDAY,20,TRAIN,SW7,982,4396
2024-08,WEEKENDS/HOLIDAY,9,TRAIN,EW10,6660,5195
2024-08,WEEKDAY,9,TRAIN,EW10,19078,9984
2024-08,WEEKENDS/HOLIDAY,13,TRAIN,NS24/NE6/CC1,20989,26435
2024-08,WEEKDAY,13,TRAIN,NS24/NE6/CC1,43481,41001
2024-08,WEEKDAY,16,TRAIN,NS19,36921,42828
2024-08,WEEKENDS/HOLIDAY,16,TRAIN,NS19,19171,19887
2024-08,WEEKDAY,0,TRAIN,SE3,22,653
2024-08,WEEKENDS/HOLIDAY,0,TRAIN,SE3,13,315
2024-08,WEEKENDS/HOLIDAY,8,TRAIN,NE11,4363,4337
2024-08,WEEKDAY,8,TRAIN,NE11,31713,26573
2024-08,WEEKDAY,14,TRAIN,TE22,2542,5722
2024-08,WEEKENDS/HOLIDAY,14,TRAIN,TE22,2149,5465
2024-08,WEEKDAY,21,TRAIN,EW4,7084,21819
2024-08,WEEKENDS/HOLIDAY,21,TRAIN,EW4,3488,9842
2024-08,WEEKDAY,16,TRAIN,CC25,9927,6093
2024-08,WEEKENDS/HOLIDAY,16,TRAIN,CC25,3324,2352
2024-08,WEEKENDS/HOLIDAY,19,TRAIN,BP8,676,804
2024-08,WEEKDAY,19,TRAIN,BP8,2803,3683
2024-08,WEEKENDS/HOLIDAY,10,TRAIN,EW27,21548,15254
2024-08,WEEKDAY,10,TRAIN,EW27,32673,31177
2024-08,WEEKENDS/HOLIDAY,15,TRAIN,TE8,6558,4883
2024-08,WEEKDAY,15,TRAIN,TE8,8603,9801
2024-08,WEEKENDS/HOLIDAY,20,TRAIN,TE8,4852,3488
2024-08,WEEKDAY,20,TRAIN,TE8,11730,10170
2024-08,WEEKENDS/HOLIDAY,11,TRAIN,CC11,3964,5539
2024-08,WEEKDAY,11,TRAIN,CC11,9548,13009
2024-08,WEEKENDS/HOLIDAY,14,TRAIN,BP6/DT1,19446,17761
2024-08,WEEKDAY,14,TRAIN,BP6/DT1,29521,34330
2024-08,WEEKENDS/HOLIDAY,15,TRAIN,PE4,859,1062
2024-08,WEEKDAY,15,TRAIN,PE4,1272,1909
2024-08,WEEKDAY,11,TRAIN,EW3,17493,12589
2024-08,WEEKENDS/HOLIDAY,11,TRAIN,EW3,9523,6264
2024-08,WEEKENDS/HOLIDAY,21,TRAIN,EW32,719,3942
2024-08,WEEKDAY,21,TRAIN,EW32,2978,2717
2024-08,WEEKDAY,16,TRAIN,DT13,14573,10703
2024-08,WEEKENDS/HOLIDAY,16,TRAIN,DT13,8033,7186
2024-08,WEEKDAY,18,TRAIN,CC5,17390,8640
2024-08,WEEKENDS/HOLIDAY,18,TRAIN,CC5,3582,3004
2024-08,WEEKDAY,7,TRAIN,SW6,15651,9448
2024-08,WEEKENDS/HOLIDAY,7,TRAIN,SW6,1495,548
2024-08,WEEKENDS/HOLIDAY,0,TRAIN,DT13,130,326
2024-08,WEEKDAY,0,TRAIN,DT13,239,599
2024-08,WEEKENDS/HOLIDAY,5,TRAIN,EW32,372,129
2024-08,WEEKDAY,5,TRAIN,EW32,1017,1210
2024-08,WEEKENDS/HOLIDAY,23,TRAIN,DT17,1662,434
2024-08,WEEKDAY,23,TRAIN,DT17,4595,876
2024-08,WEEKDAY,9,TRAIN,EW14/NS26,13223,293798
2024-08,WEEKENDS/HOLIDAY,9,TRAIN,EW14/NS26,3757,13378
2024-08,WEEKENDS/HOLIDAY,16,TRAIN,DT25,2014,1802
2024-08,WEEKDAY,16,TRAIN,DT25,6011,4543
2024-08,WEEKDAY,6,TRAIN,DT17,872,12959
2024-08,WEEKENDS/HOLIDAY,6,TRAIN,DT17,280,908
2024-08,WEEKENDS/HOLIDAY,20,TRAIN,DT30,1619,4795
2024-08,WEEKDAY,20,TRAIN,DT30,3398,14645
2024-08,WEEKDAY,13,TRAIN,NE12/CC13,58966,56019
2024-08,WEEKENDS/HOLIDAY,13,TRAIN,NE12/CC13,33660,34412
2024-08,WEEKENDS/HOLIDAY,21,TRAIN,DT24,1066,2970
2024-08,WEEKDAY,21,TRAIN,DT24,2780,7349
2024-08,WEEKENDS/HOLIDAY,15,TRAIN,EW22,2900,2767
2024-08,WEEKDAY,15,TRAIN,EW22,21517,10773
2024-08,WEEKDAY,21,TRAIN,NE11,12131,13659
2024-08,WEEKENDS/HOLIDAY,21,TRAIN,NE11,4390,6219
2024-08,WEEKDAY,6,TRAIN,TE22,82,404
2024-08,WEEKENDS/HOLIDAY,6,TRAIN,TE22,64,249
2024-08,WEEKENDS/HOLIDAY,11,TRAIN,NS10,23120,11211
2024-08,WEEKDAY,11,TRAIN,NS10,36787,19431
2024-08,WEEKDAY,5,TRAIN,TE14/NS22,810,1434
2024-08,WEEKENDS/HOLIDAY,5,TRAIN,TE14/NS22,240,316
2024-08,WEEKENDS/HOLIDAY,21,TRAIN,SW5,2505,3526
2024-08,WEEKDAY,21,TRAIN,SW5,5848,8085
2024-08,WEEKDAY,9,TRAIN,CC25,11812,15310
2024-08,WEEKENDS/HOLIDAY,9,TRAIN,CC25,2421,1802
2024-08,WEEKDAY,7,TRAIN,DT30,33411,9707
2024-08,WEEKENDS/HOLIDAY,7,TRAIN,DT30,3166,1463
2024-08,WEEKDAY,17,TRAIN,NS11,56192,72023
2024-08,WEEKENDS/HOLIDAY,17,TRAIN,NS11,19592,23074
2024-08,WEEKDAY,5,TRAIN,BP9,1853,732
2024-08,WEEKENDS/HOLIDAY,5,TRAIN,BP9,399,147
2024-08,WEEKENDS/HOLIDAY,5,TRAIN,EW25,1318,45
2024-08,WEEKDAY,5,TRAIN,EW25,8097,374
2024-08,WEEKDAY,19,TRAIN,TE5,5458,12259
2024-08,WEEKENDS/HOLIDAY,19,TRAIN,TE5,1670,2720
2024-08,WEEKENDS/HOLIDAY,18,TRAIN,DT5,9094,9226
2024-08,WEEKDAY,18,TRAIN,DT5,26234,45102
2024-08,WEEKDAY,5,TRAIN,BP10,3474,415
2024-08,WEEKENDS/HOLIDAY,5,TRAIN,BP10,692,109
2024-08,WEEKDAY,9,TRAIN,PW6,2500,871
2024-08,WEEKENDS/HOLIDAY,9,TRAIN,PW6,1289,330
2024-08,WEEKENDS/HOLIDAY,21,TRAIN,NE9,5146,10618
2024-08,WEEKDAY,21,TRAIN,NE9,12673,24970
2024-08,WEEKENDS/HOLIDAY,20,TRAIN,BP2,497,1585
2024-08,WEEKDAY,20,TRAIN,BP2,1142,4633
2024-08,WEEKENDS/HOLIDAY,10,TRAIN,NS18,8605,3715
2024-08,WEEKDAY,10,TRAIN,NS18,16743,8043
2024-08,WEEKDAY,7,TRAIN,EW26,136866,59654
2024-08,WEEKENDS/HOLIDAY,7,TRAIN,EW26,17392,8432
2024-08,WEEKENDS/HOLIDAY,21,TRAIN,PE5,547,3334
2024-08,WEEKDAY,21,TRAIN,PE5,1203,7563
2024-08,WEEKDAY,10,TRAIN,NE14,37401,14692
2024-08,WEEKENDS/HOLIDAY,10,TRAIN,NE14,19841,8798
2024-08,WEEKENDS/HOLIDAY,23,TRAIN,TE12,445,268
2024-08,WEEKDAY,23,TRAIN,TE12,943,482
2024-08,WEEKENDS/HOLIDAY,6,TRAIN,EW16/NE3/TE17,2789,7450
2024-08,WEEKDAY,6,TRAIN,EW16/NE3/TE17,14664,37619
2024-08,WEEKENDS/HOLIDAY,13,TRAIN,CC17/TE9,2388,2257
2024-08,WEEKDAY,13,TRAIN,CC17/TE9,10267,6858
2024-08,WEEKENDS/HOLIDAY,18,TRAIN,TE15,5698,5501
2024-08,WEEKDAY,18,TRAIN,TE15,18449,21824
2024-08,WEEKENDS/HOLIDAY,16,TRAIN,EW27,24029,28022
2024-08,WEEKDAY,16,TRAIN,EW27,50109,54756
2024-08,WEEKENDS/HOLIDAY,13,TRAIN,PE1,1907,1947
2024-08,WEEKDAY,13,TRAIN,PE1,4876,3944
2024-08,WEEKENDS/HOLIDAY,12,TRAIN,PE4,1131,813
2024-08,WEEKDAY,12,TRAIN,PE4,1642,1290
2024-08,WEEKDAY,22,TRAIN,EW32,1177,2012
2024-08,WEEKENDS/HOLIDAY,22,TRAIN,EW32,483,2644
2024-08,WEEKDAY,10,TRAIN,EW9,20086,13119
2024-08,WEEKENDS/HOLIDAY,10,TRAIN,EW9,10970,10572
2024-08,WEEKENDS/HOLIDAY,21,TRAIN,CC11,5256,4215
2024-08,WEEKDAY,21,TRAIN,CC11,17183,8181
2024-08,WEEKENDS/HOLIDAY,16,TRAIN,NE17/PTC,25886,26906
2024-08,WEEKDAY,16,TRAIN,NE17/PTC,42495,56508
2024-08,WEEKENDS/HOLIDAY,23,TRAIN,DT21,1552,1373
2024-08,WEEKDAY,23,TRAIN,DT21,3956,2840
2024-08,WEEKDAY,23,TRAIN,NE17/PTC,4929,19124
2024-08,WEEKENDS/HOLIDAY,23,TRAIN,NE17/PTC,2844,8881
2024-08,WEEKDAY,19,TRAIN,TE14/NS22,115898,73332
2024-08,WEEKENDS/HOLIDAY,19,TRAIN,TE14/NS22,56711,28017
2024-08,WEEKDAY,15,TRAIN,NS10,26364,32270
2024-08,WEEKENDS/HOLIDAY,15,TRAIN,NS10,16514,15656
2024-08,WEEKENDS/HOLIDAY,10,TRAIN,TE16,5666,3034
2024-08,WEEKDAY,10,TRAIN,TE16,9374,5578
2024-08,WEEKENDS/HOLIDAY,19,TRAIN,TE7,1877,2961
2024-08,WEEKDAY,19,TRAIN,TE7,6767,11543
2024-08,WEEKENDS/HOLIDAY,13,TRAIN,NS3,11592,8769
2024-08,WEEKDAY,13,TRAIN,NS3,18190,14809
2024-08,WEEKENDS/HOLIDAY,5,TRAIN,EW11,439,55
2024-08,WEEKDAY,5,TRAIN,EW11,2807,488
2024-08,WEEKENDS/HOLIDAY,21,TRAIN,EW20,2922,5998
2024-08,WEEKDAY,21,TRAIN,EW20,7495,13608
2024-08,WEEKENDS/HOLIDAY,10,TRAIN,SW3,1464,512
2024-08,WEEKDAY,10,TRAIN,SW3,3046,1186
2024-08,WEEKDAY,19,TRAIN,NE10,21581,30757
2024-08,WEEKENDS/HOLIDAY,19,TRAIN,NE10,6649,8363
2024-08,WEEKDAY,23,TRAIN,SW2,532,1784
2024-08,WEEKENDS/HOLIDAY,23,TRAIN,SW2,277,831
2024-08,WEEKDAY,6,TRAIN,CC25,5179,8215
2024-08,WEEKENDS/HOLIDAY,6,TRAIN,CC25,1034,2436
2024-08,WEEKENDS/HOLIDAY,9,TRAIN,EW12/DT14,10364,24870
2024-08,WEEKDAY,9,TRAIN,EW12/DT14,25749,105306
2024-08,WEEKDAY,12,TRAIN,NS18,15474,10053
2024-08,WEEKENDS/HOLIDAY,12,TRAIN,NS18,7814,4858
2024-08,WEEKENDS/HOLIDAY,7,TRAIN,CC28,1382,887
2024-08,WEEKDAY,7,TRAIN,CC28,10236,4469
2024-08,WEEKDAY,8,TRAIN,BP7,2816,1047
2024-08,WEEKENDS/HOLIDAY,8,TRAIN,BP7,334,235
2024-08,WEEKDAY,10,TRAIN,TE18,6263,15879
2024-08,WEEKENDS/HOLIDAY,10,TRAIN,TE18,3818,7342
2024-08,WEEKDAY,17,TRAIN,NE13,31926,37999
2024-08,WEEKENDS/HOLIDAY,17,TRAIN,NE13,13256,13776
2024-08,WEEKDAY,18,TRAIN,EW5,58128,101260
2024-08,WEEKENDS/HOLIDAY,18,TRAIN,EW5,16969,21605
2024-08,WEEKDAY,7,TRAIN,NS3,79188,20815
2024-08,WEEKENDS/HOLIDAY,7,TRAIN,NS3,8869,5348
2024-08,WEEKENDS/HOLIDAY,22,TRAIN,TE6,1423,7478
2024-08,WEEKDAY,22,TRAIN,TE6,2789,16173
2024-08,WEEKENDS/HOLIDAY,23,TRAIN,DT3,321,1820
2024-08,WEEKDAY,23,TRAIN,DT3,525,3924
2024-08,WEEKDAY,0,TRAIN,CC21,117,304
2024-08,WEEKENDS/HOLIDAY,0,TRAIN,CC21,61,155
2024-08,WEEKENDS/HOLIDAY,0,TRAIN,CC16,33,196
2024-08,WEEKDAY,0,TRAIN,CC16,59,389
2024-08,WEEKENDS/HOLIDAY,20,TRAIN,DT31,1978,5033
2024-08,WEEKDAY,20,TRAIN,DT31,5229,14998
2024-08,WEEKENDS/HOLIDAY,0,TRAIN,DT21,113,131
2024-08,WEEKDAY,0,TRAIN,DT21,253,357
2024-08,WEEKENDS/HOLIDAY,0,TRAIN,CC5,27,49
2024-08,WEEKDAY,0,TRAIN,CC5,42,99
2024-08,WEEKENDS/HOLIDAY,12,TRAIN,SE1,2700,1924
2024-08,WEEKDAY,12,TRAIN,SE1,4386,3112
2024-08,WEEKDAY,20,TRAIN,EW28,21035,42002
2024-08,WEEKENDS/HOLIDAY,20,TRAIN,EW28,6925,16508
2024-08,WEEKDAY,17,TRAIN,DT25,9683,7189
2024-08,WEEKENDS/HOLIDAY,17,TRAIN,DT25,2045,2303
2024-08,WEEKDAY,0,TRAIN,PE4,59,268
2024-08,WEEKENDS/HOLIDAY,0,TRAIN,PE4,29,156
2024-08,WEEKENDS/HOLIDAY,10,TRAIN,DT24,2841,1357
2024-08,WEEKDAY,10,TRAIN,DT24,5819,2953
2024-08,WEEKENDS/HOLIDAY,14,TRAIN,TE16,4202,3697
2024-08,WEEKDAY,14,TRAIN,TE16,5840,6968
2024-08,WEEKDAY,13,TRAIN,CC16,7319,6925
2024-08,WEEKENDS/HOLIDAY,13,TRAIN,CC16,3989,2883
2024-08,WEEKDAY,7,TRAIN,DT23,5534,9267
2024-08,WEEKENDS/HOLIDAY,7,TRAIN,DT23,1120,938
2024-08,WEEKENDS/HOLIDAY,15,TRAIN,EW31,1702,527
2024-08,WEEKDAY,15,TRAIN,EW31,2813,496
2024-08,WEEKENDS/HOLIDAY,11,TRAIN,PW4,3241,2921
2024-08,WEEKDAY,11,TRAIN,PW4,4212,3566
2024-08,WEEKDAY,6,TRAIN,CC14,7292,4982
2024-08,WEEKENDS/HOLIDAY,6,TRAIN,CC14,817,485
2024-08,WEEKENDS/HOLIDAY,10,TRAIN,EW2/DT32,25206,20045
2024-08,WEEKDAY,10,TRAIN,EW2/DT32,46375,35644
2024-08,WEEKENDS/HOLIDAY,0,TRAIN,NE9,100,378
2024-08,WEEKDAY,0,TRAIN,NE9,195,617
2024-08,WEEKDAY,9,TRAIN,SE5,3922,1201
2024-08,WEEKENDS/HOLIDAY,9,TRAIN,SE5,1654,684
2024-08,WEEKDAY,17,TRAIN,DT3,11059,13909
2024-08,WEEKENDS/HOLIDAY,17,TRAIN,DT3,4494,4170
2024-08,WEEKENDS/HOLIDAY,9,TRAIN,TE18,2301,5530
2024-08,WEEKDAY,9,TRAIN,TE18,4995,22506
2024-08,WEEKDAY,19,TRAIN,DT25,5607,9239
2024-08,WEEKENDS/HOLIDAY,19,TRAIN,DT25,1722,2054
2024-08,WEEKDAY,22,TRAIN,CC6,15350,1455
2024-08,WEEKENDS/HOLIDAY,22,TRAIN,CC6,9006,1027
2024-08,WEEKENDS/HOLIDAY,16,TRAIN,NS5,12825,14444
2024-08,WEEKDAY,16,TRAIN,NS5,24591,31981
2024-08,WEEKENDS/HOLIDAY,6,TRAIN,SE2,1656,176
2024-08,WEEKDAY,6,TRAIN,SE2,12291,802
2024-08,WEEKENDS/HOLIDAY,5,TRAIN,NE8,298,27
2024-08,WEEKDAY,5,TRAIN,NE8,1184,73
2024-08,WEEKENDS/HOLIDAY,23,TRAIN,EW33,100,896
2024-08,WEEKDAY,23,TRAIN,EW33,348,1089
2024-08,WEEKENDS/HOLIDAY,5,TRAIN,EW24/NS1,2486,489
2024-08,WEEKDAY,5,TRAIN,EW24/NS1,12105,6350
2024-08,WEEKDAY,23,TRAIN,SE5,247,1372
2024-08,WEEKENDS/HOLIDAY,23,TRAIN,SE5,137,605
2024-08,WEEKENDS/HOLIDAY,18,TRAIN,NS21/DT11,34555,36119
2024-08,WEEKDAY,18,TRAIN,NS21/DT11,154238,141182
2024-08,WEEKDAY,20,TRAIN,EW5,26264,43666
2024-08,WEEKENDS/HOLIDAY,20,TRAIN,EW5,11393,17315
2024-08,WEEKENDS/HOLIDAY,9,TRAIN,CC4/DT15,1622,10008
2024-08,WEEKDAY,9,TRAIN,CC4/DT15,5520,74883
2024-08,WEEKDAY,10,TRAIN,CC21,6766,11566
2024-08,WEEKENDS/HOLIDAY,10,TRAIN,CC21,3605,6516
2024-08,WEEKENDS/HOLIDAY,5,TRAIN,CC2,26,8
2024-08,WEEKDAY,5,TRAIN,CC2,63,74
2024-08,WEEKENDS/HOLIDAY,19,TRAIN,EW22,1894,2715
2024-08,WEEKDAY,19,TRAIN,EW22,12665,12776
2024-08,WEEKENDS/HOLIDAY,23,TRAIN,DT23,472,677
2024-08,WEEKDAY,23,TRAIN,DT23,1294,1433
2024-08,WEEKDAY,14,TRAIN,EW1,23018,24983
2024-08,WEEKENDS/HOLIDAY,14,TRAIN,EW1,15189,13671
2024-08,WEEKDAY,17,TRAIN,CG1/DT35,47239,10937
2024-08,WEEKENDS/HOLIDAY,17,TRAIN,CG1/DT35,13034,10589
2024-08,WEEKDAY,6,TRAIN,DT10/TE11,6123,7622
2024-08,WEEKENDS/HOLIDAY,6,TRAIN,DT10/TE11,1141,681
2024-08,WEEKDAY,23,TRAIN,NS24/NE6/CC1,12404,4407
2024-08,WEEKENDS/HOLIDAY,23,TRAIN,NS24/NE6/CC1,5476,2411
2024-08,WEEKENDS/HOLIDAY,18,TRAIN,EW31,2716,1958
2024-08,WEEKDAY,18,TRAIN,EW31,21511,3000
2024-08,WEEKENDS/HOLIDAY,7,TRAIN,CC4/DT15,589,3735
2024-08,WEEKDAY,7,TRAIN,CC4/DT15,2122,23136
2024-08,WEEKENDS/HOLIDAY,12,TRAIN,EW33,2569,1013
2024-08,WEEKDAY,12,TRAIN,EW33,2687,1463
2024-08,WEEKENDS/HOLIDAY,9,TRAIN,EW9,10459,11472
2024-08,WEEKDAY,9,TRAIN,EW9,29318,22869
2024-08,WEEKENDS/HOLIDAY,0,TRAIN,TE3,41,639
2024-08,WEEKDAY,0,TRAIN,TE3,51,1304
2024-08,WEEKDAY,20,TRAIN,DT28,7405,15061
2024-08,WEEKENDS/HOLIDAY,20,TRAIN,DT28,2436,7224
2024-08,WEEKENDS/HOLIDAY,14,TRAIN,TE14/NS22,47889,57731
2024-08,WEEKDAY,14,TRAIN,TE14/NS22,73037,72781
2024-08,WEEKENDS/HOLIDAY,11,TRAIN,BP13,931,466
2024-08,WEEKDAY,11,TRAIN,BP13,1412,623
2024-08,WEEKDAY,20,TRAIN,BP12,875,2706
2024-08,WEEKENDS/HOLIDAY,20,TRAIN,BP12,471,819
2024-08,WEEKDAY,6,TRAIN,EW21/CC22,12726,19993
2024-08,WEEKENDS/HOLIDAY,6,TRAIN,EW21/CC22,2013,2914
2024-08,WEEKENDS/HOLIDAY,20,TRAIN,EW7,3907,9744
2024-08,WEEKDAY,20,TRAIN,EW7,8764,26285
2024-08,WEEKDAY,22,TRAIN,DT2,562,2058
2024-08,WEEKENDS/HOLIDAY,22,TRAIN,DT2,195,835
2024-08,WEEKENDS/HOLIDAY,22,TRAIN,SW6,358,1793
2024-08,WEEKDAY,22,TRAIN,SW6,733,3828
2024-08,WEEKENDS/HOLIDAY,18,TRAIN,CC20,2937,2939
2024-08,WEEKDAY,18,TRAIN,CC20,11788,14946
2024-08,WEEKDAY,16,TRAIN,BP10,2269,4549
2024-08,WEEKENDS/HOLIDAY,16,TRAIN,BP10,1286,1552
2024-08,WEEKDAY,6,TRAIN,NE9,25612,17228
2024-08,WEEKENDS/HOLIDAY,6,TRAIN,NE9,5166,3636
2024-08,WEEKDAY,13,TRAIN,EW14/NS26,45438,84646
2024-08,WEEKENDS/HOLIDAY,13,TRAIN,EW14/NS26,12450,13647
2024-08,WEEKENDS/HOLIDAY,9,TRAIN,TE3,4740,1981
2024-08,WEEKDAY,9,TRAIN,TE3,12957,6081
2024-08,WEEKDAY,13,TRAIN,EW10,8580,10429
2024-08,WEEKENDS/HOLIDAY,13,TRAIN,EW10,6395,7425
2024-08,WEEKENDS/HOLIDAY,23,TRAIN,DT22,3551,2316
2024-08,WEEKDAY,23,TRAIN,DT22,4894,5225
2024-08,WEEKENDS/HOLIDAY,11,TRAIN,NS9/TE2,26635,25607
2024-08,WEEKDAY,11,TRAIN,NS9/TE2,44456,49047
2024-08,WEEKENDS/HOLIDAY,16,TRAIN,EW10,7997,8128
2024-08,WEEKDAY,16,TRAIN,EW10,8539,12137
2024-08,WEEKDAY,17,TRAIN,CE1/DT16,50541,39066
2024-08,WEEKENDS/HOLIDAY,17,TRAIN,CE1/DT16,36970,40281
2024-08,WEEKENDS/HOLIDAY,21,TRAIN,EW1,7474,17036
2024-08,WEEKDAY,21,TRAIN,EW1,15402,40331
2024-08,WEEKENDS/HOLIDAY,16,TRAIN,PW6,720,684
2024-08,WEEKDAY,16,TRAIN,PW6,1648,2086
2024-08,WEEKENDS/HOLIDAY,13,TRAIN,CG1/DT35,7905,11794
2024-08,WEEKDAY,13,TRAIN,CG1/DT35,11391,14587
2024-08,WEEKDAY,6,TRAIN,NS21/DT11,26530,30837
2024-08,WEEKENDS/HOLIDAY,6,TRAIN,NS21/DT11,6790,7433
2024-08,WEEKENDS/HOLIDAY,8,TRAIN,CC19/DT9,2065,4601
2024-08,WEEKDAY,8,TRAIN,CC19/DT9,11217,16227
2024-08,WEEKDAY,18,TRAIN,NS24/NE6/CC1,88392,78394
2024-08,WEEKENDS/HOLIDAY,18,TRAIN,NS24/NE6/CC1,29125,21431
2024-08,WEEKDAY,7,TRAIN,NS23,8902,23599
2024-08,WEEKENDS/HOLIDAY,7,TRAIN,NS23,1582,6347
2024-08,WEEKDAY,20,TRAIN,DT21,10821,7016
2024-08,WEEKENDS/HOLIDAY,20,TRAIN,DT21,3767,3214
2024-08,WEEKDAY,19,TRAIN,CC20,6576,11460
2024-08,WEEKENDS/HOLIDAY,19,TRAIN,CC20,2437,2755
2024-08,WEEKENDS/HOLIDAY,0,TRAIN,TE18,118,167
2024-08,WEEKDAY,0,TRAIN,TE18,237,247
2024-08,WEEKENDS/HOLIDAY,6,TRAIN,CC8,1629,728
2024-08,WEEKDAY,6,TRAIN,CC8,9653,9553
2024-08,WEEKDAY,10,TRAIN,CC27,1362,8790
2024-08,WEEKENDS/HOLIDAY,10,TRAIN,CC27,474,1198
2024-08,WEEKDAY,10,TRAIN,NS3,20843,11351
2024-08,WEEKENDS/HOLIDAY,10,TRAIN,NS3,12452,7424
2024-08,WEEKENDS/HOLIDAY,11,TRAIN,EW7,8967,6267
2024-08,WEEKDAY,11,TRAIN,EW7,14455,10159
2024-08,WEEKDAY,21,TRAIN,SE2,1601,7960
2024-08,WEEKENDS/HOLIDAY,21,TRAIN,SE2,704,3398
2024-08,WEEKENDS/HOLIDAY,6,TRAIN,BP7,179,70
2024-08,WEEKDAY,6,TRAIN,BP7,3729,914
2024-08,WEEKDAY,22,TRAIN,CG2,31279,12232
2024-08,WEEKENDS/HOLIDAY,22,TRAIN,CG2,16597,5539
2024-08,WEEKENDS/HOLIDAY,19,TRAIN,BP4,705,983
2024-08,WEEKDAY,19,TRAIN,BP4,2447,5105
2024-08,WEEKENDS/HOLIDAY,13,TRAIN,EW5,18852,16043
2024-08,WEEKDAY,13,TRAIN,EW5,31152,26875
2024-08,WEEKDAY,17,TRAIN,NS20,127586,35431
2024-08,WEEKENDS/HOLIDAY,17,TRAIN,NS20,16278,15696
2024-08,WEEKDAY,8,TRAIN,SE1,13351,4892
2024-08,WEEKENDS/HOLIDAY,8,TRAIN,SE1,2596,1002
2024-08,WEEKENDS/HOLIDAY,6,TRAIN,EW17,4783,2242
2024-08,WEEKDAY,6,TRAIN,EW17,30368,11768
2024-08,WEEKDAY,19,TRAIN,NS9/TE2,61136,149461
2024-08,WEEKENDS/HOLIDAY,19,TRAIN,NS9/TE2,24755,34172
2024-08,WEEKDAY,12,TRAIN,CC21,10416,15932
2024-08,WEEKENDS/HOLIDAY,12,TRAIN,CC21,5286,6725
2024-08,WEEKDAY,22,TRAIN,SW8,467,2261
2024-08,WEEKENDS/HOLIDAY,22,TRAIN,SW8,222,995
2024-08,WEEKDAY,17,TRAIN,EW2/DT32,75285,110439
2024-08,WEEKENDS/HOLIDAY,17,TRAIN,EW2/DT32,32196,36950
2024-08,WEEKENDS/HOLIDAY,5,TRAIN,TE8,79,15
2024-08,WEEKDAY,5,TRAIN,TE8,448,272
2024-08,WEEKDAY,16,TRAIN,EW12/DT14,71669,60129
2024-08,WEEKENDS/HOLIDAY,16,TRAIN,EW12/DT14,47949,43065
2024-08,WEEKENDS/HOLIDAY,20,TRAIN,BP7,169,476
2024-08,WEEKDAY,20,TRAIN,BP7,487,1650
2024-08,WEEKDAY,11,TRAIN,DT7,3755,3468
2024-08,WEEKENDS/HOLIDAY,11,TRAIN,DT7,2111,1455
2024-08,WEEKENDS/HOLIDAY,23,TRAIN,EW3,845,4286
2024-08,WEEKDAY,23,TRAIN,EW3,1696,9072
2024-08,WEEKDAY,20,TRAIN,NS4/BP1,28052,55458
2024-08,WEEKENDS/HOLIDAY,20,TRAIN,NS4/BP1,11787,21312
2024-08,WEEKENDS/HOLIDAY,5,TRAIN,NS17/CC15,760,218
2024-08,WEEKDAY,5,TRAIN,NS17/CC15,5578,1259
2024-08,WEEKDAY,13,TRAIN,BP6/DT1,32678,31588
2024-08,WEEKENDS/HOLIDAY,13,TRAIN,BP6/DT1,21607,18458
2024-08,WEEKENDS/HOLIDAY,14,TRAIN,DT8,1583,1554
2024-08,WEEKDAY,14,TRAIN,DT8,12457,4907
2024-08,WEEKENDS/HOLIDAY,12,TRAIN,NS25/EW13,25346,43670
2024-08,WEEKDAY,12,TRAIN,NS25/EW13,40118,73670
2024-08,WEEKENDS/HOLIDAY,14,TRAIN,EW28,12684,9637
2024-08,WEEKDAY,14,TRAIN,EW28,22853,18906
2024-08,WEEKDAY,19,TRAIN,NS20,70095,37382
2024-08,WEEKENDS/HOLIDAY,19,TRAIN,NS20,17139,11281
2024-08,WEEKDAY,15,TRAIN,CC4/DT15,20193,18565
2024-08,WEEKENDS/HOLIDAY,15,TRAIN,CC4/DT15,13557,14740
2024-08,WEEKENDS/HOLIDAY,7,TRAIN,CE1/DT16,6201,9877
2024-08,WEEKDAY,7,TRAIN,CE1/DT16,10584,26748
2024-08,WEEKDAY,6,TRAIN,TE3,17485,12622
2024-08,WEEKENDS/HOLIDAY,6,TRAIN,TE3,2172,2628
2024-08,WEEKDAY,17,TRAIN,NE9,48745,30892
2024-08,WEEKENDS/HOLIDAY,17,TRAIN,NE9,11270,10909
2024-08,WEEKENDS/HOLIDAY,20,TRAIN,TE7,1049,2730
2024-08,WEEKDAY,20,TRAIN,TE7,3488,7259
2024-08,WEEKENDS/HOLIDAY,18,TRAIN,NS19,18817,20749
2024-08,WEEKDAY,18,TRAIN,NS19,86923,96348
2024-08,WEEKENDS/HOLIDAY,22,TRAIN,EW14/NS26,16943,3227
2024-08,WEEKDAY,22,TRAIN,EW14/NS26,41846,6315
2024-08,WEEKENDS/HOLIDAY,18,TRAIN,SW5,4158,5269
2024-08,WEEKDAY,18,TRAIN,SW5,9327,21215
2024-08,WEEKDAY,6,TRAIN,CC27,1015,4747
2024-08,WEEKENDS/HOLIDAY,6,TRAIN,CC27,301,410
2024-08,WEEKDAY,17,TRAIN,CC21,14623,18532
2024-08,WEEKENDS/HOLIDAY,17,TRAIN,CC21,5889,6350
2024-08,WEEKDAY,18,TRAIN,SE1,6217,10163
2024-08,WEEKENDS/HOLIDAY,18,TRAIN,SE1,1859,2170
2024-08,WEEKENDS/HOLIDAY,0,TRAIN,EW28,5,2483
2024-08,WEEKDAY,0,TRAIN,EW28,7,4031
2024-08,WEEKENDS/HOLIDAY,15,TRAIN,TE5,1933,2207
2024-08,WEEKDAY,15,TRAIN,TE5,2588,4593
2024-08,WEEKDAY,18,TRAIN,PW6,1558,3820
2024-08,WEEKENDS/HOLIDAY,18,TRAIN,PW6,603,667
2024-08,WEEKENDS/HOLIDAY,18,TRAIN,SE3,1418,1870
2024-08,WEEKDAY,18,TRAIN,SE3,2905,8587
2024-08,WEEKDAY,7,TRAIN,NS13,174247,61854
2024-08,WEEKENDS/HOLIDAY,7,TRAIN,NS13,21649,10152
2024-08,WEEKENDS/HOLIDAY,23,TRAIN,DT8,189,422
2024-08,WEEKDAY,23,TRAIN,DT8,334,986
2024-08,WEEKENDS/HOLIDAY,23,TRAIN,NE10,1102,2746
2024-08,WEEKDAY,23,TRAIN,NE10,2382,5706
2024-08,WEEKENDS/HOLIDAY,6,TRAIN,NS15,3378,3582
2024-08,WEEKDAY,6,TRAIN,NS15,20192,22549
2024-08,WEEKDAY,22,TRAIN,NS16,19302,52756
2024-08,WEEKENDS/HOLIDAY,22,TRAIN,NS16,8525,24725
2024-08,WEEKENDS/HOLIDAY,12,TRAIN,NS10,22178,12461
2024-08,WEEKDAY,12,TRAIN,NS10,35007,23301
2024-08,WEEKENDS/HOLIDAY,7,TRAIN,SW1,687,961
2024-08,WEEKDAY,7,TRAIN,SW1,4686,7395
2024-08,WEEKDAY,22,TRAIN,EW27,19153,45899
2024-08,WEEKENDS/HOLIDAY,22,TRAIN,EW27,8990,24533
2024-08,WEEKDAY,12,TRAIN,EW2/DT32,47707,47990
2024-08,WEEKENDS/HOLIDAY,12,TRAIN,EW2/DT32,28988,26699
2024-08,WEEKDAY,17,TRAIN,BP9,2196,3924
2024-08,WEEKENDS/HOLIDAY,17,TRAIN,BP9,919,1100
2024-08,WEEKDAY,20,TRAIN,EW9,17313,36194
2024-08,WEEKENDS/HOLIDAY,20,TRAIN,EW9,11242,15055
2024-08,WEEKDAY,12,TRAIN,BP9,2590,1836
2024-08,WEEKENDS/HOLIDAY,12,TRAIN,BP9,1735,1108
2024-08,WEEKENDS/HOLIDAY,22,TRAIN,SW2,1234,1513
2024-08,WEEKDAY,22,TRAIN,SW2,2478,3213
2024-08,WEEKDAY,5,TRAIN,EW10,3611,381
2024-08,WEEKENDS/HOLIDAY,5,TRAIN,EW10,560,67
2024-08,WEEKDAY,11,TRAIN,EW10,10033,6029
2024-08,WEEKENDS/HOLIDAY,11,TRAIN,EW10,6830,6219
2024-08,WEEKDAY,19,TRAIN,DT2,3340,4844
2024-08,WEEKENDS/HOLIDAY,19,TRAIN,DT2,769,982
2024-08,WEEKDAY,8,TRAIN,PW6,4990,974
2024-08,WEEKENDS/HOLIDAY,8,TRAIN,PW6,1033,277
2024-08,WEEKDAY,8,TRAIN,PE6,15303,6635
2024-08,WEEKENDS/HOLIDAY,8,TRAIN,PE6,2830,2454
2024-08,WEEKENDS/HOLIDAY,5,TRAIN,TE1,182,32
2024-08,WEEKDAY,5,TRAIN,TE1,1121,225
2024-08,WEEKDAY,23,TRAIN,PE3,359,2461
2024-08,WEEKENDS/HOLIDAY,23,TRAIN,PE3,227,1333
2024-08,WEEKENDS/HOLIDAY,23,TRAIN,EW1,1081,8093
2024-08,WEEKDAY,23,TRAIN,EW1,1777,16934
2024-08,WEEKENDS/HOLIDAY,16,TRAIN,EW32,2579,1855
2024-08,WEEKDAY,16,TRAIN,EW32,7706,1656
2024-08,WEEKENDS/HOLIDAY,19,TRAIN,CC24,5559,3459
2024-08,WEEKDAY,19,TRAIN,CC24,54268,11123
2024-08,WEEKENDS/HOLIDAY,19,TRAIN,DT28,4042,6506
2024-08,WEEKDAY,19,TRAIN,DT28,15510,22379
2024-08,WEEKENDS/HOLIDAY,20,TRAIN,NS28,1317,453
2024-08,WEEKDAY,20,TRAIN,NS28,914,502
2024-08,WEEKDAY,9,TRAIN,PE3,8789,4028
2024-08,WEEKENDS/HOLIDAY,9,TRAIN,PE3,3584,2414
2024-08,WEEKDAY,8,TRAIN,NS2,69393,41999
2024-08,WEEKENDS/HOLIDAY,8,TRAIN,NS2,12310,9070
2024-08,WEEKDAY,23,TRAIN,CC2,2498,755
2024-08,WEEKENDS/HOLIDAY,23,TRAIN,CC2,824,419
2024-08,WEEKENDS/HOLIDAY,11,TRAIN,BP9,2062,1029
2024-08,WEEKDAY,11,TRAIN,BP9,2786,1660
2024-08,WEEKDAY,10,TRAIN,NS28,1965,3735
2024-08,WEEKENDS/HOLIDAY,10,TRAIN,NS28,457,2962
2024-08,WEEKDAY,10,TRAIN,NS19,38144,28159
2024-08,WEEKENDS/HOLIDAY,10,TRAIN,NS19,19823,14359
2024-08,WEEKDAY,15,TRAIN,PE6,7273,8481
2024-08,WEEKENDS/HOLIDAY,15,TRAIN,PE6,3973,3530
2024-08,WEEKDAY,0,TRAIN,EW8/CC9,627,1751
2024-08,WEEKENDS/HOLIDAY,0,TRAIN,EW8/CC9,323,870
2024-08,WEEKDAY,8,TRAIN,DT18,4234,97893
2024-08,WEEKENDS/HOLIDAY,8,TRAIN,DT18,785,2684
2024-08,WEEKDAY,0,TRAIN,CC26,15,173
2024-08,WEEKENDS/HOLIDAY,0,TRAIN,CC26,4,135
2024-08,WEEKENDS/HOLIDAY,17,TRAIN,NS15,7080,6628
2024-08,WEEKDAY,17,TRAIN,NS15,60134,22205
2024-08,WEEKENDS/HOLIDAY,8,TRAIN,CC11,2721,8252
2024-08,WEEKDAY,8,TRAIN,CC11,11484,116242
2024-08,WEEKDAY,14,TRAIN,DT7,3879,5404
2024-08,WEEKENDS/HOLIDAY,14,TRAIN,DT7,1508,1734
2024-08,WEEKENDS/HOLIDAY,7,TRAIN,NE11,2822,2575
2024-08,WEEKDAY,7,TRAIN,NE11,22571,24917
2024-08,WEEKENDS/HOLIDAY,12,TRAIN,TE6,6165,3535
2024-08,WEEKDAY,12,TRAIN,TE6,9603,5846
2024-08,WEEKDAY,15,TRAIN,NS3,16062,18366
2024-08,WEEKENDS/HOLIDAY,15,TRAIN,NS3,10130,9461
2024-08,WEEKENDS/HOLIDAY,22,TRAIN,SE2,454,2943
2024-08,WEEKDAY,22,TRAIN,SE2,937,6309
2024-08,WEEKENDS/HOLIDAY,22,TRAIN,BP9,224,665
2024-08,WEEKDAY,22,TRAIN,BP9,381,1674
2024-08,WEEKENDS/HOLIDAY,17,TRAIN,CC2,4169,2611
2024-08,WEEKDAY,17,TRAIN,CC2,15587,5626
2024-08,WEEKDAY,18,TRAIN,SW7,2660,6030
2024-08,WEEKENDS/HOLIDAY,18,TRAIN,SW7,1121,1406
2024-08,WEEKDAY,9,TRAIN,BP13,2287,673
2024-08,WEEKENDS/HOLIDAY,9,TRAIN,BP13,888,377
2024-08,WEEKENDS/HOLIDAY,15,TRAIN,NS19,18753,19226
2024-08,WEEKDAY,15,TRAIN,NS19,32599,37118
2024-08,WEEKENDS/HOLIDAY,17,TRAIN,DT13,8024,6974
2024-08,WEEKDAY,17,TRAIN,DT13,22819,14028
2024-08,WEEKDAY,12,TRAIN,CC11,15217,12880
2024-08,WEEKENDS/HOLIDAY,12,TRAIN,CC11,6582,6122
2024-08,WEEKDAY,9,TRAIN,NS28,2865,4244
2024-08,WEEKENDS/HOLIDAY,9,TRAIN,NS28,354,1772
2024-08,WEEKENDS/HOLIDAY,11,TRAIN,CC10/DT26,8039,4651
2024-08,WEEKDAY,11,TRAIN,CC10/DT26,13675,8969
2024-08,WEEKENDS/HOLIDAY,11,TRAIN,NS3,13329,7437
2024-08,WEEKDAY,11,TRAIN,NS3,20311,12576
2024-08,WEEKDAY,12,TRAIN,CC28,3867,2956
2024-08,WEEKENDS/HOLIDAY,12,TRAIN,CC28,2396,1765
2024-08,WEEKENDS/HOLIDAY,23,TRAIN,SW5,420,1764
2024-08,WEEKDAY,23,TRAIN,SW5,725,3558
2024-08,WEEKDAY,7,TRAIN,NS12,71639,17997
2024-08,WEEKENDS/HOLIDAY,7,TRAIN,NS12,7819,3513
2024-08,WEEKENDS/HOLIDAY,9,TRAIN,NS21/DT11,23615,23954
2024-08,WEEKDAY,9,TRAIN,NS21/DT11,75550,85549
2024-08,WEEKENDS/HOLIDAY,8,TRAIN,NS18,7657,3187
2024-08,WEEKDAY,8,TRAIN,NS18,43781,22078
2024-08,WEEKENDS/HOLIDAY,5,TRAIN,NE14,1205,131
2024-08,WEEKDAY,5,TRAIN,NE14,7525,1018
2024-08,WEEKDAY,6,TRAIN,CC19/DT9,2864,4824
2024-08,WEEKENDS/HOLIDAY,6,TRAIN,CC19/DT9,464,1249
2024-08,WEEKDAY,22,TRAIN,CC25,3168,4613
2024-08,WEEKENDS/HOLIDAY,22,TRAIN,CC25,1186,2249
2024-08,WEEKENDS/HOLIDAY,20,TRAIN,BP3,848,2595
2024-08,WEEKDAY,20,TRAIN,BP3,1957,8053
2024-08,WEEKDAY,21,TRAIN,BP6/DT1,23493,50225
2024-08,WEEKENDS/HOLIDAY,21,TRAIN,BP6/DT1,10447,23025
2024-08,WEEKDAY,19,TRAIN,BP12,1564,6436
2024-08,WEEKENDS/HOLIDAY,19,TRAIN,BP12,651,899
2024-08,WEEKENDS/HOLIDAY,21,TRAIN,BP10,371,1775
2024-08,WEEKDAY,21,TRAIN,BP10,1024,4424
2024-08,WEEKENDS/HOLIDAY,7,TRAIN,BP12,1323,305
2024-08,WEEKDAY,7,TRAIN,BP12,13611,8658
2024-08,WEEKDAY,20,TRAIN,EW21/CC22,31050,16454
2024-08,WEEKENDS/HOLIDAY,20,TRAIN,EW21/CC22,8892,6767
2024-08,WEEKDAY,7,TRAIN,EW20,27445,30285
2024-08,WEEKENDS/HOLIDAY,7,TRAIN,EW20,4017,3850
2024-08,WEEKDAY,18,TRAIN,CC26,25830,9881
2024-08,WEEKENDS/HOLIDAY,18,TRAIN,CC26,1650,2886
2024-08,WEEKDAY,11,TRAIN,NE11,12715,11458
2024-08,WEEKENDS/HOLIDAY,11,TRAIN,NE11,7343,6476
2024-08,WEEKENDS/HOLIDAY,17,TRAIN,CC16,3759,3135
2024-08,WEEKDAY,17,TRAIN,CC16,20960,10571
2024-08,WEEKDAY,10,TRAIN,CC24,14755,40976
2024-08,WEEKENDS/HOLIDAY,10,TRAIN,CC24,2673,4694
2024-08,WEEKENDS/HOLIDAY,11,TRAIN,EW26,19313,7608
2024-08,WEEKDAY,11,TRAIN,EW26,29769,11440
2024-08,WEEKDAY,8,TRAIN,PW3,4061,2514
2024-08,WEEKENDS/HOLIDAY,8,TRAIN,PW3,924,894
2024-08,WEEKDAY,22,TRAIN,EW11,11636,17097
2024-08,WEEKENDS/HOLIDAY,22,TRAIN,EW11,4754,8277
2024-08,WEEKENDS/HOLIDAY,6,TRAIN,EW15,1139,3341
2024-08,WEEKDAY,6,TRAIN,EW15,5532,28228
2024-08,WEEKENDS/HOLIDAY,23,TRAIN,PW6,32,309
2024-08,WEEKDAY,23,TRAIN,PW6,82,683
2024-08,WEEKENDS/HOLIDAY,7,TRAIN,EW5,11423,6696
2024-08,WEEKDAY,7,TRAIN,EW5,74554,33684
2024-08,WEEKDAY,18,TRAIN,SE5,4708,5966
2024-08,WEEKENDS/HOLIDAY,18,TRAIN,SE5,1256,1427
2024-08,WEEKDAY,22,TRAIN,NE13,8337,21408
2024-08,WEEKENDS/HOLIDAY,22,TRAIN,NE13,3832,9581
2024-08,WEEKENDS/HOLIDAY,8,TRAIN,BP4,944,510
2024-08,WEEKDAY,8,TRAIN,BP4,5025,17759
2024-08,WEEKDAY,11,TRAIN,DT5,13296,9745
2024-08,WEEKENDS/HOLIDAY,11,TRAIN,DT5,11611,6589
2024-08,WEEKDAY,6,TRAIN,BP9,5187,1478
2024-08,WEEKENDS/HOLIDAY,6,TRAIN,BP9,672,232
2024-08,WEEKENDS/HOLIDAY,8,TRAIN,CC7,2733,2376
2024-08,WEEKDAY,8,TRAIN,CC7,14858,15470
2024-08,WEEKDAY,12,TRAIN,NS27/CE2/TE20,6302,5380
2024-08,WEEKENDS/HOLIDAY,12,TRAIN,NS27/CE2/TE20,1883,3214
2024-08,WEEKDAY,14,TRAIN,EW3,17328,17521
2024-08,WEEKENDS/HOLIDAY,14,TRAIN,EW3,9060,8558
2024-08,WEEKDAY,6,TRAIN,PE6,10066,2431
2024-08,WEEKENDS/HOLIDAY,6,TRAIN,PE6,963,589
2024-08,WEEKENDS/HOLIDAY,7,TRAIN,CC11,3820,6071
2024-08,WEEKDAY,7,TRAIN,CC11,14797,59565
2024-08,WEEKENDS/HOLIDAY,12,TRAIN,PW3,1068,552
2024-08,WEEKDAY,12,TRAIN,PW3,1447,938
2024-08,WEEKENDS/HOLIDAY,15,TRAIN,EW20,5220,5342
2024-08,WEEKDAY,15,TRAIN,EW20,13945,12344
2024-08,WEEKDAY,13,TRAIN,EW27,35212,39592
2024-08,WEEKENDS/HOLIDAY,13,TRAIN,EW27,25204,23103
2024-08,WEEKDAY,13,TRAIN,EW15,34919,40099
2024-08,WEEKENDS/HOLIDAY,13,TRAIN,EW15,12052,12269
2024-08,WEEKDAY,12,TRAIN,DT30,7073,4061
2024-08,WEEKENDS/HOLIDAY,12,TRAIN,DT30,4540,2368
2024-08,WEEKDAY,8,TRAIN,NS9/TE2,127903,74017
2024-08,WEEKENDS/HOLIDAY,8,TRAIN,NS9/TE2,22712,21239
2024-08,WEEKENDS/HOLIDAY,5,TRAIN,NE7/DT12,209,48
2024-08,WEEKDAY,5,TRAIN,NE7/DT12,1063,307
2024-08,WEEKDAY,11,TRAIN,TE15,6569,9183
2024-08,WEEKENDS/HOLIDAY,11,TRAIN,TE15,4131,5476
2024-08,WEEKENDS/HOLIDAY,18,TRAIN,BP8,815,855
2024-08,WEEKDAY,18,TRAIN,BP8,4111,4659
2024-08,WEEKENDS/HOLIDAY,0,TRAIN,NE4/DT19,177,505
2024-08,WEEKDAY,0,TRAIN,NE4/DT19,343,1024
2024-08,WEEKENDS/HOLIDAY,16,TRAIN,DT18,3140,2839
2024-08,WEEKDAY,16,TRAIN,DT18,18543,8032
2024-08,WEEKENDS/HOLIDAY,8,TRAIN,BP9,1469,965
2024-08,WEEKDAY,8,TRAIN,BP9,4783,2696
2024-08,WEEKDAY,13,TRAIN,CC8,9707,7286
2024-08,WEEKENDS/HOLIDAY,13,TRAIN,CC8,4147,3752
2024-08,WEEKDAY,12,TRAIN,BP6/DT1,33690,29436
2024-08,WEEKENDS/HOLIDAY,12,TRAIN,BP6/DT1,23028,16713
2024-08,WEEKENDS/HOLIDAY,7,TRAIN,CC10/DT26,5232,3515
2024-08,WEEKDAY,7,TRAIN,CC10/DT26,31893,26297
2024-08,WEEKDAY,9,TRAIN,NS24/NE6/CC1,14446,46539
2024-08,WEEKENDS/HOLIDAY,9,TRAIN,NS24/NE6/CC1,5406,14935
2024-08,WEEKDAY,13,TRAIN,EW1,24855,22015
2024-08,WEEKENDS/HOLIDAY,13,TRAIN,EW1,16186,13468
2024-08,WEEKENDS/HOLIDAY,13,TRAIN,EW16/NE3/TE17,13417,11325
2024-08,WEEKDAY,13,TRAIN,EW16/NE3/TE17,32636,49434
2024-08,WEEKENDS/HOLIDAY,12,TRAIN,BP3,2492,1558
2024-08,WEEKDAY,12,TRAIN,BP3,3754,2494
2024-08,WEEKENDS/HOLIDAY,6,TRAIN,NE4/DT19,3021,4628
2024-08,WEEKDAY,6,TRAIN,NE4/DT19,10674,17356
2024-08,WEEKDAY,9,TRAIN,NE15,39200,8457
2024-08,WEEKENDS/HOLIDAY,9,TRAIN,NE15,13260,4675
2024-08,WEEKENDS/HOLIDAY,12,TRAIN,SW1,1428,1937
2024-08,WEEKDAY,12,TRAIN,SW1,3814,5092
2024-08,WEEKDAY,21,TRAIN,PW3,1176,2759
2024-08,WEEKENDS/HOLIDAY,21,TRAIN,PW3,382,1452
2024-08,WEEKENDS/HOLIDAY,18,TRAIN,NE13,12481,14071
2024-08,WEEKDAY,18,TRAIN,NE13,35703,64940
2024-08,WEEKDAY,9,TRAIN,PE7,5642,2319
2024-08,WEEKENDS/HOLIDAY,9,TRAIN,PE7,2688,833
2024-08,WEEKDAY,15,TRAIN,CC28,2646,3503
2024-08,WEEKENDS/HOLIDAY,15,TRAIN,CC28,2245,1982
2024-08,WEEKENDS/HOLIDAY,8,TRAIN,CC28,1839,1110
2024-08,WEEKDAY,8,TRAIN,CC28,11622,8433
2024-08,WEEKENDS/HOLIDAY,18,TRAIN,EW23,26865,29019
2024-08,WEEKDAY,18,TRAIN,EW23,114436,139877
2024-08,WEEKENDS/HOLIDAY,12,TRAIN,PE6,5121,3829
2024-08,WEEKDAY,12,TRAIN,PE6,8586,6640
2024-08,WEEKENDS/HOLIDAY,6,TRAIN,PE4,348,95
2024-08,WEEKDAY,6,TRAIN,PE4,3048,416
2024-08,WEEKENDS/HOLIDAY,17,TRAIN,CC3,8936,9410
2024-08,WEEKDAY,17,TRAIN,CC3,17692,8953
2024-08,WEEKDAY,7,TRAIN,CC5,3262,5517
2024-08,WEEKENDS/HOLIDAY,7,TRAIN,CC5,831,882
2024-08,WEEKENDS/HOLIDAY,17,TRAIN,SW8,1088,982
2024-08,WEEKDAY,17,TRAIN,SW8,4041,2996
2024-08,WEEKDAY,11,TRAIN,EW19,16348,9969
2024-08,WEEKENDS/HOLIDAY,11,TRAIN,EW19,9428,5243
2024-08,WEEKENDS/HOLIDAY,23,TRAIN,CC7,724,1618
2024-08,WEEKDAY,23,TRAIN,CC7,1418,3468
2024-08,WEEKDAY,18,TRAIN,BP4,4366,6197
2024-08,WEEKENDS/HOLIDAY,18,TRAIN,BP4,877,953
2024-08,WEEKDAY,20,TRAIN,DT13,13919,9850
2024-08,WEEKENDS/HOLIDAY,20,TRAIN,DT13,5967,4924
2024-08,WEEKENDS/HOLIDAY,9,TRAIN,NE4/DT19,11407,23690
2024-08,WEEKDAY,9,TRAIN,NE4/DT19,28024,81509
2024-08,WEEKENDS/HOLIDAY,11,TRAIN,CC21,4337,6376
2024-08,WEEKDAY,11,TRAIN,CC21,7567,13197
2024-08,WEEKDAY,22,TRAIN,SE4,753,3547
2024-08,WEEKENDS/HOLIDAY,22,TRAIN,SE4,465,1489
2024-08,WEEKENDS/HOLIDAY,21,TRAIN,EW10,4373,8833
2024-08,WEEKDAY,21,TRAIN,EW10,7032,18899
2024-08,WEEKDAY,17,TRAIN,SW1,7881,3917
2024-08,WEEKENDS/HOLIDAY,17,TRAIN,SW1,1304,1374
2024-08,WEEKENDS/HOLIDAY,6,TRAIN,CC12,971,390
2024-08,WEEKDAY,6,TRAIN,CC12,7958,8364
2024-08,WEEKENDS/HOLIDAY,15,TRAIN,CG1/DT35,11469,12105
2024-08,WEEKDAY,15,TRAIN,CG1/DT35,14086,8580
2024-08,WEEKENDS/HOLIDAY,9,TRAIN,CC10/DT26,7171,5782
2024-08,WEEKDAY,9,TRAIN,CC10/DT26,20539,31782
2024-08,WEEKENDS/HOLIDAY,6,TRAIN,EW9,11350,2264
2024-08,WEEKDAY,6,TRAIN,EW9,39873,11187
2024-08,WEEKDAY,7,TRAIN,NS14,125546,40512
2024-08,WEEKENDS/HOLIDAY,7,TRAIN,NS14,15876,5641
2024-08,WEEKENDS/HOLIDAY,10,TRAIN,EW18,9048,6728
2024-08,WEEKDAY,10,TRAIN,EW18,16646,13451
2024-08,WEEKENDS/HOLIDAY,15,TRAIN,CC12,2834,2530
2024-08,WEEKDAY,15,TRAIN,CC12,9579,5630
2024-08,WEEKDAY,13,TRAIN,SW1,3226,4426
2024-08,WEEKENDS/HOLIDAY,13,TRAIN,SW1,1450,1413
2024-08,WEEKDAY,15,TRAIN,EW8/CC9,48901,41425
2024-08,WEEKENDS/HOLIDAY,15,TRAIN,EW8/CC9,31444,31933
2024-08,WEEKENDS/HOLIDAY,12,TRAIN,EW10,6714,6968
2024-08,WEEKDAY,12,TRAIN,EW10,9529,7729
2024-08,WEEKDAY,15,TRAIN,CC6,7451,9512
2024-08,WEEKENDS/HOLIDAY,15,TRAIN,CC6,8015,8265
2024-08,WEEKENDS/HOLIDAY,15,TRAIN,CC8,3687,3727
2024-08,WEEKDAY,15,TRAIN,CC8,13068,7181
2024-08,WEEKDAY,22,TRAIN,SW5,3277,6437
2024-08,WEEKENDS/HOLIDAY,22,TRAIN,SW5,1587,3316
2024-08,WEEKDAY,21,TRAIN,DT29,2744,11641
2024-08,WEEKENDS/HOLIDAY,21,TRAIN,DT29,1162,4953
2024-08,WEEKENDS/HOLIDAY,9,TRAIN,DT22,3373,5566
2024-08,WEEKDAY,9,TRAIN,DT22,11019,10805
2024-08,WEEKENDS/HOLIDAY,10,TRAIN,DT10/TE11,4090,2297
2024-08,WEEKDAY,10,TRAIN,DT10/TE11,10172,4045
2024-08,WEEKDAY,22,TRAIN,NE1/CC29,58508,11147
2024-08,WEEKENDS/HOLIDAY,22,TRAIN,NE1/CC29,34894,5802
2024-08,WEEKDAY,15,TRAIN,NS23,38483,36256
2024-08,WEEKENDS/HOLIDAY,15,TRAIN,NS23,26831,27670
2024-08,WEEKDAY,7,TRAIN,TE14/NS22,14469,64200
2024-08,WEEKENDS/HOLIDAY,7,TRAIN,TE14/NS22,3323,15568
2024-08,WEEKENDS/HOLIDAY,0,TRAIN,TE16,28,228
2024-08,WEEKDAY,0,TRAIN,TE16,67,403
2024-08,WEEKENDS/HOLIDAY,14,TRAIN,EW33,1826,1340
2024-08,WEEKDAY,14,TRAIN,EW33,2167,1985
2024-08,WEEKENDS/HOLIDAY,23,TRAIN,NS7,8025,8003
2024-08,WEEKDAY,23,TRAIN,NS7,6241,18315
2024-08,WEEKDAY,13,TRAIN,TE1,5185,4956
2024-08,WEEKENDS/HOLIDAY,13,TRAIN,TE1,1684,1016
2024-08,WEEKENDS/HOLIDAY,8,TRAIN,SW2,2261,2483
2024-08,WEEKDAY,8,TRAIN,SW2,9551,3875
2024-08,WEEKDAY,19,TRAIN,SW7,1752,6129
2024-08,WEEKENDS/HOLIDAY,19,TRAIN,SW7,835,1525
2024-08,WEEKENDS/HOLIDAY,18,TRAIN,CC8,4905,4483
2024-08,WEEKDAY,18,TRAIN,CC8,18089,21043
2024-08,WEEKDAY,21,TRAIN,EW27,35687,57356
2024-08,WEEKENDS/HOLIDAY,21,TRAIN,EW27,15502,28685
2024-08,WEEKDAY,20,TRAIN,PE3,3170,9497
2024-08,WEEKENDS/HOLIDAY,20,TRAIN,PE3,1461,3367
2024-08,WEEKDAY,11,TRAIN,NS21/DT11,55853,47691
2024-08,WEEKENDS/HOLIDAY,11,TRAIN,NS21/DT11,30564,28979
2024-08,WEEKENDS/HOLIDAY,18,TRAIN,NS8,8817,9090
2024-08,WEEKDAY,18,TRAIN,NS8,32093,59531
2024-08,WEEKENDS/HOLIDAY,20,TRAIN,PW7,737,1720
2024-08,WEEKDAY,20,TRAIN,PW7,2275,4468
2024-08,WEEKDAY,19,TRAIN,CC27,23569,2672
2024-08,WEEKENDS/HOLIDAY,19,TRAIN,CC27,1284,801
2024-08,WEEKDAY,13,TRAIN,EW32,1936,1923
2024-08,WEEKENDS/HOLIDAY,13,TRAIN,EW32,1981,906
2024-08,WEEKENDS/HOLIDAY,19,TRAIN,PE5,1615,3256
2024-08,WEEKDAY,19,TRAIN,PE5,3930,14970
2024-08,WEEKENDS/HOLIDAY,7,TRAIN,CC7,2435,1726
2024-08,WEEKDAY,7,TRAIN,CC7,13734,15381
2024-08,WEEKENDS/HOLIDAY,5,TRAIN,SW5,788,39
2024-08,WEEKDAY,5,TRAIN,SW5,3738,186
2024-08,WEEKENDS/HOLIDAY,13,TRAIN,PE2,3140,2535
2024-08,WEEKDAY,13,TRAIN,PE2,9911,6322
2024-08,WEEKENDS/HOLIDAY,14,TRAIN,NS24/NE6/CC1,23904,25480
2024-08,WEEKDAY,14,TRAIN,NS24/NE6/CC1,35057,33942
2024-08,WEEKENDS/HOLIDAY,6,TRAIN,DT5,2412,1228
2024-08,WEEKDAY,6,TRAIN,DT5,13942,4606
2024-08,WEEKENDS/HOLIDAY,21,TRAIN,CC21,6339,3108
2024-08,WEEKDAY,21,TRAIN,CC21,17114,7483
2024-08,WEEKENDS/HOLIDAY,19,TRAIN,SW8,662,1010
2024-08,WEEKDAY,19,TRAIN,SW8,1852,3607
2024-08,WEEKENDS/HOLIDAY,22,TRAIN,DT22,7207,4125
2024-08,WEEKDAY,22,TRAIN,DT22,9651,8798
2024-08,WEEKDAY,21,TRAIN,DT22,12002,10425
2024-08,WEEKENDS/HOLIDAY,21,TRAIN,DT22,8937,5135
2024-08,WEEKDAY,6,TRAIN,NE1/CC29,6821,30471
2024-08,WEEKENDS/HOLIDAY,6,TRAIN,NE1/CC29,2293,8821
2024-08,WEEKDAY,8,TRAIN,NE17/PTC,131802,29358
2024-08,WEEKENDS/HOLIDAY,8,TRAIN,NE17/PTC,18296,11447
2024-08,WEEKDAY,15,TRAIN,NE7/DT12,26966,25712
2024-08,WEEKENDS/HOLIDAY,15,TRAIN,NE7/DT12,21457,20747
2024-08,WEEKENDS/HOLIDAY,9,TRAIN,PW1,245,1640
2024-08,WEEKDAY,9,TRAIN,PW1,821,2490
2024-08,WEEKENDS/HOLIDAY,9,TRAIN,SW6,2448,755
2024-08,WEEKDAY,9,TRAIN,SW6,5859,1863
2024-08,WEEKDAY,21,TRAIN,BP8,1480,1687
2024-08,WEEKENDS/HOLIDAY,21,TRAIN,BP8,551,605
2024-08,WEEKDAY,10,TRAIN,PE1,4277,1625
2024-08,WEEKENDS/HOLIDAY,10,TRAIN,PE1,2511,1074
2024-08,WEEKDAY,12,TRAIN,CC3,6043,9109
2024-08,WEEKENDS/HOLIDAY,12,TRAIN,CC3,3960,6926
2024-08,WEEKDAY,22,TRAIN,EW21/CC22,22142,10974
2024-08,WEEKENDS/HOLIDAY,22,TRAIN,EW21/CC22,8185,4922
2024-08,WEEKENDS/HOLIDAY,17,TRAIN,EW20,6876,5873
2024-08,WEEKDAY,17,TRAIN,EW20,30475,19005
2024-08,WEEKENDS/HOLIDAY,0,TRAIN,TE22,44,28
2024-08,WEEKDAY,0,TRAIN,TE22,45,59
2024-08,WEEKDAY,13,TRAIN,BP10,2990,3039
2024-08,WEEKENDS/HOLIDAY,13,TRAIN,BP10,1533,1608
2024-08,WEEKENDS/HOLIDAY,18,TRAIN,BP7,360,575
2024-08,WEEKDAY,18,TRAIN,BP7,1430,3507
2024-08,WEEKDAY,12,TRAIN,DT7,3589,3265
2024-08,WEEKENDS/HOLIDAY,12,TRAIN,DT7,2013,1424
2024-08,WEEKDAY,21,TRAIN,SE5,1011,3642
2024-08,WEEKENDS/HOLIDAY,21,TRAIN,SE5,392,1611
2024-08,WEEKENDS/HOLIDAY,7,TRAIN,DT5,4154,4465
2024-08,WEEKDAY,7,TRAIN,DT5,33970,15591
2024-08,WEEKDAY,14,TRAIN,CC7,7425,6896
2024-08,WEEKENDS/HOLIDAY,14,TRAIN,CC7,2932,3441
2024-08,WEEKENDS/HOLIDAY,19,TRAIN,TE22,4556,9231
2024-08,WEEKDAY,19,TRAIN,TE22,4409,10880
2024-08,WEEKDAY,13,TRAIN,TE18,16597,12793
2024-08,WEEKENDS/HOLIDAY,13,TRAIN,TE18,8685,8181
2024-08,WEEKDAY,10,TRAIN,DT2,3278,1041
2024-08,WEEKENDS/HOLIDAY,10,TRAIN,DT2,1412,384
2024-08,WEEKENDS/HOLIDAY,16,TRAIN,DT29,3110,3007
2024-08,WEEKDAY,16,TRAIN,DT29,4670,8140
2024-08,WEEKDAY,21,TRAIN,EW5,20305,41092
2024-08,WEEKENDS/HOLIDAY,21,TRAIN,EW5,9228,17955
2024-08,WEEKENDS/HOLIDAY,9,TRAIN,PW5,2281,658
2024-08,WEEKDAY,9,TRAIN,PW5,3289,1499
2024-08,WEEKDAY,9,TRAIN,PW3,2197,1454
2024-08,WEEKENDS/HOLIDAY,9,TRAIN,PW3,1075,446
2024-08,WEEKENDS/HOLIDAY,22,TRAIN,PE3,533,2559
2024-08,WEEKDAY,22,TRAIN,PE3,1159,5174
2024-08,WEEKENDS/HOLIDAY,15,TRAIN,CC7,2904,3758
2024-08,WEEKDAY,15,TRAIN,CC7,6308,6419
2024-08,WEEKENDS/HOLIDAY,6,TRAIN,NS7,15808,9091
2024-08,WEEKDAY,6,TRAIN,NS7,58058,16288
2024-08,WEEKENDS/HOLIDAY,5,TRAIN,CC4/DT15,36,15
2024-08,WEEKDAY,5,TRAIN,CC4/DT15,152,268
2024-08,WEEKDAY,14,TRAIN,SE5,3434,2958
2024-08,WEEKENDS/HOLIDAY,14,TRAIN,SE5,1229,1386
2024-08,WEEKDAY,14,TRAIN,CC25,8038,8616
2024-08,WEEKENDS/HOLIDAY,14,TRAIN,CC25,2845,2650
2024-08,WEEKENDS/HOLIDAY,22,TRAIN,DT6,611,2120
2024-08,WEEKDAY,22,TRAIN,DT6,5445,4582
2024-08,WEEKENDS/HOLIDAY,18,TRAIN,SW2,3678,3659
2024-08,WEEKDAY,18,TRAIN,SW2,7896,13071
2024-08,WEEKDAY,18,TRAIN,DT18,96091,19828
2024-08,WEEKENDS/HOLIDAY,18,TRAIN,DT18,3084,4706
2024-08,WEEKDAY,5,TRAIN,PW1,28,65
2024-08,WEEKENDS/HOLIDAY,5,TRAIN,PW1,16,20
2024-08,WEEKENDS/HOLIDAY,6,TRAIN,DT7,239,442
2024-08,WEEKDAY,6,TRAIN,DT7,2627,2992
2024-08,WEEKENDS/HOLIDAY,14,TRAIN,SW4,1420,1722
2024-08,WEEKDAY,14,TRAIN,SW4,1865,4412
2024-08,WEEKENDS/HOLIDAY,21,TRAIN,SW4,471,1733
2024-08,WEEKDAY,21,TRAIN,SW4,869,4440
2024-08,WEEKDAY,12,TRAIN,SE3,2782,1897
2024-08,WEEKENDS/HOLIDAY,12,TRAIN,SE3,1950,1256
2024-08,WEEKDAY,23,TRAIN,CC14,732,2323
2024-08,WEEKENDS/HOLIDAY,23,TRAIN,CC14,370,1008
2024-08,WEEKENDS/HOLIDAY,16,TRAIN,PE3,3205,3257
2024-08,WEEKDAY,16,TRAIN,PE3,6974,8544
2024-08,WEEKDAY,19,TRAIN,PW4,4515,11982
2024-08,WEEKENDS/HOLIDAY,19,TRAIN,PW4,3028,3319
2024-08,WEEKENDS/HOLIDAY,22,TRAIN,EW29,1881,3456
2024-08,WEEKDAY,22,TRAIN,EW29,4264,3822
2024-08,WEEKDAY,12,TRAIN,NE10,17713,12382
2024-08,WEEKENDS/HOLIDAY,12,TRAIN,NE10,10024,6902
2024-08,WEEKENDS/HOLIDAY,21,TRAIN,TE4,1767,2206
2024-08,WEEKDAY,21,TRAIN,TE4,4478,4547
2024-08,WEEKENDS/HOLIDAY,20,TRAIN,CC5,2925,2189
2024-08,WEEKDAY,20,TRAIN,CC5,5717,4462
2024-08,WEEKENDS/HOLIDAY,21,TRAIN,DT23,1247,1678
2024-08,WEEKDAY,21,TRAIN,DT23,3975,3607
2024-08,WEEKDAY,6,TRAIN,DT33,30762,8998
2024-08,WEEKENDS/HOLIDAY,6,TRAIN,DT33,4229,1269
2024-08,WEEKENDS/HOLIDAY,17,TRAIN,TE5,2586,2676
2024-08,WEEKDAY,17,TRAIN,TE5,7792,8396
2024-08,WEEKENDS/HOLIDAY,14,TRAIN,NE8,18922,21591
2024-08,WEEKDAY,14,TRAIN,NE8,26074,27020
2024-08,WEEKENDS/HOLIDAY,22,TRAIN,DT24,845,3208
2024-08,WEEKDAY,22,TRAIN,DT24,1858,6493
2024-08,WEEKDAY,16,TRAIN,NS17/CC15,46843,49669
2024-08,WEEKENDS/HOLIDAY,16,TRAIN,NS17/CC15,22610,24061
2024-08,WEEKENDS/HOLIDAY,9,TRAIN,TE19,859,1858
2024-08,WEEKDAY,9,TRAIN,TE19,2492,69298
2024-08,WEEKDAY,12,TRAIN,CC7,9070,5551
2024-08,WEEKENDS/HOLIDAY,12,TRAIN,CC7,3914,2728
2024-08,WEEKENDS/HOLIDAY,17,TRAIN,DT34,2748,1898
2024-08,WEEKDAY,17,TRAIN,DT34,15314,5860
2024-08,WEEKDAY,14,TRAIN,NS10,28806,28588
2024-08,WEEKENDS/HOLIDAY,14,TRAIN,NS10,17807,15175
2024-08,WEEKENDS/HOLIDAY,0,TRAIN,EW7,70,560
2024-08,WEEKDAY,0,TRAIN,EW7,125,1150
2024-08,WEEKDAY,17,TRAIN,DT24,11172,9811
2024-08,WEEKENDS/HOLIDAY,17,TRAIN,DT24,2357,2659
2024-08,WEEKENDS/HOLIDAY,7,TRAIN,DT29,3523,1062
2024-08,WEEKDAY,7,TRAIN,DT29,29816,7547
2024-08,WEEKENDS/HOLIDAY,8,TRAIN,DT27,3441,3695
2024-08,WEEKDAY,8,TRAIN,DT27,19893,36739
2024-08,WEEKENDS/HOLIDAY,5,TRAIN,PE4,137,16
2024-08,WEEKDAY,5,TRAIN,PE4,714,151
2024-08,WEEKENDS/HOLIDAY,0,TRAIN,DT22,229,234
2024-08,WEEKDAY,0,TRAIN,DT22,365,575
2024-08,WEEKENDS/HOLIDAY,13,TRAIN,CE1/DT16,19590,33707
2024-08,WEEKDAY,13,TRAIN,CE1/DT16,25107,40909
2024-08,WEEKDAY,23,TRAIN,PE5,243,3200
2024-08,WEEKENDS/HOLIDAY,23,TRAIN,PE5,164,1471
2024-08,WEEKDAY,9,TRAIN,NE1/CC29,18407,112102
2024-08,WEEKENDS/HOLIDAY,9,TRAIN,NE1/CC29,7860,34941
2024-08,WEEKDAY,22,TRAIN,EW28,14623,28047
2024-08,WEEKENDS/HOLIDAY,22,TRAIN,EW28,3463,15161
2024-08,WEEKDAY,17,TRAIN,SE2,5029,9383
2024-08,WEEKENDS/HOLIDAY,17,TRAIN,SE2,2883,2903
2024-08,WEEKDAY,9,TRAIN,EW33,3960,4226
2024-08,WEEKENDS/HOLIDAY,9,TRAIN,EW33,2305,1166
2024-08,WEEKENDS/HOLIDAY,19,TRAIN,PE2,1649,3354
2024-08,WEEKDAY,19,TRAIN,PE2,3624,14033
2024-08,WEEKDAY,14,TRAIN,SW2,5290,6339
2024-08,WEEKENDS/HOLIDAY,14,TRAIN,SW2,3796,3533
2024-08,WEEKENDS/HOLIDAY,19,TRAIN,NS16,16603,24614
2024-08,WEEKDAY,19,TRAIN,NS16,48557,103235
2024-08,WEEKENDS/HOLIDAY,10,TRAIN,EW30,851,280
2024-08,WEEKDAY,10,TRAIN,EW30,1221,1539
2024-08,WEEKDAY,15,TRAIN,NE16/STC,38254,50970
2024-08,WEEKENDS/HOLIDAY,15,TRAIN,NE16/STC,21860,23291
2024-08,WEEKDAY,0,TRAIN,TE14/NS22,432,682
2024-08,WEEKENDS/HOLIDAY,0,TRAIN,TE14/NS22,234,447
2024-08,WEEKDAY,10,TRAIN,CC12,8471,3051
2024-08,WEEKENDS/HOLIDAY,10,TRAIN,CC12,3627,1994
2024-08,WEEKDAY,9,TRAIN,SE2,9106,2511
2024-08,WEEKENDS/HOLIDAY,9,TRAIN,SE2,3792,1493
2024-08,WEEKENDS/HOLIDAY,9,TRAIN,EW28,15806,6031
2024-08,WEEKDAY,9,TRAIN,EW28,33917,27158
2024-08,WEEKENDS/HOLIDAY,0,TRAIN,CC25,19,145
2024-08,WEEKDAY,0,TRAIN,CC25,50,220
2024-08,WEEKDAY,0,TRAIN,DT5,116,1554
2024-08,WEEKENDS/HOLIDAY,0,TRAIN,DT5,74,757
2024-08,WEEKDAY,10,TRAIN,PW5,3023,1377
2024-08,WEEKENDS/HOLIDAY,10,TRAIN,PW5,2459,750
2024-08,WEEKENDS/HOLIDAY,0,TRAIN,EW9,175,676
2024-08,WEEKDAY,0,TRAIN,EW9,323,1350
2024-08,WEEKDAY,12,TRAIN,DT20,6869,5995
2024-08,WEEKENDS/HOLIDAY,12,TRAIN,DT20,2999,3552
2024-08,WEEKDAY,23,TRAIN,PE7,180,1888
2024-08,WEEKENDS/HOLIDAY,23,TRAIN,PE7,94,1025
2024-08,WEEKDAY,20,TRAIN,NS20,47889,17714
2024-08,WEEKENDS/HOLIDAY,20,TRAIN,NS20,15592,7743
2024-08,WEEKENDS/HOLIDAY,15,TRAIN,CC3,7340,7953
2024-08,WEEKDAY,15,TRAIN,CC3,8797,7831
2024-08,WEEKENDS/HOLIDAY,21,TRAIN,CC16,1275,3020
2024-08,WEEKDAY,21,TRAIN,CC16,4874,7190
2024-08,WEEKENDS/HOLIDAY,13,TRAIN,NS7,11050,10624
2024-08,WEEKDAY,13,TRAIN,NS7,17859,15545
2024-08,WEEKDAY,15,TRAIN,BP11,2099,3146
2024-08,WEEKENDS/HOLIDAY,15,TRAIN,BP11,1426,1328
2024-08,WEEKDAY,15,TRAIN,EW33,3157,1879
2024-08,WEEKENDS/HOLIDAY,15,TRAIN,EW33,1935,1236
2024-08,WEEKENDS/HOLIDAY,23,TRAIN,DT5,814,3549
2024-08,WEEKDAY,23,TRAIN,DT5,2287,7260
2024-08,WEEKDAY,18,TRAIN,DT17,134996,12606
2024-08,WEEKENDS/HOLIDAY,18,TRAIN,DT17,3592,5787
2024-08,WEEKENDS/HOLIDAY,15,TRAIN,SW7,1094,1188
2024-08,WEEKDAY,15,TRAIN,SW7,1959,2914
2024-08,WEEKDAY,5,TRAIN,EW4,4131,554
2024-08,WEEKENDS/HOLIDAY,5,TRAIN,EW4,994,76
2024-08,WEEKDAY,19,TRAIN,CC16,10210,14470
2024-08,WEEKENDS/HOLIDAY,19,TRAIN,CC16,2514,2881
2024-08,WEEKENDS/HOLIDAY,7,TRAIN,EW4,5805,5846
2024-08,WEEKDAY,7,TRAIN,EW4,40669,42727
2024-08,WEEKENDS/HOLIDAY,22,TRAIN,CC12,629,2336
2024-08,WEEKDAY,22,TRAIN,CC12,1453,5812
2024-08,WEEKDAY,9,TRAIN,CC3,2449,19847
2024-08,WEEKENDS/HOLIDAY,9,TRAIN,CC3,906,6245
2024-08,WEEKDAY,5,TRAIN,EW2/DT32,15058,2160
2024-08,WEEKENDS/HOLIDAY,5,TRAIN,EW2/DT32,2929,409
2024-08,WEEKENDS/HOLIDAY,16,TRAIN,NS9/TE2,29120,31804
2024-08,WEEKDAY,16,TRAIN,NS9/TE2,50168,77544
2024-08,WEEKENDS/HOLIDAY,7,TRAIN,NS7,17050,16030
2024-08,WEEKDAY,7,TRAIN,NS7,70993,46551
2024-08,WEEKENDS/HOLIDAY,21,TRAIN,NS24/NE6/CC1,24734,9570
2024-08,WEEKDAY,21,TRAIN,NS24/NE6/CC1,64034,16625
2024-08,WEEKDAY,6,TRAIN,NS5,72254,19634
2024-08,WEEKENDS/HOLIDAY,6,TRAIN,NS5,10154,2614
2024-08,WEEKENDS/HOLIDAY,0,TRAIN,DT30,8,426
2024-08,WEEKDAY,0,TRAIN,DT30,15,965
2024-08,WEEKENDS/HOLIDAY,15,TRAIN,EW28,12598,10191
2024-08,WEEKDAY,15,TRAIN,EW28,21611,19547
2024-08,WEEKENDS/HOLIDAY,8,TRAIN,SE3,1836,466
2024-08,WEEKDAY,8,TRAIN,SE3,10510,1311
2024-08,WEEKENDS/HOLIDAY,15,TRAIN,NS8,7936,7111
2024-08,WEEKDAY,15,TRAIN,NS8,16723,14341
2024-08,WEEKDAY,12,TRAIN,BP7,771,855
2024-08,WEEKENDS/HOLIDAY,12,TRAIN,BP7,413,426
2024-08,WEEKENDS/HOLIDAY,0,TRAIN,NS17/CC15,376,1187
2024-08,WEEKDAY,0,TRAIN,NS17/CC15,809,2190
2024-08,WEEKDAY,11,TRAIN,PE4,1548,854
2024-08,WEEKENDS/HOLIDAY,11,TRAIN,PE4,1037,674
2024-08,WEEKENDS/HOLIDAY,14,TRAIN,NE5,6912,7358
2024-08,WEEKDAY,14,TRAIN,NE5,11680,13283
2024-08,WEEKDAY,15,TRAIN,EW16/NE3/TE17,39027,24153
2024-08,WEEKENDS/HOLIDAY,15,TRAIN,EW16/NE3/TE17,13299,9337
2024-08,WEEKENDS/HOLIDAY,9,TRAIN,TE4,2179,2349
2024-08,WEEKDAY,9,TRAIN,TE4,4614,5076
2024-08,WEEKDAY,17,TRAIN,PW1,3224,3114
2024-08,WEEKENDS/HOLIDAY,17,TRAIN,PW1,1452,1581
2024-08,WEEKENDS/HOLIDAY,23,TRAIN,DT6,215,1050
2024-08,WEEKDAY,23,TRAIN,DT6,572,2100
2024-08,WEEKENDS/HOLIDAY,15,TRAIN,CG2,19392,15356
2024-08,WEEKDAY,15,TRAIN,CG2,33302,20312
2024-08,WEEKENDS/HOLIDAY,13,TRAIN,EW6,6179,5694
2024-08,WEEKDAY,13,TRAIN,EW6,9614,10548
2024-08,WEEKDAY,10,TRAIN,NS14,36013,16504
2024-08,WEEKENDS/HOLIDAY,10,TRAIN,NS14,18722,10531
2024-08,WEEKDAY,11,TRAIN,TE18,9346,17379
2024-08,WEEKENDS/HOLIDAY,11,TRAIN,TE18,5682,8691
2024-08,WEEKENDS/HOLIDAY,19,TRAIN,PW3,939,1250
2024-08,WEEKDAY,19,TRAIN,PW3,2306,3375
2024-08,WEEKDAY,7,TRAIN,NS19,63908,53165
2024-08,WEEKENDS/HOLIDAY,7,TRAIN,NS19,10339,6571
2024-08,WEEKENDS/HOLIDAY,16,TRAIN,EW19,8410,8267
2024-08,WEEKDAY,16,TRAIN,EW19,16709,18679
2024-08,WEEKENDS/HOLIDAY,20,TRAIN,CC21,5559,3857
2024-08,WEEKDAY,20,TRAIN,CC21,14728,9698
2024-08,WEEKENDS/HOLIDAY,21,TRAIN,EW15,9640,5409
2024-08,WEEKDAY,21,TRAIN,EW15,50392,10581
2024-08,WEEKDAY,14,TRAIN,SW5,7834,8680
2024-08,WEEKENDS/HOLIDAY,14,TRAIN,SW5,4556,4045
2024-08,WEEKDAY,13,TRAIN,DT6,9419,7018
2024-08,WEEKENDS/HOLIDAY,13,TRAIN,DT6,3833,2883
2024-08,WEEKENDS/HOLIDAY,9,TRAIN,CE1/DT16,3781,16922
2024-08,WEEKDAY,9,TRAIN,CE1/DT16,7830,38697
2024-08,WEEKDAY,6,TRAIN,SE5,4459,2486
2024-08,WEEKENDS/HOLIDAY,6,TRAIN,SE5,609,201
2024-08,WEEKENDS/HOLIDAY,8,TRAIN,EW31,1807,2368
2024-08,WEEKDAY,8,TRAIN,EW31,3085,22064
2024-08,WEEKENDS/HOLIDAY,5,TRAIN,EW12/DT14,884,144
2024-08,WEEKDAY,5,TRAIN,EW12/DT14,6218,1008
2024-08,WEEKENDS/HOLIDAY,9,TRAIN,PE4,878,443
2024-08,WEEKDAY,9,TRAIN,PE4,2115,747
2024-08,WEEKENDS/HOLIDAY,22,TRAIN,PE1,315,2064
2024-08,WEEKDAY,22,TRAIN,PE1,578,4187
2024-08,WEEKDAY,23,TRAIN,PE2,295,3325
2024-08,WEEKENDS/HOLIDAY,23,TRAIN,PE2,176,1653
2024-08,WEEKENDS/HOLIDAY,18,TRAIN,NS18,6416,7413
2024-08,WEEKDAY,18,TRAIN,NS18,33618,35243
2024-08,WEEKDAY,17,TRAIN,EW4,32529,20207
2024-08,WEEKENDS/HOLIDAY,17,TRAIN,EW4,9154,8577
2024-08,WEEKENDS/HOLIDAY,13,TRAIN,DT8,1926,1441
2024-08,WEEKDAY,13,TRAIN,DT8,8198,4197
2024-08,WEEKENDS/HOLIDAY,17,TRAIN,EW25,6161,7409
2024-08,WEEKDAY,17,TRAIN,EW25,12295,22209
2024-08,WEEKENDS/HOLIDAY,0,TRAIN,DT17,76,55
2024-08,WEEKDAY,0,TRAIN,DT17,200,104
2024-08,WEEKDAY,0,TRAIN,EW27,135,5293
2024-08,WEEKENDS/HOLIDAY,0,TRAIN,EW27,103,3057
2024-08,WEEKENDS/HOLIDAY,9,TRAIN,CG2,7050,11296
2024-08,WEEKDAY,9,TRAIN,CG2,15486,28226
2024-08,WEEKDAY,16,TRAIN,EW2/DT32,51553,68203
2024-08,WEEKENDS/HOLIDAY,16,TRAIN,EW2/DT32,31700,30841
2024-08,WEEKENDS/HOLIDAY,14,TRAIN,NE17/PTC,26616,24655
2024-08,WEEKDAY,14,TRAIN,NE17/PTC,41281,47459
2024-08,WEEKENDS/HOLIDAY,9,TRAIN,EW30,777,552
2024-08,WEEKDAY,9,TRAIN,EW30,829,3444
2024-08,WEEKENDS/HOLIDAY,22,TRAIN,SW1,687,432
2024-08,WEEKDAY,22,TRAIN,SW1,1940,1031
2024-08,WEEKENDS/HOLIDAY,20,TRAIN,TE16,2497,4514
2024-08,WEEKDAY,20,TRAIN,TE16,6247,9734
2024-08,WEEKDAY,7,TRAIN,NS8,86242,28066
2024-08,WEEKENDS/HOLIDAY,7,TRAIN,NS8,9616,5761
2024-08,WEEKDAY,19,TRAIN,CC4/DT15,45709,21355
2024-08,WEEKENDS/HOLIDAY,19,TRAIN,CC4/DT15,15242,11045
2024-08,WEEKDAY,11,TRAIN,CC20,5443,4034
2024-08,WEEKENDS/HOLIDAY,11,TRAIN,CC20,3057,2406
2024-08,WEEKENDS/HOLIDAY,8,TRAIN,NE16/STC,19025,8231
2024-08,WEEKDAY,8,TRAIN,NE16/STC,128582,26528
2024-08,WEEKDAY,6,TRAIN,CC21,4988,3295
2024-08,WEEKENDS/HOLIDAY,6,TRAIN,CC21,803,834
2024-08,WEEKDAY,0,TRAIN,NE14,107,2993
2024-08,WEEKENDS/HOLIDAY,0,TRAIN,NE14,64,1480
2024-08,WEEKENDS/HOLIDAY,5,TRAIN,CE1/DT16,380,0
2024-08,WEEKDAY,5,TRAIN,CE1/DT16,1079,1
2024-08,WEEKENDS/HOLIDAY,8,TRAIN,DT2,1219,505
2024-08,WEEKDAY,8,TRAIN,DT2,8528,9702
2024-08,WEEKENDS/HOLIDAY,0,TRAIN,CC28,0,48
2024-08,WEEKDAY,0,TRAIN,CC28,7,92
2024-08,WEEKDAY,22,TRAIN,EW10,5383,14740
2024-08,WEEKENDS/HOLIDAY,22,TRAIN,EW10,3266,6855
2024-08,WEEKDAY,23,TRAIN,EW4,1590,9727
2024-08,WEEKENDS/HOLIDAY,23,TRAIN,EW4,888,4435
2024-08,WEEKENDS/HOLIDAY,14,TRAIN,EW20,5375,5211
2024-08,WEEKDAY,14,TRAIN,EW20,14255,13244
2024-08,WEEKDAY,14,TRAIN,EW26,21759,20749
2024-08,WEEKENDS/HOLIDAY,14,TRAIN,EW26,13825,12491
2024-08,WEEKENDS/HOLIDAY,6,TRAIN,NS20,1101,9838
2024-08,WEEKDAY,6,TRAIN,NS20,5885,35621
2024-08,WEEKENDS/HOLIDAY,6,TRAIN,DT29,2395,488
2024-08,WEEKDAY,6,TRAIN,DT29,14991,2311
2024-08,WEEKDAY,7,TRAIN,NS24/NE6/CC1,10464,30645
2024-08,WEEKENDS/HOLIDAY,7,TRAIN,NS24/NE6/CC1,2006,5255
2024-08,WEEKDAY,7,TRAIN,BP7,4530,3341
2024-08,WEEKENDS/HOLIDAY,7,TRAIN,BP7,276,155
2024-08,WEEKENDS/HOLIDAY,20,TRAIN,BP11,544,1699
2024-08,WEEKDAY,20,TRAIN,BP11,1227,5207
2024-08,WEEKDAY,11,TRAIN,TE14/NS22,41388,94095
2024-08,WEEKENDS/HOLIDAY,11,TRAIN,TE14/NS22,28395,61866
2024-08,WEEKDAY,7,TRAIN,NE7/DT12,25075,34063
2024-08,WEEKENDS/HOLIDAY,7,TRAIN,NE7/DT12,6468,7229
2024-08,WEEKENDS/HOLIDAY,18,TRAIN,CC3,8602,8420
2024-08,WEEKDAY,18,TRAIN,CC3,26689,13452
2024-08,WEEKENDS/HOLIDAY,14,TRAIN,NS5,12749,13562
2024-08,WEEKDAY,14,TRAIN,NS5,22848,23248
2024-08,WEEKDAY,16,TRAIN,DT7,8130,5153
2024-08,WEEKENDS/HOLIDAY,16,TRAIN,DT7,1814,2022
2024-08,WEEKENDS/HOLIDAY,8,TRAIN,CC3,617,3426
2024-08,WEEKDAY,8,TRAIN,CC3,2272,22769
2024-08,WEEKENDS/HOLIDAY,22,TRAIN,CC7,1649,3384
2024-08,WEEKDAY,22,TRAIN,CC7,4254,6891
2024-08,WEEKENDS/HOLIDAY,10,TRAIN,PW4,3145,2289
2024-08,WEEKDAY,10,TRAIN,PW4,4417,3038
2024-08,WEEKENDS/HOLIDAY,18,TRAIN,BP13,468,429
2024-08,WEEKDAY,18,TRAIN,BP13,1423,3483
2024-08,WEEKDAY,7,TRAIN,BP9,7311,2757
2024-08,WEEKENDS/HOLIDAY,7,TRAIN,BP9,974,593
2024-08,WEEKDAY,16,TRAIN,CC26,7097,2947
2024-08,WEEKENDS/HOLIDAY,16,TRAIN,CC26,1604,1148
2024-08,WEEKDAY,15,TRAIN,DT29,4207,6101
2024-08,WEEKENDS/HOLIDAY,15,TRAIN,DT29,2997,2901
2024-08,WEEKENDS/HOLIDAY,9,TRAIN,EW31,1220,938
2024-08,WEEKDAY,9,TRAIN,EW31,1312,4338
2024-08,WEEKDAY,14,TRAIN,PW4,4119,5948
2024-08,WEEKENDS/HOLIDAY,14,TRAIN,PW4,3260,3220
2024-08,WEEKENDS/HOLIDAY,12,TRAIN,EW7,9881,7190
2024-08,WEEKDAY,12,TRAIN,EW7,15227,12805
2024-08,WEEKENDS/HOLIDAY,9,TRAIN,CC12,3274,1630
2024-08,WEEKDAY,9,TRAIN,CC12,12133,3953
2024-08,WEEKENDS/HOLIDAY,6,TRAIN,NS19,7117,3843
2024-08,WEEKDAY,6,TRAIN,NS19,34030,20239
2024-08,WEEKENDS/HOLIDAY,11,TRAIN,NS28,839,2663
2024-08,WEEKDAY,11,TRAIN,NS28,1112,1605
2024-08,WEEKDAY,14,TRAIN,CG2,27210,25067
2024-08,WEEKENDS/HOLIDAY,14,TRAIN,CG2,15691,17139
2024-08,WEEKENDS/HOLIDAY,0,TRAIN,PE7,14,260
2024-08,WEEKDAY,0,TRAIN,PE7,8,448
2024-08,WEEKENDS/HOLIDAY,9,TRAIN,NS9/TE2,25128,20299
2024-08,WEEKDAY,9,TRAIN,NS9/TE2,66372,46330
2024-08,WEEKENDS/HOLIDAY,22,TRAIN,DT21,3172,3063
2024-08,WEEKDAY,22,TRAIN,DT21,10312,6266
2024-08,WEEKENDS/HOLIDAY,19,TRAIN,EW11,10148,9372
2024-08,WEEKDAY,19,TRAIN,EW11,26563,31422
2024-08,WEEKDAY,22,TRAIN,DT31,3109,10262
2024-08,WEEKENDS/HOLIDAY,22,TRAIN,DT31,1246,4606
2024-08,WEEKDAY,17,TRAIN,PE2,6010,8872
2024-08,WEEKENDS/HOLIDAY,17,TRAIN,PE2,2907,2920
2024-08,WEEKDAY,22,TRAIN,BP2,472,3221
2024-08,WEEKENDS/HOLIDAY,22,TRAIN,BP2,292,1451
2024-08,WEEKDAY,11,TRAIN,NS18,16160,7839
2024-08,WEEKENDS/HOLIDAY,11,TRAIN,NS18,8343,4286
2024-08,WEEKENDS/HOLIDAY,14,TRAIN,NS23,22367,28254
2024-08,WEEKDAY,14,TRAIN,NS23,35763,38899
2024-08,WEEKENDS/HOLIDAY,21,TRAIN,DT31,1790,5342
2024-08,WEEKDAY,21,TRAIN,DT31,4266,12212
2024-08,WEEKENDS/HOLIDAY,19,TRAIN,PW1,1271,965
2024-08,WEEKDAY,19,TRAIN,PW1,2585,2383
2024-08,WEEKDAY,10,TRAIN,EW5,32934,20445
2024-08,WEEKENDS/HOLIDAY,10,TRAIN,EW5,17922,11134
2024-08,WEEKDAY,23,TRAIN,DT10/TE11,1533,3524
2024-08,WEEKENDS/HOLIDAY,23,TRAIN,DT10/TE11,809,1727
2024-08,WEEKDAY,0,TRAIN,TE8,219,453
2024-08,WEEKENDS/HOLIDAY,0,TRAIN,TE8,119,253
2024-08,WEEKENDS/HOLIDAY,11,TRAIN,NS16,21855,15814
2024-08,WEEKDAY,11,TRAIN,NS16,38724,28497
2024-08,WEEKDAY,6,TRAIN,CC23,843,14164
2024-08,WEEKENDS/HOLIDAY,6,TRAIN,CC23,175,1173
2024-08,WEEKENDS/HOLIDAY,14,TRAIN,SE2,2555,2749
2024-08,WEEKDAY,14,TRAIN,SE2,4113,5450
2024-08,WEEKENDS/HOLIDAY,23,TRAIN,NS18,916,4325
2024-08,WEEKDAY,23,TRAIN,NS18,2029,9718
2024-08,WEEKDAY,15,TRAIN,EW14/NS26,50210,31546
2024-08,WEEKENDS/HOLIDAY,15,TRAIN,EW14/NS26,13988,16815
2024-08,WEEKDAY,7,TRAIN,PW4,15468,2329
2024-08,WEEKENDS/HOLIDAY,7,TRAIN,PW4,1589,547
2024-08,WEEKDAY,9,TRAIN,BP12,4406,1248
2024-08,WEEKENDS/HOLIDAY,9,TRAIN,BP12,1649,617
2024-08,WEEKENDS/HOLIDAY,15,TRAIN,EW15,12344,8732
2024-08,WEEKDAY,15,TRAIN,EW15,32684,20446
2024-08,WEEKDAY,23,TRAIN,DT2,177,1263
2024-08,WEEKENDS/HOLIDAY,23,TRAIN,DT2,63,487
2024-08,WEEKENDS/HOLIDAY,16,TRAIN,BP3,1977,2013
2024-08,WEEKDAY,16,TRAIN,BP3,3307,4740
2024-08,WEEKENDS/HOLIDAY,15,TRAIN,SW8,992,861
2024-08,WEEKDAY,15,TRAIN,SW8,1978,2232
2024-08,WEEKENDS/HOLIDAY,17,TRAIN,DT10/TE11,4481,3667
2024-08,WEEKDAY,17,TRAIN,DT10/TE11,15722,11900
2024-08,WEEKENDS/HOLIDAY,22,TRAIN,PW5,365,2675
2024-08,WEEKDAY,22,TRAIN,PW5,523,4143
2024-08,WEEKENDS/HOLIDAY,6,TRAIN,NE15,4172,1183
2024-08,WEEKDAY,6,TRAIN,NE15,36243,6408
2024-08,WEEKDAY,0,TRAIN,TE6,125,1383
2024-08,WEEKENDS/HOLIDAY,0,TRAIN,TE6,57,711
2024-08,WEEKDAY,21,TRAIN,NE16/STC,25997,55528
2024-08,WEEKENDS/HOLIDAY,21,TRAIN,NE16/STC,11594,24166
2024-08,WEEKDAY,6,TRAIN,EW23,54062,49751
2024-08,WEEKENDS/HOLIDAY,6,TRAIN,EW23,8958,8255
2024-08,WEEKDAY,11,TRAIN,DT6,9202,8307
2024-08,WEEKENDS/HOLIDAY,11,TRAIN,DT6,4057,2304
2024-08,WEEKENDS/HOLIDAY,19,TRAIN,BP6/DT1,14232,23524
2024-08,WEEKDAY,19,TRAIN,BP6/DT1,49330,107726
2024-08,WEEKDAY,14,TRAIN,BP2,2055,2477
2024-08,WEEKENDS/HOLIDAY,14,TRAIN,BP2,1333,1197
2024-08,WEEKENDS/HOLIDAY,0,TRAIN,CC7,26,256
2024-08,WEEKDAY,0,TRAIN,CC7,52,526
2024-08,WEEKDAY,18,TRAIN,TE14/NS22,157048,125706
2024-08,WEEKENDS/HOLIDAY,18,TRAIN,TE14/NS22,65318,39957
2024-08,WEEKENDS/HOLIDAY,10,TRAIN,EW31,1222,414
2024-08,WEEKDAY,10,TRAIN,EW31,1256,1335
2024-08,WEEKDAY,9,TRAIN,NS12,22960,8014
2024-08,WEEKENDS/HOLIDAY,9,TRAIN,NS12,9430,4395
2024-08,WEEKDAY,19,TRAIN,PE1,3094,9050
2024-08,WEEKENDS/HOLIDAY,19,TRAIN,PE1,1267,2202
2024-08,WEEKENDS/HOLIDAY,20,TRAIN,DT23,1470,1415
2024-08,WEEKDAY,20,TRAIN,DT23,4840,3637
2024-08,WEEKENDS/HOLIDAY,20,TRAIN,PW6,228,814
2024-08,WEEKDAY,20,TRAIN,PW6,448,2264
2024-08,WEEKDAY,19,TRAIN,EW30,11202,2420
2024-08,WEEKENDS/HOLIDAY,19,TRAIN,EW30,1913,1293
2024-08,WEEKDAY,17,TRAIN,TE14/NS22,123778,88087
2024-08,WEEKENDS/HOLIDAY,17,TRAIN,TE14/NS22,67711,49158
2024-08,WEEKENDS/HOLIDAY,23,TRAIN,NS9/TE2,6785,16016
2024-08,WEEKDAY,23,TRAIN,NS9/TE2,10916,35162
2024-08,WEEKENDS/HOLIDAY,9,TRAIN,NS7,17518,13866
2024-08,WEEKDAY,9,TRAIN,NS7,40995,29355
2024-08,WEEKDAY,23,TRAIN,CC4/DT15,8310,1357
2024-08,WEEKENDS/HOLIDAY,23,TRAIN,CC4/DT15,4951,788
2024-08,WEEKDAY,16,TRAIN,TE8,9495,11381
2024-08,WEEKENDS/HOLIDAY,16,TRAIN,TE8,6215,6337
2024-08,WEEKENDS/HOLIDAY,8,TRAIN,NE13,9736,10267
2024-08,WEEKDAY,8,TRAIN,NE13,58080,36952
2024-08,WEEKDAY,13,TRAIN,BP13,1185,897
2024-08,WEEKENDS/HOLIDAY,13,TRAIN,BP13,705,371
2024-08,WEEKENDS/HOLIDAY,11,TRAIN,CC28,2363,1568
2024-08,WEEKDAY,11,TRAIN,CC28,3880,2173
2024-08,WEEKDAY,14,TRAIN,EW8/CC9,44829,44618
2024-08,WEEKENDS/HOLIDAY,14,TRAIN,EW8/CC9,31159,30134
2024-08,WEEKENDS/HOLIDAY,6,TRAIN,SE3,955,86
2024-08,WEEKDAY,6,TRAIN,SE3,7792,1081
2024-08,WEEKDAY,15,TRAIN,BP2,1905,2549
2024-08,WEEKENDS/HOLIDAY,15,TRAIN,BP2,1254,1133
2024-08,WEEKENDS/HOLIDAY,15,TRAIN,DT31,3875,3739
2024-08,WEEKDAY,15,TRAIN,DT31,7403,7559
2024-08,WEEKENDS/HOLIDAY,17,TRAIN,PE6,3746,3873
2024-08,WEEKDAY,17,TRAIN,PE6,9321,11810
2024-08,WEEKENDS/HOLIDAY,20,TRAIN,DT8,750,1466
2024-08,WEEKDAY,20,TRAIN,DT8,2448,3415
2024-08,WEEKENDS/HOLIDAY,16,TRAIN,TE4,3149,1970
2024-08,WEEKDAY,16,TRAIN,TE4,6352,4201
2024-08,WEEKENDS/HOLIDAY,19,TRAIN,SW6,1064,2102
2024-08,WEEKDAY,19,TRAIN,SW6,2772,9462
2024-08,WEEKDAY,20,TRAIN,NS19,28657,45407
2024-08,WEEKENDS/HOLIDAY,20,TRAIN,NS19,10597,18831
2024-08,WEEKDAY,15,TRAIN,DT28,6735,6714
2024-08,WEEKENDS/HOLIDAY,15,TRAIN,DT28,4198,3794
2024-08,WEEKDAY,10,TRAIN,NS5,28897,13255
2024-08,WEEKENDS/HOLIDAY,10,TRAIN,NS5,16630,7535
2024-08,WEEKENDS/HOLIDAY,20,TRAIN,TE6,2156,6609
2024-08,WEEKDAY,20,TRAIN,TE6,4566,18768
2024-08,WEEKENDS/HOLIDAY,12,TRAIN,DT18,3274,4256
2024-08,WEEKDAY,12,TRAIN,DT18,15830,19483
2024-08,WEEKDAY,5,TRAIN,SW3,1430,51
2024-08,WEEKENDS/HOLIDAY,5,TRAIN,SW3,285,5
2024-08,WEEKDAY,8,TRAIN,PW4,11387,3743
2024-08,WEEKENDS/HOLIDAY,8,TRAIN,PW4,2481,1362
2024-08,WEEKENDS/HOLIDAY,10,TRAIN,CC14,3505,1805
2024-08,WEEKDAY,10,TRAIN,CC14,7675,3349
2024-08,WEEKDAY,12,TRAIN,DT10/TE11,9198,5413
2024-08,WEEKENDS/HOLIDAY,12,TRAIN,DT10/TE11,4694,2886
2024-08,WEEKDAY,18,TRAIN,PW1,3431,3382
2024-08,WEEKENDS/HOLIDAY,18,TRAIN,PW1,1711,1419
2024-08,WEEKENDS/HOLIDAY,9,TRAIN,BP3,2720,791
2024-08,WEEKDAY,9,TRAIN,BP3,6313,1687
2024-08,WEEKENDS/HOLIDAY,16,TRAIN,NS8,8124,7729
2024-08,WEEKDAY,16,TRAIN,NS8,18105,19154
2024-08,WEEKDAY,16,TRAIN,CC8,10782,8361
2024-08,WEEKENDS/HOLIDAY,16,TRAIN,CC8,4579,4061
2024-08,WEEKDAY,9,TRAIN,NE16/STC,63781,21481
2024-08,WEEKENDS/HOLIDAY,9,TRAIN,NE16/STC,22717,10353
2024-08,WEEKDAY,15,TRAIN,PW5,2113,2598
2024-08,WEEKENDS/HOLIDAY,15,TRAIN,PW5,1418,1554
2024-08,WEEKENDS/HOLIDAY,7,TRAIN,EW28,16610,7288
2024-08,WEEKDAY,7,TRAIN,EW28,131984,41700
2024-08,WEEKDAY,6,TRAIN,EW18,18594,14127
2024-08,WEEKENDS/HOLIDAY,6,TRAIN,EW18,2785,2588
2024-08,WEEKENDS/HOLIDAY,20,TRAIN,PE7,799,2668
2024-08,WEEKDAY,20,TRAIN,PE7,1818,6944
2024-08,WEEKENDS/HOLIDAY,14,TRAIN,EW6,5158,5465
2024-08,WEEKDAY,14,TRAIN,EW6,8565,11012
2024-08,WEEKENDS/HOLIDAY,17,TRAIN,DT29,3580,3691
2024-08,WEEKDAY,17,TRAIN,DT29,11216,14197
2024-08,WEEKDAY,14,TRAIN,BP8,1437,1531
2024-08,WEEKENDS/HOLIDAY,14,TRAIN,BP8,722,639
2024-08,WEEKDAY,7,TRAIN,DT8,7813,34694
2024-08,WEEKENDS/HOLIDAY,7,TRAIN,DT8,694,1154
2024-08,WEEKENDS/HOLIDAY,22,TRAIN,DT20,3028,2457
2024-08,WEEKDAY,22,TRAIN,DT20,7142,4508
2024-08,WEEKDAY,12,TRAIN,CC16,8743,5213
2024-08,WEEKENDS/HOLIDAY,12,TRAIN,CC16,4424,2432
2024-08,WEEKENDS/HOLIDAY,18,TRAIN,PE4,999,1281
2024-08,WEEKDAY,18,TRAIN,PE4,2525,3608
2024-08,WEEKDAY,18,TRAIN,PE1,4271,9158
2024-08,WEEKENDS/HOLIDAY,18,TRAIN,PE1,1729,2157
2024-08,WEEKENDS/HOLIDAY,17,TRAIN,NS10,19420,19126
2024-08,WEEKDAY,17,TRAIN,NS10,64987,67581
2024-08,WEEKDAY,14,TRAIN,PE2,5466,6017
2024-08,WEEKENDS/HOLIDAY,14,TRAIN,PE2,2537,2722
2024-08,WEEKENDS/HOLIDAY,14,TRAIN,DT28,4345,3505
2024-08,WEEKDAY,14,TRAIN,DT28,6018,6873
2024-08,WEEKDAY,21,TRAIN,TE7,2774,6336
2024-08,WEEKENDS/HOLIDAY,21,TRAIN,TE7,1239,2649
2024-08,WEEKDAY,6,TRAIN,SW8,3395,2267
2024-08,WEEKENDS/HOLIDAY,6,TRAIN,SW8,531,231
2024-08,WEEKENDS/HOLIDAY,19,TRAIN,NE9,10566,10678
2024-08,WEEKDAY,19,TRAIN,NE9,37154,37393
2024-08,WEEKDAY,12,TRAIN,CC25,6717,5623
2024-08,WEEKENDS/HOLIDAY,12,TRAIN,CC25,3568,2138
2024-08,WEEKENDS/HOLIDAY,12,TRAIN,NS16,22739,18473
2024-08,WEEKDAY,12,TRAIN,NS16,38344,34496
2024-08,WEEKENDS/HOLIDAY,6,TRAIN,EW24/NS1,8036,14078
2024-08,WEEKDAY,6,TRAIN,EW24/NS1,35327,78941
2024-08,WEEKENDS/HOLIDAY,10,TRAIN,CC11,3161,6517
2024-08,WEEKDAY,10,TRAIN,CC11,5797,21316
2024-08,WEEKDAY,18,TRAIN,NS27/CE2/TE20,42528,6053
2024-08,WEEKENDS/HOLIDAY,18,TRAIN,NS27/CE2/TE20,2515,6206
2024-08,WEEKENDS/HOLIDAY,12,TRAIN,DT33,9105,4462
2024-08,WEEKDAY,12,TRAIN,DT33,16200,7675
2024-08,WEEKDAY,22,TRAIN,EW4,4696,17183
2024-08,WEEKENDS/HOLIDAY,22,TRAIN,EW4,2492,7937
2024-08,WEEKDAY,5,TRAIN,DT24,1626,14
2024-08,WEEKENDS/HOLIDAY,5,TRAIN,DT24,243,3
2024-08,WEEKENDS/HOLIDAY,14,TRAIN,NE1/CC29,26967,36326
2024-08,WEEKDAY,14,TRAIN,NE1/CC29,42929,46119
2024-08,WEEKDAY,8,TRAIN,SW5,19102,4436
2024-08,WEEKENDS/HOLIDAY,8,TRAIN,SW5,3719,2019
2024-08,WEEKENDS/HOLIDAY,23,TRAIN,CC24,569,921
2024-08,WEEKDAY,23,TRAIN,CC24,3091,1591
2024-08,WEEKDAY,23,TRAIN,CC11,4331,2598
2024-08,WEEKENDS/HOLIDAY,23,TRAIN,CC11,1171,1345
2024-08,WEEKDAY,17,TRAIN,TE6,11120,19675
2024-08,WEEKENDS/HOLIDAY,17,TRAIN,TE6,4927,6032
2024-08,WEEKDAY,14,TRAIN,CC26,2675,3436
2024-08,WEEKENDS/HOLIDAY,14,TRAIN,CC26,1119,1244
2024-08,WEEKDAY,22,TRAIN,TE16,5359,8936
2024-08,WEEKENDS/HOLIDAY,22,TRAIN,TE16,2322,4513
2024-08,WEEKENDS/HOLIDAY,8,TRAIN,NS4/BP1,16394,10565
2024-08,WEEKDAY,8,TRAIN,NS4/BP1,82432,35630
2024-08,WEEKENDS/HOLIDAY,20,TRAIN,NS12,4688,8736
2024-08,WEEKDAY,20,TRAIN,NS12,10314,25098
2024-08,WEEKDAY,15,TRAIN,TE3,12964,7991
2024-08,WEEKENDS/HOLIDAY,15,TRAIN,TE3,4905,3441
2024-08,WEEKENDS/HOLIDAY,19,TRAIN,PE4,821,1118
2024-08,WEEKDAY,19,TRAIN,PE4,1556,3851
2024-08,WEEKDAY,9,TRAIN,DT18,5399,88543
2024-08,WEEKENDS/HOLIDAY,9,TRAIN,DT18,1423,3586
2024-08,WEEKENDS/HOLIDAY,5,TRAIN,EW5,1884,111
2024-08,WEEKDAY,5,TRAIN,EW5,10210,1036
2024-08,WEEKDAY,15,TRAIN,NS25/EW13,49088,46183
2024-08,WEEKENDS/HOLIDAY,15,TRAIN,NS25/EW13,39307,46071
2024-08,WEEKDAY,22,TRAIN,DT30,1730,10704
2024-08,WEEKENDS/HOLIDAY,22,TRAIN,DT30,911,4713
2024-08,WEEKENDS/HOLIDAY,22,TRAIN,EW20,1798,5000
2024-08,WEEKDAY,22,TRAIN,EW20,4606,10778
2024-08,WEEKDAY,22,TRAIN,TE8,6931,6530
2024-08,WEEKENDS/HOLIDAY,22,TRAIN,TE8,3036,2701
2024-08,WEEKDAY,17,TRAIN,TE4,14884,7058
2024-08,WEEKENDS/HOLIDAY,17,TRAIN,TE4,3360,2874
2024-08,WEEKDAY,7,TRAIN,SE5,8743,12233
2024-08,WEEKENDS/HOLIDAY,7,TRAIN,SE5,859,362
2024-08,WEEKENDS/HOLIDAY,5,TRAIN,SW1,42,53
2024-08,WEEKDAY,5,TRAIN,SW1,249,185
2024-08,WEEKDAY,7,TRAIN,PW1,423,1700
2024-08,WEEKENDS/HOLIDAY,7,TRAIN,PW1,36,377
2024-08,WEEKENDS/HOLIDAY,12,TRAIN,NS15,7666,3916
2024-08,WEEKDAY,12,TRAIN,NS15,23920,17579
2024-08,WEEKDAY,20,TRAIN,CC19/DT9,6335,4501
2024-08,WEEKENDS/HOLIDAY,20,TRAIN,CC19/DT9,2799,1952
2024-08,WEEKENDS/HOLIDAY,14,TRAIN,EW10,6286,7368
2024-08,WEEKDAY,14,TRAIN,EW10,7455,9024
2024-08,WEEKENDS/HOLIDAY,17,TRAIN,DT5,9038,9235
2024-08,WEEKDAY,17,TRAIN,DT5,21090,26378
2024-08,WEEKENDS/HOLIDAY,7,TRAIN,SE3,1370,286
2024-08,WEEKDAY,7,TRAIN,SE3,14123,2768
2024-08,WEEKDAY,13,TRAIN,CC4/DT15,25447,26614
2024-08,WEEKENDS/HOLIDAY,13,TRAIN,CC4/DT15,8629,16424
2024-08,WEEKENDS/HOLIDAY,16,TRAIN,CC5,4053,3013
2024-08,WEEKDAY,16,TRAIN,CC5,5415,3965
2024-08,WEEKDAY,10,TRAIN,NS13,50342,29989
2024-08,WEEKENDS/HOLIDAY,10,TRAIN,NS13,26500,17372
2024-08,WEEKENDS/HOLIDAY,5,TRAIN,PE7,307,4
2024-08,WEEKDAY,5,TRAIN,PE7,1341,106
2024-08,WEEKENDS/HOLIDAY,15,TRAIN,EW27,23401,25113
2024-08,WEEKDAY,15,TRAIN,EW27,36947,45235
2024-08,WEEKDAY,21,TRAIN,CC26,2942,3236
2024-08,WEEKENDS/HOLIDAY,21,TRAIN,CC26,674,1595
2024-08,WEEKENDS/HOLIDAY,11,TRAIN,EW20,6710,4732
2024-08,WEEKDAY,11,TRAIN,EW20,11727,8666
2024-08,WEEKDAY,0,TRAIN,EW23,423,2228
2024-08,WEEKENDS/HOLIDAY,0,TRAIN,EW23,223,1148
2024-08,WEEKDAY,10,TRAIN,CG2,14100,23695
2024-08,WEEKENDS/HOLIDAY,10,TRAIN,CG2,7763,12826
2024-08,WEEKENDS/HOLIDAY,15,TRAIN,DT30,3356,3517
2024-08,WEEKDAY,15,TRAIN,DT30,5869,7285
2024-08,WEEKDAY,16,TRAIN,NE16/STC,42221,56416
2024-08,WEEKENDS/HOLIDAY,16,TRAIN,NE16/STC,22318,24208
2024-08,WEEKENDS/HOLIDAY,13,TRAIN,NS9/TE2,29333,31427
2024-08,WEEKDAY,13,TRAIN,NS9/TE2,49518,53343
2024-08,WEEKDAY,8,TRAIN,CC12,23472,7461
2024-08,WEEKENDS/HOLIDAY,8,TRAIN,CC12,2798,1512
2024-08,WEEKENDS/HOLIDAY,23,TRAIN,EW21/CC22,2561,2529
2024-08,WEEKDAY,23,TRAIN,EW21/CC22,6742,5057
2024-08,WEEKDAY,15,TRAIN,CC17/TE9,17526,5946
2024-08,WEEKENDS/HOLIDAY,15,TRAIN,CC17/TE9,2071,2421
2024-08,WEEKENDS/HOLIDAY,10,TRAIN,CC7,3342,2272
2024-08,WEEKDAY,10,TRAIN,CC7,5521,3572
2024-08,WEEKENDS/HOLIDAY,18,TRAIN,CC14,2900,3447
2024-08,WEEKDAY,18,TRAIN,CC14,16820,17318
2024-08,WEEKDAY,11,TRAIN,CC2,5776,10930
2024-08,WEEKENDS/HOLIDAY,11,TRAIN,CC2,2480,2436
2024-08,WEEKDAY,18,TRAIN,DT8,14380,9671
2024-08,WEEKENDS/HOLIDAY,18,TRAIN,DT8,1913,2427
2024-08,WEEKDAY,16,TRAIN,DT3,7966,9219
2024-08,WEEKENDS/HOLIDAY,16,TRAIN,DT3,4177,3917
2024-08,WEEKENDS/HOLIDAY,13,TRAIN,NS23,17916,29332
2024-08,WEEKDAY,13,TRAIN,NS23,42073,40037
2024-08,WEEKDAY,21,TRAIN,NS5,13853,38391
2024-08,WEEKENDS/HOLIDAY,21,TRAIN,NS5,6321,16813
2024-08,WEEKDAY,21,TRAIN,SW3,553,3115
2024-08,WEEKENDS/HOLIDAY,21,TRAIN,SW3,200,1310
2024-08,WEEKDAY,7,TRAIN,DT2,7501,14746
2024-08,WEEKENDS/HOLIDAY,7,TRAIN,DT2,639,379
2024-08,WEEKDAY,8,TRAIN,CC20,14332,9306
2024-08,WEEKENDS/HOLIDAY,8,TRAIN,CC20,2539,2261
2024-08,WEEKDAY,0,TRAIN,PW5,16,441
2024-08,WEEKENDS/HOLIDAY,0,TRAIN,PW5,14,409
2024-08,WEEKENDS/HOLIDAY,9,TRAIN,EW2/DT32,23291,16211
2024-08,WEEKDAY,9,TRAIN,EW2/DT32,73416,43373
2024-08,WEEKENDS/HOLIDAY,14,TRAIN,CC19/DT9,5141,5537
2024-08,WEEKDAY,14,TRAIN,CC19/DT9,7541,8328
2024-08,WEEKDAY,8,TRAIN,DT29,32254,9780
2024-08,WEEKENDS/HOLIDAY,8,TRAIN,DT29,4095,1494
2024-08,WEEKENDS/HOLIDAY,5,TRAIN,NS24/NE6/CC1,208,64
2024-08,WEEKDAY,5,TRAIN,NS24/NE6/CC1,531,354
2024-08,WEEKENDS/HOLIDAY,11,TRAIN,CC17/TE9,2849,1828
2024-08,WEEKDAY,11,TRAIN,CC17/TE9,5745,3861
2024-08,WEEKENDS/HOLIDAY,18,TRAIN,NS5,11946,17827
2024-08,WEEKDAY,18,TRAIN,NS5,43371,100234
2024-08,WEEKDAY,13,TRAIN,BP9,2542,2114
2024-08,WEEKENDS/HOLIDAY,13,TRAIN,BP9,1336,1151
2024-08,WEEKENDS/HOLIDAY,16,TRAIN,PE2,2679,2680
2024-08,WEEKDAY,16,TRAIN,PE2,5095,6942
2024-08,WEEKENDS/HOLIDAY,22,TRAIN,PW7,636,1368
2024-08,WEEKDAY,22,TRAIN,PW7,1224,2814
2024-08,WEEKDAY,11,TRAIN,CC24,25308,39127
2024-08,WEEKENDS/HOLIDAY,11,TRAIN,CC24,3840,6119
2024-08,WEEKDAY,22,TRAIN,SW4,473,3241
2024-08,WEEKENDS/HOLIDAY,22,TRAIN,SW4,263,1479
2024-08,WEEKDAY,6,TRAIN,NS12,38102,6540
2024-08,WEEKENDS/HOLIDAY,6,TRAIN,NS12,4547,1430
2024-08,WEEKENDS/HOLIDAY,15,TRAIN,NS24/NE6/CC1,27382,25174
2024-08,WEEKDAY,15,TRAIN,NS24/NE6/CC1,36990,32509
2024-08,WEEKDAY,11,TRAIN,TE6,11640,4718
2024-08,WEEKENDS/HOLIDAY,11,TRAIN,TE6,6421,2870
2024-08,WEEKDAY,12,TRAIN,EW18,18121,14342
2024-08,WEEKENDS/HOLIDAY,12,TRAIN,EW18,10185,7387
2024-08,WEEKENDS/HOLIDAY,22,TRAIN,NS3,2866,8693
2024-08,WEEKDAY,22,TRAIN,NS3,6406,19288
2024-08,WEEKENDS/HOLIDAY,19,TRAIN,TE4,3021,2881
2024-08,WEEKDAY,19,TRAIN,TE4,8251,9654
2024-08,WEEKDAY,5,TRAIN,DT28,2194,360
2024-08,WEEKENDS/HOLIDAY,5,TRAIN,DT28,471,27
2024-08,WEEKENDS/HOLIDAY,7,TRAIN,EW15,2035,7265
2024-08,WEEKDAY,7,TRAIN,EW15,10420,72556
2024-08,WEEKDAY,12,TRAIN,PE5,5627,3929
2024-08,WEEKENDS/HOLIDAY,12,TRAIN,PE5,3625,2334
2024-08,WEEKDAY,23,TRAIN,TE3,817,5843
2024-08,WEEKENDS/HOLIDAY,23,TRAIN,TE3,362,2726
2024-08,WEEKDAY,11,TRAIN,PE6,8436,6414
2024-08,WEEKENDS/HOLIDAY,11,TRAIN,PE6,4784,3580
2024-08,WEEKDAY,18,TRAIN,NS12,23600,53430
2024-08,WEEKENDS/HOLIDAY,18,TRAIN,NS12,7832,9908
2024-08,WEEKENDS/HOLIDAY,16,TRAIN,NS28,4000,2488
2024-08,WEEKDAY,16,TRAIN,NS28,2231,2303
2024-08,WEEKDAY,9,TRAIN,BP5,2872,1817
2024-08,WEEKENDS/HOLIDAY,9,TRAIN,BP5,1085,823
2024-08,WEEKDAY,0,TRAIN,NE12/CC13,463,3714
2024-08,WEEKENDS/HOLIDAY,0,TRAIN,NE12/CC13,248,2059
2024-08,WEEKDAY,19,TRAIN,EW21/CC22,53624,34069
2024-08,WEEKENDS/HOLIDAY,19,TRAIN,EW21/CC22,10230,10086
2024-08,WEEKENDS/HOLIDAY,15,TRAIN,DT33,7103,6731
2024-08,WEEKDAY,15,TRAIN,DT33,11482,13076
2024-08,WEEKENDS/HOLIDAY,9,TRAIN,NS19,18839,13638
2024-08,WEEKDAY,9,TRAIN,NS19,55011,38794
2024-08,WEEKDAY,7,TRAIN,NE15,80243,12335
2024-08,WEEKENDS/HOLIDAY,7,TRAIN,NE15,7067,2608
2024-08,WEEKDAY,5,TRAIN,EW33,6428,734
2024-08,WEEKENDS/HOLIDAY,5,TRAIN,EW33,894,134
2024-08,WEEKDAY,23,TRAIN,TE14/NS22,16556,6385
2024-08,WEEKENDS/HOLIDAY,23,TRAIN,TE14/NS22,7753,3422
2024-08,WEEKDAY,14,TRAIN,NE4/DT19,64423,54639
2024-08,WEEKENDS/HOLIDAY,14,TRAIN,NE4/DT19,39143,34695
2024-08,WEEKENDS/HOLIDAY,20,TRAIN,SW8,427,1098
2024-08,WEEKDAY,20,TRAIN,SW8,1085,2649
2024-08,WEEKENDS/HOLIDAY,5,TRAIN,DT3,239,9
2024-08,WEEKDAY,5,TRAIN,DT3,1045,10
2024-08,WEEKDAY,5,TRAIN,EW16/NE3/TE17,2152,292
2024-08,WEEKENDS/HOLIDAY,5,TRAIN,EW16/NE3/TE17,401,41
2024-08,WEEKENDS/HOLIDAY,9,TRAIN,DT2,1315,375
2024-08,WEEKDAY,9,TRAIN,DT2,3994,4047
2024-08,WEEKDAY,17,TRAIN,NE4/DT19,90884,69178
2024-08,WEEKENDS/HOLIDAY,17,TRAIN,NE4/DT19,38927,37506
2024-08,WEEKENDS/HOLIDAY,8,TRAIN,SW8,1033,446
2024-08,WEEKDAY,8,TRAIN,SW8,4187,2509
2024-08,WEEKENDS/HOLIDAY,21,TRAIN,TE16,2499,6162
2024-08,WEEKDAY,21,TRAIN,TE16,6116,11149
2024-08,WEEKDAY,16,TRAIN,EW16/NE3/TE17,56616,20622
2024-08,WEEKENDS/HOLIDAY,16,TRAIN,EW16/NE3/TE17,13650,9739
2024-08,WEEKDAY,19,TRAIN,EW31,12765,3919
2024-08,WEEKENDS/HOLIDAY,19,TRAIN,EW31,2305,2026
2024-08,WEEKENDS/HOLIDAY,18,TRAIN,NE5,7617,11387
2024-08,WEEKDAY,18,TRAIN,NE5,56384,29088
2024-08,WEEKENDS/HOLIDAY,22,TRAIN,NS15,2342,5624
2024-08,WEEKDAY,22,TRAIN,NS15,8111,12804
2024-08,WEEKENDS/HOLIDAY,6,TRAIN,DT27,1591,881
2024-08,WEEKDAY,6,TRAIN,DT27,8072,6937
2024-08,WEEKDAY,17,TRAIN,BP2,3188,4768
2024-08,WEEKENDS/HOLIDAY,17,TRAIN,BP2,1457,1162
2024-08,WEEKDAY,17,TRAIN,PW3,2614,2452
2024-08,WEEKENDS/HOLIDAY,17,TRAIN,PW3,1431,954
2024-08,WEEKENDS/HOLIDAY,9,TRAIN,DT23,973,1716
2024-08,WEEKDAY,9,TRAIN,DT23,4217,17878
2024-08,WEEKENDS/HOLIDAY,5,TRAIN,CG2,3870,381
2024-08,WEEKDAY,5,TRAIN,CG2,7782,965
2024-08,WEEKDAY,21,TRAIN,DT25,2559,5639
2024-08,WEEKENDS/HOLIDAY,21,TRAIN,DT25,904,2649
2024-08,WEEKDAY,17,TRAIN,CC26,24876,5190
2024-08,WEEKENDS/HOLIDAY,17,TRAIN,CC26,2423,1792
2024-08,WEEKENDS/HOLIDAY,11,TRAIN,CC12,3724,1934
2024-08,WEEKDAY,11,TRAIN,CC12,9551,3672
2024-08,WEEKENDS/HOLIDAY,20,TRAIN,CG1/DT35,10998,4110
2024-08,WEEKDAY,20,TRAIN,CG1/DT35,26410,5883
2024-08,WEEKDAY,8,TRAIN,NS7,48608,45201
2024-08,WEEKENDS/HOLIDAY,8,TRAIN,NS7,15052,17068
2024-08,WEEKDAY,18,TRAIN,NE17/PTC,62214,138014
2024-08,WEEKENDS/HOLIDAY,18,TRAIN,NE17/PTC,26564,30442
2024-08,WEEKENDS/HOLIDAY,11,TRAIN,EW31,1666,466
2024-08,WEEKDAY,11,TRAIN,EW31,1646,817
2024-08,WEEKENDS/HOLIDAY,21,TRAIN,CC7,1800,4533
2024-08,WEEKDAY,21,TRAIN,CC7,4664,9052
2024-08,WEEKENDS/HOLIDAY,23,TRAIN,PW5,113,1479
2024-08,WEEKDAY,23,TRAIN,PW5,195,2204
2024-08,WEEKENDS/HOLIDAY,12,TRAIN,TE8,7358,6132
2024-08,WEEKDAY,12,TRAIN,TE8,9023,10129
2024-08,WEEKDAY,19,TRAIN,BP11,2217,9661
2024-08,WEEKENDS/HOLIDAY,19,TRAIN,BP11,872,1690
2024-08,WEEKDAY,18,TRAIN,CC4/DT15,92404,38545
2024-08,WEEKENDS/HOLIDAY,18,TRAIN,CC4/DT15,15316,15538
2024-08,WEEKENDS/HOLIDAY,0,TRAIN,EW26,37,2350
2024-08,WEEKDAY,0,TRAIN,EW26,58,4179
2024-08,WEEKENDS/HOLIDAY,10,TRAIN,NS8,10499,6018
2024-08,WEEKDAY,10,TRAIN,NS8,21555,10050
2024-08,WEEKDAY,21,TRAIN,CG2,30509,16316
2024-08,WEEKENDS/HOLIDAY,21,TRAIN,CG2,16570,8627
2024-08,WEEKENDS/HOLIDAY,16,TRAIN,NS11,18312,20206
2024-08,WEEKDAY,16,TRAIN,NS11,29690,45638
2024-08,WEEKDAY,12,TRAIN,EW16/NE3/TE17,47873,39482
2024-08,WEEKENDS/HOLIDAY,12,TRAIN,EW16/NE3/TE17,14266,13534
2024-08,WEEKDAY,8,TRAIN,SE2,17392,2571
2024-08,WEEKENDS/HOLIDAY,8,TRAIN,SE2,3195,1304
2024-08,WEEKDAY,19,TRAIN,EW29,35905,13565
2024-08,WEEKENDS/HOLIDAY,19,TRAIN,EW29,7338,7814
2024-08,WEEKENDS/HOLIDAY,16,TRAIN,EW24/NS1,45497,39214
2024-08,WEEKDAY,16,TRAIN,EW24/NS1,85671,64075
2024-08,WEEKDAY,5,TRAIN,NE4/DT19,1963,113
2024-08,WEEKENDS/HOLIDAY,5,TRAIN,NE4/DT19,442,25
2024-08,WEEKENDS/HOLIDAY,16,TRAIN,SE4,1766,1866
2024-08,WEEKDAY,16,TRAIN,SE4,3043,4627
2024-08,WEEKDAY,23,TRAIN,DT33,1550,13560
2024-08,WEEKENDS/HOLIDAY,23,TRAIN,DT33,750,6012
2024-08,WEEKENDS/HOLIDAY,22,TRAIN,CE1/DT16,44776,8318
2024-08,WEEKDAY,22,TRAIN,CE1/DT16,64697,16759
2024-08,WEEKENDS/HOLIDAY,21,TRAIN,NS21/DT11,24104,28432
2024-08,WEEKDAY,21,TRAIN,NS21/DT11,53401,59648
2024-08,WEEKENDS/HOLIDAY,8,TRAIN,SW3,1288,439
2024-08,WEEKDAY,8,TRAIN,SW3,5651,1673
2024-08,WEEKENDS/HOLIDAY,17,TRAIN,BP3,2050,2156
2024-08,WEEKDAY,17,TRAIN,BP3,4704,7612
2024-08,WEEKENDS/HOLIDAY,13,TRAIN,BP7,335,509
2024-08,WEEKDAY,13,TRAIN,BP7,703,972
2024-08,WEEKDAY,13,TRAIN,SE4,3391,3604
2024-08,WEEKENDS/HOLIDAY,13,TRAIN,SE4,2108,1787
2024-08,WEEKENDS/HOLIDAY,21,TRAIN,BP9,370,803
2024-08,WEEKDAY,21,TRAIN,BP9,866,2169
2024-08,WEEKDAY,10,TRAIN,NS16,42346,29366
2024-08,WEEKENDS/HOLIDAY,10,TRAIN,NS16,22770,14588
2024-08,WEEKDAY,22,TRAIN,EW17,11799,24793
2024-08,WEEKENDS/HOLIDAY,22,TRAIN,EW17,5459,11013
2024-08,WEEKENDS/HOLIDAY,9,TRAIN,SE3,1938,511
2024-08,WEEKDAY,9,TRAIN,SE3,5112,1074
2024-08,WEEKENDS/HOLIDAY,16,TRAIN,DT5,9462,7752
2024-08,WEEKDAY,16,TRAIN,DT5,14703,17164
2024-08,WEEKENDS/HOLIDAY,18,TRAIN,NS20,17691,13239
2024-08,WEEKDAY,18,TRAIN,NS20,132120,52579
2024-08,WEEKDAY,21,TRAIN,NS25/EW13,94880,15028
2024-08,WEEKENDS/HOLIDAY,21,TRAIN,NS25/EW13,56187,8087
2024-08,WEEKENDS/HOLIDAY,21,TRAIN,EW14/NS26,28045,5599
2024-08,WEEKDAY,21,TRAIN,EW14/NS26,59264,10421
2024-08,WEEKDAY,18,TRAIN,PW3,3058,3682
2024-08,WEEKENDS/HOLIDAY,18,TRAIN,PW3,1286,1131
2024-08,WEEKDAY,15,TRAIN,TE6,7689,9374
2024-08,WEEKENDS/HOLIDAY,15,TRAIN,TE6,4468,4627
2024-08,WEEKENDS/HOLIDAY,18,TRAIN,TE22,4233,10099
2024-08,WEEKDAY,18,TRAIN,TE22,4861,10896
2024-08,WEEKENDS/HOLIDAY,6,TRAIN,CG2,5572,3282
2024-08,WEEKDAY,6,TRAIN,CG2,10311,11713
2024-08,WEEKENDS/HOLIDAY,5,TRAIN,SW6,348,11
2024-08,WEEKDAY,5,TRAIN,SW6,1710,100
2024-08,WEEKENDS/HOLIDAY,7,TRAIN,BP3,2023,419
2024-08,WEEKDAY,7,TRAIN,BP3,23631,2357
2024-08,WEEKDAY,19,TRAIN,NS12,14993,43688
2024-08,WEEKENDS/HOLIDAY,19,TRAIN,NS12,5563,9819
2024-08,WEEKENDS/HOLIDAY,8,TRAIN,TE3,5367,3066
2024-08,WEEKDAY,8,TRAIN,TE3,31753,17572
2024-08,WEEKDAY,13,TRAIN,PW1,1767,2844
2024-08,WEEKENDS/HOLIDAY,13,TRAIN,PW1,1631,2039
2024-08,WEEKDAY,5,TRAIN,TE13,36,88
2024-08,WEEKENDS/HOLIDAY,5,TRAIN,TE13,10,12
2024-08,WEEKDAY,13,TRAIN,EW21/CC22,25998,25892
2024-08,WEEKENDS/HOLIDAY,13,TRAIN,EW21/CC22,12192,9845
2024-08,WEEKENDS/HOLIDAY,5,TRAIN,EW7,887,126
2024-08,WEEKDAY,5,TRAIN,EW7,4440,729
2024-08,WEEKENDS/HOLIDAY,23,TRAIN,EW29,352,1301
2024-08,WEEKDAY,23,TRAIN,EW29,1009,1417
2024-08,WEEKDAY,0,TRAIN,PW7,83,319
2024-08,WEEKENDS/HOLIDAY,0,TRAIN,PW7,60,160
2024-08,WEEKENDS/HOLIDAY,23,TRAIN,NE13,1473,5020
2024-08,WEEKDAY,23,TRAIN,NE13,2816,11258
2024-08,WEEKDAY,10,TRAIN,DT7,3463,3032
2024-08,WEEKENDS/HOLIDAY,10,TRAIN,DT7,2177,1359
2024-08,WEEKDAY,16,TRAIN,DT20,7098,7463
2024-08,WEEKENDS/HOLIDAY,16,TRAIN,DT20,3557,3466
2024-08,WEEKDAY,10,TRAIN,SW5,7975,5420
2024-08,WEEKENDS/HOLIDAY,10,TRAIN,SW5,4426,3345
2024-08,WEEKDAY,10,TRAIN,CG1/DT35,3859,25539
2024-08,WEEKENDS/HOLIDAY,10,TRAIN,CG1/DT35,1928,8387
2024-08,WEEKDAY,6,TRAIN,PE3,10056,1732
2024-08,WEEKENDS/HOLIDAY,6,TRAIN,PE3,1014,426
2024-08,WEEKENDS/HOLIDAY,14,TRAIN,CC8,3483,3807
2024-08,WEEKDAY,14,TRAIN,CC8,14557,7359
2024-08,WEEKDAY,16,TRAIN,DT2,6028,2302
2024-08,WEEKENDS/HOLIDAY,16,TRAIN,DT2,860,1004
2024-08,WEEKENDS/HOLIDAY,12,TRAIN,CG2,11211,18052
2024-08,WEEKDAY,12,TRAIN,CG2,19912,29220
2024-08,WEEKDAY,18,TRAIN,NE1/CC29,158508,81691
2024-08,WEEKENDS/HOLIDAY,18,TRAIN,NE1/CC29,46046,27886
2024-08,WEEKDAY,14,TRAIN,DT6,12514,7878
2024-08,WEEKENDS/HOLIDAY,14,TRAIN,DT6,3023,2621
2024-08,WEEKDAY,11,TRAIN,EW27,33433,33589
2024-08,WEEKENDS/HOLIDAY,11,TRAIN,EW27,23720,17726
2024-08,WEEKENDS/HOLIDAY,12,TRAIN,CC5,2477,3502
2024-08,WEEKDAY,12,TRAIN,CC5,4967,5351
2024-08,WEEKDAY,19,TRAIN,DT17,64101,8422
2024-08,WEEKENDS/HOLIDAY,19,TRAIN,DT17,3538,5711
2024-08,WEEKENDS/HOLIDAY,5,TRAIN,TE4,81,47
2024-08,WEEKDAY,5,TRAIN,TE4,490,396
2024-08,WEEKENDS/HOLIDAY,6,TRAIN,EW14/NS26,1143,3535
2024-08,WEEKDAY,6,TRAIN,EW14/NS26,2556,35991
2024-08,WEEKENDS/HOLIDAY,17,TRAIN,NS21/DT11,35417,35761
2024-08,WEEKDAY,17,TRAIN,NS21/DT11,105029,97145
2024-08,WEEKENDS/HOLIDAY,8,TRAIN,EW26,18830,7785
2024-08,WEEKDAY,8,TRAIN,EW26,114459,37219
2024-08,WEEKENDS/HOLIDAY,9,TRAIN,SW8,1185,509
2024-08,WEEKDAY,9,TRAIN,SW8,2747,1194
2024-08,WEEKENDS/HOLIDAY,17,TRAIN,DT27,5280,4101
2024-08,WEEKDAY,17,TRAIN,DT27,25662,11855
2024-08,WEEKDAY,0,TRAIN,PE5,53,838
2024-08,WEEKENDS/HOLIDAY,0,TRAIN,PE5,21,479
2024-08,WEEKDAY,9,TRAIN,NE5,6649,45525
2024-08,WEEKENDS/HOLIDAY,9,TRAIN,NE5,2566,5699
2024-08,WEEKDAY,22,TRAIN,NS20,15979,9293
2024-08,WEEKENDS/HOLIDAY,22,TRAIN,NS20,5754,4325
2024-08,WEEKDAY,6,TRAIN,BP4,4595,1072
2024-08,WEEKENDS/HOLIDAY,6,TRAIN,BP4,713,126
2024-08,WEEKDAY,11,TRAIN,DT3,8321,3465
2024-08,WEEKENDS/HOLIDAY,11,TRAIN,DT3,6228,2475
2024-08,WEEKDAY,13,TRAIN,CC6,8432,9460
2024-08,WEEKENDS/HOLIDAY,13,TRAIN,CC6,6236,7830
2024-08,WEEKDAY,20,TRAIN,CC17/TE9,4166,6929
2024-08,WEEKENDS/HOLIDAY,20,TRAIN,CC17/TE9,1188,2371
2024-08,WEEKENDS/HOLIDAY,8,TRAIN,NS16,21124,13374
2024-08,WEEKDAY,8,TRAIN,NS16,114649,60965
2024-08,WEEKDAY,20,TRAIN,EW15,64040,14038
2024-08,WEEKENDS/HOLIDAY,20,TRAIN,EW15,9353,5870
2024-08,WEEKDAY,18,TRAIN,CC27,55441,4268
2024-08,WEEKENDS/HOLIDAY,18,TRAIN,CC27,1627,985
2024-08,WEEKDAY,15,TRAIN,NS27/CE2/TE20,4627,4067
2024-08,WEEKENDS/HOLIDAY,15,TRAIN,NS27/CE2/TE20,2624,4307
2024-08,WEEKDAY,14,TRAIN,TE13,4089,5725
2024-08,WEEKENDS/HOLIDAY,14,TRAIN,TE13,2386,2060
2024-08,WEEKENDS/HOLIDAY,8,TRAIN,NS20,7418,17312
2024-08,WEEKDAY,8,TRAIN,NS20,31822,154674
2024-08,WEEKDAY,6,TRAIN,CC5,2179,1991
2024-08,WEEKENDS/HOLIDAY,6,TRAIN,CC5,686,487
2024-08,WEEKENDS/HOLIDAY,23,TRAIN,NE11,897,2000
2024-08,WEEKDAY,23,TRAIN,NE11,1771,3962
2024-08,WEEKENDS/HOLIDAY,22,TRAIN,NS21/DT11,19293,21415
2024-08,WEEKDAY,22,TRAIN,NS21/DT11,39816,43989
2024-08,WEEKENDS/HOLIDAY,20,TRAIN,EW16/NE3/TE17,10281,9022
2024-08,WEEKDAY,20,TRAIN,EW16/NE3/TE17,36302,19620
2024-08,WEEKDAY,8,TRAIN,DT25,12957,12453
2024-08,WEEKENDS/HOLIDAY,8,TRAIN,DT25,1994,1983
2024-08,WEEKDAY,18,TRAIN,NE10,41245,39889
2024-08,WEEKENDS/HOLIDAY,18,TRAIN,NE10,8301,8234
2024-08,WEEKENDS/HOLIDAY,12,TRAIN,DT24,2578,1719
2024-08,WEEKDAY,12,TRAIN,DT24,4730,3720
2024-08,WEEKENDS/HOLIDAY,7,TRAIN,NE9,8902,4749
2024-08,WEEKDAY,7,TRAIN,NE9,49324,38358
2024-08,WEEKDAY,5,TRAIN,NE12/CC13,9080,1036
2024-08,WEEKENDS/HOLIDAY,5,TRAIN,NE12/CC13,1764,120
2024-08,WEEKDAY,10,TRAIN,CE1/DT16,8792,35871
2024-08,WEEKENDS/HOLIDAY,10,TRAIN,CE1/DT16,6495,23506
2024-08,WEEKENDS/HOLIDAY,14,TRAIN,NS13,26151,25686
2024-08,WEEKDAY,14,TRAIN,NS13,40684,45559
2024-08,WEEKDAY,7,TRAIN,EW31,4380,39030
2024-08,WEEKENDS/HOLIDAY,7,TRAIN,EW31,1983,5423
2024-08,WEEKENDS/HOLIDAY,0,TRAIN,PW3,11,124
2024-08,WEEKDAY,0,TRAIN,PW3,7,167
2024-08,WEEKDAY,6,TRAIN,TE16,5195,3140
2024-08,WEEKENDS/HOLIDAY,6,TRAIN,TE16,1047,1017
2024-08,WEEKENDS/HOLIDAY,11,TRAIN,CG1/DT35,3796,9739
2024-08,WEEKDAY,11,TRAIN,CG1/DT35,7543,14002
2024-08,WEEKDAY,14,TRAIN,TE5,2716,4470
2024-08,WEEKENDS/HOLIDAY,14,TRAIN,TE5,1860,2118
2024-08,WEEKENDS/HOLIDAY,13,TRAIN,SE1,1984,1957
2024-08,WEEKDAY,13,TRAIN,SE1,4043,3638
2024-08,WEEKENDS/HOLIDAY,10,TRAIN,TE15,3265,4977
2024-08,WEEKDAY,10,TRAIN,TE15,6333,8702
2024-08,WEEKENDS/HOLIDAY,8,TRAIN,CC2,678,2777
2024-08,WEEKDAY,8,TRAIN,CC2,2475,21302
2024-08,WEEKDAY,6,TRAIN,NE7/DT12,13750,14893
2024-08,WEEKENDS/HOLIDAY,6,TRAIN,NE7/DT12,3689,3890
2024-08,WEEKENDS/HOLIDAY,6,TRAIN,EW30,713,1651
2024-08,WEEKDAY,6,TRAIN,EW30,1846,9803
2024-08,WEEKDAY,5,TRAIN,EW20,2495,732
2024-08,WEEKENDS/HOLIDAY,5,TRAIN,EW20,357,75
2024-08,WEEKDAY,9,TRAIN,TE7,8856,8272
2024-08,WEEKENDS/HOLIDAY,9,TRAIN,TE7,3196,2840
2024-08,WEEKDAY,6,TRAIN,NS23,3726,10332
2024-08,WEEKENDS/HOLIDAY,6,TRAIN,NS23,1094,2931
2024-08,WEEKDAY,20,TRAIN,CC28,2002,6470
2024-08,WEEKENDS/HOLIDAY,20,TRAIN,CC28,889,2526
2024-08,WEEKENDS/HOLIDAY,5,TRAIN,PE5,499,19
2024-08,WEEKDAY,5,TRAIN,PE5,2452,129
2024-08,WEEKENDS/HOLIDAY,12,TRAIN,TE5,2701,1490
2024-08,WEEKDAY,12,TRAIN,TE5,3735,2468
2024-08,WEEKDAY,22,TRAIN,NS11,13705,50819
2024-08,WEEKENDS/HOLIDAY,22,TRAIN,NS11,6554,23755
2024-08,WEEKENDS/HOLIDAY,17,TRAIN,PW7,1741,1537
2024-08,WEEKDAY,17,TRAIN,PW7,4262,5228
2024-08,WEEKDAY,11,TRAIN,DT17,27974,14806
2024-08,WEEKENDS/HOLIDAY,11,TRAIN,DT17,2327,2884
2024-08,WEEKENDS/HOLIDAY,7,TRAIN,EW8/CC9,8334,9650
2024-08,WEEKDAY,7,TRAIN,EW8/CC9,44707,54826
2024-08,WEEKDAY,16,TRAIN,EW17,24923,29540
2024-08,WEEKENDS/HOLIDAY,16,TRAIN,EW17,12867,13252
2024-08,WEEKDAY,10,TRAIN,BP12,3392,1161
2024-08,WEEKENDS/HOLIDAY,10,TRAIN,BP12,1653,621
2024-08,WEEKENDS/HOLIDAY,6,TRAIN,EW4,3821,2017
2024-08,WEEKDAY,6,TRAIN,EW4,19267,13133
2024-08,WEEKDAY,10,TRAIN,EW28,24275,16243
2024-08,WEEKENDS/HOLIDAY,10,TRAIN,EW28,16294,5767
2024-08,WEEKENDS/HOLIDAY,5,TRAIN,TE18,37,3
2024-08,WEEKDAY,5,TRAIN,TE18,196,16
2024-08,WEEKDAY,21,TRAIN,NE5,27249,10096
2024-08,WEEKENDS/HOLIDAY,21,TRAIN,NE5,11822,5762
2024-08,WEEKENDS/HOLIDAY,0,TRAIN,SW1,26,48
2024-08,WEEKDAY,0,TRAIN,SW1,36,93
2024-08,WEEKDAY,11,TRAIN,BP10,2988,2293
2024-08,WEEKENDS/HOLIDAY,11,TRAIN,BP10,1807,1378
2024-08,WEEKDAY,20,TRAIN,EW18,13910,20934
2024-08,WEEKENDS/HOLIDAY,20,TRAIN,EW18,4685,8002
2024-08,WEEKDAY,12,TRAIN,EW26,27189,15066
2024-08,WEEKENDS/HOLIDAY,12,TRAIN,EW26,18686,9388
2024-08,WEEKENDS/HOLIDAY,16,TRAIN,TE3,4787,3573
2024-08,WEEKDAY,16,TRAIN,TE3,11461,9211
2024-08,WEEKDAY,20,TRAIN,NE14,17028,50831
2024-08,WEEKENDS/HOLIDAY,20,TRAIN,NE14,7279,17610
2024-08,WEEKDAY,23,TRAIN,NS13,8217,32798
2024-08,WEEKENDS/HOLIDAY,23,TRAIN,NS13,4190,15914
2024-08,WEEKENDS/HOLIDAY,6,TRAIN,NS13,16500,4663
2024-08,WEEKDAY,6,TRAIN,NS13,91632,25020
2024-08,WEEKENDS/HOLIDAY,18,TRAIN,DT7,2200,2472
2024-08,WEEKDAY,18,TRAIN,DT7,10979,11175
2024-08,WEEKENDS/HOLIDAY,14,TRAIN,EW22,2372,2794
2024-08,WEEKDAY,14,TRAIN,EW22,17048,10849
2024-08,WEEKENDS/HOLIDAY,11,TRAIN,NS23,9609,24442
2024-08,WEEKDAY,11,TRAIN,NS23,18550,43168
2024-08,WEEKENDS/HOLIDAY,17,TRAIN,DT33,8859,7908
2024-08,WEEKDAY,17,TRAIN,DT33,22717,31398
2024-08,WEEKDAY,8,TRAIN,NS13,146522,51046
2024-08,WEEKENDS/HOLIDAY,8,TRAIN,NS13,25758,13507
2024-08,WEEKDAY,23,TRAIN,NE9,3514,9934
2024-08,WEEKENDS/HOLIDAY,23,TRAIN,NE9,1556,4646
2024-08,WEEKENDS/HOLIDAY,20,TRAIN,NS25/EW13,58199,13382
2024-08,WEEKDAY,20,TRAIN,NS25/EW13,82028,24271
2024-08,WEEKENDS/HOLIDAY,21,TRAIN,CC2,1743,1740
2024-08,WEEKDAY,21,TRAIN,CC2,6919,2684
2024-08,WEEKDAY,14,TRAIN,EW7,12348,14569
2024-08,WEEKENDS/HOLIDAY,14,TRAIN,EW7,7672,8089
2024-08,WEEKDAY,21,TRAIN,SW1,3083,1821
2024-08,WEEKENDS/HOLIDAY,21,TRAIN,SW1,1221,767
2024-08,WEEKENDS/HOLIDAY,18,TRAIN,TE13,2991,2113
2024-08,WEEKDAY,18,TRAIN,TE13,12407,7324
2024-08,WEEKDAY,18,TRAIN,PW4,5821,13243
2024-08,WEEKENDS/HOLIDAY,18,TRAIN,PW4,3210,3555
2024-08,WEEKDAY,5,TRAIN,SW8,898,207
2024-08,WEEKENDS/HOLIDAY,5,TRAIN,SW8,209,27
2024-08,WEEKDAY,5,TRAIN,EW27,20137,4683
2024-08,WEEKENDS/HOLIDAY,5,TRAIN,EW27,3536,397
2024-08,WEEKDAY,23,TRAIN,EW10,2287,7400
2024-08,WEEKENDS/HOLIDAY,23,TRAIN,EW10,1530,3538
2024-08,WEEKENDS/HOLIDAY,6,TRAIN,BP2,1064,156
2024-08,WEEKDAY,6,TRAIN,BP2,7876,1408
2024-08,WEEKENDS/HOLIDAY,17,TRAIN,NE8,24772,31218
2024-08,WEEKDAY,17,TRAIN,NE8,42644,44620
2024-08,WEEKDAY,8,TRAIN,NS12,55186,15986
2024-08,WEEKENDS/HOLIDAY,8,TRAIN,NS12,9337,4290
2024-08,WEEKDAY,5,TRAIN,EW18,2878,723
2024-08,WEEKENDS/HOLIDAY,5,TRAIN,EW18,363,88
2024-08,WEEKENDS/HOLIDAY,23,TRAIN,NS3,997,5094
2024-08,WEEKDAY,23,TRAIN,NS3,3183,9308
2024-08,WEEKDAY,18,TRAIN,PE3,6867,15644
2024-08,WEEKENDS/HOLIDAY,18,TRAIN,PE3,2962,3370
2024-08,WEEKENDS/HOLIDAY,6,TRAIN,NE10,2486,1436
2024-08,WEEKDAY,6,TRAIN,NE10,15431,10217
2024-08,WEEKENDS/HOLIDAY,19,TRAIN,EW12/DT14,42663,28260
2024-08,WEEKDAY,19,TRAIN,EW12/DT14,100250,75307
2024-08,WEEKENDS/HOLIDAY,14,TRAIN,TE3,5691,3595
2024-08,WEEKDAY,14,TRAIN,TE3,12880,7695
2024-08,WEEKDAY,20,TRAIN,DT2,1438,2740
2024-08,WEEKENDS/HOLIDAY,20,TRAIN,DT2,348,874
2024-08,WEEKDAY,23,TRAIN,SW6,168,1968
2024-08,WEEKENDS/HOLIDAY,23,TRAIN,SW6,118,888
2024-08,WEEKDAY,12,TRAIN,CC6,8099,10155
2024-08,WEEKENDS/HOLIDAY,12,TRAIN,CC6,5867,7502
2024-08,WEEKDAY,10,TRAIN,CC23,5200,32043
2024-08,WEEKENDS/HOLIDAY,10,TRAIN,CC23,1625,2260
2024-08,WEEKENDS/HOLIDAY,0,TRAIN,NS28,3,12
2024-08,WEEKDAY,0,TRAIN,NS28,2,19
2024-08,WEEKDAY,22,TRAIN,EW1,10393,34544
2024-08,WEEKENDS/HOLIDAY,22,TRAIN,EW1,5627,14500
2024-08,WEEKDAY,16,TRAIN,EW7,13170,17647
2024-08,WEEKENDS/HOLIDAY,16,TRAIN,EW7,7796,8688
2024-08,WEEKENDS/HOLIDAY,15,TRAIN,EW12/DT14,44924,44186
2024-08,WEEKDAY,15,TRAIN,EW12/DT14,61434,58064
2024-08,WEEKDAY,15,TRAIN,PE3,8754,8159
2024-08,WEEKENDS/HOLIDAY,15,TRAIN,PE3,2953,3109
2024-08,WEEKDAY,16,TRAIN,BP4,14199,2734
2024-08,WEEKENDS/HOLIDAY,16,TRAIN,BP4,810,817
2024-08,WEEKENDS/HOLIDAY,12,TRAIN,CC23,2859,2417
2024-08,WEEKDAY,12,TRAIN,CC23,18692,16379
2024-08,WEEKENDS/HOLIDAY,11,TRAIN,BP8,715,642
2024-08,WEEKDAY,11,TRAIN,BP8,1247,1230
2024-08,WEEKDAY,6,TRAIN,NS9/TE2,89678,42373
2024-08,WEEKENDS/HOLIDAY,6,TRAIN,NS9/TE2,14231,9430
2024-08,WEEKDAY,19,TRAIN,DT10/TE11,10923,13036
2024-08,WEEKENDS/HOLIDAY,19,TRAIN,DT10/TE11,3203,3116
2024-08,WEEKENDS/HOLIDAY,19,TRAIN,SE3,967,2087
2024-08,WEEKDAY,19,TRAIN,SE3,1837,9138
2024-08,WEEKDAY,9,TRAIN,NS25/EW13,14367,92903
2024-08,WEEKENDS/HOLIDAY,9,TRAIN,NS25/EW13,7129,44696
2024-08,WEEKENDS/HOLIDAY,9,TRAIN,EW20,6119,5615
2024-08,WEEKDAY,9,TRAIN,EW20,20338,24244
2024-08,WEEKENDS/HOLIDAY,20,TRAIN,TE5,1251,2918
2024-08,WEEKDAY,20,TRAIN,TE5,3682,7976
2024-08,WEEKDAY,18,TRAIN,DT31,14161,34262
2024-08,WEEKENDS/HOLIDAY,18,TRAIN,DT31,3871,5018
2024-08,WEEKDAY,12,TRAIN,PW1,1705,2658
2024-08,WEEKENDS/HOLIDAY,12,TRAIN,PW1,1546,1982
2024-08,WEEKDAY,11,TRAIN,TE4,3582,4083
2024-08,WEEKENDS/HOLIDAY,11,TRAIN,TE4,2283,2687
2024-08,WEEKENDS/HOLIDAY,5,TRAIN,TE6,738,20
2024-08,WEEKDAY,5,TRAIN,TE6,3773,248
2024-08,WEEKDAY,10,TRAIN,DT25,4243,2653
2024-08,WEEKENDS/HOLIDAY,10,TRAIN,DT25,2166,1145
2024-08,WEEKDAY,23,TRAIN,CC28,344,1855
2024-08,WEEKENDS/HOLIDAY,23,TRAIN,CC28,220,1011
2024-08,WEEKENDS/HOLIDAY,11,TRAIN,EW5,18082,12823
2024-08,WEEKDAY,11,TRAIN,EW5,29733,21962
2024-08,WEEKENDS/HOLIDAY,14,TRAIN,NS7,11352,9592
2024-08,WEEKDAY,14,TRAIN,NS7,15125,14534
2024-08,WEEKENDS/HOLIDAY,11,TRAIN,EW30,1064,449
2024-08,WEEKDAY,11,TRAIN,EW30,1714,995
2024-08,WEEKDAY,6,TRAIN,SW6,8426,2091
2024-08,WEEKENDS/HOLIDAY,6,TRAIN,SW6,777,164
2024-08,WEEKENDS/HOLIDAY,22,TRAIN,EW25,1944,5608
2024-08,WEEKDAY,22,TRAIN,EW25,3358,12447
2024-08,WEEKDAY,0,TRAIN,DT18,332,130
2024-08,WEEKENDS/HOLIDAY,0,TRAIN,DT18,122,111
2024-08,WEEKDAY,6,TRAIN,EW20,15612,12269
2024-08,WEEKENDS/HOLIDAY,6,TRAIN,EW20,2849,2131
2024-08,WEEKDAY,23,TRAIN,NS12,1960,8924
2024-08,WEEKENDS/HOLIDAY,23,TRAIN,NS12,1032,4527
2024-08,WEEKDAY,12,TRAIN,EW24/NS1,47204,66482
2024-08,WEEKENDS/HOLIDAY,12,TRAIN,EW24/NS1,29379,45710
2024-08,WEEKENDS/HOLIDAY,17,TRAIN,PW6,767,723
2024-08,WEEKDAY,17,TRAIN,PW6,2007,2616
2024-08,WEEKDAY,13,TRAIN,TE12,6576,7154
2024-08,WEEKENDS/HOLIDAY,13,TRAIN,TE12,2925,1947
2024-08,WEEKENDS/HOLIDAY,11,TRAIN,BP7,439,434
2024-08,WEEKDAY,11,TRAIN,BP7,591,769
2024-08,WEEKDAY,7,TRAIN,PE3,18857,6598
2024-08,WEEKENDS/HOLIDAY,7,TRAIN,PE3,1768,910
2024-08,WEEKENDS/HOLIDAY,22,TRAIN,EW2/DT32,12173,21259
2024-08,WEEKDAY,22,TRAIN,EW2/DT32,25896,47106
2024-08,WEEKENDS/HOLIDAY,19,TRAIN,EW19,6540,8475
2024-08,WEEKDAY,19,TRAIN,EW19,19534,37858
2024-08,WEEKDAY,14,TRAIN,PW7,2664,3337
2024-08,WEEKENDS/HOLIDAY,14,TRAIN,PW7,1360,1832
2024-08,WEEKDAY,8,TRAIN,BP11,11913,1781
2024-08,WEEKENDS/HOLIDAY,8,TRAIN,BP11,2248,715
2024-08,WEEKDAY,22,TRAIN,NS12,4749,17306
2024-08,WEEKENDS/HOLIDAY,22,TRAIN,NS12,2497,8234
2024-08,WEEKDAY,23,TRAIN,TE18,5737,1539
2024-08,WEEKENDS/HOLIDAY,23,TRAIN,TE18,2378,811
2024-08,WEEKDAY,23,TRAIN,NS19,4984,18174
2024-08,WEEKENDS/HOLIDAY,23,TRAIN,NS19,2249,8888
2024-08,WEEKDAY,14,TRAIN,CC23,11034,11224
2024-08,WEEKENDS/HOLIDAY,14,TRAIN,CC23,2604,2058
2024-08,WEEKENDS/HOLIDAY,22,TRAIN,PE2,373,2844
2024-08,WEEKDAY,22,TRAIN,PE2,694,6352
2024-08,WEEKDAY,22,TRAIN,NE9,8123,19107
2024-08,WEEKENDS/HOLIDAY,22,TRAIN,NE9,3490,8721
2024-08,WEEKENDS/HOLIDAY,22,TRAIN,EW7,2291,8208
2024-08,WEEKDAY,22,TRAIN,EW7,4679,17860
2024-08,WEEKDAY,16,TRAIN,NE9,22872,20809
2024-08,WEEKENDS/HOLIDAY,16,TRAIN,NE9,10389,9465
2024-08,WEEKENDS/HOLIDAY,20,TRAIN,NS15,3949,5672
2024-08,WEEKDAY,20,TRAIN,NS15,16746,15684
2024-08,WEEKENDS/HOLIDAY,18,TRAIN,DT33,7406,8787
2024-08,WEEKDAY,18,TRAIN,DT33,25980,64490
2024-08,WEEKENDS/HOLIDAY,8,TRAIN,EW32,2183,2608
2024-08,WEEKDAY,8,TRAIN,EW32,3511,24876
2024-08,WEEKDAY,8,TRAIN,EW11,26352,45099
2024-08,WEEKENDS/HOLIDAY,8,TRAIN,EW11,6029,6429
2024-08,WEEKENDS/HOLIDAY,15,TRAIN,PW3,724,704
2024-08,WEEKDAY,15,TRAIN,PW3,1157,1298
2024-08,WEEKENDS/HOLIDAY,13,TRAIN,BP3,2350,1824
2024-08,WEEKDAY,13,TRAIN,BP3,3273,3579
2024-08,WEEKENDS/HOLIDAY,11,TRAIN,BP11,1983,1111
2024-08,WEEKDAY,11,TRAIN,BP11,3224,1788
2024-08,WEEKDAY,16,TRAIN,CC20,7403,7801
2024-08,WEEKENDS/HOLIDAY,16,TRAIN,CC20,2621,2568
2024-08,WEEKENDS/HOLIDAY,23,TRAIN,EW5,1834,8416
2024-08,WEEKDAY,23,TRAIN,EW5,4089,17698
2024-08,WEEKENDS/HOLIDAY,9,TRAIN,NE13,13174,11347
2024-08,WEEKDAY,9,TRAIN,NE13,36023,22370
2024-08,WEEKDAY,18,TRAIN,EW15,223750,57476
2024-08,WEEKENDS/HOLIDAY,18,TRAIN,EW15,11773,11148
2024-08,WEEKENDS/HOLIDAY,20,TRAIN,CC8,2360,4515
2024-08,WEEKDAY,20,TRAIN,CC8,5186,10718
2024-08,WEEKENDS/HOLIDAY,16,TRAIN,PW3,1190,866
2024-08,WEEKDAY,16,TRAIN,PW3,1851,1721
2024-08,WEEKENDS/HOLIDAY,18,TRAIN,EW21/CC22,11846,11354
2024-08,WEEKDAY,18,TRAIN,EW21/CC22,122439,53026
2024-08,WEEKDAY,13,TRAIN,PE4,1439,2154
2024-08,WEEKENDS/HOLIDAY,13,TRAIN,PE4,950,817
2024-08,WEEKDAY,21,TRAIN,TE13,4105,3750
2024-08,WEEKENDS/HOLIDAY,21,TRAIN,TE13,1392,2159
2024-08,WEEKENDS/HOLIDAY,5,TRAIN,CC23,73,37
2024-08,WEEKDAY,5,TRAIN,CC23,397,903
2024-08,WEEKENDS/HOLIDAY,8,TRAIN,TE8,3129,4347
2024-08,WEEKDAY,8,TRAIN,TE8,19349,13832
2024-08,WEEKDAY,6,TRAIN,EW29,10521,51253
2024-08,WEEKENDS/HOLIDAY,6,TRAIN,EW29,2693,8652
2024-08,WEEKDAY,11,TRAIN,CC5,3842,4640
2024-08,WEEKENDS/HOLIDAY,11,TRAIN,CC5,1997,2881
2024-08,WEEKENDS/HOLIDAY,12,TRAIN,NE4/DT19,28598,40313
2024-08,WEEKDAY,12,TRAIN,NE4/DT19,63657,88258
2024-08,WEEKENDS/HOLIDAY,19,TRAIN,NE13,10206,12425
2024-08,WEEKDAY,19,TRAIN,NE13,24226,52271
2024-08,WEEKENDS/HOLIDAY,0,TRAIN,CC6,67,63
2024-08,WEEKDAY,0,TRAIN,CC6,162,88
2024-08,WEEKDAY,18,TRAIN,DT6,20484,17459
2024-08,WEEKENDS/HOLIDAY,18,TRAIN,DT6,3521,2792
2024-08,WEEKDAY,11,TRAIN,EW17,22383,21112
2024-08,WEEKENDS/HOLIDAY,11,TRAIN,EW17,13279,11519
2024-08,WEEKENDS/HOLIDAY,10,TRAIN,CC19/DT9,3818,5835
2024-08,WEEKDAY,10,TRAIN,CC19/DT9,5689,8484
2024-08,WEEKENDS/HOLIDAY,14,TRAIN,PE1,1830,1812
2024-08,WEEKDAY,14,TRAIN,PE1,3110,3803
2024-08,WEEKENDS/HOLIDAY,7,TRAIN,DT18,436,1845
2024-08,WEEKDAY,7,TRAIN,DT18,1752,26684
2024-08,WEEKDAY,7,TRAIN,NS11,161110,58835
2024-08,WEEKENDS/HOLIDAY,7,TRAIN,NS11,19414,8955
2024-08,WEEKDAY,7,TRAIN,DT22,13149,9670
2024-08,WEEKENDS/HOLIDAY,7,TRAIN,DT22,3235,3117
2024-08,WEEKENDS/HOLIDAY,23,TRAIN,SE2,136,1518
2024-08,WEEKDAY,23,TRAIN,SE2,256,3297
2024-08,WEEKDAY,0,TRAIN,PE2,73,938
2024-08,WEEKENDS/HOLIDAY,0,TRAIN,PE2,60,469
2024-08,WEEKENDS/HOLIDAY,9,TRAIN,TE14/NS22,11727,52734
2024-08,WEEKDAY,9,TRAIN,TE14/NS22,26201,121549
2024-08,WEEKDAY,8,TRAIN,SE4,9435,2691
2024-08,WEEKENDS/HOLIDAY,8,TRAIN,SE4,2059,1299
2024-08,WEEKDAY,13,TRAIN,SW2,6992,6179
2024-08,WEEKENDS/HOLIDAY,13,TRAIN,SW2,4262,3642
2024-08,WEEKENDS/HOLIDAY,21,TRAIN,EW12/DT14,41263,18993
2024-08,WEEKDAY,21,TRAIN,EW12/DT14,95160,31885
2024-08,WEEKDAY,18,TRAIN,TE7,18533,14270
2024-08,WEEKENDS/HOLIDAY,18,TRAIN,TE7,2899,3134
2024-08,WEEKDAY,23,TRAIN,PE6,497,2388
2024-08,WEEKENDS/HOLIDAY,23,TRAIN,PE6,247,1087
2024-08,WEEKENDS/HOLIDAY,0,TRAIN,BP6/DT1,0,2905
2024-08,WEEKDAY,0,TRAIN,BP6/DT1,0,5411
2024-08,WEEKDAY,19,TRAIN,NS23,57498,53612
2024-08,WEEKENDS/HOLIDAY,19,TRAIN,NS23,28418,17340
2024-08,WEEKENDS/HOLIDAY,13,TRAIN,NE5,6141,7762
2024-08,WEEKDAY,13,TRAIN,NE5,12660,14972
2024-08,WEEKDAY,16,TRAIN,EW20,15854,12904
2024-08,WEEKENDS/HOLIDAY,16,TRAIN,EW20,6066,5538
2024-08,WEEKENDS/HOLIDAY,10,TRAIN,PE7,3150,1061
2024-08,WEEKDAY,10,TRAIN,PE7,4611,1783
2024-08,WEEKENDS/HOLIDAY,22,TRAIN,DT17,3887,1079
2024-08,WEEKDAY,22,TRAIN,DT17,11179,2090
2024-08,WEEKDAY,8,TRAIN,EW19,56794,28324
2024-08,WEEKENDS/HOLIDAY,8,TRAIN,EW19,7191,4635
2024-08,WEEKENDS/HOLIDAY,12,TRAIN,PE2,3478,2369
2024-08,WEEKDAY,12,TRAIN,PE2,6169,4319
2024-08,WEEKDAY,7,TRAIN,CC27,2099,18941
2024-08,WEEKENDS/HOLIDAY,7,TRAIN,CC27,621,2537
2024-08,WEEKENDS/HOLIDAY,13,TRAIN,NE1/CC29,21472,38689
2024-08,WEEKDAY,13,TRAIN,NE1/CC29,47687,54045
2024-08,WEEKDAY,18,TRAIN,SE2,4922,15213
2024-08,WEEKENDS/HOLIDAY,18,TRAIN,SE2,2411,3053
2024-08,WEEKENDS/HOLIDAY,20,TRAIN,CC10/DT26,4066,6842
2024-08,WEEKDAY,20,TRAIN,CC10/DT26,11934,16609
2024-08,WEEKDAY,17,TRAIN,CC17/TE9,16621,12725
2024-08,WEEKENDS/HOLIDAY,17,TRAIN,CC17/TE9,3656,2664
2024-08,WEEKDAY,14,TRAIN,EW14/NS26,42941,50780
2024-08,WEEKENDS/HOLIDAY,14,TRAIN,EW14/NS26,12966,13998
2024-08,WEEKENDS/HOLIDAY,8,TRAIN,CC26,1605,1523
2024-08,WEEKDAY,8,TRAIN,CC26,6858,27343
2024-08,WEEKENDS/HOLIDAY,17,TRAIN,CC4/DT15,15034,15927
2024-08,WEEKDAY,17,TRAIN,CC4/DT15,55510,22797
2024-08,WEEKDAY,13,TRAIN,NS13,44381,43169
2024-08,WEEKENDS/HOLIDAY,13,TRAIN,NS13,27158,25763
2024-08,WEEKDAY,15,TRAIN,DT13,11559,10617
2024-08,WEEKENDS/HOLIDAY,15,TRAIN,DT13,6944,7154
2024-08,WEEKENDS/HOLIDAY,15,TRAIN,TE12,2506,1544
2024-08,WEEKDAY,15,TRAIN,TE12,7235,5071
2024-08,WEEKDAY,9,TRAIN,TE1,3941,13694
2024-08,WEEKENDS/HOLIDAY,9,TRAIN,TE1,1810,1031
2024-08,WEEKENDS/HOLIDAY,12,TRAIN,CC2,3140,2598
2024-08,WEEKDAY,12,TRAIN,CC2,6353,7386
2024-08,WEEKENDS/HOLIDAY,8,TRAIN,TE19,432,1687
2024-08,WEEKDAY,8,TRAIN,TE19,2075,80817
2024-08,WEEKDAY,15,TRAIN,EW19,13487,15916
2024-08,WEEKENDS/HOLIDAY,15,TRAIN,EW19,7045,8043
2024-08,WEEKENDS/HOLIDAY,15,TRAIN,EW6,5034,5637
2024-08,WEEKDAY,15,TRAIN,EW6,7168,11789
2024-08,WEEKDAY,10,TRAIN,PE2,7490,2248
2024-08,WEEKENDS/HOLIDAY,10,TRAIN,PE2,3703,1165
2024-08,WEEKENDS/HOLIDAY,6,TRAIN,NE12/CC13,9783,3727
2024-08,WEEKDAY,6,TRAIN,NE12/CC13,56961,29811
2024-08,WEEKDAY,7,TRAIN,DT20,5697,9081
2024-08,WEEKENDS/HOLIDAY,7,TRAIN,DT20,690,2063
2024-08,WEEKENDS/HOLIDAY,23,TRAIN,NS28,142,110
2024-08,WEEKDAY,23,TRAIN,NS28,218,217
2024-08,WEEKENDS/HOLIDAY,0,TRAIN,EW16/NE3/TE17,37,493
2024-08,WEEKDAY,0,TRAIN,EW16/NE3/TE17,100,771
2024-08,WEEKENDS/HOLIDAY,19,TRAIN,PE7,1415,2374
2024-08,WEEKDAY,19,TRAIN,PE7,4165,10277
2024-08,WEEKENDS/HOLIDAY,7,TRAIN,SW8,717,319
2024-08,WEEKDAY,7,TRAIN,SW8,5207,4705
2024-08,WEEKDAY,7,TRAIN,NS4/BP1,116532,71258
2024-08,WEEKENDS/HOLIDAY,7,TRAIN,NS4/BP1,14255,8715
2024-08,WEEKDAY,19,TRAIN,NS2,29766,65032
2024-08,WEEKENDS/HOLIDAY,19,TRAIN,NS2,10145,15614
2024-08,WEEKDAY,8,TRAIN,BP5,4272,3131
2024-08,WEEKENDS/HOLIDAY,8,TRAIN,BP5,1042,798
2024-08,WEEKDAY,20,TRAIN,DT25,3280,5583
2024-08,WEEKENDS/HOLIDAY,20,TRAIN,DT25,1018,2097
2024-08,WEEKENDS/HOLIDAY,11,TRAIN,PE1,2372,1268
2024-08,WEEKDAY,11,TRAIN,PE1,3708,2181
2024-08,WEEKENDS/HOLIDAY,23,TRAIN,EW25,696,3032
2024-08,WEEKDAY,23,TRAIN,EW25,1133,6185
2024-08,WEEKDAY,5,TRAIN,NS28,47,1
2024-08,WEEKENDS/HOLIDAY,5,TRAIN,NS28,7,0
2024-08,WEEKENDS/HOLIDAY,17,TRAIN,EW24/NS1,49960,46369
2024-08,WEEKDAY,17,TRAIN,EW24/NS1,189505,103810
2024-08,WEEKDAY,23,TRAIN,EW31,229,565
2024-08,WEEKENDS/HOLIDAY,23,TRAIN,EW31,79,601
2024-08,WEEKENDS/HOLIDAY,7,TRAIN,NS21/DT11,11355,14295
2024-08,WEEKDAY,7,TRAIN,NS21/DT11,69318,79752
2024-08,WEEKDAY,0,TRAIN,EW1,1,4656
2024-08,WEEKENDS/HOLIDAY,0,TRAIN,EW1,0,2141
2024-08,WEEKDAY,23,TRAIN,DT34,1148,2274
2024-08,WEEKENDS/HOLIDAY,23,TRAIN,DT34,326,1077
2024-08,WEEKENDS/HOLIDAY,7,TRAIN,DT13,2257,2084
2024-08,WEEKDAY,7,TRAIN,DT13,9343,9317
2024-08,WEEKDAY,15,TRAIN,CC27,4476,1942
2024-08,WEEKENDS/HOLIDAY,15,TRAIN,CC27,1146,792
2024-08,WEEKENDS/HOLIDAY,12,TRAIN,EW29,6572,3651
2024-08,WEEKDAY,12,TRAIN,EW29,10153,7070
2024-08,WEEKDAY,22,TRAIN,EW22,4999,5557
2024-08,WEEKENDS/HOLIDAY,22,TRAIN,EW22,820,2509
2024-08,WEEKENDS/HOLIDAY,7,TRAIN,CC26,1951,2866
2024-08,WEEKDAY,7,TRAIN,CC26,6505,20964
2024-08,WEEKENDS/HOLIDAY,22,TRAIN,PW6,92,607
2024-08,WEEKDAY,22,TRAIN,PW6,147,1276
2024-08,WEEKDAY,21,TRAIN,TE3,8531,12188
2024-08,WEEKENDS/HOLIDAY,21,TRAIN,TE3,3093,4991
2024-08,WEEKDAY,20,TRAIN,EW33,4178,6695
2024-08,WEEKENDS/HOLIDAY,20,TRAIN,EW33,1943,2500
2024-08,WEEKDAY,23,TRAIN,EW24/NS1,13041,10838
2024-08,WEEKENDS/HOLIDAY,23,TRAIN,EW24/NS1,5975,6469
2024-08,WEEKENDS/HOLIDAY,5,TRAIN,CG1/DT35,184,31
2024-08,WEEKDAY,5,TRAIN,CG1/DT35,461,259
2024-08,WEEKDAY,22,TRAIN,SW7,406,3035
2024-08,WEEKENDS/HOLIDAY,22,TRAIN,SW7,215,1458
2024-08,WEEKENDS/HOLIDAY,17,TRAIN,NE5,7725,10040
2024-08,WEEKDAY,17,TRAIN,NE5,32950,18285
2024-08,WEEKENDS/HOLIDAY,0,TRAIN,EW31,3,159
2024-08,WEEKDAY,0,TRAIN,EW31,1,172
2024-08,WEEKDAY,19,TRAIN,CC25,13403,10129
2024-08,WEEKENDS/HOLIDAY,19,TRAIN,CC25,3934,2887
2024-08,WEEKENDS/HOLIDAY,0,TRAIN,CC20,14,133
2024-08,WEEKDAY,0,TRAIN,CC20,19,275
2024-08,WEEKENDS/HOLIDAY,19,TRAIN,NS24/NE6/CC1,26383,17214
2024-08,WEEKDAY,19,TRAIN,NS24/NE6/CC1,66435,48820
2024-08,WEEKDAY,7,TRAIN,PE6,18976,7466
2024-08,WEEKENDS/HOLIDAY,7,TRAIN,PE6,1689,993
2024-08,WEEKDAY,15,TRAIN,DT5,12806,14695
2024-08,WEEKENDS/HOLIDAY,15,TRAIN,DT5,8533,7116
2024-08,WEEKDAY,9,TRAIN,NE17/PTC,57850,23868
2024-08,WEEKENDS/HOLIDAY,9,TRAIN,NE17/PTC,21763,12479
2024-08,WEEKDAY,15,TRAIN,TE16,5945,6402
2024-08,WEEKENDS/HOLIDAY,15,TRAIN,TE16,3882,4006
2024-08,WEEKDAY,13,TRAIN,PE7,5144,4706
2024-08,WEEKENDS/HOLIDAY,13,TRAIN,PE7,2307,1993
2024-08,WEEKENDS/HOLIDAY,20,TRAIN,NE7/DT12,24224,15064
2024-08,WEEKDAY,20,TRAIN,NE7/DT12,35893,28112
2024-08,WEEKDAY,19,TRAIN,CE1/DT16,52335,52514
2024-08,WEEKENDS/HOLIDAY,19,TRAIN,CE1/DT16,34052,41942
2024-08,WEEKENDS/HOLIDAY,7,TRAIN,DT17,542,1625
2024-08,WEEKDAY,7,TRAIN,DT17,2752,35430
2024-08,WEEKDAY,19,TRAIN,CC3,16924,9024
2024-08,WEEKENDS/HOLIDAY,19,TRAIN,CC3,8871,5942
2024-08,WEEKDAY,6,TRAIN,BP11,13311,1221
2024-08,WEEKENDS/HOLIDAY,6,TRAIN,BP11,1247,116
2024-08,WEEKENDS/HOLIDAY,11,TRAIN,NS4/BP1,18673,14670
2024-08,WEEKDAY,11,TRAIN,NS4/BP1,30888,25898
2024-08,WEEKENDS/HOLIDAY,5,TRAIN,PW7,179,72
2024-08,WEEKDAY,5,TRAIN,PW7,844,318
2024-08,WEEKDAY,14,TRAIN,NE16/STC,42264,46625
2024-08,WEEKENDS/HOLIDAY,14,TRAIN,NE16/STC,23342,22305
2024-08,WEEKDAY,22,TRAIN,NE12/CC13,28498,55391
2024-08,WEEKENDS/HOLIDAY,22,TRAIN,NE12/CC13,13555,24457
2024-08,WEEKENDS/HOLIDAY,0,TRAIN,SE4,24,248
2024-08,WEEKDAY,0,TRAIN,SE4,40,470
2024-08,WEEKDAY,20,TRAIN,TE14/NS22,104568,37054
2024-08,WEEKENDS/HOLIDAY,20,TRAIN,TE14/NS22,48972,19890
2024-08,WEEKENDS/HOLIDAY,15,TRAIN,CC5,3090,2809
2024-08,WEEKDAY,15,TRAIN,CC5,4257,3779
2024-08,WEEKENDS/HOLIDAY,0,TRAIN,EW15,66,111
2024-08,WEEKDAY,0,TRAIN,EW15,217,221
2024-08,WEEKDAY,21,TRAIN,BP3,1674,6287
2024-08,WEEKENDS/HOLIDAY,21,TRAIN,BP3,709,2419
2024-08,WEEKENDS/HOLIDAY,16,TRAIN,EW5,17250,18418
2024-08,WEEKDAY,16,TRAIN,EW5,29796,37533
2024-08,WEEKENDS/HOLIDAY,16,TRAIN,SW7,1183,1122
2024-08,WEEKDAY,16,TRAIN,SW7,2189,3178
2024-08,WEEKDAY,10,TRAIN,DT22,7891,8790
2024-08,WEEKENDS/HOLIDAY,10,TRAIN,DT22,3620,6566
2024-08,WEEKENDS/HOLIDAY,14,TRAIN,SW3,978,1127
2024-08,WEEKDAY,14,TRAIN,SW3,2304,2202
2024-08,WEEKENDS/HOLIDAY,19,TRAIN,NS14,10761,17592
2024-08,WEEKDAY,19,TRAIN,NS14,30406,81658
2024-08,WEEKDAY,14,TRAIN,NS21/DT11,51943,59291
2024-08,WEEKENDS/HOLIDAY,14,TRAIN,NS21/DT11,28863,29907
2024-08,WEEKENDS/HOLIDAY,8,TRAIN,NS11,22257,9976
2024-08,WEEKDAY,8,TRAIN,NS11,115505,39056
2024-08,WEEKDAY,20,TRAIN,PE4,1040,2614
2024-08,WEEKENDS/HOLIDAY,20,TRAIN,PE4,585,1077
2024-08,WEEKDAY,23,TRAIN,EW18,2567,6976
2024-08,WEEKENDS/HOLIDAY,23,TRAIN,EW18,1299,3335
2024-08,WEEKENDS/HOLIDAY,18,TRAIN,CC25,3488,3152
2024-08,WEEKDAY,18,TRAIN,CC25,26523,12929
2024-08,WEEKDAY,16,TRAIN,DT27,9167,7713
2024-08,WEEKENDS/HOLIDAY,16,TRAIN,DT27,4231,3699
2024-08,WEEKDAY,23,TRAIN,PW3,102,895
2024-08,WEEKENDS/HOLIDAY,23,TRAIN,PW3,74,541
2024-08,WEEKDAY,18,TRAIN,NE12/CC13,94660,198240
2024-08,WEEKENDS/HOLIDAY,18,TRAIN,NE12/CC13,32486,39743
2024-08,WEEKDAY,7,TRAIN,EW22,15122,27247
2024-08,WEEKENDS/HOLIDAY,7,TRAIN,EW22,1500,2062
2024-08,WEEKENDS/HOLIDAY,10,TRAIN,EW29,3035,2821
2024-08,WEEKDAY,10,TRAIN,EW29,3864,5938
2024-08,WEEKENDS/HOLIDAY,6,TRAIN,PW7,474,700
2024-08,WEEKDAY,6,TRAIN,PW7,4759,2748
2024-08,WEEKDAY,12,TRAIN,EW11,18593,16471
2024-08,WEEKENDS/HOLIDAY,12,TRAIN,EW11,10057,10368
2024-08,WEEKENDS/HOLIDAY,6,TRAIN,PW5,2832,365
2024-08,WEEKDAY,6,TRAIN,PW5,7522,1990
2024-08,WEEKDAY,0,TRAIN,CC2,26,77
2024-08,WEEKENDS/HOLIDAY,0,TRAIN,CC2,12,20
2024-08,WEEKENDS/HOLIDAY,20,TRAIN,CC25,1763,2621
2024-08,WEEKDAY,20,TRAIN,CC25,5457,6770
2024-08,WEEKENDS/HOLIDAY,7,TRAIN,EW9,12672,5585
2024-08,WEEKDAY,7,TRAIN,EW9,55024,32885
2024-08,WEEKENDS/HOLIDAY,19,TRAIN,DT6,1973,2637
2024-08,WEEKDAY,19,TRAIN,DT6,9348,10958
2024-08,WEEKDAY,5,TRAIN,NS5,16422,2749
2024-08,WEEKENDS/HOLIDAY,5,TRAIN,NS5,3513,384
2024-08,WEEKDAY,8,TRAIN,CC4/DT15,5350,78391
2024-08,WEEKENDS/HOLIDAY,8,TRAIN,CC4/DT15,909,6123
2024-08,WEEKENDS/HOLIDAY,17,TRAIN,EW29,14200,6621
2024-08,WEEKDAY,17,TRAIN,EW29,95202,10755
2024-08,WEEKENDS/HOLIDAY,15,TRAIN,PW1,1493,1735
2024-08,WEEKDAY,15,TRAIN,PW1,2112,3010
2024-08,WEEKDAY,18,TRAIN,NS25/EW13,133705,107614
2024-08,WEEKENDS/HOLIDAY,18,TRAIN,NS25/EW13,53553,37698
2024-08,WEEKDAY,19,TRAIN,NS27/CE2/TE20,20438,5086
2024-08,WEEKENDS/HOLIDAY,19,TRAIN,NS27/CE2/TE20,2769,6155
2024-08,WEEKDAY,5,TRAIN,CC10/DT26,3618,516
2024-08,WEEKENDS/HOLIDAY,5,TRAIN,CC10/DT26,704,68
2024-08,WEEKENDS/HOLIDAY,11,TRAIN,PW7,1808,1304
2024-08,WEEKDAY,11,TRAIN,PW7,2360,1997
2024-08,WEEKDAY,6,TRAIN,NE8,17570,9667
2024-08,WEEKENDS/HOLIDAY,6,TRAIN,NE8,4153,2813
2024-08,WEEKENDS/HOLIDAY,23,TRAIN,EW28,1111,8702
2024-08,WEEKDAY,23,TRAIN,EW28,3163,14528
2024-08,WEEKDAY,23,TRAIN,TE19,2439,475
2024-08,WEEKENDS/HOLIDAY,23,TRAIN,TE19,725,246
2024-08,WEEKENDS/HOLIDAY,5,TRAIN,SW7,260,5
2024-08,WEEKDAY,5,TRAIN,SW7,1305,62
2024-08,WEEKENDS/HOLIDAY,12,TRAIN,PW6,1015,671
2024-08,WEEKDAY,12,TRAIN,PW6,1925,1046
2024-08,WEEKDAY,5,TRAIN,EW23,5648,4755
2024-08,WEEKENDS/HOLIDAY,5,TRAIN,EW23,1119,509
2024-08,WEEKDAY,21,TRAIN,NE14,14231,46266
2024-08,WEEKENDS/HOLIDAY,21,TRAIN,NE14,6133,19324
2024-08,WEEKENDS/HOLIDAY,6,TRAIN,EW33,2461,1342
2024-08,WEEKDAY,6,TRAIN,EW33,13469,7288
2024-08,WEEKDAY,22,TRAIN,BP11,477,3103
2024-08,WEEKENDS/HOLIDAY,22,TRAIN,BP11,197,1324
2024-08,WEEKENDS/HOLIDAY,15,TRAIN,PE5,2658,2599
2024-08,WEEKDAY,15,TRAIN,PE5,4952,6742
2024-08,WEEKENDS/HOLIDAY,22,TRAIN,NE4/DT19,20110,10241
2024-08,WEEKDAY,22,TRAIN,NE4/DT19,44509,19713
2024-08,WEEKENDS/HOLIDAY,9,TRAIN,NE8,8906,14407
2024-08,WEEKDAY,9,TRAIN,NE8,24993,30402
2024-08,WEEKENDS/HOLIDAY,22,TRAIN,BP5,345,575
2024-08,WEEKDAY,22,TRAIN,BP5,717,1252
2024-08,WEEKDAY,5,TRAIN,BP3,3085,196
2024-08,WEEKENDS/HOLIDAY,5,TRAIN,BP3,798,57
2024-08,WEEKENDS/HOLIDAY,13,TRAIN,NS12,8453,6448
2024-08,WEEKDAY,13,TRAIN,NS12,11133,11745
2024-08,WEEKDAY,18,TRAIN,TE5,10533,15208
2024-08,WEEKENDS/HOLIDAY,18,TRAIN,TE5,2639,3028
2024-08,WEEKENDS/HOLIDAY,6,TRAIN,TE6,3207,641
2024-08,WEEKDAY,6,TRAIN,TE6,18002,5899
2024-08,WEEKDAY,6,TRAIN,PE2,10897,2990
2024-08,WEEKENDS/HOLIDAY,6,TRAIN,PE2,1199,206
2024-08,WEEKENDS/HOLIDAY,9,TRAIN,EW19,8322,4784
2024-08,WEEKDAY,9,TRAIN,EW19,33813,13196
2024-08,WEEKDAY,17,TRAIN,DT18,54928,11259
2024-08,WEEKENDS/HOLIDAY,17,TRAIN,DT18,3267,3899
2024-08,WEEKDAY,23,TRAIN,BP12,98,730
2024-08,WEEKENDS/HOLIDAY,23,TRAIN,BP12,61,309
2024-08,WEEKDAY,21,TRAIN,CC23,11086,2240
2024-08,WEEKENDS/HOLIDAY,21,TRAIN,CC23,1722,1214
2024-08,WEEKDAY,7,TRAIN,NE5,3292,16239
2024-08,WEEKENDS/HOLIDAY,7,TRAIN,NE5,958,2150
2024-08,WEEKENDS/HOLIDAY,6,TRAIN,TE14/NS22,1528,7277
2024-08,WEEKDAY,6,TRAIN,TE14/NS22,5065,24497
2024-08,WEEKENDS/HOLIDAY,17,TRAIN,EW31,4946,1160
2024-08,WEEKDAY,17,TRAIN,EW31,31286,1405
2024-08,WEEKENDS/HOLIDAY,16,TRAIN,EW21/CC22,13764,10677
2024-08,WEEKDAY,16,TRAIN,EW21/CC22,40421,20334
2024-08,WEEKDAY,18,TRAIN,PE7,5766,11014
2024-08,WEEKENDS/HOLIDAY,18,TRAIN,PE7,1909,2354
2024-08,WEEKENDS/HOLIDAY,0,TRAIN,DT28,21,552
2024-08,WEEKDAY,0,TRAIN,DT28,61,1041
2024-08,WEEKDAY,7,TRAIN,BP8,6354,5673
2024-08,WEEKENDS/HOLIDAY,7,TRAIN,BP8,518,565
2024-08,WEEKENDS/HOLIDAY,10,TRAIN,CC16,3044,3116
2024-08,WEEKDAY,10,TRAIN,CC16,8413,5141
2024-08,WEEKENDS/HOLIDAY,9,TRAIN,BP2,1866,762
2024-08,WEEKDAY,9,TRAIN,BP2,4841,1221
2024-08,WEEKDAY,13,TRAIN,PW4,4466,5333
2024-08,WEEKENDS/HOLIDAY,13,TRAIN,PW4,3431,3283
2024-08,WEEKENDS/HOLIDAY,0,TRAIN,CC4/DT15,201,113
2024-08,WEEKDAY,0,TRAIN,CC4/DT15,250,142
2024-08,WEEKDAY,10,TRAIN,NS24/NE6/CC1,14051,33268
2024-08,WEEKENDS/HOLIDAY,10,TRAIN,NS24/NE6/CC1,8180,18621
2024-08,WEEKDAY,7,TRAIN,EW30,3334,31634
2024-08,WEEKENDS/HOLIDAY,7,TRAIN,EW30,1346,4326
2024-08,WEEKENDS/HOLIDAY,15,TRAIN,SE2,2465,2584
2024-08,WEEKDAY,15,TRAIN,SE2,3396,6130
2024-08,WEEKENDS/HOLIDAY,6,TRAIN,BP12,1012,114
2024-08,WEEKDAY,6,TRAIN,BP12,9574,2365
2024-08,WEEKDAY,14,TRAIN,NS19,34368,38455
2024-08,WEEKENDS/HOLIDAY,14,TRAIN,NS19,18704,18218
2024-08,WEEKENDS/HOLIDAY,19,TRAIN,SE5,857,1532
2024-08,WEEKDAY,19,TRAIN,SE5,2524,5794
2024-08,WEEKDAY,18,TRAIN,EW32,19887,4626
2024-08,WEEKENDS/HOLIDAY,18,TRAIN,EW32,3529,2983
2024-08,WEEKENDS/HOLIDAY,6,TRAIN,CC20,683,575
2024-08,WEEKDAY,6,TRAIN,CC20,5409,5402
2024-08,WEEKDAY,22,TRAIN,DT18,14895,3365
2024-08,WEEKENDS/HOLIDAY,22,TRAIN,DT18,4409,1913
2024-08,WEEKDAY,0,TRAIN,DT2,0,354
2024-08,WEEKENDS/HOLIDAY,0,TRAIN,DT2,1,148
2024-08,WEEKDAY,11,TRAIN,TE8,7713,8773
2024-08,WEEKENDS/HOLIDAY,11,TRAIN,TE8,6064,6082
2024-08,WEEKDAY,13,TRAIN,BP11,2960,2824
2024-08,WEEKENDS/HOLIDAY,13,TRAIN,BP11,1774,1292
2024-08,WEEKDAY,16,TRAIN,TE6,8740,11904
2024-08,WEEKENDS/HOLIDAY,16,TRAIN,TE6,4687,4905
2024-08,WEEKDAY,15,TRAIN,TE19,9190,4481
2024-08,WEEKENDS/HOLIDAY,15,TRAIN,TE19,2391,1727
2024-08,WEEKDAY,10,TRAIN,NS20,28395,47903
2024-08,WEEKENDS/HOLIDAY,10,TRAIN,NS20,11221,18628
2024-08,WEEKENDS/HOLIDAY,13,TRAIN,NS8,9462,6876
2024-08,WEEKDAY,13,TRAIN,NS8,17338,12580
2024-08,WEEKENDS/HOLIDAY,6,TRAIN,PW1,15,197
2024-08,WEEKDAY,6,TRAIN,PW1,47,659
2024-08,WEEKENDS/HOLIDAY,12,TRAIN,EW9,13165,10398
2024-08,WEEKDAY,12,TRAIN,EW9,18799,14510
2024-08,WEEKENDS/HOLIDAY,19,TRAIN,NS7,16215,13627
2024-08,WEEKDAY,19,TRAIN,NS7,25122,41743
2024-08,WEEKENDS/HOLIDAY,9,TRAIN,DT17,1056,2945
2024-08,WEEKDAY,9,TRAIN,DT17,3828,120890
2024-08,WEEKDAY,22,TRAIN,EW31,1616,1266
2024-08,WEEKENDS/HOLIDAY,22,TRAIN,EW31,404,1378
2024-08,WEEKENDS/HOLIDAY,19,TRAIN,NS25/EW13,48950,25764
2024-08,WEEKDAY,19,TRAIN,NS25/EW13,91631,59204
2024-08,WEEKDAY,13,TRAIN,EW31,1759,902
2024-08,WEEKENDS/HOLIDAY,13,TRAIN,EW31,1577,420
2024-08,WEEKENDS/HOLIDAY,15,TRAIN,NS17/CC15,21967,21879
2024-08,WEEKDAY,15,TRAIN,NS17/CC15,42247,43824
2024-08,WEEKDAY,7,TRAIN,TE1,12488,18983
2024-08,WEEKENDS/HOLIDAY,7,TRAIN,TE1,3132,2108
2024-08,WEEKDAY,19,TRAIN,NS11,34349,111506
2024-08,WEEKENDS/HOLIDAY,19,TRAIN,NS11,14082,24962
2024-08,WEEKDAY,12,TRAIN,SW5,8959,7618
2024-08,WEEKENDS/HOLIDAY,12,TRAIN,SW5,5279,4260
2024-08,WEEKENDS/HOLIDAY,21,TRAIN,TE5,858,3170
2024-08,WEEKDAY,21,TRAIN,TE5,2491,7372
2024-08,WEEKENDS/HOLIDAY,11,TRAIN,EW32,2553,726
2024-08,WEEKDAY,11,TRAIN,EW32,1620,1380
2024-08,WEEKDAY,16,TRAIN,PE4,1508,2155
2024-08,WEEKENDS/HOLIDAY,16,TRAIN,PE4,902,954
2024-08,WEEKENDS/HOLIDAY,17,TRAIN,BP13,570,429
2024-08,WEEKDAY,17,TRAIN,BP13,1402,1874
2024-08,WEEKDAY,13,TRAIN,EW18,16304,16859
2024-08,WEEKENDS/HOLIDAY,13,TRAIN,EW18,9196,8364
2024-08,WEEKDAY,10,TRAIN,EW1,30477,13053
2024-08,WEEKENDS/HOLIDAY,10,TRAIN,EW1,17949,7769
2024-08,WEEKENDS/HOLIDAY,13,TRAIN,DT13,6879,8034
2024-08,WEEKDAY,13,TRAIN,DT13,16406,13005
2024-08,WEEKENDS/HOLIDAY,14,TRAIN,NS4/BP1,17438,18519
2024-08,WEEKDAY,14,TRAIN,NS4/BP1,31903,35293
2024-08,WEEKENDS/HOLIDAY,20,TRAIN,BP10,580,1870
2024-08,WEEKDAY,20,TRAIN,BP10,1307,5604
2024-08,WEEKENDS/HOLIDAY,15,TRAIN,EW21/CC22,11119,9575
2024-08,WEEKDAY,15,TRAIN,EW21/CC22,29899,17439
2024-08,WEEKENDS/HOLIDAY,17,TRAIN,NS7,18709,12341
2024-08,WEEKDAY,17,TRAIN,NS7,38767,39467
2024-08,WEEKDAY,0,TRAIN,CC12,20,422
2024-08,WEEKENDS/HOLIDAY,0,TRAIN,CC12,16,288
2024-08,WEEKDAY,19,TRAIN,DT20,10916,12113
2024-08,WEEKENDS/HOLIDAY,19,TRAIN,DT20,3822,3545
2024-08,WEEKENDS/HOLIDAY,20,TRAIN,DT18,3718,3453
2024-08,WEEKDAY,20,TRAIN,DT18,24330,7233
2024-08,WEEKENDS/HOLIDAY,7,TRAIN,PW3,1075,1128
2024-08,WEEKDAY,7,TRAIN,PW3,7670,5445
2024-08,WEEKDAY,0,TRAIN,NE7/DT12,237,630
2024-08,WEEKENDS/HOLIDAY,0,TRAIN,NE7/DT12,131,391
2024-08,WEEKENDS/HOLIDAY,23,TRAIN,NE15,897,5673
2024-08,WEEKDAY,23,TRAIN,NE15,1742,13701
2024-08,WEEKDAY,19,TRAIN,TE12,6178,4079
2024-08,WEEKENDS/HOLIDAY,19,TRAIN,TE12,1856,1142
2024-08,WEEKENDS/HOLIDAY,5,TRAIN,DT22,189,0
2024-08,WEEKDAY,5,TRAIN,DT22,1443,3
2024-08,WEEKENDS/HOLIDAY,7,TRAIN,SW3,1018,255
2024-08,WEEKDAY,7,TRAIN,SW3,9607,4802
2024-08,WEEKDAY,23,TRAIN,BP8,245,536
2024-08,WEEKENDS/HOLIDAY,23,TRAIN,BP8,129,196
2024-08,WEEKDAY,11,TRAIN,CC14,8727,3751
2024-08,WEEKENDS/HOLIDAY,11,TRAIN,CC14,3463,1806
2024-08,WEEKDAY,19,TRAIN,EW6,10224,31100
2024-08,WEEKENDS/HOLIDAY,19,TRAIN,EW6,4376,6992
2024-08,WEEKDAY,10,TRAIN,EW17,23075,20596
2024-08,WEEKENDS/HOLIDAY,10,TRAIN,EW17,12371,10951
2024-08,WEEKDAY,23,TRAIN,NS5,3133,15834
2024-08,WEEKENDS/HOLIDAY,23,TRAIN,NS5,1630,8304
2024-08,WEEKDAY,10,TRAIN,EW32,1388,1788
2024-08,WEEKENDS/HOLIDAY,10,TRAIN,EW32,2439,566
2024-08,WEEKENDS/HOLIDAY,16,TRAIN,CC16,3306,3005
2024-08,WEEKDAY,16,TRAIN,CC16,11479,7406
2024-08,WEEKENDS/HOLIDAY,17,TRAIN,NE11,7996,7839
2024-08,WEEKDAY,17,TRAIN,NE11,24353,22890
2024-08,WEEKENDS/HOLIDAY,15,TRAIN,NS4/BP1,16979,19197
2024-08,WEEKDAY,15,TRAIN,NS4/BP1,31996,38353
2024-08,WEEKDAY,11,TRAIN,EW14/NS26,57013,53004
2024-08,WEEKENDS/HOLIDAY,11,TRAIN,EW14/NS26,9451,14830
2024-08,WEEKENDS/HOLIDAY,0,TRAIN,CC14,30,211
2024-08,WEEKDAY,0,TRAIN,CC14,28,486
2024-08,WEEKDAY,19,TRAIN,DT29,6129,19740
2024-08,WEEKENDS/HOLIDAY,19,TRAIN,DT29,2234,3845
2024-08,WEEKENDS/HOLIDAY,10,TRAIN,BP3,2697,868
2024-08,WEEKDAY,10,TRAIN,BP3,4263,1499
2024-08,WEEKDAY,17,TRAIN,NS8,30486,34097
2024-08,WEEKENDS/HOLIDAY,17,TRAIN,NS8,9543,9210
2024-08,WEEKDAY,19,TRAIN,NS4/BP1,38549,93807
2024-08,WEEKENDS/HOLIDAY,19,TRAIN,NS4/BP1,14296,22420
2024-08,WEEKENDS/HOLIDAY,17,TRAIN,CC27,1709,951
2024-08,WEEKDAY,17,TRAIN,CC27,32899,2564
2024-08,WEEKDAY,17,TRAIN,EW16/NE3/TE17,123233,27948
2024-08,WEEKENDS/HOLIDAY,17,TRAIN,EW16/NE3/TE17,14024,11267
2024-08,WEEKENDS/HOLIDAY,21,TRAIN,CC19/DT9,1880,1998
2024-08,WEEKDAY,21,TRAIN,CC19/DT9,6606,3912
2024-08,WEEKDAY,9,TRAIN,TE16,11979,10101
2024-08,WEEKENDS/HOLIDAY,9,TRAIN,TE16,4704,2564
2024-08,WEEKENDS/HOLIDAY,6,TRAIN,NS11,13319,4207
2024-08,WEEKDAY,6,TRAIN,NS11,90905,24659
2024-08,WEEKENDS/HOLIDAY,11,TRAIN,NS17/CC15,23044,17755
2024-08,WEEKDAY,11,TRAIN,NS17/CC15,41804,31511
2024-08,WEEKDAY,14,TRAIN,EW25,5387,6575
2024-08,WEEKENDS/HOLIDAY,14,TRAIN,EW25,4647,4518
2024-08,WEEKDAY,12,TRAIN,DT25,3825,3270
2024-08,WEEKENDS/HOLIDAY,12,TRAIN,DT25,2385,1274
2024-08,WEEKENDS/HOLIDAY,14,TRAIN,CC11,6996,5458
2024-08,WEEKDAY,14,TRAIN,CC11,12632,12578
2024-08,WEEKDAY,9,TRAIN,DT25,6780,6918
2024-08,WEEKENDS/HOLIDAY,9,TRAIN,DT25,1958,1398
2024-08,WEEKDAY,12,TRAIN,NE9,25313,17696
2024-08,WEEKENDS/HOLIDAY,12,TRAIN,NE9,13478,9276
2024-08,WEEKDAY,8,TRAIN,EW21/CC22,31071,117372
2024-08,WEEKENDS/HOLIDAY,8,TRAIN,EW21/CC22,4978,9894
2024-08,WEEKDAY,20,TRAIN,NS13,39951,85285
2024-08,WEEKENDS/HOLIDAY,20,TRAIN,NS13,18435,28923
2024-08,WEEKENDS/HOLIDAY,8,TRAIN,TE6,6607,2533
2024-08,WEEKDAY,8,TRAIN,TE6,40691,7129
2024-08,WEEKENDS/HOLIDAY,5,TRAIN,CC27,127,2
2024-08,WEEKDAY,5,TRAIN,CC27,443,142
2024-08,WEEKENDS/HOLIDAY,8,TRAIN,EW14/NS26,2296,9881
2024-08,WEEKDAY,8,TRAIN,EW14/NS26,10896,343937
2024-08,WEEKENDS/HOLIDAY,19,TRAIN,NS3,6914,11225
2024-08,WEEKDAY,19,TRAIN,NS3,17630,50562
2024-08,WEEKENDS/HOLIDAY,13,TRAIN,PE3,3727,3230
2024-08,WEEKDAY,13,TRAIN,PE3,7013,7561
2024-08,WEEKDAY,19,TRAIN,BP10,2195,9203
2024-08,WEEKENDS/HOLIDAY,19,TRAIN,BP10,858,1693
2024-08,WEEKENDS/HOLIDAY,10,TRAIN,PW7,1791,959
2024-08,WEEKDAY,10,TRAIN,PW7,2511,1810
2024-08,WEEKENDS/HOLIDAY,8,TRAIN,EW2/DT32,20388,13658
2024-08,WEEKDAY,8,TRAIN,EW2/DT32,152184,58917
2024-08,WEEKDAY,11,TRAIN,DT21,7310,9469
2024-08,WEEKENDS/HOLIDAY,11,TRAIN,DT21,3893,4127
2024-08,WEEKDAY,15,TRAIN,NE5,12326,12751
2024-08,WEEKENDS/HOLIDAY,15,TRAIN,NE5,7304,7535
2024-08,WEEKENDS/HOLIDAY,21,TRAIN,NS16,11790,25681
2024-08,WEEKDAY,21,TRAIN,NS16,31997,61255
2024-08,WEEKENDS/HOLIDAY,20,TRAIN,NS16,12591,23899
2024-08,WEEKDAY,20,TRAIN,NS16,34711,66392
2024-08,WEEKENDS/HOLIDAY,14,TRAIN,PW1,1499,1814
2024-08,WEEKDAY,14,TRAIN,PW1,1841,2957
2024-08,WEEKDAY,22,TRAIN,NS23,44490,10162
2024-08,WEEKENDS/HOLIDAY,22,TRAIN,NS23,19622,4896
2024-08,WEEKDAY,16,TRAIN,CC27,9518,1799
2024-08,WEEKENDS/HOLIDAY,16,TRAIN,CC27,1853,801
2024-08,WEEKENDS/HOLIDAY,21,TRAIN,CC12,1025,3358
2024-08,WEEKDAY,21,TRAIN,CC12,2395,7761
2024-08,WEEKDAY,0,TRAIN,PE3,42,724
2024-08,WEEKENDS/HOLIDAY,0,TRAIN,PE3,37,420
2024-08,WEEKENDS/HOLIDAY,6,TRAIN,NS27/CE2/TE20,491,365
2024-08,WEEKDAY,6,TRAIN,NS27/CE2/TE20,850,4179
2024-08,WEEKDAY,20,TRAIN,CC23,21202,2699
2024-08,WEEKENDS/HOLIDAY,20,TRAIN,CC23,2016,1142
2024-08,WEEKENDS/HOLIDAY,22,TRAIN,DT10/TE11,1618,3128
2024-08,WEEKDAY,22,TRAIN,DT10/TE11,3780,6405
2024-08,WEEKDAY,13,TRAIN,NS2,22681,21120
2024-08,WEEKENDS/HOLIDAY,13,TRAIN,NS2,13968,12674
2024-08,WEEKDAY,13,TRAIN,PW5,5779,2589
2024-08,WEEKENDS/HOLIDAY,13,TRAIN,PW5,1635,1516
2024-08,WEEKDAY,7,TRAIN,CC16,17451,33699
2024-08,WEEKENDS/HOLIDAY,7,TRAIN,CC16,1960,2483
2024-08,WEEKENDS/HOLIDAY,16,TRAIN,NE13,12325,11728
2024-08,WEEKDAY,16,TRAIN,NE13,25182,26646
2024-08,WEEKDAY,15,TRAIN,NE15,13899,21992
2024-08,WEEKENDS/HOLIDAY,15,TRAIN,NE15,10805,10678
2024-08,WEEKDAY,11,TRAIN,NE1/CC29,21735,75177
2024-08,WEEKENDS/HOLIDAY,11,TRAIN,NE1/CC29,12581,42072
2024-08,WEEKDAY,13,TRAIN,NE8,31454,28292
2024-08,WEEKENDS/HOLIDAY,13,TRAIN,NE8,18480,22115
2024-08,WEEKDAY,21,TRAIN,EW26,12643,47222
2024-08,WEEKENDS/HOLIDAY,21,TRAIN,EW26,6215,19947
2024-08,WEEKDAY,20,TRAIN,TE1,6301,4246
2024-08,WEEKENDS/HOLIDAY,20,TRAIN,TE1,1509,2590
2024-08,WEEKENDS/HOLIDAY,23,TRAIN,CC25,519,1112
2024-08,WEEKDAY,23,TRAIN,CC25,1386,2062
2024-08,WEEKDAY,13,TRAIN,NE9,23919,21124
2024-08,WEEKENDS/HOLIDAY,13,TRAIN,NE9,12899,9798
2024-08,WEEKDAY,0,TRAIN,TE1,5,430
2024-08,WEEKENDS/HOLIDAY,0,TRAIN,TE1,0,310
2024-08,WEEKENDS/HOLIDAY,8,TRAIN,NS10,22712,11666
2024-08,WEEKDAY,8,TRAIN,NS10,119214,47151
2024-08,WEEKENDS/HOLIDAY,5,TRAIN,DT21,25,0
2024-08,WEEKDAY,5,TRAIN,DT21,65,1
2024-08,WEEKDAY,7,TRAIN,NE12/CC13,125001,63590
2024-08,WEEKENDS/HOLIDAY,7,TRAIN,NE12/CC13,15913,7891
2024-08,WEEKENDS/HOLIDAY,17,TRAIN,SW3,1125,1199
2024-08,WEEKDAY,17,TRAIN,SW3,2807,3997
2024-08,WEEKENDS/HOLIDAY,0,TRAIN,EW30,2,161
2024-08,WEEKDAY,0,TRAIN,EW30,5,170
2024-08,WEEKENDS/HOLIDAY,21,TRAIN,DT18,4287,3034
2024-08,WEEKDAY,21,TRAIN,DT18,19833,5617
2024-08,WEEKENDS/HOLIDAY,14,TRAIN,DT34,1793,1961
2024-08,WEEKDAY,14,TRAIN,DT34,2969,4349
2024-08,WEEKENDS/HOLIDAY,17,TRAIN,EW5,17673,21554
2024-08,WEEKDAY,17,TRAIN,EW5,51502,59051
2024-08,WEEKDAY,7,TRAIN,TE5,16792,9249
2024-08,WEEKENDS/HOLIDAY,7,TRAIN,TE5,2016,1710
2024-08,WEEKENDS/HOLIDAY,15,TRAIN,BP5,996,1013
2024-08,WEEKDAY,15,TRAIN,BP5,2110,1988
2024-08,WEEKDAY,22,TRAIN,TE14/NS22,63937,15989
2024-08,WEEKENDS/HOLIDAY,22,TRAIN,TE14/NS22,30499,8426
2024-08,WEEKENDS/HOLIDAY,15,TRAIN,NS2,11988,13315
2024-08,WEEKDAY,15,TRAIN,NS2,20694,26027
2024-08,WEEKDAY,18,TRAIN,CC7,15706,18235
2024-08,WEEKENDS/HOLIDAY,18,TRAIN,CC7,4005,4449
2024-08,WEEKENDS/HOLIDAY,0,TRAIN,SW4,13,239
2024-08,WEEKDAY,0,TRAIN,SW4,21,470
2024-08,WEEKDAY,16,TRAIN,BP7,660,1439
2024-08,WEEKENDS/HOLIDAY,16,TRAIN,BP7,213,512
2024-08,WEEKDAY,20,TRAIN,DT22,12303,13834
2024-08,WEEKENDS/HOLIDAY,20,TRAIN,DT22,9635,6183
2024-08,WEEKENDS/HOLIDAY,8,TRAIN,DT24,2483,1451
2024-08,WEEKDAY,8,TRAIN,DT24,18576,12038
2024-08,WEEKDAY,10,TRAIN,PE4,1636,852
2024-08,WEEKENDS/HOLIDAY,10,TRAIN,PE4,954,553
2024-08,WEEKDAY,5,TRAIN,DT30,1870,146
2024-08,WEEKENDS/HOLIDAY,5,TRAIN,DT30,345,8
2024-08,WEEKENDS/HOLIDAY,10,TRAIN,TE19,1354,1825
2024-08,WEEKDAY,10,TRAIN,TE19,3115,17943
2024-08,WEEKDAY,15,TRAIN,BP3,2680,4047
2024-08,WEEKENDS/HOLIDAY,15,TRAIN,BP3,1778,1866
2024-08,WEEKDAY,20,TRAIN,NS23,57547,24022
2024-08,WEEKENDS/HOLIDAY,20,TRAIN,NS23,25556,11572
2024-08,WEEKENDS/HOLIDAY,0,TRAIN,NS23,213,125
2024-08,WEEKDAY,0,TRAIN,NS23,454,231
2024-08,WEEKENDS/HOLIDAY,22,TRAIN,NS18,1931,8658
2024-08,WEEKDAY,22,TRAIN,NS18,4375,19074
2024-08,WEEKENDS/HOLIDAY,7,TRAIN,NE13,6588,5699
2024-08,WEEKDAY,7,TRAIN,NE13,49019,27208
2024-08,WEEKDAY,18,TRAIN,EW26,59988,103412
2024-08,WEEKENDS/HOLIDAY,18,TRAIN,EW26,15793,20143
2024-08,WEEKENDS/HOLIDAY,9,TRAIN,SW1,1014,730
2024-08,WEEKDAY,9,TRAIN,SW1,2620,3818
2024-08,WEEKDAY,12,TRAIN,NS12,13344,8865
2024-08,WEEKENDS/HOLIDAY,12,TRAIN,NS12,9673,5601
2024-08,WEEKDAY,19,TRAIN,DT18,45648,12193
2024-08,WEEKENDS/HOLIDAY,19,TRAIN,DT18,3474,3870
2024-08,WEEKDAY,0,TRAIN,CC24,109,209
2024-08,WEEKENDS/HOLIDAY,0,TRAIN,CC24,31,103
2024-08,WEEKENDS/HOLIDAY,19,TRAIN,EW10,7529,9310
2024-08,WEEKDAY,19,TRAIN,EW10,12733,29488
2024-08,WEEKENDS/HOLIDAY,17,TRAIN,NS5,13536,16117
2024-08,WEEKDAY,17,TRAIN,NS5,42606,58267
2024-08,WEEKDAY,18,TRAIN,EW4,41103,36979
2024-08,WEEKENDS/HOLIDAY,18,TRAIN,EW4,8444,9117
2024-08,WEEKDAY,17,TRAIN,CC24,102507,19121
2024-08,WEEKENDS/HOLIDAY,17,TRAIN,CC24,7955,3718
2024-08,WEEKDAY,19,TRAIN,CC6,12393,15213
2024-08,WEEKENDS/HOLIDAY,19,TRAIN,CC6,9407,5683
2024-08,WEEKDAY,8,TRAIN,CC10/DT26,35415,61967
2024-08,WEEKENDS/HOLIDAY,8,TRAIN,CC10/DT26,6263,5831
2024-08,WEEKENDS/HOLIDAY,18,TRAIN,NS9/TE2,29185,36796
2024-08,WEEKDAY,18,TRAIN,NS9/TE2,95506,207640
2024-08,WEEKDAY,13,TRAIN,TE5,3329,4026
2024-08,WEEKENDS/HOLIDAY,13,TRAIN,TE5,2435,2044
2024-08,WEEKENDS/HOLIDAY,12,TRAIN,BP13,791,496
2024-08,WEEKDAY,12,TRAIN,BP13,1190,667
2024-08,WEEKENDS/HOLIDAY,5,TRAIN,SE3,326,2
2024-08,WEEKDAY,5,TRAIN,SE3,1839,10
2024-08,WEEKDAY,0,TRAIN,NE5,162,127
2024-08,WEEKENDS/HOLIDAY,0,TRAIN,NE5,72,44
2024-08,WEEKDAY,14,TRAIN,DT29,4542,5056
2024-08,WEEKENDS/HOLIDAY,14,TRAIN,DT29,3106,2491
2024-08,WEEKENDS/HOLIDAY,8,TRAIN,NE9,9901,7185
2024-08,WEEKDAY,8,TRAIN,NE9,50780,52484
2024-08,WEEKDAY,20,TRAIN,EW10,7973,20161
2024-08,WEEKENDS/HOLIDAY,20,TRAIN,EW10,5690,8434
2024-08,WEEKENDS/HOLIDAY,21,TRAIN,TE22,11892,992
2024-08,WEEKDAY,21,TRAIN,TE22,11677,1351
2024-08,WEEKENDS/HOLIDAY,20,TRAIN,NE17/PTC,19205,22923
2024-08,WEEKDAY,20,TRAIN,NE17/PTC,37097,61149
2024-08,WEEKENDS/HOLIDAY,10,TRAIN,NE9,13746,7998
2024-08,WEEKDAY,10,TRAIN,NE9,24683,16396
2024-08,WEEKDAY,20,TRAIN,DT29,3590,12805
2024-08,WEEKENDS/HOLIDAY,20,TRAIN,DT29,1531,4216
2024-08,WEEKDAY,22,TRAIN,CC8,3704,6985
2024-08,WEEKENDS/HOLIDAY,22,TRAIN,CC8,1812,3348
2024-08,WEEKDAY,17,TRAIN,DT28,29437,14080
2024-08,WEEKENDS/HOLIDAY,17,TRAIN,DT28,6342,5206
2024-08,WEEKDAY,0,TRAIN,EW24/NS1,1064,2599
2024-08,WEEKENDS/HOLIDAY,0,TRAIN,EW24/NS1,503,1969
2024-08,WEEKENDS/HOLIDAY,5,TRAIN,DT5,496,59
2024-08,WEEKDAY,5,TRAIN,DT5,2086,289
2024-08,WEEKDAY,14,TRAIN,NS3,14675,17470
2024-08,WEEKENDS/HOLIDAY,14,TRAIN,NS3,9875,9004
2024-08,WEEKDAY,11,TRAIN,NS5,26743,14910
2024-08,WEEKENDS/HOLIDAY,11,TRAIN,NS5,16729,8964
2024-08,WEEKENDS/HOLIDAY,16,TRAIN,NS16,20405,22933
2024-08,WEEKDAY,16,TRAIN,NS16,39590,50464
2024-08,WEEKDAY,5,TRAIN,SE5,1080,275
2024-08,WEEKENDS/HOLIDAY,5,TRAIN,SE5,220,65
2024-08,WEEKDAY,12,TRAIN,DT23,4161,3730
2024-08,WEEKENDS/HOLIDAY,12,TRAIN,DT23,1817,1763
2024-08,WEEKDAY,20,TRAIN,CC26,6001,4007
2024-08,WEEKENDS/HOLIDAY,20,TRAIN,CC26,1422,1648
2024-08,WEEKENDS/HOLIDAY,14,TRAIN,BP12,1182,772
2024-08,WEEKDAY,14,TRAIN,BP12,4153,1727
2024-08,WEEKENDS/HOLIDAY,8,TRAIN,BP10,1655,990
2024-08,WEEKDAY,8,TRAIN,BP10,8194,2733
2024-08,WEEKDAY,0,TRAIN,NE8,276,796
2024-08,WEEKENDS/HOLIDAY,0,TRAIN,NE8,157,347
2024-08,WEEKDAY,13,TRAIN,DT18,17310,17406
2024-08,WEEKENDS/HOLIDAY,13,TRAIN,DT18,3672,3607
2024-08,WEEKDAY,23,TRAIN,TE13,1097,1240
2024-08,WEEKENDS/HOLIDAY,23,TRAIN,TE13,517,624
2024-08,WEEKDAY,0,TRAIN,DT6,31,364
2024-08,WEEKENDS/HOLIDAY,0,TRAIN,DT6,15,161
2024-08,WEEKENDS/HOLIDAY,9,TRAIN,CC28,2172,1166
2024-08,WEEKDAY,9,TRAIN,CC28,7106,7109
2024-08,WEEKDAY,23,TRAIN,CC20,467,1635
2024-08,WEEKENDS/HOLIDAY,23,TRAIN,CC20,217,724
2024-08,WEEKENDS/HOLIDAY,15,TRAIN,EW9,12038,11469
2024-08,WEEKDAY,15,TRAIN,EW9,18777,16556
2024-08,WEEKENDS/HOLIDAY,8,TRAIN,EW33,2479,2497
2024-08,WEEKDAY,8,TRAIN,EW33,6796,12793
2024-08,WEEKDAY,5,TRAIN,NS16,18091,2725
2024-08,WEEKENDS/HOLIDAY,5,TRAIN,NS16,4305,412
2024-08,WEEKENDS/HOLIDAY,14,TRAIN,EW12/DT14,40354,45732
2024-08,WEEKDAY,14,TRAIN,EW12/DT14,60033,61093
2024-08,WEEKDAY,12,TRAIN,CC20,5390,4420
2024-08,WEEKENDS/HOLIDAY,12,TRAIN,CC20,3607,2376
2024-08,WEEKENDS/HOLIDAY,18,TRAIN,DT24,2257,2664
2024-08,WEEKDAY,18,TRAIN,DT24,12587,17241
2024-08,WEEKDAY,17,TRAIN,EW30,27304,1786
2024-08,WEEKENDS/HOLIDAY,17,TRAIN,EW30,3714,997
2024-08,WEEKDAY,18,TRAIN,TE8,22038,28612
2024-08,WEEKENDS/HOLIDAY,18,TRAIN,TE8,7203,6440
2024-08,WEEKDAY,23,TRAIN,DT27,1168,4371
2024-08,WEEKENDS/HOLIDAY,23,TRAIN,DT27,549,2147
2024-08,WEEKDAY,17,TRAIN,SE3,2701,5221
2024-08,WEEKENDS/HOLIDAY,17,TRAIN,SE3,1584,1624
2024-08,WEEKENDS/HOLIDAY,0,TRAIN,NS12,239,1303
2024-08,WEEKDAY,0,TRAIN,NS12,514,2637
2024-08,WEEKDAY,16,TRAIN,NE15,15163,25625
2024-08,WEEKENDS/HOLIDAY,16,TRAIN,NE15,10367,11428
2024-08,WEEKDAY,20,TRAIN,TE18,16100,7627
2024-08,WEEKENDS/HOLIDAY,20,TRAIN,TE18,6462,4161
2024-08,WEEKENDS/HOLIDAY,11,TRAIN,SW7,1768,821
2024-08,WEEKDAY,11,TRAIN,SW7,3068,1780
2024-08,WEEKENDS/HOLIDAY,21,TRAIN,NE7/DT12,21432,11053
2024-08,WEEKDAY,21,TRAIN,NE7/DT12,32017,19501
2024-08,WEEKENDS/HOLIDAY,11,TRAIN,CE1/DT16,9573,30342
2024-08,WEEKDAY,11,TRAIN,CE1/DT16,15941,38163
2024-08,WEEKENDS/HOLIDAY,5,TRAIN,BP11,827,63
2024-08,WEEKDAY,5,TRAIN,BP11,4316,299
2024-08,WEEKENDS/HOLIDAY,13,TRAIN,DT21,4438,4790
2024-08,WEEKDAY,13,TRAIN,DT21,8550,9007
2024-08,WEEKENDS/HOLIDAY,22,TRAIN,NS8,4321,7297
2024-08,WEEKDAY,22,TRAIN,NS8,7211,17221
2024-08,WEEKDAY,23,TRAIN,CC3,5109,665
2024-08,WEEKENDS/HOLIDAY,23,TRAIN,CC3,2838,314
2024-08,WEEKENDS/HOLIDAY,0,TRAIN,DT23,38,83
2024-08,WEEKDAY,0,TRAIN,DT23,100,168
2024-08,WEEKENDS/HOLIDAY,6,TRAIN,DT22,2294,1626
2024-08,WEEKDAY,6,TRAIN,DT22,9138,3544
2024-08,WEEKENDS/HOLIDAY,17,TRAIN,EW26,17931,19564
2024-08,WEEKDAY,17,TRAIN,EW26,55363,62825
2024-08,WEEKENDS/HOLIDAY,17,TRAIN,CC8,4944,4370
2024-08,WEEKDAY,17,TRAIN,CC8,14006,11788
2024-08,WEEKENDS/HOLIDAY,23,TRAIN,CC5,674,774
2024-08,WEEKDAY,23,TRAIN,CC5,1470,1573
2024-08,WEEKENDS/HOLIDAY,13,TRAIN,PE6,4558,4003
2024-08,WEEKDAY,13,TRAIN,PE6,7995,9349
2024-08,WEEKDAY,20,TRAIN,NS14,19318,51448
2024-08,WEEKENDS/HOLIDAY,20,TRAIN,NS14,8192,16719
2024-08,WEEKDAY,5,TRAIN,CC28,1287,12
2024-08,WEEKENDS/HOLIDAY,5,TRAIN,CC28,210,5
2024-08,WEEKDAY,11,TRAIN,TE3,10003,5945
2024-08,WEEKENDS/HOLIDAY,11,TRAIN,TE3,5163,2886
2024-08,WEEKDAY,11,TRAIN,EW33,2695,1797
2024-08,WEEKENDS/HOLIDAY,11,TRAIN,EW33,2152,996
2024-08,WEEKENDS/HOLIDAY,7,TRAIN,CC25,2195,2298
2024-08,WEEKDAY,7,TRAIN,CC25,11399,15479
2024-08,WEEKENDS/HOLIDAY,15,TRAIN,TE1,1701,1047
2024-08,WEEKDAY,15,TRAIN,TE1,17317,4951
2024-08,WEEKENDS/HOLIDAY,21,TRAIN,EW8/CC9,26037,14935
2024-08,WEEKDAY,21,TRAIN,EW8/CC9,60595,29622
2024-08,WEEKDAY,22,TRAIN,EW9,12242,26301
2024-08,WEEKENDS/HOLIDAY,22,TRAIN,EW9,6878,12047
2024-08,WEEKDAY,20,TRAIN,EW17,21249,34871
2024-08,WEEKENDS/HOLIDAY,20,TRAIN,EW17,8159,13014
2024-08,WEEKENDS/HOLIDAY,12,TRAIN,NS21/DT11,31414,29561
2024-08,WEEKDAY,12,TRAIN,NS21/DT11,63865,51915
2024-08,WEEKENDS/HOLIDAY,13,TRAIN,NS14,15160,12976
2024-08,WEEKDAY,13,TRAIN,NS14,26315,21963
2024-08,WEEKDAY,22,TRAIN,EW23,25140,35423
2024-08,WEEKENDS/HOLIDAY,22,TRAIN,EW23,9480,18088
2024-08,WEEKENDS/HOLIDAY,22,TRAIN,NE8,18057,10495
2024-08,WEEKDAY,22,TRAIN,NE8,26540,22995
2024-08,WEEKDAY,9,TRAIN,NS23,14208,55586
2024-08,WEEKENDS/HOLIDAY,9,TRAIN,NS23,4460,16493
2024-08,WEEKDAY,10,TRAIN,SE1,5487,1903
2024-08,WEEKENDS/HOLIDAY,10,TRAIN,SE1,2804,1163
2024-08,WEEKDAY,20,TRAIN,SE1,1689,7232
2024-08,WEEKENDS/HOLIDAY,20,TRAIN,SE1,788,2422
2024-08,WEEKDAY,7,TRAIN,PE7,13608,7226
2024-08,WEEKENDS/HOLIDAY,7,TRAIN,PE7,1444,1256
2024-08,WEEKDAY,17,TRAIN,NE10,31183,24650
2024-08,WEEKENDS/HOLIDAY,17,TRAIN,NE10,9036,8609
2024-08,WEEKDAY,21,TRAIN,DT2,1096,2510
2024-08,WEEKENDS/HOLIDAY,21,TRAIN,DT2,326,829
2024-08,WEEKENDS/HOLIDAY,7,TRAIN,NE1/CC29,5705,18357
2024-08,WEEKDAY,7,TRAIN,NE1/CC29,19903,69882
2024-08,WEEKDAY,19,TRAIN,DT30,5677,25296
2024-08,WEEKENDS/HOLIDAY,19,TRAIN,DT30,2712,4449
2024-08,WEEKENDS/HOLIDAY,16,TRAIN,BP12,1230,826
2024-08,WEEKDAY,16,TRAIN,BP12,2909,1994
2024-08,WEEKDAY,15,TRAIN,BP7,973,1204
2024-08,WEEKENDS/HOLIDAY,15,TRAIN,BP7,202,475
2024-08,WEEKDAY,12,TRAIN,EW3,17790,15546
2024-08,WEEKENDS/HOLIDAY,12,TRAIN,EW3,9958,7792
2024-08,WEEKENDS/HOLIDAY,11,TRAIN,SE4,2626,1503
2024-08,WEEKDAY,11,TRAIN,SE4,4577,2584
2024-08,WEEKDAY,13,TRAIN,CC2,5726,8859
2024-08,WEEKENDS/HOLIDAY,13,TRAIN,CC2,2733,3243
2024-08,WEEKDAY,13,TRAIN,CC5,5269,5541
2024-08,WEEKENDS/HOLIDAY,13,TRAIN,CC5,2889,3703
2024-08,WEEKENDS/HOLIDAY,20,TRAIN,TE19,2718,1661
2024-08,WEEKDAY,20,TRAIN,TE19,15769,3203
2024-08,WEEKENDS/HOLIDAY,20,TRAIN,EW1,8432,16047
2024-08,WEEKDAY,20,TRAIN,EW1,15299,48189
2024-08,WEEKDAY,5,TRAIN,CC14,1303,448
2024-08,WEEKENDS/HOLIDAY,5,TRAIN,CC14,358,37
2024-08,WEEKENDS/HOLIDAY,16,TRAIN,CE1/DT16,32506,33699
2024-08,WEEKDAY,16,TRAIN,CE1/DT16,39150,33100
2024-08,WEEKDAY,13,TRAIN,SW3,5251,2702
2024-08,WEEKENDS/HOLIDAY,13,TRAIN,SW3,1069,1011
2024-08,WEEKDAY,5,TRAIN,EW14/NS26,956,2384
2024-08,WEEKENDS/HOLIDAY,5,TRAIN,EW14/NS26,355,137
2024-08,WEEKDAY,15,TRAIN,EW10,7497,9735
2024-08,WEEKENDS/HOLIDAY,15,TRAIN,EW10,6644,7834
2024-08,WEEKDAY,5,TRAIN,BP8,1481,889
2024-08,WEEKENDS/HOLIDAY,5,TRAIN,BP8,313,118
2024-08,WEEKENDS/HOLIDAY,15,TRAIN,SE5,1141,1331
2024-08,WEEKDAY,15,TRAIN,SE5,4207,2988
2024-08,WEEKDAY,16,TRAIN,DT8,10679,5220
2024-08,WEEKENDS/HOLIDAY,16,TRAIN,DT8,1739,1942
2024-08,WEEKDAY,10,TRAIN,SW2,4870,4256
2024-08,WEEKENDS/HOLIDAY,10,TRAIN,SW2,4002,3399
2024-08,WEEKENDS/HOLIDAY,22,TRAIN,NE14,3660,18131
2024-08,WEEKDAY,22,TRAIN,NE14,7716,41508
2024-08,WEEKENDS/HOLIDAY,20,TRAIN,EW26,8676,18777
2024-08,WEEKDAY,20,TRAIN,EW26,18848,53813
2024-08,WEEKDAY,14,TRAIN,CC20,8913,5527
2024-08,WEEKENDS/HOLIDAY,14,TRAIN,CC20,2307,2535
2024-08,WEEKDAY,5,TRAIN,NS12,6185,756
2024-08,WEEKENDS/HOLIDAY,5,TRAIN,NS12,1203,174
2024-08,WEEKDAY,18,TRAIN,CC11,113203,26273
2024-08,WEEKENDS/HOLIDAY,18,TRAIN,CC11,8710,6759
2024-08,WEEKDAY,0,TRAIN,CE1/DT16,1563,765
2024-08,WEEKENDS/HOLIDAY,0,TRAIN,CE1/DT16,857,320
2024-08,WEEKDAY,14,TRAIN,BP3,3088,4069
2024-08,WEEKENDS/HOLIDAY,14,TRAIN,BP3,1901,1824
2024-08,WEEKDAY,16,TRAIN,PW4,4952,6840
2024-08,WEEKENDS/HOLIDAY,16,TRAIN,PW4,3371,3297
2024-08,WEEKENDS/HOLIDAY,5,TRAIN,NS25/EW13,195,113
2024-08,WEEKDAY,5,TRAIN,NS25/EW13,425,871
2024-08,WEEKENDS/HOLIDAY,7,TRAIN,NS5,14595,4721
2024-08,WEEKDAY,7,TRAIN,NS5,127153,45003
2024-08,WEEKENDS/HOLIDAY,17,TRAIN,EW14/NS26,15395,22598
2024-08,WEEKDAY,17,TRAIN,EW14/NS26,188901,36750
2024-08,WEEKDAY,16,TRAIN,SE2,3739,6846
2024-08,WEEKENDS/HOLIDAY,16,TRAIN,SE2,2601,2656
2024-08,WEEKENDS/HOLIDAY,15,TRAIN,CC11,7501,4860
2024-08,WEEKDAY,15,TRAIN,CC11,16566,9648
2024-08,WEEKDAY,0,TRAIN,DT31,53,998
2024-08,WEEKENDS/HOLIDAY,0,TRAIN,DT31,19,485
2024-08,WEEKENDS/HOLIDAY,10,TRAIN,PE5,4058,1241
2024-08,WEEKDAY,10,TRAIN,PE5,6666,2418
2024-08,WEEKENDS/HOLIDAY,21,TRAIN,CC17/TE9,1039,2500
2024-08,WEEKDAY,21,TRAIN,CC17/TE9,2714,6298
2024-08,WEEKDAY,5,TRAIN,EW9,5138,816
2024-08,WEEKENDS/HOLIDAY,5,TRAIN,EW9,1094,94
2024-08,WEEKDAY,6,TRAIN,DT34,4437,2497
2024-08,WEEKENDS/HOLIDAY,6,TRAIN,DT34,581,367
2024-08,WEEKDAY,5,TRAIN,TE12,222,207
2024-08,WEEKENDS/HOLIDAY,5,TRAIN,TE12,52,18
2024-08,WEEKENDS/HOLIDAY,17,TRAIN,DT30,4256,4220
2024-08,WEEKDAY,17,TRAIN,DT30,8256,17104
2024-08,WEEKDAY,12,TRAIN,DT17,34597,17440
2024-08,WEEKENDS/HOLIDAY,12,TRAIN,DT17,2502,3001
2024-08,WEEKDAY,15,TRAIN,BP13,887,697
2024-08,WEEKENDS/HOLIDAY,15,TRAIN,BP13,571,300
2024-08,WEEKENDS/HOLIDAY,21,TRAIN,NS3,3765,10489
2024-08,WEEKDAY,21,TRAIN,NS3,9820,26097
2024-08,WEEKENDS/HOLIDAY,15,TRAIN,CC2,3187,2940
2024-08,WEEKDAY,15,TRAIN,CC2,7971,6284
2024-08,WEEKENDS/HOLIDAY,19,TRAIN,CC26,3146,2002
2024-08,WEEKDAY,19,TRAIN,CC26,13994,6136
2024-08,WEEKENDS/HOLIDAY,20,TRAIN,EW20,3439,5597
2024-08,WEEKDAY,20,TRAIN,EW20,9559,14852
2024-08,WEEKENDS/HOLIDAY,21,TRAIN,SE1,542,2628
2024-08,WEEKDAY,21,TRAIN,SE1,1344,6441
2024-08,WEEKENDS/HOLIDAY,16,TRAIN,CG2,18240,13443
2024-08,WEEKDAY,16,TRAIN,CG2,32225,20282
2024-08,WEEKENDS/HOLIDAY,22,TRAIN,EW15,8404,3570
2024-08,WEEKDAY,22,TRAIN,EW15,33014,7651
2024-08,WEEKDAY,6,TRAIN,NS4/BP1,67395,42859
2024-08,WEEKENDS/HOLIDAY,6,TRAIN,NS4/BP1,11375,5641
2024-08,WEEKDAY,5,TRAIN,PW5,1756,96
2024-08,WEEKENDS/HOLIDAY,5,TRAIN,PW5,590,8
2024-08,WEEKENDS/HOLIDAY,17,TRAIN,DT22,6852,9713
2024-08,WEEKDAY,17,TRAIN,DT22,11648,15717
2024-08,WEEKDAY,7,TRAIN,DT21,3399,10390
2024-08,WEEKENDS/HOLIDAY,7,TRAIN,DT21,664,1507
2024-08,WEEKDAY,16,TRAIN,TE5,3575,5312
2024-08,WEEKENDS/HOLIDAY,16,TRAIN,TE5,2237,2441
2024-08,WEEKENDS/HOLIDAY,17,TRAIN,CG2,16386,14778
2024-08,WEEKDAY,17,TRAIN,CG2,37458,22964
2024-08,WEEKDAY,22,TRAIN,PE5,770,5811
2024-08,WEEKENDS/HOLIDAY,22,TRAIN,PE5,358,2736
2024-08,WEEKDAY,15,TRAIN,CE1/DT16,37294,32314
2024-08,WEEKENDS/HOLIDAY,15,TRAIN,CE1/DT16,29396,32282
2024-08,WEEKDAY,14,TRAIN,NS28,2590,2565
2024-08,WEEKENDS/HOLIDAY,14,TRAIN,NS28,2104,2964
2024-08,WEEKENDS/HOLIDAY,21,TRAIN,DT10/TE11,1659,3689
2024-08,WEEKDAY,21,TRAIN,DT10/TE11,4675,7539
2024-08,WEEKDAY,6,TRAIN,BP10,9441,1505
2024-08,WEEKENDS/HOLIDAY,6,TRAIN,BP10,983,331
2024-08,WEEKENDS/HOLIDAY,0,TRAIN,PE6,15,315
2024-08,WEEKDAY,0,TRAIN,PE6,32,600
2024-08,WEEKDAY,13,TRAIN,SE2,5339,5166
2024-08,WEEKENDS/HOLIDAY,13,TRAIN,SE2,3065,2686
2024-08,WEEKDAY,5,TRAIN,TE5,772,83
2024-08,WEEKENDS/HOLIDAY,5,TRAIN,TE5,167,7
2024-08,WEEKENDS/HOLIDAY,14,TRAIN,CC10/DT26,7289,7059
2024-08,WEEKDAY,14,TRAIN,CC10/DT26,10687,12206
2024-08,WEEKDAY,7,TRAIN,BP13,4996,1308
2024-08,WEEKENDS/HOLIDAY,7,TRAIN,BP13,596,176
2024-08,WEEKDAY,11,TRAIN,TE1,8336,4437
2024-08,WEEKENDS/HOLIDAY,11,TRAIN,TE1,2162,703
2024-08,WEEKDAY,11,TRAIN,PW1,1130,2625
2024-08,WEEKENDS/HOLIDAY,11,TRAIN,PW1,1222,2129
2024-08,WEEKENDS/HOLIDAY,16,TRAIN,SE5,1337,1276
2024-08,WEEKDAY,16,TRAIN,SE5,3153,3275
2024-08,WEEKDAY,17,TRAIN,DT17,68089,8821
2024-08,WEEKENDS/HOLIDAY,17,TRAIN,DT17,3595,5610
2024-08,WEEKDAY,0,TRAIN,PW6,5,213
2024-08,WEEKENDS/HOLIDAY,0,TRAIN,PW6,4,105
2024-08,WEEKENDS/HOLIDAY,12,TRAIN,TE12,3095,2217
2024-08,WEEKDAY,12,TRAIN,TE12,7554,5081
2024-08,WEEKENDS/HOLIDAY,8,TRAIN,CC14,2873,1431
2024-08,WEEKDAY,8,TRAIN,CC14,22051,29015
2024-08,WEEKENDS/HOLIDAY,22,TRAIN,PE4,417,873
2024-08,WEEKDAY,22,TRAIN,PE4,755,1680
2024-08,WEEKENDS/HOLIDAY,5,TRAIN,NS21/DT11,683,383
2024-08,WEEKDAY,5,TRAIN,NS21/DT11,3653,2437
2024-08,WEEKDAY,15,TRAIN,SW2,5168,5975
2024-08,WEEKENDS/HOLIDAY,15,TRAIN,SW2,3365,3333
2024-08,WEEKENDS/HOLIDAY,20,TRAIN,PW4,2599,2671
2024-08,WEEKDAY,20,TRAIN,PW4,4016,7023
2024-08,WEEKDAY,16,TRAIN,DT17,22787,7379
2024-08,WEEKENDS/HOLIDAY,16,TRAIN,DT17,3249,4884
2024-08,WEEKDAY,15,TRAIN,DT6,12040,7650
2024-08,WEEKENDS/HOLIDAY,15,TRAIN,DT6,3210,2885
2024-08,WEEKENDS/HOLIDAY,5,TRAIN,BP4,325,91
2024-08,WEEKDAY,5,TRAIN,BP4,1419,293
2024-08,WEEKDAY,0,TRAIN,EW20,115,473
2024-08,WEEKENDS/HOLIDAY,0,TRAIN,EW20,53,287
2024-08,WEEKENDS/HOLIDAY,14,TRAIN,BP10,1365,1601
2024-08,WEEKDAY,14,TRAIN,BP10,2359,3391
2024-08,WEEKDAY,16,TRAIN,EW9,20502,19347
2024-08,WEEKENDS/HOLIDAY,16,TRAIN,EW9,13779,13001
2024-08,WEEKDAY,21,TRAIN,NS28,680,372
2024-08,WEEKENDS/HOLIDAY,21,TRAIN,NS28,764,362
2024-08,WEEKENDS/HOLIDAY,9,TRAIN,NE10,7564,5274
2024-08,WEEKDAY,9,TRAIN,NE10,25448,19171
2024-08,WEEKDAY,23,TRAIN,PW4,678,2076
2024-08,WEEKENDS/HOLIDAY,23,TRAIN,PW4,338,1012
2024-08,WEEKENDS/HOLIDAY,22,TRAIN,CC20,653,1646
2024-08,WEEKDAY,22,TRAIN,CC20,1907,3741
2024-08,WEEKDAY,9,TRAIN,SW5,10117,5269
2024-08,WEEKENDS/HOLIDAY,9,TRAIN,SW5,4329,2843
2024-08,WEEKENDS/HOLIDAY,13,TRAIN,NS25/EW13,29608,44652
2024-08,WEEKDAY,13,TRAIN,NS25/EW13,63803,50868
2024-08,WEEKENDS/HOLIDAY,21,TRAIN,PW1,869,132
2024-08,WEEKDAY,21,TRAIN,PW1,1976,277
2024-08,WEEKDAY,17,TRAIN,SW6,5348,6179
2024-08,WEEKENDS/HOLIDAY,17,TRAIN,SW6,1809,1888
2024-08,WEEKENDS/HOLIDAY,16,TRAIN,CC23,2423,1490
2024-08,WEEKDAY,16,TRAIN,CC23,25325,5597
2024-08,WEEKDAY,8,TRAIN,PW1,868,2249
2024-08,WEEKENDS/HOLIDAY,8,TRAIN,PW1,124,1383
2024-08,WEEKENDS/HOLIDAY,20,TRAIN,SE5,561,1585
2024-08,WEEKDAY,20,TRAIN,SE5,1057,4136
2024-08,WEEKDAY,7,TRAIN,CC14,17670,17337
2024-08,WEEKENDS/HOLIDAY,7,TRAIN,CC14,1734,1075
2024-08,WEEKDAY,13,TRAIN,EW19,14234,13288
2024-08,WEEKENDS/HOLIDAY,13,TRAIN,EW19,8444,7498
2024-08,WEEKDAY,20,TRAIN,NS27/CE2/TE20,8875,3573
2024-08,WEEKENDS/HOLIDAY,20,TRAIN,NS27/CE2/TE20,6233,3110
2024-08,WEEKDAY,18,TRAIN,BP2,3718,8553
2024-08,WEEKENDS/HOLIDAY,18,TRAIN,BP2,1192,1425
2024-08,WEEKDAY,8,TRAIN,DT3,33849,6666
2024-08,WEEKENDS/HOLIDAY,8,TRAIN,DT3,4057,2779
2024-08,WEEKDAY,8,TRAIN,TE22,436,2729
2024-08,WEEKENDS/HOLIDAY,8,TRAIN,TE22,297,1296
2024-08,WEEKDAY,18,TRAIN,DT20,15965,17788
2024-08,WEEKENDS/HOLIDAY,18,TRAIN,DT20,3786,4220
2024-08,WEEKDAY,5,TRAIN,DT17,84,2
2024-08,WEEKENDS/HOLIDAY,5,TRAIN,DT17,24,1
2024-08,WEEKENDS/HOLIDAY,0,TRAIN,NS21/DT11,813,1010
2024-08,WEEKDAY,0,TRAIN,NS21/DT11,1634,1829
2024-08,WEEKENDS/HOLIDAY,17,TRAIN,SE1,2203,2099
2024-08,WEEKDAY,17,TRAIN,SE1,6395,6612
2024-08,WEEKDAY,12,TRAIN,EW31,2217,1266
2024-08,WEEKENDS/HOLIDAY,12,TRAIN,EW31,2218,487
2024-08,WEEKDAY,18,TRAIN,SE4,3998,9593
2024-08,WEEKENDS/HOLIDAY,18,TRAIN,SE4,1666,1963
2024-08,WEEKDAY,7,TRAIN,DT34,10616,8998
2024-08,WEEKENDS/HOLIDAY,7,TRAIN,DT34,1020,1266
2024-08,WEEKDAY,23,TRAIN,SE3,94,2719
2024-08,WEEKENDS/HOLIDAY,23,TRAIN,SE3,82,1218
2024-08,WEEKENDS/HOLIDAY,18,TRAIN,BP6/DT1,18357,25268
2024-08,WEEKDAY,18,TRAIN,BP6/DT1,64216,140730
2024-08,WEEKENDS/HOLIDAY,23,TRAIN,BP7,16,163
2024-08,WEEKDAY,23,TRAIN,BP7,25,363
2024-08,WEEKENDS/HOLIDAY,17,TRAIN,NS23,31125,26045
2024-08,WEEKDAY,17,TRAIN,NS23,63398,49960
2024-08,WEEKENDS/HOLIDAY,0,TRAIN,PW4,67,299
2024-08,WEEKDAY,0,TRAIN,PW4,131,555
2024-08,WEEKENDS/HOLIDAY,22,TRAIN,PW4,1427,1772
2024-08,WEEKDAY,22,TRAIN,PW4,2217,3596
2024-08,WEEKENDS/HOLIDAY,7,TRAIN,EW7,6328,3640
2024-08,WEEKDAY,7,TRAIN,EW7,38826,19391
2024-08,WEEKDAY,16,TRAIN,CC4/DT15,25540,17411
2024-08,WEEKENDS/HOLIDAY,16,TRAIN,CC4/DT15,13863,15026
2024-08,WEEKDAY,10,TRAIN,DT6,7331,5054
2024-08,WEEKENDS/HOLIDAY,10,TRAIN,DT6,3428,2035
2024-08,WEEKDAY,9,TRAIN,NS3,29374,12671
2024-08,WEEKENDS/HOLIDAY,9,TRAIN,NS3,11666,7328
2024-08,WEEKENDS/HOLIDAY,7,TRAIN,EW25,5850,3024
2024-08,WEEKDAY,7,TRAIN,EW25,48584,17244
2024-08,WEEKENDS/HOLIDAY,22,TRAIN,DT27,1237,3842
2024-08,WEEKDAY,22,TRAIN,DT27,3637,7173
2024-08,WEEKENDS/HOLIDAY,21,TRAIN,DT28,1639,7569
2024-08,WEEKDAY,21,TRAIN,DT28,4214,14044
2024-08,WEEKDAY,23,TRAIN,NS17/CC15,5772,13884
2024-08,WEEKENDS/HOLIDAY,23,TRAIN,NS17/CC15,2582,6394
2024-08,WEEKDAY,12,TRAIN,NS3,18863,13786
2024-08,WEEKENDS/HOLIDAY,12,TRAIN,NS3,12400,8363
2024-08,WEEKDAY,21,TRAIN,CC20,2777,5434
2024-08,WEEKENDS/HOLIDAY,21,TRAIN,CC20,1061,2331
2024-08,WEEKDAY,23,TRAIN,BP6/DT1,4224,22379
2024-08,WEEKENDS/HOLIDAY,23,TRAIN,BP6/DT1,2069,11815
2024-08,WEEKDAY,16,TRAIN,CC21,11721,12252
2024-08,WEEKENDS/HOLIDAY,16,TRAIN,CC21,6051,5104
2024-08,WEEKDAY,8,TRAIN,BP8,3091,3606
2024-08,WEEKENDS/HOLIDAY,8,TRAIN,BP8,529,622
2024-08,WEEKDAY,17,TRAIN,CC7,15233,10344
2024-08,WEEKENDS/HOLIDAY,17,TRAIN,CC7,4228,4072
2024-08,WEEKDAY,6,TRAIN,PW3,5175,1230
2024-08,WEEKENDS/HOLIDAY,6,TRAIN,PW3,937,154
2024-08,WEEKDAY,10,TRAIN,CC2,2599,8201
2024-08,WEEKENDS/HOLIDAY,10,TRAIN,CC2,1688,3016
2024-08,WEEKENDS/HOLIDAY,14,TRAIN,DT3,4102,3223
2024-08,WEEKDAY,14,TRAIN,DT3,7661,7276
2024-08,WEEKDAY,10,TRAIN,TE4,3209,3948
2024-08,WEEKENDS/HOLIDAY,10,TRAIN,TE4,2327,2430
2024-08,WEEKDAY,9,TRAIN,PE5,8634,2436
2024-08,WEEKENDS/HOLIDAY,9,TRAIN,PE5,3576,1155
2024-08,WEEKENDS/HOLIDAY,21,TRAIN,TE6,1770,7798
2024-08,WEEKDAY,21,TRAIN,TE6,3828,17429
2024-08,WEEKENDS/HOLIDAY,8,TRAIN,NE12/CC13,22094,13754
2024-08,WEEKDAY,8,TRAIN,NE12/CC13,160508,46179
2024-08,WEEKENDS/HOLIDAY,6,TRAIN,EW6,1946,816
2024-08,WEEKDAY,6,TRAIN,EW6,12908,4996
2024-08,WEEKDAY,20,TRAIN,NS5,15964,47906
2024-08,WEEKENDS/HOLIDAY,20,TRAIN,NS5,6996,17080
2024-08,WEEKENDS/HOLIDAY,14,TRAIN,CC17/TE9,2275,2334
2024-08,WEEKDAY,14,TRAIN,CC17/TE9,6394,6309
2024-08,WEEKDAY,8,TRAIN,DT6,14578,16576
2024-08,WEEKENDS/HOLIDAY,8,TRAIN,DT6,2449,3453
2024-08,WEEKENDS/HOLIDAY,19,TRAIN,SW4,1064,2045
2024-08,WEEKDAY,19,TRAIN,SW4,2350,8721
2024-08,WEEKENDS/HOLIDAY,19,TRAIN,NE5,8487,9786
2024-08,WEEKDAY,19,TRAIN,NE5,32329,20700
2024-08,WEEKDAY,19,TRAIN,NS18,15952,26659
2024-08,WEEKENDS/HOLIDAY,19,TRAIN,NS18,4908,7569
2024-08,WEEKDAY,11,TRAIN,DT2,3203,945
2024-08,WEEKENDS/HOLIDAY,11,TRAIN,DT2,1337,532
2024-08,WEEKENDS/HOLIDAY,23,TRAIN,DT28,499,3461
2024-08,WEEKDAY,23,TRAIN,DT28,1484,6510
2024-08,WEEKENDS/HOLIDAY,16,TRAIN,NE11,8039,7801
2024-08,WEEKDAY,16,TRAIN,NE11,23018,16097
2024-08,WEEKDAY,11,TRAIN,NS11,33034,19772
2024-08,WEEKENDS/HOLIDAY,11,TRAIN,NS11,22660,11488
2024-08,WEEKENDS/HOLIDAY,10,TRAIN,PW6,1331,416
2024-08,WEEKDAY,10,TRAIN,PW6,1868,702
2024-08,WEEKDAY,13,TRAIN,DT5,15151,11841
2024-08,WEEKENDS/HOLIDAY,13,TRAIN,DT5,10868,7445
2024-08,WEEKENDS/HOLIDAY,0,TRAIN,EW12/DT14,445,637
2024-08,WEEKDAY,0,TRAIN,EW12/DT14,817,1050
2024-08,WEEKENDS/HOLIDAY,11,TRAIN,DT10/TE11,4594,2589
2024-08,WEEKDAY,11,TRAIN,DT10/TE11,10636,4557
2024-08,WEEKENDS/HOLIDAY,17,TRAIN,PE4,1060,1042
2024-08,WEEKDAY,17,TRAIN,PE4,2270,2488
2024-08,WEEKDAY,9,TRAIN,SE4,5479,2612
2024-08,WEEKENDS/HOLIDAY,9,TRAIN,SE4,2571,1451
2024-08,WEEKENDS/HOLIDAY,15,TRAIN,NS28,2585,2951
2024-08,WEEKDAY,15,TRAIN,NS28,1682,2166
2024-08,WEEKENDS/HOLIDAY,6,TRAIN,EW12/DT14,3891,5158
2024-08,WEEKDAY,6,TRAIN,EW12/DT14,12317,17682
2024-08,WEEKDAY,9,TRAIN,BP11,5791,1550
2024-08,WEEKENDS/HOLIDAY,9,TRAIN,BP11,2238,704
2024-08,WEEKENDS/HOLIDAY,21,TRAIN,TE18,5649,3367
2024-08,WEEKDAY,21,TRAIN,TE18,15241,5421
2024-08,WEEKDAY,9,TRAIN,BP10,4492,2491
2024-08,WEEKENDS/HOLIDAY,9,TRAIN,BP10,1715,1115
2024-08,WEEKDAY,10,TRAIN,EW6,11702,6562
2024-08,WEEKENDS/HOLIDAY,10,TRAIN,EW6,6969,3941
2024-08,WEEKENDS/HOLIDAY,5,TRAIN,EW26,3699,195
2024-08,WEEKDAY,5,TRAIN,EW26,18669,2117
2024-08,WEEKDAY,16,TRAIN,NS18,13572,13816
2024-08,WEEKENDS/HOLIDAY,16,TRAIN,NS18,6554,6373
2024-08,WEEKENDS/HOLIDAY,15,TRAIN,EW25,4486,4987
2024-08,WEEKDAY,15,TRAIN,EW25,7977,7985
2024-08,WEEKDAY,7,TRAIN,TE7,15346,15948
2024-08,WEEKENDS/HOLIDAY,7,TRAIN,TE7,1610,1591
2024-08,WEEKDAY,22,TRAIN,DT29,1955,10225
2024-08,WEEKENDS/HOLIDAY,22,TRAIN,DT29,933,4812
2024-08,WEEKENDS/HOLIDAY,5,TRAIN,DT33,1254,15
2024-08,WEEKDAY,5,TRAIN,DT33,6234,38
2024-08,WEEKENDS/HOLIDAY,19,TRAIN,SW3,733,1245
2024-08,WEEKDAY,19,TRAIN,SW3,1572,5255
2024-08,WEEKENDS/HOLIDAY,16,TRAIN,NS3,9437,9980
2024-08,WEEKDAY,16,TRAIN,NS3,15560,23826
2024-08,WEEKENDS/HOLIDAY,12,TRAIN,SW2,4842,3234
2024-08,WEEKDAY,12,TRAIN,SW2,6297,5600
2024-08,WEEKENDS/HOLIDAY,18,TRAIN,NS17/CC15,22758,24766
2024-08,WEEKDAY,18,TRAIN,NS17/CC15,81949,128268
2024-08,WEEKENDS/HOLIDAY,19,TRAIN,NS28,2244,876
2024-08,WEEKDAY,19,TRAIN,NS28,1803,722
2024-08,WEEKENDS/HOLIDAY,9,TRAIN,DT33,9355,2525
2024-08,WEEKDAY,9,TRAIN,DT33,37785,6209
2024-08,WEEKENDS/HOLIDAY,14,TRAIN,NE7/DT12,20678,21653
2024-08,WEEKDAY,14,TRAIN,NE7/DT12,25998,29987
2024-08,WEEKDAY,8,TRAIN,DT21,8877,22828
2024-08,WEEKENDS/HOLIDAY,8,TRAIN,DT21,1515,2983
2024-08,WEEKENDS/HOLIDAY,8,TRAIN,EW4,7842,4556
2024-08,WEEKDAY,8,TRAIN,EW4,47058,22559
2024-08,WEEKDAY,20,TRAIN,EW29,23996,7897
2024-08,WEEKENDS/HOLIDAY,20,TRAIN,EW29,5770,7090
2024-08,WEEKENDS/HOLIDAY,12,TRAIN,BP5,1258,980
2024-08,WEEKDAY,12,TRAIN,BP5,2232,1861
2024-08,WEEKDAY,0,TRAIN,NS14,1151,5534
2024-08,WEEKENDS/HOLIDAY,0,TRAIN,NS14,620,2559
2024-08,WEEKENDS/HOLIDAY,22,TRAIN,CC23,1135,847
2024-08,WEEKDAY,22,TRAIN,CC23,5037,1649
2024-08,WEEKDAY,21,TRAIN,EW18,11682,17878
2024-08,WEEKENDS/HOLIDAY,21,TRAIN,EW18,4008,8139
2024-08,WEEKENDS/HOLIDAY,7,TRAIN,TE13,469,1872
2024-08,WEEKDAY,7,TRAIN,TE13,2274,8416
2024-08,WEEKENDS/HOLIDAY,7,TRAIN,SE4,1379,768
2024-08,WEEKDAY,7,TRAIN,SE4,11417,1992
2024-08,WEEKENDS/HOLIDAY,13,TRAIN,DT33,7956,5786
2024-08,WEEKDAY,13,TRAIN,DT33,14172,10163
2024-08,WEEKENDS/HOLIDAY,7,TRAIN,EW10,6088,2612
2024-08,WEEKDAY,7,TRAIN,EW10,31717,10902
2024-08,WEEKDAY,12,TRAIN,EW5,29926,25357
2024-08,WEEKENDS/HOLIDAY,12,TRAIN,EW5,19151,14173
2024-08,WEEKDAY,10,TRAIN,TE13,4880,5036
2024-08,WEEKENDS/HOLIDAY,10,TRAIN,TE13,2302,2665
2024-08,WEEKENDS/HOLIDAY,12,TRAIN,CC8,4423,3270
2024-08,WEEKDAY,12,TRAIN,CC8,8797,5277
2024-08,WEEKDAY,23,TRAIN,BP5,205,465
2024-08,WEEKENDS/HOLIDAY,23,TRAIN,BP5,107,205
2024-08,WEEKDAY,13,TRAIN,NS28,3335,1352
2024-08,WEEKENDS/HOLIDAY,13,TRAIN,NS28,3823,2621
2024-08,WEEKDAY,13,TRAIN,SW7,3269,2669
2024-08,WEEKENDS/HOLIDAY,13,TRAIN,SW7,1410,1190
2024-08,WEEKENDS/HOLIDAY,14,TRAIN,EW2/DT32,30782,29166
2024-08,WEEKDAY,14,TRAIN,EW2/DT32,49267,51952
2024-08,WEEKDAY,11,TRAIN,NE13,23943,15845
2024-08,WEEKENDS/HOLIDAY,11,TRAIN,NE13,16178,10687
2024-08,WEEKENDS/HOLIDAY,10,TRAIN,NE15,14680,5680
2024-08,WEEKDAY,10,TRAIN,NE15,23380,8752
2024-08,WEEKDAY,23,TRAIN,EW14/NS26,21132,2344
2024-08,WEEKENDS/HOLIDAY,23,TRAIN,EW14/NS26,9371,1211
2024-08,WEEKENDS/HOLIDAY,9,TRAIN,DT13,4071,5718
2024-08,WEEKDAY,9,TRAIN,DT13,9065,21720
2024-08,WEEKENDS/HOLIDAY,6,TRAIN,DT13,1289,927
2024-08,WEEKDAY,6,TRAIN,DT13,4786,2691
2024-08,WEEKENDS/HOLIDAY,19,TRAIN,CC28,1448,2474
2024-08,WEEKDAY,19,TRAIN,CC28,3754,8983
2024-08,WEEKDAY,20,TRAIN,NE16/STC,31771,69159
2024-08,WEEKENDS/HOLIDAY,20,TRAIN,NE16/STC,13768,24319
2024-08,WEEKDAY,13,TRAIN,NS20,48917,48710
2024-08,WEEKENDS/HOLIDAY,13,TRAIN,NS20,24157,15668
2024-08,WEEKENDS/HOLIDAY,22,TRAIN,SW3,158,1017
2024-08,WEEKDAY,22,TRAIN,SW3,337,2231
2024-08,WEEKENDS/HOLIDAY,14,TRAIN,PE3,3114,3263
2024-08,WEEKDAY,14,TRAIN,PE3,5474,7595
2024-08,WEEKDAY,10,TRAIN,NE13,25020,16000
2024-08,WEEKENDS/HOLIDAY,10,TRAIN,NE13,14444,12064
2024-08,WEEKENDS/HOLIDAY,17,TRAIN,NE17/PTC,27586,29705
2024-08,WEEKDAY,17,TRAIN,NE17/PTC,53358,80528
2024-08,WEEKDAY,5,TRAIN,SE2,3291,112
2024-08,WEEKENDS/HOLIDAY,5,TRAIN,SE2,641,11
2024-08,WEEKENDS/HOLIDAY,17,TRAIN,NS24/NE6/CC1,30837,23402
2024-08,WEEKDAY,17,TRAIN,NS24/NE6/CC1,64681,44415
2024-08,WEEKDAY,15,TRAIN,PE2,4528,6233
2024-08,WEEKENDS/HOLIDAY,15,TRAIN,PE2,2311,2622
2024-08,WEEKENDS/HOLIDAY,15,TRAIN,BP4,808,802
2024-08,WEEKDAY,15,TRAIN,BP4,9548,2366
2024-08,WEEKDAY,8,TRAIN,TE14/NS22,25622,133045
2024-08,WEEKENDS/HOLIDAY,8,TRAIN,TE14/NS22,6102,29997
2024-08,WEEKENDS/HOLIDAY,0,TRAIN,EW25,46,753
2024-08,WEEKDAY,0,TRAIN,EW25,62,1179
2024-08,WEEKENDS/HOLIDAY,13,TRAIN,TE3,5162,3567
2024-08,WEEKDAY,13,TRAIN,TE3,10701,9524
2024-08,WEEKENDS/HOLIDAY,5,TRAIN,DT6,50,41
2024-08,WEEKDAY,5,TRAIN,DT6,223,169
2024-08,WEEKDAY,18,TRAIN,BP10,3756,10865
2024-08,WEEKENDS/HOLIDAY,18,TRAIN,BP10,1130,2133
2024-08,WEEKENDS/HOLIDAY,15,TRAIN,TE18,8908,5751
2024-08,WEEKDAY,15,TRAIN,TE18,11990,8506
2024-08,WEEKENDS/HOLIDAY,11,TRAIN,EW21/CC22,10212,11835
2024-08,WEEKDAY,11,TRAIN,EW21/CC22,25555,20709
2024-08,WEEKENDS/HOLIDAY,5,TRAIN,DT20,11,1
2024-08,WEEKDAY,5,TRAIN,DT20,78,2
2024-08,WEEKDAY,22,TRAIN,TE22,4423,548
2024-08,WEEKENDS/HOLIDAY,22,TRAIN,TE22,4764,301
2024-08,WEEKENDS/HOLIDAY,10,TRAIN,EW7,9122,5512
2024-08,WEEKDAY,10,TRAIN,EW7,15844,9584
2024-08,WEEKENDS/HOLIDAY,8,TRAIN,NS8,10502,6604
2024-08,WEEKDAY,8,TRAIN,NS8,54667,19222
2024-08,WEEKDAY,22,TRAIN,CG1/DT35,11259,2249
2024-08,WEEKENDS/HOLIDAY,22,TRAIN,CG1/DT35,5676,1404
2024-08,WEEKENDS/HOLIDAY,16,TRAIN,TE1,1941,1362
2024-08,WEEKDAY,16,TRAIN,TE1,15933,3475
2024-08,WEEKDAY,12,TRAIN,CC24,31073,28480
2024-08,WEEKENDS/HOLIDAY,12,TRAIN,CC24,5015,6720
2024-08,WEEKENDS/HOLIDAY,8,TRAIN,SW4,1766,568
2024-08,WEEKDAY,8,TRAIN,SW4,9687,2179
2024-08,WEEKENDS/HOLIDAY,15,TRAIN,EW24/NS1,43883,38221
2024-08,WEEKDAY,15,TRAIN,EW24/NS1,63678,55009
2024-08,WEEKDAY,7,TRAIN,CC8,19474,23715
2024-08,WEEKENDS/HOLIDAY,7,TRAIN,CC8,2653,1931
2024-08,WEEKDAY,19,TRAIN,CC12,5618,14644
2024-08,WEEKENDS/HOLIDAY,19,TRAIN,CC12,2002,3231
2024-08,WEEKENDS/HOLIDAY,21,TRAIN,NE12/CC13,23102,28430
2024-08,WEEKDAY,21,TRAIN,NE12/CC13,53167,65351
2024-08,WEEKENDS/HOLIDAY,13,TRAIN,CC7,3068,3361
2024-08,WEEKDAY,13,TRAIN,CC7,6138,7576
2024-08,WEEKDAY,8,TRAIN,NE14,112423,22995
2024-08,WEEKENDS/HOLIDAY,8,TRAIN,NE14,16270,6986
2024-08,WEEKENDS/HOLIDAY,11,TRAIN,EW29,4153,3194
2024-08,WEEKDAY,11,TRAIN,EW29,6250,5533
2024-08,WEEKENDS/HOLIDAY,0,TRAIN,CC8,34,234
2024-08,WEEKDAY,0,TRAIN,CC8,61,452
2024-08,WEEKDAY,17,TRAIN,NS27/CE2/TE20,19376,4576
2024-08,WEEKENDS/HOLIDAY,17,TRAIN,NS27/CE2/TE20,2990,6163
2024-08,WEEKDAY,19,TRAIN,DT13,20490,15057
2024-08,WEEKENDS/HOLIDAY,19,TRAIN,DT13,7503,5089
2024-08,WEEKENDS/HOLIDAY,15,TRAIN,EW18,8056,8263
2024-08,WEEKDAY,15,TRAIN,EW18,15795,16315
2024-08,WEEKDAY,6,TRAIN,EW7,21539,8118
2024-08,WEEKENDS/HOLIDAY,6,TRAIN,EW7,4147,1682
2024-08,WEEKDAY,12,TRAIN,PE7,3852,2995
2024-08,WEEKENDS/HOLIDAY,12,TRAIN,PE7,3014,1991
2024-08,WEEKENDS/HOLIDAY,6,TRAIN,NE16/STC,7407,2821
2024-08,WEEKDAY,6,TRAIN,NE16/STC,53976,22499
2024-08,WEEKENDS/HOLIDAY,11,TRAIN,PW6,1252,570
2024-08,WEEKDAY,11,TRAIN,PW6,1632,1151
2024-08,WEEKDAY,13,TRAIN,NS19,38556,36878
2024-08,WEEKENDS/HOLIDAY,13,TRAIN,NS19,20965,19285
2024-08,WEEKENDS/HOLIDAY,9,TRAIN,EW1,16579,7003
2024-08,WEEKDAY,9,TRAIN,EW1,48095,14233
2024-08,WEEKDAY,12,TRAIN,DT31,7631,6187
2024-08,WEEKENDS/HOLIDAY,12,TRAIN,DT31,4452,3086
2024-08,WEEKDAY,21,TRAIN,EW24/NS1,101528,30521
2024-08,WEEKENDS/HOLIDAY,21,TRAIN,EW24/NS1,45503,16163
2024-08,WEEKDAY,10,TRAIN,BP9,3072,1444
2024-08,WEEKENDS/HOLIDAY,10,TRAIN,BP9,1814,876
2024-08,WEEKENDS/HOLIDAY,16,TRAIN,CC11,8235,5512
2024-08,WEEKDAY,16,TRAIN,CC11,24621,9880
2024-08,WEEKENDS/HOLIDAY,0,TRAIN,CC3,32,14
2024-08,WEEKDAY,0,TRAIN,CC3,52,35
2024-08,WEEKENDS/HOLIDAY,17,TRAIN,NS9/TE2,31277,36308
2024-08,WEEKDAY,17,TRAIN,NS9/TE2,75005,128848
2024-08,WEEKENDS/HOLIDAY,11,TRAIN,NS2,14699,9086
2024-08,WEEKDAY,11,TRAIN,NS2,23129,16291
2024-08,WEEKDAY,22,TRAIN,EW5,12133,36118
2024-08,WEEKENDS/HOLIDAY,22,TRAIN,EW5,5796,16895
2024-08,WEEKDAY,18,TRAIN,CC10/DT26,68373,33459
2024-08,WEEKENDS/HOLIDAY,18,TRAIN,CC10/DT26,8186,7095
2024-08,WEEKENDS/HOLIDAY,12,TRAIN,DT2,1544,536
2024-08,WEEKDAY,12,TRAIN,DT2,3433,1339
2024-08,WEEKENDS/HOLIDAY,21,TRAIN,DT33,2383,11036
2024-08,WEEKDAY,21,TRAIN,DT33,5303,26355
2024-08,WEEKENDS/HOLIDAY,16,TRAIN,PW5,1519,1908
2024-08,WEEKDAY,16,TRAIN,PW5,2694,3146
2024-08,WEEKDAY,17,TRAIN,NS28,2962,1706
2024-08,WEEKENDS/HOLIDAY,17,TRAIN,NS28,3187,1581
2024-08,WEEKDAY,7,TRAIN,TE4,9527,16952
2024-08,WEEKENDS/HOLIDAY,7,TRAIN,TE4,1386,2808
2024-08,WEEKDAY,22,TRAIN,NE10,5864,13723
2024-08,WEEKENDS/HOLIDAY,22,TRAIN,NE10,2662,5932
2024-08,WEEKDAY,11,TRAIN,BP6/DT1,32549,25897
2024-08,WEEKENDS/HOLIDAY,11,TRAIN,BP6/DT1,23114,15508
2024-08,WEEKENDS/HOLIDAY,13,TRAIN,BP4,898,744
2024-08,WEEKDAY,13,TRAIN,BP4,3495,5484
2024-08,WEEKENDS/HOLIDAY,8,TRAIN,EW8/CC9,9545,19338
2024-08,WEEKDAY,8,TRAIN,EW8/CC9,52437,104939
2024-08,WEEKDAY,5,TRAIN,DT10/TE11,211,188
2024-08,WEEKENDS/HOLIDAY,5,TRAIN,DT10/TE11,41,22
2024-08,WEEKDAY,19,TRAIN,DT22,13392,20547
2024-08,WEEKENDS/HOLIDAY,19,TRAIN,DT22,8926,8213
2024-08,WEEKDAY,13,TRAIN,CC12,16881,7022
2024-08,WEEKENDS/HOLIDAY,13,TRAIN,CC12,3115,2714
2024-08,WEEKDAY,22,TRAIN,NE11,6919,9288
2024-08,WEEKENDS/HOLIDAY,22,TRAIN,NE11,3106,4428
2024-08,WEEKDAY,10,TRAIN,SW4,3029,1563
2024-08,WEEKENDS/HOLIDAY,10,TRAIN,SW4,2127,999
2024-08,WEEKDAY,7,TRAIN,TE12,3386,10581
2024-08,WEEKENDS/HOLIDAY,7,TRAIN,TE12,569,1990
2024-08,WEEKDAY,8,TRAIN,TE1,8398,37224
2024-08,WEEKENDS/HOLIDAY,8,TRAIN,TE1,2049,2076
2024-08,WEEKENDS/HOLIDAY,6,TRAIN,CC17/TE9,1502,724
2024-08,WEEKDAY,6,TRAIN,CC17/TE9,10719,6088
2024-08,WEEKDAY,21,TRAIN,CC25,4633,6250
2024-08,WEEKENDS/HOLIDAY,21,TRAIN,CC25,1193,2934
2024-08,WEEKENDS/HOLIDAY,11,TRAIN,SE2,3447,1975
2024-08,WEEKDAY,11,TRAIN,SE2,5479,3673
2024-08,WEEKDAY,12,TRAIN,NS5,25566,17307
2024-08,WEEKENDS/HOLIDAY,12,TRAIN,NS5,16134,11152
2024-08,WEEKENDS/HOLIDAY,10,TRAIN,DT8,2262,1433
2024-08,WEEKDAY,10,TRAIN,DT8,6611,2961
2024-08,WEEKENDS/HOLIDAY,13,TRAIN,EW22,2763,2808
2024-08,WEEKDAY,13,TRAIN,EW22,11614,14028
2024-08,WEEKENDS/HOLIDAY,7,TRAIN,NS9/TE2,19341,16165
2024-08,WEEKDAY,7,TRAIN,NS9/TE2,162772,81705
2024-08,WEEKENDS/HOLIDAY,0,TRAIN,TE4,84,204
2024-08,WEEKDAY,0,TRAIN,TE4,163,343
2024-08,WEEKENDS/HOLIDAY,23,TRAIN,BP11,63,519
2024-08,WEEKDAY,23,TRAIN,BP11,172,1158
2024-08,WEEKDAY,11,TRAIN,EW2/DT32,43041,40085
2024-08,WEEKENDS/HOLIDAY,11,TRAIN,EW2/DT32,26870,23043
2024-08,WEEKDAY,16,TRAIN,NS24/NE6/CC1,44688,33507
2024-08,WEEKENDS/HOLIDAY,16,TRAIN,NS24/NE6/CC1,29980,25267
2024-08,WEEKENDS/HOLIDAY,0,TRAIN,NS7,981,1313
2024-08,WEEKDAY,0,TRAIN,NS7,728,2462
2024-08,WEEKDAY,17,TRAIN,TE7,12842,9368
2024-08,WEEKENDS/HOLIDAY,17,TRAIN,TE7,3400,2881
2024-08,WEEKENDS/HOLIDAY,7,TRAIN,EW2/DT32,14267,9513
2024-08,WEEKDAY,7,TRAIN,EW2/DT32,130512,61020
2024-08,WEEKENDS/HOLIDAY,21,TRAIN,NS9/TE2,20396,30229
2024-08,WEEKDAY,21,TRAIN,NS9/TE2,43149,74916
2024-08,WEEKDAY,8,TRAIN,CC24,10050,123476
2024-08,WEEKENDS/HOLIDAY,8,TRAIN,CC24,2172,5697
2024-08,WEEKENDS/HOLIDAY,11,TRAIN,DT20,3239,3483
2024-08,WEEKDAY,11,TRAIN,DT20,6517,5569
2024-08,WEEKENDS/HOLIDAY,14,TRAIN,TE7,3334,3187
2024-08,WEEKDAY,14,TRAIN,TE7,5258,6164
2024-08,WEEKDAY,9,TRAIN,NE11,17126,12954
2024-08,WEEKENDS/HOLIDAY,9,TRAIN,NE11,5718,4793
2024-08,WEEKENDS/HOLIDAY,18,TRAIN,DT13,8704,6157
2024-08,WEEKDAY,18,TRAIN,DT13,28015,20923
2024-08,WEEKENDS/HOLIDAY,13,TRAIN,DT7,1815,1656
2024-08,WEEKDAY,13,TRAIN,DT7,3662,4340
2024-08,WEEKENDS/HOLIDAY,17,TRAIN,NS17/CC15,23718,25481
2024-08,WEEKDAY,17,TRAIN,NS17/CC15,67448,74463
2024-08,WEEKDAY,7,TRAIN,CC12,18968,26882
2024-08,WEEKENDS/HOLIDAY,7,TRAIN,CC12,1586,1511
2024-08,WEEKDAY,12,TRAIN,BP8,1390,1368
2024-08,WEEKENDS/HOLIDAY,12,TRAIN,BP8,740,794
2024-08,WEEKENDS/HOLIDAY,18,TRAIN,EW28,15402,14854
2024-08,WEEKDAY,18,TRAIN,EW28,62632,72693
2024-08,WEEKENDS/HOLIDAY,10,TRAIN,BP2,1757,768
2024-08,WEEKDAY,10,TRAIN,BP2,3102,1122
2024-08,WEEKENDS/HOLIDAY,23,TRAIN,EW20,803,2647
2024-08,WEEKDAY,23,TRAIN,EW20,1521,5593
2024-08,WEEKENDS/HOLIDAY,5,TRAIN,NE15,914,28
2024-08,WEEKDAY,5,TRAIN,NE15,5403,315
2024-08,WEEKDAY,18,TRAIN,EW19,39100,52102
2024-08,WEEKENDS/HOLIDAY,18,TRAIN,EW19,8326,8872
2024-08,WEEKDAY,20,TRAIN,BP9,1128,2700
2024-08,WEEKENDS/HOLIDAY,20,TRAIN,BP9,509,863
2024-08,WEEKENDS/HOLIDAY,22,TRAIN,BP10,393,1463
2024-08,WEEKDAY,22,TRAIN,BP10,795,3645
2024-08,WEEKDAY,22,TRAIN,EW8/CC9,34428,22571
2024-08,WEEKENDS/HOLIDAY,22,TRAIN,EW8/CC9,15527,10569
2024-08,WEEKDAY,21,TRAIN,NS27/CE2/TE20,5380,2550
2024-08,WEEKENDS/HOLIDAY,21,TRAIN,NS27/CE2/TE20,5004,1793
2024-08,WEEKENDS/HOLIDAY,6,TRAIN,PE1,828,197
2024-08,WEEKDAY,6,TRAIN,PE1,6156,1666
2024-08,WEEKENDS/HOLIDAY,8,TRAIN,NS15,6643,5470
2024-08,WEEKDAY,8,TRAIN,NS15,34753,84753
2024-08,WEEKDAY,16,TRAIN,TE19,14764,3918
2024-08,WEEKENDS/HOLIDAY,16,TRAIN,TE19,2170,1541
2024-08,WEEKENDS/HOLIDAY,23,TRAIN,SW7,81,731
2024-08,WEEKDAY,23,TRAIN,SW7,156,1593
2024-08,WEEKENDS/HOLIDAY,20,TRAIN,DT3,1394,4116
2024-08,WEEKDAY,20,TRAIN,DT3,3350,12557
2024-08,WEEKDAY,12,TRAIN,CC12,7590,4348
2024-08,WEEKENDS/HOLIDAY,12,TRAIN,CC12,4566,2314
2024-08,WEEKENDS/HOLIDAY,12,TRAIN,CC19/DT9,5038,5134
2024-08,WEEKDAY,12,TRAIN,CC19/DT9,8202,7587
2024-08,WEEKDAY,19,TRAIN,NS15,31335,25582
2024-08,WEEKENDS/HOLIDAY,19,TRAIN,NS15,5299,6219
2024-08,WEEKENDS/HOLIDAY,6,TRAIN,TE4,851,918
2024-08,WEEKDAY,6,TRAIN,TE4,5535,3832
2024-08,WEEKDAY,0,TRAIN,DT8,19,196
2024-08,WEEKENDS/HOLIDAY,0,TRAIN,DT8,15,61
2024-08,WEEKENDS/HOLIDAY,7,TRAIN,DT7,674,1493
2024-08,WEEKDAY,7,TRAIN,DT7,6601,15620
2024-08,WEEKENDS/HOLIDAY,14,TRAIN,NS14,14368,12777
2024-08,WEEKDAY,14,TRAIN,NS14,23849,22658
2024-08,WEEKENDS/HOLIDAY,11,TRAIN,BP2,1905,828
2024-08,WEEKDAY,11,TRAIN,BP2,2678,1379
2024-08,WEEKENDS/HOLIDAY,7,TRAIN,CG1/DT35,1016,3886
2024-08,WEEKDAY,7,TRAIN,CG1/DT35,2969,31537
2024-08,WEEKENDS/HOLIDAY,10,TRAIN,EW24/NS1,16769,33141
2024-08,WEEKDAY,10,TRAIN,EW24/NS1,29147,59902
2024-08,WEEKENDS/HOLIDAY,5,TRAIN,NE5,131,4
2024-08,WEEKDAY,5,TRAIN,NE5,214,46
2024-08,WEEKDAY,17,TRAIN,NS4/BP1,61012,78626
2024-08,WEEKENDS/HOLIDAY,17,TRAIN,NS4/BP1,18960,23099
2024-08,WEEKDAY,13,TRAIN,PW3,2101,1584
2024-08,WEEKENDS/HOLIDAY,13,TRAIN,PW3,842,685
2024-08,WEEKENDS/HOLIDAY,14,TRAIN,DT23,1616,1914
2024-08,WEEKDAY,14,TRAIN,DT23,2897,3343
2024-08,WEEKENDS/HOLIDAY,7,TRAIN,PE5,2250,511
2024-08,WEEKDAY,7,TRAIN,PE5,25465,7717
2024-08,WEEKDAY,20,TRAIN,CC2,5806,3235
2024-08,WEEKENDS/HOLIDAY,20,TRAIN,CC2,1579,1641
2024-08,WEEKDAY,21,TRAIN,PW4,3539,5391
2024-08,WEEKENDS/HOLIDAY,21,TRAIN,PW4,1982,2444
2024-08,WEEKDAY,20,TRAIN,CC6,13918,5171
2024-08,WEEKENDS/HOLIDAY,20,TRAIN,CC6,9158,3298
2024-08,WEEKENDS/HOLIDAY,10,TRAIN,PW3,1108,419
2024-08,WEEKDAY,10,TRAIN,PW3,1531,672
2024-08,WEEKDAY,19,TRAIN,TE3,9110,25252
2024-08,WEEKENDS/HOLIDAY,19,TRAIN,TE3,2868,5376
2024-08,WEEKENDS/HOLIDAY,17,TRAIN,CC5,3897,3109
2024-08,WEEKDAY,17,TRAIN,CC5,12920,5307
2024-08,WEEKDAY,10,TRAIN,DT3,8889,3106
2024-08,WEEKENDS/HOLIDAY,10,TRAIN,DT3,5550,2075
2024-08,WEEKDAY,5,TRAIN,TE7,800,261
2024-08,WEEKENDS/HOLIDAY,5,TRAIN,TE7,107,8
2024-08,WEEKENDS/HOLIDAY,23,TRAIN,BP10,137,677
2024-08,WEEKDAY,23,TRAIN,BP10,227,1416
2024-08,WEEKDAY,9,TRAIN,CC2,2661,15026
2024-08,WEEKENDS/HOLIDAY,9,TRAIN,CC2,1357,3190
2024-08,WEEKENDS/HOLIDAY,13,TRAIN,EW2/DT32,31016,29136
2024-08,WEEKDAY,13,TRAIN,EW2/DT32,50310,50645
2024-08,WEEKENDS/HOLIDAY,18,TRAIN,NS15,5952,7261
2024-08,WEEKDAY,18,TRAIN,NS15,71451,36112
2024-08,WEEKDAY,21,TRAIN,NE17/PTC,32439,47150
2024-08,WEEKENDS/HOLIDAY,21,TRAIN,NE17/PTC,18670,19649
2024-08,WEEKDAY,13,TRAIN,SW4,2526,4063
2024-08,WEEKENDS/HOLIDAY,13,TRAIN,SW4,1720,1703
2024-08,WEEKENDS/HOLIDAY,6,TRAIN,EW22,865,669
2024-08,WEEKDAY,6,TRAIN,EW22,6191,7347
2024-08,WEEKDAY,12,TRAIN,DT28,7696,5390
2024-08,WEEKENDS/HOLIDAY,12,TRAIN,DT28,5310,2759
2024-08,WEEKDAY,7,TRAIN,TE8,13766,8072
2024-08,WEEKENDS/HOLIDAY,7,TRAIN,TE8,1664,2217
2024-08,WEEKDAY,15,TRAIN,NS12,9670,14938
2024-08,WEEKENDS/HOLIDAY,15,TRAIN,NS12,7315,7089
2024-08,WEEKENDS/HOLIDAY,0,TRAIN,NS11,514,4248
2024-08,WEEKDAY,0,TRAIN,NS11,960,7254
2024-08,WEEKDAY,18,TRAIN,EW6,18178,37713
2024-08,WEEKENDS/HOLIDAY,18,TRAIN,EW6,6193,7615
2024-08,WEEKENDS/HOLIDAY,22,TRAIN,NS4/BP1,6920,15521
2024-08,WEEKDAY,22,TRAIN,NS4/BP1,14777,34538
2024-08,WEEKDAY,7,TRAIN,NS17/CC15,86951,60455
2024-08,WEEKENDS/HOLIDAY,7,TRAIN,NS17/CC15,9665,7385
2024-08,WEEKDAY,11,TRAIN,TE5,4324,2026
2024-08,WEEKENDS/HOLIDAY,11,TRAIN,TE5,3041,1174
2024-08,WEEKDAY,7,TRAIN,EW14/NS26,5744,90353
2024-08,WEEKENDS/HOLIDAY,7,TRAIN,EW14/NS26,1665,7053
2024-08,WEEKDAY,20,TRAIN,SW5,5492,11062
2024-08,WEEKENDS/HOLIDAY,20,TRAIN,SW5,2809,4086
2024-08,WEEKENDS/HOLIDAY,9,TRAIN,EW8/CC9,13187,33712
2024-08,WEEKDAY,9,TRAIN,EW8/CC9,33736,78939
2024-08,WEEKDAY,7,TRAIN,NE16/STC,128782,37903
2024-08,WEEKENDS/HOLIDAY,7,TRAIN,NE16/STC,12549,5055
2024-08,WEEKENDS/HOLIDAY,14,TRAIN,PE5,2714,2499
2024-08,WEEKDAY,14,TRAIN,PE5,5314,6190
2024-08,WEEKENDS/HOLIDAY,23,TRAIN,EW7,948,4181
2024-08,WEEKDAY,23,TRAIN,EW7,1754,8554
2024-08,WEEKENDS/HOLIDAY,23,TRAIN,TE7,231,1109
2024-08,WEEKDAY,23,TRAIN,TE7,539,2583
2024-08,WEEKDAY,16,TRAIN,NE10,17775,17228
2024-08,WEEKENDS/HOLIDAY,16,TRAIN,NE10,7619,7596
2024-08,WEEKENDS/HOLIDAY,14,TRAIN,BP4,718,818
2024-08,WEEKDAY,14,TRAIN,BP4,5969,2833
2024-08,WEEKENDS/HOLIDAY,6,TRAIN,EW8/CC9,6038,3823
2024-08,WEEKDAY,6,TRAIN,EW8/CC9,25829,18597
2024-08,WEEKENDS/HOLIDAY,12,TRAIN,NE15,13455,9247
2024-08,WEEKDAY,12,TRAIN,NE15,19108,14742
2024-08,WEEKENDS/HOLIDAY,15,TRAIN,NS9/TE2,29172,30161
2024-08,WEEKDAY,15,TRAIN,NS9/TE2,44766,65475
2024-08,WEEKENDS/HOLIDAY,5,TRAIN,NS9/TE2,3990,2236
2024-08,WEEKDAY,5,TRAIN,NS9/TE2,23260,9367
2024-08,WEEKENDS/HOLIDAY,12,TRAIN,CC17/TE9,2955,2097
2024-08,WEEKDAY,12,TRAIN,CC17/TE9,7846,4162
2024-08,WEEKENDS/HOLIDAY,8,TRAIN,EW17,9589,7497
2024-08,WEEKDAY,8,TRAIN,EW17,67069,40814
2024-08,WEEKDAY,19,TRAIN,EW32,10516,5679
2024-08,WEEKENDS/HOLIDAY,19,TRAIN,EW32,2615,3968
2024-08,WEEKDAY,13,TRAIN,NS5,24739,20950
2024-08,WEEKENDS/HOLIDAY,13,TRAIN,NS5,14355,12561
2024-08,WEEKENDS/HOLIDAY,14,TRAIN,DT30,3570,3241
2024-08,WEEKDAY,14,TRAIN,DT30,6185,6285
2024-08,WEEKENDS/HOLIDAY,16,TRAIN,DT34,2044,1806
2024-08,WEEKDAY,16,TRAIN,DT34,6571,4458
2024-08,WEEKENDS/HOLIDAY,20,TRAIN,NS2,7271,15470
2024-08,WEEKDAY,20,TRAIN,NS2,18088,43447
2024-08,WEEKDAY,20,TRAIN,NS9/TE2,46015,85782
2024-08,WEEKENDS/HOLIDAY,20,TRAIN,NS9/TE2,22064,31289
2024-08,WEEKDAY,11,TRAIN,NS24/NE6/CC1,22144,36927
2024-08,WEEKENDS/HOLIDAY,11,TRAIN,NS24/NE6/CC1,12422,22249
2024-08,WEEKDAY,23,TRAIN,NS4/BP1,6435,16003
2024-08,WEEKENDS/HOLIDAY,23,TRAIN,NS4/BP1,3237,8708
2024-08,WEEKDAY,19,TRAIN,SE4,2659,9156
2024-08,WEEKENDS/HOLIDAY,19,TRAIN,SE4,1116,2112
2024-08,WEEKENDS/HOLIDAY,14,TRAIN,NS9/TE2,29015,31312
2024-08,WEEKDAY,14,TRAIN,NS9/TE2,44450,56851
2024-08,WEEKENDS/HOLIDAY,17,TRAIN,SW7,1420,1341
2024-08,WEEKDAY,17,TRAIN,SW7,3420,4050
2024-08,WEEKDAY,8,TRAIN,SW7,7942,1502
2024-08,WEEKENDS/HOLIDAY,8,TRAIN,SW7,1452,412
2024-08,WEEKENDS/HOLIDAY,9,TRAIN,NS16,24961,14618
2024-08,WEEKDAY,9,TRAIN,NS16,64365,36042
2024-08,WEEKDAY,16,TRAIN,DT30,5487,9536
2024-08,WEEKENDS/HOLIDAY,16,TRAIN,DT30,3523,3957
2024-08,WEEKENDS/HOLIDAY,16,TRAIN,CC17/TE9,2528,2580
2024-08,WEEKDAY,16,TRAIN,CC17/TE9,10630,6999
2024-08,WEEKENDS/HOLIDAY,13,TRAIN,NS4/BP1,19003,18636
2024-08,WEEKDAY,13,TRAIN,NS4/BP1,31320,32788
2024-08,WEEKDAY,13,TRAIN,DT34,3636,4596
2024-08,WEEKENDS/HOLIDAY,13,TRAIN,DT34,2322,1670
2024-08,WEEKENDS/HOLIDAY,0,TRAIN,DT27,31,407
2024-08,WEEKDAY,0,TRAIN,DT27,44,629
2024-08,WEEKENDS/HOLIDAY,12,TRAIN,SW3,1366,1012
2024-08,WEEKDAY,12,TRAIN,SW3,2615,2015
2024-08,WEEKENDS/HOLIDAY,15,TRAIN,BP8,674,679
2024-08,WEEKDAY,15,TRAIN,BP8,1565,1625
2024-08,WEEKDAY,6,TRAIN,TE15,2727,3180
2024-08,WEEKENDS/HOLIDAY,6,TRAIN,TE15,377,743
2024-08,WEEKENDS/HOLIDAY,10,TRAIN,NE17/PTC,23467,16938
2024-08,WEEKDAY,10,TRAIN,NE17/PTC,39605,26372
2024-08,WEEKENDS/HOLIDAY,8,TRAIN,PE1,2047,638
2024-08,WEEKDAY,8,TRAIN,PE1,11174,1713
2024-08,WEEKENDS/HOLIDAY,17,TRAIN,EW19,9196,8661
2024-08,WEEKDAY,17,TRAIN,EW19,32659,29261
2024-08,WEEKENDS/HOLIDAY,8,TRAIN,EW25,5345,3060
2024-08,WEEKDAY,8,TRAIN,EW25,40460,10756
2024-08,WEEKDAY,18,TRAIN,CC12,12109,17161
2024-08,WEEKENDS/HOLIDAY,18,TRAIN,CC12,2991,3168
2024-08,WEEKENDS/HOLIDAY,20,TRAIN,EW22,1318,3035
2024-08,WEEKDAY,20,TRAIN,EW22,10379,7522
2024-08,WEEKDAY,20,TRAIN,DT33,7112,32239
2024-08,WEEKENDS/HOLIDAY,20,TRAIN,DT33,3283,9461
2024-08,WEEKDAY,23,TRAIN,NE5,13193,2854
2024-08,WEEKENDS/HOLIDAY,23,TRAIN,NE5,6524,1797
2024-08,WEEKDAY,18,TRAIN,DT21,24680,17209
2024-08,WEEKENDS/HOLIDAY,18,TRAIN,DT21,5821,3415
2024-08,WEEKENDS/HOLIDAY,11,TRAIN,SW6,2270,1226
2024-08,WEEKDAY,11,TRAIN,SW6,4013,2124
2024-08,WEEKDAY,19,TRAIN,SW2,6579,11519
2024-08,WEEKENDS/HOLIDAY,19,TRAIN,SW2,3191,3102
2024-08,WEEKENDS/HOLIDAY,19,TRAIN,EW14/NS26,14051,21104
2024-08,WEEKDAY,19,TRAIN,EW14/NS26,164146,31662
2024-08,WEEKDAY,10,TRAIN,EW4,16001,6264
2024-08,WEEKENDS/HOLIDAY,10,TRAIN,EW4,9384,4015
2024-08,WEEKDAY,6,TRAIN,NE14,45529,14527
2024-08,WEEKENDS/HOLIDAY,6,TRAIN,NE14,7332,1969
2024-08,WEEKDAY,8,TRAIN,CC23,5234,88840
2024-08,WEEKENDS/HOLIDAY,8,TRAIN,CC23,940,2638
2024-08,WEEKENDS/HOLIDAY,9,TRAIN,DT24,2892,1421
2024-08,WEEKDAY,9,TRAIN,DT24,10496,6471
2024-08,WEEKENDS/HOLIDAY,9,TRAIN,NS13,28577,15286
2024-08,WEEKDAY,9,TRAIN,NS13,74285,33678
2024-08,WEEKENDS/HOLIDAY,19,TRAIN,CC11,7784,6049
2024-08,WEEKDAY,19,TRAIN,CC11,47061,20990
2024-08,WEEKENDS/HOLIDAY,6,TRAIN,CC28,863,393
2024-08,WEEKDAY,6,TRAIN,CC28,6152,1721
2024-08,WEEKDAY,15,TRAIN,NS16,35693,43387
2024-08,WEEKENDS/HOLIDAY,15,TRAIN,NS16,20026,21850
2024-08,WEEKENDS/HOLIDAY,13,TRAIN,DT31,4172,3594
2024-08,WEEKDAY,13,TRAIN,DT31,6772,7361
2024-08,WEEKENDS/HOLIDAY,17,TRAIN,CC14,3019,3050
2024-08,WEEKDAY,17,TRAIN,CC14,16732,10996
2024-08,WEEKDAY,12,TRAIN,EW4,15081,8613
2024-08,WEEKENDS/HOLIDAY,12,TRAIN,EW4,9266,4729
2024-08,WEEKENDS/HOLIDAY,7,TRAIN,TE19,251,1025
2024-08,WEEKDAY,7,TRAIN,TE19,1395,20344
2024-08,WEEKENDS/HOLIDAY,6,TRAIN,DT8,197,432
2024-08,WEEKDAY,6,TRAIN,DT8,2133,5516
2024-08,WEEKDAY,5,TRAIN,CC21,1068,123
2024-08,WEEKENDS/HOLIDAY,5,TRAIN,CC21,233,19
2024-08,WEEKENDS/HOLIDAY,21,TRAIN,CC8,2320,4560
2024-08,WEEKDAY,21,TRAIN,CC8,4680,9042
2024-08,WEEKENDS/HOLIDAY,10,TRAIN,NS10,23228,10204
2024-08,WEEKDAY,10,TRAIN,NS10,39991,18042
2024-08,WEEKENDS/HOLIDAY,12,TRAIN,NS8,10113,6287
2024-08,WEEKDAY,12,TRAIN,NS8,17426,11431
2024-08,WEEKENDS/HOLIDAY,11,TRAIN,CC6,4993,7544
2024-08,WEEKDAY,11,TRAIN,CC6,5287,7277
2024-08,WEEKENDS/HOLIDAY,9,TRAIN,EW4,9484,4032
2024-08,WEEKDAY,9,TRAIN,EW4,24085,10786
2024-08,WEEKENDS/HOLIDAY,10,TRAIN,NE8,11085,17764
2024-08,WEEKDAY,10,TRAIN,NE8,19829,25517
2024-08,WEEKENDS/HOLIDAY,10,TRAIN,EW10,6987,6265
2024-08,WEEKDAY,10,TRAIN,EW10,11795,6699
2024-08,WEEKDAY,16,TRAIN,NS13,43618,68146
2024-08,WEEKENDS/HOLIDAY,16,TRAIN,NS13,24366,29909
2024-08,WEEKDAY,12,TRAIN,CG1/DT35,12027,13370
2024-08,WEEKENDS/HOLIDAY,12,TRAIN,CG1/DT35,6017,11193
2024-08,WEEKDAY,17,TRAIN,EW21/CC22,94986,30169
2024-08,WEEKENDS/HOLIDAY,17,TRAIN,EW21/CC22,13256,11218
2024-08,WEEKENDS/HOLIDAY,17,TRAIN,CC19/DT9,5982,4905
2024-08,WEEKDAY,17,TRAIN,CC19/DT9,13023,10259
2024-08,WEEKDAY,7,TRAIN,PW6,6350,1400
2024-08,WEEKENDS/HOLIDAY,7,TRAIN,PW6,488,131
2024-08,WEEKENDS/HOLIDAY,11,TRAIN,EW8/CC9,25012,34067
2024-08,WEEKDAY,11,TRAIN,EW8/CC9,31311,46091
2024-08,WEEKDAY,17,TRAIN,TE8,15440,16483
2024-08,WEEKENDS/HOLIDAY,17,TRAIN,TE8,6543,6371
2024-08,WEEKENDS/HOLIDAY,13,TRAIN,EW3,9831,8429
2024-08,WEEKDAY,13,TRAIN,EW3,17907,16878
2024-08,WEEKDAY,10,TRAIN,TE5,4568,1802
2024-08,WEEKENDS/HOLIDAY,10,TRAIN,TE5,2951,1026
2024-08,WEEKENDS/HOLIDAY,19,TRAIN,NS19,14809,18990
2024-08,WEEKDAY,19,TRAIN,NS19,46382,67549
2024-08,WEEKDAY,12,TRAIN,EW20,12693,9934
2024-08,WEEKENDS/HOLIDAY,12,TRAIN,EW20,6986,4585
2024-08,WEEKDAY,9,TRAIN,BP4,2573,12852
2024-08,WEEKENDS/HOLIDAY,9,TRAIN,BP4,1067,470
2024-08,WEEKENDS/HOLIDAY,19,TRAIN,SW1,1056,1151
2024-08,WEEKDAY,19,TRAIN,SW1,3464,4254
2024-08,WEEKENDS/HOLIDAY,11,TRAIN,CC8,4367,2839
2024-08,WEEKDAY,11,TRAIN,CC8,9455,4763
2024-08,WEEKENDS/HOLIDAY,17,TRAIN,CC25,3906,2398
2024-08,WEEKDAY,17,TRAIN,CC25,24966,8254
2024-08,WEEKENDS/HOLIDAY,15,TRAIN,NE12/CC13,31482,31662
2024-08,WEEKDAY,15,TRAIN,NE12/CC13,54352,62310
2024-08,WEEKDAY,0,TRAIN,NS9/TE2,1790,8756
2024-08,WEEKENDS/HOLIDAY,0,TRAIN,NS9/TE2,1128,4463
2024-08,WEEKDAY,15,TRAIN,SW6,3394,4067
2024-08,WEEKENDS/HOLIDAY,15,TRAIN,SW6,1621,1501
2024-08,WEEKDAY,21,TRAIN,BP13,478,630
2024-08,WEEKENDS/HOLIDAY,21,TRAIN,BP13,182,279
2024-08,WEEKDAY,15,TRAIN,TE14/NS22,80105,72105
2024-08,WEEKENDS/HOLIDAY,15,TRAIN,TE14/NS22,55696,56269
2024-08,WEEKENDS/HOLIDAY,9,TRAIN,DT8,2122,1421
2024-08,WEEKDAY,9,TRAIN,DT8,5415,4267
2024-08,WEEKENDS/HOLIDAY,6,TRAIN,NE17/PTC,6577,3446
2024-08,WEEKDAY,6,TRAIN,NE17/PTC,60402,18301
2024-08,WEEKENDS/HOLIDAY,7,TRAIN,NE8,8209,6029
2024-08,WEEKDAY,7,TRAIN,NE8,36075,26303
2024-08,WEEKDAY,21,TRAIN,TE12,3513,1411
2024-08,WEEKENDS/HOLIDAY,21,TRAIN,TE12,1242,770
2024-08,WEEKENDS/HOLIDAY,12,TRAIN,TE19,2237,2128
2024-08,WEEKDAY,12,TRAIN,TE19,10646,9345
2024-08,WEEKENDS/HOLIDAY,14,TRAIN,NE12/CC13,32257,31458
2024-08,WEEKDAY,14,TRAIN,NE12/CC13,59738,57385
2024-08,WEEKDAY,16,TRAIN,BP13,905,759
2024-08,WEEKENDS/HOLIDAY,16,TRAIN,BP13,565,274
2024-08,WEEKDAY,21,TRAIN,SW7,694,3631
2024-08,WEEKENDS/HOLIDAY,21,TRAIN,SW7,318,1484
2024-08,WEEKDAY,22,TRAIN,CC21,12210,5021
2024-08,WEEKENDS/HOLIDAY,22,TRAIN,CC21,5039,2259
2024-08,WEEKENDS/HOLIDAY,7,TRAIN,EW1,9889,6776
2024-08,WEEKDAY,7,TRAIN,EW1,98629,34334
2024-08,WEEKDAY,12,TRAIN,CC27,5216,4162
2024-08,WEEKENDS/HOLIDAY,12,TRAIN,CC27,1104,921
2024-08,WEEKDAY,9,TRAIN,PW7,3619,2246
2024-08,WEEKENDS/HOLIDAY,9,TRAIN,PW7,1571,916
2024-08,WEEKDAY,14,TRAIN,DT5,11714,14270
2024-08,WEEKENDS/HOLIDAY,14,TRAIN,DT5,9232,6956
2024-08,WEEKENDS/HOLIDAY,10,TRAIN,PE3,4433,2633
2024-08,WEEKDAY,10,TRAIN,PE3,6949,4118
2024-08,WEEKDAY,12,TRAIN,NS13,44373,41320
2024-08,WEEKENDS/HOLIDAY,12,TRAIN,NS13,27300,23126
2024-08,WEEKENDS/HOLIDAY,0,TRAIN,CC27,1,11
2024-08,WEEKDAY,0,TRAIN,CC27,1,15
2024-08,WEEKDAY,21,TRAIN,NS20,43527,13466
2024-08,WEEKENDS/HOLIDAY,21,TRAIN,NS20,13868,6666
2024-08,WEEKDAY,11,TRAIN,NE7/DT12,27727,34907
2024-08,WEEKENDS/HOLIDAY,11,TRAIN,NE7/DT12,16302,29432
2024-08,WEEKENDS/HOLIDAY,23,TRAIN,SW3,81,628
2024-08,WEEKDAY,23,TRAIN,SW3,140,1312
2024-08,WEEKDAY,10,TRAIN,EW33,2786,1949
2024-08,WEEKENDS/HOLIDAY,10,TRAIN,EW33,2356,1070
2024-08,WEEKENDS/HOLIDAY,19,TRAIN,DT27,3785,4588
2024-08,WEEKDAY,19,TRAIN,DT27,14890,15856
2024-08,WEEKDAY,21,TRAIN,SW6,952,5091
2024-08,WEEKENDS/HOLIDAY,21,TRAIN,SW6,435,2038
2024-08,WEEKENDS/HOLIDAY,15,TRAIN,TE15,5476,5447
2024-08,WEEKDAY,15,TRAIN,TE15,8004,9751
2024-08,WEEKDAY,7,TRAIN,TE3,37250,30947
2024-08,WEEKENDS/HOLIDAY,7,TRAIN,TE3,3938,3171
2024-08,WEEKDAY,22,TRAIN,CC2,7088,2030
2024-08,WEEKENDS/HOLIDAY,22,TRAIN,CC2,1508,1247
2024-08,WEEKDAY,0,TRAIN,EW21/CC22,343,834
2024-08,WEEKENDS/HOLIDAY,0,TRAIN,EW21/CC22,106,425
2024-08,WEEKENDS/HOLIDAY,19,TRAIN,EW27,20935,32958
2024-08,WEEKDAY,19,TRAIN,EW27,60367,120978
2024-08,WEEKDAY,5,TRAIN,NS3,11204,1044
2024-08,WEEKENDS/HOLIDAY,5,TRAIN,NS3,2226,217
2024-08,WEEKDAY,5,TRAIN,EW30,740,1690
2024-08,WEEKENDS/HOLIDAY,5,TRAIN,EW30,252,244
2024-08,WEEKENDS/HOLIDAY,14,TRAIN,BP13,494,387
2024-08,WEEKDAY,14,TRAIN,BP13,896,779
2024-08,WEEKDAY,20,TRAIN,NS24/NE6/CC1,58578,24478
2024-08,WEEKENDS/HOLIDAY,20,TRAIN,NS24/NE6/CC1,24212,12176
2024-08,WEEKENDS/HOLIDAY,13,TRAIN,DT30,4163,3046
2024-08,WEEKDAY,13,TRAIN,DT30,7094,5622
2024-08,WEEKENDS/HOLIDAY,16,TRAIN,TE18,7765,5684
2024-08,WEEKDAY,16,TRAIN,TE18,12991,9113
2024-08,WEEKDAY,6,TRAIN,TE5,7842,2257
2024-08,WEEKENDS/HOLIDAY,6,TRAIN,TE5,1105,476
2024-08,WEEKENDS/HOLIDAY,16,TRAIN,TE13,2912,2087
2024-08,WEEKDAY,16,TRAIN,TE13,6117,5150
2024-08,WEEKDAY,21,TRAIN,PW6,421,1959
2024-08,WEEKENDS/HOLIDAY,21,TRAIN,PW6,183,704
2024-08,WEEKDAY,16,TRAIN,BP5,2459,2356
2024-08,WEEKENDS/HOLIDAY,16,TRAIN,BP5,1198,1032
2024-08,WEEKDAY,11,TRAIN,DT23,3925,3101
2024-08,WEEKENDS/HOLIDAY,11,TRAIN,DT23,1505,1568
2024-08,WEEKDAY,10,TRAIN,BP7,710,612
2024-08,WEEKENDS/HOLIDAY,10,TRAIN,BP7,347,297
2024-08,WEEKENDS/HOLIDAY,8,TRAIN,EW3,8152,3947
2024-08,WEEKDAY,8,TRAIN,EW3,50586,20495
2024-08,WEEKENDS/HOLIDAY,13,TRAIN,TE7,3922,3209
2024-08,WEEKDAY,13,TRAIN,TE7,8767,6410
2024-08,WEEKDAY,23,TRAIN,NE4/DT19,18674,9382
2024-08,WEEKENDS/HOLIDAY,23,TRAIN,NE4/DT19,8490,4615
2024-08,WEEKDAY,13,TRAIN,TE16,6267,6700
2024-08,WEEKENDS/HOLIDAY,13,TRAIN,TE16,4178,3574
2024-08,WEEKENDS/HOLIDAY,13,TRAIN,CG2,13462,16536
2024-08,WEEKDAY,13,TRAIN,CG2,22658,26819
2024-08,WEEKENDS/HOLIDAY,0,TRAIN,SW8,8,128
2024-08,WEEKDAY,0,TRAIN,SW8,12,213
2024-08,WEEKDAY,13,TRAIN,BP5,2175,2156
2024-08,WEEKENDS/HOLIDAY,13,TRAIN,BP5,1114,1042
2024-08,WEEKENDS/HOLIDAY,21,TRAIN,EW6,2213,6850
2024-08,WEEKDAY,21,TRAIN,EW6,5689,17200
2024-08,WEEKENDS/HOLIDAY,7,TRAIN,DT28,5861,2769
2024-08,WEEKDAY,7,TRAIN,DT28,33517,24674
2024-08,WEEKDAY,19,TRAIN,EW17,30229,55015
2024-08,WEEKENDS/HOLIDAY,19,TRAIN,EW17,10044,12895
2024-08,WEEKENDS/HOLIDAY,16,TRAIN,EW3,8765,9425
2024-08,WEEKDAY,16,TRAIN,EW3,18591,21589
2024-08,WEEKENDS/HOLIDAY,6,TRAIN,NS18,4002,996
2024-08,WEEKDAY,6,TRAIN,NS18,19095,7370
2024-08,WEEKENDS/HOLIDAY,11,TRAIN,BP3,2674,1191
2024-08,WEEKDAY,11,TRAIN,BP3,3947,2359
2024-08,WEEKDAY,15,TRAIN,CC20,5352,6546
2024-08,WEEKENDS/HOLIDAY,15,TRAIN,CC20,2362,2664
2024-08,WEEKENDS/HOLIDAY,7,TRAIN,PE1,1171,385
2024-08,WEEKDAY,7,TRAIN,PE1,11977,4910
2024-08,WEEKDAY,21,TRAIN,EW23,41673,46586
2024-08,WEEKENDS/HOLIDAY,21,TRAIN,EW23,14436,24166
2024-08,WEEKENDS/HOLIDAY,14,TRAIN,EW23,24070,23322
2024-08,WEEKDAY,14,TRAIN,EW23,43846,43871
2024-08,WEEKENDS/HOLIDAY,12,TRAIN,TE1,1995,745
2024-08,WEEKDAY,12,TRAIN,TE1,6925,7095
2024-08,WEEKENDS/HOLIDAY,10,TRAIN,DT34,2181,1271
2024-08,WEEKDAY,10,TRAIN,DT34,4380,3356
2024-08,WEEKENDS/HOLIDAY,23,TRAIN,EW17,1828,5599
2024-08,WEEKDAY,23,TRAIN,EW17,3922,12176
2024-08,WEEKDAY,19,TRAIN,DT24,6801,11152
2024-08,WEEKENDS/HOLIDAY,19,TRAIN,DT24,1899,2579
2024-08,WEEKDAY,11,TRAIN,EW6,11126,7007
2024-08,WEEKENDS/HOLIDAY,11,TRAIN,EW6,6997,4118
2024-08,WEEKENDS/HOLIDAY,10,TRAIN,BP8,636,588
2024-08,WEEKDAY,10,TRAIN,BP8,1197,906
2024-08,WEEKENDS/HOLIDAY,19,TRAIN,NE17/PTC,22616,28080
2024-08,WEEKDAY,19,TRAIN,NE17/PTC,49765,112820
2024-08,WEEKENDS/HOLIDAY,14,TRAIN,DT13,6672,7715
2024-08,WEEKDAY,14,TRAIN,DT13,11280,11389
2024-08,WEEKDAY,20,TRAIN,EW14/NS26,86249,15728
2024-08,WEEKENDS/HOLIDAY,20,TRAIN,EW14/NS26,39426,9232
2024-08,WEEKENDS/HOLIDAY,20,TRAIN,CC12,1129,3263
2024-08,WEEKDAY,20,TRAIN,CC12,2688,9001
2024-08,WEEKENDS/HOLIDAY,0,TRAIN,NS19,264,1481
2024-08,WEEKDAY,0,TRAIN,NS19,598,2606
2024-08,WEEKDAY,19,TRAIN,CG2,29523,27711
2024-08,WEEKENDS/HOLIDAY,19,TRAIN,CG2,14761,12301
2024-08,WEEKENDS/HOLIDAY,9,TRAIN,CC16,2999,3827
2024-08,WEEKDAY,9,TRAIN,CC16,11054,12999
2024-08,WEEKDAY,21,TRAIN,EW28,17925,33179
2024-08,WEEKENDS/HOLIDAY,21,TRAIN,EW28,5205,17802
2024-08,WEEKDAY,15,TRAIN,NE1/CC29,51871,41405
2024-08,WEEKENDS/HOLIDAY,15,TRAIN,NE1/CC29,35045,34370
2024-08,WEEKDAY,0,TRAIN,TE7,19,521
2024-08,WEEKENDS/HOLIDAY,0,TRAIN,TE7,18,236
2024-08,WEEKDAY,22,TRAIN,DT8,1099,2026
2024-08,WEEKENDS/HOLIDAY,22,TRAIN,DT8,676,927
2024-08,WEEKENDS/HOLIDAY,6,TRAIN,CC11,2500,4362
2024-08,WEEKDAY,6,TRAIN,CC11,8527,21669
2024-08,WEEKDAY,17,TRAIN,NS25/EW13,90202,62013
2024-08,WEEKENDS/HOLIDAY,17,TRAIN,NS25/EW13,56243,46070
2024-08,WEEKENDS/HOLIDAY,14,TRAIN,DT24,2244,1961
2024-08,WEEKDAY,14,TRAIN,DT24,3935,4184
2024-08,WEEKENDS/HOLIDAY,20,TRAIN,CC14,1163,2788
2024-08,WEEKDAY,20,TRAIN,CC14,3671,7951
2024-08,WEEKDAY,12,TRAIN,NS4/BP1,33293,30362
2024-08,WEEKENDS/HOLIDAY,12,TRAIN,NS4/BP1,19761,17174
2024-08,WEEKDAY,12,TRAIN,NS24/NE6/CC1,33696,45991
2024-08,WEEKENDS/HOLIDAY,12,TRAIN,NS24/NE6/CC1,16210,24342
2024-08,WEEKENDS/HOLIDAY,13,TRAIN,NE14,17366,13810
2024-08,WEEKDAY,13,TRAIN,NE14,30099,24171
2024-08,WEEKDAY,14,TRAIN,DT17,10301,17705
2024-08,WEEKENDS/HOLIDAY,14,TRAIN,DT17,2816,3625
2024-08,WEEKDAY,8,TRAIN,NS17/CC15,117036,45094
2024-08,WEEKENDS/HOLIDAY,8,TRAIN,NS17/CC15,15501,11931
2024-08,WEEKDAY,7,TRAIN,EW6,28931,12268
2024-08,WEEKENDS/HOLIDAY,7,TRAIN,EW6,3722,2390
2024-08,WEEKDAY,7,TRAIN,NE4/DT19,17088,36964
2024-08,WEEKENDS/HOLIDAY,7,TRAIN,NE4/DT19,4419,7906
2024-08,WEEKDAY,9,TRAIN,NS20,26274,79022
2024-08,WEEKENDS/HOLIDAY,9,TRAIN,NS20,10061,20407
2024-08,WEEKDAY,23,TRAIN,EW16/NE3/TE17,7192,5914
2024-08,WEEKENDS/HOLIDAY,23,TRAIN,EW16/NE3/TE17,3145,3050
2024-08,WEEKENDS/HOLIDAY,18,TRAIN,NS10,16678,21369
2024-08,WEEKDAY,18,TRAIN,NS10,68262,121761
2024-08,WEEKENDS/HOLIDAY,13,TRAIN,TE8,7781,5755
2024-08,WEEKDAY,13,TRAIN,TE8,10597,9448
2024-08,WEEKENDS/HOLIDAY,14,TRAIN,NE15,10687,10386
2024-08,WEEKDAY,14,TRAIN,NE15,15972,19776
2024-08,WEEKENDS/HOLIDAY,12,TRAIN,CC26,1505,1068
2024-08,WEEKDAY,12,TRAIN,CC26,5035,3548
2024-08,WEEKDAY,13,TRAIN,NE16/STC,43752,43321
2024-08,WEEKENDS/HOLIDAY,13,TRAIN,NE16/STC,25860,23229
2024-08,WEEKENDS/HOLIDAY,16,TRAIN,NS10,16637,16334
2024-08,WEEKDAY,16,TRAIN,NS10,31656,41611
2024-08,WEEKDAY,16,TRAIN,NE12/CC13,54789,71583
2024-08,WEEKENDS/HOLIDAY,16,TRAIN,NE12/CC13,32544,34664
2024-08,WEEKENDS/HOLIDAY,6,TRAIN,SW4,581,111
2024-08,WEEKDAY,6,TRAIN,SW4,7031,624
2024-08,WEEKDAY,8,TRAIN,TE4,9348,12789
2024-08,WEEKENDS/HOLIDAY,8,TRAIN,TE4,1736,2209
2024-08,WEEKDAY,10,TRAIN,SE2,6499,2535
2024-08,WEEKENDS/HOLIDAY,10,TRAIN,SE2,3918,1667
2024-08,WEEKENDS/HOLIDAY,15,TRAIN,NE9,9973,9346
2024-08,WEEKDAY,15,TRAIN,NE9,20972,18083
2024-08,WEEKENDS/HOLIDAY,20,TRAIN,EW31,1623,2043
2024-08,WEEKDAY,20,TRAIN,EW31,7576,2879
2024-08,WEEKDAY,13,TRAIN,SW5,10138,8157
2024-08,WEEKENDS/HOLIDAY,13,TRAIN,SW5,4998,4188
2024-08,WEEKENDS/HOLIDAY,22,TRAIN,TE19,1651,681
2024-08,WEEKDAY,22,TRAIN,TE19,5990,1361
2024-08,WEEKDAY,23,TRAIN,NS27/CE2/TE20,1384,939
2024-08,WEEKENDS/HOLIDAY,23,TRAIN,NS27/CE2/TE20,536,330
2024-08,WEEKENDS/HOLIDAY,14,TRAIN,BP7,237,461
2024-08,WEEKDAY,14,TRAIN,BP7,543,1150
2024-08,WEEKENDS/HOLIDAY,20,TRAIN,PE1,755,2207
2024-08,WEEKDAY,20,TRAIN,PE1,1522,6280
2024-08,WEEKENDS/HOLIDAY,0,TRAIN,DT33,21,1429
2024-08,WEEKDAY,0,TRAIN,DT33,21,3081
2024-08,WEEKDAY,19,TRAIN,EW16/NE3/TE17,55038,30931
2024-08,WEEKENDS/HOLIDAY,19,TRAIN,EW16/NE3/TE17,12079,10688
2024-08,WEEKDAY,18,TRAIN,EW11,49071,41048
2024-08,WEEKENDS/HOLIDAY,18,TRAIN,EW11,11622,10282
2024-08,WEEKENDS/HOLIDAY,11,TRAIN,CC7,3643,2407
2024-08,WEEKDAY,11,TRAIN,CC7,7303,3863
2024-08,WEEKDAY,16,TRAIN,EW8/CC9,55551,44705
2024-08,WEEKENDS/HOLIDAY,16,TRAIN,EW8/CC9,37404,34198
2024-08,WEEKENDS/HOLIDAY,15,TRAIN,EW4,7105,7040
2024-08,WEEKDAY,15,TRAIN,EW4,15341,12669
2024-08,WEEKENDS/HOLIDAY,9,TRAIN,DT31,4351,2052
2024-08,WEEKDAY,9,TRAIN,DT31,15398,7313
2024-08,WEEKENDS/HOLIDAY,14,TRAIN,EW11,9039,11142
2024-08,WEEKDAY,14,TRAIN,EW11,15804,18919
2024-08,WEEKDAY,16,TRAIN,NE14,26072,36124
2024-08,WEEKENDS/HOLIDAY,16,TRAIN,NE14,14883,14842
2024-08,WEEKENDS/HOLIDAY,5,TRAIN,EW29,342,854
2024-08,WEEKDAY,5,TRAIN,EW29,1750,7930
2024-08,WEEKENDS/HOLIDAY,13,TRAIN,SE5,1484,1320
2024-08,WEEKDAY,13,TRAIN,SE5,3707,2908
2024-08,WEEKENDS/HOLIDAY,18,TRAIN,CG2,14952,14351
2024-08,WEEKDAY,18,TRAIN,CG2,38195,29359
2024-08,WEEKDAY,16,TRAIN,TE22,3424,7563
2024-08,WEEKENDS/HOLIDAY,16,TRAIN,TE22,3247,9203
2024-08,WEEKDAY,16,TRAIN,CC14,14592,8128
2024-08,WEEKENDS/HOLIDAY,16,TRAIN,CC14,2848,2762
2024-08,WEEKDAY,23,TRAIN,BP3,263,1381
2024-08,WEEKENDS/HOLIDAY,23,TRAIN,BP3,135,667
2024-08,WEEKDAY,5,TRAIN,DT23,86,0
2024-08,WEEKENDS/HOLIDAY,5,TRAIN,DT23,18,0
2024-08,WEEKDAY,17,TRAIN,CC20,9904,10618
2024-08,WEEKENDS/HOLIDAY,17,TRAIN,CC20,3059,2998
2024-08,WEEKDAY,12,TRAIN,CC14,8463,4529
2024-08,WEEKENDS/HOLIDAY,12,TRAIN,CC14,3585,2382
2024-08,WEEKENDS/HOLIDAY,18,TRAIN,EW1,14505,19824
2024-08,WEEKDAY,18,TRAIN,EW1,41542,102485
2024-08,WEEKDAY,0,TRAIN,DT25,23,387
2024-08,WEEKENDS/HOLIDAY,0,TRAIN,DT25,14,142
2024-08,WEEKENDS/HOLIDAY,0,TRAIN,EW22,29,141
2024-08,WEEKDAY,0,TRAIN,EW22,79,269
2024-08,WEEKENDS/HOLIDAY,13,TRAIN,EW33,1827,1537
2024-08,WEEKDAY,13,TRAIN,EW33,1735,2190
2024-08,WEEKDAY,14,TRAIN,TE6,11270,7455
2024-08,WEEKENDS/HOLIDAY,14,TRAIN,TE6,4635,4256
2024-08,WEEKDAY,0,TRAIN,EW4,99,2862
2024-08,WEEKENDS/HOLIDAY,0,TRAIN,EW4,47,1455
2024-08,WEEKENDS/HOLIDAY,18,TRAIN,EW12/DT14,46859,37590
2024-08,WEEKDAY,18,TRAIN,EW12/DT14,156885,119645
2024-08,WEEKENDS/HOLIDAY,8,TRAIN,DT31,3858,2307
2024-08,WEEKDAY,8,TRAIN,DT31,35858,16009
2024-08,WEEKENDS/HOLIDAY,12,TRAIN,TE22,1704,4229
2024-08,WEEKDAY,12,TRAIN,TE22,2138,4678
2024-08,WEEKDAY,12,TRAIN,TE18,13662,17008
2024-08,WEEKENDS/HOLIDAY,12,TRAIN,TE18,7037,9226
2024-08,WEEKENDS/HOLIDAY,14,TRAIN,CE1/DT16,21443,34197
2024-08,WEEKDAY,14,TRAIN,CE1/DT16,26784,39330
2024-08,WEEKENDS/HOLIDAY,12,TRAIN,EW19,10458,6313
2024-08,WEEKDAY,12,TRAIN,EW19,14824,12445
2024-08,WEEKENDS/HOLIDAY,5,TRAIN,DT25,146,27
2024-08,WEEKDAY,5,TRAIN,DT25,855,423
2024-08,WEEKDAY,13,TRAIN,BP2,2963,2223
2024-08,WEEKENDS/HOLIDAY,13,TRAIN,BP2,1283,1231
2024-08,WEEKENDS/HOLIDAY,9,TRAIN,SW4,1680,758
2024-08,WEEKDAY,9,TRAIN,SW4,4229,1623
2024-08,WEEKENDS/HOLIDAY,21,TRAIN,DT17,7006,2183
2024-08,WEEKDAY,21,TRAIN,DT17,17091,4655
2024-08,WEEKDAY,6,TRAIN,SW1,2457,4841
2024-08,WEEKENDS/HOLIDAY,6,TRAIN,SW1,137,1363
2024-08,WEEKDAY,20,TRAIN,EW12/DT14,85587,43223
2024-08,WEEKENDS/HOLIDAY,20,TRAIN,EW12/DT14,38581,23175
2024-08,WEEKENDS/HOLIDAY,21,TRAIN,TE15,4981,3028
2024-08,WEEKDAY,21,TRAIN,TE15,10594,5292
2024-08,WEEKDAY,8,TRAIN,NE1/CC29,28442,122738
2024-08,WEEKENDS/HOLIDAY,8,TRAIN,NE1/CC29,7207,20348
2024-08,WEEKENDS/HOLIDAY,18,TRAIN,BP5,1038,1033
2024-08,WEEKDAY,18,TRAIN,BP5,3867,4764
2024-08,WEEKDAY,14,TRAIN,EW17,22975,24151
2024-08,WEEKENDS/HOLIDAY,14,TRAIN,EW17,12674,12851
2024-08,WEEKDAY,10,TRAIN,NS25/EW13,17793,60961
2024-08,WEEKENDS/HOLIDAY,10,TRAIN,NS25/EW13,14206,48478
2024-08,WEEKDAY,10,TRAIN,SW8,2369,922
2024-08,WEEKENDS/HOLIDAY,10,TRAIN,SW8,1424,667
2024-08,WEEKDAY,9,TRAIN,EW25,16764,4967
2024-08,WEEKENDS/HOLIDAY,9,TRAIN,EW25,5593,2974
2024-08,WEEKDAY,23,TRAIN,CC27,760,178
2024-08,WEEKENDS/HOLIDAY,23,TRAIN,CC27,139,91
2024-08,WEEKDAY,13,TRAIN,DT29,5851,4892
2024-08,WEEKENDS/HOLIDAY,13,TRAIN,DT29,3441,2459
2024-08,WEEKENDS/HOLIDAY,22,TRAIN,CC3,9600,1069
2024-08,WEEKDAY,22,TRAIN,CC3,13720,2013
2024-08,WEEKDAY,9,TRAIN,EW22,8828,22624
2024-08,WEEKENDS/HOLIDAY,9,TRAIN,EW22,2656,1859
2024-08,WEEKENDS/HOLIDAY,6,TRAIN,SW3,534,106
2024-08,WEEKDAY,6,TRAIN,SW3,4813,1228
2024-08,WEEKDAY,6,TRAIN,SW7,5645,737
2024-08,WEEKENDS/HOLIDAY,6,TRAIN,SW7,624,97
2024-08,WEEKENDS/HOLIDAY,5,TRAIN,BP2,516,68
2024-08,WEEKDAY,5,TRAIN,BP2,2218,398
2024-08,WEEKENDS/HOLIDAY,18,TRAIN,NS16,19987,27250
2024-08,WEEKDAY,18,TRAIN,NS16,77116,143218
2024-08,WEEKENDS/HOLIDAY,16,TRAIN,CG1/DT35,12136,11101
2024-08,WEEKDAY,16,TRAIN,CG1/DT35,20770,8133
2024-08,WEEKENDS/HOLIDAY,12,TRAIN,DT8,2154,1413
2024-08,WEEKDAY,12,TRAIN,DT8,6005,3261
2024-08,WEEKENDS/HOLIDAY,19,TRAIN,BP7,169,467
2024-08,WEEKDAY,19,TRAIN,BP7,845,2516
2024-08,WEEKENDS/HOLIDAY,14,TRAIN,NS11,18715,17939
2024-08,WEEKDAY,14,TRAIN,NS11,29006,31798
2024-08,WEEKENDS/HOLIDAY,20,TRAIN,DT7,756,1900
2024-08,WEEKDAY,20,TRAIN,DT7,2418,4665
2024-08,WEEKENDS/HOLIDAY,8,TRAIN,NS14,19409,8358
2024-08,WEEKDAY,8,TRAIN,NS14,115477,28031
2024-08,WEEKDAY,16,TRAIN,SW6,3554,4696
2024-08,WEEKENDS/HOLIDAY,16,TRAIN,SW6,1637,1549
2024-08,WEEKENDS/HOLIDAY,7,TRAIN,EW19,5008,3082
2024-08,WEEKDAY,7,TRAIN,EW19,44595,24573
2024-08,WEEKENDS/HOLIDAY,12,TRAIN,EW25,5433,3978
2024-08,WEEKDAY,12,TRAIN,EW25,7452,5232
2024-08,WEEKENDS/HOLIDAY,9,TRAIN,CC6,2276,6985
2024-08,WEEKDAY,9,TRAIN,CC6,3930,11506
2024-08,WEEKDAY,16,TRAIN,EW23,54109,52795
2024-08,WEEKENDS/HOLIDAY,16,TRAIN,EW23,24906,25470
2024-08,WEEKDAY,9,TRAIN,NS14,58912,19335
2024-08,WEEKENDS/HOLIDAY,9,TRAIN,NS14,21408,9509
2024-08,WEEKENDS/HOLIDAY,5,TRAIN,NS19,1063,412
2024-08,WEEKDAY,5,TRAIN,NS19,6203,2811
2024-08,WEEKENDS/HOLIDAY,9,TRAIN,DT28,5222,2202
2024-08,WEEKDAY,9,TRAIN,DT28,16596,14726
2024-08,WEEKENDS/HOLIDAY,18,TRAIN,EW30,2210,1466
2024-08,WEEKDAY,18,TRAIN,EW30,20060,2976
2024-08,WEEKDAY,22,TRAIN,BP7,213,1068
2024-08,WEEKENDS/HOLIDAY,22,TRAIN,BP7,69,449
2024-08,WEEKDAY,16,TRAIN,NS21/DT11,61328,61361
2024-08,WEEKENDS/HOLIDAY,16,TRAIN,NS21/DT11,32065,32398
2024-08,WEEKDAY,20,TRAIN,EW6,5652,18863
2024-08,WEEKENDS/HOLIDAY,20,TRAIN,EW6,2806,6547
2024-08,WEEKDAY,16,TRAIN,EW25,8987,11006
2024-08,WEEKENDS/HOLIDAY,16,TRAIN,EW25,4796,5729
2024-08,WEEKENDS/HOLIDAY,20,TRAIN,SE2,951,3166
2024-08,WEEKDAY,20,TRAIN,SE2,2068,9401
2024-08,WEEKDAY,0,TRAIN,DT7,20,222
2024-08,WEEKENDS/HOLIDAY,0,TRAIN,DT7,7,112
2024-08,WEEKENDS/HOLIDAY,18,TRAIN,EW9,14856,18630
2024-08,WEEKDAY,18,TRAIN,EW9,47025,63286
2024-08,WEEKENDS/HOLIDAY,13,TRAIN,EW23,25642,23592
2024-08,WEEKDAY,13,TRAIN,EW23,48021,42991
2024-08,WEEKDAY,9,TRAIN,DT20,8895,12549
2024-08,WEEKENDS/HOLIDAY,9,TRAIN,DT20,2021,3162
2024-08,WEEKDAY,22,TRAIN,CC27,2720,560
2024-08,WEEKENDS/HOLIDAY,22,TRAIN,CC27,636,233
2024-08,WEEKENDS/HOLIDAY,13,TRAIN,CC10/DT26,8203,6910
2024-08,WEEKDAY,13,TRAIN,CC10/DT26,12950,14973
2024-08,WEEKDAY,18,TRAIN,EW7,27233,49579
2024-08,WEEKENDS/HOLIDAY,18,TRAIN,EW7,8141,10256
2024-08,WEEKDAY,9,TRAIN,EW15,15735,172371
2024-08,WEEKENDS/HOLIDAY,9,TRAIN,EW15,4441,12283
2024-08,WEEKENDS/HOLIDAY,21,TRAIN,SE4,629,1818
2024-08,WEEKDAY,21,TRAIN,SE4,1516,4426
2024-08,WEEKENDS/HOLIDAY,19,TRAIN,CC21,5821,5627
2024-08,WEEKDAY,19,TRAIN,CC21,14780,22207
2024-08,WEEKENDS/HOLIDAY,13,TRAIN,PW7,1485,1647
2024-08,WEEKDAY,13,TRAIN,PW7,2423,4071
2024-08,WEEKDAY,6,TRAIN,DT6,4194,4878
2024-08,WEEKENDS/HOLIDAY,6,TRAIN,DT6,508,419
2024-08,WEEKDAY,22,TRAIN,SE5,496,2615
2024-08,WEEKENDS/HOLIDAY,22,TRAIN,SE5,264,1335
2024-08,WEEKENDS/HOLIDAY,9,TRAIN,CC24,2184,5068
2024-08,WEEKDAY,9,TRAIN,CC24,10324,93728
2024-08,WEEKDAY,14,TRAIN,TE15,9209,8981
2024-08,WEEKENDS/HOLIDAY,14,TRAIN,TE15,5275,5613
2024-08,WEEKDAY,9,TRAIN,EW11,24820,31572
2024-08,WEEKENDS/HOLIDAY,9,TRAIN,EW11,8587,8082
2024-08,WEEKDAY,14,TRAIN,NS27/CE2/TE20,3981,5922
2024-08,WEEKENDS/HOLIDAY,14,TRAIN,NS27/CE2/TE20,2257,3529
2024-08,WEEKDAY,23,TRAIN,CC10/DT26,2489,7072
2024-08,WEEKENDS/HOLIDAY,23,TRAIN,CC10/DT26,1015,3453
2024-08,WEEKENDS/HOLIDAY,13,TRAIN,DT22,5592,6709
2024-08,WEEKDAY,13,TRAIN,DT22,8755,8109
2024-08,WEEKENDS/HOLIDAY,7,TRAIN,NS2,10703,7050
2024-08,WEEKDAY,7,TRAIN,NS2,94787,51153
2024-08,WEEKENDS/HOLIDAY,10,TRAIN,DT27,4169,2509
2024-08,WEEKDAY,10,TRAIN,DT27,8400,7260
2024-08,WEEKDAY,9,TRAIN,DT6,8473,7947
2024-08,WEEKENDS/HOLIDAY,9,TRAIN,DT6,3096,2323
2024-08,WEEKENDS/HOLIDAY,11,TRAIN,BP5,1240,920
2024-08,WEEKDAY,11,TRAIN,BP5,2211,1634
2024-08,WEEKDAY,8,TRAIN,NS5,88611,27193
2024-08,WEEKENDS/HOLIDAY,8,TRAIN,NS5,15908,6490
2024-08,WEEKENDS/HOLIDAY,9,TRAIN,EW5,18516,10325
2024-08,WEEKDAY,9,TRAIN,EW5,50224,25227
2024-08,WEEKENDS/HOLIDAY,15,TRAIN,CC24,6947,4654
2024-08,WEEKDAY,15,TRAIN,CC24,35543,20568
2024-08,WEEKENDS/HOLIDAY,19,TRAIN,SW5,3289,4515
2024-08,WEEKDAY,19,TRAIN,SW5,7487,19607
2024-08,WEEKENDS/HOLIDAY,20,TRAIN,TE15,4274,3429
2024-08,WEEKDAY,20,TRAIN,TE15,9968,7457
2024-08,WEEKENDS/HOLIDAY,0,TRAIN,DT3,8,433
2024-08,WEEKDAY,0,TRAIN,DT3,31,812
2024-08,WEEKENDS/HOLIDAY,0,TRAIN,PE1,25,370
2024-08,WEEKDAY,0,TRAIN,PE1,47,690
2024-08,WEEKENDS/HOLIDAY,10,TRAIN,BP10,1755,1130
2024-08,WEEKDAY,10,TRAIN,BP10,3209,2034
2024-08,WEEKENDS/HOLIDAY,23,TRAIN,BP13,21,96
2024-08,WEEKDAY,23,TRAIN,BP13,17,174
2024-08,WEEKENDS/HOLIDAY,0,TRAIN,EW10,31,319
2024-08,WEEKDAY,0,TRAIN,EW10,83,694
2024-08,WEEKENDS/HOLIDAY,7,TRAIN,NE17/PTC,11803,8805
2024-08,WEEKDAY,7,TRAIN,NE17/PTC,134656,43293
2024-08,WEEKENDS/HOLIDAY,6,TRAIN,TE19,146,467
2024-08,WEEKDAY,6,TRAIN,TE19,622,5802
2024-08,WEEKENDS/HOLIDAY,5,TRAIN,CC3,38,13
2024-08,WEEKDAY,5,TRAIN,CC3,70,73
2024-08,WEEKDAY,7,TRAIN,EW27,127346,101919
2024-08,WEEKENDS/HOLIDAY,7,TRAIN,EW27,18152,14035
2024-08,WEEKDAY,11,TRAIN,NS14,29855,18690
2024-08,WEEKENDS/HOLIDAY,11,TRAIN,NS14,16789,10389
2024-08,WEEKDAY,13,TRAIN,EW8/CC9,50917,48973
2024-08,WEEKENDS/HOLIDAY,13,TRAIN,EW8/CC9,32043,33276
2024-08,WEEKENDS/HOLIDAY,22,TRAIN,NS25/EW13,39250,4649
2024-08,WEEKDAY,22,TRAIN,NS25/EW13,70620,9477
2024-08,WEEKDAY,7,TRAIN,CC24,6003,66076
2024-08,WEEKENDS/HOLIDAY,7,TRAIN,CC24,1801,4742
2024-08,WEEKDAY,5,TRAIN,CC7,1630,133
2024-08,WEEKENDS/HOLIDAY,5,TRAIN,CC7,300,36
2024-08,WEEKENDS/HOLIDAY,11,TRAIN,CG2,9633,15204
2024-08,WEEKDAY,11,TRAIN,CG2,16653,24754
2024-08,WEEKENDS/HOLIDAY,19,TRAIN,NE16/STC,17582,26636
2024-08,WEEKDAY,19,TRAIN,NE16/STC,48501,119060
2024-08,WEEKDAY,8,TRAIN,EW27,97106,82188
2024-08,WEEKENDS/HOLIDAY,8,TRAIN,EW27,18625,12375
2024-08,WEEKENDS/HOLIDAY,11,TRAIN,EW25,5702,3705
2024-08,WEEKDAY,11,TRAIN,EW25,8181,4544
2024-08,WEEKDAY,14,TRAIN,EW24/NS1,55911,56406
2024-08,WEEKENDS/HOLIDAY,14,TRAIN,EW24/NS1,41268,39384
2024-08,WEEKDAY,20,TRAIN,EW19,9617,23514
2024-08,WEEKENDS/HOLIDAY,20,TRAIN,EW19,4018,8395
2024-08,WEEKENDS/HOLIDAY,6,TRAIN,EW28,11520,2221
2024-08,WEEKDAY,6,TRAIN,EW28,69939,14961
2024-08,WEEKDAY,23,TRAIN,PW7,695,1352
2024-08,WEEKENDS/HOLIDAY,23,TRAIN,PW7,306,692
2024-08,WEEKDAY,23,TRAIN,BP4,175,694
2024-08,WEEKENDS/HOLIDAY,23,TRAIN,BP4,42,312
2024-08,WEEKDAY,13,TRAIN,NS18,15062,11253
2024-08,WEEKENDS/HOLIDAY,13,TRAIN,NS18,7332,5650
2024-08,WEEKENDS/HOLIDAY,18,TRAIN,DT25,2393,2085
2024-08,WEEKDAY,18,TRAIN,DT25,13733,11791
2024-08,WEEKDAY,19,TRAIN,CC8,9683,17158
2024-08,WEEKENDS/HOLIDAY,19,TRAIN,CC8,3677,4478
2024-08,WEEKENDS/HOLIDAY,16,TRAIN,TE16,4150,4170
2024-08,WEEKDAY,16,TRAIN,TE16,7459,8026
2024-08,WEEKDAY,15,TRAIN,CC10/DT26,11574,11602
2024-08,WEEKENDS/HOLIDAY,15,TRAIN,CC10/DT26,6944,6724
2024-08,WEEKDAY,14,TRAIN,TE4,3640,3923
2024-08,WEEKENDS/HOLIDAY,14,TRAIN,TE4,2748,2176
2024-08,WEEKENDS/HOLIDAY,23,TRAIN,NE7/DT12,4319,2904
2024-08,WEEKDAY,23,TRAIN,NE7/DT12,6177,5953
2024-08,WEEKENDS/HOLIDAY,22,TRAIN,TE13,1255,1546
2024-08,WEEKDAY,22,TRAIN,TE13,2785,2730
2024-08,WEEKDAY,18,TRAIN,SW8,3349,3779
2024-08,WEEKENDS/HOLIDAY,18,TRAIN,SW8,1090,1031
2024-08,WEEKENDS/HOLIDAY,15,TRAIN,SE1,1797,2016
2024-08,WEEKDAY,15,TRAIN,SE1,3737,4195
2024-08,WEEKENDS/HOLIDAY,9,TRAIN,PE6,3893,2770
2024-08,WEEKDAY,9,TRAIN,PE6,9132,6556
2024-08,WEEKENDS/HOLIDAY,19,TRAIN,EW15,11025,7736
2024-08,WEEKDAY,19,TRAIN,EW15,103052,32665
2024-08,WEEKDAY,15,TRAIN,SW3,1964,2329
2024-08,WEEKENDS/HOLIDAY,15,TRAIN,SW3,921,952
2024-08,WEEKENDS/HOLIDAY,17,TRAIN,BP12,1165,1010
2024-08,WEEKDAY,17,TRAIN,BP12,4080,3924
2024-08,WEEKENDS/HOLIDAY,0,TRAIN,TE5,25,322
2024-08,WEEKDAY,0,TRAIN,TE5,39,607
2024-08,WEEKENDS/HOLIDAY,15,TRAIN,SE3,1253,1396
2024-08,WEEKDAY,15,TRAIN,SE3,2022,3189
2024-08,WEEKENDS/HOLIDAY,6,TRAIN,DT25,1060,479
2024-08,WEEKDAY,6,TRAIN,DT25,5139,4978
2024-08,WEEKDAY,19,TRAIN,TE15,11256,14934
2024-08,WEEKENDS/HOLIDAY,19,TRAIN,TE15,5076,4633
2024-08,WEEKENDS/HOLIDAY,23,TRAIN,DT29,399,2500
2024-08,WEEKDAY,23,TRAIN,DT29,828,5251
2024-08,WEEKENDS/HOLIDAY,13,TRAIN,PW6,920,795
2024-08,WEEKDAY,13,TRAIN,PW6,1791,1930
2024-08,WEEKDAY,20,TRAIN,TE4,4705,5752
2024-08,WEEKENDS/HOLIDAY,20,TRAIN,TE4,1832,2283
2024-08,WEEKENDS/HOLIDAY,9,TRAIN,EW26,19254,7078
2024-08,WEEKDAY,9,TRAIN,EW26,50662,13770
2024-08,WEEKDAY,15,TRAIN,EW11,17916,19148
2024-08,WEEKENDS/HOLIDAY,15,TRAIN,EW11,9375,10352
2024-08,WEEKDAY,8,TRAIN,DT10/TE11,23267,12591
2024-08,WEEKENDS/HOLIDAY,8,TRAIN,DT10/TE11,3042,2571
2024-08,WEEKDAY,13,TRAIN,EW24/NS1,54378,61516
2024-08,WEEKENDS/HOLIDAY,13,TRAIN,EW24/NS1,36242,44607
2024-08,WEEKDAY,20,TRAIN,NS8,12533,26313
2024-08,WEEKENDS/HOLIDAY,20,TRAIN,NS8,6150,7873
2024-08,WEEKDAY,6,TRAIN,EW25,26430,4868
2024-08,WEEKENDS/HOLIDAY,6,TRAIN,EW25,4258,935
2024-08,WEEKDAY,7,TRAIN,NS16,109113,71598
2024-08,WEEKENDS/HOLIDAY,7,TRAIN,NS16,16423,10045
2024-08,WEEKDAY,16,TRAIN,BP11,2493,3545
2024-08,WEEKENDS/HOLIDAY,16,TRAIN,BP11,1354,1265
2024-08,WEEKDAY,22,TRAIN,DT28,2591,11698
2024-08,WEEKENDS/HOLIDAY,22,TRAIN,DT28,1143,6385
2024-08,WEEKDAY,0,TRAIN,NS16,821,6552
2024-08,WEEKENDS/HOLIDAY,0,TRAIN,NS16,437,4157
2024-08,WEEKDAY,12,TRAIN,NS2,22432,18952
2024-08,WEEKENDS/HOLIDAY,12,TRAIN,NS2,15312,10983
2024-08,WEEKDAY,12,TRAIN,CC10/DT26,15615,11009
2024-08,WEEKENDS/HOLIDAY,12,TRAIN,CC10/DT26,8331,5708
2024-08,WEEKDAY,22,TRAIN,BP6/DT1,15740,43779
2024-08,WEEKENDS/HOLIDAY,22,TRAIN,BP6/DT1,7366,21207
2024-08,WEEKDAY,15,TRAIN,DT17,13542,7323
2024-08,WEEKENDS/HOLIDAY,15,TRAIN,DT17,3011,3911
2024-08,WEEKDAY,5,TRAIN,CC24,262,758
2024-08,WEEKENDS/HOLIDAY,5,TRAIN,CC24,77,72
2024-08,WEEKENDS/HOLIDAY,16,TRAIN,EW33,2550,2063
2024-08,WEEKDAY,16,TRAIN,EW33,5579,3214
2024-08,WEEKENDS/HOLIDAY,6,TRAIN,EW3,2991,1758
2024-08,WEEKDAY,6,TRAIN,EW3,21203,8522
2024-08,WEEKDAY,14,TRAIN,NE9,20352,17916
2024-08,WEEKENDS/HOLIDAY,14,TRAIN,NE9,11244,8838
2024-08,WEEKDAY,17,TRAIN,EW8/CC9,101795,68036
2024-08,WEEKENDS/HOLIDAY,17,TRAIN,EW8/CC9,44699,35436
2024-08,WEEKDAY,7,TRAIN,SE2,22400,2860
2024-08,WEEKENDS/HOLIDAY,7,TRAIN,SE2,2506,483
2024-08,WEEKENDS/HOLIDAY,15,TRAIN,CC16,3248,2827
2024-08,WEEKDAY,15,TRAIN,CC16,9618,6030
2024-08,WEEKENDS/HOLIDAY,9,TRAIN,DT30,5075,1590
2024-08,WEEKDAY,9,TRAIN,DT30,19275,3297
2024-08,WEEKDAY,21,TRAIN,EW16/NE3/TE17,33975,15369
2024-08,WEEKENDS/HOLIDAY,21,TRAIN,EW16/NE3/TE17,10952,7858
2024-08,WEEKDAY,17,TRAIN,NS3,21976,40582
2024-08,WEEKENDS/HOLIDAY,17,TRAIN,NS3,10080,11100
2024-08,WEEKENDS/HOLIDAY,17,TRAIN,DT2,1012,1074
2024-08,WEEKDAY,17,TRAIN,DT2,11494,3601
2024-08,WEEKDAY,0,TRAIN,CG1/DT35,17,472
2024-08,WEEKENDS/HOLIDAY,0,TRAIN,CG1/DT35,12,280
2024-08,WEEKENDS/HOLIDAY,23,TRAIN,TE4,1340,803
2024-08,WEEKDAY,23,TRAIN,TE4,2731,1690
2024-08,WEEKDAY,22,TRAIN,BP4,1130,1844
2024-08,WEEKENDS/HOLIDAY,22,TRAIN,BP4,186,845
2024-08,WEEKDAY,19,TRAIN,DT34,6686,10942
2024-08,WEEKENDS/HOLIDAY,19,TRAIN,DT34,2033,2213
2024-08,WEEKENDS/HOLIDAY,13,TRAIN,CC20,3072,2727
2024-08,WEEKDAY,13,TRAIN,CC20,6578,4947
2024-08,WEEKDAY,20,TRAIN,EW4,10354,22266
2024-08,WEEKENDS/HOLIDAY,20,TRAIN,EW4,4547,8484
2024-08,WEEKENDS/HOLIDAY,8,TRAIN,NS23,2685,9405
2024-08,WEEKDAY,8,TRAIN,NS23,16890,56075
2024-08,WEEKDAY,17,TRAIN,EW6,14680,20747
2024-08,WEEKENDS/HOLIDAY,17,TRAIN,EW6,6214,7311
2024-08,WEEKDAY,7,TRAIN,BP6/DT1,147149,73204
2024-08,WEEKENDS/HOLIDAY,7,TRAIN,BP6/DT1,16254,9005
2024-08,WEEKDAY,16,TRAIN,DT31,9070,9449
2024-08,WEEKENDS/HOLIDAY,16,TRAIN,DT31,4095,4134
2024-08,WEEKENDS/HOLIDAY,19,TRAIN,EW3,6538,11050
2024-08,WEEKDAY,19,TRAIN,EW3,17501,46088
2024-08,WEEKDAY,22,TRAIN,CC5,3809,3137
2024-08,WEEKENDS/HOLIDAY,22,TRAIN,CC5,1884,1678
2024-08,WEEKDAY,6,TRAIN,DT20,1357,3179
2024-08,WEEKENDS/HOLIDAY,6,TRAIN,DT20,314,923
2024-08,WEEKDAY,15,TRAIN,NS7,15298,16389
2024-08,WEEKENDS/HOLIDAY,15,TRAIN,NS7,12759,9702
2024-08,WEEKENDS/HOLIDAY,8,TRAIN,EW28,16116,7811
2024-08,WEEKDAY,8,TRAIN,EW28,85904,49200
2024-08,WEEKDAY,14,TRAIN,SW1,3311,3635
2024-08,WEEKENDS/HOLIDAY,14,TRAIN,SW1,1419,944
2024-08,WEEKDAY,13,TRAIN,CC24,25450,34837
2024-08,WEEKENDS/HOLIDAY,13,TRAIN,CC24,6053,5300
2024-08,WEEKDAY,12,TRAIN,DT21,7530,9087
2024-08,WEEKENDS/HOLIDAY,12,TRAIN,DT21,4379,4481
2024-08,WEEKDAY,13,TRAIN,DT28,6551,7249
2024-08,WEEKENDS/HOLIDAY,13,TRAIN,DT28,5023,3292
2024-08,WEEKDAY,22,TRAIN,NS13,23730,63483
2024-08,WEEKENDS/HOLIDAY,22,TRAIN,NS13,12157,28979
2024-08,WEEKDAY,21,TRAIN,DT21,11314,7973
2024-08,WEEKENDS/HOLIDAY,21,TRAIN,DT21,3931,4224
2024-08,WEEKENDS/HOLIDAY,6,TRAIN,EW1,5907,1890
2024-08,WEEKDAY,6,TRAIN,EW1,46490,12311
2024-08,WEEKENDS/HOLIDAY,9,TRAIN,DT7,2105,1435
2024-08,WEEKDAY,9,TRAIN,DT7,5251,4815
2024-08,WEEKENDS/HOLIDAY,7,TRAIN,DT3,2221,2638
2024-08,WEEKDAY,7,TRAIN,DT3,25180,14995
2024-08,WEEKENDS/HOLIDAY,6,TRAIN,NE13,3359,2741
2024-08,WEEKDAY,6,TRAIN,NE13,21961,9821
2024-08,WEEKENDS/HOLIDAY,16,TRAIN,CC3,8164,9535
2024-08,WEEKDAY,16,TRAIN,CC3,10110,6853
2024-08,WEEKDAY,13,TRAIN,NS17/CC15,50013,41157
2024-08,WEEKENDS/HOLIDAY,13,TRAIN,NS17/CC15,25015,22203
2024-08,WEEKENDS/HOLIDAY,23,TRAIN,TE5,261,1504
2024-08,WEEKDAY,23,TRAIN,TE5,459,3179
2024-08,WEEKDAY,17,TRAIN,EW32,31644,3021
2024-08,WEEKENDS/HOLIDAY,17,TRAIN,EW32,4404,2515
2024-08,WEEKENDS/HOLIDAY,0,TRAIN,BP7,0,2
2024-08,WEEKDAY,10,TRAIN,BP11,3549,1272
2024-08,WEEKENDS/HOLIDAY,10,TRAIN,BP11,2362,892
2024-08,WEEKENDS/HOLIDAY,21,TRAIN,DT13,4281,6049
2024-08,WEEKDAY,21,TRAIN,DT13,11249,10632
2024-08,WEEKDAY,6,TRAIN,DT23,2885,2952
2024-08,WEEKENDS/HOLIDAY,6,TRAIN,DT23,680,413
2024-08,WEEKENDS/HOLIDAY,7,TRAIN,NS27/CE2/TE20,471,776
2024-08,WEEKDAY,7,TRAIN,NS27/CE2/TE20,1425,8734
2024-08,WEEKENDS/HOLIDAY,12,TRAIN,SE5,1980,1204
2024-08,WEEKDAY,12,TRAIN,SE5,3453,2143
