YEAR_MONTH,DAY_TYPE,TIME_PER_HOUR,PT_TYPE,PT_CODE,TOTAL_TAP_IN_VOLUME,TOTAL_TAP_OUT_VOLUME
2025-06,WEEKENDS/HOLIDAY,0,TRAIN,CC16,15,105
2025-06,WEEKDAY,14,TRAIN,NE9,19216,16421
2025-06,WEEKDAY,9,TRAIN,EW9,29409,22250
2025-06,WEEKENDS/HOLIDAY,17,TRAIN,BP11,1504,1383
2025-06,WEEKDAY,0,TRAIN,TE26,107,466
2025-06,WEEKDAY,11,TRAIN,DT6,7214,4721
2025-06,WEEKENDS/HOLIDAY,7,TRAIN,NS16,14425,8818
2025-06,WEEKENDS/HOLIDAY,10,TRAIN,DT7,2140,1255
2025-06,WEEKENDS/HOLIDAY,7,TRAIN,NE17/PTC,9952,5004
2025-06,WEEKENDS/HOLIDAY,13,TRAIN,EW25,5105,5631
2025-06,WEEKDAY,7,TRAIN,PE5,19412,2501
2025-06,WEEKENDS/HOLIDAY,19,TRAIN,NS20,17348,10934
2025-06,WEEKDAY,14,TRAIN,CC8,6683,5808
2025-06,WEEKENDS/HOLIDAY,8,TRAIN,PW3,692,283
2025-06,WEEKDAY,9,TRAIN,NS16,63326,34625
2025-06,WEEKDAY,21,TRAIN,CC19/DT9,4445,3352
2025-06,WEEKENDS/HOLIDAY,15,TRAIN,EW17,10860,11949
2025-06,WEEKDAY,16,TRAIN,TE18,12257,8323
2025-06,WEEKENDS/HOLIDAY,18,TRAIN,BP8,875,943
2025-06,WEEKENDS/HOLIDAY,21,TRAIN,DT7,670,1762
2025-06,WEEKDAY,18,TRAIN,CC2,16316,8195
2025-06,WEEKENDS/HOLIDAY,5,TRAIN,TE15,23,7
2025-06,WEEKDAY,8,TRAIN,CC20,14282,8601
2025-06,WEEKENDS/HOLIDAY,12,TRAIN,CC17/TE9,2833,1911
2025-06,WEEKENDS/HOLIDAY,18,TRAIN,NS7,19305,14045
2025-06,WEEKDAY,22,TRAIN,PE3,1245,5303
2025-06,WEEKENDS/HOLIDAY,23,TRAIN,DT31,477,2491
2025-06,WEEKDAY,13,TRAIN,BP13,1142,1061
2025-06,WEEKDAY,15,TRAIN,TE24,2378,2989
2025-06,WEEKENDS/HOLIDAY,12,TRAIN,PE6,4401,3170
2025-06,WEEKDAY,21,TRAIN,TE29,882,4389
2025-06,WEEKENDS/HOLIDAY,16,TRAIN,NS11,16546,17965
2025-06,WEEKENDS/HOLIDAY,21,TRAIN,DT22,9833,4922
2025-06,WEEKDAY,19,TRAIN,DT18,45208,11979
2025-06,WEEKDAY,16,TRAIN,CE1/DT16,34720,34417
2025-06,WEEKENDS/HOLIDAY,14,TRAIN,TE29,1335,1602
2025-06,WEEKDAY,9,TRAIN,PE1,5813,1513
2025-06,WEEKDAY,10,TRAIN,TE11,4164,2234
2025-06,WEEKENDS/HOLIDAY,21,TRAIN,BP3,642,2360
2025-06,WEEKENDS/HOLIDAY,17,TRAIN,CC12,3279,2513
2025-06,WEEKDAY,15,TRAIN,EW20,10608,9340
2025-06,WEEKDAY,20,TRAIN,NE1/CC29,96678,25403
2025-06,WEEKENDS/HOLIDAY,5,TRAIN,EW30,347,146
2025-06,WEEKDAY,19,TRAIN,CC11,48079,20546
2025-06,WEEKENDS/HOLIDAY,11,TRAIN,CC27,712,1041
2025-06,WEEKDAY,5,TRAIN,EW23,5677,4219
2025-06,WEEKDAY,17,TRAIN,PE7,4299,6547
2025-06,WEEKDAY,15,TRAIN,NS27/CE2/TE20,4426,3767
2025-06,WEEKENDS/HOLIDAY,20,TRAIN,DT27,2354,4839
2025-06,WEEKENDS/HOLIDAY,5,TRAIN,EW10,293,73
2025-06,WEEKDAY,21,TRAIN,SE2,1747,8342
2025-06,WEEKENDS/HOLIDAY,9,TRAIN,EW7,8506,5275
2025-06,WEEKDAY,14,TRAIN,EW5,26604,25247
2025-06,WEEKDAY,17,TRAIN,TE14/NS22,119665,85159
2025-06,WEEKENDS/HOLIDAY,18,TRAIN,BP12,990,1257
2025-06,WEEKENDS/HOLIDAY,17,TRAIN,TE16,4213,3696
2025-06,WEEKENDS/HOLIDAY,23,TRAIN,EW24/NS1,6132,6710
2025-06,WEEKDAY,12,TRAIN,SW1,4099,4566
2025-06,WEEKENDS/HOLIDAY,18,TRAIN,EW29,9424,8271
2025-06,WEEKDAY,14,TRAIN,SW6,2908,3033
2025-06,WEEKENDS/HOLIDAY,6,TRAIN,BP7,387,68
2025-06,WEEKENDS/HOLIDAY,9,TRAIN,NS12,10695,4460
2025-06,WEEKENDS/HOLIDAY,16,TRAIN,DT22,5881,7028
2025-06,WEEKENDS/HOLIDAY,20,TRAIN,DT31,1891,4889
2025-06,WEEKENDS/HOLIDAY,9,TRAIN,EW17,11846,8584
2025-06,WEEKENDS/HOLIDAY,11,TRAIN,TE22,1652,4387
2025-06,WEEKDAY,21,TRAIN,NE10,8930,17765
2025-06,WEEKENDS/HOLIDAY,19,TRAIN,SE3,817,1928
2025-06,WEEKENDS/HOLIDAY,10,TRAIN,DT29,4065,1231
2025-06,WEEKENDS/HOLIDAY,17,TRAIN,BP9,916,1111
2025-06,WEEKDAY,8,TRAIN,DT8,8610,7720
2025-06,WEEKDAY,9,TRAIN,DT30,19992,3301
2025-06,WEEKDAY,12,TRAIN,DT30,7254,3907
2025-06,WEEKDAY,0,TRAIN,DT8,14,181
2025-06,WEEKENDS/HOLIDAY,22,TRAIN,TE22,3627,461
2025-06,WEEKDAY,12,TRAIN,DT7,3542,3252
2025-06,WEEKDAY,10,TRAIN,PW2,58,114
2025-06,WEEKDAY,16,TRAIN,DT21,8261,7037
2025-06,WEEKENDS/HOLIDAY,8,TRAIN,NS4/BP1,15262,10174
2025-06,WEEKDAY,12,TRAIN,BP5,2350,1711
2025-06,WEEKDAY,15,TRAIN,DT17,12940,6586
2025-06,WEEKDAY,19,TRAIN,CC7,7009,14198
2025-06,WEEKENDS/HOLIDAY,18,TRAIN,EW16/NE3/TE17,11533,9826
2025-06,WEEKDAY,11,TRAIN,NS11,33167,17669
2025-06,WEEKDAY,6,TRAIN,NS9/TE2,72430,35155
2025-06,WEEKDAY,11,TRAIN,TE8,8128,8772
2025-06,WEEKENDS/HOLIDAY,0,TRAIN,EW26,27,2175
2025-06,WEEKENDS/HOLIDAY,5,TRAIN,DT27,208,18
2025-06,WEEKENDS/HOLIDAY,16,TRAIN,EW12/DT14,45641,40977
2025-06,WEEKENDS/HOLIDAY,22,TRAIN,EW22,750,2489
2025-06,WEEKDAY,11,TRAIN,CC4/DT15,12127,26049
2025-06,WEEKENDS/HOLIDAY,7,TRAIN,SE1,1431,565
2025-06,WEEKENDS/HOLIDAY,11,TRAIN,EW14/NS26,8390,13217
2025-06,WEEKDAY,15,TRAIN,CC16,4848,4771
2025-06,WEEKDAY,9,TRAIN,TE4,5111,5725
2025-06,WEEKENDS/HOLIDAY,12,TRAIN,NS27/CE2/TE20,1701,2699
2025-06,WEEKDAY,10,TRAIN,PW3,1110,405
2025-06,WEEKDAY,12,TRAIN,NS13,42584,38477
2025-06,WEEKDAY,0,TRAIN,BP6/DT1,2,4950
2025-06,WEEKDAY,18,TRAIN,NE7/DT12,65667,53050
2025-06,WEEKDAY,14,TRAIN,CC16,4236,5062
2025-06,WEEKDAY,6,TRAIN,NS18,15405,4555
2025-06,WEEKENDS/HOLIDAY,8,TRAIN,NS24/NE6/CC1,3262,8650
2025-06,WEEKENDS/HOLIDAY,17,TRAIN,SE1,1968,1817
2025-06,WEEKENDS/HOLIDAY,6,TRAIN,PW4,845,190
2025-06,WEEKENDS/HOLIDAY,23,TRAIN,EW5,1866,8161
2025-06,WEEKDAY,17,TRAIN,NS17/CC15,45530,34396
2025-06,WEEKDAY,5,TRAIN,PE5,2372,91
2025-06,WEEKDAY,20,TRAIN,CG2,27565,18096
2025-06,WEEKDAY,12,TRAIN,PE7,4445,2953
2025-06,WEEKDAY,15,TRAIN,NS8,14242,12477
2025-06,WEEKDAY,10,TRAIN,PE5,6616,2275
2025-06,WEEKDAY,8,TRAIN,CC2,2181,16862
2025-06,WEEKENDS/HOLIDAY,14,TRAIN,CC7,2609,3096
2025-06,WEEKDAY,0,TRAIN,NS10,804,7279
2025-06,WEEKDAY,16,TRAIN,EW2/DT32,49732,63689
2025-06,WEEKENDS/HOLIDAY,13,TRAIN,PW7,1547,1716
2025-06,WEEKDAY,16,TRAIN,SW2,5292,5771
2025-06,WEEKDAY,18,TRAIN,NS16,72812,137347
2025-06,WEEKENDS/HOLIDAY,22,TRAIN,DT8,454,828
2025-06,WEEKENDS/HOLIDAY,21,TRAIN,BP6/DT1,10358,22051
2025-06,WEEKDAY,20,TRAIN,PW2,154,46
2025-06,WEEKENDS/HOLIDAY,19,TRAIN,NS18,4597,7249
2025-06,WEEKENDS/HOLIDAY,21,TRAIN,TE29,557,1985
2025-06,WEEKENDS/HOLIDAY,7,TRAIN,EW1,8934,5629
2025-06,WEEKDAY,12,TRAIN,DT23,3777,3704
2025-06,WEEKENDS/HOLIDAY,10,TRAIN,NE15,13313,5121
2025-06,WEEKENDS/HOLIDAY,8,TRAIN,NS8,9714,5736
2025-06,WEEKDAY,23,TRAIN,NE8,11147,8583
2025-06,WEEKDAY,17,TRAIN,CC25,22200,7562
2025-06,WEEKDAY,10,TRAIN,DT10,4581,1891
2025-06,WEEKENDS/HOLIDAY,7,TRAIN,DT31,3341,1637
2025-06,WEEKDAY,15,TRAIN,TE3,9515,7268
2025-06,WEEKENDS/HOLIDAY,0,TRAIN,NS27/CE2/TE20,14,80
2025-06,WEEKENDS/HOLIDAY,0,TRAIN,TE3,34,766
2025-06,WEEKDAY,6,TRAIN,EW28,58473,12999
2025-06,WEEKDAY,13,TRAIN,CG1/DT35,11814,15197
2025-06,WEEKENDS/HOLIDAY,9,TRAIN,NS28,516,2758
2025-06,WEEKENDS/HOLIDAY,16,TRAIN,DT8,1676,1621
2025-06,WEEKENDS/HOLIDAY,23,TRAIN,BP9,4,16
2025-06,WEEKDAY,12,TRAIN,EW11,17389,16671
2025-06,WEEKDAY,13,TRAIN,SE1,3559,3462
2025-06,WEEKDAY,7,TRAIN,NE7/DT12,23583,33538
2025-06,WEEKDAY,13,TRAIN,NE8,30872,27991
2025-06,WEEKENDS/HOLIDAY,22,TRAIN,CC3,9766,871
2025-06,WEEKDAY,13,TRAIN,TE29,2470,2737
2025-06,WEEKDAY,17,TRAIN,TE5,7880,8298
2025-06,WEEKENDS/HOLIDAY,12,TRAIN,TE28,1776,1502
2025-06,WEEKENDS/HOLIDAY,18,TRAIN,EW22,2722,2760
2025-06,WEEKENDS/HOLIDAY,19,TRAIN,TE6,3307,6255
2025-06,WEEKENDS/HOLIDAY,20,TRAIN,PE4,563,1115
2025-06,WEEKDAY,8,TRAIN,CG1/DT35,3542,79900
2025-06,WEEKDAY,20,TRAIN,CC4/DT15,34086,8024
2025-06,WEEKDAY,11,TRAIN,TE5,4675,1667
2025-06,WEEKENDS/HOLIDAY,20,TRAIN,TE25,892,1542
2025-06,WEEKDAY,0,TRAIN,CG2,119,352
2025-06,WEEKDAY,0,TRAIN,CC4/DT15,209,91
2025-06,WEEKENDS/HOLIDAY,10,TRAIN,TE13,1907,2055
2025-06,WEEKENDS/HOLIDAY,5,TRAIN,DT7,48,3
2025-06,WEEKENDS/HOLIDAY,7,TRAIN,CC16,1748,3016
2025-06,WEEKDAY,18,TRAIN,DT23,24872,10098
2025-06,WEEKDAY,20,TRAIN,EW14/NS26,89243,14354
2025-06,WEEKENDS/HOLIDAY,16,TRAIN,NS12,8187,7893
2025-06,WEEKENDS/HOLIDAY,15,TRAIN,CC17/TE9,2109,2244
2025-06,WEEKDAY,13,TRAIN,PE3,6082,5628
2025-06,WEEKENDS/HOLIDAY,18,TRAIN,SE5,1194,1462
2025-06,WEEKENDS/HOLIDAY,7,TRAIN,TE6,4628,1421
2025-06,WEEKENDS/HOLIDAY,8,TRAIN,SW5,3388,1814
2025-06,WEEKENDS/HOLIDAY,23,TRAIN,BP4,2,13
2025-06,WEEKDAY,13,TRAIN,EW33,2200,2388
2025-06,WEEKENDS/HOLIDAY,16,TRAIN,PW6,704,596
2025-06,WEEKENDS/HOLIDAY,23,TRAIN,EW14/NS26,9323,1013
2025-06,WEEKENDS/HOLIDAY,6,TRAIN,DT8,270,344
2025-06,WEEKDAY,16,TRAIN,BP6/DT1,28939,40471
2025-06,WEEKDAY,15,TRAIN,TE26,12066,11021
2025-06,WEEKENDS/HOLIDAY,10,TRAIN,EW33,2598,1293
2025-06,WEEKDAY,22,TRAIN,CC10/DT26,7476,15806
2025-06,WEEKDAY,5,TRAIN,NS4/BP1,14173,5793
2025-06,WEEKENDS/HOLIDAY,13,TRAIN,NE4/DT19,31618,34917
2025-06,WEEKENDS/HOLIDAY,18,TRAIN,SW7,1010,1267
2025-06,WEEKDAY,22,TRAIN,TE13,2712,1873
2025-06,WEEKENDS/HOLIDAY,14,TRAIN,SW7,1056,1094
2025-06,WEEKDAY,7,TRAIN,NE5,2216,16428
2025-06,WEEKENDS/HOLIDAY,17,TRAIN,NE12/CC13,32602,38084
2025-06,WEEKENDS/HOLIDAY,20,TRAIN,NS10,8505,19826
2025-06,WEEKDAY,14,TRAIN,TE11,3006,3067
2025-06,WEEKENDS/HOLIDAY,6,TRAIN,EW19,2570,1204
2025-06,WEEKDAY,0,TRAIN,TE1,6,240
2025-06,WEEKENDS/HOLIDAY,12,TRAIN,SW3,1155,813
2025-06,WEEKENDS/HOLIDAY,13,TRAIN,NS15,5935,4389
2025-06,WEEKENDS/HOLIDAY,16,TRAIN,NS19,17570,18466
2025-06,WEEKENDS/HOLIDAY,23,TRAIN,EW17,1609,5740
2025-06,WEEKENDS/HOLIDAY,14,TRAIN,NS4/BP1,16637,17367
2025-06,WEEKDAY,21,TRAIN,CC26,3006,3037
2025-06,WEEKDAY,21,TRAIN,SW1,3279,1929
2025-06,WEEKENDS/HOLIDAY,17,TRAIN,NS7,16963,12378
2025-06,WEEKDAY,22,TRAIN,NS28,667,746
2025-06,WEEKENDS/HOLIDAY,0,TRAIN,TE14/NS22,267,280
2025-06,WEEKENDS/HOLIDAY,10,TRAIN,CC8,4189,2889
2025-06,WEEKDAY,5,TRAIN,EW17,4913,304
2025-06,WEEKENDS/HOLIDAY,12,TRAIN,DT21,3505,3944
2025-06,WEEKDAY,14,TRAIN,EW17,20790,21826
2025-06,WEEKDAY,22,TRAIN,PE5,738,5971
2025-06,WEEKDAY,20,TRAIN,PE5,1951,9369
2025-06,WEEKENDS/HOLIDAY,11,TRAIN,TE7,3599,2049
2025-06,WEEKENDS/HOLIDAY,6,TRAIN,SW4,609,115
2025-06,WEEKENDS/HOLIDAY,23,TRAIN,EW4,663,4410
2025-06,WEEKDAY,17,TRAIN,BP11,3413,5650
2025-06,WEEKDAY,7,TRAIN,TE1,13108,14164
2025-06,WEEKENDS/HOLIDAY,22,TRAIN,TE3,1266,5432
2025-06,WEEKENDS/HOLIDAY,8,TRAIN,SE3,1497,436
2025-06,WEEKDAY,17,TRAIN,EW8/CC9,98783,67243
2025-06,WEEKDAY,0,TRAIN,TE3,68,1598
2025-06,WEEKENDS/HOLIDAY,0,TRAIN,NE18,0,253
2025-06,WEEKDAY,7,TRAIN,TE22,263,1498
2025-06,WEEKDAY,15,TRAIN,CC14,8183,5375
2025-06,WEEKENDS/HOLIDAY,6,TRAIN,NE7/DT12,3517,3759
2025-06,WEEKENDS/HOLIDAY,0,TRAIN,EW29,6,254
2025-06,WEEKDAY,18,TRAIN,EW26,53569,98147
2025-06,WEEKENDS/HOLIDAY,14,TRAIN,BP10,1252,1472
2025-06,WEEKDAY,6,TRAIN,DT6,2189,2916
2025-06,WEEKENDS/HOLIDAY,19,TRAIN,NE5,7996,7758
2025-06,WEEKDAY,7,TRAIN,EW8/CC9,41567,43668
2025-06,WEEKDAY,22,TRAIN,BP11,506,3127
2025-06,WEEKENDS/HOLIDAY,14,TRAIN,EW24/NS1,36246,35487
2025-06,WEEKDAY,17,TRAIN,EW30,28284,1956
2025-06,WEEKENDS/HOLIDAY,18,TRAIN,SE1,1685,2174
2025-06,WEEKDAY,22,TRAIN,CC2,5527,1526
2025-06,WEEKDAY,16,TRAIN,PE7,3194,4353
2025-06,WEEKENDS/HOLIDAY,18,TRAIN,EW9,14090,18558
2025-06,WEEKDAY,9,TRAIN,TE6,22628,5140
2025-06,WEEKENDS/HOLIDAY,18,TRAIN,PW3,615,731
2025-06,WEEKDAY,5,TRAIN,EW6,1171,231
2025-06,WEEKENDS/HOLIDAY,21,TRAIN,PE6,1480,2527
2025-06,WEEKENDS/HOLIDAY,11,TRAIN,EW11,8418,8643
2025-06,WEEKENDS/HOLIDAY,9,TRAIN,CC2,1178,3014
2025-06,WEEKDAY,22,TRAIN,NS10,10369,44178
2025-06,WEEKENDS/HOLIDAY,7,TRAIN,EW5,10593,6592
2025-06,WEEKDAY,5,TRAIN,NS27/CE2/TE20,309,291
2025-06,WEEKENDS/HOLIDAY,15,TRAIN,NS16,17404,19414
2025-06,WEEKDAY,18,TRAIN,NS27/CE2/TE20,41763,6340
2025-06,WEEKDAY,12,TRAIN,SE4,4457,2888
2025-06,WEEKDAY,20,TRAIN,NS25/EW13,81015,22101
2025-06,WEEKDAY,16,TRAIN,BP5,2250,1989
2025-06,WEEKENDS/HOLIDAY,21,TRAIN,TE19,1713,825
2025-06,WEEKDAY,5,TRAIN,SW2,1072,241
2025-06,WEEKDAY,9,TRAIN,NS20,26495,82250
2025-06,WEEKDAY,18,TRAIN,CC14,15060,16777
2025-06,WEEKDAY,21,TRAIN,PW4,3225,4951
2025-06,WEEKDAY,9,TRAIN,EW19,35221,12608
2025-06,WEEKENDS/HOLIDAY,20,TRAIN,EW17,8169,11960
2025-06,WEEKDAY,10,TRAIN,EW31,1148,1379
2025-06,WEEKENDS/HOLIDAY,17,TRAIN,PE3,2798,2956
2025-06,WEEKENDS/HOLIDAY,10,TRAIN,TE6,6881,2378
2025-06,WEEKENDS/HOLIDAY,17,TRAIN,SE2,2590,2659
2025-06,WEEKDAY,19,TRAIN,PW6,1028,3594
2025-06,WEEKDAY,13,TRAIN,DT17,11793,42920
2025-06,WEEKDAY,9,TRAIN,TE24,5321,1882
2025-06,WEEKDAY,23,TRAIN,CC11,2816,2870
2025-06,WEEKENDS/HOLIDAY,11,TRAIN,CC10/DT26,8035,4282
2025-06,WEEKDAY,10,TRAIN,EW3,17471,10470
2025-06,WEEKDAY,6,TRAIN,NS10,77009,18643
2025-06,WEEKENDS/HOLIDAY,19,TRAIN,BP9,690,1112
2025-06,WEEKENDS/HOLIDAY,22,TRAIN,DT2,164,727
2025-06,WEEKENDS/HOLIDAY,16,TRAIN,EW28,11780,10161
2025-06,WEEKENDS/HOLIDAY,17,TRAIN,TE14/NS22,63754,44834
2025-06,WEEKENDS/HOLIDAY,5,TRAIN,DT6,34,15
2025-06,WEEKENDS/HOLIDAY,6,TRAIN,PW5,2946,314
2025-06,WEEKDAY,23,TRAIN,BP3,103,532
2025-06,WEEKENDS/HOLIDAY,13,TRAIN,EW3,8430,7752
2025-06,WEEKDAY,11,TRAIN,PE4,1846,984
2025-06,WEEKENDS/HOLIDAY,0,TRAIN,PE1,37,363
2025-06,WEEKENDS/HOLIDAY,18,TRAIN,EW12/DT14,43950,34697
2025-06,WEEKENDS/HOLIDAY,9,TRAIN,CG1/DT35,1169,5803
2025-06,WEEKENDS/HOLIDAY,23,TRAIN,DT2,58,432
2025-06,WEEKENDS/HOLIDAY,9,TRAIN,DT3,4364,2034
2025-06,WEEKDAY,21,TRAIN,BP2,763,4114
2025-06,WEEKENDS/HOLIDAY,21,TRAIN,EW32,733,5280
2025-06,WEEKDAY,7,TRAIN,DT22,15328,8364
2025-06,WEEKDAY,10,TRAIN,TE26,8590,11637
2025-06,WEEKDAY,17,TRAIN,DT34,16661,5407
2025-06,WEEKDAY,10,TRAIN,CC24,13413,31095
2025-06,WEEKDAY,15,TRAIN,NE13,17084,19801
2025-06,WEEKDAY,15,TRAIN,EW25,8526,7418
2025-06,WEEKDAY,21,TRAIN,EW16/NE3/TE17,34470,15076
2025-06,WEEKDAY,11,TRAIN,NE9,26327,15026
2025-06,WEEKENDS/HOLIDAY,6,TRAIN,DT5,2235,1217
2025-06,WEEKDAY,11,TRAIN,SE4,4724,2522
2025-06,WEEKDAY,7,TRAIN,EW22,12081,17501
2025-06,WEEKDAY,14,TRAIN,NE16/STC,39971,41215
2025-06,WEEKENDS/HOLIDAY,16,TRAIN,PE5,2470,2274
2025-06,WEEKDAY,18,TRAIN,BP13,1428,3580
2025-06,WEEKENDS/HOLIDAY,13,TRAIN,CC6,6428,9209
2025-06,WEEKENDS/HOLIDAY,6,TRAIN,BP6/DT1,9349,3894
2025-06,WEEKENDS/HOLIDAY,11,TRAIN,TE23,1675,1004
2025-06,WEEKENDS/HOLIDAY,12,TRAIN,EW21/CC22,9230,7849
2025-06,WEEKENDS/HOLIDAY,19,TRAIN,NE11,6313,7548
2025-06,WEEKDAY,18,TRAIN,CC26,27969,9874
2025-06,WEEKDAY,7,TRAIN,TE24,3796,2448
2025-06,WEEKENDS/HOLIDAY,19,TRAIN,PW6,352,743
2025-06,WEEKENDS/HOLIDAY,9,TRAIN,NS21/DT11,23224,23372
2025-06,WEEKENDS/HOLIDAY,20,TRAIN,EW21/CC22,7260,6089
2025-06,WEEKENDS/HOLIDAY,19,TRAIN,NE17/PTC,20900,25383
2025-06,WEEKENDS/HOLIDAY,22,TRAIN,NE15,2622,11740
2025-06,WEEKENDS/HOLIDAY,22,TRAIN,SW2,965,1425
2025-06,WEEKDAY,18,TRAIN,TE11,8259,9963
2025-06,WEEKDAY,11,TRAIN,NS13,40428,32313
2025-06,WEEKENDS/HOLIDAY,21,TRAIN,SW3,278,1215
2025-06,WEEKENDS/HOLIDAY,13,TRAIN,SE1,1856,1701
2025-06,WEEKDAY,9,TRAIN,EW3,26417,11842
2025-06,WEEKENDS/HOLIDAY,7,TRAIN,TE1,3338,2030
2025-06,WEEKENDS/HOLIDAY,11,TRAIN,TE29,2008,1227
2025-06,WEEKDAY,20,TRAIN,CC27,9647,1014
2025-06,WEEKENDS/HOLIDAY,23,TRAIN,NS19,2147,8350
2025-06,WEEKENDS/HOLIDAY,13,TRAIN,TE6,5115,3904
2025-06,WEEKDAY,7,TRAIN,DT33,64542,17997
2025-06,WEEKDAY,11,TRAIN,CC27,5465,5115
2025-06,WEEKDAY,20,TRAIN,TE19,17144,2073
2025-06,WEEKENDS/HOLIDAY,22,TRAIN,SW8,207,902
2025-06,WEEKDAY,6,TRAIN,NS7,61400,16544
2025-06,WEEKENDS/HOLIDAY,6,TRAIN,SW2,611,565
2025-06,WEEKENDS/HOLIDAY,21,TRAIN,SE3,502,1897
2025-06,WEEKENDS/HOLIDAY,20,TRAIN,TE1,1558,3031
2025-06,WEEKENDS/HOLIDAY,9,TRAIN,EW21/CC22,6552,7556
2025-06,WEEKDAY,0,TRAIN,PW3,15,157
2025-06,WEEKENDS/HOLIDAY,13,TRAIN,NS12,8460,7074
2025-06,WEEKENDS/HOLIDAY,9,TRAIN,TE11,1770,1217
2025-06,WEEKDAY,16,TRAIN,SE4,2919,3973
2025-06,WEEKENDS/HOLIDAY,18,TRAIN,EW32,3961,3729
2025-06,WEEKDAY,9,TRAIN,PE6,9644,6645
2025-06,WEEKENDS/HOLIDAY,9,TRAIN,CC23,837,2469
2025-06,WEEKDAY,16,TRAIN,TE6,7565,11060
2025-06,WEEKDAY,21,TRAIN,PE7,847,5800
2025-06,WEEKDAY,22,TRAIN,PW7,1240,3117
2025-06,WEEKDAY,20,TRAIN,CE1/DT16,87454,35174
2025-06,WEEKDAY,17,TRAIN,SW3,2052,3343
2025-06,WEEKENDS/HOLIDAY,6,TRAIN,NS8,6768,2268
2025-06,WEEKDAY,11,TRAIN,BP13,1610,888
2025-06,WEEKDAY,5,TRAIN,DT18,41,0
2025-06,WEEKENDS/HOLIDAY,22,TRAIN,BP12,203,795
2025-06,WEEKDAY,14,TRAIN,CC23,8985,10559
2025-06,WEEKDAY,16,TRAIN,BP7,775,1257
2025-06,WEEKDAY,10,TRAIN,DT5,13392,10517
2025-06,WEEKDAY,21,TRAIN,TE28,1137,4409
2025-06,WEEKENDS/HOLIDAY,9,TRAIN,SE1,2597,862
2025-06,WEEKDAY,20,TRAIN,CC26,6082,3812
2025-06,WEEKENDS/HOLIDAY,17,TRAIN,EW5,16521,20296
2025-06,WEEKENDS/HOLIDAY,20,TRAIN,TE19,1793,1022
2025-06,WEEKDAY,15,TRAIN,DT18,12342,7490
2025-06,WEEKDAY,7,TRAIN,EW20,24081,23593
2025-06,WEEKENDS/HOLIDAY,9,TRAIN,NE7/DT12,7711,19656
2025-06,WEEKENDS/HOLIDAY,6,TRAIN,EW2/DT32,8056,4070
2025-06,WEEKENDS/HOLIDAY,15,TRAIN,NS24/NE6/CC1,24624,22291
2025-06,WEEKENDS/HOLIDAY,5,TRAIN,DT24,183,0
2025-06,WEEKDAY,10,TRAIN,NS28,1170,2959
2025-06,WEEKENDS/HOLIDAY,14,TRAIN,NS11,16490,16368
2025-06,WEEKDAY,16,TRAIN,NE16/STC,41286,52626
2025-06,WEEKENDS/HOLIDAY,6,TRAIN,EW26,11641,4336
2025-06,WEEKDAY,19,TRAIN,NS16,46126,96907
2025-06,WEEKDAY,6,TRAIN,PW2,9,30
2025-06,WEEKDAY,7,TRAIN,DT29,25153,7226
2025-06,WEEKENDS/HOLIDAY,18,TRAIN,PW2,131,83
2025-06,WEEKDAY,15,TRAIN,NS13,37797,44479
2025-06,WEEKDAY,0,TRAIN,CC2,17,30
2025-06,WEEKENDS/HOLIDAY,19,TRAIN,CC19/DT9,5097,2669
2025-06,WEEKENDS/HOLIDAY,5,TRAIN,DT8,35,9
2025-06,WEEKENDS/HOLIDAY,16,TRAIN,TE28,1773,2292
2025-06,WEEKENDS/HOLIDAY,8,TRAIN,BP11,2263,683
2025-06,WEEKDAY,12,TRAIN,TE3,11794,10198
2025-06,WEEKDAY,7,TRAIN,EW24/NS1,65261,174237
2025-06,WEEKDAY,15,TRAIN,BP3,2802,3222
2025-06,WEEKENDS/HOLIDAY,21,TRAIN,NE5,9664,4713
2025-06,WEEKENDS/HOLIDAY,20,TRAIN,TE4,1986,2084
2025-06,WEEKDAY,16,TRAIN,DT27,9070,7061
2025-06,WEEKDAY,15,TRAIN,SW5,6612,7192
2025-06,WEEKENDS/HOLIDAY,19,TRAIN,EW30,1987,1490
2025-06,WEEKDAY,19,TRAIN,CC12,5197,13586
2025-06,WEEKDAY,0,TRAIN,DT21,232,247
2025-06,WEEKDAY,11,TRAIN,NS14,30098,16233
2025-06,WEEKDAY,5,TRAIN,EW33,7928,673
2025-06,WEEKDAY,14,TRAIN,NS25/EW13,47264,44867
2025-06,WEEKDAY,23,TRAIN,TE25,255,960
2025-06,WEEKDAY,6,TRAIN,TE5,5616,2559
2025-06,WEEKDAY,22,TRAIN,TE4,2697,3399
2025-06,WEEKDAY,9,TRAIN,BP5,2974,1913
2025-06,WEEKDAY,23,TRAIN,TE15,1763,1586
2025-06,WEEKDAY,23,TRAIN,TE19,2507,437
2025-06,WEEKDAY,15,TRAIN,NE4/DT19,58548,48472
2025-06,WEEKDAY,10,TRAIN,DT18,5521,27756
2025-06,WEEKDAY,7,TRAIN,SW6,12030,3579
2025-06,WEEKDAY,8,TRAIN,EW25,41761,10965
2025-06,WEEKDAY,16,TRAIN,EW5,28544,35186
2025-06,WEEKENDS/HOLIDAY,23,TRAIN,NE8,6714,4236
2025-06,WEEKDAY,22,TRAIN,EW18,7852,14267
2025-06,WEEKDAY,12,TRAIN,EW5,30872,24987
2025-06,WEEKDAY,15,TRAIN,EW10,7043,8374
2025-06,WEEKENDS/HOLIDAY,16,TRAIN,TE5,2482,2193
2025-06,WEEKDAY,6,TRAIN,SW5,9316,1453
2025-06,WEEKDAY,23,TRAIN,NS15,3511,5436
2025-06,WEEKDAY,23,TRAIN,NE7/DT12,5863,5186
2025-06,WEEKENDS/HOLIDAY,0,TRAIN,CC24,22,33
2025-06,WEEKENDS/HOLIDAY,22,TRAIN,EW5,5623,16114
2025-06,WEEKENDS/HOLIDAY,16,TRAIN,SE3,1276,1247
2025-06,WEEKENDS/HOLIDAY,13,TRAIN,NE1/CC29,19860,36914
2025-06,WEEKENDS/HOLIDAY,8,TRAIN,CG2,6452,8984
2025-06,WEEKDAY,6,TRAIN,DT25,4068,2443
2025-06,WEEKDAY,5,TRAIN,CC27,265,78
2025-06,WEEKENDS/HOLIDAY,8,TRAIN,TE19,522,1615
2025-06,WEEKDAY,22,TRAIN,CC17/TE9,1910,5191
2025-06,WEEKDAY,14,TRAIN,DT23,3012,3289
2025-06,WEEKDAY,19,TRAIN,EW4,16416,31793
2025-06,WEEKDAY,0,TRAIN,CC23,27,76
2025-06,WEEKDAY,11,TRAIN,DT17,26535,14648
2025-06,WEEKENDS/HOLIDAY,9,TRAIN,SW6,2390,786
2025-06,WEEKDAY,12,TRAIN,CG2,18683,29608
2025-06,WEEKENDS/HOLIDAY,15,TRAIN,NS14,13623,11447
2025-06,WEEKDAY,0,TRAIN,BP10,0,1
2025-06,WEEKDAY,0,TRAIN,NS9/TE2,2010,8103
2025-06,WEEKDAY,22,TRAIN,DT29,2088,10175
2025-06,WEEKDAY,15,TRAIN,NS2,20504,25716
2025-06,WEEKENDS/HOLIDAY,18,TRAIN,BP11,1444,1717
2025-06,WEEKENDS/HOLIDAY,8,TRAIN,NS10,20508,10756
2025-06,WEEKDAY,23,TRAIN,NS18,2250,9203
2025-06,WEEKENDS/HOLIDAY,19,TRAIN,NE16/STC,17412,26336
2025-06,WEEKENDS/HOLIDAY,7,TRAIN,NS10,17062,7980
2025-06,WEEKDAY,9,TRAIN,EW16/NE3/TE17,29705,71973
2025-06,WEEKENDS/HOLIDAY,9,TRAIN,SE3,1759,478
2025-06,WEEKDAY,15,TRAIN,BP5,1942,1612
2025-06,WEEKENDS/HOLIDAY,15,TRAIN,DT10,1682,1130
2025-06,WEEKDAY,18,TRAIN,PE4,2434,3716
2025-06,WEEKENDS/HOLIDAY,6,TRAIN,EW3,2877,1203
2025-06,WEEKDAY,13,TRAIN,TE28,3574,4029
2025-06,WEEKDAY,6,TRAIN,CG1/DT35,1275,11317
2025-06,WEEKDAY,0,TRAIN,TE23,37,176
2025-06,WEEKENDS/HOLIDAY,17,TRAIN,NS16,19492,24154
2025-06,WEEKDAY,11,TRAIN,PW6,1833,844
2025-06,WEEKENDS/HOLIDAY,20,TRAIN,SW6,616,2119
2025-06,WEEKDAY,11,TRAIN,NS5,25587,13124
2025-06,WEEKENDS/HOLIDAY,10,TRAIN,TE24,1976,889
2025-06,WEEKENDS/HOLIDAY,0,TRAIN,DT24,16,205
2025-06,WEEKDAY,12,TRAIN,NS4/BP1,32725,30506
2025-06,WEEKDAY,13,TRAIN,TE7,5072,5085
2025-06,WEEKENDS/HOLIDAY,6,TRAIN,DT20,296,1016
2025-06,WEEKENDS/HOLIDAY,19,TRAIN,NS16,15078,23531
2025-06,WEEKDAY,17,TRAIN,CC27,39848,2760
2025-06,WEEKDAY,22,TRAIN,NS19,13123,33992
2025-06,WEEKENDS/HOLIDAY,19,TRAIN,TE4,2654,2462
2025-06,WEEKENDS/HOLIDAY,18,TRAIN,NS9/TE2,28141,36864
2025-06,WEEKENDS/HOLIDAY,9,TRAIN,PW1,261,1456
2025-06,WEEKENDS/HOLIDAY,13,TRAIN,EW33,2449,1721
2025-06,WEEKDAY,15,TRAIN,EW4,11120,10741
2025-06,WEEKENDS/HOLIDAY,0,TRAIN,NS21/DT11,703,846
2025-06,WEEKDAY,14,TRAIN,TE7,4490,4396
2025-06,WEEKDAY,16,TRAIN,EW10,8501,10937
2025-06,WEEKENDS/HOLIDAY,21,TRAIN,EW1,6242,15470
2025-06,WEEKENDS/HOLIDAY,11,TRAIN,TE26,6122,8188
2025-06,WEEKDAY,18,TRAIN,NS28,3743,2160
2025-06,WEEKDAY,17,TRAIN,SE2,5127,8583
2025-06,WEEKENDS/HOLIDAY,6,TRAIN,NS13,13504,3998
2025-06,WEEKDAY,5,TRAIN,CC6,48,42
2025-06,WEEKENDS/HOLIDAY,17,TRAIN,PW6,756,664
2025-06,WEEKDAY,16,TRAIN,EW15,44620,18916
2025-06,WEEKENDS/HOLIDAY,23,TRAIN,CC12,183,1059
2025-06,WEEKENDS/HOLIDAY,9,TRAIN,DT22,3538,6078
2025-06,WEEKENDS/HOLIDAY,15,TRAIN,EW33,2653,1327
2025-06,WEEKDAY,22,TRAIN,SE2,978,6138
2025-06,WEEKDAY,6,TRAIN,CC12,4183,2815
2025-06,WEEKENDS/HOLIDAY,22,TRAIN,NS13,10620,26228
2025-06,WEEKENDS/HOLIDAY,20,TRAIN,EW20,3087,5361
2025-06,WEEKENDS/HOLIDAY,21,TRAIN,PW4,1576,2062
2025-06,WEEKENDS/HOLIDAY,17,TRAIN,NE11,7882,7905
2025-06,WEEKDAY,11,TRAIN,NS12,17427,8129
2025-06,WEEKDAY,20,TRAIN,SE3,963,6018
2025-06,WEEKENDS/HOLIDAY,14,TRAIN,NS23,19349,25351
2025-06,WEEKDAY,22,TRAIN,DT7,1408,2802
2025-06,WEEKENDS/HOLIDAY,20,TRAIN,EW4,3840,8144
2025-06,WEEKENDS/HOLIDAY,22,TRAIN,NS4/BP1,7081,16986
2025-06,WEEKENDS/HOLIDAY,13,TRAIN,TE3,5283,3513
2025-06,WEEKENDS/HOLIDAY,20,TRAIN,DT5,4642,7444
2025-06,WEEKDAY,6,TRAIN,DT34,2968,2484
2025-06,WEEKDAY,16,TRAIN,DT2,5301,1961
2025-06,WEEKDAY,7,TRAIN,CC2,845,4673
2025-06,WEEKDAY,21,TRAIN,NE7/DT12,30116,18935
2025-06,WEEKDAY,5,TRAIN,NE1/CC29,2028,210
2025-06,WEEKDAY,22,TRAIN,TE12,2330,1107
2025-06,WEEKENDS/HOLIDAY,14,TRAIN,NS20,17990,11112
2025-06,WEEKDAY,10,TRAIN,CC11,6036,21343
2025-06,WEEKDAY,20,TRAIN,DT28,7260,14914
2025-06,WEEKENDS/HOLIDAY,13,TRAIN,NS19,19205,17742
2025-06,WEEKDAY,13,TRAIN,CC8,6806,6355
2025-06,WEEKENDS/HOLIDAY,15,TRAIN,BP5,976,892
2025-06,WEEKENDS/HOLIDAY,10,TRAIN,NE12/CC13,27185,21576
2025-06,WEEKDAY,5,TRAIN,TE13,91,112
2025-06,WEEKDAY,7,TRAIN,TE19,1372,21285
2025-06,WEEKENDS/HOLIDAY,18,TRAIN,CC2,2999,1565
2025-06,WEEKDAY,7,TRAIN,DT17,2196,32864
2025-06,WEEKENDS/HOLIDAY,10,TRAIN,EW18,8701,6193
2025-06,WEEKDAY,15,TRAIN,TE8,8932,8106
2025-06,WEEKDAY,7,TRAIN,NS3,69471,14497
2025-06,WEEKENDS/HOLIDAY,16,TRAIN,PW3,577,615
2025-06,WEEKDAY,21,TRAIN,NS16,30475,59248
2025-06,WEEKENDS/HOLIDAY,18,TRAIN,EW14/NS26,11819,19128
2025-06,WEEKENDS/HOLIDAY,11,TRAIN,NE13,14447,9487
2025-06,WEEKDAY,6,TRAIN,PW5,5703,1179
2025-06,WEEKDAY,18,TRAIN,CC24,95675,18424
2025-06,WEEKENDS/HOLIDAY,21,TRAIN,PE7,405,2357
2025-06,WEEKENDS/HOLIDAY,23,TRAIN,PW2,23,4
2025-06,WEEKENDS/HOLIDAY,10,TRAIN,CC28,2263,1081
2025-06,WEEKENDS/HOLIDAY,22,TRAIN,DT31,1246,4636
2025-06,WEEKDAY,16,TRAIN,TE27,4783,6253
2025-06,WEEKENDS/HOLIDAY,10,TRAIN,SE2,3369,1465
2025-06,WEEKDAY,12,TRAIN,NS16,37338,32871
2025-06,WEEKENDS/HOLIDAY,15,TRAIN,TE1,1789,1159
2025-06,WEEKDAY,17,TRAIN,BP9,2517,3629
2025-06,WEEKDAY,11,TRAIN,SW3,2581,1360
2025-06,WEEKENDS/HOLIDAY,18,TRAIN,EW30,2355,1623
2025-06,WEEKDAY,8,TRAIN,CC27,1400,67945
2025-06,WEEKDAY,6,TRAIN,DT27,6869,5854
2025-06,WEEKDAY,23,TRAIN,BP11,52,588
2025-06,WEEKENDS/HOLIDAY,7,TRAIN,NS8,8610,4278
2025-06,WEEKENDS/HOLIDAY,15,TRAIN,BP13,512,451
2025-06,WEEKENDS/HOLIDAY,10,TRAIN,EW1,16621,7219
2025-06,WEEKENDS/HOLIDAY,16,TRAIN,TE4,2886,1888
2025-06,WEEKENDS/HOLIDAY,12,TRAIN,CC25,3469,2383
2025-06,WEEKENDS/HOLIDAY,20,TRAIN,BP7,231,518
2025-06,WEEKDAY,7,TRAIN,NS14,112956,28856
2025-06,WEEKENDS/HOLIDAY,11,TRAIN,NS24/NE6/CC1,11246,20419
2025-06,WEEKDAY,16,TRAIN,CC3,10451,6088
2025-06,WEEKENDS/HOLIDAY,18,TRAIN,BP5,1011,956
2025-06,WEEKENDS/HOLIDAY,9,TRAIN,CC28,2240,1007
2025-06,WEEKDAY,13,TRAIN,EW12/DT14,66899,73491
2025-06,WEEKENDS/HOLIDAY,8,TRAIN,NS14,18197,8443
2025-06,WEEKENDS/HOLIDAY,22,TRAIN,CC26,674,771
2025-06,WEEKDAY,15,TRAIN,TE22,3383,6227
2025-06,WEEKENDS/HOLIDAY,14,TRAIN,TE24,1205,1408
2025-06,WEEKDAY,21,TRAIN,CE1/DT16,84542,21427
2025-06,WEEKENDS/HOLIDAY,5,TRAIN,DT17,17,0
2025-06,WEEKDAY,22,TRAIN,NS3,6679,18448
2025-06,WEEKDAY,12,TRAIN,DT18,15509,19934
2025-06,WEEKDAY,19,TRAIN,CC14,7400,13121
2025-06,WEEKDAY,7,TRAIN,NE15,65085,8612
2025-06,WEEKDAY,21,TRAIN,PW6,392,1768
2025-06,WEEKENDS/HOLIDAY,13,TRAIN,EW18,8203,7443
2025-06,WEEKENDS/HOLIDAY,13,TRAIN,CC5,3033,4467
2025-06,WEEKENDS/HOLIDAY,16,TRAIN,SE1,1775,1695
2025-06,WEEKENDS/HOLIDAY,12,TRAIN,DT23,1799,1660
2025-06,WEEKDAY,12,TRAIN,PE1,3740,2602
2025-06,WEEKENDS/HOLIDAY,19,TRAIN,NE12/CC13,27831,33573
2025-06,WEEKDAY,18,TRAIN,SE4,3709,9073
2025-06,WEEKDAY,11,TRAIN,NS3,20499,12127
2025-06,WEEKENDS/HOLIDAY,17,TRAIN,TE23,1807,1711
2025-06,WEEKDAY,11,TRAIN,CC25,5780,2837
2025-06,WEEKENDS/HOLIDAY,7,TRAIN,CG1/DT35,1040,3319
2025-06,WEEKDAY,13,TRAIN,TE12,4750,6304
2025-06,WEEKDAY,14,TRAIN,EW29,8549,4974
2025-06,WEEKDAY,15,TRAIN,DT30,4886,5947
2025-06,WEEKDAY,13,TRAIN,DT27,7194,7241
2025-06,WEEKENDS/HOLIDAY,15,TRAIN,PE7,1493,2043
2025-06,WEEKDAY,14,TRAIN,SE1,3377,3285
2025-06,WEEKENDS/HOLIDAY,23,TRAIN,NS10,1780,11656
2025-06,WEEKENDS/HOLIDAY,15,TRAIN,DT29,2713,2756
2025-06,WEEKDAY,20,TRAIN,NS7,22142,37678
2025-06,WEEKENDS/HOLIDAY,19,TRAIN,NS4/BP1,14414,22235
2025-06,WEEKDAY,16,TRAIN,PW4,4928,5622
2025-06,WEEKENDS/HOLIDAY,19,TRAIN,DT4,583,1177
2025-06,WEEKENDS/HOLIDAY,14,TRAIN,TE7,2788,2604
2025-06,WEEKENDS/HOLIDAY,6,TRAIN,NS11,11486,3545
2025-06,WEEKENDS/HOLIDAY,19,TRAIN,CC7,2794,3745
2025-06,WEEKENDS/HOLIDAY,12,TRAIN,CC16,4494,2312
2025-06,WEEKDAY,14,TRAIN,TE18,12739,9190
2025-06,WEEKDAY,10,TRAIN,TE22,800,5439
2025-06,WEEKENDS/HOLIDAY,23,TRAIN,CC20,142,590
2025-06,WEEKDAY,13,TRAIN,DT22,8165,7854
2025-06,WEEKDAY,20,TRAIN,DT17,28657,5163
2025-06,WEEKDAY,22,TRAIN,NS11,12831,49191
2025-06,WEEKENDS/HOLIDAY,17,TRAIN,NS9/TE2,28944,36239
2025-06,WEEKENDS/HOLIDAY,21,TRAIN,TE8,4368,3325
2025-06,WEEKDAY,11,TRAIN,BP9,3163,1949
2025-06,WEEKDAY,23,TRAIN,CC24,1525,933
2025-06,WEEKENDS/HOLIDAY,12,TRAIN,NE9,12713,8618
2025-06,WEEKDAY,12,TRAIN,CC21,9908,15450
2025-06,WEEKDAY,15,TRAIN,TE6,6268,7982
2025-06,WEEKENDS/HOLIDAY,23,TRAIN,CG1/DT35,909,689
2025-06,WEEKENDS/HOLIDAY,8,TRAIN,NE16/STC,17697,7841
2025-06,WEEKDAY,15,TRAIN,TE27,3854,5259
2025-06,WEEKDAY,22,TRAIN,DT34,2157,4277
2025-06,WEEKDAY,23,TRAIN,DT17,4369,682
2025-06,WEEKDAY,21,TRAIN,NS7,24045,37845
2025-06,WEEKENDS/HOLIDAY,17,TRAIN,NE4/DT19,35741,33039
2025-06,WEEKDAY,10,TRAIN,EW10,11030,6256
2025-06,WEEKENDS/HOLIDAY,16,TRAIN,EW16/NE3/TE17,13292,8779
2025-06,WEEKENDS/HOLIDAY,14,TRAIN,EW16/NE3/TE17,11192,9235
2025-06,WEEKENDS/HOLIDAY,6,TRAIN,PE3,908,285
2025-06,WEEKENDS/HOLIDAY,5,TRAIN,NS2,2328,284
2025-06,WEEKDAY,7,TRAIN,TE5,14138,11568
2025-06,WEEKENDS/HOLIDAY,8,TRAIN,EW14/NS26,2029,7940
2025-06,WEEKDAY,20,TRAIN,TE4,4467,4961
2025-06,WEEKENDS/HOLIDAY,19,TRAIN,TE11,1469,1700
2025-06,WEEKDAY,11,TRAIN,TE7,5976,3337
2025-06,WEEKENDS/HOLIDAY,9,TRAIN,TE19,630,1837
2025-06,WEEKENDS/HOLIDAY,13,TRAIN,NS27/CE2/TE20,1905,3093
2025-06,WEEKENDS/HOLIDAY,8,TRAIN,TE23,1009,747
2025-06,WEEKDAY,23,TRAIN,CC28,222,1255
2025-06,WEEKDAY,12,TRAIN,TE19,10026,9207
2025-06,WEEKDAY,7,TRAIN,NS10,151695,48726
2025-06,WEEKENDS/HOLIDAY,18,TRAIN,PE6,3020,3544
2025-06,WEEKENDS/HOLIDAY,13,TRAIN,NS18,6370,5287
2025-06,WEEKENDS/HOLIDAY,11,TRAIN,BP5,1136,856
2025-06,WEEKENDS/HOLIDAY,18,TRAIN,NS18,6040,7094
2025-06,WEEKENDS/HOLIDAY,23,TRAIN,CC19/DT9,341,596
2025-06,WEEKDAY,15,TRAIN,PW4,3870,4960
2025-06,WEEKDAY,11,TRAIN,CC10/DT26,15184,8864
2025-06,WEEKENDS/HOLIDAY,6,TRAIN,TE1,2357,525
2025-06,WEEKENDS/HOLIDAY,15,TRAIN,DT30,3229,3340
2025-06,WEEKDAY,22,TRAIN,EW1,9263,33385
2025-06,WEEKDAY,20,TRAIN,TE3,7337,15316
2025-06,WEEKDAY,9,TRAIN,DT29,16329,4894
2025-06,WEEKDAY,21,TRAIN,NS27/CE2/TE20,5477,3044
2025-06,WEEKDAY,16,TRAIN,EW30,7967,749
2025-06,WEEKENDS/HOLIDAY,14,TRAIN,DT8,1445,1398
2025-06,WEEKENDS/HOLIDAY,5,TRAIN,EW27,3258,367
2025-06,WEEKDAY,0,TRAIN,TE13,34,114
2025-06,WEEKDAY,17,TRAIN,TE7,13026,8489
2025-06,WEEKDAY,14,TRAIN,SE4,3183,3101
2025-06,WEEKENDS/HOLIDAY,5,TRAIN,TE22,3,1
2025-06,WEEKENDS/HOLIDAY,13,TRAIN,DT21,3770,4061
2025-06,WEEKDAY,6,TRAIN,TE8,3953,3042
2025-06,WEEKENDS/HOLIDAY,17,TRAIN,SW8,968,903
2025-06,WEEKDAY,20,TRAIN,NS20,47007,16627
2025-06,WEEKDAY,21,TRAIN,DT6,3040,5288
2025-06,WEEKENDS/HOLIDAY,12,TRAIN,NS13,22815,20434
2025-06,WEEKDAY,14,TRAIN,BP5,1899,1856
2025-06,WEEKENDS/HOLIDAY,5,TRAIN,SW8,185,28
2025-06,WEEKENDS/HOLIDAY,15,TRAIN,TE22,2393,5733
2025-06,WEEKENDS/HOLIDAY,0,TRAIN,SW6,5,294
2025-06,WEEKDAY,9,TRAIN,CC3,1887,22482
2025-06,WEEKENDS/HOLIDAY,5,TRAIN,NS4/BP1,2747,944
2025-06,WEEKDAY,19,TRAIN,TE27,3643,12417
2025-06,WEEKENDS/HOLIDAY,7,TRAIN,EW14/NS26,1452,5975
2025-06,WEEKENDS/HOLIDAY,11,TRAIN,BP13,911,434
2025-06,WEEKDAY,17,TRAIN,EW2/DT32,72416,105936
2025-06,WEEKDAY,13,TRAIN,TE18,15259,11905
2025-06,WEEKDAY,15,TRAIN,TE11,3392,3506
2025-06,WEEKDAY,17,TRAIN,NS8,29412,31714
2025-06,WEEKDAY,23,TRAIN,NE15,1768,13171
2025-06,WEEKDAY,12,TRAIN,SE5,3047,1840
2025-06,WEEKENDS/HOLIDAY,5,TRAIN,TE8,84,30
2025-06,WEEKENDS/HOLIDAY,12,TRAIN,NS20,16607,18337
2025-06,WEEKDAY,12,TRAIN,TE13,6060,4540
2025-06,WEEKDAY,17,TRAIN,NE16/STC,51988,84325
2025-06,WEEKDAY,19,TRAIN,PW4,4121,10727
2025-06,WEEKDAY,5,TRAIN,DT27,838,219
2025-06,WEEKDAY,15,TRAIN,DT8,3654,3484
2025-06,WEEKDAY,12,TRAIN,SE2,5343,3761
2025-06,WEEKENDS/HOLIDAY,14,TRAIN,DT7,1322,1609
2025-06,WEEKDAY,16,TRAIN,NE18,15590,8235
2025-06,WEEKENDS/HOLIDAY,18,TRAIN,DT29,3206,3643
2025-06,WEEKENDS/HOLIDAY,11,TRAIN,DT7,1870,1256
2025-06,WEEKENDS/HOLIDAY,21,TRAIN,EW29,3277,6020
2025-06,WEEKDAY,13,TRAIN,NE11,15292,13378
2025-06,WEEKENDS/HOLIDAY,10,TRAIN,CC17/TE9,2629,2060
2025-06,WEEKDAY,16,TRAIN,NS12,16064,17972
2025-06,WEEKENDS/HOLIDAY,8,TRAIN,CC28,1722,1148
2025-06,WEEKDAY,21,TRAIN,TE1,7239,3427
2025-06,WEEKDAY,18,TRAIN,NE11,27076,41790
2025-06,WEEKDAY,11,TRAIN,EW31,1907,908
2025-06,WEEKENDS/HOLIDAY,14,TRAIN,TE22,2230,5057
2025-06,WEEKDAY,14,TRAIN,DT8,3418,3329
2025-06,WEEKENDS/HOLIDAY,10,TRAIN,NS19,18429,13328
2025-06,WEEKENDS/HOLIDAY,0,TRAIN,NE15,55,889
2025-06,WEEKDAY,16,TRAIN,SE2,4021,5857
2025-06,WEEKENDS/HOLIDAY,18,TRAIN,NS20,16272,12910
2025-06,WEEKDAY,18,TRAIN,CC11,115718,25681
2025-06,WEEKDAY,14,TRAIN,NS24/NE6/CC1,34648,35169
2025-06,WEEKENDS/HOLIDAY,20,TRAIN,NS24/NE6/CC1,21645,11193
2025-06,WEEKDAY,19,TRAIN,NE16/STC,50099,116279
2025-06,WEEKENDS/HOLIDAY,10,TRAIN,BP3,2478,900
2025-06,WEEKENDS/HOLIDAY,0,TRAIN,PE2,46,476
2025-06,WEEKDAY,22,TRAIN,NS13,22519,60172
2025-06,WEEKDAY,13,TRAIN,EW9,17330,15425
2025-06,WEEKENDS/HOLIDAY,20,TRAIN,NS27/CE2/TE20,3473,3385
2025-06,WEEKENDS/HOLIDAY,5,TRAIN,TE24,7,0
2025-06,WEEKDAY,16,TRAIN,DT29,5031,7455
2025-06,WEEKDAY,8,TRAIN,EW11,24437,42945
2025-06,WEEKENDS/HOLIDAY,14,TRAIN,NS19,17362,16912
2025-06,WEEKENDS/HOLIDAY,21,TRAIN,NS8,6365,7364
2025-06,WEEKENDS/HOLIDAY,16,TRAIN,SE2,2334,2220
2025-06,WEEKDAY,16,TRAIN,DT8,5641,3898
2025-06,WEEKDAY,12,TRAIN,NS23,25461,52276
2025-06,WEEKENDS/HOLIDAY,9,TRAIN,NE11,5652,4721
2025-06,WEEKENDS/HOLIDAY,14,TRAIN,TE8,6352,4623
2025-06,WEEKDAY,5,TRAIN,PE1,1286,180
2025-06,WEEKDAY,17,TRAIN,PE5,6331,8649
2025-06,WEEKENDS/HOLIDAY,12,TRAIN,DT5,10959,6587
2025-06,WEEKDAY,16,TRAIN,SW7,2334,2723
2025-06,WEEKENDS/HOLIDAY,21,TRAIN,CC28,678,2248
2025-06,WEEKDAY,11,TRAIN,DT21,6186,7859
2025-06,WEEKENDS/HOLIDAY,11,TRAIN,CC4/DT15,3362,13437
2025-06,WEEKDAY,0,TRAIN,NS11,924,7103
2025-06,WEEKDAY,19,TRAIN,TE28,2543,9689
2025-06,WEEKDAY,22,TRAIN,TE22,4310,496
2025-06,WEEKENDS/HOLIDAY,8,TRAIN,NE18,2376,2816
2025-06,WEEKDAY,18,TRAIN,PW3,1491,2721
2025-06,WEEKENDS/HOLIDAY,22,TRAIN,BP8,419,460
2025-06,WEEKENDS/HOLIDAY,22,TRAIN,DT10,701,1098
2025-06,WEEKDAY,21,TRAIN,NS2,17782,36794
2025-06,WEEKENDS/HOLIDAY,18,TRAIN,CC16,3203,2979
2025-06,WEEKENDS/HOLIDAY,0,TRAIN,NS19,232,1103
2025-06,WEEKDAY,10,TRAIN,PE3,6750,3774
2025-06,WEEKDAY,6,TRAIN,NS5,57725,13863
2025-06,WEEKENDS/HOLIDAY,10,TRAIN,CC14,3269,1985
2025-06,WEEKENDS/HOLIDAY,17,TRAIN,SE3,1480,1413
2025-06,WEEKENDS/HOLIDAY,15,TRAIN,TE8,5761,4558
2025-06,WEEKENDS/HOLIDAY,7,TRAIN,EW12/DT14,5411,9148
2025-06,WEEKENDS/HOLIDAY,15,TRAIN,SE3,1081,1210
2025-06,WEEKENDS/HOLIDAY,11,TRAIN,EW5,17245,11806
2025-06,WEEKDAY,21,TRAIN,TE12,3068,1506
2025-06,WEEKENDS/HOLIDAY,7,TRAIN,BP9,959,938
2025-06,WEEKENDS/HOLIDAY,6,TRAIN,NS7,15636,8105
2025-06,WEEKDAY,22,TRAIN,TE24,705,1948
2025-06,WEEKDAY,13,TRAIN,NE4/DT19,80695,60163
2025-06,WEEKDAY,18,TRAIN,EW6,17534,35415
2025-06,WEEKDAY,9,TRAIN,TE29,7463,1354
2025-06,WEEKENDS/HOLIDAY,21,TRAIN,DT30,1255,5054
2025-06,WEEKDAY,23,TRAIN,BP12,56,385
2025-06,WEEKDAY,20,TRAIN,NE10,11945,19627
2025-06,WEEKDAY,17,TRAIN,CG2,38458,22534
2025-06,WEEKENDS/HOLIDAY,7,TRAIN,CE1/DT16,5826,11188
2025-06,WEEKDAY,17,TRAIN,CC19/DT9,11183,8934
2025-06,WEEKDAY,15,TRAIN,EW11,15256,16194
2025-06,WEEKDAY,18,TRAIN,CC8,12940,20177
2025-06,WEEKDAY,8,TRAIN,DT24,18092,12654
2025-06,WEEKENDS/HOLIDAY,14,TRAIN,NS14,13092,11186
2025-06,WEEKENDS/HOLIDAY,22,TRAIN,TE29,405,1504
2025-06,WEEKDAY,11,TRAIN,DT33,14777,5087
2025-06,WEEKDAY,13,TRAIN,CC25,4552,4303
2025-06,WEEKDAY,14,TRAIN,CC20,4371,4067
2025-06,WEEKDAY,5,TRAIN,EW25,8005,354
2025-06,WEEKDAY,10,TRAIN,CC21,6669,10629
2025-06,WEEKDAY,12,TRAIN,NE5,11545,14342
2025-06,WEEKDAY,17,TRAIN,SW1,7679,3675
2025-06,WEEKENDS/HOLIDAY,0,TRAIN,DT21,77,146
2025-06,WEEKENDS/HOLIDAY,9,TRAIN,EW20,5806,5115
2025-06,WEEKENDS/HOLIDAY,6,TRAIN,DT2,251,94
2025-06,WEEKENDS/HOLIDAY,13,TRAIN,BP7,449,535
2025-06,WEEKDAY,5,TRAIN,TE4,591,455
2025-06,WEEKENDS/HOLIDAY,9,TRAIN,NS23,3837,15709
2025-06,WEEKENDS/HOLIDAY,23,TRAIN,EW31,83,731
2025-06,WEEKENDS/HOLIDAY,12,TRAIN,CC10/DT26,8082,5152
2025-06,WEEKDAY,19,TRAIN,EW6,9505,28791
2025-06,WEEKENDS/HOLIDAY,18,TRAIN,TE3,4245,5105
2025-06,WEEKDAY,15,TRAIN,TE12,5929,3869
2025-06,WEEKENDS/HOLIDAY,14,TRAIN,CC17/TE9,2107,2007
2025-06,WEEKENDS/HOLIDAY,18,TRAIN,PW5,1558,2833
2025-06,WEEKENDS/HOLIDAY,12,TRAIN,NS23,11514,25439
2025-06,WEEKDAY,8,TRAIN,DT6,14839,14960
2025-06,WEEKENDS/HOLIDAY,20,TRAIN,NS15,3583,5937
2025-06,WEEKDAY,18,TRAIN,CC7,13371,17970
2025-06,WEEKENDS/HOLIDAY,11,TRAIN,SW4,1920,942
2025-06,WEEKENDS/HOLIDAY,8,TRAIN,SE1,2248,853
2025-06,WEEKENDS/HOLIDAY,17,TRAIN,EW6,5771,7098
2025-06,WEEKDAY,18,TRAIN,CC17/TE9,18780,19201
2025-06,WEEKDAY,7,TRAIN,CC11,14697,60928
2025-06,WEEKENDS/HOLIDAY,22,TRAIN,PE2,341,2855
2025-06,WEEKDAY,10,TRAIN,NS21/DT11,47275,47697
2025-06,WEEKDAY,19,TRAIN,DT20,11075,11126
2025-06,WEEKDAY,5,TRAIN,TE15,146,36
2025-06,WEEKENDS/HOLIDAY,11,TRAIN,DT6,3485,1685
2025-06,WEEKENDS/HOLIDAY,21,TRAIN,CC16,1283,2670
2025-06,WEEKDAY,7,TRAIN,EW23,90221,86438
2025-06,WEEKDAY,16,TRAIN,PE1,2804,3847
2025-06,WEEKENDS/HOLIDAY,16,TRAIN,PW5,1697,1657
2025-06,WEEKENDS/HOLIDAY,9,TRAIN,EW26,17967,6195
2025-06,WEEKENDS/HOLIDAY,11,TRAIN,DT27,4021,2788
2025-06,WEEKENDS/HOLIDAY,7,TRAIN,DT20,681,2560
2025-06,WEEKENDS/HOLIDAY,21,TRAIN,EW18,3896,7453
2025-06,WEEKDAY,0,TRAIN,EW6,74,823
2025-06,WEEKENDS/HOLIDAY,19,TRAIN,DT5,6549,8047
2025-06,WEEKENDS/HOLIDAY,8,TRAIN,BP2,1638,572
2025-06,WEEKENDS/HOLIDAY,15,TRAIN,EW4,6043,5960
2025-06,WEEKENDS/HOLIDAY,17,TRAIN,PW1,1502,1596
2025-06,WEEKENDS/HOLIDAY,14,TRAIN,SW8,751,866
2025-06,WEEKDAY,18,TRAIN,DT34,16966,10563
2025-06,WEEKDAY,5,TRAIN,TE23,87,22
2025-06,WEEKDAY,23,TRAIN,BP9,40,328
2025-06,WEEKDAY,6,TRAIN,TE24,1207,639
2025-06,WEEKDAY,10,TRAIN,NS13,46139,30473
2025-06,WEEKENDS/HOLIDAY,19,TRAIN,CC3,10038,5081
2025-06,WEEKDAY,5,TRAIN,CG2,8085,1018
2025-06,WEEKENDS/HOLIDAY,14,TRAIN,CC2,2383,2368
2025-06,WEEKDAY,21,TRAIN,CC28,1781,5148
2025-06,WEEKDAY,18,TRAIN,EW19,37860,48920
2025-06,WEEKDAY,9,TRAIN,SE2,9577,2576
2025-06,WEEKDAY,5,TRAIN,TE7,791,385
2025-06,WEEKENDS/HOLIDAY,11,TRAIN,EW23,23176,17483
2025-06,WEEKENDS/HOLIDAY,21,TRAIN,BP12,493,1124
2025-06,WEEKENDS/HOLIDAY,19,TRAIN,CC12,1736,2922
2025-06,WEEKENDS/HOLIDAY,16,TRAIN,TE8,5509,5815
2025-06,WEEKENDS/HOLIDAY,20,TRAIN,CC25,1602,2345
2025-06,WEEKDAY,6,TRAIN,CC4/DT15,517,8474
2025-06,WEEKENDS/HOLIDAY,13,TRAIN,DT24,2162,1839
2025-06,WEEKENDS/HOLIDAY,12,TRAIN,EW4,7924,4091
2025-06,WEEKENDS/HOLIDAY,14,TRAIN,CE1/DT16,19556,30053
2025-06,WEEKENDS/HOLIDAY,0,TRAIN,EW1,0,1963
2025-06,WEEKDAY,0,TRAIN,NS16,896,5857
2025-06,WEEKENDS/HOLIDAY,11,TRAIN,EW15,7086,12679
2025-06,WEEKDAY,5,TRAIN,CC17/TE9,2071,156
2025-06,WEEKDAY,15,TRAIN,NS24/NE6/CC1,36721,33598
2025-06,WEEKDAY,23,TRAIN,EW4,1477,9259
2025-06,WEEKENDS/HOLIDAY,23,TRAIN,TE7,212,1173
2025-06,WEEKENDS/HOLIDAY,12,TRAIN,TE14/NS22,32721,56564
2025-06,WEEKENDS/HOLIDAY,14,TRAIN,DT22,5418,5815
2025-06,WEEKDAY,5,TRAIN,CC11,1260,1233
2025-06,WEEKDAY,13,TRAIN,TE3,11347,9524
2025-06,WEEKENDS/HOLIDAY,15,TRAIN,NS7,13955,9387
2025-06,WEEKDAY,18,TRAIN,EW24/NS1,234320,164888
2025-06,WEEKDAY,13,TRAIN,BP8,1575,1632
2025-06,WEEKENDS/HOLIDAY,23,TRAIN,DT7,186,645
2025-06,WEEKDAY,13,TRAIN,EW10,8317,7934
2025-06,WEEKDAY,7,TRAIN,DT30,27066,4708
2025-06,WEEKDAY,8,TRAIN,NS19,84870,69123
2025-06,WEEKDAY,20,TRAIN,TE28,1675,5494
2025-06,WEEKENDS/HOLIDAY,20,TRAIN,NS21/DT11,22135,24862
2025-06,WEEKENDS/HOLIDAY,5,TRAIN,BP2,510,65
2025-06,WEEKDAY,18,TRAIN,EW20,40439,28805
2025-06,WEEKDAY,20,TRAIN,CC23,19044,2309
2025-06,WEEKDAY,23,TRAIN,PW3,104,517
2025-06,WEEKENDS/HOLIDAY,5,TRAIN,TE12,20,22
2025-06,WEEKENDS/HOLIDAY,10,TRAIN,PE2,3532,1027
2025-06,WEEKENDS/HOLIDAY,15,TRAIN,CC14,2392,2576
2025-06,WEEKDAY,23,TRAIN,BP10,110,595
2025-06,WEEKDAY,9,TRAIN,BP11,5743,1615
2025-06,WEEKDAY,10,TRAIN,EW32,1618,2025
2025-06,WEEKDAY,23,TRAIN,TE11,746,2143
2025-06,WEEKDAY,6,TRAIN,NE13,16376,7963
2025-06,WEEKENDS/HOLIDAY,12,TRAIN,TE23,1529,1066
2025-06,WEEKDAY,15,TRAIN,EW17,19578,22664
2025-06,WEEKENDS/HOLIDAY,17,TRAIN,DT24,2182,2380
2025-06,WEEKDAY,10,TRAIN,TE8,7436,8170
2025-06,WEEKDAY,19,TRAIN,NE10,19716,29124
2025-06,WEEKDAY,8,TRAIN,SW3,5407,1678
2025-06,WEEKENDS/HOLIDAY,15,TRAIN,DT25,1593,1722
2025-06,WEEKENDS/HOLIDAY,11,TRAIN,DT2,1143,503
2025-06,WEEKENDS/HOLIDAY,8,TRAIN,NS7,16121,16906
2025-06,WEEKENDS/HOLIDAY,15,TRAIN,NS9/TE2,26116,28372
2025-06,WEEKDAY,9,TRAIN,NS5,38920,15311
2025-06,WEEKDAY,20,TRAIN,NS16,33097,64457
2025-06,WEEKENDS/HOLIDAY,19,TRAIN,NS5,8826,16566
2025-06,WEEKENDS/HOLIDAY,11,TRAIN,PE5,3474,1558
2025-06,WEEKDAY,16,TRAIN,CC26,7368,2726
2025-06,WEEKENDS/HOLIDAY,17,TRAIN,NS23,26962,23175
2025-06,WEEKDAY,8,TRAIN,DT5,41536,19269
2025-06,WEEKENDS/HOLIDAY,18,TRAIN,TE6,4594,6243
2025-06,WEEKDAY,7,TRAIN,NE10,24949,23791
2025-06,WEEKENDS/HOLIDAY,22,TRAIN,EW18,2879,5978
2025-06,WEEKDAY,0,TRAIN,PE2,74,811
2025-06,WEEKENDS/HOLIDAY,9,TRAIN,NE10,7005,4747
2025-06,WEEKENDS/HOLIDAY,14,TRAIN,CC19/DT9,4037,4579
2025-06,WEEKDAY,18,TRAIN,PE7,4573,10948
2025-06,WEEKENDS/HOLIDAY,8,TRAIN,DT18,577,2517
2025-06,WEEKDAY,17,TRAIN,NS4/BP1,59894,75702
2025-06,WEEKENDS/HOLIDAY,17,TRAIN,BP4,855,747
2025-06,WEEKDAY,18,TRAIN,CC23,100867,10414
2025-06,WEEKDAY,14,TRAIN,NS21/DT11,44250,50266
2025-06,WEEKDAY,0,TRAIN,NE13,190,1689
2025-06,WEEKDAY,12,TRAIN,TE8,9653,10490
2025-06,WEEKDAY,9,TRAIN,TE11,6690,2950
2025-06,WEEKENDS/HOLIDAY,21,TRAIN,EW19,3304,8196
2025-06,WEEKDAY,0,TRAIN,PW2,4,1
2025-06,WEEKDAY,10,TRAIN,SE5,2534,1069
2025-06,WEEKENDS/HOLIDAY,10,TRAIN,SE5,1611,556
2025-06,WEEKENDS/HOLIDAY,13,TRAIN,BP3,1981,1621
2025-06,WEEKENDS/HOLIDAY,12,TRAIN,SW8,1095,654
2025-06,WEEKDAY,6,TRAIN,CC3,285,4018
2025-06,WEEKENDS/HOLIDAY,7,TRAIN,TE28,928,488
2025-06,WEEKENDS/HOLIDAY,6,TRAIN,TE18,295,817
2025-06,WEEKENDS/HOLIDAY,7,TRAIN,DT34,906,1132
2025-06,WEEKDAY,21,TRAIN,TE6,4233,18378
2025-06,WEEKENDS/HOLIDAY,23,TRAIN,NE13,1426,5110
2025-06,WEEKDAY,19,TRAIN,DT10,4006,5595
2025-06,WEEKDAY,16,TRAIN,EW29,27190,5654
2025-06,WEEKENDS/HOLIDAY,11,TRAIN,SW2,3548,2634
2025-06,WEEKDAY,11,TRAIN,DT4,2353,827
2025-06,WEEKDAY,17,TRAIN,BP13,1399,1789
2025-06,WEEKDAY,11,TRAIN,CC7,6042,3706
2025-06,WEEKENDS/HOLIDAY,9,TRAIN,EW14/NS26,3137,11663
2025-06,WEEKDAY,11,TRAIN,CC8,6729,4887
2025-06,WEEKDAY,6,TRAIN,PE6,6334,1952
2025-06,WEEKENDS/HOLIDAY,7,TRAIN,PW6,458,116
2025-06,WEEKDAY,23,TRAIN,BP13,23,130
2025-06,WEEKDAY,15,TRAIN,EW29,11796,4691
2025-06,WEEKDAY,10,TRAIN,TE5,4772,1761
2025-06,WEEKENDS/HOLIDAY,14,TRAIN,CC4/DT15,9887,15378
2025-06,WEEKDAY,15,TRAIN,BP2,1621,2043
2025-06,WEEKDAY,22,TRAIN,EW9,10849,24746
2025-06,WEEKENDS/HOLIDAY,22,TRAIN,NE4/DT19,17880,8506
2025-06,WEEKDAY,21,TRAIN,DT30,2564,12773
2025-06,WEEKDAY,8,TRAIN,NS15,35373,81859
2025-06,WEEKDAY,12,TRAIN,DT31,7175,6813
2025-06,WEEKENDS/HOLIDAY,18,TRAIN,DT31,3702,4696
2025-06,WEEKENDS/HOLIDAY,8,TRAIN,EW7,7184,4915
2025-06,WEEKENDS/HOLIDAY,13,TRAIN,DT27,4009,3303
2025-06,WEEKENDS/HOLIDAY,6,TRAIN,DT17,209,778
2025-06,WEEKENDS/HOLIDAY,8,TRAIN,EW8/CC9,9692,25127
2025-06,WEEKENDS/HOLIDAY,22,TRAIN,PE3,517,2380
2025-06,WEEKDAY,16,TRAIN,EW20,14505,10766
2025-06,WEEKENDS/HOLIDAY,17,TRAIN,TE24,1642,1735
2025-06,WEEKDAY,13,TRAIN,TE27,5762,4932
2025-06,WEEKENDS/HOLIDAY,0,TRAIN,PW6,4,113
2025-06,WEEKENDS/HOLIDAY,18,TRAIN,TE27,2857,3064
2025-06,WEEKDAY,15,TRAIN,TE15,8226,9457
2025-06,WEEKENDS/HOLIDAY,5,TRAIN,PE1,174,58
2025-06,WEEKDAY,22,TRAIN,NS4/BP1,15021,35488
2025-06,WEEKDAY,21,TRAIN,DT31,5495,12202
2025-06,WEEKENDS/HOLIDAY,21,TRAIN,CG2,14768,7370
2025-06,WEEKENDS/HOLIDAY,12,TRAIN,BP7,477,433
2025-06,WEEKDAY,18,TRAIN,TE18,29817,19103
2025-06,WEEKDAY,10,TRAIN,DT7,3143,2869
2025-06,WEEKENDS/HOLIDAY,17,TRAIN,NE10,8113,7326
2025-06,WEEKDAY,7,TRAIN,DT6,8979,14236
2025-06,WEEKDAY,11,TRAIN,SE3,3379,1439
2025-06,WEEKDAY,0,TRAIN,TE15,57,226
2025-06,WEEKENDS/HOLIDAY,22,TRAIN,NE8,18504,9597
2025-06,WEEKENDS/HOLIDAY,9,TRAIN,NS11,22809,9484
2025-06,WEEKENDS/HOLIDAY,23,TRAIN,BP11,4,43
2025-06,WEEKENDS/HOLIDAY,12,TRAIN,PE5,3327,1956
2025-06,WEEKENDS/HOLIDAY,16,TRAIN,EW26,13302,13407
2025-06,WEEKENDS/HOLIDAY,7,TRAIN,CC24,1656,3875
2025-06,WEEKDAY,18,TRAIN,TE12,11765,5567
2025-06,WEEKDAY,16,TRAIN,BP9,1935,2384
2025-06,WEEKENDS/HOLIDAY,10,TRAIN,DT2,1631,369
2025-06,WEEKENDS/HOLIDAY,17,TRAIN,PW2,79,141
2025-06,WEEKDAY,20,TRAIN,EW33,4718,9215
2025-06,WEEKDAY,21,TRAIN,DT10,2095,2934
2025-06,WEEKDAY,21,TRAIN,NS14,19588,46042
2025-06,WEEKDAY,10,TRAIN,EW33,2893,2150
2025-06,WEEKENDS/HOLIDAY,0,TRAIN,TE15,31,115
2025-06,WEEKENDS/HOLIDAY,11,TRAIN,NE7/DT12,15553,26728
2025-06,WEEKDAY,11,TRAIN,EW5,30220,21846
2025-06,WEEKDAY,10,TRAIN,DT17,4964,29766
2025-06,WEEKENDS/HOLIDAY,14,TRAIN,DT20,2725,3004
2025-06,WEEKENDS/HOLIDAY,16,TRAIN,EW3,7983,8424
2025-06,WEEKENDS/HOLIDAY,6,TRAIN,NS5,9126,2074
2025-06,WEEKDAY,22,TRAIN,EW12/DT14,59331,20070
2025-06,WEEKENDS/HOLIDAY,17,TRAIN,TE13,2359,1850
2025-06,WEEKDAY,12,TRAIN,TE11,3907,2787
2025-06,WEEKDAY,6,TRAIN,SE3,5183,321
2025-06,WEEKENDS/HOLIDAY,9,TRAIN,DT33,9105,2440
2025-06,WEEKENDS/HOLIDAY,15,TRAIN,EW1,12765,12855
2025-06,WEEKENDS/HOLIDAY,21,TRAIN,DT28,1587,7726
2025-06,WEEKENDS/HOLIDAY,19,TRAIN,EW7,5740,9265
2025-06,WEEKENDS/HOLIDAY,13,TRAIN,EW22,2414,2536
2025-06,WEEKDAY,9,TRAIN,SE4,5248,2699
2025-06,WEEKDAY,12,TRAIN,SE1,4628,3020
2025-06,WEEKENDS/HOLIDAY,20,TRAIN,EW8/CC9,28388,17636
2025-06,WEEKDAY,0,TRAIN,NE15,100,1829
2025-06,WEEKENDS/HOLIDAY,0,TRAIN,TE16,32,186
2025-06,WEEKENDS/HOLIDAY,8,TRAIN,NS2,11654,8807
2025-06,WEEKENDS/HOLIDAY,0,TRAIN,CC20,6,69
2025-06,WEEKDAY,23,TRAIN,BP7,27,150
2025-06,WEEKENDS/HOLIDAY,11,TRAIN,EW27,21147,16438
2025-06,WEEKDAY,0,TRAIN,CC20,17,155
2025-06,WEEKENDS/HOLIDAY,6,TRAIN,EW14/NS26,897,3167
2025-06,WEEKDAY,23,TRAIN,EW17,3406,12602
2025-06,WEEKDAY,21,TRAIN,SE5,711,3868
2025-06,WEEKDAY,20,TRAIN,TE24,1635,3918
2025-06,WEEKDAY,13,TRAIN,NS4/BP1,30843,31735
2025-06,WEEKDAY,21,TRAIN,EW24/NS1,99715,31213
2025-06,WEEKENDS/HOLIDAY,5,TRAIN,NS23,57,59
2025-06,WEEKENDS/HOLIDAY,12,TRAIN,NS12,10303,6021
2025-06,WEEKENDS/HOLIDAY,23,TRAIN,NS2,1805,7155
2025-06,WEEKENDS/HOLIDAY,20,TRAIN,PW5,754,3505
2025-06,WEEKDAY,21,TRAIN,BP6/DT1,25275,49489
2025-06,WEEKDAY,5,TRAIN,NS11,19248,2952
2025-06,WEEKDAY,14,TRAIN,PE3,5263,5970
2025-06,WEEKENDS/HOLIDAY,21,TRAIN,PE2,574,3459
2025-06,WEEKDAY,9,TRAIN,EW1,47086,14114
2025-06,WEEKENDS/HOLIDAY,11,TRAIN,CC21,4105,5608
2025-06,WEEKDAY,21,TRAIN,TE27,1646,7047
2025-06,WEEKDAY,0,TRAIN,PE1,67,753
2025-06,WEEKENDS/HOLIDAY,0,TRAIN,EW27,116,3020
2025-06,WEEKDAY,0,TRAIN,EW12/DT14,826,877
2025-06,WEEKDAY,18,TRAIN,DT5,25780,44130
2025-06,WEEKENDS/HOLIDAY,21,TRAIN,DT17,4625,2048
2025-06,WEEKENDS/HOLIDAY,12,TRAIN,CC11,6543,6322
2025-06,WEEKDAY,5,TRAIN,CC12,573,97
2025-06,WEEKENDS/HOLIDAY,21,TRAIN,BP5,569,778
2025-06,WEEKDAY,10,TRAIN,EW25,10257,4581
2025-06,WEEKDAY,8,TRAIN,PE3,13584,7642
2025-06,WEEKENDS/HOLIDAY,5,TRAIN,SE4,285,30
2025-06,WEEKDAY,9,TRAIN,TE5,8515,3366
2025-06,WEEKDAY,19,TRAIN,TE5,7106,12511
2025-06,WEEKDAY,6,TRAIN,TE12,729,5084
2025-06,WEEKENDS/HOLIDAY,17,TRAIN,EW25,7432,9287
2025-06,WEEKDAY,23,TRAIN,SE4,182,1962
2025-06,WEEKDAY,6,TRAIN,TE22,140,539
2025-06,WEEKDAY,16,TRAIN,EW18,17876,18098
2025-06,WEEKENDS/HOLIDAY,19,TRAIN,NS10,10876,19398
2025-06,WEEKDAY,22,TRAIN,CC16,3080,5360
2025-06,WEEKDAY,16,TRAIN,NS8,16735,16759
2025-06,WEEKDAY,17,TRAIN,NE8,41084,46191
2025-06,WEEKENDS/HOLIDAY,22,TRAIN,EW11,4286,6840
2025-06,WEEKDAY,19,TRAIN,CC10/DT26,25311,26439
2025-06,WEEKDAY,15,TRAIN,EW5,24583,29368
2025-06,WEEKDAY,20,TRAIN,CC14,3621,7478
2025-06,WEEKDAY,16,TRAIN,NS15,30588,13591
2025-06,WEEKENDS/HOLIDAY,23,TRAIN,SW4,155,810
2025-06,WEEKENDS/HOLIDAY,8,TRAIN,NE1/CC29,6962,19680
2025-06,WEEKDAY,19,TRAIN,PW5,2274,8389
2025-06,WEEKENDS/HOLIDAY,22,TRAIN,EW23,8646,17153
2025-06,WEEKDAY,19,TRAIN,TE23,2881,5750
2025-06,WEEKENDS/HOLIDAY,7,TRAIN,EW11,4578,3458
2025-06,WEEKENDS/HOLIDAY,14,TRAIN,PW5,1589,1561
2025-06,WEEKDAY,6,TRAIN,NE18,5717,2645
2025-06,WEEKENDS/HOLIDAY,5,TRAIN,EW5,1556,71
2025-06,WEEKENDS/HOLIDAY,23,TRAIN,CC23,204,217
2025-06,WEEKENDS/HOLIDAY,19,TRAIN,EW11,9315,8479
2025-06,WEEKDAY,10,TRAIN,SW3,2619,1195
2025-06,WEEKENDS/HOLIDAY,19,TRAIN,TE24,1246,1847
2025-06,WEEKDAY,17,TRAIN,NS25/EW13,89649,59820
2025-06,WEEKENDS/HOLIDAY,8,TRAIN,DT5,5857,7012
2025-06,WEEKDAY,23,TRAIN,TE18,5308,1068
2025-06,WEEKENDS/HOLIDAY,19,TRAIN,NE18,6301,5291
2025-06,WEEKENDS/HOLIDAY,18,TRAIN,TE12,2090,1215
2025-06,WEEKENDS/HOLIDAY,6,TRAIN,PE6,776,486
2025-06,WEEKDAY,5,TRAIN,BP5,1074,311
2025-06,WEEKDAY,5,TRAIN,EW30,1019,1537
2025-06,WEEKDAY,0,TRAIN,PW1,18,10
2025-06,WEEKDAY,13,TRAIN,BP2,2388,1780
2025-06,WEEKDAY,13,TRAIN,CC21,15399,9138
2025-06,WEEKENDS/HOLIDAY,0,TRAIN,NS25/EW13,343,94
2025-06,WEEKENDS/HOLIDAY,17,TRAIN,DT31,4303,4448
2025-06,WEEKENDS/HOLIDAY,8,TRAIN,DT22,3461,3974
2025-06,WEEKDAY,7,TRAIN,TE15,8276,9359
2025-06,WEEKENDS/HOLIDAY,6,TRAIN,SW3,543,66
2025-06,WEEKENDS/HOLIDAY,0,TRAIN,DT23,32,88
2025-06,WEEKDAY,23,TRAIN,NE11,1865,4004
2025-06,WEEKENDS/HOLIDAY,12,TRAIN,EW22,2820,1941
2025-06,WEEKENDS/HOLIDAY,23,TRAIN,CE1/DT16,27845,3158
2025-06,WEEKDAY,9,TRAIN,NS7,41075,31547
2025-06,WEEKENDS/HOLIDAY,0,TRAIN,TE29,1,221
2025-06,WEEKENDS/HOLIDAY,13,TRAIN,NE5,5365,6972
2025-06,WEEKDAY,7,TRAIN,SW3,6352,1104
2025-06,WEEKDAY,12,TRAIN,NS15,20348,15159
2025-06,WEEKENDS/HOLIDAY,14,TRAIN,PW2,84,53
2025-06,WEEKDAY,23,TRAIN,CC23,952,439
2025-06,WEEKDAY,10,TRAIN,NE17/PTC,38578,26016
2025-06,WEEKDAY,22,TRAIN,BP4,575,1527
2025-06,WEEKDAY,23,TRAIN,DT21,3226,2290
2025-06,WEEKDAY,18,TRAIN,NE18,20318,20104
2025-06,WEEKENDS/HOLIDAY,21,TRAIN,SE5,333,1587
2025-06,WEEKDAY,20,TRAIN,BP6/DT1,29093,61264
2025-06,WEEKENDS/HOLIDAY,13,TRAIN,EW30,1146,704
2025-06,WEEKDAY,12,TRAIN,CC28,3724,3011
2025-06,WEEKDAY,20,TRAIN,SW7,1056,4106
2025-06,WEEKDAY,8,TRAIN,NS17/CC15,123236,26398
2025-06,WEEKENDS/HOLIDAY,21,TRAIN,DT6,748,2316
2025-06,WEEKENDS/HOLIDAY,18,TRAIN,SW5,3692,4662
2025-06,WEEKENDS/HOLIDAY,20,TRAIN,NE13,7284,10491
2025-06,WEEKDAY,22,TRAIN,CC3,12703,1487
2025-06,WEEKDAY,17,TRAIN,DT13,18708,12394
2025-06,WEEKDAY,0,TRAIN,SE1,46,559
2025-06,WEEKDAY,10,TRAIN,CC4/DT15,5597,29848
2025-06,WEEKENDS/HOLIDAY,14,TRAIN,NS13,22994,22389
2025-06,WEEKDAY,11,TRAIN,CC26,4308,2660
2025-06,WEEKENDS/HOLIDAY,21,TRAIN,TE27,1004,3078
2025-06,WEEKENDS/HOLIDAY,7,TRAIN,TE8,1853,1801
2025-06,WEEKENDS/HOLIDAY,20,TRAIN,CC16,1625,2739
2025-06,WEEKENDS/HOLIDAY,10,TRAIN,PE4,985,537
2025-06,WEEKENDS/HOLIDAY,19,TRAIN,NS19,14109,18875
2025-06,WEEKDAY,23,TRAIN,CG2,9920,10336
2025-06,WEEKENDS/HOLIDAY,12,TRAIN,NS9/TE2,26725,26791
2025-06,WEEKENDS/HOLIDAY,22,TRAIN,SW3,156,952
2025-06,WEEKENDS/HOLIDAY,21,TRAIN,NE17/PTC,15987,19340
2025-06,WEEKDAY,7,TRAIN,PW3,4658,947
2025-06,WEEKENDS/HOLIDAY,13,TRAIN,PE2,2672,2368
2025-06,WEEKDAY,10,TRAIN,DT4,2541,602
2025-06,WEEKENDS/HOLIDAY,9,TRAIN,NS13,25657,14242
2025-06,WEEKDAY,17,TRAIN,CC8,10526,11014
2025-06,WEEKENDS/HOLIDAY,15,TRAIN,EW3,7707,7491
2025-06,WEEKENDS/HOLIDAY,8,TRAIN,BP10,1670,906
2025-06,WEEKDAY,5,TRAIN,EW5,10459,902
2025-06,WEEKENDS/HOLIDAY,5,TRAIN,NS12,1246,209
2025-06,WEEKENDS/HOLIDAY,15,TRAIN,SW3,783,891
2025-06,WEEKENDS/HOLIDAY,0,TRAIN,NE13,112,831
2025-06,WEEKDAY,21,TRAIN,DT2,918,2472
2025-06,WEEKDAY,0,TRAIN,CC28,4,57
2025-06,WEEKDAY,9,TRAIN,NE9,34995,30888
2025-06,WEEKDAY,9,TRAIN,DT13,8269,14889
2025-06,WEEKENDS/HOLIDAY,21,TRAIN,CC7,1681,3870
2025-06,WEEKENDS/HOLIDAY,18,TRAIN,NE17/PTC,24441,27579
2025-06,WEEKDAY,7,TRAIN,CC26,7015,20754
2025-06,WEEKDAY,0,TRAIN,NS5,524,5076
2025-06,WEEKDAY,6,TRAIN,NE14,35648,9611
2025-06,WEEKENDS/HOLIDAY,9,TRAIN,TE24,1817,754
2025-06,WEEKENDS/HOLIDAY,12,TRAIN,TE25,1568,1303
2025-06,WEEKENDS/HOLIDAY,11,TRAIN,SW6,2237,995
2025-06,WEEKDAY,15,TRAIN,PE6,7375,7460
2025-06,WEEKENDS/HOLIDAY,23,TRAIN,EW15,3702,1473
2025-06,WEEKDAY,17,TRAIN,EW15,121153,31596
2025-06,WEEKDAY,8,TRAIN,EW32,3661,25293
2025-06,WEEKDAY,15,TRAIN,EW1,19938,24107
2025-06,WEEKENDS/HOLIDAY,8,TRAIN,DT31,3930,2064
2025-06,WEEKENDS/HOLIDAY,5,TRAIN,EW26,3053,177
2025-06,WEEKENDS/HOLIDAY,23,TRAIN,DT8,202,454
2025-06,WEEKDAY,13,TRAIN,NS16,36180,33876
2025-06,WEEKENDS/HOLIDAY,16,TRAIN,EW11,10222,9686
2025-06,WEEKENDS/HOLIDAY,23,TRAIN,BP3,9,41
2025-06,WEEKENDS/HOLIDAY,20,TRAIN,NE11,5465,6703
2025-06,WEEKENDS/HOLIDAY,11,TRAIN,CC24,2942,5082
2025-06,WEEKDAY,18,TRAIN,TE5,11877,15045
2025-06,WEEKDAY,20,TRAIN,SW1,2680,3322
2025-06,WEEKENDS/HOLIDAY,11,TRAIN,PW5,2218,966
2025-06,WEEKENDS/HOLIDAY,10,TRAIN,NS9/TE2,23306,21940
2025-06,WEEKDAY,22,TRAIN,PE4,750,1669
2025-06,WEEKENDS/HOLIDAY,16,TRAIN,DT10,1769,1231
2025-06,WEEKENDS/HOLIDAY,23,TRAIN,DT10,288,636
2025-06,WEEKENDS/HOLIDAY,9,TRAIN,DT34,1796,1001
2025-06,WEEKDAY,14,TRAIN,NS10,25648,25563
2025-06,WEEKENDS/HOLIDAY,17,TRAIN,TE15,5685,6079
2025-06,WEEKDAY,11,TRAIN,BP3,4259,1893
2025-06,WEEKDAY,23,TRAIN,EW21/CC22,6297,4718
2025-06,WEEKDAY,17,TRAIN,EW7,21209,25526
2025-06,WEEKENDS/HOLIDAY,21,TRAIN,CC10/DT26,3049,8014
2025-06,WEEKENDS/HOLIDAY,22,TRAIN,CC16,910,2283
2025-06,WEEKENDS/HOLIDAY,13,TRAIN,TE28,1435,1747
2025-06,WEEKDAY,16,TRAIN,EW12/DT14,74245,60824
2025-06,WEEKENDS/HOLIDAY,11,TRAIN,TE12,2298,2233
2025-06,WEEKDAY,15,TRAIN,TE29,2201,3202
2025-06,WEEKDAY,14,TRAIN,NS11,25392,26257
2025-06,WEEKENDS/HOLIDAY,21,TRAIN,DT34,809,2518
2025-06,WEEKENDS/HOLIDAY,19,TRAIN,DT27,3945,4688
2025-06,WEEKENDS/HOLIDAY,17,TRAIN,CC21,5263,5812
2025-06,WEEKDAY,22,TRAIN,NS8,7249,16048
2025-06,WEEKDAY,23,TRAIN,EW27,4189,21970
2025-06,WEEKENDS/HOLIDAY,20,TRAIN,DT24,1253,2771
2025-06,WEEKENDS/HOLIDAY,12,TRAIN,NS25/EW13,26212,43023
2025-06,WEEKENDS/HOLIDAY,14,TRAIN,DT18,3580,2735
2025-06,WEEKENDS/HOLIDAY,20,TRAIN,SW2,2169,2293
2025-06,WEEKENDS/HOLIDAY,20,TRAIN,DT13,5622,4369
2025-06,WEEKDAY,21,TRAIN,BP7,382,1362
2025-06,WEEKDAY,13,TRAIN,DT5,15188,11604
2025-06,WEEKENDS/HOLIDAY,18,TRAIN,DT20,3565,3361
2025-06,WEEKENDS/HOLIDAY,7,TRAIN,PE6,1445,968
2025-06,WEEKENDS/HOLIDAY,17,TRAIN,CC4/DT15,15290,14372
2025-06,WEEKENDS/HOLIDAY,14,TRAIN,EW4,6178,5412
2025-06,WEEKDAY,5,TRAIN,DT17,56,0
2025-06,WEEKDAY,17,TRAIN,NS12,26618,31516
2025-06,WEEKDAY,8,TRAIN,BP4,4959,5532
2025-06,WEEKENDS/HOLIDAY,8,TRAIN,BP8,684,784
2025-06,WEEKENDS/HOLIDAY,7,TRAIN,TE11,879,980
2025-06,WEEKDAY,9,TRAIN,PW7,4099,2543
2025-06,WEEKDAY,17,TRAIN,CC21,12443,17669
2025-06,WEEKENDS/HOLIDAY,13,TRAIN,CC2,2257,2826
2025-06,WEEKENDS/HOLIDAY,22,TRAIN,EW21/CC22,6582,4302
2025-06,WEEKENDS/HOLIDAY,23,TRAIN,SW1,124,264
2025-06,WEEKDAY,7,TRAIN,NS4/BP1,108689,55442
2025-06,WEEKDAY,13,TRAIN,TE22,2424,5602
2025-06,WEEKENDS/HOLIDAY,16,TRAIN,NS8,7443,7178
2025-06,WEEKENDS/HOLIDAY,13,TRAIN,DT25,1723,1405
2025-06,WEEKENDS/HOLIDAY,12,TRAIN,TE1,2385,870
2025-06,WEEKENDS/HOLIDAY,23,TRAIN,NE11,804,1943
2025-06,WEEKDAY,15,TRAIN,NE1/CC29,50343,44063
2025-06,WEEKENDS/HOLIDAY,17,TRAIN,DT6,3201,2628
2025-06,WEEKENDS/HOLIDAY,17,TRAIN,EW19,8382,7789
2025-06,WEEKENDS/HOLIDAY,15,TRAIN,BP11,1205,1254
2025-06,WEEKENDS/HOLIDAY,17,TRAIN,TE12,2500,1393
2025-06,WEEKDAY,11,TRAIN,EW30,1956,1102
2025-06,WEEKENDS/HOLIDAY,14,TRAIN,PW6,788,690
2025-06,WEEKENDS/HOLIDAY,20,TRAIN,DT6,1104,2394
2025-06,WEEKDAY,12,TRAIN,PW7,3067,2518
2025-06,WEEKENDS/HOLIDAY,15,TRAIN,PE3,2568,2563
2025-06,WEEKENDS/HOLIDAY,22,TRAIN,EW30,456,1006
2025-06,WEEKDAY,0,TRAIN,TE18,211,143
2025-06,WEEKENDS/HOLIDAY,14,TRAIN,NS10,15751,13159
2025-06,WEEKDAY,5,TRAIN,NE17/PTC,8594,2172
2025-06,WEEKENDS/HOLIDAY,12,TRAIN,BP13,673,550
2025-06,WEEKDAY,20,TRAIN,TE18,15759,5966
2025-06,WEEKDAY,18,TRAIN,TE6,13383,36545
2025-06,WEEKENDS/HOLIDAY,17,TRAIN,NS8,9075,8851
2025-06,WEEKENDS/HOLIDAY,19,TRAIN,SW2,2818,2581
2025-06,WEEKDAY,12,TRAIN,DT2,3162,1151
2025-06,WEEKENDS/HOLIDAY,23,TRAIN,NS13,3895,14727
2025-06,WEEKENDS/HOLIDAY,8,TRAIN,TE13,803,2000
2025-06,WEEKENDS/HOLIDAY,15,TRAIN,EW11,8885,10016
2025-06,WEEKENDS/HOLIDAY,19,TRAIN,NS13,18332,28444
2025-06,WEEKENDS/HOLIDAY,21,TRAIN,TE11,766,1977
2025-06,WEEKENDS/HOLIDAY,10,TRAIN,SW6,2331,784
2025-06,WEEKENDS/HOLIDAY,16,TRAIN,DT34,1994,1819
2025-06,WEEKDAY,18,TRAIN,NS11,58358,126024
2025-06,WEEKENDS/HOLIDAY,13,TRAIN,TE27,2518,2533
2025-06,WEEKDAY,19,TRAIN,TE4,7268,8364
2025-06,WEEKDAY,16,TRAIN,NS2,24838,33508
2025-06,WEEKDAY,11,TRAIN,NE5,8503,13884
2025-06,WEEKDAY,7,TRAIN,SW2,9711,3334
2025-06,WEEKDAY,7,TRAIN,BP13,4087,920
2025-06,WEEKENDS/HOLIDAY,20,TRAIN,PE7,638,2446
2025-06,WEEKENDS/HOLIDAY,23,TRAIN,PE2,200,1490
2025-06,WEEKDAY,17,TRAIN,EW5,50740,56279
2025-06,WEEKENDS/HOLIDAY,7,TRAIN,CC2,276,981
2025-06,WEEKDAY,19,TRAIN,NE1/CC29,107760,50905
2025-06,WEEKDAY,12,TRAIN,TE4,4723,3757
2025-06,WEEKENDS/HOLIDAY,22,TRAIN,EW32,533,3583
2025-06,WEEKDAY,20,TRAIN,TE5,3944,8159
2025-06,WEEKDAY,20,TRAIN,NS27/CE2/TE20,8518,4718
2025-06,WEEKENDS/HOLIDAY,16,TRAIN,DT17,2627,2578
2025-06,WEEKDAY,20,TRAIN,NE13,18162,30156
2025-06,WEEKENDS/HOLIDAY,19,TRAIN,EW33,3055,3695
2025-06,WEEKENDS/HOLIDAY,21,TRAIN,SW2,1643,1875
2025-06,WEEKDAY,23,TRAIN,DT28,1249,6352
2025-06,WEEKENDS/HOLIDAY,18,TRAIN,DT13,7629,5658
2025-06,WEEKDAY,15,TRAIN,NE17/PTC,37156,41459
2025-06,WEEKENDS/HOLIDAY,8,TRAIN,EW12/DT14,6718,14657
2025-06,WEEKDAY,21,TRAIN,NE12/CC13,52379,66487
2025-06,WEEKENDS/HOLIDAY,8,TRAIN,PE7,2383,473
2025-06,WEEKENDS/HOLIDAY,14,TRAIN,CG2,15452,14318
2025-06,WEEKDAY,18,TRAIN,SW1,6205,4563
2025-06,WEEKENDS/HOLIDAY,15,TRAIN,SE5,1047,1216
2025-06,WEEKENDS/HOLIDAY,9,TRAIN,DT5,7940,7499
2025-06,WEEKENDS/HOLIDAY,6,TRAIN,EW1,5309,1421
2025-06,WEEKDAY,6,TRAIN,TE19,666,6874
2025-06,WEEKENDS/HOLIDAY,21,TRAIN,NE12/CC13,22356,26570
2025-06,WEEKENDS/HOLIDAY,18,TRAIN,TE1,2280,2590
2025-06,WEEKENDS/HOLIDAY,21,TRAIN,NS7,18618,15731
2025-06,WEEKENDS/HOLIDAY,21,TRAIN,CC24,3987,1593
2025-06,WEEKENDS/HOLIDAY,17,TRAIN,CC16,3648,2865
2025-06,WEEKDAY,23,TRAIN,SW3,129,1117
2025-06,WEEKENDS/HOLIDAY,12,TRAIN,EW1,15267,10106
2025-06,WEEKENDS/HOLIDAY,19,TRAIN,BP8,845,796
2025-06,WEEKENDS/HOLIDAY,7,TRAIN,NE18,1602,1916
2025-06,WEEKDAY,17,TRAIN,TE25,3496,5123
2025-06,WEEKDAY,22,TRAIN,EW22,4514,5590
2025-06,WEEKDAY,7,TRAIN,CC5,2772,6154
2025-06,WEEKENDS/HOLIDAY,17,TRAIN,DT27,5431,4397
2025-06,WEEKENDS/HOLIDAY,12,TRAIN,NS15,7021,3892
2025-06,WEEKENDS/HOLIDAY,10,TRAIN,TE4,2177,2147
2025-06,WEEKENDS/HOLIDAY,14,TRAIN,NE16/STC,21961,20779
2025-06,WEEKDAY,12,TRAIN,CC4/DT15,18978,33144
2025-06,WEEKENDS/HOLIDAY,19,TRAIN,BP12,669,1141
2025-06,WEEKDAY,12,TRAIN,BP8,1587,1569
2025-06,WEEKDAY,10,TRAIN,BP7,1164,705
2025-06,WEEKENDS/HOLIDAY,6,TRAIN,EW31,2229,2290
2025-06,WEEKENDS/HOLIDAY,14,TRAIN,CC28,1652,1603
2025-06,WEEKDAY,11,TRAIN,NS18,14900,7744
2025-06,WEEKDAY,18,TRAIN,BP10,3511,9684
2025-06,WEEKENDS/HOLIDAY,17,TRAIN,SW6,1771,1741
2025-06,WEEKDAY,14,TRAIN,NS2,20690,21656
2025-06,WEEKENDS/HOLIDAY,22,TRAIN,EW24/NS1,24462,12963
2025-06,WEEKDAY,13,TRAIN,TE4,4825,3352
2025-06,WEEKENDS/HOLIDAY,21,TRAIN,EW5,8907,17208
2025-06,WEEKENDS/HOLIDAY,11,TRAIN,TE15,4399,5346
2025-06,WEEKENDS/HOLIDAY,14,TRAIN,CC6,6732,8607
2025-06,WEEKDAY,17,TRAIN,NE17/PTC,51307,76599
2025-06,WEEKENDS/HOLIDAY,23,TRAIN,TE18,2090,618
2025-06,WEEKENDS/HOLIDAY,13,TRAIN,NS20,21215,13545
2025-06,WEEKENDS/HOLIDAY,14,TRAIN,EW5,15555,14274
2025-06,WEEKDAY,13,TRAIN,EW24/NS1,54303,62836
2025-06,WEEKDAY,12,TRAIN,EW18,16705,13938
2025-06,WEEKDAY,12,TRAIN,DT13,10602,16269
2025-06,WEEKDAY,21,TRAIN,SW4,1105,4473
2025-06,WEEKENDS/HOLIDAY,22,TRAIN,EW7,2124,7793
2025-06,WEEKENDS/HOLIDAY,9,TRAIN,CC8,3886,2813
2025-06,WEEKDAY,8,TRAIN,NS13,134488,46498
2025-06,WEEKENDS/HOLIDAY,14,TRAIN,CC23,2302,2193
2025-06,WEEKDAY,8,TRAIN,EW14/NS26,10355,345279
2025-06,WEEKENDS/HOLIDAY,10,TRAIN,TE22,2075,4042
2025-06,WEEKENDS/HOLIDAY,9,TRAIN,TE5,3049,1073
2025-06,WEEKENDS/HOLIDAY,8,TRAIN,PW1,152,1183
2025-06,WEEKENDS/HOLIDAY,6,TRAIN,DT34,574,299
2025-06,WEEKENDS/HOLIDAY,21,TRAIN,CC26,563,1425
2025-06,WEEKENDS/HOLIDAY,0,TRAIN,CC7,14,165
2025-06,WEEKENDS/HOLIDAY,19,TRAIN,CC17/TE9,1879,2303
2025-06,WEEKENDS/HOLIDAY,9,TRAIN,EW10,6408,5090
2025-06,WEEKENDS/HOLIDAY,22,TRAIN,PE6,961,2144
2025-06,WEEKENDS/HOLIDAY,8,TRAIN,DT24,2366,1378
2025-06,WEEKENDS/HOLIDAY,23,TRAIN,SE2,150,1517
2025-06,WEEKENDS/HOLIDAY,6,TRAIN,NS12,4347,1572
2025-06,WEEKDAY,14,TRAIN,EW10,7154,7992
2025-06,WEEKENDS/HOLIDAY,11,TRAIN,TE8,5709,5653
2025-06,WEEKDAY,12,TRAIN,DT8,5553,3075
2025-06,WEEKDAY,14,TRAIN,EW31,1873,923
2025-06,WEEKDAY,7,TRAIN,CC23,2819,30887
2025-06,WEEKENDS/HOLIDAY,20,TRAIN,CC3,12936,2458
2025-06,WEEKENDS/HOLIDAY,15,TRAIN,CC26,1413,1002
2025-06,WEEKDAY,14,TRAIN,NS5,19330,20179
2025-06,WEEKENDS/HOLIDAY,15,TRAIN,NS13,22406,23007
2025-06,WEEKENDS/HOLIDAY,15,TRAIN,TE5,1890,1999
2025-06,WEEKDAY,20,TRAIN,NE9,19236,27670
2025-06,WEEKENDS/HOLIDAY,14,TRAIN,EW12/DT14,37232,42789
2025-06,WEEKENDS/HOLIDAY,16,TRAIN,TE25,1434,1525
2025-06,WEEKDAY,13,TRAIN,SE4,3563,3298
2025-06,WEEKDAY,20,TRAIN,NS17/CC15,17726,27356
2025-06,WEEKENDS/HOLIDAY,7,TRAIN,NS24/NE6/CC1,1818,4725
2025-06,WEEKDAY,20,TRAIN,NS18,8032,20925
2025-06,WEEKENDS/HOLIDAY,15,TRAIN,EW27,20479,22638
2025-06,WEEKENDS/HOLIDAY,19,TRAIN,TE12,1833,971
2025-06,WEEKENDS/HOLIDAY,17,TRAIN,NS24/NE6/CC1,27931,21292
2025-06,WEEKDAY,10,TRAIN,NS2,25162,17118
2025-06,WEEKDAY,8,TRAIN,EW7,45177,23732
2025-06,WEEKDAY,11,TRAIN,EW28,21469,10039
2025-06,WEEKDAY,6,TRAIN,CC24,934,20744
2025-06,WEEKDAY,14,TRAIN,EW26,19648,17338
2025-06,WEEKENDS/HOLIDAY,21,TRAIN,DT5,3646,7454
2025-06,WEEKENDS/HOLIDAY,8,TRAIN,PW7,1481,727
2025-06,WEEKDAY,14,TRAIN,TE16,5411,5747
2025-06,WEEKDAY,16,TRAIN,TE4,7539,3707
2025-06,WEEKENDS/HOLIDAY,19,TRAIN,EW26,10922,17596
2025-06,WEEKENDS/HOLIDAY,7,TRAIN,DT3,1750,2061
2025-06,WEEKENDS/HOLIDAY,15,TRAIN,EW30,1404,626
2025-06,WEEKENDS/HOLIDAY,8,TRAIN,TE12,987,2706
2025-06,WEEKDAY,19,TRAIN,NE7/DT12,42342,44301
2025-06,WEEKENDS/HOLIDAY,11,TRAIN,DT5,10781,6450
2025-06,WEEKDAY,8,TRAIN,DT28,30720,37890
2025-06,WEEKENDS/HOLIDAY,0,TRAIN,DT13,115,291
2025-06,WEEKENDS/HOLIDAY,0,TRAIN,NS28,3,16
2025-06,WEEKENDS/HOLIDAY,21,TRAIN,EW31,740,1682
2025-06,WEEKENDS/HOLIDAY,12,TRAIN,SW7,1458,860
2025-06,WEEKENDS/HOLIDAY,7,TRAIN,SE3,1162,244
2025-06,WEEKENDS/HOLIDAY,19,TRAIN,TE16,3245,3503
2025-06,WEEKENDS/HOLIDAY,23,TRAIN,TE27,265,1388
2025-06,WEEKDAY,11,TRAIN,BP11,3545,1726
2025-06,WEEKENDS/HOLIDAY,14,TRAIN,TE23,1093,1324
2025-06,WEEKDAY,13,TRAIN,BP11,2881,2202
2025-06,WEEKDAY,19,TRAIN,DT28,15504,22194
2025-06,WEEKENDS/HOLIDAY,20,TRAIN,PW1,1066,421
2025-06,WEEKDAY,14,TRAIN,EW3,15407,14845
2025-06,WEEKENDS/HOLIDAY,10,TRAIN,TE16,4463,2468
2025-06,WEEKDAY,11,TRAIN,PE2,6341,2977
2025-06,WEEKENDS/HOLIDAY,18,TRAIN,TE29,1918,2181
2025-06,WEEKENDS/HOLIDAY,13,TRAIN,NS2,13336,11987
2025-06,WEEKENDS/HOLIDAY,8,TRAIN,NS17/CC15,14632,5510
2025-06,WEEKENDS/HOLIDAY,12,TRAIN,NS19,19911,15560
2025-06,WEEKENDS/HOLIDAY,17,TRAIN,EW23,25107,27446
2025-06,WEEKDAY,16,TRAIN,EW17,23577,27821
2025-06,WEEKDAY,17,TRAIN,EW9,33681,31706
2025-06,WEEKDAY,9,TRAIN,NE5,5474,44079
2025-06,WEEKDAY,20,TRAIN,DT5,12261,18152
2025-06,WEEKENDS/HOLIDAY,13,TRAIN,TE15,5161,5770
2025-06,WEEKDAY,7,TRAIN,PE6,14696,5165
2025-06,WEEKDAY,18,TRAIN,TE8,22456,28355
2025-06,WEEKENDS/HOLIDAY,0,TRAIN,CC3,21,16
2025-06,WEEKDAY,22,TRAIN,EW16/NE3/TE17,19016,11431
2025-06,WEEKENDS/HOLIDAY,15,TRAIN,EW24/NS1,39639,33980
2025-06,WEEKDAY,13,TRAIN,NS23,40657,41667
2025-06,WEEKDAY,17,TRAIN,DT33,20625,29733
2025-06,WEEKDAY,6,TRAIN,NS4/BP1,57829,35675
2025-06,WEEKDAY,0,TRAIN,EW11,185,498
2025-06,WEEKDAY,7,TRAIN,EW9,49980,20479
2025-06,WEEKDAY,7,TRAIN,DT31,26354,9121
2025-06,WEEKENDS/HOLIDAY,7,TRAIN,PW1,32,413
2025-06,WEEKENDS/HOLIDAY,7,TRAIN,SE2,2104,508
2025-06,WEEKENDS/HOLIDAY,5,TRAIN,TE29,20,1
2025-06,WEEKENDS/HOLIDAY,11,TRAIN,EW16/NE3/TE17,10471,11464
2025-06,WEEKDAY,23,TRAIN,CG1/DT35,2730,1188
2025-06,WEEKDAY,9,TRAIN,EW29,3665,16277
2025-06,WEEKDAY,14,TRAIN,EW2/DT32,45518,47643
2025-06,WEEKDAY,8,TRAIN,BP11,10808,1907
2025-06,WEEKDAY,5,TRAIN,EW2/DT32,13775,2046
2025-06,WEEKENDS/HOLIDAY,12,TRAIN,DT2,1576,512
2025-06,WEEKDAY,15,TRAIN,NE14,20764,23772
2025-06,WEEKENDS/HOLIDAY,7,TRAIN,NS9/TE2,17607,14617
2025-06,WEEKENDS/HOLIDAY,16,TRAIN,PE3,2650,2710
2025-06,WEEKDAY,12,TRAIN,PW3,894,688
2025-06,WEEKDAY,15,TRAIN,PE5,4280,4983
2025-06,WEEKDAY,18,TRAIN,PW4,5233,12055
2025-06,WEEKDAY,9,TRAIN,CC24,10158,74360
2025-06,WEEKENDS/HOLIDAY,23,TRAIN,EW32,96,1761
2025-06,WEEKENDS/HOLIDAY,18,TRAIN,SW2,2907,2927
2025-06,WEEKENDS/HOLIDAY,8,TRAIN,CC2,644,2526
2025-06,WEEKDAY,9,TRAIN,NE8,24150,30145
2025-06,WEEKDAY,6,TRAIN,BP13,3649,462
2025-06,WEEKENDS/HOLIDAY,19,TRAIN,SE1,1210,2047
2025-06,WEEKDAY,0,TRAIN,NE1/CC29,93,335
2025-06,WEEKENDS/HOLIDAY,6,TRAIN,NS18,3713,926
2025-06,WEEKDAY,10,TRAIN,PW5,2638,1392
2025-06,WEEKENDS/HOLIDAY,13,TRAIN,NE15,10748,9716
2025-06,WEEKDAY,9,TRAIN,NS11,55585,20622
2025-06,WEEKENDS/HOLIDAY,22,TRAIN,CC21,4475,2177
2025-06,WEEKENDS/HOLIDAY,9,TRAIN,CC12,3068,1297
2025-06,WEEKENDS/HOLIDAY,10,TRAIN,DT24,2522,1234
2025-06,WEEKDAY,6,TRAIN,CC6,366,3878
2025-06,WEEKDAY,0,TRAIN,NS4/BP1,1045,3908
2025-06,WEEKENDS/HOLIDAY,16,TRAIN,NE16/STC,20837,23334
2025-06,WEEKDAY,5,TRAIN,DT8,101,170
2025-06,WEEKENDS/HOLIDAY,0,TRAIN,TE19,30,27
2025-06,WEEKDAY,13,TRAIN,DT6,6330,5860
2025-06,WEEKENDS/HOLIDAY,13,TRAIN,EW8/CC9,33971,33084
2025-06,WEEKENDS/HOLIDAY,9,TRAIN,NS3,10900,6385
2025-06,WEEKDAY,22,TRAIN,BP7,205,1022
2025-06,WEEKENDS/HOLIDAY,11,TRAIN,DT29,3666,1388
2025-06,WEEKDAY,0,TRAIN,EW30,0,178
2025-06,WEEKENDS/HOLIDAY,7,TRAIN,NE5,686,2348
2025-06,WEEKDAY,10,TRAIN,SW5,7809,5205
2025-06,WEEKENDS/HOLIDAY,0,TRAIN,BP6/DT1,0,2436
2025-06,WEEKDAY,20,TRAIN,DT33,7145,32200
2025-06,WEEKENDS/HOLIDAY,7,TRAIN,EW27,17113,13540
2025-06,WEEKDAY,11,TRAIN,EW27,32176,29114
2025-06,WEEKENDS/HOLIDAY,10,TRAIN,EW28,14461,5148
2025-06,WEEKDAY,14,TRAIN,DT13,10020,10113
2025-06,WEEKENDS/HOLIDAY,23,TRAIN,NS18,849,4562
2025-06,WEEKENDS/HOLIDAY,23,TRAIN,NS4/BP1,2817,9351
2025-06,WEEKENDS/HOLIDAY,6,TRAIN,NS16,10559,4974
2025-06,WEEKENDS/HOLIDAY,5,TRAIN,NS8,2300,349
2025-06,WEEKENDS/HOLIDAY,17,TRAIN,SW3,975,957
2025-06,WEEKENDS/HOLIDAY,20,TRAIN,NE1/CC29,48343,13087
2025-06,WEEKENDS/HOLIDAY,22,TRAIN,DT29,860,4687
2025-06,WEEKDAY,7,TRAIN,EW33,17895,14997
2025-06,WEEKENDS/HOLIDAY,21,TRAIN,TE3,2886,5346
2025-06,WEEKENDS/HOLIDAY,9,TRAIN,NE1/CC29,7590,32317
2025-06,WEEKENDS/HOLIDAY,23,TRAIN,PE4,196,380
2025-06,WEEKENDS/HOLIDAY,14,TRAIN,TE19,1803,1563
2025-06,WEEKDAY,5,TRAIN,BP4,1345,321
2025-06,WEEKENDS/HOLIDAY,12,TRAIN,EW15,9406,13047
2025-06,WEEKDAY,20,TRAIN,PW4,3532,6373
2025-06,WEEKDAY,23,TRAIN,BP8,130,220
2025-06,WEEKDAY,7,TRAIN,CG1/DT35,2771,31196
2025-06,WEEKENDS/HOLIDAY,12,TRAIN,NE10,8991,6127
2025-06,WEEKDAY,20,TRAIN,BP4,1220,2886
2025-06,WEEKDAY,20,TRAIN,SW8,902,2577
2025-06,WEEKDAY,21,TRAIN,CG2,29448,14989
2025-06,WEEKDAY,6,TRAIN,NE17/PTC,36646,11705
2025-06,WEEKDAY,16,TRAIN,TE16,6940,6352
2025-06,WEEKDAY,10,TRAIN,TE19,2834,20489
2025-06,WEEKENDS/HOLIDAY,10,TRAIN,EW19,8990,5426
2025-06,WEEKENDS/HOLIDAY,15,TRAIN,EW22,2147,2438
2025-06,WEEKDAY,8,TRAIN,PE2,15330,2572
2025-06,WEEKENDS/HOLIDAY,11,TRAIN,PE1,2239,1076
2025-06,WEEKENDS/HOLIDAY,5,TRAIN,DT20,15,0
2025-06,WEEKDAY,19,TRAIN,EW19,19155,35470
2025-06,WEEKENDS/HOLIDAY,15,TRAIN,NS2,11717,12921
2025-06,WEEKENDS/HOLIDAY,18,TRAIN,PW7,1608,1599
2025-06,WEEKENDS/HOLIDAY,8,TRAIN,TE11,1508,1155
2025-06,WEEKENDS/HOLIDAY,16,TRAIN,BP5,981,1015
2025-06,WEEKDAY,6,TRAIN,PE7,5150,875
2025-06,WEEKENDS/HOLIDAY,6,TRAIN,EW33,2915,1097
2025-06,WEEKENDS/HOLIDAY,9,TRAIN,CC7,2992,1996
2025-06,WEEKENDS/HOLIDAY,7,TRAIN,EW29,4582,15814
2025-06,WEEKDAY,14,TRAIN,EW16/NE3/TE17,29882,34890
2025-06,WEEKDAY,15,TRAIN,CG2,33770,21693
2025-06,WEEKENDS/HOLIDAY,12,TRAIN,BP9,1461,993
2025-06,WEEKDAY,21,TRAIN,EW8/CC9,61456,29415
2025-06,WEEKENDS/HOLIDAY,5,TRAIN,NS16,3380,285
2025-06,WEEKENDS/HOLIDAY,21,TRAIN,EW14/NS26,24946,4844
2025-06,WEEKDAY,10,TRAIN,NS27/CE2/TE20,1775,7308
2025-06,WEEKENDS/HOLIDAY,12,TRAIN,PW4,2913,2251
2025-06,WEEKENDS/HOLIDAY,7,TRAIN,CC11,3926,6156
2025-06,WEEKDAY,13,TRAIN,CC6,9056,9882
2025-06,WEEKDAY,10,TRAIN,EW6,11920,6334
2025-06,WEEKDAY,7,TRAIN,NS27/CE2/TE20,1127,7791
2025-06,WEEKDAY,17,TRAIN,SW2,6532,8329
2025-06,WEEKENDS/HOLIDAY,15,TRAIN,TE19,1782,1276
2025-06,WEEKENDS/HOLIDAY,22,TRAIN,NS11,5786,22039
2025-06,WEEKDAY,15,TRAIN,BP10,2198,3264
2025-06,WEEKDAY,20,TRAIN,TE1,7568,4439
2025-06,WEEKENDS/HOLIDAY,8,TRAIN,TE8,3106,4161
2025-06,WEEKENDS/HOLIDAY,19,TRAIN,SW8,725,1014
2025-06,WEEKENDS/HOLIDAY,11,TRAIN,NS27/CE2/TE20,1599,2351
2025-06,WEEKDAY,20,TRAIN,EW9,17124,37013
2025-06,WEEKDAY,10,TRAIN,SE3,3645,1037
2025-06,WEEKDAY,15,TRAIN,SE1,2715,3048
2025-06,WEEKENDS/HOLIDAY,16,TRAIN,TE27,2758,2862
2025-06,WEEKDAY,23,TRAIN,EW7,1518,8468
2025-06,WEEKENDS/HOLIDAY,16,TRAIN,TE15,5906,5388
2025-06,WEEKENDS/HOLIDAY,11,TRAIN,TE6,6188,2690
2025-06,WEEKDAY,12,TRAIN,EW27,35691,34773
2025-06,WEEKDAY,11,TRAIN,TE27,6280,3348
2025-06,WEEKDAY,22,TRAIN,TE14/NS22,62073,12436
2025-06,WEEKENDS/HOLIDAY,14,TRAIN,NS5,11262,11891
2025-06,WEEKDAY,18,TRAIN,TE15,20346,24051
2025-06,WEEKENDS/HOLIDAY,7,TRAIN,EW17,6496,3515
2025-06,WEEKDAY,14,TRAIN,BP6/DT1,27484,27811
2025-06,WEEKDAY,8,TRAIN,NS7,46877,43679
2025-06,WEEKDAY,15,TRAIN,CC8,6452,5740
2025-06,WEEKDAY,19,TRAIN,BP6/DT1,49182,103557
2025-06,WEEKENDS/HOLIDAY,19,TRAIN,SW3,607,1095
2025-06,WEEKDAY,14,TRAIN,TE29,2338,2871
2025-06,WEEKDAY,11,TRAIN,TE24,3067,1775
2025-06,WEEKDAY,10,TRAIN,NS20,27158,47822
2025-06,WEEKENDS/HOLIDAY,10,TRAIN,CC11,3106,6937
2025-06,WEEKDAY,7,TRAIN,EW11,20126,23159
2025-06,WEEKENDS/HOLIDAY,13,TRAIN,EW28,12158,7931
2025-06,WEEKDAY,17,TRAIN,TE4,17122,6424
2025-06,WEEKENDS/HOLIDAY,13,TRAIN,TE23,1317,1283
2025-06,WEEKENDS/HOLIDAY,8,TRAIN,DT4,1181,281
2025-06,WEEKDAY,0,TRAIN,DT28,44,866
2025-06,WEEKENDS/HOLIDAY,23,TRAIN,BP5,3,10
2025-06,WEEKDAY,18,TRAIN,DT33,23453,63410
2025-06,WEEKDAY,20,TRAIN,EW21/CC22,29195,15565
2025-06,WEEKDAY,20,TRAIN,DT27,8534,10784
2025-06,WEEKENDS/HOLIDAY,14,TRAIN,NE8,19272,21809
2025-06,WEEKENDS/HOLIDAY,0,TRAIN,NS24/NE6/CC1,173,203
2025-06,WEEKDAY,9,TRAIN,CC14,10921,7981
2025-06,WEEKENDS/HOLIDAY,22,TRAIN,EW20,1469,4921
2025-06,WEEKDAY,22,TRAIN,EW30,1578,764
2025-06,WEEKENDS/HOLIDAY,16,TRAIN,DT23,1911,1501
2025-06,WEEKDAY,7,TRAIN,CC10/DT26,29179,26795
2025-06,WEEKDAY,12,TRAIN,TE7,5888,4170
2025-06,WEEKENDS/HOLIDAY,8,TRAIN,CC14,2534,1516
2025-06,WEEKDAY,14,TRAIN,BP4,2563,2018
2025-06,WEEKDAY,18,TRAIN,DT31,15098,34220
2025-06,WEEKDAY,8,TRAIN,NE8,37039,40471
2025-06,WEEKDAY,20,TRAIN,EW20,9269,14989
2025-06,WEEKENDS/HOLIDAY,9,TRAIN,EW5,18211,10238
2025-06,WEEKDAY,23,TRAIN,DT10,530,1453
2025-06,WEEKDAY,12,TRAIN,TE6,10140,5627
2025-06,WEEKDAY,23,TRAIN,CC16,780,2112
2025-06,WEEKDAY,8,TRAIN,TE5,18979,7919
2025-06,WEEKENDS/HOLIDAY,0,TRAIN,NE1/CC29,101,170
2025-06,WEEKENDS/HOLIDAY,19,TRAIN,CC5,4115,2403
2025-06,WEEKDAY,21,TRAIN,CC3,16041,2282
2025-06,WEEKDAY,0,TRAIN,NE14,99,2503
2025-06,WEEKENDS/HOLIDAY,18,TRAIN,NE13,11757,12833
2025-06,WEEKENDS/HOLIDAY,17,TRAIN,SW2,3077,2895
2025-06,WEEKENDS/HOLIDAY,5,TRAIN,TE23,16,1
2025-06,WEEKENDS/HOLIDAY,23,TRAIN,DT29,341,2506
2025-06,WEEKDAY,12,TRAIN,NS5,25901,16752
2025-06,WEEKENDS/HOLIDAY,15,TRAIN,TE24,1183,1500
2025-06,WEEKDAY,21,TRAIN,CC2,5077,2144
2025-06,WEEKDAY,17,TRAIN,CC7,12082,9753
2025-06,WEEKDAY,10,TRAIN,EW21/CC22,13861,25690
2025-06,WEEKENDS/HOLIDAY,10,TRAIN,CC10/DT26,7339,4959
2025-06,WEEKDAY,18,TRAIN,EW14/NS26,362458,49720
2025-06,WEEKDAY,17,TRAIN,CC26,26715,5000
2025-06,WEEKDAY,6,TRAIN,EW29,10084,50301
2025-06,WEEKENDS/HOLIDAY,13,TRAIN,NS9/TE2,27418,28866
2025-06,WEEKENDS/HOLIDAY,5,TRAIN,CC12,119,3
2025-06,WEEKDAY,12,TRAIN,SW5,8866,7665
2025-06,WEEKDAY,8,TRAIN,EW18,44298,57544
2025-06,WEEKDAY,16,TRAIN,NE1/CC29,63235,46678
2025-06,WEEKENDS/HOLIDAY,20,TRAIN,EW18,4540,7941
2025-06,WEEKDAY,14,TRAIN,DT24,4045,3644
2025-06,WEEKDAY,13,TRAIN,BP6/DT1,31795,27929
2025-06,WEEKDAY,13,TRAIN,EW25,6550,5951
2025-06,WEEKENDS/HOLIDAY,0,TRAIN,SE3,18,267
2025-06,WEEKDAY,21,TRAIN,PE1,995,5832
2025-06,WEEKENDS/HOLIDAY,20,TRAIN,CC27,996,394
2025-06,WEEKDAY,18,TRAIN,EW2/DT32,97537,192568
2025-06,WEEKDAY,23,TRAIN,PE2,384,3271
2025-06,WEEKENDS/HOLIDAY,23,TRAIN,CC21,1087,970
2025-06,WEEKDAY,15,TRAIN,NS5,19091,22136
2025-06,WEEKENDS/HOLIDAY,8,TRAIN,DT30,4245,1821
2025-06,WEEKDAY,10,TRAIN,CC19/DT9,4895,6735
2025-06,WEEKDAY,6,TRAIN,NS24/NE6/CC1,3204,7742
2025-06,WEEKDAY,9,TRAIN,CC17/TE9,11607,9788
2025-06,WEEKENDS/HOLIDAY,17,TRAIN,NE15,10738,12642
2025-06,WEEKENDS/HOLIDAY,17,TRAIN,EW4,8714,7541
2025-06,WEEKDAY,9,TRAIN,CC26,3781,14975
2025-06,WEEKDAY,12,TRAIN,NE14,30208,18767
2025-06,WEEKDAY,18,TRAIN,EW1,39691,96465
2025-06,WEEKDAY,9,TRAIN,NE13,35343,19016
2025-06,WEEKENDS/HOLIDAY,20,TRAIN,DT30,1576,4564
2025-06,WEEKENDS/HOLIDAY,11,TRAIN,SE1,2218,1298
2025-06,WEEKENDS/HOLIDAY,14,TRAIN,NS18,5743,5324
2025-06,WEEKENDS/HOLIDAY,9,TRAIN,DT29,4396,1310
2025-06,WEEKENDS/HOLIDAY,18,TRAIN,EW5,15718,20871
2025-06,WEEKENDS/HOLIDAY,16,TRAIN,CC28,1686,1745
2025-06,WEEKDAY,6,TRAIN,DT28,13769,8226
2025-06,WEEKDAY,9,TRAIN,PE4,2095,824
2025-06,WEEKENDS/HOLIDAY,11,TRAIN,EW21/CC22,9482,11331
2025-06,WEEKDAY,21,TRAIN,CC20,2426,4892
2025-06,WEEKENDS/HOLIDAY,12,TRAIN,DT29,3567,1820
2025-06,WEEKENDS/HOLIDAY,14,TRAIN,NE5,5827,7010
2025-06,WEEKENDS/HOLIDAY,12,TRAIN,TE12,2543,1963
2025-06,WEEKDAY,20,TRAIN,DT3,3118,10188
2025-06,WEEKENDS/HOLIDAY,17,TRAIN,TE29,2050,2125
2025-06,WEEKDAY,19,TRAIN,EW31,12515,5398
2025-06,WEEKDAY,19,TRAIN,EW5,34798,69598
2025-06,WEEKENDS/HOLIDAY,21,TRAIN,NS11,8449,23357
2025-06,WEEKDAY,16,TRAIN,DT23,5490,3107
2025-06,WEEKDAY,5,TRAIN,BP10,3459,357
2025-06,WEEKDAY,0,TRAIN,NS18,214,1458
2025-06,WEEKENDS/HOLIDAY,12,TRAIN,PE4,998,745
2025-06,WEEKDAY,17,TRAIN,EW28,57253,41557
2025-06,WEEKDAY,7,TRAIN,BP3,19466,2110
2025-06,WEEKDAY,17,TRAIN,DT27,25950,12400
2025-06,WEEKDAY,10,TRAIN,EW29,3870,6345
2025-06,WEEKDAY,22,TRAIN,DT8,1125,2130
2025-06,WEEKDAY,14,TRAIN,CC24,17836,19249
2025-06,WEEKDAY,23,TRAIN,BP6/DT1,2343,21530
2025-06,WEEKENDS/HOLIDAY,16,TRAIN,NS10,15609,14471
2025-06,WEEKDAY,0,TRAIN,NS21/DT11,1472,1586
2025-06,WEEKENDS/HOLIDAY,11,TRAIN,PE6,4251,3079
2025-06,WEEKDAY,15,TRAIN,NE5,11211,11124
2025-06,WEEKDAY,15,TRAIN,EW22,11930,9347
2025-06,WEEKENDS/HOLIDAY,11,TRAIN,CC11,4048,5450
2025-06,WEEKENDS/HOLIDAY,16,TRAIN,CG1/DT35,11350,9847
2025-06,WEEKDAY,0,TRAIN,SW6,33,603
2025-06,WEEKDAY,0,TRAIN,DT13,189,499
2025-06,WEEKENDS/HOLIDAY,19,TRAIN,PW3,530,973
2025-06,WEEKENDS/HOLIDAY,12,TRAIN,PE7,2311,1626
2025-06,WEEKENDS/HOLIDAY,16,TRAIN,EW15,11463,8250
2025-06,WEEKENDS/HOLIDAY,10,TRAIN,DT5,8937,6493
2025-06,WEEKDAY,20,TRAIN,EW11,16028,20036
2025-06,WEEKDAY,9,TRAIN,EW20,19031,24565
2025-06,WEEKENDS/HOLIDAY,5,TRAIN,SW4,240,15
2025-06,WEEKDAY,10,TRAIN,EW14/NS26,18765,87530
2025-06,WEEKDAY,20,TRAIN,TE11,2467,4591
2025-06,WEEKENDS/HOLIDAY,19,TRAIN,DT21,4477,2554
2025-06,WEEKENDS/HOLIDAY,8,TRAIN,EW32,2544,2294
2025-06,WEEKENDS/HOLIDAY,5,TRAIN,CC14,183,17
2025-06,WEEKENDS/HOLIDAY,0,TRAIN,NE12/CC13,234,1798
2025-06,WEEKDAY,19,TRAIN,CC2,7693,4875
2025-06,WEEKENDS/HOLIDAY,17,TRAIN,EW28,16161,13043
2025-06,WEEKENDS/HOLIDAY,13,TRAIN,DT23,1603,1863
2025-06,WEEKDAY,0,TRAIN,SE4,23,429
2025-06,WEEKDAY,8,TRAIN,PW3,2466,1203
2025-06,WEEKDAY,0,TRAIN,NS23,489,225
2025-06,WEEKDAY,19,TRAIN,DT24,6812,10547
2025-06,WEEKENDS/HOLIDAY,18,TRAIN,DT24,2192,2472
2025-06,WEEKENDS/HOLIDAY,19,TRAIN,PE1,1133,2107
2025-06,WEEKDAY,15,TRAIN,NS12,12446,13885
2025-06,WEEKENDS/HOLIDAY,15,TRAIN,TE16,3471,3302
2025-06,WEEKDAY,15,TRAIN,EW33,2885,2109
2025-06,WEEKDAY,9,TRAIN,CG2,14497,28014
2025-06,WEEKENDS/HOLIDAY,21,TRAIN,DT27,2031,4931
2025-06,WEEKENDS/HOLIDAY,5,TRAIN,PE5,428,16
2025-06,WEEKDAY,16,TRAIN,PW7,3048,3245
2025-06,WEEKENDS/HOLIDAY,13,TRAIN,EW19,7698,6965
2025-06,WEEKDAY,16,TRAIN,DT10,3757,3241
2025-06,WEEKENDS/HOLIDAY,0,TRAIN,EW2/DT32,342,2576
2025-06,WEEKENDS/HOLIDAY,7,TRAIN,EW25,5479,3511
2025-06,WEEKDAY,6,TRAIN,DT18,692,9598
2025-06,WEEKENDS/HOLIDAY,0,TRAIN,NS2,266,1752
2025-06,WEEKDAY,15,TRAIN,TE1,8892,2500
2025-06,WEEKENDS/HOLIDAY,11,TRAIN,SE4,2490,1246
2025-06,WEEKDAY,16,TRAIN,DT34,7234,3830
2025-06,WEEKENDS/HOLIDAY,23,TRAIN,DT18,2170,887
2025-06,WEEKDAY,23,TRAIN,TE14/NS22,15822,4665
2025-06,WEEKENDS/HOLIDAY,6,TRAIN,EW20,2654,1730
2025-06,WEEKDAY,15,TRAIN,BP7,895,1040
2025-06,WEEKENDS/HOLIDAY,20,TRAIN,PW6,227,700
2025-06,WEEKENDS/HOLIDAY,14,TRAIN,BP6/DT1,18192,16275
2025-06,WEEKENDS/HOLIDAY,16,TRAIN,PW7,1463,1401
2025-06,WEEKENDS/HOLIDAY,18,TRAIN,CC27,1227,890
2025-06,WEEKDAY,6,TRAIN,PW3,4040,515
2025-06,WEEKENDS/HOLIDAY,11,TRAIN,DT23,1220,1540
2025-06,WEEKDAY,5,TRAIN,NS9/TE2,22064,9561
2025-06,WEEKENDS/HOLIDAY,7,TRAIN,NE1/CC29,5299,16536
2025-06,WEEKDAY,10,TRAIN,DT28,9694,5325
2025-06,WEEKDAY,12,TRAIN,NS10,33622,21666
2025-06,WEEKDAY,5,TRAIN,TE27,941,5
2025-06,WEEKENDS/HOLIDAY,6,TRAIN,NS9/TE2,12554,7847
2025-06,WEEKENDS/HOLIDAY,16,TRAIN,EW22,2241,2455
2025-06,WEEKENDS/HOLIDAY,5,TRAIN,NE10,206,50
2025-06,WEEKENDS/HOLIDAY,14,TRAIN,DT24,2005,1747
2025-06,WEEKDAY,15,TRAIN,NE15,14265,18474
2025-06,WEEKENDS/HOLIDAY,5,TRAIN,BP12,520,35
2025-06,WEEKDAY,10,TRAIN,EW12/DT14,26845,69894
2025-06,WEEKDAY,13,TRAIN,NE14,27294,20690
2025-06,WEEKENDS/HOLIDAY,17,TRAIN,CG1/DT35,11785,10099
2025-06,WEEKENDS/HOLIDAY,17,TRAIN,NS4/BP1,17953,21734
2025-06,WEEKDAY,21,TRAIN,EW33,1717,4985
2025-06,WEEKENDS/HOLIDAY,5,TRAIN,DT22,112,0
2025-06,WEEKDAY,7,TRAIN,EW27,121718,88626
2025-06,WEEKENDS/HOLIDAY,23,TRAIN,TE22,1126,246
2025-06,WEEKENDS/HOLIDAY,23,TRAIN,SW8,68,486
2025-06,WEEKDAY,22,TRAIN,NE17/PTC,17858,35452
2025-06,WEEKENDS/HOLIDAY,11,TRAIN,NE1/CC29,11856,37859
2025-06,WEEKENDS/HOLIDAY,16,TRAIN,DT28,4873,3935
2025-06,WEEKDAY,21,TRAIN,EW21/CC22,24929,12619
2025-06,WEEKDAY,5,TRAIN,DT6,254,174
2025-06,WEEKENDS/HOLIDAY,16,TRAIN,BP9,849,886
2025-06,WEEKDAY,17,TRAIN,NE15,21471,40791
2025-06,WEEKENDS/HOLIDAY,9,TRAIN,SW8,1252,388
2025-06,WEEKDAY,10,TRAIN,EW5,33219,20777
2025-06,WEEKENDS/HOLIDAY,15,TRAIN,NS10,14832,13895
2025-06,WEEKENDS/HOLIDAY,21,TRAIN,NS14,8027,17922
2025-06,WEEKDAY,7,TRAIN,CC4/DT15,1723,22148
2025-06,WEEKENDS/HOLIDAY,18,TRAIN,CC26,1782,2794
2025-06,WEEKDAY,5,TRAIN,NE10,1632,566
2025-06,WEEKDAY,13,TRAIN,SE2,4637,4146
2025-06,WEEKDAY,6,TRAIN,NS3,38612,7259
2025-06,WEEKDAY,23,TRAIN,CC3,3434,446
2025-06,WEEKENDS/HOLIDAY,22,TRAIN,BP7,57,308
2025-06,WEEKENDS/HOLIDAY,14,TRAIN,EW18,6764,7535
2025-06,WEEKDAY,23,TRAIN,NS7,8353,18531
2025-06,WEEKENDS/HOLIDAY,13,TRAIN,CC24,4568,4975
2025-06,WEEKENDS/HOLIDAY,15,TRAIN,NS15,5513,4886
2025-06,WEEKDAY,18,TRAIN,CC4/DT15,91493,35609
2025-06,WEEKDAY,7,TRAIN,DT18,2014,26440
2025-06,WEEKENDS/HOLIDAY,10,TRAIN,NS23,5738,19135
2025-06,WEEKENDS/HOLIDAY,14,TRAIN,NS27/CE2/TE20,2137,3317
2025-06,WEEKDAY,17,TRAIN,EW16/NE3/TE17,123532,26313
2025-06,WEEKDAY,8,TRAIN,SE4,9340,2823
2025-06,WEEKENDS/HOLIDAY,15,TRAIN,CC24,6097,3998
2025-06,WEEKDAY,7,TRAIN,DT7,4848,9945
2025-06,WEEKDAY,21,TRAIN,DT18,20086,4722
2025-06,WEEKENDS/HOLIDAY,16,TRAIN,EW9,14444,12839
2025-06,WEEKDAY,16,TRAIN,DT18,18161,7608
2025-06,WEEKENDS/HOLIDAY,7,TRAIN,DT6,1221,2018
2025-06,WEEKENDS/HOLIDAY,19,TRAIN,TE7,1681,2744
2025-06,WEEKENDS/HOLIDAY,9,TRAIN,CC5,1031,1944
2025-06,WEEKENDS/HOLIDAY,18,TRAIN,EW31,2599,1983
2025-06,WEEKENDS/HOLIDAY,19,TRAIN,EW16/NE3/TE17,10924,9679
2025-06,WEEKDAY,17,TRAIN,NE9,47727,30468
2025-06,WEEKENDS/HOLIDAY,7,TRAIN,CC6,375,6180
2025-06,WEEKENDS/HOLIDAY,12,TRAIN,NS10,19803,11003
2025-06,WEEKDAY,14,TRAIN,NE11,13404,13449
2025-06,WEEKDAY,13,TRAIN,CG2,24847,27918
2025-06,WEEKENDS/HOLIDAY,9,TRAIN,EW24/NS1,13742,22231
2025-06,WEEKDAY,7,TRAIN,CC16,13887,12438
2025-06,WEEKENDS/HOLIDAY,0,TRAIN,TE27,8,340
2025-06,WEEKDAY,0,TRAIN,CC16,31,175
2025-06,WEEKENDS/HOLIDAY,15,TRAIN,NE13,10751,10034
2025-06,WEEKDAY,21,TRAIN,PW3,429,2120
2025-06,WEEKENDS/HOLIDAY,19,TRAIN,CC25,3760,2711
2025-06,WEEKENDS/HOLIDAY,9,TRAIN,DT27,3758,2730
2025-06,WEEKDAY,11,TRAIN,CC6,5858,7752
2025-06,WEEKDAY,20,TRAIN,SW6,1507,6321
2025-06,WEEKDAY,10,TRAIN,CC5,2264,5534
2025-06,WEEKDAY,20,TRAIN,DT13,12661,9118
2025-06,WEEKENDS/HOLIDAY,18,TRAIN,NS15,6009,7375
2025-06,WEEKENDS/HOLIDAY,0,TRAIN,TE25,6,78
2025-06,WEEKDAY,17,TRAIN,PW6,1849,2329
2025-06,WEEKDAY,18,TRAIN,CE1/DT16,57883,60659
2025-06,WEEKENDS/HOLIDAY,6,TRAIN,NS17/CC15,6188,2652
2025-06,WEEKENDS/HOLIDAY,8,TRAIN,DT13,2438,4273
2025-06,WEEKENDS/HOLIDAY,5,TRAIN,DT3,169,9
2025-06,WEEKDAY,21,TRAIN,BP8,1490,1700
2025-06,WEEKENDS/HOLIDAY,0,TRAIN,EW23,203,1091
2025-06,WEEKENDS/HOLIDAY,23,TRAIN,PW3,46,332
2025-06,WEEKENDS/HOLIDAY,9,TRAIN,TE25,1697,838
2025-06,WEEKDAY,19,TRAIN,TE1,10125,7778
2025-06,WEEKENDS/HOLIDAY,9,TRAIN,EW11,7061,7572
2025-06,WEEKENDS/HOLIDAY,5,TRAIN,CC7,228,19
2025-06,WEEKENDS/HOLIDAY,11,TRAIN,PW4,2933,2010
2025-06,WEEKDAY,23,TRAIN,EW33,320,936
2025-06,WEEKENDS/HOLIDAY,18,TRAIN,CC3,8383,7437
2025-06,WEEKENDS/HOLIDAY,22,TRAIN,TE28,789,1420
2025-06,WEEKENDS/HOLIDAY,13,TRAIN,NE11,7986,7761
2025-06,WEEKDAY,18,TRAIN,SW4,3928,8331
2025-06,WEEKENDS/HOLIDAY,13,TRAIN,TE5,2142,1831
2025-06,WEEKENDS/HOLIDAY,23,TRAIN,DT23,456,682
2025-06,WEEKENDS/HOLIDAY,0,TRAIN,DT33,14,1517
2025-06,WEEKDAY,5,TRAIN,PE2,2093,215
2025-06,WEEKENDS/HOLIDAY,22,TRAIN,TE18,4295,1362
2025-06,WEEKENDS/HOLIDAY,8,TRAIN,SE5,1248,432
2025-06,WEEKDAY,17,TRAIN,NE13,27629,36317
2025-06,WEEKENDS/HOLIDAY,18,TRAIN,NE10,7797,7816
2025-06,WEEKDAY,23,TRAIN,DT7,401,1417
2025-06,WEEKDAY,23,TRAIN,CC2,1280,461
2025-06,WEEKENDS/HOLIDAY,5,TRAIN,NE9,374,0
2025-06,WEEKENDS/HOLIDAY,6,TRAIN,EW5,6745,2866
2025-06,WEEKENDS/HOLIDAY,12,TRAIN,EW30,1318,648
2025-06,WEEKDAY,13,TRAIN,NE1/CC29,48161,55695
2025-06,WEEKENDS/HOLIDAY,9,TRAIN,TE3,5116,2277
2025-06,WEEKENDS/HOLIDAY,23,TRAIN,BP13,7,14
2025-06,WEEKENDS/HOLIDAY,17,TRAIN,SW5,3688,4213
2025-06,WEEKENDS/HOLIDAY,23,TRAIN,EW26,1235,9780
2025-06,WEEKDAY,9,TRAIN,EW21/CC22,18909,85654
2025-06,WEEKDAY,21,TRAIN,DT4,427,2848
2025-06,WEEKENDS/HOLIDAY,15,TRAIN,DT8,1371,1433
2025-06,WEEKDAY,18,TRAIN,SE2,5139,14202
2025-06,WEEKDAY,16,TRAIN,NE8,28722,29084
2025-06,WEEKDAY,11,TRAIN,CC5,3532,4457
2025-06,WEEKDAY,15,TRAIN,NE9,18152,15624
2025-06,WEEKENDS/HOLIDAY,21,TRAIN,CG1/DT35,11498,1882
2025-06,WEEKENDS/HOLIDAY,10,TRAIN,DT8,2000,1233
2025-06,WEEKDAY,16,TRAIN,CG2,32080,20557
2025-06,WEEKENDS/HOLIDAY,13,TRAIN,CC17/TE9,2478,2185
2025-06,WEEKENDS/HOLIDAY,11,TRAIN,CC17/TE9,2725,1917
2025-06,WEEKENDS/HOLIDAY,0,TRAIN,TE11,23,153
2025-06,WEEKENDS/HOLIDAY,22,TRAIN,EW6,1235,5424
2025-06,WEEKDAY,9,TRAIN,NS8,32463,13195
2025-06,WEEKDAY,0,TRAIN,EW16/NE3/TE17,126,763
2025-06,WEEKENDS/HOLIDAY,15,TRAIN,CC10/DT26,6458,6407
2025-06,WEEKENDS/HOLIDAY,14,TRAIN,SE4,1514,1481
2025-06,WEEKDAY,18,TRAIN,EW16/NE3/TE17,126795,40089
2025-06,WEEKENDS/HOLIDAY,12,TRAIN,NE14,16970,9691
2025-06,WEEKENDS/HOLIDAY,11,TRAIN,NE18,3790,4878
2025-06,WEEKDAY,15,TRAIN,TE25,2214,3022
2025-06,WEEKDAY,16,TRAIN,CC8,7312,7052
2025-06,WEEKENDS/HOLIDAY,14,TRAIN,TE18,8337,5739
2025-06,WEEKDAY,7,TRAIN,DT21,3212,7407
2025-06,WEEKENDS/HOLIDAY,8,TRAIN,PE2,2965,702
2025-06,WEEKENDS/HOLIDAY,6,TRAIN,NE14,7304,1869
2025-06,WEEKENDS/HOLIDAY,0,TRAIN,SE5,16,176
2025-06,WEEKDAY,14,TRAIN,TE8,8899,7818
2025-06,WEEKENDS/HOLIDAY,20,TRAIN,SE5,535,1569
2025-06,WEEKDAY,7,TRAIN,EW26,125922,47527
2025-06,WEEKENDS/HOLIDAY,10,TRAIN,NE8,10023,17508
2025-06,WEEKDAY,11,TRAIN,EW23,37133,35351
2025-06,WEEKENDS/HOLIDAY,5,TRAIN,EW17,454,51
2025-06,WEEKENDS/HOLIDAY,6,TRAIN,PW7,451,687
2025-06,WEEKDAY,21,TRAIN,TE5,2567,7145
2025-06,WEEKENDS/HOLIDAY,19,TRAIN,PW2,99,47
2025-06,WEEKENDS/HOLIDAY,19,TRAIN,NS9/TE2,25348,34281
2025-06,WEEKENDS/HOLIDAY,10,TRAIN,CC5,1353,2982
2025-06,WEEKDAY,12,TRAIN,CC16,6291,5287
2025-06,WEEKENDS/HOLIDAY,21,TRAIN,NE8,28644,14338
2025-06,WEEKENDS/HOLIDAY,11,TRAIN,CC26,1399,815
2025-06,WEEKDAY,11,TRAIN,TE26,10103,12307
2025-06,WEEKDAY,7,TRAIN,SE1,11424,4234
2025-06,WEEKENDS/HOLIDAY,7,TRAIN,DT25,1552,912
2025-06,WEEKENDS/HOLIDAY,9,TRAIN,DT2,1363,504
2025-06,WEEKDAY,18,TRAIN,CC27,63048,4079
2025-06,WEEKENDS/HOLIDAY,18,TRAIN,TE14/NS22,60093,38379
2025-06,WEEKENDS/HOLIDAY,9,TRAIN,CC19/DT9,2826,5112
2025-06,WEEKDAY,11,TRAIN,BP7,972,867
2025-06,WEEKENDS/HOLIDAY,15,TRAIN,CC16,3119,2653
2025-06,WEEKENDS/HOLIDAY,20,TRAIN,TE15,4702,3697
2025-06,WEEKDAY,10,TRAIN,NS3,21477,11812
2025-06,WEEKENDS/HOLIDAY,10,TRAIN,DT33,9163,2409
2025-06,WEEKENDS/HOLIDAY,9,TRAIN,DT20,1893,2933
2025-06,WEEKDAY,6,TRAIN,EW17,24692,9466
2025-06,WEEKENDS/HOLIDAY,0,TRAIN,CC26,3,51
2025-06,WEEKDAY,23,TRAIN,SE5,225,1434
2025-06,WEEKDAY,8,TRAIN,NE15,85725,11632
2025-06,WEEKDAY,22,TRAIN,TE18,12482,2609
2025-06,WEEKDAY,18,TRAIN,BP2,3374,8007
2025-06,WEEKDAY,21,TRAIN,BP12,1038,3259
2025-06,WEEKDAY,23,TRAIN,NS9/TE2,12554,33428
2025-06,WEEKENDS/HOLIDAY,7,TRAIN,TE7,1468,1327
2025-06,WEEKDAY,6,TRAIN,TE27,4254,793
2025-06,WEEKENDS/HOLIDAY,11,TRAIN,PE3,3885,2364
2025-06,WEEKDAY,6,TRAIN,CC28,4447,1637
2025-06,WEEKDAY,10,TRAIN,CG2,13518,23782
2025-06,WEEKDAY,9,TRAIN,EW15,14355,174937
2025-06,WEEKENDS/HOLIDAY,7,TRAIN,TE24,730,482
2025-06,WEEKENDS/HOLIDAY,11,TRAIN,PE4,1013,647
2025-06,WEEKENDS/HOLIDAY,21,TRAIN,NS4/BP1,9968,19784
2025-06,WEEKDAY,21,TRAIN,DT33,5574,26571
2025-06,WEEKDAY,11,TRAIN,EW2/DT32,43895,38807
2025-06,WEEKENDS/HOLIDAY,10,TRAIN,DT20,2383,3493
2025-06,WEEKENDS/HOLIDAY,22,TRAIN,PE4,346,802
2025-06,WEEKENDS/HOLIDAY,18,TRAIN,PE1,1565,1932
2025-06,WEEKDAY,22,TRAIN,DT3,1640,7497
2025-06,WEEKENDS/HOLIDAY,8,TRAIN,PW2,20,42
2025-06,WEEKDAY,9,TRAIN,NS12,29277,10594
2025-06,WEEKENDS/HOLIDAY,18,TRAIN,DT10,1973,1451
2025-06,WEEKENDS/HOLIDAY,11,TRAIN,SW3,1266,669
2025-06,WEEKDAY,7,TRAIN,TE26,7959,4797
2025-06,WEEKDAY,13,TRAIN,NE13,20765,18152
2025-06,WEEKENDS/HOLIDAY,8,TRAIN,TE14/NS22,5396,27906
2025-06,WEEKENDS/HOLIDAY,7,TRAIN,PW3,939,208
2025-06,WEEKENDS/HOLIDAY,12,TRAIN,DT10,2182,1084
2025-06,WEEKENDS/HOLIDAY,17,TRAIN,PE1,1823,1697
2025-06,WEEKENDS/HOLIDAY,13,TRAIN,CC25,3140,2590
2025-06,WEEKENDS/HOLIDAY,21,TRAIN,DT29,1227,4809
2025-06,WEEKDAY,16,TRAIN,PE6,8281,7472
2025-06,WEEKDAY,19,TRAIN,CG1/DT35,41052,12764
2025-06,WEEKENDS/HOLIDAY,13,TRAIN,CG2,13816,16183
2025-06,WEEKENDS/HOLIDAY,6,TRAIN,TE14/NS22,1565,6832
2025-06,WEEKENDS/HOLIDAY,8,TRAIN,DT20,1187,2357
2025-06,WEEKENDS/HOLIDAY,6,TRAIN,CC5,722,456
2025-06,WEEKDAY,5,TRAIN,PE3,1494,319
2025-06,WEEKDAY,11,TRAIN,TE14/NS22,37399,94040
2025-06,WEEKENDS/HOLIDAY,23,TRAIN,SE3,55,1021
2025-06,WEEKENDS/HOLIDAY,0,TRAIN,PE4,16,153
2025-06,WEEKENDS/HOLIDAY,17,TRAIN,EW8/CC9,44475,34051
2025-06,WEEKDAY,5,TRAIN,NE8,1228,72
2025-06,WEEKDAY,9,TRAIN,NE16/STC,63663,22608
2025-06,WEEKENDS/HOLIDAY,23,TRAIN,CC5,610,654
2025-06,WEEKDAY,23,TRAIN,NS13,7707,31448
2025-06,WEEKENDS/HOLIDAY,21,TRAIN,NE9,4782,10745
2025-06,WEEKENDS/HOLIDAY,15,TRAIN,NS8,7145,6484
2025-06,WEEKENDS/HOLIDAY,9,TRAIN,TE27,3304,1484
2025-06,WEEKENDS/HOLIDAY,7,TRAIN,CC12,1548,1110
2025-06,WEEKENDS/HOLIDAY,23,TRAIN,DT30,318,2545
2025-06,WEEKENDS/HOLIDAY,22,TRAIN,TE14/NS22,29393,6037
2025-06,WEEKENDS/HOLIDAY,16,TRAIN,BP4,756,739
2025-06,WEEKENDS/HOLIDAY,21,TRAIN,NS13,16677,26501
2025-06,WEEKDAY,16,TRAIN,TE26,12602,13388
2025-06,WEEKDAY,11,TRAIN,EW32,2006,1597
2025-06,WEEKDAY,10,TRAIN,CC25,5592,4351
2025-06,WEEKDAY,18,TRAIN,BP11,3648,10459
2025-06,WEEKDAY,21,TRAIN,TE4,3938,4516
2025-06,WEEKENDS/HOLIDAY,7,TRAIN,CC19/DT9,945,2932
2025-06,WEEKDAY,5,TRAIN,NS2,12897,3145
2025-06,WEEKDAY,0,TRAIN,DT4,7,316
2025-06,WEEKDAY,10,TRAIN,TE7,6006,4015
2025-06,WEEKDAY,14,TRAIN,EW4,11019,9452
2025-06,WEEKENDS/HOLIDAY,14,TRAIN,PE1,1470,1630
2025-06,WEEKENDS/HOLIDAY,22,TRAIN,NS25/EW13,34733,3709
2025-06,WEEKENDS/HOLIDAY,9,TRAIN,NE16/STC,20870,9892
2025-06,WEEKDAY,15,TRAIN,EW14/NS26,49168,29101
2025-06,WEEKENDS/HOLIDAY,10,TRAIN,DT25,2229,1193
2025-06,WEEKDAY,14,TRAIN,EW32,2324,1531
2025-06,WEEKDAY,13,TRAIN,NE5,11144,14270
2025-06,WEEKENDS/HOLIDAY,14,TRAIN,NS21/DT11,25935,26861
2025-06,WEEKENDS/HOLIDAY,21,TRAIN,EW28,4927,15808
2025-06,WEEKDAY,15,TRAIN,NE7/DT12,25391,23276
2025-06,WEEKDAY,23,TRAIN,NE1/CC29,20882,4562
2025-06,WEEKDAY,0,TRAIN,DT2,2,364
2025-06,WEEKENDS/HOLIDAY,7,TRAIN,CC10/DT26,4882,3337
2025-06,WEEKENDS/HOLIDAY,12,TRAIN,BP2,1646,978
2025-06,WEEKDAY,7,TRAIN,TE28,7101,2024
2025-06,WEEKDAY,15,TRAIN,SW3,1716,1825
2025-06,WEEKENDS/HOLIDAY,5,TRAIN,CC3,23,0
2025-06,WEEKENDS/HOLIDAY,21,TRAIN,NS17/CC15,5982,10548
2025-06,WEEKDAY,18,TRAIN,NS12,29063,59778
2025-06,WEEKENDS/HOLIDAY,16,TRAIN,NE15,9753,10577
2025-06,WEEKDAY,8,TRAIN,DT27,19915,37876
2025-06,WEEKDAY,16,TRAIN,CG1/DT35,21228,8780
2025-06,WEEKENDS/HOLIDAY,12,TRAIN,EW32,3712,1124
2025-06,WEEKENDS/HOLIDAY,9,TRAIN,NE17/PTC,19985,11274
2025-06,WEEKDAY,12,TRAIN,CC5,5041,5919
2025-06,WEEKDAY,22,TRAIN,NE9,8101,20551
2025-06,WEEKENDS/HOLIDAY,22,TRAIN,CE1/DT16,48654,8434
2025-06,WEEKDAY,23,TRAIN,NS21/DT11,20412,20346
2025-06,WEEKENDS/HOLIDAY,16,TRAIN,CC6,8382,8252
2025-06,WEEKENDS/HOLIDAY,7,TRAIN,DT2,576,624
2025-06,WEEKENDS/HOLIDAY,21,TRAIN,CC25,1282,2590
2025-06,WEEKDAY,13,TRAIN,DT28,6968,6494
2025-06,WEEKDAY,17,TRAIN,BP12,3066,3767
2025-06,WEEKDAY,22,TRAIN,EW14/NS26,42212,5553
2025-06,WEEKENDS/HOLIDAY,21,TRAIN,NE16/STC,11741,22914
2025-06,WEEKDAY,23,TRAIN,NS17/CC15,4586,13108
2025-06,WEEKDAY,19,TRAIN,SW5,7130,18373
2025-06,WEEKDAY,22,TRAIN,CC25,2775,4241
2025-06,WEEKENDS/HOLIDAY,10,TRAIN,EW24/NS1,15526,30506
2025-06,WEEKENDS/HOLIDAY,5,TRAIN,EW6,177,22
2025-06,WEEKENDS/HOLIDAY,5,TRAIN,NE12/CC13,1656,109
2025-06,WEEKDAY,8,TRAIN,NE17/PTC,121305,23334
2025-06,WEEKENDS/HOLIDAY,19,TRAIN,NS3,6713,10397
2025-06,WEEKDAY,5,TRAIN,CG1/DT35,499,421
2025-06,WEEKDAY,14,TRAIN,BP13,946,1227
2025-06,WEEKENDS/HOLIDAY,12,TRAIN,SW6,2142,1214
2025-06,WEEKDAY,0,TRAIN,CC11,104,293
2025-06,WEEKDAY,10,TRAIN,EW8/CC9,24534,50148
2025-06,WEEKENDS/HOLIDAY,13,TRAIN,EW2/DT32,28433,26109
2025-06,WEEKENDS/HOLIDAY,7,TRAIN,SW4,1035,377
2025-06,WEEKDAY,20,TRAIN,BP2,1355,4547
2025-06,WEEKDAY,7,TRAIN,DT2,5384,9771
2025-06,WEEKENDS/HOLIDAY,11,TRAIN,BP7,470,459
2025-06,WEEKDAY,20,TRAIN,CC8,5680,10238
2025-06,WEEKDAY,21,TRAIN,CC5,4711,3787
2025-06,WEEKENDS/HOLIDAY,12,TRAIN,NE18,4442,5407
2025-06,WEEKENDS/HOLIDAY,6,TRAIN,CC10/DT26,4016,1146
2025-06,WEEKDAY,21,TRAIN,CC14,3318,6346
2025-06,WEEKDAY,9,TRAIN,PE7,5917,2072
2025-06,WEEKENDS/HOLIDAY,14,TRAIN,DT3,2931,2490
2025-06,WEEKDAY,21,TRAIN,CC10/DT26,9549,17772
2025-06,WEEKDAY,19,TRAIN,SW7,1706,5609
2025-06,WEEKENDS/HOLIDAY,8,TRAIN,SW8,1089,414
2025-06,WEEKDAY,6,TRAIN,PE5,7890,940
2025-06,WEEKDAY,8,TRAIN,EW4,45162,21065
2025-06,WEEKENDS/HOLIDAY,8,TRAIN,CG1/DT35,1258,3983
2025-06,WEEKENDS/HOLIDAY,9,TRAIN,NS25/EW13,7611,50791
2025-06,WEEKDAY,21,TRAIN,BP11,1000,4441
2025-06,WEEKENDS/HOLIDAY,12,TRAIN,NS7,11764,11051
2025-06,WEEKDAY,12,TRAIN,NS3,19229,13285
2025-06,WEEKENDS/HOLIDAY,20,TRAIN,DT23,1306,1439
2025-06,WEEKDAY,6,TRAIN,EW5,34265,13875
2025-06,WEEKENDS/HOLIDAY,17,TRAIN,TE3,5261,4154
2025-06,WEEKENDS/HOLIDAY,0,TRAIN,CC17/TE9,21,285
2025-06,WEEKENDS/HOLIDAY,0,TRAIN,EW17,27,582
2025-06,WEEKENDS/HOLIDAY,19,TRAIN,EW21/CC22,7738,8211
2025-06,WEEKDAY,18,TRAIN,EW8/CC9,132608,125177
2025-06,WEEKENDS/HOLIDAY,13,TRAIN,NE10,8656,7065
2025-06,WEEKDAY,14,TRAIN,CC12,4659,4454
2025-06,WEEKENDS/HOLIDAY,13,TRAIN,EW11,8385,10445
2025-06,WEEKENDS/HOLIDAY,17,TRAIN,CC14,3230,2845
2025-06,WEEKDAY,11,TRAIN,EW24/NS1,34955,64807
2025-06,WEEKDAY,7,TRAIN,TE27,11267,2923
2025-06,WEEKDAY,20,TRAIN,EW10,7635,19770
2025-06,WEEKENDS/HOLIDAY,12,TRAIN,BP12,1506,925
2025-06,WEEKENDS/HOLIDAY,8,TRAIN,DT27,3400,3412
2025-06,WEEKENDS/HOLIDAY,18,TRAIN,CC11,8460,6464
2025-06,WEEKENDS/HOLIDAY,21,TRAIN,EW23,13389,21407
2025-06,WEEKENDS/HOLIDAY,15,TRAIN,CC27,1108,823
2025-06,WEEKDAY,10,TRAIN,NS4/BP1,30837,23934
2025-06,WEEKDAY,8,TRAIN,NS12,66632,19515
2025-06,WEEKENDS/HOLIDAY,22,TRAIN,PW1,446,69
2025-06,WEEKENDS/HOLIDAY,12,TRAIN,CC23,2337,2155
2025-06,WEEKENDS/HOLIDAY,13,TRAIN,DT8,1634,1455
2025-06,WEEKENDS/HOLIDAY,15,TRAIN,BP6/DT1,17514,16850
2025-06,WEEKDAY,11,TRAIN,CG1/DT35,7214,14667
2025-06,WEEKENDS/HOLIDAY,21,TRAIN,NE18,4391,2709
2025-06,WEEKENDS/HOLIDAY,9,TRAIN,EW15,3626,11568
2025-06,WEEKDAY,17,TRAIN,SW7,3251,3655
2025-06,WEEKENDS/HOLIDAY,14,TRAIN,CC27,974,864
2025-06,WEEKENDS/HOLIDAY,7,TRAIN,DT10,1008,1100
2025-06,WEEKENDS/HOLIDAY,17,TRAIN,TE8,5890,5727
2025-06,WEEKENDS/HOLIDAY,23,TRAIN,NS24/NE6/CC1,4715,2101
2025-06,WEEKDAY,21,TRAIN,DT22,12059,10798
2025-06,WEEKDAY,16,TRAIN,DT25,4696,3770
2025-06,WEEKENDS/HOLIDAY,13,TRAIN,SW4,1462,1530
2025-06,WEEKENDS/HOLIDAY,18,TRAIN,DT23,2374,1740
2025-06,WEEKDAY,10,TRAIN,DT22,8912,9167
2025-06,WEEKENDS/HOLIDAY,12,TRAIN,BP5,1195,873
2025-06,WEEKDAY,19,TRAIN,NE17/PTC,48680,105251
2025-06,WEEKDAY,6,TRAIN,DT30,9958,2094
2025-06,WEEKENDS/HOLIDAY,11,TRAIN,NS7,11510,11605
2025-06,WEEKDAY,0,TRAIN,CC21,71,194
2025-06,WEEKENDS/HOLIDAY,15,TRAIN,DT13,6070,5900
2025-06,WEEKDAY,22,TRAIN,EW6,3033,13103
2025-06,WEEKDAY,18,TRAIN,EW5,57070,98879
2025-06,WEEKENDS/HOLIDAY,20,TRAIN,EW7,3800,9331
2025-06,WEEKENDS/HOLIDAY,12,TRAIN,NS18,7342,4502
2025-06,WEEKENDS/HOLIDAY,10,TRAIN,CC16,3096,3062
2025-06,WEEKDAY,8,TRAIN,EW1,105045,20895
2025-06,WEEKENDS/HOLIDAY,13,TRAIN,EW14/NS26,11077,12122
2025-06,WEEKDAY,10,TRAIN,NS5,27104,12652
2025-06,WEEKDAY,17,TRAIN,CC3,17992,8208
2025-06,WEEKDAY,23,TRAIN,EW19,1831,7703
2025-06,WEEKDAY,9,TRAIN,EW6,20727,10057
2025-06,WEEKENDS/HOLIDAY,22,TRAIN,EW8/CC9,14618,9654
2025-06,WEEKDAY,13,TRAIN,NS18,12579,11273
2025-06,WEEKENDS/HOLIDAY,11,TRAIN,NS14,15754,9279
2025-06,WEEKDAY,9,TRAIN,CC28,7129,7826
2025-06,WEEKENDS/HOLIDAY,19,TRAIN,TE22,6788,6766
2025-06,WEEKENDS/HOLIDAY,20,TRAIN,BP2,523,1539
2025-06,WEEKDAY,16,TRAIN,SW6,3097,3642
2025-06,WEEKDAY,18,TRAIN,EW12/DT14,161678,121760
2025-06,WEEKENDS/HOLIDAY,22,TRAIN,TE5,567,2713
2025-06,WEEKENDS/HOLIDAY,13,TRAIN,PW5,1705,1469
2025-06,WEEKDAY,5,TRAIN,DT25,750,319
2025-06,WEEKDAY,19,TRAIN,EW9,24371,59505
2025-06,WEEKDAY,9,TRAIN,SW3,3178,1206
2025-06,WEEKENDS/HOLIDAY,6,TRAIN,DT10,623,323
2025-06,WEEKDAY,22,TRAIN,DT13,6748,7093
2025-06,WEEKENDS/HOLIDAY,10,TRAIN,SW4,2037,949
2025-06,WEEKDAY,19,TRAIN,NS14,28919,76866
2025-06,WEEKENDS/HOLIDAY,22,TRAIN,CC11,2757,3156
2025-06,WEEKDAY,15,TRAIN,CC7,4692,5320
2025-06,WEEKDAY,12,TRAIN,EW17,23722,24697
2025-06,WEEKDAY,10,TRAIN,NS18,16988,9180
2025-06,WEEKDAY,21,TRAIN,NS8,11632,21232
2025-06,WEEKENDS/HOLIDAY,20,TRAIN,PE3,1218,3127
2025-06,WEEKENDS/HOLIDAY,16,TRAIN,PE2,2318,2312
2025-06,WEEKDAY,9,TRAIN,DT31,15833,6703
2025-06,WEEKDAY,18,TRAIN,NS18,31974,33880
2025-06,WEEKENDS/HOLIDAY,11,TRAIN,EW32,3199,1022
2025-06,WEEKDAY,8,TRAIN,DT34,14484,13377
2025-06,WEEKENDS/HOLIDAY,20,TRAIN,BP3,832,2586
2025-06,WEEKDAY,6,TRAIN,CC27,375,5249
2025-06,WEEKENDS/HOLIDAY,6,TRAIN,SE2,1560,180
2025-06,WEEKDAY,6,TRAIN,CC2,268,1816
2025-06,WEEKENDS/HOLIDAY,21,TRAIN,DT13,3988,4664
2025-06,WEEKDAY,11,TRAIN,DT29,6535,2459
2025-06,WEEKENDS/HOLIDAY,22,TRAIN,BP5,219,438
2025-06,WEEKENDS/HOLIDAY,8,TRAIN,NE9,9797,6904
2025-06,WEEKDAY,5,TRAIN,NE4/DT19,1566,132
2025-06,WEEKENDS/HOLIDAY,13,TRAIN,CC16,3846,2649
2025-06,WEEKDAY,23,TRAIN,CC7,1006,3214
2025-06,WEEKDAY,8,TRAIN,TE27,17060,3523
2025-06,WEEKDAY,13,TRAIN,EW32,1889,2194
2025-06,WEEKDAY,9,TRAIN,EW14/NS26,12607,298874
2025-06,WEEKDAY,17,TRAIN,DT21,15182,8889
2025-06,WEEKENDS/HOLIDAY,6,TRAIN,TE6,3205,640
2025-06,WEEKENDS/HOLIDAY,14,TRAIN,PE7,1563,2006
2025-06,WEEKENDS/HOLIDAY,11,TRAIN,SW7,1555,670
2025-06,WEEKDAY,0,TRAIN,DT33,26,2869
2025-06,WEEKENDS/HOLIDAY,5,TRAIN,DT25,105,21
2025-06,WEEKDAY,10,TRAIN,CC23,3825,30463
2025-06,WEEKENDS/HOLIDAY,18,TRAIN,NE7/DT12,25637,25729
2025-06,WEEKDAY,12,TRAIN,EW29,10803,7238
2025-06,WEEKDAY,6,TRAIN,TE15,1734,3292
2025-06,WEEKENDS/HOLIDAY,12,TRAIN,NE7/DT12,19440,25096
2025-06,WEEKENDS/HOLIDAY,5,TRAIN,DT5,346,37
2025-06,WEEKDAY,6,TRAIN,NS11,64675,20570
2025-06,WEEKDAY,15,TRAIN,TE4,4802,2958
2025-06,WEEKENDS/HOLIDAY,22,TRAIN,NE18,2545,2051
2025-06,WEEKDAY,22,TRAIN,NE7/DT12,17594,11311
2025-06,WEEKENDS/HOLIDAY,11,TRAIN,DT13,5213,6798
2025-06,WEEKENDS/HOLIDAY,13,TRAIN,DT2,1035,547
2025-06,WEEKENDS/HOLIDAY,10,TRAIN,BP10,1748,1141
2025-06,WEEKDAY,7,TRAIN,CG2,15325,23556
2025-06,WEEKENDS/HOLIDAY,14,TRAIN,CC11,7209,5076
2025-06,WEEKDAY,10,TRAIN,DT23,2553,6189
2025-06,WEEKENDS/HOLIDAY,18,TRAIN,EW27,23827,33945
2025-06,WEEKDAY,16,TRAIN,EW28,23172,19372
2025-06,WEEKENDS/HOLIDAY,15,TRAIN,EW2/DT32,27104,26802
2025-06,WEEKDAY,16,TRAIN,PW3,1196,1245
2025-06,WEEKDAY,21,TRAIN,SW2,3785,4301
2025-06,WEEKDAY,21,TRAIN,EW25,5164,15135
2025-06,WEEKENDS/HOLIDAY,19,TRAIN,BP2,753,1351
2025-06,WEEKENDS/HOLIDAY,18,TRAIN,NS3,8944,10739
2025-06,WEEKENDS/HOLIDAY,12,TRAIN,EW3,8696,7042
2025-06,WEEKDAY,20,TRAIN,PE7,1284,7498
2025-06,WEEKDAY,22,TRAIN,NE5,20972,5256
2025-06,WEEKDAY,5,TRAIN,CC10/DT26,3825,432
2025-06,WEEKENDS/HOLIDAY,8,TRAIN,EW15,2353,8701
2025-06,WEEKDAY,11,TRAIN,PW1,1534,3292
2025-06,WEEKENDS/HOLIDAY,14,TRAIN,TE27,2163,2662
2025-06,WEEKDAY,17,TRAIN,TE26,16593,15841
2025-06,WEEKENDS/HOLIDAY,6,TRAIN,NS28,216,382
2025-06,WEEKENDS/HOLIDAY,14,TRAIN,BP2,1181,1040
2025-06,WEEKDAY,14,TRAIN,NE18,9196,10197
2025-06,WEEKENDS/HOLIDAY,17,TRAIN,NS5,13094,14873
2025-06,WEEKENDS/HOLIDAY,20,TRAIN,SE1,759,2224
2025-06,WEEKDAY,10,TRAIN,PE4,1705,750
2025-06,WEEKENDS/HOLIDAY,23,TRAIN,DT22,3727,2439
2025-06,WEEKDAY,18,TRAIN,NS9/TE2,92312,205427
2025-06,WEEKENDS/HOLIDAY,0,TRAIN,NE9,71,405
2025-06,WEEKDAY,14,TRAIN,CC11,12458,12066
2025-06,WEEKDAY,9,TRAIN,DT8,5190,4346
2025-06,WEEKENDS/HOLIDAY,22,TRAIN,TE11,733,1763
2025-06,WEEKDAY,19,TRAIN,TE24,2948,6233
2025-06,WEEKDAY,18,TRAIN,DT24,13247,16346
2025-06,WEEKDAY,7,TRAIN,NS19,56565,46789
2025-06,WEEKENDS/HOLIDAY,7,TRAIN,EW31,2079,4598
2025-06,WEEKENDS/HOLIDAY,13,TRAIN,TE26,7771,7143
2025-06,WEEKDAY,0,TRAIN,TE28,24,403
2025-06,WEEKENDS/HOLIDAY,10,TRAIN,NS20,9721,17514
2025-06,WEEKDAY,5,TRAIN,DT34,813,30
2025-06,WEEKDAY,8,TRAIN,PW5,5969,1892
2025-06,WEEKDAY,10,TRAIN,EW22,8769,11307
2025-06,WEEKDAY,13,TRAIN,EW4,11698,9861
2025-06,WEEKENDS/HOLIDAY,7,TRAIN,SW3,718,202
2025-06,WEEKDAY,9,TRAIN,CG1/DT35,2715,57640
2025-06,WEEKENDS/HOLIDAY,15,TRAIN,EW8/CC9,32431,30846
2025-06,WEEKDAY,18,TRAIN,NE15,25317,78597
2025-06,WEEKENDS/HOLIDAY,7,TRAIN,EW8/CC9,8476,13282
2025-06,WEEKDAY,15,TRAIN,CG1/DT35,14110,9338
2025-06,WEEKENDS/HOLIDAY,8,TRAIN,NS9/TE2,21241,19200
2025-06,WEEKDAY,16,TRAIN,NS17/CC15,24864,20368
2025-06,WEEKDAY,8,TRAIN,NS11,112340,38970
2025-06,WEEKENDS/HOLIDAY,17,TRAIN,NS12,9280,9287
2025-06,WEEKDAY,20,TRAIN,EW3,11527,26685
2025-06,WEEKDAY,7,TRAIN,TE12,2895,10884
2025-06,WEEKENDS/HOLIDAY,5,TRAIN,NS14,3094,596
2025-06,WEEKENDS/HOLIDAY,7,TRAIN,DT8,688,926
2025-06,WEEKENDS/HOLIDAY,16,TRAIN,DT3,3274,2955
2025-06,WEEKDAY,5,TRAIN,CC5,657,19
2025-06,WEEKENDS/HOLIDAY,11,TRAIN,TE11,1886,1220
2025-06,WEEKDAY,6,TRAIN,CC26,1743,13659
2025-06,WEEKENDS/HOLIDAY,6,TRAIN,NS4/BP1,10470,5037
2025-06,WEEKDAY,16,TRAIN,TE13,5616,4348
2025-06,WEEKDAY,17,TRAIN,PE4,2290,2415
2025-06,WEEKENDS/HOLIDAY,13,TRAIN,NS3,10250,7864
2025-06,WEEKDAY,21,TRAIN,TE8,11956,8188
2025-06,WEEKENDS/HOLIDAY,5,TRAIN,EW25,1087,35
2025-06,WEEKDAY,0,TRAIN,EW32,2,282
2025-06,WEEKENDS/HOLIDAY,17,TRAIN,BP12,1150,1084
2025-06,WEEKENDS/HOLIDAY,23,TRAIN,CC26,212,311
2025-06,WEEKDAY,6,TRAIN,PW4,6104,932
2025-06,WEEKDAY,15,TRAIN,CC2,4031,3461
2025-06,WEEKENDS/HOLIDAY,16,TRAIN,BP13,545,427
2025-06,WEEKDAY,10,TRAIN,TE14/NS22,27496,91122
2025-06,WEEKENDS/HOLIDAY,13,TRAIN,EW7,7617,7137
2025-06,WEEKDAY,19,TRAIN,NS5,21339,76156
2025-06,WEEKENDS/HOLIDAY,10,TRAIN,NS28,689,4119
2025-06,WEEKENDS/HOLIDAY,21,TRAIN,NS10,6308,20771
2025-06,WEEKENDS/HOLIDAY,18,TRAIN,CC12,2686,2796
2025-06,WEEKDAY,14,TRAIN,DT17,10077,15819
2025-06,WEEKDAY,0,TRAIN,NE7/DT12,193,532
2025-06,WEEKDAY,10,TRAIN,DT34,4433,3762
2025-06,WEEKENDS/HOLIDAY,18,TRAIN,SE3,1259,1661
2025-06,WEEKENDS/HOLIDAY,10,TRAIN,SE1,2417,1080
2025-06,WEEKENDS/HOLIDAY,0,TRAIN,CC6,36,17
2025-06,WEEKENDS/HOLIDAY,21,TRAIN,TE23,763,1477
2025-06,WEEKENDS/HOLIDAY,7,TRAIN,NS18,5511,1928
2025-06,WEEKDAY,9,TRAIN,DT21,7699,13386
2025-06,WEEKENDS/HOLIDAY,17,TRAIN,EW14/NS26,13176,17948
2025-06,WEEKENDS/HOLIDAY,10,TRAIN,TE19,1153,1580
2025-06,WEEKDAY,14,TRAIN,EW24/NS1,57360,55785
2025-06,WEEKENDS/HOLIDAY,6,TRAIN,TE8,921,967
2025-06,WEEKENDS/HOLIDAY,21,TRAIN,EW3,4270,9538
2025-06,WEEKENDS/HOLIDAY,19,TRAIN,EW19,6410,7713
2025-06,WEEKENDS/HOLIDAY,13,TRAIN,TE16,3592,3006
2025-06,WEEKDAY,12,TRAIN,BP6/DT1,33547,28496
2025-06,WEEKDAY,14,TRAIN,NE17/PTC,40151,39341
2025-06,WEEKDAY,10,TRAIN,TE1,3630,6369
2025-06,WEEKENDS/HOLIDAY,10,TRAIN,PE5,3654,1315
2025-06,WEEKDAY,8,TRAIN,TE3,34894,18908
2025-06,WEEKENDS/HOLIDAY,7,TRAIN,NE16/STC,11465,4730
2025-06,WEEKDAY,23,TRAIN,DT24,731,3657
2025-06,WEEKDAY,12,TRAIN,CC14,7339,4427
2025-06,WEEKDAY,16,TRAIN,TE25,2814,3354
2025-06,WEEKDAY,20,TRAIN,EW8/CC9,66322,42334
2025-06,WEEKENDS/HOLIDAY,17,TRAIN,TE4,3358,2607
2025-06,WEEKDAY,23,TRAIN,TE26,2022,2372
2025-06,WEEKENDS/HOLIDAY,22,TRAIN,TE16,1981,3590
2025-06,WEEKENDS/HOLIDAY,20,TRAIN,CC10/DT26,3890,7330
2025-06,WEEKDAY,7,TRAIN,TE16,9542,7091
2025-06,WEEKDAY,6,TRAIN,TE11,2182,1646
2025-06,WEEKENDS/HOLIDAY,10,TRAIN,DT21,3181,3379
2025-06,WEEKDAY,12,TRAIN,NS2,23957,20127
2025-06,WEEKDAY,15,TRAIN,TE14/NS22,75127,71036
2025-06,WEEKENDS/HOLIDAY,6,TRAIN,CC11,2428,3814
2025-06,WEEKDAY,16,TRAIN,NE9,22455,19908
2025-06,WEEKENDS/HOLIDAY,16,TRAIN,NS4/BP1,16718,18367
2025-06,WEEKENDS/HOLIDAY,5,TRAIN,CC21,237,13
2025-06,WEEKDAY,11,TRAIN,NS4/BP1,30217,25093
2025-06,WEEKENDS/HOLIDAY,12,TRAIN,BP6/DT1,21010,15453
2025-06,WEEKENDS/HOLIDAY,10,TRAIN,CC24,1972,3710
2025-06,WEEKENDS/HOLIDAY,22,TRAIN,NS19,5485,14950
2025-06,WEEKDAY,0,TRAIN,CC17/TE9,46,584
2025-06,WEEKENDS/HOLIDAY,10,TRAIN,BP7,529,370
2025-06,WEEKDAY,20,TRAIN,TE16,5761,8649
2025-06,WEEKDAY,21,TRAIN,BP4,1081,2442
2025-06,WEEKENDS/HOLIDAY,22,TRAIN,PW2,11,3
2025-06,WEEKENDS/HOLIDAY,0,TRAIN,DT10,28,82
2025-06,WEEKDAY,16,TRAIN,SW1,5441,2622
2025-06,WEEKDAY,13,TRAIN,CC2,4055,6801
2025-06,WEEKDAY,5,TRAIN,TE8,530,389
2025-06,WEEKDAY,5,TRAIN,CC14,793,308
2025-06,WEEKENDS/HOLIDAY,22,TRAIN,EW2/DT32,12357,19960
2025-06,WEEKDAY,18,TRAIN,TE13,10386,6192
2025-06,WEEKDAY,12,TRAIN,EW31,2092,1341
2025-06,WEEKDAY,9,TRAIN,DT17,3678,123630
2025-06,WEEKDAY,16,TRAIN,EW33,5960,3731
2025-06,WEEKENDS/HOLIDAY,0,TRAIN,CC11,31,183
2025-06,WEEKENDS/HOLIDAY,7,TRAIN,NS21/DT11,10628,13179
2025-06,WEEKDAY,15,TRAIN,PE4,1335,1716
2025-06,WEEKDAY,15,TRAIN,NS18,10213,10617
2025-06,WEEKENDS/HOLIDAY,12,TRAIN,EW9,15165,10535
2025-06,WEEKDAY,13,TRAIN,EW22,8716,10146
2025-06,WEEKDAY,14,TRAIN,DT7,2530,3825
2025-06,WEEKDAY,20,TRAIN,PW7,2443,5068
2025-06,WEEKDAY,5,TRAIN,CC4/DT15,111,258
2025-06,WEEKDAY,14,TRAIN,NS17/CC15,21714,14184
2025-06,WEEKENDS/HOLIDAY,16,TRAIN,TE29,1568,1898
2025-06,WEEKENDS/HOLIDAY,18,TRAIN,DT27,5299,4461
2025-06,WEEKENDS/HOLIDAY,12,TRAIN,TE16,3928,3185
2025-06,WEEKENDS/HOLIDAY,5,TRAIN,EW4,907,60
2025-06,WEEKDAY,7,TRAIN,TE18,2164,7925
2025-06,WEEKENDS/HOLIDAY,13,TRAIN,EW9,13926,11785
2025-06,WEEKENDS/HOLIDAY,11,TRAIN,PE2,3294,1482
2025-06,WEEKDAY,17,TRAIN,EW33,16516,11479
2025-06,WEEKENDS/HOLIDAY,10,TRAIN,SE4,2426,1384
2025-06,WEEKDAY,22,TRAIN,DT2,404,1897
2025-06,WEEKENDS/HOLIDAY,17,TRAIN,BP6/DT1,18891,22027
2025-06,WEEKENDS/HOLIDAY,23,TRAIN,DT13,1562,1742
2025-06,WEEKDAY,20,TRAIN,CC16,5382,7510
2025-06,WEEKDAY,8,TRAIN,DT21,9093,18401
2025-06,WEEKDAY,20,TRAIN,NS19,28079,46008
2025-06,WEEKDAY,16,TRAIN,EW1,23906,28938
2025-06,WEEKENDS/HOLIDAY,22,TRAIN,DT17,3569,1059
2025-06,WEEKENDS/HOLIDAY,15,TRAIN,NE17/PTC,22785,22502
2025-06,WEEKENDS/HOLIDAY,22,TRAIN,EW1,4766,13706
2025-06,WEEKENDS/HOLIDAY,8,TRAIN,DT23,911,1585
2025-06,WEEKENDS/HOLIDAY,19,TRAIN,NS12,6115,10261
2025-06,WEEKDAY,6,TRAIN,TE4,3562,3660
2025-06,WEEKDAY,7,TRAIN,EW1,87011,24842
2025-06,WEEKDAY,23,TRAIN,NE5,11684,2690
2025-06,WEEKDAY,18,TRAIN,EW22,18595,22302
2025-06,WEEKENDS/HOLIDAY,11,TRAIN,NS13,22217,17949
2025-06,WEEKENDS/HOLIDAY,11,TRAIN,DT18,2690,3921
2025-06,WEEKENDS/HOLIDAY,18,TRAIN,TE19,1911,1762
2025-06,WEEKENDS/HOLIDAY,5,TRAIN,NS13,5192,776
2025-06,WEEKDAY,0,TRAIN,EW1,1,4395
2025-06,WEEKENDS/HOLIDAY,0,TRAIN,NE4/DT19,153,400
2025-06,WEEKENDS/HOLIDAY,13,TRAIN,DT5,10269,7112
2025-06,WEEKDAY,14,TRAIN,CC17/TE9,3904,4796
2025-06,WEEKENDS/HOLIDAY,11,TRAIN,NS28,957,3957
2025-06,WEEKENDS/HOLIDAY,23,TRAIN,NE4/DT19,7648,4125
2025-06,WEEKDAY,22,TRAIN,TE23,1040,1768
2025-06,WEEKENDS/HOLIDAY,18,TRAIN,DT2,1675,1086
2025-06,WEEKENDS/HOLIDAY,22,TRAIN,TE27,669,2368
2025-06,WEEKENDS/HOLIDAY,0,TRAIN,TE26,70,252
2025-06,WEEKENDS/HOLIDAY,9,TRAIN,CC27,322,1588
2025-06,WEEKENDS/HOLIDAY,19,TRAIN,DT34,2041,2230
2025-06,WEEKENDS/HOLIDAY,21,TRAIN,NS2,7190,15411
2025-06,WEEKENDS/HOLIDAY,18,TRAIN,DT28,6058,6134
2025-06,WEEKDAY,17,TRAIN,NS15,56640,23860
2025-06,WEEKENDS/HOLIDAY,15,TRAIN,TE3,4487,3604
2025-06,WEEKDAY,8,TRAIN,NS8,53766,19428
2025-06,WEEKENDS/HOLIDAY,15,TRAIN,PW1,1433,1643
2025-06,WEEKDAY,19,TRAIN,EW3,16929,43954
2025-06,WEEKDAY,13,TRAIN,NE15,19261,16892
2025-06,WEEKENDS/HOLIDAY,17,TRAIN,DT34,3091,1782
2025-06,WEEKDAY,12,TRAIN,PW5,2281,1855
2025-06,WEEKENDS/HOLIDAY,13,TRAIN,PE7,1955,1878
2025-06,WEEKENDS/HOLIDAY,20,TRAIN,CC2,1334,1219
2025-06,WEEKENDS/HOLIDAY,15,TRAIN,NE5,6385,7302
2025-06,WEEKDAY,23,TRAIN,DT8,329,989
2025-06,WEEKDAY,17,TRAIN,EW24/NS1,192162,102046
2025-06,WEEKDAY,19,TRAIN,NE11,19543,29902
2025-06,WEEKDAY,20,TRAIN,NE16/STC,34676,69588
2025-06,WEEKDAY,10,TRAIN,EW9,18461,13680
2025-06,WEEKDAY,21,TRAIN,CC23,9922,1971
2025-06,WEEKDAY,9,TRAIN,NS21/DT11,74382,78569
2025-06,WEEKENDS/HOLIDAY,22,TRAIN,NS28,554,408
2025-06,WEEKDAY,14,TRAIN,PW6,1386,1195
2025-06,WEEKENDS/HOLIDAY,19,TRAIN,DT8,1134,1906
2025-06,WEEKDAY,6,TRAIN,TE25,1034,392
2025-06,WEEKDAY,20,TRAIN,SE5,1137,4267
2025-06,WEEKDAY,19,TRAIN,EW24/NS1,135258,100502
2025-06,WEEKDAY,6,TRAIN,SW2,3920,1769
2025-06,WEEKDAY,20,TRAIN,CC7,4674,9415
2025-06,WEEKDAY,13,TRAIN,CC7,5944,6858
2025-06,WEEKENDS/HOLIDAY,19,TRAIN,PW5,1286,3469
2025-06,WEEKDAY,22,TRAIN,EW31,1366,1129
2025-06,WEEKENDS/HOLIDAY,15,TRAIN,DT33,6238,6017
2025-06,WEEKDAY,23,TRAIN,NE17/PTC,5169,18346
2025-06,WEEKENDS/HOLIDAY,16,TRAIN,BP6/DT1,17497,18715
2025-06,WEEKDAY,5,TRAIN,DT20,87,0
2025-06,WEEKDAY,11,TRAIN,CC19/DT9,5911,5748
2025-06,WEEKDAY,18,TRAIN,DT28,38882,26019
2025-06,WEEKENDS/HOLIDAY,22,TRAIN,NS24/NE6/CC1,15549,5121
2025-06,WEEKDAY,18,TRAIN,CG1/DT35,81322,17028
2025-06,WEEKENDS/HOLIDAY,17,TRAIN,NE13,11937,12738
2025-06,WEEKENDS/HOLIDAY,12,TRAIN,SE4,2358,1394
2025-06,WEEKDAY,5,TRAIN,NS20,813,1951
2025-06,WEEKDAY,11,TRAIN,BP8,1417,1386
2025-06,WEEKDAY,12,TRAIN,NS28,3140,1771
2025-06,WEEKENDS/HOLIDAY,9,TRAIN,EW25,5555,3634
2025-06,WEEKENDS/HOLIDAY,6,TRAIN,CC4/DT15,197,1613
2025-06,WEEKDAY,19,TRAIN,NS10,34636,93911
2025-06,WEEKDAY,14,TRAIN,TE25,2225,2633
2025-06,WEEKENDS/HOLIDAY,21,TRAIN,EW4,2582,8569
2025-06,WEEKENDS/HOLIDAY,18,TRAIN,CC21,5281,6143
2025-06,WEEKDAY,6,TRAIN,NS15,17129,17637
2025-06,WEEKDAY,12,TRAIN,TE23,2672,2036
2025-06,WEEKDAY,14,TRAIN,NE14,22636,21238
2025-06,WEEKDAY,14,TRAIN,CC25,4648,4028
2025-06,WEEKENDS/HOLIDAY,13,TRAIN,NS10,17583,13172
2025-06,WEEKENDS/HOLIDAY,22,TRAIN,EW33,1068,2496
2025-06,WEEKENDS/HOLIDAY,0,TRAIN,EW30,0,188
2025-06,WEEKDAY,0,TRAIN,NE12/CC13,485,3071
2025-06,WEEKENDS/HOLIDAY,13,TRAIN,NE8,18069,22858
2025-06,WEEKDAY,10,TRAIN,CG1/DT35,3379,25602
2025-06,WEEKENDS/HOLIDAY,18,TRAIN,CC17/TE9,2508,2431
2025-06,WEEKDAY,11,TRAIN,DT2,2775,750
2025-06,WEEKDAY,19,TRAIN,TE22,6051,8928
2025-06,WEEKENDS/HOLIDAY,7,TRAIN,NE15,6661,2185
2025-06,WEEKENDS/HOLIDAY,8,TRAIN,TE24,1293,699
2025-06,WEEKENDS/HOLIDAY,16,TRAIN,EW2/DT32,27848,29055
2025-06,WEEKDAY,12,TRAIN,EW33,3004,1636
2025-06,WEEKENDS/HOLIDAY,22,TRAIN,SW7,173,1203
2025-06,WEEKENDS/HOLIDAY,11,TRAIN,NS3,11543,6766
2025-06,WEEKENDS/HOLIDAY,15,TRAIN,BP4,645,641
2025-06,WEEKENDS/HOLIDAY,16,TRAIN,TE24,1482,1723
2025-06,WEEKENDS/HOLIDAY,22,TRAIN,CC25,1139,1982
2025-06,WEEKENDS/HOLIDAY,23,TRAIN,SW7,71,769
2025-06,WEEKDAY,11,TRAIN,EW9,16274,12268
2025-06,WEEKDAY,14,TRAIN,SW1,3322,3247
2025-06,WEEKENDS/HOLIDAY,17,TRAIN,EW7,8050,8660
2025-06,WEEKDAY,7,TRAIN,NS11,136818,48708
2025-06,WEEKDAY,15,TRAIN,PE3,7133,6448
2025-06,WEEKENDS/HOLIDAY,22,TRAIN,NE16/STC,6456,20071
2025-06,WEEKENDS/HOLIDAY,9,TRAIN,BP2,1647,677
2025-06,WEEKDAY,9,TRAIN,NS15,20992,31422
2025-06,WEEKDAY,19,TRAIN,CC8,9143,15777
2025-06,WEEKDAY,16,TRAIN,TE3,11504,9212
2025-06,WEEKENDS/HOLIDAY,11,TRAIN,DT25,1980,1009
2025-06,WEEKDAY,11,TRAIN,EW10,9766,5630
2025-06,WEEKENDS/HOLIDAY,21,TRAIN,CC3,13796,1494
2025-06,WEEKDAY,16,TRAIN,EW27,41857,47514
2025-06,WEEKDAY,16,TRAIN,NS25/EW13,56488,42028
2025-06,WEEKENDS/HOLIDAY,10,TRAIN,DT34,2061,1195
2025-06,WEEKENDS/HOLIDAY,20,TRAIN,BP13,225,514
2025-06,WEEKDAY,10,TRAIN,DT30,9754,2592
2025-06,WEEKDAY,6,TRAIN,CC7,5322,2151
2025-06,WEEKDAY,16,TRAIN,EW32,8349,2284
2025-06,WEEKDAY,21,TRAIN,PE6,4310,6389
2025-06,WEEKDAY,18,TRAIN,TE23,3885,7710
2025-06,WEEKDAY,16,TRAIN,CC27,11665,1969
2025-06,WEEKDAY,20,TRAIN,DT29,3638,12665
2025-06,WEEKDAY,13,TRAIN,PE5,5518,4610
2025-06,WEEKENDS/HOLIDAY,13,TRAIN,EW26,14440,10201
2025-06,WEEKDAY,19,TRAIN,TE25,2373,6702
2025-06,WEEKENDS/HOLIDAY,10,TRAIN,DT22,3928,7042
2025-06,WEEKENDS/HOLIDAY,9,TRAIN,PE7,2284,686
2025-06,WEEKENDS/HOLIDAY,20,TRAIN,PW2,119,36
2025-06,WEEKDAY,11,TRAIN,EW14/NS26,55778,52713
2025-06,WEEKDAY,19,TRAIN,CC20,5113,10087
2025-06,WEEKDAY,11,TRAIN,NE10,16063,10584
2025-06,WEEKENDS/HOLIDAY,23,TRAIN,CC8,442,1569
2025-06,WEEKENDS/HOLIDAY,12,TRAIN,EW28,14278,6956
2025-06,WEEKDAY,19,TRAIN,DT30,5356,23790
2025-06,WEEKDAY,14,TRAIN,SE5,2003,2216
2025-06,WEEKENDS/HOLIDAY,23,TRAIN,SW6,144,957
2025-06,WEEKDAY,16,TRAIN,CC16,7168,6113
2025-06,WEEKDAY,20,TRAIN,CC25,4743,6309
2025-06,WEEKDAY,12,TRAIN,EW19,14540,11588
2025-06,WEEKDAY,10,TRAIN,EW16/NE3/TE17,28235,39682
2025-06,WEEKDAY,16,TRAIN,DT5,14075,15209
2025-06,WEEKDAY,12,TRAIN,EW28,21489,11758
2025-06,WEEKENDS/HOLIDAY,20,TRAIN,SW8,341,1026
2025-06,WEEKDAY,18,TRAIN,EW30,19888,3388
2025-06,WEEKENDS/HOLIDAY,9,TRAIN,CC25,2467,1917
2025-06,WEEKENDS/HOLIDAY,21,TRAIN,DT3,1024,3461
2025-06,WEEKDAY,0,TRAIN,TE25,22,203
2025-06,WEEKENDS/HOLIDAY,17,TRAIN,NE16/STC,22099,26340
2025-06,WEEKENDS/HOLIDAY,19,TRAIN,NS28,3533,1131
2025-06,WEEKDAY,17,TRAIN,TE16,13563,9445
2025-06,WEEKENDS/HOLIDAY,7,TRAIN,NE4/DT19,3879,7378
2025-06,WEEKENDS/HOLIDAY,15,TRAIN,DT2,638,690
2025-06,WEEKDAY,11,TRAIN,PW2,111,89
2025-06,WEEKENDS/HOLIDAY,19,TRAIN,DT30,2603,4296
2025-06,WEEKENDS/HOLIDAY,9,TRAIN,PW6,1028,291
2025-06,WEEKENDS/HOLIDAY,9,TRAIN,TE8,3912,5372
2025-06,WEEKENDS/HOLIDAY,20,TRAIN,TE18,5926,3283
2025-06,WEEKDAY,10,TRAIN,EW23,37152,35608
2025-06,WEEKDAY,13,TRAIN,EW6,9387,9841
2025-06,WEEKENDS/HOLIDAY,13,TRAIN,EW21/CC22,12623,8859
2025-06,WEEKENDS/HOLIDAY,11,TRAIN,CG2,8861,14845
2025-06,WEEKDAY,7,TRAIN,NS2,88031,43842
2025-06,WEEKDAY,17,TRAIN,TE24,4243,4779
2025-06,WEEKDAY,11,TRAIN,PE1,3787,1929
2025-06,WEEKENDS/HOLIDAY,21,TRAIN,NS20,13452,5043
2025-06,WEEKENDS/HOLIDAY,8,TRAIN,DT21,1606,2648
2025-06,WEEKDAY,14,TRAIN,PE6,7252,8467
2025-06,WEEKENDS/HOLIDAY,9,TRAIN,EW12/DT14,10316,24613
2025-06,WEEKDAY,21,TRAIN,NE11,12734,13672
2025-06,WEEKDAY,8,TRAIN,EW12/DT14,25715,124497
2025-06,WEEKENDS/HOLIDAY,12,TRAIN,EW16/NE3/TE17,12806,12569
2025-06,WEEKENDS/HOLIDAY,0,TRAIN,SW3,2,127
2025-06,WEEKDAY,7,TRAIN,PW4,11938,1701
2025-06,WEEKENDS/HOLIDAY,17,TRAIN,EW9,15113,16368
2025-06,WEEKDAY,12,TRAIN,EW32,2758,1688
2025-06,WEEKENDS/HOLIDAY,9,TRAIN,DT28,5136,2176
2025-06,WEEKDAY,9,TRAIN,DT22,11114,10620
2025-06,WEEKDAY,23,TRAIN,EW16/NE3/TE17,6630,5664
2025-06,WEEKENDS/HOLIDAY,0,TRAIN,DT28,28,581
2025-06,WEEKENDS/HOLIDAY,19,TRAIN,NS11,13193,22701
2025-06,WEEKDAY,5,TRAIN,NE13,3664,526
2025-06,WEEKDAY,5,TRAIN,NS18,3728,605
2025-06,WEEKDAY,15,TRAIN,BP9,1691,1992
2025-06,WEEKENDS/HOLIDAY,0,TRAIN,NS18,69,754
2025-06,WEEKDAY,15,TRAIN,EW9,16624,15244
2025-06,WEEKENDS/HOLIDAY,15,TRAIN,NE8,21097,22418
2025-06,WEEKENDS/HOLIDAY,15,TRAIN,EW14/NS26,12910,13934
2025-06,WEEKENDS/HOLIDAY,11,TRAIN,NE17/PTC,22689,19149
2025-06,WEEKDAY,16,TRAIN,NS16,35508,47848
2025-06,WEEKDAY,11,TRAIN,EW25,8247,4413
2025-06,WEEKENDS/HOLIDAY,7,TRAIN,NS25/EW13,1600,10310
2025-06,WEEKENDS/HOLIDAY,7,TRAIN,EW2/DT32,12916,8509
2025-06,WEEKDAY,10,TRAIN,PW6,1995,758
2025-06,WEEKDAY,18,TRAIN,TE14/NS22,153986,120820
2025-06,WEEKDAY,12,TRAIN,PE4,1702,1395
2025-06,WEEKENDS/HOLIDAY,12,TRAIN,TE19,1899,1844
2025-06,WEEKENDS/HOLIDAY,14,TRAIN,NE7/DT12,19394,19302
2025-06,WEEKENDS/HOLIDAY,6,TRAIN,NE18,1061,626
2025-06,WEEKDAY,6,TRAIN,EW14/NS26,1988,37314
2025-06,WEEKENDS/HOLIDAY,0,TRAIN,CC28,0,33
2025-06,WEEKENDS/HOLIDAY,9,TRAIN,EW1,16267,6865
2025-06,WEEKENDS/HOLIDAY,7,TRAIN,CC7,2215,1256
2025-06,WEEKENDS/HOLIDAY,12,TRAIN,EW23,24049,18918
2025-06,WEEKENDS/HOLIDAY,6,TRAIN,BP5,359,209
2025-06,WEEKENDS/HOLIDAY,10,TRAIN,CE1/DT16,8148,22894
2025-06,WEEKDAY,20,TRAIN,DT4,649,3273
2025-06,WEEKENDS/HOLIDAY,8,TRAIN,TE3,5414,2676
2025-06,WEEKDAY,14,TRAIN,NS14,22078,20103
2025-06,WEEKDAY,9,TRAIN,EW2/DT32,74505,43260
2025-06,WEEKENDS/HOLIDAY,8,TRAIN,EW4,7892,4191
2025-06,WEEKENDS/HOLIDAY,22,TRAIN,NE12/CC13,13420,23230
2025-06,WEEKDAY,22,TRAIN,CC11,10331,7097
2025-06,WEEKDAY,5,TRAIN,NS10,22943,2955
2025-06,WEEKDAY,5,TRAIN,DT2,243,5
2025-06,WEEKENDS/HOLIDAY,18,TRAIN,DT30,3854,4280
2025-06,WEEKENDS/HOLIDAY,17,TRAIN,CC27,1238,871
2025-06,WEEKDAY,17,TRAIN,EW12/DT14,115358,76996
2025-06,WEEKENDS/HOLIDAY,8,TRAIN,CC5,855,1341
2025-06,WEEKDAY,22,TRAIN,BP3,907,3509
2025-06,WEEKDAY,5,TRAIN,EW12/DT14,6532,1034
2025-06,WEEKENDS/HOLIDAY,12,TRAIN,DT13,5844,7061
2025-06,WEEKDAY,7,TRAIN,TE6,36209,7809
2025-06,WEEKENDS/HOLIDAY,7,TRAIN,CC28,1366,783
2025-06,WEEKENDS/HOLIDAY,18,TRAIN,DT18,2948,4433
2025-06,WEEKENDS/HOLIDAY,6,TRAIN,PE7,760,97
2025-06,WEEKENDS/HOLIDAY,16,TRAIN,CC21,5152,4496
2025-06,WEEKENDS/HOLIDAY,8,TRAIN,TE4,1936,2556
2025-06,WEEKDAY,16,TRAIN,TE23,2341,3265
2025-06,WEEKDAY,15,TRAIN,NS25/EW13,47356,43004
2025-06,WEEKENDS/HOLIDAY,12,TRAIN,NS28,3599,3639
2025-06,WEEKENDS/HOLIDAY,19,TRAIN,CC21,5042,5015
2025-06,WEEKENDS/HOLIDAY,22,TRAIN,CC17/TE9,817,2177
2025-06,WEEKDAY,13,TRAIN,NS19,38692,36356
2025-06,WEEKDAY,17,TRAIN,NE5,32057,16514
2025-06,WEEKDAY,0,TRAIN,SW8,27,214
2025-06,WEEKDAY,23,TRAIN,CC6,2113,467
2025-06,WEEKDAY,13,TRAIN,DT34,4376,4871
2025-06,WEEKDAY,18,TRAIN,NS15,72170,37597
2025-06,WEEKDAY,9,TRAIN,SE3,5301,1151
2025-06,WEEKDAY,0,TRAIN,TE4,114,434
2025-06,WEEKENDS/HOLIDAY,11,TRAIN,TE27,3175,2061
2025-06,WEEKENDS/HOLIDAY,22,TRAIN,BP3,335,1251
2025-06,WEEKDAY,16,TRAIN,NE4/DT19,64090,49097
2025-06,WEEKENDS/HOLIDAY,20,TRAIN,PW3,290,1053
2025-06,WEEKENDS/HOLIDAY,10,TRAIN,CC27,469,1102
2025-06,WEEKDAY,8,TRAIN,DT2,8256,11575
2025-06,WEEKENDS/HOLIDAY,11,TRAIN,CC19/DT9,4284,5286
2025-06,WEEKENDS/HOLIDAY,16,TRAIN,TE14/NS22,59278,50326
2025-06,WEEKENDS/HOLIDAY,10,TRAIN,SW7,1607,594
2025-06,WEEKENDS/HOLIDAY,8,TRAIN,NS15,6639,4543
2025-06,WEEKENDS/HOLIDAY,5,TRAIN,NS17/CC15,456,172
2025-06,WEEKDAY,17,TRAIN,EW10,15688,18849
2025-06,WEEKENDS/HOLIDAY,22,TRAIN,EW12/DT14,25469,10413
2025-06,WEEKDAY,12,TRAIN,CE1/DT16,18887,38715
2025-06,WEEKENDS/HOLIDAY,14,TRAIN,NS2,12535,12107
2025-06,WEEKENDS/HOLIDAY,10,TRAIN,NS21/DT11,25418,25576
2025-06,WEEKENDS/HOLIDAY,12,TRAIN,BP3,2342,1320
2025-06,WEEKENDS/HOLIDAY,13,TRAIN,DT28,4642,3343
2025-06,WEEKENDS/HOLIDAY,19,TRAIN,NS7,17640,14461
2025-06,WEEKENDS/HOLIDAY,0,TRAIN,DT34,0,355
2025-06,WEEKENDS/HOLIDAY,6,TRAIN,PW6,257,38
2025-06,WEEKDAY,15,TRAIN,SE5,2091,2106
2025-06,WEEKDAY,9,TRAIN,TE18,4469,24315
2025-06,WEEKENDS/HOLIDAY,5,TRAIN,NS21/DT11,490,298
2025-06,WEEKDAY,9,TRAIN,DT10,7390,2458
2025-06,WEEKENDS/HOLIDAY,13,TRAIN,TE4,2672,2084
2025-06,WEEKDAY,16,TRAIN,NS11,29233,38886
2025-06,WEEKDAY,16,TRAIN,DT28,9048,7508
2025-06,WEEKDAY,17,TRAIN,TE23,3004,4607
2025-06,WEEKENDS/HOLIDAY,12,TRAIN,PW1,1377,2198
2025-06,WEEKDAY,6,TRAIN,DT17,692,13055
2025-06,WEEKENDS/HOLIDAY,17,TRAIN,NS3,10135,10277
2025-06,WEEKDAY,6,TRAIN,EW2/DT32,45781,21159
2025-06,WEEKDAY,18,TRAIN,SW6,4282,8996
2025-06,WEEKENDS/HOLIDAY,6,TRAIN,CE1/DT16,5050,8953
2025-06,WEEKDAY,13,TRAIN,TE1,4894,5240
2025-06,WEEKDAY,11,TRAIN,CE1/DT16,14985,36115
2025-06,WEEKDAY,0,TRAIN,NE8,298,510
2025-06,WEEKENDS/HOLIDAY,9,TRAIN,BP11,2318,788
2025-06,WEEKDAY,13,TRAIN,NE7/DT12,28809,41363
2025-06,WEEKENDS/HOLIDAY,10,TRAIN,EW26,18801,6115
2025-06,WEEKDAY,17,TRAIN,EW4,30989,17512
2025-06,WEEKDAY,20,TRAIN,BP5,1496,2374
2025-06,WEEKDAY,9,TRAIN,DT20,8288,12414
2025-06,WEEKENDS/HOLIDAY,17,TRAIN,NS28,5146,2360
2025-06,WEEKDAY,0,TRAIN,EW22,43,227
2025-06,WEEKDAY,10,TRAIN,TE4,3449,3578
2025-06,WEEKDAY,11,TRAIN,DT25,2981,1867
2025-06,WEEKDAY,0,TRAIN,NS14,1025,5196
2025-06,WEEKENDS/HOLIDAY,16,TRAIN,SE5,1151,1214
2025-06,WEEKDAY,7,TRAIN,NS15,36152,48060
2025-06,WEEKDAY,0,TRAIN,SW7,27,464
2025-06,WEEKDAY,18,TRAIN,EW4,38570,34240
2025-06,WEEKENDS/HOLIDAY,11,TRAIN,NE10,8358,5647
2025-06,WEEKDAY,5,TRAIN,DT24,1711,3
2025-06,WEEKENDS/HOLIDAY,20,TRAIN,EW19,3964,7932
2025-06,WEEKENDS/HOLIDAY,20,TRAIN,PW7,753,1858
2025-06,WEEKDAY,15,TRAIN,NS28,2078,2374
2025-06,WEEKDAY,20,TRAIN,NS8,12548,25525
2025-06,WEEKDAY,10,TRAIN,CC27,1611,11093
2025-06,WEEKDAY,19,TRAIN,EW20,18568,20792
2025-06,WEEKDAY,11,TRAIN,SE2,5759,2970
2025-06,WEEKDAY,0,TRAIN,NE10,109,418
2025-06,WEEKENDS/HOLIDAY,12,TRAIN,NS14,15695,10646
2025-06,WEEKENDS/HOLIDAY,8,TRAIN,EW1,13229,5947
2025-06,WEEKDAY,11,TRAIN,NS20,38312,45373
2025-06,WEEKENDS/HOLIDAY,23,TRAIN,PW6,52,326
2025-06,WEEKDAY,23,TRAIN,SW7,147,1560
2025-06,WEEKDAY,13,TRAIN,PW2,129,149
2025-06,WEEKENDS/HOLIDAY,22,TRAIN,SE5,233,1177
2025-06,WEEKDAY,13,TRAIN,NE10,14449,14245
2025-06,WEEKENDS/HOLIDAY,19,TRAIN,CC11,7742,5993
2025-06,WEEKDAY,5,TRAIN,NS23,524,523
2025-06,WEEKDAY,8,TRAIN,BP7,2779,966
2025-06,WEEKDAY,0,TRAIN,SW2,69,306
2025-06,WEEKENDS/HOLIDAY,13,TRAIN,NS24/NE6/CC1,19570,24778
2025-06,WEEKDAY,0,TRAIN,DT34,10,797
2025-06,WEEKDAY,8,TRAIN,NE4/DT19,25401,85197
2025-06,WEEKDAY,14,TRAIN,EW8/CC9,44556,40401
2025-06,WEEKDAY,10,TRAIN,NE4/DT19,27678,67550
2025-06,WEEKDAY,23,TRAIN,EW12/DT14,22875,9588
2025-06,WEEKENDS/HOLIDAY,14,TRAIN,TE6,4296,3987
2025-06,WEEKENDS/HOLIDAY,10,TRAIN,DT3,4651,1656
2025-06,WEEKDAY,0,TRAIN,DT20,164,203
2025-06,WEEKDAY,21,TRAIN,EW30,2990,1109
2025-06,WEEKENDS/HOLIDAY,8,TRAIN,DT28,5379,2782
2025-06,WEEKDAY,18,TRAIN,NE17/PTC,57584,130828
2025-06,WEEKDAY,13,TRAIN,EW28,19146,12991
2025-06,WEEKDAY,12,TRAIN,NE8,24163,34609
2025-06,WEEKENDS/HOLIDAY,23,TRAIN,TE16,1037,1798
2025-06,WEEKENDS/HOLIDAY,7,TRAIN,SW6,1568,392
2025-06,WEEKENDS/HOLIDAY,9,TRAIN,SW7,1555,479
2025-06,WEEKDAY,12,TRAIN,PW4,4850,4118
2025-06,WEEKENDS/HOLIDAY,20,TRAIN,EW29,7764,8181
2025-06,WEEKENDS/HOLIDAY,8,TRAIN,NE11,4041,4259
2025-06,WEEKDAY,22,TRAIN,NE8,27676,20672
2025-06,WEEKENDS/HOLIDAY,12,TRAIN,NE11,7732,7174
2025-06,WEEKDAY,21,TRAIN,DT5,10146,16077
2025-06,WEEKDAY,10,TRAIN,EW18,16972,13163
2025-06,WEEKENDS/HOLIDAY,21,TRAIN,EW6,2010,6639
2025-06,WEEKDAY,16,TRAIN,EW26,24620,28674
2025-06,WEEKENDS/HOLIDAY,14,TRAIN,BP9,1037,946
2025-06,WEEKDAY,14,TRAIN,NE10,11982,13077
2025-06,WEEKENDS/HOLIDAY,6,TRAIN,NS23,1145,2632
2025-06,WEEKDAY,20,TRAIN,NE5,25300,11324
2025-06,WEEKENDS/HOLIDAY,17,TRAIN,NS18,6475,6579
2025-06,WEEKDAY,10,TRAIN,SW1,2854,3167
2025-06,WEEKDAY,8,TRAIN,DT4,7799,943
2025-06,WEEKENDS/HOLIDAY,7,TRAIN,NS14,14233,5589
2025-06,WEEKENDS/HOLIDAY,20,TRAIN,PW4,2057,2500
2025-06,WEEKENDS/HOLIDAY,18,TRAIN,SW4,1427,1776
2025-06,WEEKENDS/HOLIDAY,22,TRAIN,BP10,267,1187
2025-06,WEEKENDS/HOLIDAY,7,TRAIN,EW10,5758,2445
2025-06,WEEKDAY,15,TRAIN,DT21,6687,6630
2025-06,WEEKENDS/HOLIDAY,8,TRAIN,CC7,2693,2050
2025-06,WEEKDAY,12,TRAIN,NS12,16989,10455
2025-06,WEEKENDS/HOLIDAY,23,TRAIN,DT21,1308,1091
2025-06,WEEKDAY,19,TRAIN,TE19,36530,4006
2025-06,WEEKDAY,13,TRAIN,DT29,5407,4154
2025-06,WEEKENDS/HOLIDAY,5,TRAIN,NE14,1016,66
2025-06,WEEKENDS/HOLIDAY,9,TRAIN,PW4,2274,1770
2025-06,WEEKDAY,10,TRAIN,NS17/CC15,36932,10602
2025-06,WEEKDAY,23,TRAIN,EW8/CC9,10824,10616
2025-06,WEEKDAY,14,TRAIN,NE13,18224,18355
2025-06,WEEKENDS/HOLIDAY,22,TRAIN,TE23,533,937
2025-06,WEEKDAY,5,TRAIN,CE1/DT16,1130,5
2025-06,WEEKDAY,15,TRAIN,NS11,24611,30180
2025-06,WEEKENDS/HOLIDAY,8,TRAIN,BP4,956,430
2025-06,WEEKDAY,11,TRAIN,NS21/DT11,48814,43167
2025-06,WEEKDAY,10,TRAIN,EW17,23756,20351
2025-06,WEEKDAY,9,TRAIN,TE25,5791,1986
2025-06,WEEKENDS/HOLIDAY,12,TRAIN,TE27,2786,2404
2025-06,WEEKDAY,5,TRAIN,DT23,129,0
2025-06,WEEKENDS/HOLIDAY,8,TRAIN,NS5,14630,5620
2025-06,WEEKENDS/HOLIDAY,13,TRAIN,EW24/NS1,33107,40028
2025-06,WEEKDAY,23,TRAIN,DT33,1456,13395
2025-06,WEEKDAY,17,TRAIN,DT28,29882,13649
2025-06,WEEKENDS/HOLIDAY,10,TRAIN,EW2/DT32,24466,18831
2025-06,WEEKDAY,18,TRAIN,SW8,2869,3578
2025-06,WEEKDAY,9,TRAIN,BP13,2201,786
2025-06,WEEKDAY,9,TRAIN,DT27,11846,18331
2025-06,WEEKDAY,14,TRAIN,TE15,9441,9004
2025-06,WEEKENDS/HOLIDAY,10,TRAIN,PE7,2584,977
2025-06,WEEKENDS/HOLIDAY,10,TRAIN,SW2,3309,2613
2025-06,WEEKDAY,7,TRAIN,SE2,17181,1617
2025-06,WEEKDAY,11,TRAIN,EW7,14339,9707
2025-06,WEEKDAY,7,TRAIN,DT5,27128,15103
2025-06,WEEKENDS/HOLIDAY,21,TRAIN,EW16/NE3/TE17,10285,6865
2025-06,WEEKENDS/HOLIDAY,22,TRAIN,TE25,350,972
2025-06,WEEKENDS/HOLIDAY,10,TRAIN,CC12,3386,1768
2025-06,WEEKENDS/HOLIDAY,11,TRAIN,NS9/TE2,24490,23932
2025-06,WEEKDAY,22,TRAIN,DT27,3763,7336
2025-06,WEEKENDS/HOLIDAY,16,TRAIN,NE17/PTC,22826,23107
2025-06,WEEKENDS/HOLIDAY,16,TRAIN,NS18,5790,5935
2025-06,WEEKDAY,20,TRAIN,BP7,566,1533
2025-06,WEEKENDS/HOLIDAY,9,TRAIN,BP6/DT1,21002,11622
2025-06,WEEKDAY,9,TRAIN,NS18,26172,15100
2025-06,WEEKDAY,18,TRAIN,EW27,89009,157076
2025-06,WEEKDAY,12,TRAIN,TE26,12080,13217
2025-06,WEEKENDS/HOLIDAY,9,TRAIN,CC24,1494,3864
2025-06,WEEKDAY,7,TRAIN,NS24/NE6/CC1,9909,22426
2025-06,WEEKENDS/HOLIDAY,7,TRAIN,EW15,1899,5934
2025-06,WEEKENDS/HOLIDAY,21,TRAIN,TE28,1023,1980
2025-06,WEEKDAY,17,TRAIN,PE3,7184,9848
2025-06,WEEKDAY,19,TRAIN,EW14/NS26,164319,30523
2025-06,WEEKDAY,15,TRAIN,EW6,7265,9782
2025-06,WEEKENDS/HOLIDAY,20,TRAIN,NE10,4317,7347
2025-06,WEEKDAY,8,TRAIN,SW7,7384,1389
2025-06,WEEKENDS/HOLIDAY,7,TRAIN,SE4,1172,679
2025-06,WEEKDAY,13,TRAIN,CC17/TE9,5101,5489
2025-06,WEEKENDS/HOLIDAY,19,TRAIN,NE4/DT19,35265,23152
2025-06,WEEKENDS/HOLIDAY,15,TRAIN,EW25,5603,5716
2025-06,WEEKDAY,16,TRAIN,PW5,2191,2803
2025-06,WEEKDAY,5,TRAIN,NS25/EW13,689,820
2025-06,WEEKDAY,8,TRAIN,NE1/CC29,28671,115694
2025-06,WEEKDAY,15,TRAIN,EW26,19088,20907
2025-06,WEEKDAY,19,TRAIN,CC24,41813,10393
2025-06,WEEKENDS/HOLIDAY,6,TRAIN,EW6,1820,691
2025-06,WEEKDAY,12,TRAIN,TE12,7251,4572
2025-06,WEEKENDS/HOLIDAY,11,TRAIN,CC8,4118,2937
2025-06,WEEKDAY,6,TRAIN,DT4,1132,285
2025-06,WEEKDAY,11,TRAIN,DT10,4046,1686
2025-06,WEEKENDS/HOLIDAY,5,TRAIN,DT2,40,5
2025-06,WEEKDAY,12,TRAIN,DT3,6514,3666
2025-06,WEEKENDS/HOLIDAY,23,TRAIN,DT27,557,1958
2025-06,WEEKDAY,14,TRAIN,EW25,5615,6246
2025-06,WEEKENDS/HOLIDAY,6,TRAIN,NE1/CC29,2308,8001
2025-06,WEEKENDS/HOLIDAY,15,TRAIN,NE18,5582,5065
2025-06,WEEKENDS/HOLIDAY,8,TRAIN,CC6,1209,6150
2025-06,WEEKDAY,8,TRAIN,TE12,6503,21940
2025-06,WEEKENDS/HOLIDAY,22,TRAIN,CC4/DT15,14065,1529
2025-06,WEEKENDS/HOLIDAY,8,TRAIN,PW4,2082,1074
2025-06,WEEKDAY,12,TRAIN,CC20,4896,3926
2025-06,WEEKDAY,13,TRAIN,EW27,33744,35627
2025-06,WEEKENDS/HOLIDAY,7,TRAIN,NS27/CE2/TE20,442,677
2025-06,WEEKENDS/HOLIDAY,14,TRAIN,EW23,20941,21531
2025-06,WEEKENDS/HOLIDAY,10,TRAIN,CC2,1317,2665
2025-06,WEEKENDS/HOLIDAY,22,TRAIN,DT3,851,2758
2025-06,WEEKDAY,8,TRAIN,NE18,15412,25933
2025-06,WEEKENDS/HOLIDAY,15,TRAIN,TE29,1388,1664
2025-06,WEEKENDS/HOLIDAY,22,TRAIN,SW5,1426,2873
2025-06,WEEKENDS/HOLIDAY,23,TRAIN,TE14/NS22,8317,2561
2025-06,WEEKDAY,22,TRAIN,NS14,14920,42644
2025-06,WEEKENDS/HOLIDAY,13,TRAIN,NS8,8673,6019
2025-06,WEEKDAY,5,TRAIN,TE22,34,3
2025-06,WEEKDAY,10,TRAIN,NS23,11936,42498
2025-06,WEEKENDS/HOLIDAY,21,TRAIN,CC4/DT15,20515,2840
2025-06,WEEKDAY,0,TRAIN,CC12,10,280
2025-06,WEEKENDS/HOLIDAY,15,TRAIN,EW20,4627,4388
2025-06,WEEKDAY,15,TRAIN,DT28,7065,6044
2025-06,WEEKENDS/HOLIDAY,15,TRAIN,DT20,2692,3005
2025-06,WEEKENDS/HOLIDAY,16,TRAIN,EW32,3209,2261
2025-06,WEEKDAY,16,TRAIN,SW4,2632,3299
2025-06,WEEKDAY,16,TRAIN,PE4,1450,1745
2025-06,WEEKENDS/HOLIDAY,21,TRAIN,DT21,3207,3512
2025-06,WEEKENDS/HOLIDAY,10,TRAIN,CC3,1557,8278
2025-06,WEEKDAY,22,TRAIN,PW1,1028,113
2025-06,WEEKENDS/HOLIDAY,12,TRAIN,NS11,19935,12749
2025-06,WEEKENDS/HOLIDAY,13,TRAIN,BP6/DT1,20275,16749
2025-06,WEEKENDS/HOLIDAY,20,TRAIN,NE18,5633,3509
2025-06,WEEKENDS/HOLIDAY,15,TRAIN,TE15,5625,5468
2025-06,WEEKDAY,20,TRAIN,DT8,1847,2951
2025-06,WEEKENDS/HOLIDAY,22,TRAIN,NS8,4596,6619
2025-06,WEEKDAY,14,TRAIN,PE7,3054,3748
2025-06,WEEKDAY,14,TRAIN,NS12,12530,12738
2025-06,WEEKDAY,0,TRAIN,PE5,32,841
2025-06,WEEKDAY,11,TRAIN,CC2,3684,4376
2025-06,WEEKDAY,21,TRAIN,EW11,14065,18117
2025-06,WEEKENDS/HOLIDAY,12,TRAIN,NE4/DT19,25533,36936
2025-06,WEEKDAY,5,TRAIN,PW7,768,396
2025-06,WEEKDAY,12,TRAIN,DT22,7842,9449
2025-06,WEEKENDS/HOLIDAY,6,TRAIN,CG2,4467,2875
2025-06,WEEKDAY,10,TRAIN,DT2,2451,907
2025-06,WEEKDAY,14,TRAIN,DT33,10502,9838
2025-06,WEEKDAY,19,TRAIN,EW30,11760,2410
2025-06,WEEKDAY,11,TRAIN,CC14,6800,3121
2025-06,WEEKENDS/HOLIDAY,14,TRAIN,TE13,1927,1908
2025-06,WEEKENDS/HOLIDAY,0,TRAIN,EW18,32,285
2025-06,WEEKENDS/HOLIDAY,18,TRAIN,NS21/DT11,32040,33768
2025-06,WEEKDAY,9,TRAIN,PW5,3609,1747
2025-06,WEEKDAY,19,TRAIN,TE26,15599,18615
2025-06,WEEKDAY,20,TRAIN,TE25,1541,3723
2025-06,WEEKDAY,21,TRAIN,CC16,3922,6674
2025-06,WEEKENDS/HOLIDAY,9,TRAIN,CC10/DT26,7528,5644
2025-06,WEEKENDS/HOLIDAY,13,TRAIN,CC23,2268,2192
2025-06,WEEKDAY,13,TRAIN,EW17,26243,22707
2025-06,WEEKENDS/HOLIDAY,9,TRAIN,SW3,1272,446
2025-06,WEEKDAY,6,TRAIN,EW33,17149,6847
2025-06,WEEKENDS/HOLIDAY,18,TRAIN,NE9,10833,11433
2025-06,WEEKDAY,13,TRAIN,SW1,3375,4483
2025-06,WEEKDAY,12,TRAIN,BP4,3084,2498
2025-06,WEEKENDS/HOLIDAY,11,TRAIN,EW8/CC9,28464,36502
2025-06,WEEKENDS/HOLIDAY,5,TRAIN,PW6,140,1
2025-06,WEEKENDS/HOLIDAY,11,TRAIN,SW8,1168,615
2025-06,WEEKENDS/HOLIDAY,11,TRAIN,NS17/CC15,17142,5660
2025-06,WEEKENDS/HOLIDAY,11,TRAIN,EW24/NS1,19811,38134
2025-06,WEEKENDS/HOLIDAY,7,TRAIN,NE12/CC13,14548,7749
2025-06,WEEKDAY,18,TRAIN,NE12/CC13,91966,193795
2025-06,WEEKDAY,19,TRAIN,CC4/DT15,45441,19449
2025-06,WEEKENDS/HOLIDAY,15,TRAIN,EW7,6095,7261
2025-06,WEEKDAY,17,TRAIN,CC17/TE9,14432,12133
2025-06,WEEKDAY,13,TRAIN,CC10/DT26,13002,14916
2025-06,WEEKDAY,22,TRAIN,TE16,4302,7234
2025-06,WEEKENDS/HOLIDAY,23,TRAIN,EW25,779,3075
2025-06,WEEKDAY,11,TRAIN,BP10,3646,2335
2025-06,WEEKDAY,0,TRAIN,CC8,44,238
2025-06,WEEKDAY,19,TRAIN,CC5,9211,5889
2025-06,WEEKDAY,7,TRAIN,CC24,6079,56336
2025-06,WEEKENDS/HOLIDAY,6,TRAIN,EW27,11930,6181
2025-06,WEEKDAY,16,TRAIN,EW14/NS26,71409,30285
2025-06,WEEKDAY,8,TRAIN,NE9,52345,51241
2025-06,WEEKENDS/HOLIDAY,13,TRAIN,CG1/DT35,7063,10358
2025-06,WEEKENDS/HOLIDAY,18,TRAIN,DT17,3076,3996
2025-06,WEEKENDS/HOLIDAY,14,TRAIN,TE11,1468,1435
2025-06,WEEKENDS/HOLIDAY,6,TRAIN,CC27,125,353
2025-06,WEEKDAY,21,TRAIN,EW2/DT32,46636,54913
2025-06,WEEKENDS/HOLIDAY,21,TRAIN,CC17/TE9,1149,2532
2025-06,WEEKDAY,22,TRAIN,NS24/NE6/CC1,38516,9357
2025-06,WEEKENDS/HOLIDAY,14,TRAIN,BP3,1687,1597
2025-06,WEEKDAY,15,TRAIN,NS21/DT11,44732,46367
2025-06,WEEKDAY,6,TRAIN,BP12,7427,730
2025-06,WEEKENDS/HOLIDAY,8,TRAIN,CC8,3199,2376
2025-06,WEEKENDS/HOLIDAY,17,TRAIN,NE5,7429,8565
2025-06,WEEKDAY,6,TRAIN,EW19,13938,7036
2025-06,WEEKENDS/HOLIDAY,17,TRAIN,NS15,6541,6847
2025-06,WEEKENDS/HOLIDAY,18,TRAIN,NS16,17663,25688
2025-06,WEEKENDS/HOLIDAY,23,TRAIN,TE29,174,852
2025-06,WEEKENDS/HOLIDAY,23,TRAIN,EW9,3203,6070
2025-06,WEEKENDS/HOLIDAY,6,TRAIN,TE4,741,655
2025-06,WEEKENDS/HOLIDAY,8,TRAIN,CC23,781,2175
2025-06,WEEKENDS/HOLIDAY,22,TRAIN,EW15,7841,3069
2025-06,WEEKDAY,14,TRAIN,DT3,4766,4564
2025-06,WEEKENDS/HOLIDAY,12,TRAIN,EW27,22733,18950
2025-06,WEEKDAY,21,TRAIN,EW12/DT14,96457,28711
2025-06,WEEKDAY,12,TRAIN,PE2,5948,3940
2025-06,WEEKENDS/HOLIDAY,18,TRAIN,CC7,3607,3643
2025-06,WEEKENDS/HOLIDAY,15,TRAIN,DT28,4113,3572
2025-06,WEEKENDS/HOLIDAY,9,TRAIN,BP5,1155,706
2025-06,WEEKDAY,23,TRAIN,TE5,474,3136
2025-06,WEEKDAY,13,TRAIN,NS14,24787,20210
2025-06,WEEKENDS/HOLIDAY,23,TRAIN,SW2,301,663
2025-06,WEEKDAY,13,TRAIN,NE17/PTC,45727,41211
2025-06,WEEKENDS/HOLIDAY,16,TRAIN,CC2,2977,2320
2025-06,WEEKENDS/HOLIDAY,8,TRAIN,CC11,2934,8336
2025-06,WEEKENDS/HOLIDAY,12,TRAIN,NE8,15981,21789
2025-06,WEEKDAY,19,TRAIN,DT4,1272,5309
2025-06,WEEKENDS/HOLIDAY,19,TRAIN,NE1/CC29,43903,20544
2025-06,WEEKDAY,15,TRAIN,TE23,1766,2644
2025-06,WEEKENDS/HOLIDAY,10,TRAIN,NE11,6333,5779
2025-06,WEEKDAY,10,TRAIN,DT3,7626,2673
2025-06,WEEKDAY,8,TRAIN,EW2/DT32,150122,58212
2025-06,WEEKENDS/HOLIDAY,11,TRAIN,EW2/DT32,25470,21240
2025-06,WEEKDAY,15,TRAIN,CC5,4062,3477
2025-06,WEEKDAY,18,TRAIN,PW5,2685,6818
2025-06,WEEKDAY,15,TRAIN,PW5,1864,2268
2025-06,WEEKENDS/HOLIDAY,6,TRAIN,SW1,174,1157
2025-06,WEEKENDS/HOLIDAY,0,TRAIN,EW3,50,1008
2025-06,WEEKDAY,16,TRAIN,PE3,6192,7226
2025-06,WEEKDAY,0,TRAIN,EW9,271,1301
2025-06,WEEKDAY,23,TRAIN,EW23,8489,15486
2025-06,WEEKDAY,21,TRAIN,NE13,17255,26705
2025-06,WEEKDAY,23,TRAIN,EW5,3989,17435
2025-06,WEEKDAY,21,TRAIN,NS9/TE2,45347,77217
2025-06,WEEKENDS/HOLIDAY,17,TRAIN,NS13,22210,30603
2025-06,WEEKDAY,8,TRAIN,EW3,49531,19140
2025-06,WEEKENDS/HOLIDAY,20,TRAIN,EW31,1593,2271
2025-06,WEEKENDS/HOLIDAY,16,TRAIN,EW31,2512,871
2025-06,WEEKDAY,18,TRAIN,EW33,12130,14563
2025-06,WEEKDAY,8,TRAIN,CC28,10820,9437
2025-06,WEEKENDS/HOLIDAY,9,TRAIN,CC26,1139,1661
2025-06,WEEKENDS/HOLIDAY,17,TRAIN,EW20,6153,5310
2025-06,WEEKDAY,8,TRAIN,NS9/TE2,123342,70984
2025-06,WEEKDAY,19,TRAIN,EW22,8777,11661
2025-06,WEEKENDS/HOLIDAY,17,TRAIN,DT5,8838,8746
2025-06,WEEKDAY,14,TRAIN,PE5,4466,4772
2025-06,WEEKENDS/HOLIDAY,14,TRAIN,TE3,4623,3493
2025-06,WEEKDAY,15,TRAIN,SE2,3332,4610
2025-06,WEEKDAY,20,TRAIN,NS9/TE2,48232,89666
2025-06,WEEKENDS/HOLIDAY,0,TRAIN,SW5,72,551
2025-06,WEEKENDS/HOLIDAY,17,TRAIN,CC6,9347,8523
2025-06,WEEKENDS/HOLIDAY,20,TRAIN,NS20,14984,6684
2025-06,WEEKENDS/HOLIDAY,5,TRAIN,CC10/DT26,711,35
2025-06,WEEKDAY,18,TRAIN,EW10,19594,35724
2025-06,WEEKENDS/HOLIDAY,10,TRAIN,SW1,1153,732
2025-06,WEEKENDS/HOLIDAY,16,TRAIN,EW27,21356,25782
2025-06,WEEKENDS/HOLIDAY,13,TRAIN,CC12,3048,2499
2025-06,WEEKDAY,19,TRAIN,EW18,23899,31947
2025-06,WEEKDAY,17,TRAIN,EW31,30418,1863
2025-06,WEEKENDS/HOLIDAY,22,TRAIN,SE2,445,2801
2025-06,WEEKDAY,6,TRAIN,EW7,18143,7338
2025-06,WEEKENDS/HOLIDAY,23,TRAIN,NE18,652,1215
2025-06,WEEKDAY,12,TRAIN,DT5,15381,12297
2025-06,WEEKENDS/HOLIDAY,5,TRAIN,CC5,56,1
2025-06,WEEKENDS/HOLIDAY,12,TRAIN,PW5,1882,1248
2025-06,WEEKENDS/HOLIDAY,7,TRAIN,NS23,1518,5944
2025-06,WEEKDAY,16,TRAIN,CC7,6211,6625
2025-06,WEEKENDS/HOLIDAY,16,TRAIN,NE18,5921,6025
2025-06,WEEKDAY,7,TRAIN,DT4,5125,1151
2025-06,WEEKDAY,8,TRAIN,NE7/DT12,24998,62470
2025-06,WEEKENDS/HOLIDAY,15,TRAIN,NS11,16092,16496
2025-06,WEEKENDS/HOLIDAY,15,TRAIN,DT21,4050,3504
2025-06,WEEKDAY,14,TRAIN,NS20,41632,39622
2025-06,WEEKDAY,8,TRAIN,DT29,31989,9396
2025-06,WEEKDAY,6,TRAIN,PW6,2013,274
2025-06,WEEKDAY,23,TRAIN,PW2,11,3
2025-06,WEEKENDS/HOLIDAY,8,TRAIN,NS28,413,2119
2025-06,WEEKDAY,20,TRAIN,PW5,1292,7510
2025-06,WEEKENDS/HOLIDAY,15,TRAIN,SW8,804,802
2025-06,WEEKDAY,22,TRAIN,BP10,610,2999
2025-06,WEEKENDS/HOLIDAY,13,TRAIN,PW3,523,453
2025-06,WEEKDAY,13,TRAIN,DT33,12998,8915
2025-06,WEEKDAY,0,TRAIN,EW33,1,231
2025-06,WEEKDAY,9,TRAIN,EW17,41993,28267
2025-06,WEEKDAY,21,TRAIN,DT28,4362,14462
2025-06,WEEKENDS/HOLIDAY,23,TRAIN,EW16/NE3/TE17,2512,3124
2025-06,WEEKENDS/HOLIDAY,8,TRAIN,NE15,10671,3777
2025-06,WEEKENDS/HOLIDAY,6,TRAIN,DT7,347,463
2025-06,WEEKENDS/HOLIDAY,7,TRAIN,TE18,552,1536
2025-06,WEEKENDS/HOLIDAY,7,TRAIN,DT22,3295,3243
2025-06,WEEKDAY,10,TRAIN,NE7/DT12,18202,30683
2025-06,WEEKDAY,13,TRAIN,SW5,9494,7156
2025-06,WEEKENDS/HOLIDAY,12,TRAIN,PE1,2008,1384
2025-06,WEEKENDS/HOLIDAY,17,TRAIN,SE4,1637,1807
2025-06,WEEKDAY,10,TRAIN,NS10,40023,17475
2025-06,WEEKDAY,17,TRAIN,NS24/NE6/CC1,62440,44852
2025-06,WEEKDAY,0,TRAIN,CC6,45,46
2025-06,WEEKENDS/HOLIDAY,9,TRAIN,CC4/DT15,1215,8546
2025-06,WEEKDAY,16,TRAIN,TE7,6798,5419
2025-06,WEEKENDS/HOLIDAY,21,TRAIN,SW7,263,1384
2025-06,WEEKENDS/HOLIDAY,15,TRAIN,EW26,12143,11921
2025-06,WEEKDAY,6,TRAIN,DT3,5254,1941
2025-06,WEEKDAY,18,TRAIN,SE5,3229,5628
2025-06,WEEKDAY,8,TRAIN,TE4,10452,14497
2025-06,WEEKENDS/HOLIDAY,9,TRAIN,SE2,3344,1302
2025-06,WEEKENDS/HOLIDAY,15,TRAIN,NS18,5192,5531
2025-06,WEEKENDS/HOLIDAY,16,TRAIN,DT29,2947,3081
2025-06,WEEKDAY,19,TRAIN,NS25/EW13,90963,53791
2025-06,WEEKENDS/HOLIDAY,22,TRAIN,CC27,705,217
2025-06,WEEKDAY,19,TRAIN,EW23,58355,87525
2025-06,WEEKENDS/HOLIDAY,13,TRAIN,PE5,2486,2270
2025-06,WEEKENDS/HOLIDAY,9,TRAIN,TE1,2119,931
2025-06,WEEKENDS/HOLIDAY,6,TRAIN,DT31,2022,1047
2025-06,WEEKENDS/HOLIDAY,14,TRAIN,DT34,1571,1810
2025-06,WEEKENDS/HOLIDAY,5,TRAIN,CC17/TE9,358,17
2025-06,WEEKENDS/HOLIDAY,5,TRAIN,EW31,507,97
2025-06,WEEKENDS/HOLIDAY,9,TRAIN,BP8,682,821
2025-06,WEEKDAY,13,TRAIN,EW5,30785,25780
2025-06,WEEKENDS/HOLIDAY,5,TRAIN,CC11,357,118
2025-06,WEEKENDS/HOLIDAY,11,TRAIN,EW18,8792,5826
2025-06,WEEKDAY,8,TRAIN,BP13,3403,783
2025-06,WEEKENDS/HOLIDAY,16,TRAIN,TE18,7167,4704
2025-06,WEEKENDS/HOLIDAY,23,TRAIN,TE19,630,229
2025-06,WEEKDAY,10,TRAIN,EW26,32084,10718
2025-06,WEEKDAY,18,TRAIN,CC10/DT26,66061,34753
2025-06,WEEKENDS/HOLIDAY,21,TRAIN,BP13,182,455
2025-06,WEEKDAY,15,TRAIN,DT7,4078,4334
2025-06,WEEKDAY,8,TRAIN,NS25/EW13,10722,105930
2025-06,WEEKDAY,7,TRAIN,NS18,31710,11870
2025-06,WEEKENDS/HOLIDAY,9,TRAIN,SE5,1480,481
2025-06,WEEKENDS/HOLIDAY,18,TRAIN,TE16,4215,3829
2025-06,WEEKENDS/HOLIDAY,20,TRAIN,CC11,5983,4737
2025-06,WEEKDAY,7,TRAIN,NS17/CC15,84916,25248
2025-06,WEEKENDS/HOLIDAY,11,TRAIN,NE5,3757,7192
2025-06,WEEKENDS/HOLIDAY,7,TRAIN,CC25,2168,2914
2025-06,WEEKDAY,18,TRAIN,PW6,1582,3505
2025-06,WEEKDAY,6,TRAIN,EW1,34425,9359
2025-06,WEEKDAY,20,TRAIN,NE15,10274,40184
2025-06,WEEKENDS/HOLIDAY,19,TRAIN,NE14,9526,16549
2025-06,WEEKDAY,14,TRAIN,NS15,16120,12776
2025-06,WEEKENDS/HOLIDAY,8,TRAIN,NE5,1084,3341
2025-06,WEEKDAY,23,TRAIN,EW15,11913,2731
2025-06,WEEKENDS/HOLIDAY,16,TRAIN,CC4/DT15,14274,14258
2025-06,WEEKENDS/HOLIDAY,14,TRAIN,TE28,1394,1820
2025-06,WEEKDAY,20,TRAIN,PW6,579,2227
2025-06,WEEKENDS/HOLIDAY,15,TRAIN,PW3,533,524
2025-06,WEEKDAY,22,TRAIN,CG2,30158,12614
2025-06,WEEKDAY,22,TRAIN,EW26,7896,35900
2025-06,WEEKENDS/HOLIDAY,19,TRAIN,TE8,5782,5217
2025-06,WEEKENDS/HOLIDAY,21,TRAIN,SW8,252,1106
2025-06,WEEKDAY,8,TRAIN,DT3,27710,6218
2025-06,WEEKDAY,11,TRAIN,EW12/DT14,37650,74482
2025-06,WEEKENDS/HOLIDAY,9,TRAIN,EW3,9198,4098
2025-06,WEEKDAY,10,TRAIN,DT8,3642,3160
2025-06,WEEKDAY,19,TRAIN,DT3,5238,16993
2025-06,WEEKENDS/HOLIDAY,15,TRAIN,NS25/EW13,40012,41141
2025-06,WEEKENDS/HOLIDAY,19,TRAIN,DT24,1806,2379
2025-06,WEEKENDS/HOLIDAY,20,TRAIN,NS3,4795,11005
2025-06,WEEKDAY,13,TRAIN,TE13,4057,5365
2025-06,WEEKENDS/HOLIDAY,11,TRAIN,SE5,1589,735
2025-06,WEEKDAY,14,TRAIN,BP9,2291,1898
2025-06,WEEKENDS/HOLIDAY,8,TRAIN,DT33,8240,2626
2025-06,WEEKDAY,17,TRAIN,DT25,9040,6587
2025-06,WEEKDAY,5,TRAIN,NE5,285,38
2025-06,WEEKDAY,22,TRAIN,TE25,599,1931
2025-06,WEEKDAY,5,TRAIN,NE16/STC,10197,2597
2025-06,WEEKDAY,13,TRAIN,SW8,2090,3808
2025-06,WEEKENDS/HOLIDAY,8,TRAIN,CC24,1734,4778
2025-06,WEEKENDS/HOLIDAY,19,TRAIN,PE4,807,1286
2025-06,WEEKENDS/HOLIDAY,17,TRAIN,DT20,3642,3471
2025-06,WEEKENDS/HOLIDAY,18,TRAIN,DT34,2485,1940
2025-06,WEEKDAY,19,TRAIN,PW1,2940,2654
2025-06,WEEKENDS/HOLIDAY,10,TRAIN,NS4/BP1,16473,12465
2025-06,WEEKDAY,7,TRAIN,EW16/NE3/TE17,22989,106218
2025-06,WEEKDAY,11,TRAIN,NE4/DT19,38064,77035
2025-06,WEEKENDS/HOLIDAY,5,TRAIN,TE16,39,5
2025-06,WEEKDAY,21,TRAIN,TE11,2216,4524
2025-06,WEEKDAY,22,TRAIN,EW17,10968,24402
2025-06,WEEKDAY,9,TRAIN,TE1,4500,17579
2025-06,WEEKDAY,11,TRAIN,TE15,7262,9907
2025-06,WEEKDAY,22,TRAIN,CC23,4105,1088
2025-06,WEEKENDS/HOLIDAY,14,TRAIN,DT28,3995,3471
2025-06,WEEKENDS/HOLIDAY,0,TRAIN,EW19,42,369
2025-06,WEEKENDS/HOLIDAY,9,TRAIN,PE6,3424,2395
2025-06,WEEKDAY,11,TRAIN,EW6,11506,6157
2025-06,WEEKDAY,19,TRAIN,NS7,28087,43229
2025-06,WEEKENDS/HOLIDAY,16,TRAIN,DT31,3717,3793
2025-06,WEEKENDS/HOLIDAY,6,TRAIN,CC17/TE9,1518,633
2025-06,WEEKENDS/HOLIDAY,15,TRAIN,TE6,4085,4368
2025-06,WEEKENDS/HOLIDAY,0,TRAIN,CC2,8,15
2025-06,WEEKDAY,19,TRAIN,CC28,3774,8533
2025-06,WEEKENDS/HOLIDAY,13,TRAIN,DT29,3280,2281
2025-06,WEEKDAY,7,TRAIN,PE4,4178,1340
2025-06,WEEKENDS/HOLIDAY,5,TRAIN,SE2,512,7
2025-06,WEEKDAY,22,TRAIN,CG1/DT35,13356,2267
2025-06,WEEKENDS/HOLIDAY,22,TRAIN,DT33,1762,10053
2025-06,WEEKENDS/HOLIDAY,14,TRAIN,EW15,12236,9125
2025-06,WEEKDAY,21,TRAIN,TE15,11538,5746
2025-06,WEEKDAY,20,TRAIN,TE23,1764,3596
2025-06,WEEKDAY,19,TRAIN,CC19/DT9,8602,8317
2025-06,WEEKDAY,21,TRAIN,NE1/CC29,91857,17822
2025-06,WEEKDAY,15,TRAIN,CC17/TE9,6661,4391
2025-06,WEEKDAY,15,TRAIN,EW8/CC9,43777,39756
2025-06,WEEKDAY,18,TRAIN,SW2,6856,11151
2025-06,WEEKDAY,23,TRAIN,NS19,4929,16685
2025-06,WEEKDAY,21,TRAIN,DT3,2516,9139
2025-06,WEEKENDS/HOLIDAY,8,TRAIN,DT25,1818,1912
2025-06,WEEKDAY,7,TRAIN,NS20,16349,90530
2025-06,WEEKENDS/HOLIDAY,7,TRAIN,TE22,245,1606
2025-06,WEEKENDS/HOLIDAY,10,TRAIN,EW14/NS26,5467,13447
2025-06,WEEKDAY,13,TRAIN,EW2/DT32,50997,49050
2025-06,WEEKDAY,13,TRAIN,CC16,5297,6262
2025-06,WEEKENDS/HOLIDAY,20,TRAIN,DT22,9974,6412
2025-06,WEEKDAY,16,TRAIN,NS20,61805,29064
2025-06,WEEKENDS/HOLIDAY,22,TRAIN,BP13,76,327
2025-06,WEEKENDS/HOLIDAY,11,TRAIN,CC23,1782,2003
2025-06,WEEKENDS/HOLIDAY,22,TRAIN,NE14,3179,17276
2025-06,WEEKDAY,20,TRAIN,TE8,11709,10041
2025-06,WEEKENDS/HOLIDAY,20,TRAIN,BP8,597,679
2025-06,WEEKDAY,15,TRAIN,SW8,1650,1674
2025-06,WEEKDAY,16,TRAIN,DT30,5182,8466
2025-06,WEEKENDS/HOLIDAY,11,TRAIN,DT10,2187,1032
2025-06,WEEKENDS/HOLIDAY,17,TRAIN,NE7/DT12,22553,25295
2025-06,WEEKENDS/HOLIDAY,5,TRAIN,EW23,955,307
2025-06,WEEKDAY,11,TRAIN,PW5,2344,1443
2025-06,WEEKENDS/HOLIDAY,8,TRAIN,EW26,17059,7107
2025-06,WEEKENDS/HOLIDAY,7,TRAIN,BP4,756,444
2025-06,WEEKDAY,14,TRAIN,SW4,2222,2802
2025-06,WEEKENDS/HOLIDAY,10,TRAIN,NE14,18325,7283
2025-06,WEEKDAY,8,TRAIN,DT30,40363,5319
2025-06,WEEKDAY,23,TRAIN,CC27,549,135
2025-06,WEEKENDS/HOLIDAY,14,TRAIN,TE1,1642,1130
2025-06,WEEKDAY,8,TRAIN,PW1,980,2686
2025-06,WEEKENDS/HOLIDAY,7,TRAIN,EW20,3743,3547
2025-06,WEEKENDS/HOLIDAY,23,TRAIN,DT34,274,1222
2025-06,WEEKENDS/HOLIDAY,14,TRAIN,SW3,843,937
2025-06,WEEKENDS/HOLIDAY,7,TRAIN,CC17/TE9,1987,1728
2025-06,WEEKENDS/HOLIDAY,6,TRAIN,DT6,439,468
2025-06,WEEKDAY,8,TRAIN,DT17,5328,137408
2025-06,WEEKENDS/HOLIDAY,21,TRAIN,TE18,5358,2419
2025-06,WEEKDAY,15,TRAIN,DT29,4538,5177
2025-06,WEEKENDS/HOLIDAY,11,TRAIN,EW6,6648,4130
2025-06,WEEKENDS/HOLIDAY,7,TRAIN,CC23,635,2210
2025-06,WEEKDAY,21,TRAIN,DT13,9539,9492
2025-06,WEEKDAY,18,TRAIN,NE9,61191,49513
2025-06,WEEKDAY,22,TRAIN,CC21,10752,4765
2025-06,WEEKENDS/HOLIDAY,13,TRAIN,CC27,885,966
2025-06,WEEKDAY,14,TRAIN,CC5,4223,4269
2025-06,WEEKDAY,22,TRAIN,EW24/NS1,50409,24122
2025-06,WEEKENDS/HOLIDAY,7,TRAIN,NS7,18260,15075
2025-06,WEEKENDS/HOLIDAY,9,TRAIN,TE7,2905,2349
2025-06,WEEKENDS/HOLIDAY,18,TRAIN,EW24/NS1,44475,44584
2025-06,WEEKDAY,23,TRAIN,DT34,1154,2313
2025-06,WEEKDAY,22,TRAIN,CC6,10326,1196
2025-06,WEEKENDS/HOLIDAY,8,TRAIN,NE8,7694,9468
2025-06,WEEKDAY,15,TRAIN,NE16/STC,37145,42020
2025-06,WEEKENDS/HOLIDAY,5,TRAIN,CC25,318,26
2025-06,WEEKENDS/HOLIDAY,14,TRAIN,NS25/EW13,34309,39836
2025-06,WEEKENDS/HOLIDAY,8,TRAIN,CC16,2581,3192
2025-06,WEEKENDS/HOLIDAY,6,TRAIN,TE13,189,748
2025-06,WEEKDAY,23,TRAIN,PW6,81,671
2025-06,WEEKENDS/HOLIDAY,10,TRAIN,CC19/DT9,3546,5221
2025-06,WEEKENDS/HOLIDAY,7,TRAIN,CC3,430,3493
2025-06,WEEKDAY,5,TRAIN,BP13,1426,189
2025-06,WEEKENDS/HOLIDAY,8,TRAIN,TE16,2580,1630
2025-06,WEEKENDS/HOLIDAY,19,TRAIN,EW20,4395,5564
2025-06,WEEKDAY,5,TRAIN,NS21/DT11,4083,2452
2025-06,WEEKENDS/HOLIDAY,17,TRAIN,EW16/NE3/TE17,13604,9943
2025-06,WEEKENDS/HOLIDAY,20,TRAIN,CC26,1297,1643
2025-06,WEEKDAY,16,TRAIN,TE14/NS22,86605,69238
2025-06,WEEKENDS/HOLIDAY,12,TRAIN,EW20,6622,4146
2025-06,WEEKDAY,17,TRAIN,TE28,4005,6960
2025-06,WEEKENDS/HOLIDAY,12,TRAIN,NS24/NE6/CC1,14805,22127
2025-06,WEEKDAY,10,TRAIN,BP10,3540,2121
2025-06,WEEKDAY,13,TRAIN,NS3,17537,14332
2025-06,WEEKDAY,17,TRAIN,EW19,30649,27019
2025-06,WEEKENDS/HOLIDAY,6,TRAIN,CC25,1340,2092
2025-06,WEEKENDS/HOLIDAY,16,TRAIN,TE19,1893,1304
2025-06,WEEKENDS/HOLIDAY,6,TRAIN,EW15,1289,2957
2025-06,WEEKDAY,19,TRAIN,PE5,3620,14360
2025-06,WEEKENDS/HOLIDAY,17,TRAIN,NS20,14036,15613
2025-06,WEEKDAY,22,TRAIN,NE1/CC29,62556,10505
2025-06,WEEKDAY,5,TRAIN,EW10,3201,386
2025-06,WEEKDAY,10,TRAIN,TE27,6287,2705
2025-06,WEEKENDS/HOLIDAY,5,TRAIN,CC8,229,10
2025-06,WEEKENDS/HOLIDAY,7,TRAIN,TE16,1722,1671
2025-06,WEEKDAY,20,TRAIN,EW25,6650,18809
2025-06,WEEKENDS/HOLIDAY,6,TRAIN,DT28,3224,1405
2025-06,WEEKENDS/HOLIDAY,13,TRAIN,PW2,89,84
2025-06,WEEKENDS/HOLIDAY,10,TRAIN,BP9,1870,1140
2025-06,WEEKENDS/HOLIDAY,9,TRAIN,EW9,10782,13348
2025-06,WEEKDAY,5,TRAIN,TE19,23,2
2025-06,WEEKDAY,8,TRAIN,CE1/DT16,10969,37364
2025-06,WEEKENDS/HOLIDAY,21,TRAIN,DT4,223,1152
2025-06,WEEKENDS/HOLIDAY,5,TRAIN,NS18,530,59
2025-06,WEEKDAY,10,TRAIN,NS25/EW13,14422,60571
2025-06,WEEKDAY,8,TRAIN,DT25,12598,13043
2025-06,WEEKDAY,7,TRAIN,CC14,12745,10980
2025-06,WEEKDAY,11,TRAIN,DT18,11846,17513
2025-06,WEEKENDS/HOLIDAY,12,TRAIN,BP4,837,606
2025-06,WEEKDAY,23,TRAIN,BP2,35,376
2025-06,WEEKENDS/HOLIDAY,16,TRAIN,TE3,4837,3680
2025-06,WEEKENDS/HOLIDAY,14,TRAIN,NE12/CC13,29602,29584
2025-06,WEEKDAY,7,TRAIN,NE14,85987,25153
2025-06,WEEKDAY,8,TRAIN,CC23,4582,85010
2025-06,WEEKENDS/HOLIDAY,17,TRAIN,NS27/CE2/TE20,2790,4859
2025-06,WEEKENDS/HOLIDAY,5,TRAIN,NE15,843,31
2025-06,WEEKDAY,0,TRAIN,PE7,29,453
2025-06,WEEKDAY,20,TRAIN,TE6,4702,19328
2025-06,WEEKDAY,0,TRAIN,CC25,18,179
2025-06,WEEKENDS/HOLIDAY,6,TRAIN,EW28,10655,1796
2025-06,WEEKENDS/HOLIDAY,23,TRAIN,SE1,182,1322
2025-06,WEEKDAY,17,TRAIN,NE1/CC29,106195,59850
2025-06,WEEKENDS/HOLIDAY,23,TRAIN,CC24,310,405
2025-06,WEEKENDS/HOLIDAY,19,TRAIN,TE15,5315,4840
2025-06,WEEKDAY,22,TRAIN,NE18,8045,4561
2025-06,WEEKENDS/HOLIDAY,22,TRAIN,EW29,2004,3788
2025-06,WEEKDAY,19,TRAIN,NS17/CC15,26604,42936
2025-06,WEEKDAY,17,TRAIN,NS23,61406,50125
2025-06,WEEKDAY,7,TRAIN,TE14/NS22,13479,58460
2025-06,WEEKENDS/HOLIDAY,14,TRAIN,TE15,5465,5661
2025-06,WEEKDAY,17,TRAIN,CC6,11676,10764
2025-06,WEEKDAY,9,TRAIN,DT25,6927,6336
2025-06,WEEKENDS/HOLIDAY,19,TRAIN,TE3,3339,5410
2025-06,WEEKDAY,5,TRAIN,NS12,6426,1119
2025-06,WEEKENDS/HOLIDAY,16,TRAIN,CC11,8963,5488
2025-06,WEEKDAY,10,TRAIN,NE10,15803,11093
2025-06,WEEKDAY,13,TRAIN,BP4,2301,2782
2025-06,WEEKENDS/HOLIDAY,14,TRAIN,DT13,6137,7236
2025-06,WEEKENDS/HOLIDAY,15,TRAIN,CC11,7428,4941
2025-06,WEEKDAY,15,TRAIN,NS20,48537,29691
2025-06,WEEKDAY,23,TRAIN,DT4,90,1112
2025-06,WEEKDAY,18,TRAIN,CC21,14724,31124
2025-06,WEEKDAY,10,TRAIN,EW1,30532,12767
2025-06,WEEKDAY,17,TRAIN,NS28,4044,2546
2025-06,WEEKENDS/HOLIDAY,16,TRAIN,EW29,7960,4863
2025-06,WEEKDAY,17,TRAIN,EW20,30107,17854
2025-06,WEEKDAY,23,TRAIN,EW1,1770,16197
2025-06,WEEKDAY,16,TRAIN,CC6,9010,8792
2025-06,WEEKENDS/HOLIDAY,16,TRAIN,NE9,10025,9053
2025-06,WEEKENDS/HOLIDAY,18,TRAIN,NE12/CC13,31636,37630
2025-06,WEEKDAY,13,TRAIN,EW7,13250,13064
2025-06,WEEKENDS/HOLIDAY,21,TRAIN,NS12,3972,10562
2025-06,WEEKENDS/HOLIDAY,19,TRAIN,DT17,3325,4298
2025-06,WEEKENDS/HOLIDAY,8,TRAIN,PE5,3058,930
2025-06,WEEKDAY,16,TRAIN,PE2,4723,5549
2025-06,WEEKDAY,19,TRAIN,SW1,3536,4669
2025-06,WEEKDAY,10,TRAIN,BP13,1631,783
2025-06,WEEKDAY,8,TRAIN,DT13,10722,19245
2025-06,WEEKENDS/HOLIDAY,5,TRAIN,NS15,882,232
2025-06,WEEKENDS/HOLIDAY,14,TRAIN,CC21,5575,4623
2025-06,WEEKDAY,14,TRAIN,NS3,14085,15977
2025-06,WEEKDAY,17,TRAIN,SW5,8724,11954
2025-06,WEEKDAY,14,TRAIN,NS18,10800,10830
2025-06,WEEKENDS/HOLIDAY,11,TRAIN,BP10,1683,1169
2025-06,WEEKENDS/HOLIDAY,11,TRAIN,DT33,8653,2910
2025-06,WEEKENDS/HOLIDAY,12,TRAIN,CG2,10411,17027
2025-06,WEEKDAY,9,TRAIN,BP8,1478,2090
2025-06,WEEKENDS/HOLIDAY,7,TRAIN,CC4/DT15,465,3302
2025-06,WEEKENDS/HOLIDAY,8,TRAIN,SW7,1375,379
2025-06,WEEKDAY,6,TRAIN,EW22,4843,5229
2025-06,WEEKENDS/HOLIDAY,23,TRAIN,NE7/DT12,3900,2736
2025-06,WEEKENDS/HOLIDAY,7,TRAIN,TE26,1340,1604
2025-06,WEEKDAY,20,TRAIN,EW27,38431,74613
2025-06,WEEKENDS/HOLIDAY,20,TRAIN,TE8,4659,3711
2025-06,WEEKDAY,10,TRAIN,BP5,2122,1522
2025-06,WEEKENDS/HOLIDAY,10,TRAIN,TE3,5256,2713
2025-06,WEEKENDS/HOLIDAY,16,TRAIN,DT33,6917,6123
2025-06,WEEKENDS/HOLIDAY,21,TRAIN,BP8,604,683
2025-06,WEEKDAY,5,TRAIN,DT3,716,31
2025-06,WEEKDAY,16,TRAIN,NE7/DT12,28935,24631
2025-06,WEEKENDS/HOLIDAY,21,TRAIN,CC19/DT9,1731,1518
2025-06,WEEKDAY,15,TRAIN,CC23,11583,5100
2025-06,WEEKENDS/HOLIDAY,21,TRAIN,DT8,526,1331
2025-06,WEEKENDS/HOLIDAY,15,TRAIN,DT23,1680,1792
2025-06,WEEKDAY,9,TRAIN,DT2,3943,4442
2025-06,WEEKDAY,5,TRAIN,EW15,1112,635
2025-06,WEEKENDS/HOLIDAY,11,TRAIN,PE7,2516,1272
2025-06,WEEKDAY,0,TRAIN,NS13,1507,7727
2025-06,WEEKENDS/HOLIDAY,9,TRAIN,EW23,21595,16246
2025-06,WEEKDAY,8,TRAIN,BP10,7747,2737
2025-06,WEEKDAY,9,TRAIN,TE19,2323,80327
2025-06,WEEKDAY,5,TRAIN,CC26,370,213
2025-06,WEEKDAY,18,TRAIN,EW17,49203,78638
2025-06,WEEKDAY,16,TRAIN,SW8,2064,1944
2025-06,WEEKDAY,18,TRAIN,PW1,3925,4106
2025-06,WEEKENDS/HOLIDAY,13,TRAIN,BP12,1223,968
2025-06,WEEKDAY,6,TRAIN,EW4,13299,9101
2025-06,WEEKENDS/HOLIDAY,10,TRAIN,EW31,1258,353
2025-06,WEEKENDS/HOLIDAY,16,TRAIN,NS27/CE2/TE20,2743,4076
2025-06,WEEKENDS/HOLIDAY,0,TRAIN,NS7,1384,1452
2025-06,WEEKENDS/HOLIDAY,15,TRAIN,PE2,2155,2447
2025-06,WEEKENDS/HOLIDAY,6,TRAIN,EW8/CC9,5581,4252
2025-06,WEEKENDS/HOLIDAY,8,TRAIN,TE15,2118,2750
2025-06,WEEKDAY,17,TRAIN,CE1/DT16,48354,41626
2025-06,WEEKENDS/HOLIDAY,10,TRAIN,EW20,6505,4491
2025-06,WEEKENDS/HOLIDAY,10,TRAIN,PE1,2371,823
2025-06,WEEKENDS/HOLIDAY,6,TRAIN,DT18,227,835
2025-06,WEEKDAY,10,TRAIN,TE25,3207,1491
2025-06,WEEKENDS/HOLIDAY,12,TRAIN,SW5,4432,3540
2025-06,WEEKENDS/HOLIDAY,21,TRAIN,TE5,821,3161
2025-06,WEEKENDS/HOLIDAY,7,TRAIN,EW24/NS1,12942,17204
2025-06,WEEKDAY,20,TRAIN,CC3,15114,3368
2025-06,WEEKENDS/HOLIDAY,10,TRAIN,NS15,7320,3605
2025-06,WEEKDAY,6,TRAIN,EW11,13884,7254
2025-06,WEEKENDS/HOLIDAY,22,TRAIN,DT7,729,1209
2025-06,WEEKENDS/HOLIDAY,19,TRAIN,DT18,3288,3366
2025-06,WEEKDAY,11,TRAIN,NS17/CC15,30924,10030
2025-06,WEEKENDS/HOLIDAY,20,TRAIN,CC19/DT9,2572,1935
2025-06,WEEKENDS/HOLIDAY,22,TRAIN,EW17,4999,10591
2025-06,WEEKDAY,13,TRAIN,DT24,4632,3742
2025-06,WEEKDAY,7,TRAIN,SE5,7360,2797
2025-06,WEEKENDS/HOLIDAY,0,TRAIN,CE1/DT16,688,297
2025-06,WEEKENDS/HOLIDAY,23,TRAIN,CC10/DT26,846,3598
2025-06,WEEKENDS/HOLIDAY,21,TRAIN,EW12/DT14,38206,16239
2025-06,WEEKENDS/HOLIDAY,19,TRAIN,EW15,10245,7537
2025-06,WEEKDAY,5,TRAIN,NS28,42,2
2025-06,WEEKDAY,6,TRAIN,BP2,5876,802
2025-06,WEEKDAY,19,TRAIN,DT34,7170,11011
2025-06,WEEKENDS/HOLIDAY,14,TRAIN,EW8/CC9,32152,29915
2025-06,WEEKENDS/HOLIDAY,0,TRAIN,NS5,287,2663
2025-06,WEEKDAY,23,TRAIN,CC14,604,1946
2025-06,WEEKENDS/HOLIDAY,8,TRAIN,NS27/CE2/TE20,489,951
2025-06,WEEKDAY,0,TRAIN,CC3,38,23
2025-06,WEEKENDS/HOLIDAY,20,TRAIN,EW5,11462,16891
2025-06,WEEKDAY,8,TRAIN,TE16,14089,14559
2025-06,WEEKDAY,20,TRAIN,TE7,3759,7181
2025-06,WEEKENDS/HOLIDAY,21,TRAIN,SE1,511,2646
2025-06,WEEKDAY,11,TRAIN,SW1,3782,3946
2025-06,WEEKDAY,20,TRAIN,DT31,5099,14627
2025-06,WEEKENDS/HOLIDAY,14,TRAIN,NE10,6614,6796
2025-06,WEEKDAY,9,TRAIN,SW8,2785,1246
2025-06,WEEKENDS/HOLIDAY,22,TRAIN,EW28,3792,13890
2025-06,WEEKENDS/HOLIDAY,19,TRAIN,DT10,1387,1394
2025-06,WEEKDAY,9,TRAIN,TE15,10936,15514
2025-06,WEEKDAY,9,TRAIN,TE27,10535,3168
2025-06,WEEKENDS/HOLIDAY,5,TRAIN,DT10,18,8
2025-06,WEEKENDS/HOLIDAY,10,TRAIN,CG2,6937,11925
2025-06,WEEKDAY,15,TRAIN,SW2,4554,5056
2025-06,WEEKDAY,21,TRAIN,SW6,1024,5166
2025-06,WEEKDAY,16,TRAIN,CC25,8188,5298
2025-06,WEEKENDS/HOLIDAY,0,TRAIN,PE6,41,347
2025-06,WEEKENDS/HOLIDAY,22,TRAIN,SW6,293,1877
2025-06,WEEKENDS/HOLIDAY,5,TRAIN,CG1/DT35,220,22
2025-06,WEEKDAY,19,TRAIN,PW3,746,2726
2025-06,WEEKDAY,11,TRAIN,CC23,10876,13780
2025-06,WEEKDAY,18,TRAIN,NS5,40502,96767
2025-06,WEEKDAY,10,TRAIN,NE5,6203,20591
2025-06,WEEKENDS/HOLIDAY,10,TRAIN,EW10,6335,6015
2025-06,WEEKDAY,10,TRAIN,BP11,3919,1443
2025-06,WEEKDAY,21,TRAIN,NS24/NE6/CC1,64453,15083
2025-06,WEEKDAY,21,TRAIN,SE3,705,5091
2025-06,WEEKDAY,20,TRAIN,EW32,10372,4204
2025-06,WEEKENDS/HOLIDAY,22,TRAIN,NS27/CE2/TE20,1436,840
2025-06,WEEKENDS/HOLIDAY,0,TRAIN,DT2,0,135
2025-06,WEEKDAY,20,TRAIN,EW31,7077,3076
2025-06,WEEKENDS/HOLIDAY,18,TRAIN,DT6,2669,2750
2025-06,WEEKDAY,8,TRAIN,CC12,23081,7280
2025-06,WEEKENDS/HOLIDAY,13,TRAIN,TE29,1581,1627
2025-06,WEEKDAY,12,TRAIN,DT34,5359,3830
2025-06,WEEKENDS/HOLIDAY,13,TRAIN,BP13,637,586
2025-06,WEEKDAY,14,TRAIN,CC26,2975,3438
2025-06,WEEKENDS/HOLIDAY,8,TRAIN,DT34,1528,1421
2025-06,WEEKENDS/HOLIDAY,17,TRAIN,DT33,8385,7086
2025-06,WEEKENDS/HOLIDAY,18,TRAIN,NE8,25570,33200
2025-06,WEEKENDS/HOLIDAY,23,TRAIN,NS16,3029,13212
2025-06,WEEKENDS/HOLIDAY,17,TRAIN,BP3,2131,1870
2025-06,WEEKENDS/HOLIDAY,8,TRAIN,NS12,10172,4447
2025-06,WEEKENDS/HOLIDAY,21,TRAIN,PW1,738,156
2025-06,WEEKDAY,23,TRAIN,EW20,1634,5549
2025-06,WEEKDAY,5,TRAIN,EW22,480,723
2025-06,WEEKENDS/HOLIDAY,11,TRAIN,NS8,8919,5094
2025-06,WEEKENDS/HOLIDAY,22,TRAIN,NS23,19493,4042
2025-06,WEEKDAY,16,TRAIN,TE15,10711,11397
2025-06,WEEKDAY,14,TRAIN,TE12,4064,6042
2025-06,WEEKDAY,17,TRAIN,NS14,39565,56842
2025-06,WEEKDAY,7,TRAIN,NE8,34250,23292
2025-06,WEEKENDS/HOLIDAY,13,TRAIN,SW7,1262,1011
2025-06,WEEKENDS/HOLIDAY,13,TRAIN,EW27,21460,21525
2025-06,WEEKENDS/HOLIDAY,20,TRAIN,BP10,710,1565
2025-06,WEEKENDS/HOLIDAY,7,TRAIN,CC27,290,1174
2025-06,WEEKDAY,14,TRAIN,DT29,4645,4233
2025-06,WEEKDAY,14,TRAIN,BP8,1669,1448
2025-06,WEEKDAY,13,TRAIN,EW31,1643,1115
2025-06,WEEKENDS/HOLIDAY,16,TRAIN,TE13,2007,1645
2025-06,WEEKDAY,20,TRAIN,EW19,9813,23009
2025-06,WEEKENDS/HOLIDAY,7,TRAIN,PE5,1996,463
2025-06,WEEKENDS/HOLIDAY,0,TRAIN,PW5,7,423
2025-06,WEEKENDS/HOLIDAY,7,TRAIN,EW19,4428,3055
2025-06,WEEKDAY,22,TRAIN,TE1,2317,2174
2025-06,WEEKENDS/HOLIDAY,0,TRAIN,DT8,17,81
2025-06,WEEKDAY,18,TRAIN,NS8,31280,57551
2025-06,WEEKDAY,5,TRAIN,SW6,1605,75
2025-06,WEEKDAY,20,TRAIN,NS24/NE6/CC1,58047,24254
2025-06,WEEKDAY,9,TRAIN,NE1/CC29,19191,107491
2025-06,WEEKENDS/HOLIDAY,11,TRAIN,EW9,11854,10459
2025-06,WEEKENDS/HOLIDAY,22,TRAIN,TE7,579,2092
2025-06,WEEKENDS/HOLIDAY,17,TRAIN,CC2,3758,2306
2025-06,WEEKENDS/HOLIDAY,14,TRAIN,EW17,11097,12127
2025-06,WEEKENDS/HOLIDAY,0,TRAIN,CC25,11,76
2025-06,WEEKDAY,0,TRAIN,EW26,47,4188
2025-06,WEEKENDS/HOLIDAY,14,TRAIN,NS15,5287,4595
2025-06,WEEKDAY,5,TRAIN,NE18,2001,156
2025-06,WEEKENDS/HOLIDAY,12,TRAIN,EW8/CC9,32830,34105
2025-06,WEEKENDS/HOLIDAY,11,TRAIN,EW1,16108,8157
2025-06,WEEKENDS/HOLIDAY,21,TRAIN,EW17,7089,12085
2025-06,WEEKENDS/HOLIDAY,11,TRAIN,EW29,3991,3203
2025-06,WEEKDAY,23,TRAIN,PE5,221,3337
2025-06,WEEKENDS/HOLIDAY,6,TRAIN,DT4,217,90
2025-06,WEEKDAY,15,TRAIN,EW30,2753,667
2025-06,WEEKDAY,16,TRAIN,DT13,11617,9486
2025-06,WEEKENDS/HOLIDAY,22,TRAIN,NE5,8802,3479
2025-06,WEEKENDS/HOLIDAY,6,TRAIN,CC28,807,347
2025-06,WEEKENDS/HOLIDAY,19,TRAIN,DT25,1599,2071
2025-06,WEEKDAY,0,TRAIN,PW6,5,181
2025-06,WEEKDAY,20,TRAIN,NS21/DT11,52289,57799
2025-06,WEEKENDS/HOLIDAY,6,TRAIN,NS14,9299,2986
2025-06,WEEKDAY,14,TRAIN,NE8,26057,25535
2025-06,WEEKENDS/HOLIDAY,7,TRAIN,PE7,1333,294
2025-06,WEEKENDS/HOLIDAY,0,TRAIN,NE16/STC,248,1762
2025-06,WEEKENDS/HOLIDAY,15,TRAIN,TE25,1240,1330
2025-06,WEEKDAY,9,TRAIN,CC8,12415,6944
2025-06,WEEKENDS/HOLIDAY,16,TRAIN,TE12,2188,1287
2025-06,WEEKDAY,7,TRAIN,CE1/DT16,11594,26513
2025-06,WEEKDAY,20,TRAIN,DT30,3039,14666
2025-06,WEEKENDS/HOLIDAY,10,TRAIN,NE5,2991,7262
2025-06,WEEKENDS/HOLIDAY,17,TRAIN,PW3,750,932
2025-06,WEEKDAY,16,TRAIN,NS18,12559,12962
2025-06,WEEKDAY,9,TRAIN,TE22,519,3861
2025-06,WEEKENDS/HOLIDAY,13,TRAIN,NE17/PTC,25414,23011
2025-06,WEEKDAY,11,TRAIN,SW4,3381,1689
2025-06,WEEKDAY,7,TRAIN,NE13,39844,18235
2025-06,WEEKDAY,20,TRAIN,BP11,1358,5814
2025-06,WEEKDAY,18,TRAIN,SW5,8370,19516
2025-06,WEEKENDS/HOLIDAY,11,TRAIN,EW31,1471,507
2025-06,WEEKDAY,21,TRAIN,EW22,8356,6731
2025-06,WEEKENDS/HOLIDAY,9,TRAIN,CE1/DT16,3816,16682
2025-06,WEEKDAY,0,TRAIN,NS7,926,2342
2025-06,WEEKDAY,16,TRAIN,NS4/BP1,35021,45147
2025-06,WEEKENDS/HOLIDAY,15,TRAIN,NS23,23286,24443
2025-06,WEEKENDS/HOLIDAY,19,TRAIN,EW17,9507,12888
2025-06,WEEKDAY,7,TRAIN,CC17/TE9,16859,11720
2025-06,WEEKENDS/HOLIDAY,0,TRAIN,SW7,11,227
2025-06,WEEKDAY,9,TRAIN,EW12/DT14,24907,107080
2025-06,WEEKDAY,14,TRAIN,TE6,7292,6499
2025-06,WEEKDAY,22,TRAIN,SE1,884,5177
2025-06,WEEKENDS/HOLIDAY,23,TRAIN,DT3,256,1483
2025-06,WEEKENDS/HOLIDAY,17,TRAIN,NS19,20034,19797
2025-06,WEEKENDS/HOLIDAY,22,TRAIN,SE4,334,1327
2025-06,WEEKDAY,5,TRAIN,NS5,15801,2034
2025-06,WEEKDAY,20,TRAIN,EW6,5576,18578
2025-06,WEEKDAY,17,TRAIN,NS9/TE2,74965,125030
2025-06,WEEKENDS/HOLIDAY,20,TRAIN,NS28,1643,746
2025-06,WEEKENDS/HOLIDAY,5,TRAIN,BP5,255,116
2025-06,WEEKDAY,16,TRAIN,NS9/TE2,49656,72365
2025-06,WEEKENDS/HOLIDAY,16,TRAIN,SW8,785,779
2025-06,WEEKENDS/HOLIDAY,5,TRAIN,BP13,335,28
2025-06,WEEKDAY,21,TRAIN,NS10,16333,51892
2025-06,WEEKENDS/HOLIDAY,14,TRAIN,EW2/DT32,27235,25675
2025-06,WEEKENDS/HOLIDAY,8,TRAIN,SW6,1996,557
2025-06,WEEKENDS/HOLIDAY,12,TRAIN,CC27,803,1020
2025-06,WEEKENDS/HOLIDAY,13,TRAIN,NS25/EW13,29891,42534
2025-06,WEEKDAY,9,TRAIN,EW27,45787,34667
2025-06,WEEKDAY,5,TRAIN,NE11,800,436
2025-06,WEEKENDS/HOLIDAY,11,TRAIN,TE18,4912,8087
2025-06,WEEKDAY,13,TRAIN,PE1,3505,3271
2025-06,WEEKENDS/HOLIDAY,15,TRAIN,BP8,723,797
2025-06,WEEKDAY,23,TRAIN,TE6,1020,8944
2025-06,WEEKENDS/HOLIDAY,23,TRAIN,PE3,173,1230
2025-06,WEEKENDS/HOLIDAY,10,TRAIN,EW30,917,375
2025-06,WEEKDAY,15,TRAIN,NS16,31843,39258
2025-06,WEEKDAY,15,TRAIN,SW7,1801,2050
2025-06,WEEKDAY,21,TRAIN,CC7,4748,7989
2025-06,WEEKENDS/HOLIDAY,0,TRAIN,TE24,16,95
2025-06,WEEKDAY,5,TRAIN,EW31,1381,1399
2025-06,WEEKDAY,5,TRAIN,SE2,2731,81
2025-06,WEEKENDS/HOLIDAY,13,TRAIN,DT7,1584,1501
2025-06,WEEKDAY,18,TRAIN,NS17/CC15,55044,63598
2025-06,WEEKENDS/HOLIDAY,8,TRAIN,DT8,1627,1258
2025-06,WEEKDAY,21,TRAIN,NE15,8997,34315
2025-06,WEEKDAY,13,TRAIN,EW8/CC9,53195,49434
2025-06,WEEKENDS/HOLIDAY,6,TRAIN,EW16/NE3/TE17,2405,6684
2025-06,WEEKENDS/HOLIDAY,8,TRAIN,NS3,9274,6886
2025-06,WEEKDAY,6,TRAIN,PE4,1804,378
2025-06,WEEKENDS/HOLIDAY,14,TRAIN,NE18,4939,5028
2025-06,WEEKDAY,12,TRAIN,NE18,10379,11909
2025-06,WEEKDAY,12,TRAIN,DT10,4179,2367
2025-06,WEEKDAY,14,TRAIN,DT6,5782,5104
2025-06,WEEKENDS/HOLIDAY,14,TRAIN,SW5,3930,3436
2025-06,WEEKENDS/HOLIDAY,15,TRAIN,BP9,849,966
2025-06,WEEKENDS/HOLIDAY,11,TRAIN,PW1,1053,2160
2025-06,WEEKDAY,21,TRAIN,CC4/DT15,38037,4209
2025-06,WEEKENDS/HOLIDAY,19,TRAIN,NS8,7565,8114
2025-06,WEEKDAY,7,TRAIN,CC25,10186,17242
2025-06,WEEKDAY,17,TRAIN,NE7/DT12,49161,34753
2025-06,WEEKENDS/HOLIDAY,14,TRAIN,CC26,1160,1100
2025-06,WEEKDAY,11,TRAIN,CC28,3691,1984
2025-06,WEEKENDS/HOLIDAY,19,TRAIN,EW27,20629,31496
2025-06,WEEKENDS/HOLIDAY,11,TRAIN,CG1/DT35,3237,9009
2025-06,WEEKDAY,21,TRAIN,CG1/DT35,21867,3066
2025-06,WEEKENDS/HOLIDAY,20,TRAIN,EW23,16120,22751
2025-06,WEEKDAY,0,TRAIN,DT27,80,568
2025-06,WEEKENDS/HOLIDAY,17,TRAIN,EW31,4597,1385
2025-06,WEEKDAY,12,TRAIN,EW9,18390,14135
2025-06,WEEKENDS/HOLIDAY,10,TRAIN,EW15,5081,12324
2025-06,WEEKENDS/HOLIDAY,6,TRAIN,NS25/EW13,1128,4704
2025-06,WEEKDAY,22,TRAIN,EW10,4930,14033
2025-06,WEEKDAY,6,TRAIN,EW9,40203,7752
2025-06,WEEKDAY,0,TRAIN,NS12,648,2905
2025-06,WEEKENDS/HOLIDAY,10,TRAIN,PW7,1642,1047
2025-06,WEEKDAY,14,TRAIN,EW27,29774,33402
2025-06,WEEKENDS/HOLIDAY,21,TRAIN,PW7,779,1761
2025-06,WEEKDAY,12,TRAIN,NE4/DT19,58198,85573
2025-06,WEEKDAY,16,TRAIN,BP2,1896,2753
2025-06,WEEKENDS/HOLIDAY,23,TRAIN,EW29,368,1387
2025-06,WEEKENDS/HOLIDAY,16,TRAIN,CC27,1308,816
2025-06,WEEKENDS/HOLIDAY,18,TRAIN,NE4/DT19,34262,30853
2025-06,WEEKENDS/HOLIDAY,21,TRAIN,TE6,1889,7415
2025-06,WEEKENDS/HOLIDAY,21,TRAIN,NS25/EW13,49342,7345
2025-06,WEEKENDS/HOLIDAY,23,TRAIN,CC16,263,971
2025-06,WEEKDAY,23,TRAIN,PE4,333,830
2025-06,WEEKENDS/HOLIDAY,22,TRAIN,PW5,341,2711
2025-06,WEEKDAY,11,TRAIN,EW8/CC9,30697,47249
2025-06,WEEKDAY,20,TRAIN,EW28,17174,42243
2025-06,WEEKENDS/HOLIDAY,14,TRAIN,PE3,2830,2628
2025-06,WEEKENDS/HOLIDAY,18,TRAIN,SE2,2267,2928
2025-06,WEEKDAY,11,TRAIN,SE5,2875,1300
2025-06,WEEKENDS/HOLIDAY,17,TRAIN,BP10,1330,1546
2025-06,WEEKDAY,19,TRAIN,PE4,1618,3987
2025-06,WEEKDAY,14,TRAIN,NS8,13690,11559
2025-06,WEEKDAY,22,TRAIN,CC8,3540,6432
2025-06,WEEKDAY,19,TRAIN,TE3,10430,27255
2025-06,WEEKENDS/HOLIDAY,18,TRAIN,PE5,2286,2925
2025-06,WEEKDAY,16,TRAIN,PW2,167,104
2025-06,WEEKENDS/HOLIDAY,8,TRAIN,EW24/NS1,15051,19400
2025-06,WEEKENDS/HOLIDAY,7,TRAIN,SW8,710,513
2025-06,WEEKDAY,18,TRAIN,EW18,53633,45931
2025-06,WEEKDAY,6,TRAIN,CC8,6312,3225
2025-06,WEEKDAY,18,TRAIN,NS25/EW13,133662,103180
2025-06,WEEKENDS/HOLIDAY,18,TRAIN,TE13,2253,1996
2025-06,WEEKDAY,6,TRAIN,NS16,49526,27363
2025-06,WEEKENDS/HOLIDAY,15,TRAIN,CC5,3085,3060
2025-06,WEEKENDS/HOLIDAY,8,TRAIN,PE3,2612,1905
2025-06,WEEKENDS/HOLIDAY,22,TRAIN,BP11,197,1383
2025-06,WEEKDAY,9,TRAIN,PW3,1546,744
2025-06,WEEKDAY,10,TRAIN,TE12,5106,6711
2025-06,WEEKDAY,15,TRAIN,NS9/TE2,42733,55846
2025-06,WEEKDAY,10,TRAIN,NE8,17509,25326
2025-06,WEEKDAY,7,TRAIN,DT8,5021,9434
2025-06,WEEKDAY,14,TRAIN,TE4,4076,3212
2025-06,WEEKDAY,17,TRAIN,CC20,8301,9485
2025-06,WEEKENDS/HOLIDAY,13,TRAIN,EW20,6104,4723
2025-06,WEEKENDS/HOLIDAY,23,TRAIN,NS9/TE2,7149,15676
2025-06,WEEKENDS/HOLIDAY,9,TRAIN,DT24,2754,1319
2025-06,WEEKENDS/HOLIDAY,14,TRAIN,SE2,2383,2282
2025-06,WEEKENDS/HOLIDAY,6,TRAIN,TE15,355,792
2025-06,WEEKDAY,7,TRAIN,SE3,10603,945
2025-06,WEEKENDS/HOLIDAY,9,TRAIN,NS20,9518,18556
2025-06,WEEKENDS/HOLIDAY,19,TRAIN,NS23,25702,15387
2025-06,WEEKENDS/HOLIDAY,15,TRAIN,NE14,12183,12329
2025-06,WEEKDAY,7,TRAIN,NE17/PTC,102784,22493
2025-06,WEEKDAY,23,TRAIN,SE3,121,2420
2025-06,WEEKDAY,5,TRAIN,EW8/CC9,3194,1241
2025-06,WEEKENDS/HOLIDAY,7,TRAIN,TE23,518,688
2025-06,WEEKENDS/HOLIDAY,16,TRAIN,EW1,13533,14365
2025-06,WEEKENDS/HOLIDAY,6,TRAIN,SW7,529,87
2025-06,WEEKDAY,6,TRAIN,NS25/EW13,2202,16048
2025-06,WEEKDAY,23,TRAIN,EW10,2213,6690
2025-06,WEEKDAY,7,TRAIN,TE13,1906,7726
2025-06,WEEKDAY,6,TRAIN,NS17/CC15,34816,14650
2025-06,WEEKENDS/HOLIDAY,15,TRAIN,DT17,2393,2292
2025-06,WEEKENDS/HOLIDAY,0,TRAIN,NS12,325,1428
2025-06,WEEKDAY,22,TRAIN,PE2,703,6664
2025-06,WEEKENDS/HOLIDAY,9,TRAIN,CC6,3445,6773
2025-06,WEEKENDS/HOLIDAY,7,TRAIN,TE15,998,2290
2025-06,WEEKDAY,12,TRAIN,BP7,1050,920
2025-06,WEEKENDS/HOLIDAY,11,TRAIN,PW3,757,357
2025-06,WEEKDAY,17,TRAIN,NE18,21383,12428
2025-06,WEEKENDS/HOLIDAY,15,TRAIN,TE28,1326,1846
2025-06,WEEKDAY,23,TRAIN,CC20,318,1400
2025-06,WEEKENDS/HOLIDAY,18,TRAIN,DT25,2232,2057
2025-06,WEEKENDS/HOLIDAY,7,TRAIN,BP12,1149,272
2025-06,WEEKDAY,7,TRAIN,EW4,31859,35801
2025-06,WEEKDAY,20,TRAIN,SW3,727,3451
2025-06,WEEKDAY,14,TRAIN,DT31,5581,6466
2025-06,WEEKDAY,8,TRAIN,CC17/TE9,21924,18409
2025-06,WEEKDAY,13,TRAIN,CC23,12779,18232
2025-06,WEEKDAY,9,TRAIN,NS3,29545,14051
2025-06,WEEKENDS/HOLIDAY,12,TRAIN,TE8,6854,5355
2025-06,WEEKDAY,12,TRAIN,DT20,7683,6082
2025-06,WEEKENDS/HOLIDAY,15,TRAIN,PE6,3219,2997
2025-06,WEEKDAY,23,TRAIN,EW32,164,1198
2025-06,WEEKENDS/HOLIDAY,7,TRAIN,EW30,1452,4270
2025-06,WEEKENDS/HOLIDAY,9,TRAIN,NE14,19025,6781
2025-06,WEEKENDS/HOLIDAY,6,TRAIN,CC2,143,319
2025-06,WEEKDAY,7,TRAIN,NS16,96069,56697
2025-06,WEEKENDS/HOLIDAY,11,TRAIN,NE11,7357,6082
2025-06,WEEKDAY,14,TRAIN,NE7/DT12,23637,27917
2025-06,WEEKDAY,22,TRAIN,CC28,1177,4154
2025-06,WEEKENDS/HOLIDAY,6,TRAIN,TE29,383,129
2025-06,WEEKDAY,23,TRAIN,TE27,481,2878
2025-06,WEEKENDS/HOLIDAY,0,TRAIN,SE2,13,403
2025-06,WEEKENDS/HOLIDAY,5,TRAIN,DT18,7,0
2025-06,WEEKDAY,18,TRAIN,DT18,96059,20899
2025-06,WEEKENDS/HOLIDAY,23,TRAIN,EW3,679,4114
2025-06,WEEKENDS/HOLIDAY,14,TRAIN,DT23,1630,1913
2025-06,WEEKENDS/HOLIDAY,13,TRAIN,PW6,883,768
2025-06,WEEKDAY,10,TRAIN,PW1,828,3275
2025-06,WEEKDAY,17,TRAIN,BP4,4515,2970
2025-06,WEEKENDS/HOLIDAY,18,TRAIN,NS14,14386,16887
2025-06,WEEKDAY,15,TRAIN,CC4/DT15,19813,17458
2025-06,WEEKENDS/HOLIDAY,7,TRAIN,TE13,424,2027
2025-06,WEEKENDS/HOLIDAY,17,TRAIN,EW2/DT32,29681,34769
2025-06,WEEKDAY,14,TRAIN,CC28,2774,2629
2025-06,WEEKDAY,12,TRAIN,EW24/NS1,47085,67907
2025-06,WEEKENDS/HOLIDAY,11,TRAIN,TE3,5025,3057
2025-06,WEEKENDS/HOLIDAY,15,TRAIN,PE4,805,913
2025-06,WEEKDAY,5,TRAIN,BP11,4251,246
2025-06,WEEKENDS/HOLIDAY,23,TRAIN,TE6,540,4228
2025-06,WEEKDAY,9,TRAIN,EW26,50332,14622
2025-06,WEEKDAY,15,TRAIN,SW6,2497,2986
2025-06,WEEKENDS/HOLIDAY,7,TRAIN,SW7,952,294
2025-06,WEEKENDS/HOLIDAY,20,TRAIN,SE4,754,1745
2025-06,WEEKENDS/HOLIDAY,8,TRAIN,SW1,1035,732
2025-06,WEEKENDS/HOLIDAY,13,TRAIN,NS5,12665,11324
2025-06,WEEKDAY,17,TRAIN,NE12/CC13,68465,111590
2025-06,WEEKDAY,15,TRAIN,CC28,2578,2678
2025-06,WEEKENDS/HOLIDAY,14,TRAIN,TE25,1164,1376
2025-06,WEEKDAY,8,TRAIN,NS27/CE2/TE20,1832,29327
2025-06,WEEKDAY,15,TRAIN,PE2,3867,4966
2025-06,WEEKENDS/HOLIDAY,15,TRAIN,TE7,2760,2482
2025-06,WEEKDAY,19,TRAIN,TE18,19171,12176
2025-06,WEEKDAY,21,TRAIN,DT17,17094,3637
2025-06,WEEKDAY,21,TRAIN,PE5,1391,7793
2025-06,WEEKDAY,23,TRAIN,EW22,837,2394
2025-06,WEEKDAY,18,TRAIN,DT30,9411,31635
2025-06,WEEKDAY,12,TRAIN,NE11,13756,14429
2025-06,WEEKDAY,0,TRAIN,SW4,50,446
2025-06,WEEKENDS/HOLIDAY,19,TRAIN,EW5,13570,18300
2025-06,WEEKENDS/HOLIDAY,15,TRAIN,CG1/DT35,10170,10479
2025-06,WEEKDAY,15,TRAIN,NS4/BP1,28922,34301
2025-06,WEEKDAY,16,TRAIN,NE13,19548,24181
2025-06,WEEKDAY,22,TRAIN,SW4,681,3398
2025-06,WEEKDAY,12,TRAIN,PE3,6921,5073
2025-06,WEEKENDS/HOLIDAY,23,TRAIN,NE14,977,8360
2025-06,WEEKENDS/HOLIDAY,5,TRAIN,TE19,1,0
2025-06,WEEKDAY,6,TRAIN,NE7/DT12,12742,14348
2025-06,WEEKDAY,5,TRAIN,TE5,796,56
2025-06,WEEKDAY,11,TRAIN,TE13,5091,4373
2025-06,WEEKENDS/HOLIDAY,15,TRAIN,BP3,1713,1672
2025-06,WEEKENDS/HOLIDAY,18,TRAIN,TE18,6013,6816
2025-06,WEEKENDS/HOLIDAY,15,TRAIN,NE10,6485,6891
2025-06,WEEKDAY,14,TRAIN,DT4,1661,1705
2025-06,WEEKENDS/HOLIDAY,19,TRAIN,CC16,2517,2791
2025-06,WEEKDAY,11,TRAIN,NE14,31138,14746
2025-06,WEEKDAY,11,TRAIN,DT13,8621,13875
2025-06,WEEKENDS/HOLIDAY,18,TRAIN,TE8,6596,6327
2025-06,WEEKDAY,21,TRAIN,TE26,11419,6453
2025-06,WEEKENDS/HOLIDAY,23,TRAIN,DT33,666,5871
2025-06,WEEKENDS/HOLIDAY,13,TRAIN,SW1,1548,1478
2025-06,WEEKENDS/HOLIDAY,20,TRAIN,TE14/NS22,46407,16853
2025-06,WEEKDAY,12,TRAIN,CC12,6417,3807
2025-06,WEEKENDS/HOLIDAY,18,TRAIN,CC25,3387,3147
2025-06,WEEKENDS/HOLIDAY,17,TRAIN,CC26,1955,1697
2025-06,WEEKDAY,17,TRAIN,BP7,1246,1769
2025-06,WEEKDAY,11,TRAIN,TE22,1723,5428
2025-06,WEEKDAY,19,TRAIN,BP2,2061,7775
2025-06,WEEKDAY,15,TRAIN,DT31,7400,6781
2025-06,WEEKENDS/HOLIDAY,20,TRAIN,DT25,1004,2119
2025-06,WEEKENDS/HOLIDAY,0,TRAIN,NE17/PTC,267,1836
2025-06,WEEKENDS/HOLIDAY,18,TRAIN,NS24/NE6/CC1,26292,19409
2025-06,WEEKDAY,7,TRAIN,NS28,1527,4219
2025-06,WEEKDAY,7,TRAIN,TE25,3959,1562
2025-06,WEEKENDS/HOLIDAY,12,TRAIN,EW7,8464,6132
2025-06,WEEKENDS/HOLIDAY,21,TRAIN,DT2,304,760
2025-06,WEEKDAY,16,TRAIN,PW6,1810,1542
2025-06,WEEKENDS/HOLIDAY,10,TRAIN,CC6,4727,6968
2025-06,WEEKENDS/HOLIDAY,5,TRAIN,TE26,80,1
2025-06,WEEKDAY,20,TRAIN,TE15,10977,8083
2025-06,WEEKENDS/HOLIDAY,22,TRAIN,TE26,3467,2380
2025-06,WEEKDAY,22,TRAIN,EW27,17327,44303
2025-06,WEEKENDS/HOLIDAY,11,TRAIN,PW6,1089,523
2025-06,WEEKENDS/HOLIDAY,10,TRAIN,DT23,1052,2039
2025-06,WEEKENDS/HOLIDAY,8,TRAIN,NE14,15837,5936
2025-06,WEEKENDS/HOLIDAY,16,TRAIN,EW23,21940,24292
2025-06,WEEKDAY,5,TRAIN,NS15,4259,2541
2025-06,WEEKDAY,12,TRAIN,PW1,2255,3663
2025-06,WEEKDAY,0,TRAIN,CC10/DT26,134,954
2025-06,WEEKENDS/HOLIDAY,16,TRAIN,NS17/CC15,12306,8348
2025-06,WEEKENDS/HOLIDAY,21,TRAIN,CC2,1041,1281
2025-06,WEEKENDS/HOLIDAY,9,TRAIN,NS16,24278,13828
2025-06,WEEKDAY,9,TRAIN,EW11,21394,31940
2025-06,WEEKENDS/HOLIDAY,23,TRAIN,TE8,1075,1435
2025-06,WEEKENDS/HOLIDAY,17,TRAIN,DT30,4083,3818
2025-06,WEEKENDS/HOLIDAY,6,TRAIN,TE27,1161,187
2025-06,WEEKDAY,16,TRAIN,EW4,13979,12424
2025-06,WEEKENDS/HOLIDAY,15,TRAIN,NE7/DT12,18879,17876
2025-06,WEEKENDS/HOLIDAY,0,TRAIN,TE18,76,82
2025-06,WEEKDAY,11,TRAIN,DT24,5020,3035
2025-06,WEEKENDS/HOLIDAY,22,TRAIN,NS3,2526,8080
2025-06,WEEKDAY,13,TRAIN,TE23,2014,2137
2025-06,WEEKDAY,8,TRAIN,EW27,94461,72808
2025-06,WEEKENDS/HOLIDAY,23,TRAIN,CC11,731,1697
2025-06,WEEKDAY,20,TRAIN,EW18,13682,20801
2025-06,WEEKDAY,22,TRAIN,NS16,18175,51792
2025-06,WEEKDAY,23,TRAIN,TE1,398,994
2025-06,WEEKENDS/HOLIDAY,13,TRAIN,TE12,2226,1790
2025-06,WEEKDAY,11,TRAIN,TE6,10896,4427
2025-06,WEEKENDS/HOLIDAY,11,TRAIN,EW12/DT14,19346,41068
2025-06,WEEKENDS/HOLIDAY,7,TRAIN,DT30,2958,1646
2025-06,WEEKENDS/HOLIDAY,21,TRAIN,DT24,1041,2858
2025-06,WEEKDAY,19,TRAIN,NE4/DT19,93262,59940
2025-06,WEEKENDS/HOLIDAY,13,TRAIN,TE14/NS22,39537,57521
2025-06,WEEKDAY,21,TRAIN,SW5,5536,8654
2025-06,WEEKDAY,0,TRAIN,EW3,100,2029
2025-06,WEEKDAY,9,TRAIN,EW22,9129,13981
2025-06,WEEKDAY,16,TRAIN,NS5,22764,28879
2025-06,WEEKENDS/HOLIDAY,16,TRAIN,SW1,1438,1049
2025-06,WEEKENDS/HOLIDAY,12,TRAIN,TE5,2614,1473
2025-06,WEEKDAY,10,TRAIN,SW7,3060,1042
2025-06,WEEKENDS/HOLIDAY,12,TRAIN,SE3,1614,1001
2025-06,WEEKENDS/HOLIDAY,7,TRAIN,PE2,1798,300
2025-06,WEEKDAY,10,TRAIN,TE6,13285,3941
2025-06,WEEKDAY,22,TRAIN,CC26,2258,1742
2025-06,WEEKDAY,7,TRAIN,NS12,69930,20096
2025-06,WEEKDAY,18,TRAIN,NE10,37788,37937
2025-06,WEEKENDS/HOLIDAY,9,TRAIN,DT30,4839,1554
2025-06,WEEKDAY,12,TRAIN,TE16,7308,4971
2025-06,WEEKENDS/HOLIDAY,22,TRAIN,NS14,7529,17623
2025-06,WEEKDAY,23,TRAIN,NS3,3609,9312
2025-06,WEEKDAY,8,TRAIN,EW26,109571,34707
2025-06,WEEKDAY,0,TRAIN,TE6,158,1522
2025-06,WEEKDAY,7,TRAIN,BP6/DT1,127987,57297
2025-06,WEEKDAY,19,TRAIN,SW2,6159,9935
2025-06,WEEKDAY,21,TRAIN,NS23,66796,14496
2025-06,WEEKENDS/HOLIDAY,0,TRAIN,EW31,6,194
2025-06,WEEKDAY,14,TRAIN,TE27,4511,4895
2025-06,WEEKDAY,14,TRAIN,NS4/BP1,29039,32005
2025-06,WEEKDAY,12,TRAIN,BP12,3234,1709
2025-06,WEEKENDS/HOLIDAY,11,TRAIN,NS19,19469,14211
2025-06,WEEKENDS/HOLIDAY,5,TRAIN,DT31,356,9
2025-06,WEEKENDS/HOLIDAY,18,TRAIN,BP9,864,1227
2025-06,WEEKENDS/HOLIDAY,23,TRAIN,CC2,374,318
2025-06,WEEKDAY,8,TRAIN,BP6/DT1,142785,57615
2025-06,WEEKENDS/HOLIDAY,14,TRAIN,BP8,797,774
2025-06,WEEKDAY,15,TRAIN,DT34,4303,3318
2025-06,WEEKDAY,21,TRAIN,EW28,11823,32314
2025-06,WEEKDAY,16,TRAIN,EW9,19130,17579
2025-06,WEEKDAY,18,TRAIN,DT8,8118,8101
2025-06,WEEKDAY,10,TRAIN,TE18,5519,16130
2025-06,WEEKDAY,9,TRAIN,CC10/DT26,21113,32008
2025-06,WEEKDAY,22,TRAIN,TE29,635,3151
2025-06,WEEKDAY,6,TRAIN,SE2,8370,595
2025-06,WEEKDAY,10,TRAIN,DT33,19663,4340
2025-06,WEEKDAY,21,TRAIN,DT25,2193,5921
2025-06,WEEKENDS/HOLIDAY,14,TRAIN,NS28,2398,3378
2025-06,WEEKDAY,12,TRAIN,CC24,22762,23561
2025-06,WEEKDAY,18,TRAIN,DT22,14965,26479
2025-06,WEEKDAY,18,TRAIN,DT7,9880,11006
2025-06,WEEKDAY,13,TRAIN,TE19,7111,12400
2025-06,WEEKDAY,7,TRAIN,SW4,10577,1474
2025-06,WEEKENDS/HOLIDAY,15,TRAIN,BP7,360,471
2025-06,WEEKDAY,9,TRAIN,CC19/DT9,7648,10010
2025-06,WEEKENDS/HOLIDAY,8,TRAIN,TE25,1314,564
2025-06,WEEKENDS/HOLIDAY,19,TRAIN,CC14,1964,2957
2025-06,WEEKENDS/HOLIDAY,11,TRAIN,NS5,15196,7950
2025-06,WEEKENDS/HOLIDAY,7,TRAIN,TE29,860,423
2025-06,WEEKENDS/HOLIDAY,17,TRAIN,NE8,23680,32722
2025-06,WEEKDAY,8,TRAIN,PW7,6403,2966
2025-06,WEEKDAY,23,TRAIN,SE1,406,2931
2025-06,WEEKENDS/HOLIDAY,15,TRAIN,DT6,2303,2138
2025-06,WEEKDAY,22,TRAIN,DT21,8943,5099
2025-06,WEEKDAY,7,TRAIN,NE1/CC29,18937,64348
2025-06,WEEKENDS/HOLIDAY,8,TRAIN,EW10,5838,3779
2025-06,WEEKENDS/HOLIDAY,11,TRAIN,PW2,49,60
2025-06,WEEKDAY,22,TRAIN,NE12/CC13,30094,53212
2025-06,WEEKENDS/HOLIDAY,5,TRAIN,PW2,0,2
2025-06,WEEKENDS/HOLIDAY,15,TRAIN,NE1/CC29,32511,34048
2025-06,WEEKENDS/HOLIDAY,5,TRAIN,NS19,918,285
2025-06,WEEKDAY,6,TRAIN,EW24/NS1,32739,72539
2025-06,WEEKENDS/HOLIDAY,15,TRAIN,SW6,1549,1487
2025-06,WEEKENDS/HOLIDAY,23,TRAIN,CC14,264,875
2025-06,WEEKDAY,0,TRAIN,EW14/NS26,650,160
2025-06,WEEKDAY,11,TRAIN,TE29,3431,1416
2025-06,WEEKENDS/HOLIDAY,8,TRAIN,CC3,605,4291
2025-06,WEEKDAY,16,TRAIN,NE11,15800,15414
2025-06,WEEKENDS/HOLIDAY,5,TRAIN,NS20,123,184
2025-06,WEEKDAY,15,TRAIN,DT33,9111,11330
2025-06,WEEKENDS/HOLIDAY,21,TRAIN,NS9/TE2,22392,29529
2025-06,WEEKDAY,9,TRAIN,PW6,2711,1043
2025-06,WEEKENDS/HOLIDAY,8,TRAIN,TE5,2716,1396
2025-06,WEEKENDS/HOLIDAY,19,TRAIN,PE3,2028,3457
2025-06,WEEKDAY,14,TRAIN,DT18,11814,10686
2025-06,WEEKENDS/HOLIDAY,14,TRAIN,SW6,1591,1414
2025-06,WEEKENDS/HOLIDAY,21,TRAIN,TE22,7811,873
2025-06,WEEKDAY,10,TRAIN,CC6,4219,7661
2025-06,WEEKENDS/HOLIDAY,17,TRAIN,SW4,1502,1674
2025-06,WEEKDAY,5,TRAIN,CC25,991,237
2025-06,WEEKDAY,17,TRAIN,CC16,16618,9654
2025-06,WEEKENDS/HOLIDAY,7,TRAIN,DT17,587,1506
2025-06,WEEKENDS/HOLIDAY,9,TRAIN,TE29,1945,710
2025-06,WEEKENDS/HOLIDAY,16,TRAIN,EW6,5148,5839
2025-06,WEEKENDS/HOLIDAY,14,TRAIN,PE5,2414,2470
2025-06,WEEKENDS/HOLIDAY,0,TRAIN,CC21,36,98
2025-06,WEEKDAY,22,TRAIN,EW11,11505,14006
2025-06,WEEKENDS/HOLIDAY,10,TRAIN,EW32,3461,681
2025-06,WEEKDAY,8,TRAIN,EW29,11448,70674
2025-06,WEEKDAY,19,TRAIN,CC27,25288,2527
2025-06,WEEKDAY,13,TRAIN,CC4/DT15,25624,28485
2025-06,WEEKDAY,8,TRAIN,BP9,4468,2817
2025-06,WEEKDAY,21,TRAIN,TE25,1049,2987
2025-06,WEEKENDS/HOLIDAY,20,TRAIN,TE13,1588,1402
2025-06,WEEKENDS/HOLIDAY,23,TRAIN,NE9,1394,4823
2025-06,WEEKENDS/HOLIDAY,17,TRAIN,DT7,1996,2224
2025-06,WEEKDAY,16,TRAIN,DT4,1803,2269
2025-06,WEEKDAY,19,TRAIN,TE14/NS22,112020,69181
2025-06,WEEKENDS/HOLIDAY,15,TRAIN,EW31,1618,607
2025-06,WEEKENDS/HOLIDAY,23,TRAIN,CC25,339,813
2025-06,WEEKDAY,10,TRAIN,NE15,24620,8897
2025-06,WEEKENDS/HOLIDAY,0,TRAIN,DT27,37,369
2025-06,WEEKENDS/HOLIDAY,13,TRAIN,NE14,15246,11353
2025-06,WEEKDAY,23,TRAIN,EW3,1511,8848
2025-06,WEEKENDS/HOLIDAY,7,TRAIN,SW2,986,975
2025-06,WEEKENDS/HOLIDAY,10,TRAIN,TE11,1837,1287
2025-06,WEEKDAY,6,TRAIN,NE12/CC13,45109,17742
2025-06,WEEKDAY,14,TRAIN,TE3,9528,7653
2025-06,WEEKDAY,9,TRAIN,BP6/DT1,63642,29151
2025-06,WEEKENDS/HOLIDAY,20,TRAIN,SW4,634,1864
2025-06,WEEKENDS/HOLIDAY,5,TRAIN,EW28,2929,225
2025-06,WEEKDAY,21,TRAIN,CC17/TE9,2794,6252
2025-06,WEEKENDS/HOLIDAY,22,TRAIN,PE5,391,2499
2025-06,WEEKENDS/HOLIDAY,11,TRAIN,CC6,5738,7422
2025-06,WEEKDAY,8,TRAIN,BP5,4324,2698
2025-06,WEEKENDS/HOLIDAY,18,TRAIN,CC4/DT15,14739,13212
2025-06,WEEKDAY,6,TRAIN,NE9,20828,14651
2025-06,WEEKENDS/HOLIDAY,5,TRAIN,EW20,242,54
2025-06,WEEKDAY,16,TRAIN,EW16/NE3/TE17,56432,19013
2025-06,WEEKENDS/HOLIDAY,19,TRAIN,CC6,10688,5799
2025-06,WEEKDAY,12,TRAIN,NE7/DT12,41963,34675
2025-06,WEEKENDS/HOLIDAY,15,TRAIN,NS12,7705,7477
2025-06,WEEKDAY,23,TRAIN,TE23,425,935
2025-06,WEEKENDS/HOLIDAY,18,TRAIN,NS8,8551,9165
2025-06,WEEKDAY,12,TRAIN,NE13,22669,17353
2025-06,WEEKENDS/HOLIDAY,11,TRAIN,BP9,1673,1083
2025-06,WEEKENDS/HOLIDAY,19,TRAIN,NS24/NE6/CC1,24417,14986
2025-06,WEEKENDS/HOLIDAY,21,TRAIN,EW11,5638,8352
2025-06,WEEKENDS/HOLIDAY,5,TRAIN,NE11,84,37
2025-06,WEEKENDS/HOLIDAY,12,TRAIN,CC19/DT9,4476,4400
2025-06,WEEKDAY,5,TRAIN,EW29,1442,8329
2025-06,WEEKDAY,20,TRAIN,TE22,10316,4137
2025-06,WEEKENDS/HOLIDAY,20,TRAIN,SW1,877,1274
2025-06,WEEKENDS/HOLIDAY,14,TRAIN,DT6,2342,2069
2025-06,WEEKDAY,17,TRAIN,DT20,13803,9580
2025-06,WEEKENDS/HOLIDAY,13,TRAIN,TE7,3080,2815
2025-06,WEEKENDS/HOLIDAY,14,TRAIN,EW11,8474,10334
2025-06,WEEKDAY,6,TRAIN,EW18,13257,11232
2025-06,WEEKDAY,0,TRAIN,TE16,64,353
2025-06,WEEKDAY,19,TRAIN,SE1,3446,9302
2025-06,WEEKENDS/HOLIDAY,0,TRAIN,CG1/DT35,11,183
2025-06,WEEKENDS/HOLIDAY,15,TRAIN,NE4/DT19,34960,29042
2025-06,WEEKENDS/HOLIDAY,17,TRAIN,TE19,2057,1625
2025-06,WEEKDAY,7,TRAIN,CC20,9926,8025
2025-06,WEEKDAY,16,TRAIN,BP3,3150,3900
2025-06,WEEKDAY,19,TRAIN,DT22,13407,20408
2025-06,WEEKDAY,12,TRAIN,NE10,16169,12154
2025-06,WEEKENDS/HOLIDAY,23,TRAIN,NE5,5638,1714
2025-06,WEEKDAY,8,TRAIN,CC5,3757,17123
2025-06,WEEKDAY,11,TRAIN,NE1/CC29,21276,69857
2025-06,WEEKDAY,7,TRAIN,CC12,14870,8188
2025-06,WEEKENDS/HOLIDAY,21,TRAIN,PW5,549,3289
2025-06,WEEKENDS/HOLIDAY,16,TRAIN,EW19,7954,8027
2025-06,WEEKDAY,15,TRAIN,EW23,38505,38423
2025-06,WEEKDAY,8,TRAIN,CC4/DT15,3808,76594
2025-06,WEEKDAY,15,TRAIN,DT10,3372,2694
2025-06,WEEKDAY,19,TRAIN,NE9,36222,38875
2025-06,WEEKDAY,13,TRAIN,EW14/NS26,43951,83161
2025-06,WEEKDAY,22,TRAIN,DT4,349,2370
2025-06,WEEKENDS/HOLIDAY,0,TRAIN,DT31,23,554
2025-06,WEEKDAY,22,TRAIN,DT28,3075,12254
2025-06,WEEKDAY,6,TRAIN,SW6,5008,1166
2025-06,WEEKDAY,11,TRAIN,EW11,17901,15093
2025-06,WEEKENDS/HOLIDAY,6,TRAIN,NS24/NE6/CC1,1072,2094
2025-06,WEEKENDS/HOLIDAY,13,TRAIN,DT30,4041,2893
2025-06,WEEKDAY,8,TRAIN,TE18,3525,24146
2025-06,WEEKDAY,5,TRAIN,EW28,17046,1188
2025-06,WEEKENDS/HOLIDAY,5,TRAIN,NS9/TE2,3185,1889
2025-06,WEEKDAY,0,TRAIN,NE5,223,82
2025-06,WEEKENDS/HOLIDAY,21,TRAIN,EW26,5694,18196
2025-06,WEEKENDS/HOLIDAY,14,TRAIN,NE17/PTC,23497,21601
2025-06,WEEKDAY,22,TRAIN,PW4,1827,3559
2025-06,WEEKDAY,18,TRAIN,BP8,4076,4272
2025-06,WEEKENDS/HOLIDAY,8,TRAIN,TE6,6281,2543
2025-06,WEEKDAY,18,TRAIN,NE8,46331,74343
2025-06,WEEKDAY,11,TRAIN,BP4,3054,1532
2025-06,WEEKDAY,14,TRAIN,SW2,4814,4776
2025-06,WEEKDAY,21,TRAIN,DT7,1577,3962
2025-06,WEEKDAY,11,TRAIN,NS28,1690,1968
2025-06,WEEKDAY,5,TRAIN,BP9,1868,842
2025-06,WEEKENDS/HOLIDAY,14,TRAIN,PW7,1365,1764
2025-06,WEEKDAY,5,TRAIN,DT13,531,101
2025-06,WEEKDAY,7,TRAIN,DT28,30381,25883
2025-06,WEEKENDS/HOLIDAY,22,TRAIN,PW7,542,1427
2025-06,WEEKDAY,13,TRAIN,NE18,10092,13486
2025-06,WEEKDAY,16,TRAIN,CC28,3228,3675
2025-06,WEEKDAY,7,TRAIN,NS9/TE2,143275,70104
2025-06,WEEKDAY,14,TRAIN,BP2,1821,1938
2025-06,WEEKDAY,15,TRAIN,BP8,1849,1481
2025-06,WEEKDAY,16,TRAIN,NS21/DT11,54071,55393
2025-06,WEEKENDS/HOLIDAY,10,TRAIN,NS27/CE2/TE20,1070,1921
2025-06,WEEKENDS/HOLIDAY,14,TRAIN,EW20,4814,4731
2025-06,WEEKENDS/HOLIDAY,0,TRAIN,EW22,25,156
2025-06,WEEKENDS/HOLIDAY,23,TRAIN,PW5,105,1608
2025-06,WEEKENDS/HOLIDAY,16,TRAIN,EW20,5560,4848
2025-06,WEEKDAY,18,TRAIN,PE2,5747,12431
2025-06,WEEKENDS/HOLIDAY,9,TRAIN,NS15,8278,4294
2025-06,WEEKDAY,17,TRAIN,DT3,9241,10045
2025-06,WEEKENDS/HOLIDAY,23,TRAIN,EW11,2183,3412
2025-06,WEEKENDS/HOLIDAY,12,TRAIN,NS16,20333,15806
2025-06,WEEKENDS/HOLIDAY,8,TRAIN,EW19,6936,4612
2025-06,WEEKENDS/HOLIDAY,13,TRAIN,NE12/CC13,31338,32234
2025-06,WEEKENDS/HOLIDAY,22,TRAIN,CC19/DT9,1227,1017
2025-06,WEEKDAY,6,TRAIN,TE26,2826,1882
2025-06,WEEKENDS/HOLIDAY,23,TRAIN,NE17/PTC,2686,8598
2025-06,WEEKENDS/HOLIDAY,0,TRAIN,EW11,61,232
2025-06,WEEKENDS/HOLIDAY,17,TRAIN,EW12/DT14,46291,38914
2025-06,WEEKENDS/HOLIDAY,16,TRAIN,CC7,3139,3265
2025-06,WEEKENDS/HOLIDAY,6,TRAIN,NE17/PTC,5845,2448
2025-06,WEEKENDS/HOLIDAY,10,TRAIN,BP6/DT1,21130,12513
2025-06,WEEKDAY,17,TRAIN,DT4,2215,3555
2025-06,WEEKDAY,8,TRAIN,PE1,10358,1908
2025-06,WEEKDAY,17,TRAIN,TE29,3610,5688
2025-06,WEEKDAY,6,TRAIN,CC17/TE9,7491,3308
2025-06,WEEKDAY,6,TRAIN,PW7,3106,2467
2025-06,WEEKDAY,14,TRAIN,CC3,7163,6925
2025-06,WEEKENDS/HOLIDAY,23,TRAIN,EW1,926,7850
2025-06,WEEKDAY,9,TRAIN,EW33,5099,4653
2025-06,WEEKENDS/HOLIDAY,10,TRAIN,DT30,4789,1573
2025-06,WEEKENDS/HOLIDAY,16,TRAIN,EW5,15389,17893
2025-06,WEEKENDS/HOLIDAY,16,TRAIN,DT7,1711,1890
2025-06,WEEKENDS/HOLIDAY,21,TRAIN,NE4/DT19,28615,12670
2025-06,WEEKDAY,17,TRAIN,CC2,12823,4581
2025-06,WEEKDAY,16,TRAIN,NS27/CE2/TE20,7310,4341
2025-06,WEEKENDS/HOLIDAY,21,TRAIN,TE13,1334,1336
2025-06,WEEKDAY,17,TRAIN,DT6,16211,8646
2025-06,WEEKDAY,11,TRAIN,PW7,3172,1932
2025-06,WEEKENDS/HOLIDAY,14,TRAIN,EW30,1176,616
2025-06,WEEKDAY,16,TRAIN,NS13,40946,60886
2025-06,WEEKDAY,21,TRAIN,CC12,2296,7476
2025-06,WEEKENDS/HOLIDAY,12,TRAIN,CC6,6182,7396
2025-06,WEEKDAY,8,TRAIN,DT10,12298,4742
2025-06,WEEKDAY,8,TRAIN,EW5,85914,35503
2025-06,WEEKENDS/HOLIDAY,19,TRAIN,BP10,909,1717
2025-06,WEEKDAY,11,TRAIN,PW3,961,501
2025-06,WEEKDAY,22,TRAIN,EW3,5785,18616
2025-06,WEEKENDS/HOLIDAY,17,TRAIN,CC17/TE9,3135,2541
2025-06,WEEKDAY,23,TRAIN,SW6,320,2054
2025-06,WEEKENDS/HOLIDAY,22,TRAIN,DT18,3979,1661
2025-06,WEEKENDS/HOLIDAY,23,TRAIN,TE4,570,852
2025-06,WEEKDAY,9,TRAIN,TE23,5523,1642
2025-06,WEEKENDS/HOLIDAY,17,TRAIN,TE26,8248,7535
2025-06,WEEKENDS/HOLIDAY,13,TRAIN,SE2,2642,2208
2025-06,WEEKDAY,23,TRAIN,EW31,202,545
2025-06,WEEKENDS/HOLIDAY,9,TRAIN,NS5,14975,7027
2025-06,WEEKDAY,7,TRAIN,EW30,3603,33641
2025-06,WEEKDAY,21,TRAIN,EW10,6801,18829
2025-06,WEEKDAY,13,TRAIN,CC20,4897,4136
2025-06,WEEKENDS/HOLIDAY,17,TRAIN,DT28,6688,5064
2025-06,WEEKDAY,18,TRAIN,EW32,21178,5793
2025-06,WEEKDAY,14,TRAIN,DT27,6078,6477
2025-06,WEEKDAY,23,TRAIN,NS4/BP1,6217,16955
2025-06,WEEKENDS/HOLIDAY,19,TRAIN,PE6,2439,3444
2025-06,WEEKENDS/HOLIDAY,6,TRAIN,NE8,3975,3104
2025-06,WEEKENDS/HOLIDAY,23,TRAIN,EW20,725,2709
2025-06,WEEKENDS/HOLIDAY,21,TRAIN,NS15,2792,5989
2025-06,WEEKENDS/HOLIDAY,16,TRAIN,TE26,8585,7195
2025-06,WEEKDAY,7,TRAIN,CC28,9036,4580
2025-06,WEEKDAY,0,TRAIN,DT30,31,941
2025-06,WEEKENDS/HOLIDAY,17,TRAIN,DT25,2083,2176
2025-06,WEEKENDS/HOLIDAY,0,TRAIN,EW25,32,742
2025-06,WEEKDAY,14,TRAIN,SW3,1584,1815
2025-06,WEEKENDS/HOLIDAY,15,TRAIN,NS17/CC15,11518,7964
2025-06,WEEKDAY,20,TRAIN,DT21,10068,6411
2025-06,WEEKENDS/HOLIDAY,16,TRAIN,EW25,6277,6773
2025-06,WEEKENDS/HOLIDAY,10,TRAIN,SW3,1317,567
2025-06,WEEKDAY,12,TRAIN,NS25/EW13,38440,72600
2025-06,WEEKENDS/HOLIDAY,5,TRAIN,BP11,864,60
2025-06,WEEKENDS/HOLIDAY,7,TRAIN,EW9,11224,5490
2025-06,WEEKENDS/HOLIDAY,17,TRAIN,DT23,2207,1679
2025-06,WEEKDAY,22,TRAIN,TE5,1463,6279
2025-06,WEEKDAY,11,TRAIN,TE19,9356,10693
2025-06,WEEKENDS/HOLIDAY,22,TRAIN,TE13,1224,1048
2025-06,WEEKENDS/HOLIDAY,23,TRAIN,BP6/DT1,740,11091
2025-06,WEEKENDS/HOLIDAY,8,TRAIN,NS16,19534,12054
2025-06,WEEKDAY,22,TRAIN,SE5,424,2568
2025-06,WEEKENDS/HOLIDAY,5,TRAIN,TE4,71,21
2025-06,WEEKDAY,17,TRAIN,EW23,87734,78715
2025-06,WEEKENDS/HOLIDAY,20,TRAIN,CE1/DT16,68671,24830
2025-06,WEEKENDS/HOLIDAY,11,TRAIN,DT30,4423,1808
2025-06,WEEKDAY,14,TRAIN,DT30,5319,5182
2025-06,WEEKENDS/HOLIDAY,7,TRAIN,EW6,3613,2195
2025-06,WEEKDAY,0,TRAIN,TE19,134,65
2025-06,WEEKENDS/HOLIDAY,0,TRAIN,DT25,16,132
2025-06,WEEKDAY,5,TRAIN,DT4,208,0
2025-06,WEEKENDS/HOLIDAY,7,TRAIN,PW4,1287,489
2025-06,WEEKENDS/HOLIDAY,8,TRAIN,CC20,2439,2091
2025-06,WEEKDAY,8,TRAIN,EW33,9892,13145
2025-06,WEEKDAY,0,TRAIN,EW23,408,1978
2025-06,WEEKDAY,23,TRAIN,CC5,1080,1217
2025-06,WEEKENDS/HOLIDAY,21,TRAIN,DT23,1157,1382
2025-06,WEEKDAY,23,TRAIN,EW18,2496,7120
2025-06,WEEKDAY,15,TRAIN,DT27,6494,6402
2025-06,WEEKENDS/HOLIDAY,16,TRAIN,NE14,13039,14179
2025-06,WEEKENDS/HOLIDAY,0,TRAIN,EW20,44,234
2025-06,WEEKENDS/HOLIDAY,18,TRAIN,NE1/CC29,42869,28973
2025-06,WEEKENDS/HOLIDAY,23,TRAIN,DT17,1570,348
2025-06,WEEKENDS/HOLIDAY,8,TRAIN,BP5,829,597
2025-06,WEEKENDS/HOLIDAY,7,TRAIN,NS4/BP1,13951,8314
2025-06,WEEKENDS/HOLIDAY,23,TRAIN,EW27,2392,11853
2025-06,WEEKDAY,14,TRAIN,PE4,1312,1671
2025-06,WEEKENDS/HOLIDAY,17,TRAIN,NE18,6178,6742
2025-06,WEEKDAY,19,TRAIN,EW27,54009,116925
2025-06,WEEKDAY,15,TRAIN,NS14,22079,22479
2025-06,WEEKENDS/HOLIDAY,6,TRAIN,EW12/DT14,4130,4558
2025-06,WEEKDAY,23,TRAIN,NE10,2150,6152
2025-06,WEEKENDS/HOLIDAY,21,TRAIN,PW6,163,736
2025-06,WEEKENDS/HOLIDAY,0,TRAIN,NS8,461,1423
2025-06,WEEKDAY,8,TRAIN,DT23,7315,21718
2025-06,WEEKDAY,11,TRAIN,NS24/NE6/CC1,20588,37380
2025-06,WEEKENDS/HOLIDAY,10,TRAIN,TE5,3025,945
2025-06,WEEKDAY,11,TRAIN,PE3,6761,4186
2025-06,WEEKENDS/HOLIDAY,17,TRAIN,NS11,18788,20165
2025-06,WEEKENDS/HOLIDAY,20,TRAIN,EW15,9047,5255
2025-06,WEEKENDS/HOLIDAY,6,TRAIN,DT24,1438,628
2025-06,WEEKENDS/HOLIDAY,10,TRAIN,EW12/DT14,14067,34755
2025-06,WEEKENDS/HOLIDAY,22,TRAIN,NS20,5366,3554
2025-06,WEEKDAY,17,TRAIN,EW1,36812,47559
2025-06,WEEKENDS/HOLIDAY,16,TRAIN,NE12/CC13,30282,33559
2025-06,WEEKENDS/HOLIDAY,14,TRAIN,EW10,6258,7403
2025-06,WEEKENDS/HOLIDAY,10,TRAIN,PW6,1092,394
2025-06,WEEKENDS/HOLIDAY,10,TRAIN,DT18,1936,3701
2025-06,WEEKDAY,21,TRAIN,DT24,2601,7127
2025-06,WEEKENDS/HOLIDAY,13,TRAIN,CC19/DT9,4736,4566
2025-06,WEEKDAY,18,TRAIN,TE29,3843,10445
2025-06,WEEKENDS/HOLIDAY,23,TRAIN,TE24,238,481
2025-06,WEEKENDS/HOLIDAY,12,TRAIN,CC2,2654,2189
2025-06,WEEKENDS/HOLIDAY,12,TRAIN,CC14,3283,2401
2025-06,WEEKENDS/HOLIDAY,6,TRAIN,TE25,217,97
2025-06,WEEKDAY,6,TRAIN,PW1,53,987
2025-06,WEEKENDS/HOLIDAY,15,TRAIN,SW4,1229,1349
2025-06,WEEKDAY,21,TRAIN,NE17/PTC,33922,47192
2025-06,WEEKDAY,22,TRAIN,PW2,31,6
2025-06,WEEKENDS/HOLIDAY,9,TRAIN,CC17/TE9,2871,2081
2025-06,WEEKENDS/HOLIDAY,6,TRAIN,CC3,241,1446
2025-06,WEEKDAY,9,TRAIN,CC12,12520,3877
2025-06,WEEKDAY,0,TRAIN,DT29,56,701
2025-06,WEEKENDS/HOLIDAY,7,TRAIN,CC8,2326,1978
2025-06,WEEKENDS/HOLIDAY,20,TRAIN,SW7,497,1318
2025-06,WEEKENDS/HOLIDAY,11,TRAIN,TE25,1758,1175
2025-06,WEEKENDS/HOLIDAY,16,TRAIN,DT2,798,888
2025-06,WEEKENDS/HOLIDAY,23,TRAIN,DT28,503,3753
2025-06,WEEKENDS/HOLIDAY,5,TRAIN,TE5,192,3
2025-06,WEEKDAY,5,TRAIN,EW20,2385,784
2025-06,WEEKENDS/HOLIDAY,14,TRAIN,DT2,789,620
2025-06,WEEKDAY,9,TRAIN,NS24/NE6/CC1,13817,45343
2025-06,WEEKENDS/HOLIDAY,8,TRAIN,NE7/DT12,6315,11503
2025-06,WEEKENDS/HOLIDAY,15,TRAIN,BP2,1182,1063
2025-06,WEEKDAY,0,TRAIN,DT7,26,267
2025-06,WEEKENDS/HOLIDAY,5,TRAIN,CC6,12,4
2025-06,WEEKDAY,0,TRAIN,EW18,60,412
2025-06,WEEKENDS/HOLIDAY,6,TRAIN,NS21/DT11,6481,6728
2025-06,WEEKENDS/HOLIDAY,13,TRAIN,NE13,14613,10558
2025-06,WEEKDAY,10,TRAIN,DT6,5939,4693
2025-06,WEEKENDS/HOLIDAY,18,TRAIN,EW25,7323,9018
2025-06,WEEKENDS/HOLIDAY,13,TRAIN,NS17/CC15,13982,7250
2025-06,WEEKENDS/HOLIDAY,10,TRAIN,SW5,4055,2885
2025-06,WEEKENDS/HOLIDAY,13,TRAIN,PW1,1777,1994
2025-06,WEEKENDS/HOLIDAY,22,TRAIN,NS15,2136,5660
2025-06,WEEKDAY,20,TRAIN,CG1/DT35,25317,5007
2025-06,WEEKDAY,14,TRAIN,NE4/DT19,60993,52352
2025-06,WEEKENDS/HOLIDAY,6,TRAIN,DT22,2498,1722
2025-06,WEEKDAY,11,TRAIN,TE16,7223,4439
2025-06,WEEKENDS/HOLIDAY,11,TRAIN,NS16,20283,13998
2025-06,WEEKDAY,17,TRAIN,NS7,41232,40364
2025-06,WEEKENDS/HOLIDAY,10,TRAIN,NS14,17841,9669
2025-06,WEEKDAY,17,TRAIN,TE11,5961,6571
2025-06,WEEKENDS/HOLIDAY,13,TRAIN,NS23,16378,26699
2025-06,WEEKDAY,13,TRAIN,CC26,3790,5479
2025-06,WEEKENDS/HOLIDAY,13,TRAIN,CC21,5725,5871
2025-06,WEEKENDS/HOLIDAY,10,TRAIN,TE18,3141,7328
2025-06,WEEKENDS/HOLIDAY,7,TRAIN,PE1,1105,312
2025-06,WEEKENDS/HOLIDAY,5,TRAIN,TE11,21,7
2025-06,WEEKENDS/HOLIDAY,7,TRAIN,DT23,1204,836
2025-06,WEEKDAY,21,TRAIN,EW14/NS26,62019,9364
2025-06,WEEKDAY,8,TRAIN,TE28,12069,2777
2025-06,WEEKENDS/HOLIDAY,20,TRAIN,SE2,899,3044
2025-06,WEEKDAY,23,TRAIN,SW5,777,3691
2025-06,WEEKDAY,8,TRAIN,CC26,6378,28350
2025-06,WEEKDAY,0,TRAIN,BP11,0,1
2025-06,WEEKENDS/HOLIDAY,15,TRAIN,EW28,10597,8977
2025-06,WEEKENDS/HOLIDAY,16,TRAIN,NE8,22020,24355
2025-06,WEEKENDS/HOLIDAY,13,TRAIN,SW6,1683,1468
2025-06,WEEKDAY,0,TRAIN,TE12,44,78
2025-06,WEEKDAY,6,TRAIN,DT23,3374,3085
2025-06,WEEKENDS/HOLIDAY,11,TRAIN,NE16/STC,23304,16808
2025-06,WEEKDAY,13,TRAIN,EW23,41435,38650
2025-06,WEEKDAY,10,TRAIN,CC17/TE9,5494,3710
2025-06,WEEKDAY,0,TRAIN,SE5,43,383
2025-06,WEEKDAY,10,TRAIN,EW28,23795,11369
2025-06,WEEKENDS/HOLIDAY,21,TRAIN,NS5,6012,16870
2025-06,WEEKENDS/HOLIDAY,6,TRAIN,BP10,1063,289
2025-06,WEEKENDS/HOLIDAY,17,TRAIN,EW33,3787,3008
2025-06,WEEKDAY,7,TRAIN,DT3,17366,7934
2025-06,WEEKENDS/HOLIDAY,16,TRAIN,NS20,15736,13551
2025-06,WEEKDAY,6,TRAIN,SW3,3130,439
2025-06,WEEKENDS/HOLIDAY,7,TRAIN,BP5,551,455
2025-06,WEEKENDS/HOLIDAY,19,TRAIN,PE2,1574,3099
2025-06,WEEKDAY,9,TRAIN,EW5,49609,25071
2025-06,WEEKDAY,18,TRAIN,TE1,17512,7686
2025-06,WEEKENDS/HOLIDAY,15,TRAIN,CC8,3688,3327
2025-06,WEEKENDS/HOLIDAY,11,TRAIN,EW26,17475,6775
2025-06,WEEKENDS/HOLIDAY,5,TRAIN,NE5,64,9
2025-06,WEEKENDS/HOLIDAY,9,TRAIN,CC20,3005,2079
2025-06,WEEKDAY,11,TRAIN,TE18,8144,16372
2025-06,WEEKDAY,9,TRAIN,PW4,5838,3049
2025-06,WEEKENDS/HOLIDAY,16,TRAIN,NE13,10648,10597
2025-06,WEEKDAY,10,TRAIN,TE15,6754,9646
2025-06,WEEKENDS/HOLIDAY,13,TRAIN,PE6,3961,3437
2025-06,WEEKDAY,6,TRAIN,DT8,954,2344
2025-06,WEEKDAY,5,TRAIN,NS24/NE6/CC1,396,340
2025-06,WEEKDAY,19,TRAIN,TE29,2349,9356
2025-06,WEEKDAY,11,TRAIN,NE18,7974,9773
2025-06,WEEKDAY,12,TRAIN,NS11,32639,21679
2025-06,WEEKDAY,11,TRAIN,EW18,16595,11281
2025-06,WEEKDAY,12,TRAIN,CC17/TE9,7554,3789
2025-06,WEEKENDS/HOLIDAY,20,TRAIN,TE24,749,1763
2025-06,WEEKDAY,21,TRAIN,CC8,4828,8634
2025-06,WEEKDAY,16,TRAIN,EW31,7211,954
2025-06,WEEKDAY,13,TRAIN,EW29,8503,6878
2025-06,WEEKDAY,8,TRAIN,EW31,3358,21876
2025-06,WEEKDAY,20,TRAIN,DT2,1373,2816
2025-06,WEEKENDS/HOLIDAY,12,TRAIN,CC7,3176,2388
2025-06,WEEKENDS/HOLIDAY,11,TRAIN,NE9,12873,8169
2025-06,WEEKENDS/HOLIDAY,17,TRAIN,CC5,4645,2662
2025-06,WEEKDAY,20,TRAIN,NS2,20975,44039
2025-06,WEEKDAY,0,TRAIN,CC14,26,242
2025-06,WEEKDAY,6,TRAIN,NE15,25513,3966
2025-06,WEEKENDS/HOLIDAY,7,TRAIN,BP2,1393,260
2025-06,WEEKDAY,13,TRAIN,CE1/DT16,24011,38011
2025-06,WEEKDAY,13,TRAIN,DT13,14865,10984
2025-06,WEEKENDS/HOLIDAY,10,TRAIN,EW23,22327,16558
2025-06,WEEKENDS/HOLIDAY,8,TRAIN,NS25/EW13,3169,22623
2025-06,WEEKDAY,21,TRAIN,SW7,656,3513
2025-06,WEEKENDS/HOLIDAY,7,TRAIN,EW32,3327,5337
2025-06,WEEKENDS/HOLIDAY,23,TRAIN,TE1,266,1270
2025-06,WEEKENDS/HOLIDAY,17,TRAIN,EW18,8568,8054
2025-06,WEEKENDS/HOLIDAY,12,TRAIN,NE15,12580,8209
2025-06,WEEKENDS/HOLIDAY,17,TRAIN,TE22,3722,9819
2025-06,WEEKDAY,17,TRAIN,CC28,5566,6427
2025-06,WEEKDAY,16,TRAIN,TE1,15855,3332
2025-06,WEEKDAY,10,TRAIN,PE6,8470,5995
2025-06,WEEKDAY,23,TRAIN,BP4,59,243
2025-06,WEEKDAY,7,TRAIN,DT10,6965,5779
2025-06,WEEKDAY,7,TRAIN,PE3,13863,2673
2025-06,WEEKDAY,0,TRAIN,TE5,44,571
2025-06,WEEKDAY,9,TRAIN,TE14/NS22,22488,119876
2025-06,WEEKDAY,20,TRAIN,NS23,57596,23034
2025-06,WEEKENDS/HOLIDAY,18,TRAIN,PE7,1531,2038
2025-06,WEEKENDS/HOLIDAY,20,TRAIN,EW14/NS26,28074,8753
2025-06,WEEKENDS/HOLIDAY,11,TRAIN,EW19,8881,4932
2025-06,WEEKDAY,14,TRAIN,CG1/DT35,11299,11776
2025-06,WEEKDAY,7,TRAIN,SW5,20447,3218
2025-06,WEEKENDS/HOLIDAY,23,TRAIN,EW12/DT14,11272,5165
2025-06,WEEKDAY,15,TRAIN,NE10,12463,13903
2025-06,WEEKDAY,6,TRAIN,CC11,8309,23408
2025-06,WEEKDAY,0,TRAIN,PW4,73,502
2025-06,WEEKDAY,5,TRAIN,CC20,598,249
2025-06,WEEKDAY,8,TRAIN,CC25,12087,24322
2025-06,WEEKDAY,18,TRAIN,TE3,21431,32409
2025-06,WEEKDAY,19,TRAIN,EW21/CC22,53555,30275
2025-06,WEEKDAY,8,TRAIN,TE23,7241,2149
2025-06,WEEKENDS/HOLIDAY,16,TRAIN,NS9/TE2,27097,29942
2025-06,WEEKDAY,9,TRAIN,BP12,4208,1565
2025-06,WEEKENDS/HOLIDAY,5,TRAIN,TE1,212,22
2025-06,WEEKENDS/HOLIDAY,9,TRAIN,PW7,1837,878
2025-06,WEEKDAY,7,TRAIN,SW7,7066,1616
2025-06,WEEKENDS/HOLIDAY,9,TRAIN,EW31,1365,817
2025-06,WEEKENDS/HOLIDAY,13,TRAIN,EW31,1439,600
2025-06,WEEKENDS/HOLIDAY,21,TRAIN,EW20,2896,5638
2025-06,WEEKENDS/HOLIDAY,19,TRAIN,DT3,2108,3386
2025-06,WEEKDAY,18,TRAIN,BP3,4641,13909
2025-06,WEEKENDS/HOLIDAY,8,TRAIN,CC27,227,1627
2025-06,WEEKDAY,17,TRAIN,TE13,9592,4566
2025-06,WEEKENDS/HOLIDAY,10,TRAIN,DT28,5308,1870
2025-06,WEEKENDS/HOLIDAY,20,TRAIN,EW11,7337,8510
2025-06,WEEKDAY,14,TRAIN,NS28,2172,1943
2025-06,WEEKENDS/HOLIDAY,18,TRAIN,PW1,1409,1357
2025-06,WEEKDAY,11,TRAIN,DT30,7780,2795
2025-06,WEEKDAY,8,TRAIN,SW2,9256,3794
2025-06,WEEKENDS/HOLIDAY,11,TRAIN,NS25/EW13,22003,45221
2025-06,WEEKDAY,21,TRAIN,TE19,9720,1567
2025-06,WEEKDAY,14,TRAIN,CC2,3870,4538
2025-06,WEEKDAY,20,TRAIN,PE1,1582,6522
2025-06,WEEKENDS/HOLIDAY,17,TRAIN,NS25/EW13,58149,42881
2025-06,WEEKENDS/HOLIDAY,18,TRAIN,TE11,2060,1939
2025-06,WEEKENDS/HOLIDAY,22,TRAIN,DT6,577,1913
2025-06,WEEKDAY,10,TRAIN,NS12,19518,8259
2025-06,WEEKDAY,10,TRAIN,EW30,1294,1662
2025-06,WEEKENDS/HOLIDAY,16,TRAIN,NS13,21327,26135
2025-06,WEEKDAY,9,TRAIN,TE8,12157,11347
2025-06,WEEKDAY,16,TRAIN,DT20,6282,6448
2025-06,WEEKDAY,14,TRAIN,CC10/DT26,10809,11669
2025-06,WEEKENDS/HOLIDAY,21,TRAIN,TE15,5084,2851
2025-06,WEEKDAY,20,TRAIN,NS13,38017,79792
2025-06,WEEKENDS/HOLIDAY,20,TRAIN,EW10,5669,8150
2025-06,WEEKENDS/HOLIDAY,18,TRAIN,CC19/DT9,5312,3897
2025-06,WEEKDAY,7,TRAIN,EW7,33291,17801
2025-06,WEEKENDS/HOLIDAY,21,TRAIN,CC14,1024,2439
2025-06,WEEKDAY,20,TRAIN,PE2,1854,9719
2025-06,WEEKDAY,9,TRAIN,DT4,4264,840
2025-06,WEEKENDS/HOLIDAY,18,TRAIN,DT8,1620,2155
2025-06,WEEKENDS/HOLIDAY,22,TRAIN,NS5,4122,13700
2025-06,WEEKDAY,12,TRAIN,TE15,8932,12697
2025-06,WEEKDAY,5,TRAIN,NE15,5520,271
2025-06,WEEKDAY,14,TRAIN,NS7,15723,14058
2025-06,WEEKENDS/HOLIDAY,23,TRAIN,BP12,6,28
2025-06,WEEKENDS/HOLIDAY,19,TRAIN,EW3,6536,10714
2025-06,WEEKDAY,16,TRAIN,EW24/NS1,85970,61821
2025-06,WEEKENDS/HOLIDAY,0,TRAIN,TE13,26,55
2025-06,WEEKENDS/HOLIDAY,7,TRAIN,NE7/DT12,5876,6715
2025-06,WEEKDAY,11,TRAIN,PW4,4776,3356
2025-06,WEEKDAY,7,TRAIN,EW5,66754,33338
2025-06,WEEKENDS/HOLIDAY,7,TRAIN,EW21/CC22,3211,7009
2025-06,WEEKENDS/HOLIDAY,18,TRAIN,CC23,2209,2157
2025-06,WEEKDAY,0,TRAIN,EW7,149,1171
2025-06,WEEKENDS/HOLIDAY,10,TRAIN,BP2,1653,758
2025-06,WEEKENDS/HOLIDAY,18,TRAIN,EW21/CC22,9159,9695
2025-06,WEEKENDS/HOLIDAY,18,TRAIN,DT22,7759,10825
2025-06,WEEKENDS/HOLIDAY,19,TRAIN,BP3,1237,2429
2025-06,WEEKENDS/HOLIDAY,21,TRAIN,TE4,1635,2068
2025-06,WEEKDAY,14,TRAIN,EW22,7780,7731
2025-06,WEEKENDS/HOLIDAY,20,TRAIN,TE12,1061,1014
2025-06,WEEKENDS/HOLIDAY,7,TRAIN,TE5,1865,2092
2025-06,WEEKENDS/HOLIDAY,12,TRAIN,DT31,3972,3135
2025-06,WEEKENDS/HOLIDAY,15,TRAIN,PE1,1504,1485
2025-06,WEEKDAY,20,TRAIN,CC19/DT9,4866,4164
2025-06,WEEKDAY,5,TRAIN,CC7,1542,110
2025-06,WEEKDAY,7,TRAIN,EW17,47452,21364
2025-06,WEEKDAY,11,TRAIN,EW26,27706,10934
2025-06,WEEKENDS/HOLIDAY,7,TRAIN,DT24,2048,1039
2025-06,WEEKENDS/HOLIDAY,20,TRAIN,DT28,2456,7564
2025-06,WEEKDAY,16,TRAIN,NS7,20944,24845
2025-06,WEEKDAY,6,TRAIN,NE1/CC29,5497,29427
2025-06,WEEKENDS/HOLIDAY,0,TRAIN,PW3,5,95
2025-06,WEEKDAY,9,TRAIN,NS28,1979,3106
2025-06,WEEKENDS/HOLIDAY,18,TRAIN,CC8,4826,4394
2025-06,WEEKENDS/HOLIDAY,21,TRAIN,EW8/CC9,24657,13355
2025-06,WEEKDAY,6,TRAIN,TE28,2300,619
2025-06,WEEKENDS/HOLIDAY,12,TRAIN,CC12,3746,2250
2025-06,WEEKENDS/HOLIDAY,16,TRAIN,DT6,2783,2413
2025-06,WEEKENDS/HOLIDAY,17,TRAIN,PE7,1755,1834
2025-06,WEEKDAY,8,TRAIN,SW5,18142,4612
2025-06,WEEKDAY,23,TRAIN,TE16,2061,3410
2025-06,WEEKENDS/HOLIDAY,0,TRAIN,TE1,10,307
2025-06,WEEKDAY,10,TRAIN,TE3,10234,5287
2025-06,WEEKDAY,22,TRAIN,CC14,2845,4908
2025-06,WEEKENDS/HOLIDAY,9,TRAIN,EW6,6789,3369
2025-06,WEEKDAY,19,TRAIN,SE3,1599,8697
2025-06,WEEKDAY,8,TRAIN,TE29,13802,1678
2025-06,WEEKENDS/HOLIDAY,20,TRAIN,DT33,3040,9574
2025-06,WEEKDAY,8,TRAIN,EW16/NE3/TE17,36428,129668
2025-06,WEEKENDS/HOLIDAY,5,TRAIN,PE6,442,49
2025-06,WEEKDAY,7,TRAIN,PW5,9041,2302
2025-06,WEEKDAY,6,TRAIN,NS8,44137,8808
2025-06,WEEKDAY,16,TRAIN,BP13,1034,1160
2025-06,WEEKDAY,8,TRAIN,NS2,71271,41247
2025-06,WEEKDAY,5,TRAIN,BP6/DT1,12702,9483
2025-06,WEEKENDS/HOLIDAY,8,TRAIN,PE4,633,371
2025-06,WEEKDAY,11,TRAIN,NE16/STC,43017,32753
2025-06,WEEKDAY,16,TRAIN,CC21,10477,11454
2025-06,WEEKDAY,15,TRAIN,BP11,2400,2690
2025-06,WEEKDAY,6,TRAIN,TE23,706,837
2025-06,WEEKENDS/HOLIDAY,17,TRAIN,TE18,6866,5800
2025-06,WEEKENDS/HOLIDAY,18,TRAIN,BP3,1710,2366
2025-06,WEEKENDS/HOLIDAY,21,TRAIN,TE12,1140,756
2025-06,WEEKDAY,9,TRAIN,CC25,9134,12600
2025-06,WEEKENDS/HOLIDAY,19,TRAIN,TE25,1224,1911
2025-06,WEEKDAY,7,TRAIN,NS21/DT11,59594,66968
2025-06,WEEKENDS/HOLIDAY,18,TRAIN,NS5,11933,16618
2025-06,WEEKENDS/HOLIDAY,19,TRAIN,DT29,2346,3786
2025-06,WEEKDAY,20,TRAIN,SW2,4248,5740
2025-06,WEEKDAY,6,TRAIN,NS13,73036,18035
2025-06,WEEKDAY,20,TRAIN,EW24/NS1,117258,48895
2025-06,WEEKDAY,5,TRAIN,PW1,36,78
2025-06,WEEKENDS/HOLIDAY,5,TRAIN,PW3,115,11
2025-06,WEEKDAY,18,TRAIN,DT25,12917,11654
2025-06,WEEKDAY,20,TRAIN,EW17,20736,33982
2025-06,WEEKDAY,22,TRAIN,EW21/CC22,17423,9985
2025-06,WEEKDAY,10,TRAIN,BP12,3020,1334
2025-06,WEEKENDS/HOLIDAY,9,TRAIN,NE13,12946,10690
2025-06,WEEKENDS/HOLIDAY,20,TRAIN,CG2,13481,9032
2025-06,WEEKDAY,5,TRAIN,SE4,1480,112
2025-06,WEEKDAY,22,TRAIN,NS7,19208,35862
2025-06,WEEKDAY,12,TRAIN,BP13,1545,949
2025-06,WEEKDAY,6,TRAIN,NS20,4725,33769
2025-06,WEEKDAY,19,TRAIN,DT17,62908,7875
2025-06,WEEKDAY,10,TRAIN,EW27,32726,27411
2025-06,WEEKDAY,23,TRAIN,TE12,731,540
2025-06,WEEKENDS/HOLIDAY,17,TRAIN,DT13,7297,6155
2025-06,WEEKENDS/HOLIDAY,19,TRAIN,PW7,1173,1762
2025-06,WEEKENDS/HOLIDAY,8,TRAIN,CC17/TE9,2589,2393
2025-06,WEEKENDS/HOLIDAY,10,TRAIN,TE1,2100,755
2025-06,WEEKENDS/HOLIDAY,18,TRAIN,DT3,3210,3677
2025-06,WEEKENDS/HOLIDAY,0,TRAIN,TE8,101,238
2025-06,WEEKENDS/HOLIDAY,0,TRAIN,SW4,33,217
2025-06,WEEKDAY,19,TRAIN,NS19,44522,64771
2025-06,WEEKDAY,7,TRAIN,EW31,4304,36974
2025-06,WEEKDAY,17,TRAIN,PW1,4142,3818
2025-06,WEEKDAY,12,TRAIN,CC10/DT26,16451,10942
2025-06,WEEKDAY,0,TRAIN,SW5,94,1091
2025-06,WEEKDAY,18,TRAIN,TE26,19079,24991
2025-06,WEEKDAY,13,TRAIN,SW4,2644,2815
2025-06,WEEKENDS/HOLIDAY,7,TRAIN,CC14,1588,1169
2025-06,WEEKENDS/HOLIDAY,0,TRAIN,NS13,735,4358
2025-06,WEEKENDS/HOLIDAY,21,TRAIN,EW25,3691,6025
2025-06,WEEKDAY,5,TRAIN,NS8,14243,2275
2025-06,WEEKENDS/HOLIDAY,0,TRAIN,DT17,77,41
2025-06,WEEKENDS/HOLIDAY,0,TRAIN,DT18,94,80
2025-06,WEEKDAY,14,TRAIN,TE23,1807,2216
2025-06,WEEKDAY,12,TRAIN,TE27,6252,4216
2025-06,WEEKENDS/HOLIDAY,20,TRAIN,TE7,1145,2647
2025-06,WEEKDAY,23,TRAIN,TE22,1507,194
2025-06,WEEKENDS/HOLIDAY,20,TRAIN,SW5,2728,3682
2025-06,WEEKENDS/HOLIDAY,8,TRAIN,NS18,7359,3008
2025-06,WEEKENDS/HOLIDAY,7,TRAIN,TE25,655,461
2025-06,WEEKENDS/HOLIDAY,21,TRAIN,NS19,8344,19089
2025-06,WEEKENDS/HOLIDAY,20,TRAIN,DT18,3350,2993
2025-06,WEEKDAY,0,TRAIN,NS19,491,2187
2025-06,WEEKENDS/HOLIDAY,5,TRAIN,DT34,163,5
2025-06,WEEKDAY,0,TRAIN,TE7,42,536
2025-06,WEEKDAY,17,TRAIN,DT7,8660,6897
2025-06,WEEKENDS/HOLIDAY,12,TRAIN,DT22,4855,6948
2025-06,WEEKENDS/HOLIDAY,17,TRAIN,EW15,12070,10174
2025-06,WEEKDAY,0,TRAIN,DT18,344,171
2025-06,WEEKDAY,15,TRAIN,TE28,2364,3642
2025-06,WEEKDAY,6,TRAIN,CC20,3279,2450
2025-06,WEEKENDS/HOLIDAY,9,TRAIN,NS9/TE2,23924,19843
2025-06,WEEKDAY,21,TRAIN,EW15,51029,9578
2025-06,WEEKENDS/HOLIDAY,21,TRAIN,CC23,2544,653
2025-06,WEEKDAY,22,TRAIN,NE4/DT19,41491,16608
2025-06,WEEKDAY,13,TRAIN,BP3,3362,3004
2025-06,WEEKENDS/HOLIDAY,17,TRAIN,NE1/CC29,42090,32681
2025-06,WEEKDAY,14,TRAIN,NE12/CC13,50664,49394
2025-06,WEEKDAY,23,TRAIN,NS24/NE6/CC1,11473,3897
2025-06,WEEKENDS/HOLIDAY,17,TRAIN,CC7,3763,3893
2025-06,WEEKENDS/HOLIDAY,5,TRAIN,CC20,99,35
2025-06,WEEKDAY,14,TRAIN,NS16,32622,33934
2025-06,WEEKDAY,22,TRAIN,CE1/DT16,74847,17078
2025-06,WEEKDAY,15,TRAIN,EW21/CC22,23944,13750
2025-06,WEEKDAY,19,TRAIN,DT27,15540,15599
2025-06,WEEKENDS/HOLIDAY,16,TRAIN,PE4,822,829
2025-06,WEEKDAY,11,TRAIN,DT27,7513,5727
2025-06,WEEKDAY,11,TRAIN,CC16,6290,3699
2025-06,WEEKDAY,11,TRAIN,SE1,4520,2336
2025-06,WEEKENDS/HOLIDAY,23,TRAIN,TE11,391,1066
2025-06,WEEKENDS/HOLIDAY,17,TRAIN,NE17/PTC,24380,26595
2025-06,WEEKDAY,17,TRAIN,NS20,128981,33841
2025-06,WEEKENDS/HOLIDAY,16,TRAIN,DT25,2029,1599
2025-06,WEEKENDS/HOLIDAY,19,TRAIN,DT31,2837,5087
2025-06,WEEKDAY,7,TRAIN,CC3,758,7238
2025-06,WEEKDAY,20,TRAIN,DT23,4544,3954
2025-06,WEEKDAY,11,TRAIN,EW20,11764,7905
2025-06,WEEKDAY,12,TRAIN,TE28,3634,3274
2025-06,WEEKENDS/HOLIDAY,5,TRAIN,EW7,539,112
2025-06,WEEKDAY,23,TRAIN,SW4,254,1891
2025-06,WEEKDAY,14,TRAIN,TE24,2225,2714
2025-06,WEEKDAY,23,TRAIN,NE4/DT19,17343,7603
2025-06,WEEKENDS/HOLIDAY,15,TRAIN,NS4/BP1,16284,17645
2025-06,WEEKDAY,12,TRAIN,SW8,3337,2408
2025-06,WEEKENDS/HOLIDAY,12,TRAIN,CC21,4872,5896
2025-06,WEEKDAY,5,TRAIN,CC21,1168,216
2025-06,WEEKDAY,0,TRAIN,EW2/DT32,645,4988
2025-06,WEEKDAY,23,TRAIN,DT3,427,3436
2025-06,WEEKENDS/HOLIDAY,12,TRAIN,CE1/DT16,11724,27360
2025-06,WEEKDAY,6,TRAIN,PE2,6525,890
2025-06,WEEKDAY,5,TRAIN,DT10,99,64
2025-06,WEEKENDS/HOLIDAY,21,TRAIN,DT20,2467,2908
2025-06,WEEKDAY,19,TRAIN,SE4,2786,8537
2025-06,WEEKDAY,10,TRAIN,NS16,40945,29037
2025-06,WEEKDAY,6,TRAIN,BP11,9459,719
2025-06,WEEKENDS/HOLIDAY,10,TRAIN,EW27,20244,14249
2025-06,WEEKENDS/HOLIDAY,23,TRAIN,NS25/EW13,13401,1414
2025-06,WEEKENDS/HOLIDAY,8,TRAIN,BP3,2438,748
2025-06,WEEKENDS/HOLIDAY,17,TRAIN,EW1,14998,16881
2025-06,WEEKENDS/HOLIDAY,18,TRAIN,TE23,1858,1690
2025-06,WEEKENDS/HOLIDAY,18,TRAIN,CG1/DT35,11498,9120
2025-06,WEEKENDS/HOLIDAY,21,TRAIN,DT18,3662,2608
2025-06,WEEKDAY,22,TRAIN,SW1,1130,1196
2025-06,WEEKDAY,11,TRAIN,TE4,3827,3526
2025-06,WEEKDAY,6,TRAIN,NS23,3209,10433
2025-06,WEEKDAY,7,TRAIN,DT20,5567,10931
2025-06,WEEKDAY,10,TRAIN,EW15,14360,66820
2025-06,WEEKENDS/HOLIDAY,12,TRAIN,NE16/STC,24091,19469
2025-06,WEEKDAY,17,TRAIN,SE4,4047,5763
2025-06,WEEKENDS/HOLIDAY,21,TRAIN,EW27,15435,26134
2025-06,WEEKDAY,0,TRAIN,EW15,152,238
2025-06,WEEKDAY,13,TRAIN,DT2,2051,1788
2025-06,WEEKENDS/HOLIDAY,0,TRAIN,DT22,243,229
2025-06,WEEKDAY,5,TRAIN,CC16,1034,237
2025-06,WEEKDAY,16,TRAIN,NS10,31136,36905
2025-06,WEEKENDS/HOLIDAY,19,TRAIN,EW18,6105,8002
2025-06,WEEKENDS/HOLIDAY,0,TRAIN,EW24/NS1,469,2029
2025-06,WEEKENDS/HOLIDAY,10,TRAIN,NS8,9913,5286
2025-06,WEEKENDS/HOLIDAY,13,TRAIN,BP10,1351,1477
2025-06,WEEKENDS/HOLIDAY,11,TRAIN,TE5,2740,1197
2025-06,WEEKENDS/HOLIDAY,23,TRAIN,TE23,783,391
2025-06,WEEKDAY,22,TRAIN,DT5,6166,13058
2025-06,WEEKENDS/HOLIDAY,11,TRAIN,EW22,2688,1632
2025-06,WEEKDAY,15,TRAIN,EW32,3076,1363
2025-06,WEEKENDS/HOLIDAY,20,TRAIN,CC17/TE9,1162,2459
2025-06,WEEKDAY,12,TRAIN,CC25,5465,3743
2025-06,WEEKDAY,7,TRAIN,EW6,23191,12140
2025-06,WEEKENDS/HOLIDAY,11,TRAIN,EW33,2635,1270
2025-06,WEEKENDS/HOLIDAY,11,TRAIN,NS11,20162,10940
2025-06,WEEKDAY,17,TRAIN,PE2,5398,8062
2025-06,WEEKENDS/HOLIDAY,14,TRAIN,TE16,3341,3244
2025-06,WEEKDAY,10,TRAIN,CC12,5733,2476
2025-06,WEEKDAY,22,TRAIN,TE19,5897,1210
2025-06,WEEKENDS/HOLIDAY,12,TRAIN,DT30,4422,2372
2025-06,WEEKDAY,16,TRAIN,EW7,12743,15900
2025-06,WEEKENDS/HOLIDAY,14,TRAIN,NS7,12904,8821
2025-06,WEEKENDS/HOLIDAY,16,TRAIN,SE4,1398,1521
2025-06,WEEKENDS/HOLIDAY,17,TRAIN,EW11,11650,10034
2025-06,WEEKENDS/HOLIDAY,15,TRAIN,CC3,7256,8803
2025-06,WEEKENDS/HOLIDAY,19,TRAIN,PW4,2361,2862
2025-06,WEEKDAY,22,TRAIN,NE13,8399,22060
2025-06,WEEKDAY,18,TRAIN,NE16/STC,65261,148573
2025-06,WEEKDAY,13,TRAIN,EW30,1236,1468
2025-06,WEEKENDS/HOLIDAY,5,TRAIN,SW5,861,45
2025-06,WEEKENDS/HOLIDAY,13,TRAIN,TE1,1927,1077
2025-06,WEEKENDS/HOLIDAY,16,TRAIN,CC24,5965,3410
2025-06,WEEKENDS/HOLIDAY,23,TRAIN,NE12/CC13,4115,11884
2025-06,WEEKENDS/HOLIDAY,7,TRAIN,CC26,2147,2335
2025-06,WEEKDAY,10,TRAIN,BP8,1396,1461
2025-06,WEEKENDS/HOLIDAY,15,TRAIN,DT18,3526,2575
2025-06,WEEKDAY,23,TRAIN,CC25,786,1627
2025-06,WEEKENDS/HOLIDAY,5,TRAIN,SW1,40,35
2025-06,WEEKDAY,23,TRAIN,PW4,584,2046
2025-06,WEEKENDS/HOLIDAY,6,TRAIN,TE3,2250,2396
2025-06,WEEKDAY,12,TRAIN,NS21/DT11,57568,48309
2025-06,WEEKDAY,18,TRAIN,CC20,9918,13839
2025-06,WEEKENDS/HOLIDAY,19,TRAIN,BP6/DT1,13952,22802
2025-06,WEEKDAY,9,TRAIN,DT24,10144,7061
2025-06,WEEKDAY,21,TRAIN,EW31,2864,1752
2025-06,WEEKENDS/HOLIDAY,15,TRAIN,CC12,2537,2433
2025-06,WEEKENDS/HOLIDAY,12,TRAIN,TE7,3558,2485
2025-06,WEEKENDS/HOLIDAY,17,TRAIN,DT18,2826,3604
2025-06,WEEKENDS/HOLIDAY,9,TRAIN,BP10,1795,1079
2025-06,WEEKDAY,17,TRAIN,DT30,7695,15946
2025-06,WEEKDAY,20,TRAIN,EW12/DT14,87878,41890
2025-06,WEEKENDS/HOLIDAY,22,TRAIN,CC8,1652,2894
2025-06,WEEKDAY,23,TRAIN,TE7,523,2613
2025-06,WEEKDAY,23,TRAIN,PE6,519,2287
2025-06,WEEKDAY,16,TRAIN,CC23,24613,5037
2025-06,WEEKENDS/HOLIDAY,5,TRAIN,EW21/CC22,408,105
2025-06,WEEKENDS/HOLIDAY,14,TRAIN,NS8,7390,5846
2025-06,WEEKDAY,8,TRAIN,BP3,15154,2323
2025-06,WEEKDAY,19,TRAIN,EW1,23036,79030
2025-06,WEEKENDS/HOLIDAY,22,TRAIN,CC10/DT26,2723,7151
2025-06,WEEKDAY,19,TRAIN,PE1,2894,8921
2025-06,WEEKENDS/HOLIDAY,23,TRAIN,EW23,3343,8460
2025-06,WEEKDAY,5,TRAIN,CC19/DT9,242,436
2025-06,WEEKENDS/HOLIDAY,18,TRAIN,EW1,13393,17616
2025-06,WEEKENDS/HOLIDAY,12,TRAIN,EW11,8620,9454
2025-06,WEEKENDS/HOLIDAY,9,TRAIN,NS14,20751,9538
2025-06,WEEKENDS/HOLIDAY,5,TRAIN,TE3,757,56
2025-06,WEEKENDS/HOLIDAY,10,TRAIN,BP13,838,411
2025-06,WEEKDAY,19,TRAIN,EW29,37515,14627
2025-06,WEEKENDS/HOLIDAY,22,TRAIN,DT5,2231,6260
2025-06,WEEKENDS/HOLIDAY,20,TRAIN,EW30,1303,1591
2025-06,WEEKENDS/HOLIDAY,14,TRAIN,DT10,1705,1151
2025-06,WEEKENDS/HOLIDAY,16,TRAIN,EW14/NS26,13053,18473
2025-06,WEEKDAY,16,TRAIN,SE5,2297,2571
2025-06,WEEKDAY,19,TRAIN,EW26,26020,77257
2025-06,WEEKENDS/HOLIDAY,10,TRAIN,EW6,6742,4124
2025-06,WEEKENDS/HOLIDAY,8,TRAIN,DT7,1538,1549
2025-06,WEEKDAY,8,TRAIN,EW9,49053,37677
2025-06,WEEKENDS/HOLIDAY,21,TRAIN,NS23,25690,7148
2025-06,WEEKENDS/HOLIDAY,6,TRAIN,CC7,1188,698
2025-06,WEEKDAY,19,TRAIN,NE14,26046,74815
2025-06,WEEKENDS/HOLIDAY,14,TRAIN,EW26,12680,10582
2025-06,WEEKDAY,11,TRAIN,PE6,9015,6466
2025-06,WEEKENDS/HOLIDAY,23,TRAIN,DT20,1526,911
2025-06,WEEKDAY,17,TRAIN,CC11,84737,15590
2025-06,WEEKENDS/HOLIDAY,20,TRAIN,SE3,498,1923
2025-06,WEEKDAY,16,TRAIN,CC2,5849,3135
2025-06,WEEKENDS/HOLIDAY,10,TRAIN,SE3,1886,523
2025-06,WEEKDAY,11,TRAIN,NE11,12173,11891
2025-06,WEEKENDS/HOLIDAY,5,TRAIN,NS25/EW13,137,119
2025-06,WEEKENDS/HOLIDAY,11,TRAIN,DT3,4708,1868
2025-06,WEEKDAY,15,TRAIN,CC20,4046,4704
2025-06,WEEKENDS/HOLIDAY,8,TRAIN,EW25,5415,3460
2025-06,WEEKDAY,6,TRAIN,DT21,1040,2244
2025-06,WEEKENDS/HOLIDAY,16,TRAIN,NS28,5213,3241
2025-06,WEEKDAY,12,TRAIN,NE17/PTC,41844,39738
2025-06,WEEKENDS/HOLIDAY,14,TRAIN,NE1/CC29,25147,35591
2025-06,WEEKDAY,0,TRAIN,NS28,3,33
2025-06,WEEKENDS/HOLIDAY,8,TRAIN,EW3,7565,3594
2025-06,WEEKENDS/HOLIDAY,7,TRAIN,BP10,1374,516
2025-06,WEEKENDS/HOLIDAY,19,TRAIN,TE1,1787,2889
2025-06,WEEKDAY,18,TRAIN,DT20,17318,16392
2025-06,WEEKENDS/HOLIDAY,9,TRAIN,TE15,3057,4689
2025-06,WEEKENDS/HOLIDAY,9,TRAIN,TE4,2190,2312
2025-06,WEEKENDS/HOLIDAY,5,TRAIN,DT21,9,0
2025-06,WEEKDAY,8,TRAIN,NS16,108102,59237
2025-06,WEEKENDS/HOLIDAY,18,TRAIN,BP10,1273,1770
2025-06,WEEKENDS/HOLIDAY,10,TRAIN,EW22,2706,2017
2025-06,WEEKDAY,19,TRAIN,EW28,26440,57024
2025-06,WEEKENDS/HOLIDAY,17,TRAIN,DT10,2025,1416
2025-06,WEEKDAY,19,TRAIN,EW17,29404,53195
2025-06,WEEKDAY,20,TRAIN,PE3,3004,9466
2025-06,WEEKDAY,12,TRAIN,TE25,2835,2610
2025-06,WEEKENDS/HOLIDAY,17,TRAIN,PE4,1092,1018
2025-06,WEEKENDS/HOLIDAY,0,TRAIN,CC10/DT26,55,553
2025-06,WEEKDAY,11,TRAIN,DT5,13420,9852
2025-06,WEEKENDS/HOLIDAY,20,TRAIN,NS19,10299,18346
2025-06,WEEKENDS/HOLIDAY,7,TRAIN,NS5,12651,4166
2025-06,WEEKENDS/HOLIDAY,19,TRAIN,EW28,9846,14187
2025-06,WEEKENDS/HOLIDAY,17,TRAIN,BP13,541,447
2025-06,WEEKENDS/HOLIDAY,22,TRAIN,NS12,2542,8755
2025-06,WEEKENDS/HOLIDAY,0,TRAIN,NS17/CC15,406,1130
2025-06,WEEKENDS/HOLIDAY,15,TRAIN,CG2,18048,15277
2025-06,WEEKENDS/HOLIDAY,16,TRAIN,NE4/DT19,34833,29443
2025-06,WEEKENDS/HOLIDAY,0,TRAIN,SE1,38,285
2025-06,WEEKDAY,7,TRAIN,EW32,6639,34825
2025-06,WEEKENDS/HOLIDAY,23,TRAIN,BP2,3,38
2025-06,WEEKENDS/HOLIDAY,22,TRAIN,NE11,3058,4234
2025-06,WEEKDAY,19,TRAIN,BP5,2326,3607
2025-06,WEEKDAY,21,TRAIN,EW5,19831,41119
2025-06,WEEKDAY,15,TRAIN,EW18,13151,13675
2025-06,WEEKDAY,14,TRAIN,NS13,38447,40017
2025-06,WEEKENDS/HOLIDAY,5,TRAIN,EW33,913,96
2025-06,WEEKENDS/HOLIDAY,9,TRAIN,EW32,2595,828
2025-06,WEEKDAY,19,TRAIN,NE18,13933,16082
2025-06,WEEKDAY,0,TRAIN,CC24,43,48
2025-06,WEEKENDS/HOLIDAY,0,TRAIN,EW5,159,1330
2025-06,WEEKDAY,12,TRAIN,TE22,2550,4978
2025-06,WEEKENDS/HOLIDAY,15,TRAIN,CC19/DT9,4266,4495
2025-06,WEEKDAY,20,TRAIN,EW2/DT32,51324,69601
2025-06,WEEKDAY,15,TRAIN,SW1,3554,2670
2025-06,WEEKDAY,21,TRAIN,CC24,17046,3214
2025-06,WEEKENDS/HOLIDAY,13,TRAIN,DT31,3760,3226
2025-06,WEEKENDS/HOLIDAY,0,TRAIN,TE5,18,278
2025-06,WEEKENDS/HOLIDAY,14,TRAIN,DT33,6461,5572
2025-06,WEEKENDS/HOLIDAY,18,TRAIN,TE26,8736,7102
2025-06,WEEKDAY,23,TRAIN,NE13,2932,10894
2025-06,WEEKDAY,5,TRAIN,DT29,2076,91
2025-06,WEEKDAY,10,TRAIN,CC2,1951,6271
2025-06,WEEKENDS/HOLIDAY,15,TRAIN,DT34,1659,1702
2025-06,WEEKENDS/HOLIDAY,10,TRAIN,TE29,2129,850
2025-06,WEEKENDS/HOLIDAY,14,TRAIN,DT27,3634,3383
2025-06,WEEKENDS/HOLIDAY,0,TRAIN,EW33,0,343
2025-06,WEEKENDS/HOLIDAY,5,TRAIN,SW2,226,59
2025-06,WEEKDAY,9,TRAIN,NS2,35591,20931
2025-06,WEEKENDS/HOLIDAY,8,TRAIN,PE1,1648,599
2025-06,WEEKENDS/HOLIDAY,11,TRAIN,DT34,2158,995
2025-06,WEEKENDS/HOLIDAY,23,TRAIN,NS23,7073,1755
2025-06,WEEKDAY,0,TRAIN,CE1/DT16,1179,547
2025-06,WEEKDAY,6,TRAIN,TE29,2142,482
2025-06,WEEKENDS/HOLIDAY,0,TRAIN,NS4/BP1,485,2178
2025-06,WEEKENDS/HOLIDAY,0,TRAIN,EW8/CC9,231,755
2025-06,WEEKDAY,20,TRAIN,EW5,26516,43148
2025-06,WEEKENDS/HOLIDAY,9,TRAIN,DT17,953,2507
2025-06,WEEKDAY,21,TRAIN,SW8,640,2524
2025-06,WEEKDAY,9,TRAIN,TE16,10760,8786
2025-06,WEEKDAY,9,TRAIN,NE7/DT12,19262,40014
2025-06,WEEKDAY,5,TRAIN,NS19,6130,2837
2025-06,WEEKDAY,15,TRAIN,DT20,4523,5070
2025-06,WEEKDAY,10,TRAIN,SW4,3348,1331
2025-06,WEEKDAY,8,TRAIN,SW6,11805,2887
2025-06,WEEKDAY,21,TRAIN,TE22,8913,1216
2025-06,WEEKDAY,11,TRAIN,SW8,2904,1084
2025-06,WEEKDAY,10,TRAIN,PW7,3153,1975
2025-06,WEEKDAY,21,TRAIN,CC27,5661,715
2025-06,WEEKDAY,18,TRAIN,NE14,40598,94628
2025-06,WEEKDAY,13,TRAIN,EW11,16100,18606
2025-06,WEEKDAY,11,TRAIN,NS27/CE2/TE20,4710,4701
2025-06,WEEKENDS/HOLIDAY,0,TRAIN,NS20,79,159
2025-06,WEEKDAY,0,TRAIN,NS25/EW13,508,150
2025-06,WEEKENDS/HOLIDAY,14,TRAIN,CC10/DT26,6538,6291
2025-06,WEEKENDS/HOLIDAY,21,TRAIN,EW10,4601,8004
2025-06,WEEKDAY,23,TRAIN,NS8,4271,9365
2025-06,WEEKDAY,13,TRAIN,NS25/EW13,62803,52140
2025-06,WEEKENDS/HOLIDAY,7,TRAIN,NS12,7360,3208
2025-06,WEEKENDS/HOLIDAY,22,TRAIN,NS7,17165,15869
2025-06,WEEKENDS/HOLIDAY,21,TRAIN,DT10,726,1323
2025-06,WEEKDAY,22,TRAIN,TE7,1333,5487
2025-06,WEEKDAY,16,TRAIN,BP4,4238,2080
2025-06,WEEKENDS/HOLIDAY,5,TRAIN,CC23,42,15
2025-06,WEEKDAY,16,TRAIN,SE1,3393,3874
2025-06,WEEKDAY,18,TRAIN,NE5,53963,26647
2025-06,WEEKENDS/HOLIDAY,21,TRAIN,EW7,2828,9450
2025-06,WEEKDAY,5,TRAIN,SE3,1673,19
2025-06,WEEKENDS/HOLIDAY,17,TRAIN,CC28,1969,1990
2025-06,WEEKENDS/HOLIDAY,16,TRAIN,EW33,2931,2210
2025-06,WEEKENDS/HOLIDAY,0,TRAIN,CC12,4,193
2025-06,WEEKDAY,20,TRAIN,SW5,5481,10616
2025-06,WEEKDAY,14,TRAIN,PW5,1737,1938
2025-06,WEEKENDS/HOLIDAY,8,TRAIN,EW9,9770,10252
2025-06,WEEKDAY,10,TRAIN,CC20,4814,3070
2025-06,WEEKENDS/HOLIDAY,13,TRAIN,NS14,13822,11347
2025-06,WEEKDAY,21,TRAIN,NS15,15354,15012
2025-06,WEEKENDS/HOLIDAY,15,TRAIN,TE11,1596,1745
2025-06,WEEKDAY,19,TRAIN,DT23,10133,7066
2025-06,WEEKDAY,20,TRAIN,CC20,3140,5905
2025-06,WEEKENDS/HOLIDAY,15,TRAIN,EW6,4433,5064
2025-06,WEEKENDS/HOLIDAY,9,TRAIN,CC11,2542,8041
2025-06,WEEKDAY,20,TRAIN,EW26,18040,51913
2025-06,WEEKENDS/HOLIDAY,23,TRAIN,EW33,166,1187
2025-06,WEEKENDS/HOLIDAY,15,TRAIN,DT7,1255,1627
2025-06,WEEKENDS/HOLIDAY,22,TRAIN,EW25,2181,5375
2025-06,WEEKDAY,15,TRAIN,BP13,953,1145
2025-06,WEEKDAY,22,TRAIN,NE14,7263,40939
2025-06,WEEKDAY,23,TRAIN,NS14,7057,22121
2025-06,WEEKENDS/HOLIDAY,0,TRAIN,TE28,4,221
2025-06,WEEKDAY,15,TRAIN,TE5,2716,3610
2025-06,WEEKDAY,14,TRAIN,TE1,5339,3536
2025-06,WEEKENDS/HOLIDAY,9,TRAIN,EW18,8004,6958
2025-06,WEEKENDS/HOLIDAY,14,TRAIN,TE5,1903,1882
2025-06,WEEKDAY,8,TRAIN,DT7,8603,12936
2025-06,WEEKENDS/HOLIDAY,5,TRAIN,NE1/CC29,699,20
2025-06,WEEKDAY,23,TRAIN,CC19/DT9,1058,1288
2025-06,WEEKDAY,11,TRAIN,NE12/CC13,47145,45348
2025-06,WEEKENDS/HOLIDAY,8,TRAIN,EW27,17098,12056
2025-06,WEEKENDS/HOLIDAY,18,TRAIN,EW6,5518,7587
2025-06,WEEKDAY,14,TRAIN,PW7,2304,2724
2025-06,WEEKENDS/HOLIDAY,18,TRAIN,NE18,5713,6635
2025-06,WEEKENDS/HOLIDAY,23,TRAIN,NS27/CE2/TE20,665,388
2025-06,WEEKENDS/HOLIDAY,12,TRAIN,DT24,2254,1635
2025-06,WEEKENDS/HOLIDAY,17,TRAIN,CC19/DT9,5395,4688
2025-06,WEEKENDS/HOLIDAY,13,TRAIN,EW32,2692,1245
2025-06,WEEKENDS/HOLIDAY,8,TRAIN,EW20,4760,5380
2025-06,WEEKDAY,13,TRAIN,DT31,6703,6498
2025-06,WEEKENDS/HOLIDAY,8,TRAIN,DT6,2370,2052
2025-06,WEEKDAY,12,TRAIN,CC2,4522,5200
2025-06,WEEKDAY,23,TRAIN,NE18,1516,2129
2025-06,WEEKENDS/HOLIDAY,15,TRAIN,CC6,7530,7644
2025-06,WEEKDAY,20,TRAIN,DT24,3629,7298
2025-06,WEEKDAY,11,TRAIN,TE3,10600,6612
2025-06,WEEKDAY,7,TRAIN,EW21/CC22,21264,51218
2025-06,WEEKDAY,13,TRAIN,TE11,3311,2988
2025-06,WEEKDAY,8,TRAIN,SE5,6625,1962
2025-06,WEEKDAY,9,TRAIN,CE1/DT16,7660,38611
2025-06,WEEKDAY,14,TRAIN,EW7,11305,12839
2025-06,WEEKDAY,22,TRAIN,TE6,3062,16703
2025-06,WEEKDAY,6,TRAIN,DT20,1110,4435
2025-06,WEEKENDS/HOLIDAY,10,TRAIN,NE18,3374,4098
2025-06,WEEKENDS/HOLIDAY,20,TRAIN,NS9/TE2,23733,31851
2025-06,WEEKDAY,18,TRAIN,CG2,39679,27962
2025-06,WEEKDAY,22,TRAIN,SE3,466,4237
2025-06,WEEKENDS/HOLIDAY,17,TRAIN,CG2,16009,13862
2025-06,WEEKENDS/HOLIDAY,6,TRAIN,DT25,1053,451
2025-06,WEEKENDS/HOLIDAY,21,TRAIN,BP2,340,1669
2025-06,WEEKENDS/HOLIDAY,7,TRAIN,NE13,6131,5328
2025-06,WEEKDAY,13,TRAIN,CC11,14006,16434
2025-06,WEEKENDS/HOLIDAY,5,TRAIN,BP10,664,100
2025-06,WEEKDAY,16,TRAIN,NS23,43799,38805
2025-06,WEEKDAY,19,TRAIN,SE5,2079,5796
2025-06,WEEKDAY,14,TRAIN,DT21,5953,7145
2025-06,WEEKENDS/HOLIDAY,23,TRAIN,NE10,1021,2635
2025-06,WEEKDAY,7,TRAIN,BP10,11138,2209
2025-06,WEEKENDS/HOLIDAY,15,TRAIN,CC25,3206,2494
2025-06,WEEKDAY,19,TRAIN,DT31,7489,25013
2025-06,WEEKENDS/HOLIDAY,20,TRAIN,DT20,3511,3270
2025-06,WEEKDAY,18,TRAIN,CC19/DT9,14436,13519
2025-06,WEEKENDS/HOLIDAY,9,TRAIN,NE15,12685,4329
2025-06,WEEKENDS/HOLIDAY,13,TRAIN,CC3,5113,8191
2025-06,WEEKDAY,6,TRAIN,EW23,44525,39805
2025-06,WEEKDAY,8,TRAIN,DT31,35793,15686
2025-06,WEEKENDS/HOLIDAY,15,TRAIN,PE5,2193,2229
2025-06,WEEKENDS/HOLIDAY,22,TRAIN,CC6,6526,783
2025-06,WEEKENDS/HOLIDAY,16,TRAIN,PW1,1621,1712
2025-06,WEEKDAY,22,TRAIN,SW7,481,2911
2025-06,WEEKENDS/HOLIDAY,21,TRAIN,TE24,491,1482
2025-06,WEEKENDS/HOLIDAY,7,TRAIN,PW5,3095,638
2025-06,WEEKENDS/HOLIDAY,19,TRAIN,NE15,7142,13288
2025-06,WEEKENDS/HOLIDAY,21,TRAIN,CC27,992,328
2025-06,WEEKENDS/HOLIDAY,22,TRAIN,TE8,2741,2781
2025-06,WEEKDAY,17,TRAIN,SW6,4448,5243
2025-06,WEEKENDS/HOLIDAY,0,TRAIN,CC23,11,54
2025-06,WEEKDAY,13,TRAIN,SE3,2704,2205
2025-06,WEEKDAY,18,TRAIN,NS14,47941,105550
2025-06,WEEKDAY,20,TRAIN,CC28,2106,5870
2025-06,WEEKENDS/HOLIDAY,11,TRAIN,EW20,6686,4438
2025-06,WEEKDAY,6,TRAIN,DT7,1285,2441
2025-06,WEEKENDS/HOLIDAY,6,TRAIN,NE16/STC,7053,2539
2025-06,WEEKENDS/HOLIDAY,6,TRAIN,TE5,1094,515
2025-06,WEEKENDS/HOLIDAY,9,TRAIN,DT21,2632,3203
2025-06,WEEKDAY,19,TRAIN,PE6,6272,15277
2025-06,WEEKDAY,13,TRAIN,EW20,10425,9838
2025-06,WEEKENDS/HOLIDAY,17,TRAIN,EW24/NS1,45886,42647
2025-06,WEEKDAY,18,TRAIN,TE4,15728,11478
2025-06,WEEKENDS/HOLIDAY,6,TRAIN,PE2,1038,136
2025-06,WEEKDAY,13,TRAIN,DT23,3003,4447
2025-06,WEEKENDS/HOLIDAY,22,TRAIN,TE4,1600,1538
2025-06,WEEKDAY,23,TRAIN,EW30,204,470
2025-06,WEEKENDS/HOLIDAY,10,TRAIN,PE6,4061,2649
2025-06,WEEKENDS/HOLIDAY,0,TRAIN,NE5,80,50
2025-06,WEEKDAY,21,TRAIN,BP3,1652,6168
2025-06,WEEKDAY,20,TRAIN,NS3,11412,31543
2025-06,WEEKENDS/HOLIDAY,16,TRAIN,NS3,8872,9178
2025-06,WEEKENDS/HOLIDAY,16,TRAIN,CC12,2831,2366
2025-06,WEEKENDS/HOLIDAY,10,TRAIN,DT13,4137,6435
2025-06,WEEKDAY,12,TRAIN,NS7,17705,16443
2025-06,WEEKENDS/HOLIDAY,9,TRAIN,EW29,2686,2761
2025-06,WEEKENDS/HOLIDAY,15,TRAIN,NS3,8762,8671
2025-06,WEEKDAY,17,TRAIN,CC10/DT26,43087,19855
2025-06,WEEKENDS/HOLIDAY,10,TRAIN,EW16/NE3/TE17,9045,10766
2025-06,WEEKENDS/HOLIDAY,7,TRAIN,DT21,618,1444
2025-06,WEEKDAY,5,TRAIN,EW7,3832,753
2025-06,WEEKDAY,22,TRAIN,NS25/EW13,66152,7114
2025-06,WEEKDAY,7,TRAIN,NS7,73450,46165
2025-06,WEEKDAY,8,TRAIN,BP12,9170,2166
2025-06,WEEKENDS/HOLIDAY,19,TRAIN,BP4,476,992
2025-06,WEEKENDS/HOLIDAY,17,TRAIN,EW3,9128,10058
2025-06,WEEKENDS/HOLIDAY,14,TRAIN,EW3,7628,7785
2025-06,WEEKENDS/HOLIDAY,11,TRAIN,BP6/DT1,20910,14274
2025-06,WEEKENDS/HOLIDAY,19,TRAIN,NE10,6148,7446
2025-06,WEEKDAY,16,TRAIN,EW23,50010,46925
2025-06,WEEKDAY,22,TRAIN,EW4,4751,16709
2025-06,WEEKDAY,16,TRAIN,NE12/CC13,50975,66682
2025-06,WEEKENDS/HOLIDAY,19,TRAIN,DT20,3718,3082
2025-06,WEEKDAY,9,TRAIN,CC16,10563,12895
2025-06,WEEKENDS/HOLIDAY,9,TRAIN,EW2/DT32,23599,15465
2025-06,WEEKENDS/HOLIDAY,18,TRAIN,CE1/DT16,31927,41903
2025-06,WEEKENDS/HOLIDAY,10,TRAIN,NS17/CC15,17598,4796
2025-06,WEEKDAY,12,TRAIN,BP3,4044,2396
2025-06,WEEKDAY,7,TRAIN,EW3,36833,17224
2025-06,WEEKDAY,13,TRAIN,DT7,3014,3826
2025-06,WEEKDAY,11,TRAIN,TE12,6070,5051
2025-06,WEEKDAY,13,TRAIN,SE5,2426,2295
2025-06,WEEKENDS/HOLIDAY,5,TRAIN,NS3,1869,135
2025-06,WEEKDAY,5,TRAIN,NS14,15540,2913
2025-06,WEEKENDS/HOLIDAY,10,TRAIN,EW11,8266,8445
2025-06,WEEKENDS/HOLIDAY,21,TRAIN,NS28,1130,715
2025-06,WEEKDAY,6,TRAIN,EW10,19259,3879
2025-06,WEEKDAY,7,TRAIN,PE1,9169,1832
2025-06,WEEKDAY,5,TRAIN,EW19,3249,411
2025-06,WEEKENDS/HOLIDAY,14,TRAIN,BP11,1404,1290
2025-06,WEEKDAY,23,TRAIN,TE24,374,992
2025-06,WEEKENDS/HOLIDAY,0,TRAIN,CC4/DT15,160,64
2025-06,WEEKDAY,10,TRAIN,NE16/STC,43548,25254
2025-06,WEEKDAY,17,TRAIN,PE1,3643,5486
2025-06,WEEKENDS/HOLIDAY,18,TRAIN,PW6,534,667
2025-06,WEEKENDS/HOLIDAY,6,TRAIN,CC20,650,474
2025-06,WEEKENDS/HOLIDAY,6,TRAIN,CC21,857,693
2025-06,WEEKENDS/HOLIDAY,18,TRAIN,EW2/DT32,28672,35447
2025-06,WEEKENDS/HOLIDAY,7,TRAIN,NE14,10786,4400
2025-06,WEEKDAY,22,TRAIN,BP6/DT1,13575,40881
2025-06,WEEKENDS/HOLIDAY,15,TRAIN,NS21/DT11,26655,27306
2025-06,WEEKDAY,18,TRAIN,NS4/BP1,67830,125492
2025-06,WEEKDAY,19,TRAIN,CC6,12354,11748
2025-06,WEEKENDS/HOLIDAY,7,TRAIN,TE14/NS22,3155,14251
2025-06,WEEKENDS/HOLIDAY,7,TRAIN,BP6/DT1,14806,8172
2025-06,WEEKDAY,13,TRAIN,TE14/NS22,78136,84068
2025-06,WEEKENDS/HOLIDAY,12,TRAIN,NS3,11041,7450
2025-06,WEEKENDS/HOLIDAY,22,TRAIN,DT20,2569,1906
2025-06,WEEKENDS/HOLIDAY,15,TRAIN,CC28,1657,1593
2025-06,WEEKENDS/HOLIDAY,5,TRAIN,NS11,4220,535
2025-06,WEEKENDS/HOLIDAY,8,TRAIN,CC25,2219,1904
2025-06,WEEKENDS/HOLIDAY,9,TRAIN,EW33,2586,1220
2025-06,WEEKDAY,18,TRAIN,SE3,2645,8196
2025-06,WEEKENDS/HOLIDAY,16,TRAIN,NS25/EW13,48450,48180
2025-06,WEEKDAY,8,TRAIN,EW10,33446,14310
2025-06,WEEKDAY,5,TRAIN,EW32,1093,1107
2025-06,WEEKENDS/HOLIDAY,16,TRAIN,EW21/CC22,12086,7769
2025-06,WEEKENDS/HOLIDAY,19,TRAIN,CC2,2863,1331
2025-06,WEEKENDS/HOLIDAY,19,TRAIN,CG1/DT35,10782,6813
2025-06,WEEKDAY,0,TRAIN,DT23,80,185
2025-06,WEEKDAY,22,TRAIN,SW2,2247,2970
2025-06,WEEKDAY,12,TRAIN,NE15,20988,14438
2025-06,WEEKENDS/HOLIDAY,0,TRAIN,PE3,25,399
2025-06,WEEKDAY,0,TRAIN,NS27/CE2/TE20,48,157
2025-06,WEEKENDS/HOLIDAY,23,TRAIN,EW21/CC22,2399,2136
2025-06,WEEKDAY,19,TRAIN,SE2,3530,14091
2025-06,WEEKENDS/HOLIDAY,19,TRAIN,EW23,19977,24905
2025-06,WEEKENDS/HOLIDAY,21,TRAIN,BP4,291,937
2025-06,WEEKENDS/HOLIDAY,13,TRAIN,NS7,11997,10638
2025-06,WEEKENDS/HOLIDAY,0,TRAIN,NE11,67,131
2025-06,WEEKENDS/HOLIDAY,5,TRAIN,TE25,10,0
2025-06,WEEKENDS/HOLIDAY,19,TRAIN,TE13,2008,1588
2025-06,WEEKENDS/HOLIDAY,9,TRAIN,TE14/NS22,10799,51766
2025-06,WEEKDAY,21,TRAIN,EW7,6804,23575
2025-06,WEEKDAY,13,TRAIN,EW15,34709,39746
2025-06,WEEKDAY,8,TRAIN,TE7,16188,16773
2025-06,WEEKDAY,18,TRAIN,SW7,2463,5404
2025-06,WEEKDAY,17,TRAIN,SE1,5077,6190
2025-06,WEEKDAY,5,TRAIN,NS16,16203,2615
2025-06,WEEKENDS/HOLIDAY,6,TRAIN,PW1,19,220
2025-06,WEEKENDS/HOLIDAY,21,TRAIN,NE13,5701,10764
2025-06,WEEKDAY,0,TRAIN,NS3,296,2387
2025-06,WEEKDAY,13,TRAIN,BP10,2860,2824
2025-06,WEEKENDS/HOLIDAY,19,TRAIN,NE8,28256,28060
2025-06,WEEKDAY,8,TRAIN,SW4,9816,2277
2025-06,WEEKDAY,13,TRAIN,NS27/CE2/TE20,3848,8215
2025-06,WEEKDAY,18,TRAIN,TE16,20997,14871
2025-06,WEEKENDS/HOLIDAY,20,TRAIN,BP12,519,1192
2025-06,WEEKENDS/HOLIDAY,6,TRAIN,PE4,310,68
2025-06,WEEKDAY,22,TRAIN,NS5,8181,31355
2025-06,WEEKENDS/HOLIDAY,16,TRAIN,SW6,1539,1483
2025-06,WEEKENDS/HOLIDAY,14,TRAIN,EW22,2157,2462
2025-06,WEEKENDS/HOLIDAY,8,TRAIN,BP7,565,276
2025-06,WEEKDAY,21,TRAIN,TE3,8442,13023
2025-06,WEEKDAY,23,TRAIN,TE13,1077,700
2025-06,WEEKENDS/HOLIDAY,21,TRAIN,EW24/NS1,43493,16391
2025-06,WEEKENDS/HOLIDAY,14,TRAIN,NS9/TE2,26836,27514
2025-06,WEEKENDS/HOLIDAY,23,TRAIN,NS12,1087,5153
2025-06,WEEKDAY,20,TRAIN,PW3,382,2420
2025-06,WEEKDAY,5,TRAIN,CC28,1206,51
2025-06,WEEKDAY,10,TRAIN,NS15,15888,16285
2025-06,WEEKDAY,10,TRAIN,NS19,37557,28429
2025-06,WEEKDAY,0,TRAIN,DT31,48,867
2025-06,WEEKDAY,17,TRAIN,BP5,3426,3032
2025-06,WEEKENDS/HOLIDAY,16,TRAIN,NE5,6582,7808
2025-06,WEEKENDS/HOLIDAY,8,TRAIN,TE1,2221,1896
2025-06,WEEKENDS/HOLIDAY,0,TRAIN,EW10,32,271
2025-06,WEEKDAY,0,TRAIN,NE9,161,742
2025-06,WEEKDAY,13,TRAIN,TE26,12945,11935
2025-06,WEEKENDS/HOLIDAY,0,TRAIN,DT20,61,114
2025-06,WEEKENDS/HOLIDAY,6,TRAIN,EW18,2486,2337
2025-06,WEEKENDS/HOLIDAY,20,TRAIN,CC5,2682,1968
2025-06,WEEKDAY,13,TRAIN,EW3,16617,15330
2025-06,WEEKDAY,9,TRAIN,PE3,8424,4175
2025-06,WEEKENDS/HOLIDAY,20,TRAIN,PE1,742,2200
2025-06,WEEKDAY,7,TRAIN,EW29,14928,122912
2025-06,WEEKENDS/HOLIDAY,20,TRAIN,SW3,401,1088
2025-06,WEEKENDS/HOLIDAY,16,TRAIN,BP7,375,501
2025-06,WEEKDAY,16,TRAIN,CC5,5393,3846
2025-06,WEEKENDS/HOLIDAY,22,TRAIN,CC14,922,1952
2025-06,WEEKDAY,14,TRAIN,PW4,4263,4696
2025-06,WEEKENDS/HOLIDAY,0,TRAIN,EW16/NE3/TE17,44,492
2025-06,WEEKDAY,21,TRAIN,TE14/NS22,117657,20261
2025-06,WEEKENDS/HOLIDAY,5,TRAIN,EW3,878,43
2025-06,WEEKDAY,14,TRAIN,SE3,2180,2430
2025-06,WEEKENDS/HOLIDAY,0,TRAIN,EW6,30,367
2025-06,WEEKENDS/HOLIDAY,23,TRAIN,NS5,1604,8031
2025-06,WEEKDAY,5,TRAIN,EW21/CC22,2228,1135
2025-06,WEEKDAY,13,TRAIN,NS21/DT11,47462,58782
2025-06,WEEKDAY,6,TRAIN,TE14/NS22,4544,24202
2025-06,WEEKDAY,6,TRAIN,BP4,3560,797
2025-06,WEEKDAY,6,TRAIN,NE4/DT19,9009,16305
2025-06,WEEKDAY,12,TRAIN,PE5,6446,3901
2025-06,WEEKDAY,6,TRAIN,NE8,15046,9917
2025-06,WEEKDAY,6,TRAIN,BP8,3228,2506
2025-06,WEEKDAY,23,TRAIN,SW2,595,1549
2025-06,WEEKENDS/HOLIDAY,22,TRAIN,EW31,435,1361
2025-06,WEEKDAY,8,TRAIN,DT18,4538,95015
2025-06,WEEKDAY,13,TRAIN,BP12,2455,1826
2025-06,WEEKENDS/HOLIDAY,17,TRAIN,TE11,2050,2051
2025-06,WEEKDAY,12,TRAIN,EW16/NE3/TE17,47518,38602
2025-06,WEEKDAY,0,TRAIN,NS2,497,3160
2025-06,WEEKENDS/HOLIDAY,5,TRAIN,CC4/DT15,20,11
2025-06,WEEKDAY,10,TRAIN,CC14,6355,3558
2025-06,WEEKENDS/HOLIDAY,18,TRAIN,TE4,3574,3256
2025-06,WEEKENDS/HOLIDAY,0,TRAIN,DT4,1,122
2025-06,WEEKENDS/HOLIDAY,19,TRAIN,EW4,5596,8237
2025-06,WEEKDAY,8,TRAIN,TE22,469,2665
2025-06,WEEKENDS/HOLIDAY,5,TRAIN,BP8,381,89
2025-06,WEEKDAY,14,TRAIN,DT2,1824,1579
2025-06,WEEKDAY,18,TRAIN,EW7,26444,47640
2025-06,WEEKDAY,7,TRAIN,PE2,15350,2144
2025-06,WEEKDAY,9,TRAIN,EW28,35622,19682
2025-06,WEEKDAY,10,TRAIN,NE1/CC29,16435,78111
2025-06,WEEKDAY,9,TRAIN,BP3,6370,1833
2025-06,WEEKENDS/HOLIDAY,8,TRAIN,NE13,9183,9016
2025-06,WEEKDAY,16,TRAIN,DT33,11683,14867
2025-06,WEEKDAY,16,TRAIN,CC24,40013,9039
2025-06,WEEKENDS/HOLIDAY,22,TRAIN,PW6,116,533
2025-06,WEEKENDS/HOLIDAY,20,TRAIN,EW25,5535,6505
2025-06,WEEKDAY,9,TRAIN,SW1,3153,3770
2025-06,WEEKDAY,14,TRAIN,EW1,21368,21420
2025-06,WEEKENDS/HOLIDAY,18,TRAIN,NS4/BP1,17698,23362
2025-06,WEEKENDS/HOLIDAY,22,TRAIN,EW26,3862,16434
2025-06,WEEKENDS/HOLIDAY,13,TRAIN,CC7,2887,3072
2025-06,WEEKENDS/HOLIDAY,12,TRAIN,CC20,3055,1986
2025-06,WEEKDAY,23,TRAIN,EW2/DT32,7950,22718
2025-06,WEEKENDS/HOLIDAY,15,TRAIN,SW2,2653,2721
2025-06,WEEKDAY,15,TRAIN,CC19/DT9,5479,5846
2025-06,WEEKENDS/HOLIDAY,5,TRAIN,NE4/DT19,332,17
2025-06,WEEKENDS/HOLIDAY,18,TRAIN,EW11,10932,9463
2025-06,WEEKDAY,9,TRAIN,CC7,8758,7933
2025-06,WEEKDAY,22,TRAIN,SW5,3223,6644
2025-06,WEEKENDS/HOLIDAY,6,TRAIN,DT27,1579,784
2025-06,WEEKDAY,22,TRAIN,EW5,12073,35612
2025-06,WEEKDAY,0,TRAIN,NS8,478,2911
2025-06,WEEKDAY,16,TRAIN,PW1,3337,3480
2025-06,WEEKENDS/HOLIDAY,7,TRAIN,CC5,839,1082
2025-06,WEEKENDS/HOLIDAY,18,TRAIN,NS11,16584,22912
2025-06,WEEKENDS/HOLIDAY,9,TRAIN,SW1,1027,660
2025-06,WEEKENDS/HOLIDAY,10,TRAIN,DT27,4088,2574
2025-06,WEEKDAY,19,TRAIN,EW11,25700,29126
2025-06,WEEKENDS/HOLIDAY,13,TRAIN,PW4,2788,2612
2025-06,WEEKENDS/HOLIDAY,12,TRAIN,NE13,15160,10157
2025-06,WEEKENDS/HOLIDAY,11,TRAIN,SW1,1174,1487
2025-06,WEEKENDS/HOLIDAY,9,TRAIN,EW16/NE3/TE17,7592,9181
2025-06,WEEKDAY,12,TRAIN,CC7,7679,5104
2025-06,WEEKENDS/HOLIDAY,8,TRAIN,NE4/DT19,6107,13550
2025-06,WEEKDAY,22,TRAIN,DT17,10482,1997
2025-06,WEEKENDS/HOLIDAY,23,TRAIN,PE6,238,1118
2025-06,WEEKENDS/HOLIDAY,10,TRAIN,EW9,11409,11649
2025-06,WEEKENDS/HOLIDAY,16,TRAIN,EW7,7010,7699
2025-06,WEEKDAY,17,TRAIN,TE18,19695,10988
2025-06,WEEKENDS/HOLIDAY,8,TRAIN,TE26,1981,4157
2025-06,WEEKDAY,19,TRAIN,TE6,7787,27816
2025-06,WEEKDAY,20,TRAIN,PE4,1063,2777
2025-06,WEEKENDS/HOLIDAY,10,TRAIN,NS18,8143,3332
2025-06,WEEKENDS/HOLIDAY,19,TRAIN,CC20,2152,2673
2025-06,WEEKDAY,7,TRAIN,BP8,4603,4554
2025-06,WEEKDAY,14,TRAIN,DT28,5958,5901
2025-06,WEEKDAY,22,TRAIN,DT24,1731,6401
2025-06,WEEKDAY,7,TRAIN,EW18,30260,30124
2025-06,WEEKENDS/HOLIDAY,13,TRAIN,TE18,7434,7387
2025-06,WEEKENDS/HOLIDAY,21,TRAIN,NS27/CE2/TE20,2473,1625
2025-06,WEEKDAY,8,TRAIN,NE5,4110,49006
2025-06,WEEKDAY,5,TRAIN,TE1,1563,263
2025-06,WEEKDAY,13,TRAIN,PE4,1341,1519
2025-06,WEEKDAY,7,TRAIN,NE4/DT19,15025,36831
2025-06,WEEKENDS/HOLIDAY,15,TRAIN,SE1,1713,1632
2025-06,WEEKENDS/HOLIDAY,14,TRAIN,PW4,2522,2575
2025-06,WEEKDAY,23,TRAIN,EW6,1221,6404
2025-06,WEEKENDS/HOLIDAY,7,TRAIN,NE10,3734,2820
2025-06,WEEKDAY,5,TRAIN,BP12,3066,137
2025-06,WEEKENDS/HOLIDAY,11,TRAIN,DT21,3325,3549
2025-06,WEEKDAY,12,TRAIN,NS8,17538,10088
2025-06,WEEKENDS/HOLIDAY,14,TRAIN,NE4/DT19,35274,30317
2025-06,WEEKENDS/HOLIDAY,11,TRAIN,TE13,1987,2174
2025-06,WEEKDAY,19,TRAIN,CC23,45127,5572
2025-06,WEEKDAY,18,TRAIN,EW3,30963,52078
2025-06,WEEKENDS/HOLIDAY,20,TRAIN,NS2,8255,15891
2025-06,WEEKDAY,9,TRAIN,TE7,9203,8996
2025-06,WEEKENDS/HOLIDAY,12,TRAIN,DT4,1288,717
2025-06,WEEKDAY,22,TRAIN,CC19/DT9,3373,2478
2025-06,WEEKENDS/HOLIDAY,15,TRAIN,TE13,2083,1834
2025-06,WEEKDAY,11,TRAIN,EW1,27665,14400
2025-06,WEEKDAY,22,TRAIN,TE26,6044,4989
2025-06,WEEKDAY,5,TRAIN,NS13,26193,4263
2025-06,WEEKENDS/HOLIDAY,23,TRAIN,DT24,356,1869
2025-06,WEEKDAY,9,TRAIN,BP7,1615,869
2025-06,WEEKENDS/HOLIDAY,6,TRAIN,TE24,270,210
2025-06,WEEKENDS/HOLIDAY,16,TRAIN,NE10,7381,6790
2025-06,WEEKDAY,12,TRAIN,PE6,9221,6970
2025-06,WEEKENDS/HOLIDAY,8,TRAIN,NE10,5788,4451
2025-06,WEEKDAY,6,TRAIN,BP10,7398,1078
2025-06,WEEKDAY,13,TRAIN,NE9,22719,20404
2025-06,WEEKENDS/HOLIDAY,5,TRAIN,CC19/DT9,54,59
2025-06,WEEKDAY,19,TRAIN,SW3,1276,4654
2025-06,WEEKENDS/HOLIDAY,6,TRAIN,EW32,2571,1900
2025-06,WEEKENDS/HOLIDAY,0,TRAIN,TE12,17,37
2025-06,WEEKDAY,13,TRAIN,DT3,5408,4757
2025-06,WEEKDAY,23,TRAIN,PE7,208,2129
2025-06,WEEKDAY,6,TRAIN,DT22,9722,3585
2025-06,WEEKENDS/HOLIDAY,5,TRAIN,PE7,272,7
2025-06,WEEKDAY,22,TRAIN,BP2,366,2663
2025-06,WEEKDAY,5,TRAIN,DT28,1887,313
2025-06,WEEKDAY,8,TRAIN,SE3,10114,1204
2025-06,WEEKENDS/HOLIDAY,13,TRAIN,TE24,1421,1329
2025-06,WEEKDAY,21,TRAIN,NS18,6564,22636
2025-06,WEEKDAY,16,TRAIN,EW21/CC22,35609,18443
2025-06,WEEKENDS/HOLIDAY,6,TRAIN,NE13,3298,2453
2025-06,WEEKDAY,17,TRAIN,EW32,31378,3859
2025-06,WEEKDAY,21,TRAIN,EW1,14050,39762
2025-06,WEEKENDS/HOLIDAY,12,TRAIN,DT25,2243,1089
2025-06,WEEKENDS/HOLIDAY,18,TRAIN,TE15,5561,5385
2025-06,WEEKENDS/HOLIDAY,19,TRAIN,TE28,1425,2327
2025-06,WEEKDAY,12,TRAIN,EW7,15019,12306
2025-06,WEEKDAY,16,TRAIN,SE3,2175,3092
2025-06,WEEKDAY,17,TRAIN,NS27/CE2/TE20,18748,4620
2025-06,WEEKDAY,5,TRAIN,TE11,107,51
2025-06,WEEKENDS/HOLIDAY,14,TRAIN,CC14,2648,2790
2025-06,WEEKENDS/HOLIDAY,16,TRAIN,CG2,17331,13462
2025-06,WEEKENDS/HOLIDAY,12,TRAIN,TE29,1772,1479
2025-06,WEEKDAY,16,TRAIN,CC11,26488,9774
2025-06,WEEKDAY,9,TRAIN,EW18,29179,27714
2025-06,WEEKDAY,12,TRAIN,NS9/TE2,50735,52493
2025-06,WEEKENDS/HOLIDAY,5,TRAIN,PE4,120,5
2025-06,WEEKDAY,22,TRAIN,CC24,7871,2405
2025-06,WEEKENDS/HOLIDAY,18,TRAIN,BP7,408,506
2025-06,WEEKENDS/HOLIDAY,9,TRAIN,PW2,22,59
2025-06,WEEKENDS/HOLIDAY,19,TRAIN,CC4/DT15,15578,8764
2025-06,WEEKDAY,9,TRAIN,NS27/CE2/TE20,1323,24641
2025-06,WEEKDAY,16,TRAIN,DT24,4603,5081
2025-06,WEEKDAY,19,TRAIN,NS28,3231,1373
2025-06,WEEKENDS/HOLIDAY,15,TRAIN,EW19,6542,7512
2025-06,WEEKENDS/HOLIDAY,20,TRAIN,TE11,960,1775
2025-06,WEEKDAY,6,TRAIN,CC23,809,12814
2025-06,WEEKDAY,0,TRAIN,NE17/PTC,595,3681
2025-06,WEEKENDS/HOLIDAY,5,TRAIN,CC16,242,35
2025-06,WEEKENDS/HOLIDAY,10,TRAIN,EW17,11855,9642
2025-06,WEEKDAY,15,TRAIN,DT24,3978,3956
2025-06,WEEKENDS/HOLIDAY,9,TRAIN,EW4,8990,3782
2025-06,WEEKENDS/HOLIDAY,0,TRAIN,DT30,8,497
2025-06,WEEKENDS/HOLIDAY,9,TRAIN,TE18,2042,5199
2025-06,WEEKENDS/HOLIDAY,13,TRAIN,DT6,2701,2276
2025-06,WEEKDAY,0,TRAIN,PW5,12,590
2025-06,WEEKDAY,21,TRAIN,TE24,1081,3245
2025-06,WEEKENDS/HOLIDAY,20,TRAIN,CC12,1064,2770
2025-06,WEEKDAY,17,TRAIN,CC4/DT15,57543,21946
2025-06,WEEKDAY,14,TRAIN,CC27,3932,4939
2025-06,WEEKDAY,8,TRAIN,SW1,5244,7255
2025-06,WEEKENDS/HOLIDAY,21,TRAIN,EW2/DT32,19526,23244
2025-06,WEEKENDS/HOLIDAY,19,TRAIN,NS14,10247,16263
2025-06,WEEKDAY,23,TRAIN,DT13,3025,3693
2025-06,WEEKENDS/HOLIDAY,7,TRAIN,BP7,498,151
2025-06,WEEKENDS/HOLIDAY,12,TRAIN,TE13,2036,1970
2025-06,WEEKENDS/HOLIDAY,6,TRAIN,SE5,573,133
2025-06,WEEKENDS/HOLIDAY,7,TRAIN,NS19,9653,5880
2025-06,WEEKDAY,23,TRAIN,NS16,7248,26434
2025-06,WEEKDAY,7,TRAIN,BP2,13990,1519
2025-06,WEEKDAY,15,TRAIN,PW6,1234,1255
2025-06,WEEKENDS/HOLIDAY,13,TRAIN,DT3,3861,2500
2025-06,WEEKENDS/HOLIDAY,10,TRAIN,EW5,17408,10799
2025-06,WEEKDAY,11,TRAIN,NS19,37105,27633
2025-06,WEEKDAY,16,TRAIN,DT7,5727,4696
2025-06,WEEKENDS/HOLIDAY,5,TRAIN,NS28,9,1
2025-06,WEEKDAY,7,TRAIN,EW15,10126,66162
2025-06,WEEKENDS/HOLIDAY,18,TRAIN,DT21,5324,3116
2025-06,WEEKDAY,15,TRAIN,NS19,31434,33627
2025-06,WEEKDAY,18,TRAIN,PW2,195,127
2025-06,WEEKDAY,13,TRAIN,PW3,818,713
2025-06,WEEKENDS/HOLIDAY,22,TRAIN,DT27,1378,3922
2025-06,WEEKENDS/HOLIDAY,18,TRAIN,TE28,1678,2530
2025-06,WEEKDAY,20,TRAIN,NE8,38644,40506
2025-06,WEEKDAY,21,TRAIN,NS3,10445,25760
2025-06,WEEKENDS/HOLIDAY,9,TRAIN,CC14,3091,1769
2025-06,WEEKENDS/HOLIDAY,9,TRAIN,DT25,1804,1206
2025-06,WEEKDAY,10,TRAIN,CC28,3818,2950
2025-06,WEEKENDS/HOLIDAY,5,TRAIN,TE6,724,22
2025-06,WEEKDAY,7,TRAIN,DT25,9000,7080
2025-06,WEEKENDS/HOLIDAY,15,TRAIN,EW12/DT14,41472,41438
2025-06,WEEKENDS/HOLIDAY,9,TRAIN,TE26,3471,6412
2025-06,WEEKDAY,22,TRAIN,DT22,9570,9464
2025-06,WEEKENDS/HOLIDAY,12,TRAIN,CG1/DT35,5063,9813
2025-06,WEEKENDS/HOLIDAY,23,TRAIN,CC6,6141,296
2025-06,WEEKENDS/HOLIDAY,19,TRAIN,DT13,6714,4484
2025-06,WEEKDAY,15,TRAIN,SW4,1975,2564
2025-06,WEEKENDS/HOLIDAY,11,TRAIN,CC5,1769,2904
2025-06,WEEKDAY,13,TRAIN,PW5,2474,2108
2025-06,WEEKENDS/HOLIDAY,22,TRAIN,DT25,715,2163
2025-06,WEEKENDS/HOLIDAY,15,TRAIN,CE1/DT16,26423,28719
2025-06,WEEKENDS/HOLIDAY,13,TRAIN,EW12/DT14,31889,45871
2025-06,WEEKENDS/HOLIDAY,10,TRAIN,TE12,1817,2449
2025-06,WEEKDAY,18,TRAIN,PW7,5230,6906
2025-06,WEEKDAY,10,TRAIN,CC16,5872,4713
2025-06,WEEKDAY,11,TRAIN,CC12,6647,2595
2025-06,WEEKENDS/HOLIDAY,15,TRAIN,SE4,1382,1456
2025-06,WEEKDAY,10,TRAIN,TE13,4366,5355
2025-06,WEEKENDS/HOLIDAY,22,TRAIN,CG2,15046,5198
2025-06,WEEKENDS/HOLIDAY,10,TRAIN,TE8,4988,5004
2025-06,WEEKDAY,19,TRAIN,NS20,67011,35582
2025-06,WEEKDAY,20,TRAIN,PE6,5051,8907
2025-06,WEEKENDS/HOLIDAY,17,TRAIN,EW27,27096,33131
2025-06,WEEKENDS/HOLIDAY,21,TRAIN,TE14/NS22,51486,10638
2025-06,WEEKENDS/HOLIDAY,13,TRAIN,SE5,1207,1222
2025-06,WEEKENDS/HOLIDAY,18,TRAIN,PE3,2662,3233
2025-06,WEEKENDS/HOLIDAY,11,TRAIN,EW17,11788,10245
2025-06,WEEKENDS/HOLIDAY,22,TRAIN,DT13,3021,3522
2025-06,WEEKENDS/HOLIDAY,20,TRAIN,TE29,982,2027
2025-06,WEEKENDS/HOLIDAY,11,TRAIN,CC7,3110,2082
2025-06,WEEKDAY,12,TRAIN,DT4,2197,1192
2025-06,WEEKDAY,19,TRAIN,PW2,143,55
2025-06,WEEKDAY,23,TRAIN,NS5,3045,16075
2025-06,WEEKENDS/HOLIDAY,17,TRAIN,TE28,1964,2279
2025-06,WEEKENDS/HOLIDAY,0,TRAIN,CG2,60,105
2025-06,WEEKENDS/HOLIDAY,19,TRAIN,CC28,1368,2170
2025-06,WEEKENDS/HOLIDAY,15,TRAIN,SW5,3809,3329
2025-06,WEEKENDS/HOLIDAY,6,TRAIN,TE16,959,931
2025-06,WEEKDAY,16,TRAIN,NE17/PTC,40570,50867
2025-06,WEEKENDS/HOLIDAY,18,TRAIN,EW4,7369,8270
2025-06,WEEKENDS/HOLIDAY,0,TRAIN,TE4,60,197
2025-06,WEEKDAY,11,TRAIN,EW3,17612,11606
2025-06,WEEKDAY,11,TRAIN,DT3,6643,2647
2025-06,WEEKENDS/HOLIDAY,13,TRAIN,DT33,7216,5137
2025-06,WEEKDAY,5,TRAIN,BP2,2261,359
2025-06,WEEKDAY,18,TRAIN,TE25,3850,8213
2025-06,WEEKDAY,20,TRAIN,SE4,1706,5330
2025-06,WEEKENDS/HOLIDAY,21,TRAIN,TE1,968,2882
2025-06,WEEKDAY,18,TRAIN,DT27,39611,21491
2025-06,WEEKDAY,20,TRAIN,BP13,505,1766
2025-06,WEEKDAY,20,TRAIN,CC2,4688,2325
2025-06,WEEKENDS/HOLIDAY,6,TRAIN,EW10,4734,1173
2025-06,WEEKDAY,9,TRAIN,BP9,3587,2732
2025-06,WEEKENDS/HOLIDAY,17,TRAIN,EW29,13984,7023
2025-06,WEEKENDS/HOLIDAY,13,TRAIN,PE1,1784,1565
2025-06,WEEKENDS/HOLIDAY,15,TRAIN,EW15,11589,8038
2025-06,WEEKENDS/HOLIDAY,13,TRAIN,CC20,2837,2186
2025-06,WEEKDAY,19,TRAIN,PE3,5229,14834
2025-06,WEEKDAY,20,TRAIN,BP12,993,3463
2025-06,WEEKENDS/HOLIDAY,6,TRAIN,NS20,1106,8559
2025-06,WEEKDAY,16,TRAIN,TE22,3815,7876
2025-06,WEEKENDS/HOLIDAY,11,TRAIN,TE28,1881,1356
2025-06,WEEKDAY,15,TRAIN,DT4,1404,1991
2025-06,WEEKDAY,18,TRAIN,PE5,5908,14312
2025-06,WEEKDAY,7,TRAIN,TE29,7398,1597
2025-06,WEEKDAY,0,TRAIN,TE11,75,265
2025-06,WEEKDAY,22,TRAIN,DT23,3201,2534
2025-06,WEEKENDS/HOLIDAY,16,TRAIN,PE1,1619,1615
2025-06,WEEKDAY,14,TRAIN,CC6,6861,8888
2025-06,WEEKDAY,20,TRAIN,EW16/NE3/TE17,35356,19086
2025-06,WEEKDAY,6,TRAIN,SW4,3844,709
2025-06,WEEKENDS/HOLIDAY,9,TRAIN,NS2,13038,8972
2025-06,WEEKDAY,20,TRAIN,EW30,7067,1590
2025-06,WEEKENDS/HOLIDAY,0,TRAIN,EW15,35,119
2025-06,WEEKDAY,7,TRAIN,NS23,8400,23336
2025-06,WEEKENDS/HOLIDAY,15,TRAIN,PW6,732,679
2025-06,WEEKENDS/HOLIDAY,8,TRAIN,BP12,1701,632
2025-06,WEEKENDS/HOLIDAY,20,TRAIN,CC28,1007,2098
2025-06,WEEKENDS/HOLIDAY,18,TRAIN,NS19,17556,19479
2025-06,WEEKENDS/HOLIDAY,7,TRAIN,DT18,429,1545
2025-06,WEEKDAY,9,TRAIN,CC23,3713,97584
2025-06,WEEKENDS/HOLIDAY,8,TRAIN,EW2/DT32,19039,12690
2025-06,WEEKENDS/HOLIDAY,7,TRAIN,NS13,17993,8253
2025-06,WEEKENDS/HOLIDAY,15,TRAIN,TE4,2636,1700
2025-06,WEEKDAY,19,TRAIN,CE1/DT16,51837,58223
2025-06,WEEKDAY,22,TRAIN,TE3,3203,12106
2025-06,WEEKDAY,19,TRAIN,NS11,33420,103954
2025-06,WEEKENDS/HOLIDAY,7,TRAIN,NS15,5421,4213
2025-06,WEEKDAY,20,TRAIN,DT25,2849,5649
2025-06,WEEKENDS/HOLIDAY,9,TRAIN,BP4,869,416
2025-06,WEEKENDS/HOLIDAY,10,TRAIN,NE4/DT19,13914,33574
2025-06,WEEKENDS/HOLIDAY,12,TRAIN,NS4/BP1,18118,15400
2025-06,WEEKDAY,21,TRAIN,EW6,4994,17364
2025-06,WEEKENDS/HOLIDAY,22,TRAIN,EW14/NS26,17024,2692
2025-06,WEEKENDS/HOLIDAY,11,TRAIN,TE24,1897,1015
2025-06,WEEKENDS/HOLIDAY,19,TRAIN,SW6,969,2031
2025-06,WEEKDAY,5,TRAIN,NE12/CC13,8988,981
2025-06,WEEKENDS/HOLIDAY,9,TRAIN,EW27,19013,11712
2025-06,WEEKDAY,22,TRAIN,BP5,624,1100
2025-06,WEEKENDS/HOLIDAY,14,TRAIN,SE5,1097,1231
2025-06,WEEKENDS/HOLIDAY,6,TRAIN,SW8,424,292
2025-06,WEEKENDS/HOLIDAY,11,TRAIN,NS20,17205,19879
2025-06,WEEKDAY,18,TRAIN,EW11,46485,40099
2025-06,WEEKDAY,16,TRAIN,CC14,9706,6357
2025-06,WEEKENDS/HOLIDAY,6,TRAIN,SE3,724,58
2025-06,WEEKENDS/HOLIDAY,8,TRAIN,CC4/DT15,626,5293
2025-06,WEEKDAY,12,TRAIN,EW3,17790,14263
2025-06,WEEKDAY,5,TRAIN,PE4,673,122
2025-06,WEEKENDS/HOLIDAY,0,TRAIN,PE5,30,400
2025-06,WEEKENDS/HOLIDAY,18,TRAIN,CC28,1823,2003
2025-06,WEEKDAY,17,TRAIN,BP10,3492,5834
2025-06,WEEKDAY,19,TRAIN,TE11,4663,6881
2025-06,WEEKDAY,18,TRAIN,SE1,5396,9949
2025-06,WEEKENDS/HOLIDAY,9,TRAIN,BP3,2484,822
2025-06,WEEKENDS/HOLIDAY,23,TRAIN,CC27,132,87
2025-06,WEEKDAY,8,TRAIN,CC11,11380,120804
2025-06,WEEKENDS/HOLIDAY,10,TRAIN,TE23,1809,931
2025-06,WEEKDAY,20,TRAIN,EW1,14617,46070
2025-06,WEEKENDS/HOLIDAY,15,TRAIN,PW7,1352,1608
2025-06,WEEKDAY,22,TRAIN,DT18,15278,2793
2025-06,WEEKDAY,5,TRAIN,EW9,5885,1000
2025-06,WEEKDAY,10,TRAIN,EW2/DT32,47811,36007
2025-06,WEEKENDS/HOLIDAY,9,TRAIN,SE4,2325,1247
2025-06,WEEKDAY,20,TRAIN,DT20,9889,7300
2025-06,WEEKENDS/HOLIDAY,22,TRAIN,EW9,6710,11275
2025-06,WEEKENDS/HOLIDAY,18,TRAIN,EW10,8837,9779
2025-06,WEEKDAY,16,TRAIN,NS28,2905,2890
2025-06,WEEKENDS/HOLIDAY,5,TRAIN,PW4,392,8
2025-06,WEEKDAY,17,TRAIN,NE4/DT19,87084,63759
2025-06,WEEKENDS/HOLIDAY,21,TRAIN,DT31,2173,5060
2025-06,WEEKENDS/HOLIDAY,13,TRAIN,CC14,3220,2884
2025-06,WEEKDAY,19,TRAIN,PW7,4216,6832
2025-06,WEEKDAY,11,TRAIN,NS10,35300,17652
2025-06,WEEKDAY,12,TRAIN,SW6,4268,2561
2025-06,WEEKENDS/HOLIDAY,21,TRAIN,BP10,448,1612
2025-06,WEEKENDS/HOLIDAY,16,TRAIN,TE16,3560,3289
2025-06,WEEKENDS/HOLIDAY,17,TRAIN,TE7,3314,2520
2025-06,WEEKENDS/HOLIDAY,13,TRAIN,NS11,18256,15226
2025-06,WEEKDAY,8,TRAIN,TE19,2242,87273
2025-06,WEEKENDS/HOLIDAY,11,TRAIN,DT8,1914,1261
2025-06,WEEKENDS/HOLIDAY,19,TRAIN,PW1,1351,847
2025-06,WEEKDAY,12,TRAIN,EW14/NS26,67243,52867
2025-06,WEEKDAY,18,TRAIN,NS3,23243,63813
2025-06,WEEKENDS/HOLIDAY,22,TRAIN,CC20,523,1448
2025-06,WEEKDAY,6,TRAIN,CG2,9828,11910
2025-06,WEEKENDS/HOLIDAY,17,TRAIN,NS21/DT11,32259,33492
2025-06,WEEKDAY,10,TRAIN,NS24/NE6/CC1,13253,32233
2025-06,WEEKDAY,12,TRAIN,EW22,10527,8530
2025-06,WEEKDAY,18,TRAIN,CC12,10287,16726
2025-06,WEEKDAY,20,TRAIN,CC11,24910,10160
2025-06,WEEKENDS/HOLIDAY,18,TRAIN,SW3,809,1084
2025-06,WEEKENDS/HOLIDAY,8,TRAIN,NS21/DT11,16837,17841
2025-06,WEEKENDS/HOLIDAY,13,TRAIN,SE3,1342,1284
2025-06,WEEKENDS/HOLIDAY,8,TRAIN,EW16/NE3/TE17,7174,9029
2025-06,WEEKENDS/HOLIDAY,19,TRAIN,NS17/CC15,9178,9532
2025-06,WEEKDAY,21,TRAIN,CC21,15202,7016
2025-06,WEEKDAY,20,TRAIN,TE13,4614,2474
2025-06,WEEKENDS/HOLIDAY,6,TRAIN,DT3,930,663
2025-06,WEEKENDS/HOLIDAY,16,TRAIN,TE11,1773,1670
2025-06,WEEKENDS/HOLIDAY,5,TRAIN,EW9,888,80
2025-06,WEEKENDS/HOLIDAY,22,TRAIN,CC24,1841,1078
2025-06,WEEKENDS/HOLIDAY,15,TRAIN,TE27,2331,2590
2025-06,WEEKDAY,5,TRAIN,BP3,2623,245
2025-06,WEEKDAY,6,TRAIN,NS14,53735,13244
2025-06,WEEKDAY,5,TRAIN,TE12,114,279
2025-06,WEEKDAY,10,TRAIN,BP2,3035,961
2025-06,WEEKENDS/HOLIDAY,18,TRAIN,EW19,7811,8134
2025-06,WEEKDAY,8,TRAIN,NS18,42959,23119
2025-06,WEEKENDS/HOLIDAY,13,TRAIN,TE8,7324,5276
2025-06,WEEKDAY,15,TRAIN,EW27,31580,39065
2025-06,WEEKENDS/HOLIDAY,10,TRAIN,BP4,924,450
2025-06,WEEKENDS/HOLIDAY,15,TRAIN,EW5,14917,15778
2025-06,WEEKENDS/HOLIDAY,20,TRAIN,TE26,7094,4022
2025-06,WEEKENDS/HOLIDAY,9,TRAIN,DT10,2167,933
2025-06,WEEKDAY,21,TRAIN,SW3,594,2945
2025-06,WEEKENDS/HOLIDAY,7,TRAIN,BP13,600,201
2025-06,WEEKDAY,8,TRAIN,NS21/DT11,112309,123497
2025-06,WEEKENDS/HOLIDAY,18,TRAIN,EW33,3529,3405
2025-06,WEEKDAY,9,TRAIN,EW25,17626,5249
2025-06,WEEKENDS/HOLIDAY,18,TRAIN,NS2,13155,17255
2025-06,WEEKDAY,7,TRAIN,SW1,4541,6981
2025-06,WEEKDAY,0,TRAIN,CC19/DT9,41,225
2025-06,WEEKENDS/HOLIDAY,11,TRAIN,NS10,20563,9591
2025-06,WEEKENDS/HOLIDAY,19,TRAIN,EW14/NS26,13129,16769
2025-06,WEEKDAY,18,TRAIN,EW23,102544,128462
2025-06,WEEKENDS/HOLIDAY,16,TRAIN,DT27,4566,3717
2025-06,WEEKENDS/HOLIDAY,15,TRAIN,PW5,1716,1543
2025-06,WEEKENDS/HOLIDAY,21,TRAIN,NS21/DT11,21994,25292
2025-06,WEEKENDS/HOLIDAY,23,TRAIN,TE5,216,1596
2025-06,WEEKDAY,9,TRAIN,EW31,1462,4660
2025-06,WEEKDAY,5,TRAIN,NS3,11111,983
2025-06,WEEKDAY,20,TRAIN,NS10,23499,58824
2025-06,WEEKENDS/HOLIDAY,19,TRAIN,NS25/EW13,50004,21897
2025-06,WEEKDAY,6,TRAIN,BP5,2801,1021
2025-06,WEEKENDS/HOLIDAY,7,TRAIN,BP8,501,583
2025-06,WEEKENDS/HOLIDAY,6,TRAIN,CC23,191,799
2025-06,WEEKDAY,13,TRAIN,EW18,15417,15479
2025-06,WEEKENDS/HOLIDAY,6,TRAIN,SW5,1493,370
2025-06,WEEKDAY,23,TRAIN,BP5,160,172
2025-06,WEEKENDS/HOLIDAY,5,TRAIN,SW6,320,19
2025-06,WEEKDAY,15,TRAIN,DT6,7009,5289
2025-06,WEEKENDS/HOLIDAY,21,TRAIN,SW1,1267,787
2025-06,WEEKENDS/HOLIDAY,17,TRAIN,DT8,1682,2107
2025-06,WEEKENDS/HOLIDAY,10,TRAIN,TE7,3148,2014
2025-06,WEEKENDS/HOLIDAY,18,TRAIN,SW6,1411,1946
2025-06,WEEKDAY,23,TRAIN,NS10,4125,22798
2025-06,WEEKENDS/HOLIDAY,5,TRAIN,EW8/CC9,586,105
2025-06,WEEKDAY,11,TRAIN,DT28,8631,4177
2025-06,WEEKENDS/HOLIDAY,21,TRAIN,EW21/CC22,6606,5713
2025-06,WEEKENDS/HOLIDAY,23,TRAIN,CC17/TE9,383,1159
2025-06,WEEKENDS/HOLIDAY,12,TRAIN,DT17,2193,2444
2025-06,WEEKENDS/HOLIDAY,14,TRAIN,NS24/NE6/CC1,22032,23177
2025-06,WEEKDAY,18,TRAIN,DT6,16205,13369
2025-06,WEEKENDS/HOLIDAY,15,TRAIN,EW32,2406,1364
2025-06,WEEKDAY,15,TRAIN,TE19,8735,4021
2025-06,WEEKDAY,8,TRAIN,BP8,2716,3608
2025-06,WEEKDAY,15,TRAIN,CC12,4726,4336
2025-06,WEEKDAY,19,TRAIN,DT25,4977,8767
2025-06,WEEKENDS/HOLIDAY,12,TRAIN,NE17/PTC,25191,20936
2025-06,WEEKDAY,20,TRAIN,DT18,25178,6500
2025-06,WEEKDAY,0,TRAIN,TE24,34,163
2025-06,WEEKENDS/HOLIDAY,5,TRAIN,EW29,281,795
2025-06,WEEKENDS/HOLIDAY,18,TRAIN,CC24,5263,3561
2025-06,WEEKDAY,9,TRAIN,SW6,6471,1935
2025-06,WEEKENDS/HOLIDAY,16,TRAIN,BP12,1122,955
2025-06,WEEKDAY,21,TRAIN,NS12,9088,25839
2025-06,WEEKDAY,23,TRAIN,CC8,784,2605
2025-06,WEEKENDS/HOLIDAY,23,TRAIN,NS11,2304,13766
2025-06,WEEKENDS/HOLIDAY,18,TRAIN,EW3,8226,10543
2025-06,WEEKDAY,21,TRAIN,NS4/BP1,24113,46243
2025-06,WEEKDAY,23,TRAIN,NE12/CC13,8619,25718
2025-06,WEEKENDS/HOLIDAY,15,TRAIN,NE12/CC13,29526,29716
2025-06,WEEKENDS/HOLIDAY,23,TRAIN,PE1,138,1016
2025-06,WEEKDAY,23,TRAIN,DT2,125,1063
2025-06,WEEKENDS/HOLIDAY,11,TRAIN,TE19,1639,1664
2025-06,WEEKDAY,13,TRAIN,CC3,7285,8639
2025-06,WEEKENDS/HOLIDAY,20,TRAIN,NE14,6592,16748
2025-06,WEEKENDS/HOLIDAY,23,TRAIN,NS28,186,220
2025-06,WEEKENDS/HOLIDAY,11,TRAIN,TE1,2078,744
2025-06,WEEKDAY,22,TRAIN,CC7,4735,6745
2025-06,WEEKENDS/HOLIDAY,8,TRAIN,EW33,3270,2416
2025-06,WEEKENDS/HOLIDAY,21,TRAIN,NE11,4764,5937
2025-06,WEEKENDS/HOLIDAY,6,TRAIN,DT21,355,629
2025-06,WEEKDAY,11,TRAIN,DT20,6213,5505
2025-06,WEEKENDS/HOLIDAY,19,TRAIN,EW1,9843,16751
2025-06,WEEKENDS/HOLIDAY,13,TRAIN,NS21/DT11,28386,28342
2025-06,WEEKENDS/HOLIDAY,15,TRAIN,TE14/NS22,52092,52350
2025-06,WEEKENDS/HOLIDAY,20,TRAIN,NS11,10368,22782
2025-06,WEEKENDS/HOLIDAY,0,TRAIN,NS9/TE2,1153,4138
2025-06,WEEKDAY,19,TRAIN,DT29,6421,18771
2025-06,WEEKENDS/HOLIDAY,21,TRAIN,NS24/NE6/CC1,22550,8239
2025-06,WEEKENDS/HOLIDAY,12,TRAIN,DT3,4521,2070
2025-06,WEEKENDS/HOLIDAY,12,TRAIN,SE2,3035,2016
2025-06,WEEKDAY,11,TRAIN,TE23,2861,1362
2025-06,WEEKENDS/HOLIDAY,19,TRAIN,CC8,3704,4365
2025-06,WEEKENDS/HOLIDAY,20,TRAIN,NS12,4780,10039
2025-06,WEEKDAY,19,TRAIN,NS9/TE2,61071,149835
2025-06,WEEKENDS/HOLIDAY,7,TRAIN,EW4,5163,5209
2025-06,WEEKENDS/HOLIDAY,19,TRAIN,SE2,1574,3070
2025-06,WEEKENDS/HOLIDAY,7,TRAIN,EW28,15528,7032
2025-06,WEEKENDS/HOLIDAY,19,TRAIN,NS15,5696,6042
2025-06,WEEKDAY,21,TRAIN,BP10,1049,4287
2025-06,WEEKENDS/HOLIDAY,14,TRAIN,NE13,11627,9829
2025-06,WEEKDAY,21,TRAIN,CC6,16398,2071
2025-06,WEEKENDS/HOLIDAY,10,TRAIN,TE25,1839,969
2025-06,WEEKDAY,18,TRAIN,NE13,34153,63388
2025-06,WEEKENDS/HOLIDAY,0,TRAIN,TE7,17,228
2025-06,WEEKDAY,9,TRAIN,PW1,981,3006
2025-06,WEEKDAY,9,TRAIN,NS4/BP1,41065,25096
2025-06,WEEKENDS/HOLIDAY,20,TRAIN,BP6/DT1,11324,21772
2025-06,WEEKDAY,13,TRAIN,NS11,29944,25300
2025-06,WEEKENDS/HOLIDAY,23,TRAIN,SW5,403,1651
2025-06,WEEKDAY,20,TRAIN,NS14,18580,50636
2025-06,WEEKDAY,9,TRAIN,DT6,8711,6759
2025-06,WEEKDAY,12,TRAIN,NE16/STC,46163,41557
2025-06,WEEKENDS/HOLIDAY,21,TRAIN,BP11,403,1640
2025-06,WEEKDAY,22,TRAIN,PW6,211,1291
2025-06,WEEKENDS/HOLIDAY,16,TRAIN,CE1/DT16,29234,30439
2025-06,WEEKDAY,6,TRAIN,CC5,2070,1745
2025-06,WEEKENDS/HOLIDAY,22,TRAIN,DT23,915,1048
2025-06,WEEKDAY,21,TRAIN,NE4/DT19,67516,23703
2025-06,WEEKENDS/HOLIDAY,14,TRAIN,CC3,6652,7524
2025-06,WEEKENDS/HOLIDAY,10,TRAIN,NE16/STC,21702,13165
2025-06,WEEKDAY,23,TRAIN,NS27/CE2/TE20,1550,801
2025-06,WEEKDAY,17,TRAIN,DT29,11049,13087
2025-06,WEEKDAY,12,TRAIN,SW7,3002,1766
2025-06,WEEKDAY,5,TRAIN,TE28,349,0
2025-06,WEEKDAY,14,TRAIN,PW2,144,148
2025-06,WEEKDAY,17,TRAIN,PW7,4140,4919
2025-06,WEEKENDS/HOLIDAY,12,TRAIN,DT27,4316,3479
2025-06,WEEKDAY,19,TRAIN,CC26,13966,6373
2025-06,WEEKENDS/HOLIDAY,6,TRAIN,NS19,6472,3271
2025-06,WEEKENDS/HOLIDAY,23,TRAIN,PW7,334,770
2025-06,WEEKDAY,17,TRAIN,DT8,7218,5385
2025-06,WEEKDAY,10,TRAIN,TE23,3318,1191
2025-06,WEEKENDS/HOLIDAY,5,TRAIN,CE1/DT16,191,0
2025-06,WEEKENDS/HOLIDAY,6,TRAIN,EW25,3827,1063
2025-06,WEEKENDS/HOLIDAY,13,TRAIN,BP9,1337,1003
2025-06,WEEKDAY,7,TRAIN,CC21,9639,7552
2025-06,WEEKENDS/HOLIDAY,5,TRAIN,BP9,345,323
2025-06,WEEKENDS/HOLIDAY,0,TRAIN,SW2,43,195
2025-06,WEEKENDS/HOLIDAY,16,TRAIN,TE23,1385,1580
2025-06,WEEKENDS/HOLIDAY,7,TRAIN,DT28,5791,2855
2025-06,WEEKDAY,7,TRAIN,TE7,11831,9149
2025-06,WEEKDAY,17,TRAIN,CC24,92128,10968
2025-06,WEEKENDS/HOLIDAY,14,TRAIN,DT4,819,851
2025-06,WEEKENDS/HOLIDAY,12,TRAIN,CC3,4405,8287
2025-06,WEEKENDS/HOLIDAY,20,TRAIN,NE15,4780,13246
2025-06,WEEKDAY,22,TRAIN,DT6,1987,4488
2025-06,WEEKDAY,11,TRAIN,CC3,3991,10315
2025-06,WEEKDAY,17,TRAIN,NS10,63315,61783
2025-06,WEEKDAY,18,TRAIN,TE19,83364,6548
2025-06,WEEKDAY,5,TRAIN,EW11,2721,402
2025-06,WEEKDAY,10,TRAIN,CC3,2351,12691
2025-06,WEEKDAY,21,TRAIN,BP9,806,2262
2025-06,WEEKDAY,17,TRAIN,EW11,36629,24110
2025-06,WEEKENDS/HOLIDAY,20,TRAIN,BP11,623,1812
2025-06,WEEKDAY,5,TRAIN,TE29,167,6
2025-06,WEEKENDS/HOLIDAY,11,TRAIN,NS15,6657,3321
2025-06,WEEKDAY,9,TRAIN,EW32,1618,4776
2025-06,WEEKDAY,19,TRAIN,EW16/NE3/TE17,52674,28779
2025-06,WEEKENDS/HOLIDAY,20,TRAIN,NE17/PTC,18381,22647
2025-06,WEEKDAY,22,TRAIN,EW20,4441,10648
2025-06,WEEKDAY,14,TRAIN,NS27/CE2/TE20,3762,5147
2025-06,WEEKDAY,9,TRAIN,TE26,11186,12336
2025-06,WEEKENDS/HOLIDAY,14,TRAIN,CC8,3608,3650
2025-06,WEEKDAY,18,TRAIN,NS24/NE6/CC1,86535,81882
2025-06,WEEKENDS/HOLIDAY,6,TRAIN,BP11,1109,123
2025-06,WEEKDAY,7,TRAIN,PE7,10605,1806
2025-06,WEEKENDS/HOLIDAY,11,TRAIN,TE4,2533,2120
2025-06,WEEKDAY,11,TRAIN,SW2,5403,4292
2025-06,WEEKENDS/HOLIDAY,21,TRAIN,SE4,547,1727
2025-06,WEEKDAY,19,TRAIN,BP13,964,2635
2025-06,WEEKDAY,22,TRAIN,DT20,6414,3878
2025-06,WEEKENDS/HOLIDAY,0,TRAIN,EW4,46,1149
2025-06,WEEKENDS/HOLIDAY,19,TRAIN,TE23,1743,1769
2025-06,WEEKDAY,5,TRAIN,TE6,4234,334
2025-06,WEEKENDS/HOLIDAY,16,TRAIN,NS16,18213,21052
2025-06,WEEKDAY,22,TRAIN,EW29,4532,3730
2025-06,WEEKDAY,18,TRAIN,BP6/DT1,60938,136740
2025-06,WEEKDAY,14,TRAIN,TE28,2828,3595
2025-06,WEEKDAY,12,TRAIN,NS24/NE6/CC1,33500,48530
2025-06,WEEKENDS/HOLIDAY,9,TRAIN,EW28,14202,5284
2025-06,WEEKDAY,13,TRAIN,PE2,5858,4768
2025-06,WEEKENDS/HOLIDAY,20,TRAIN,EW32,1923,4946
2025-06,WEEKENDS/HOLIDAY,0,TRAIN,TE22,18,35
2025-06,WEEKENDS/HOLIDAY,16,TRAIN,DT24,1971,2034
2025-06,WEEKDAY,16,TRAIN,BP12,2298,2249
2025-06,WEEKDAY,12,TRAIN,DT28,8734,5356
2025-06,WEEKDAY,10,TRAIN,TE28,4038,1795
2025-06,WEEKDAY,6,TRAIN,DT2,1532,1567
2025-06,WEEKENDS/HOLIDAY,5,TRAIN,CC27,70,4
2025-06,WEEKDAY,11,TRAIN,CC24,19631,23867
2025-06,WEEKENDS/HOLIDAY,20,TRAIN,NE4/DT19,33224,17674
2025-06,WEEKDAY,10,TRAIN,NS11,37363,16549
2025-06,WEEKENDS/HOLIDAY,16,TRAIN,DT20,3147,3012
2025-06,WEEKENDS/HOLIDAY,6,TRAIN,CC24,229,3539
2025-06,WEEKENDS/HOLIDAY,20,TRAIN,TE3,2501,4959
2025-06,WEEKENDS/HOLIDAY,10,TRAIN,CC23,1304,2313
2025-06,WEEKENDS/HOLIDAY,18,TRAIN,SW1,1212,1163
2025-06,WEEKENDS/HOLIDAY,8,TRAIN,DT3,3404,2299
2025-06,WEEKDAY,5,TRAIN,SE5,946,250
2025-06,WEEKENDS/HOLIDAY,18,TRAIN,DT4,906,1212
2025-06,WEEKDAY,12,TRAIN,NS20,49209,50990
2025-06,WEEKDAY,20,TRAIN,NS5,15679,48679
2025-06,WEEKENDS/HOLIDAY,0,TRAIN,CC19/DT9,16,83
2025-06,WEEKENDS/HOLIDAY,16,TRAIN,BP10,1245,1432
2025-06,WEEKDAY,19,TRAIN,EW12/DT14,100934,72591
2025-06,WEEKDAY,22,TRAIN,TE28,1026,3462
2025-06,WEEKDAY,17,TRAIN,CC23,71185,6521
2025-06,WEEKENDS/HOLIDAY,6,TRAIN,BP9,510,567
2025-06,WEEKDAY,23,TRAIN,CC26,513,710
2025-06,WEEKENDS/HOLIDAY,21,TRAIN,CC11,5161,4084
2025-06,WEEKDAY,0,TRAIN,SW3,8,326
2025-06,WEEKDAY,8,TRAIN,NE10,42002,35975
2025-06,WEEKENDS/HOLIDAY,6,TRAIN,NS2,7361,3216
2025-06,WEEKENDS/HOLIDAY,14,TRAIN,EW31,1307,668
2025-06,WEEKENDS/HOLIDAY,14,TRAIN,PE6,3438,3191
2025-06,WEEKENDS/HOLIDAY,13,TRAIN,NS13,23582,22266
2025-06,WEEKENDS/HOLIDAY,10,TRAIN,TE26,4577,7763
2025-06,WEEKENDS/HOLIDAY,12,TRAIN,NE1/CC29,16161,37037
2025-06,WEEKDAY,7,TRAIN,BP11,15503,1491
2025-06,WEEKDAY,18,TRAIN,DT21,21963,17190
2025-06,WEEKDAY,16,TRAIN,NE10,15543,15264
2025-06,WEEKDAY,15,TRAIN,CC21,8673,9310
2025-06,WEEKDAY,18,TRAIN,CC28,7314,10566
2025-06,WEEKENDS/HOLIDAY,16,TRAIN,EW8/CC9,38213,32702
2025-06,WEEKENDS/HOLIDAY,20,TRAIN,BP5,600,836
2025-06,WEEKDAY,17,TRAIN,PW3,1642,1811
2025-06,WEEKENDS/HOLIDAY,21,TRAIN,EW22,827,3112
2025-06,WEEKENDS/HOLIDAY,10,TRAIN,PW3,802,282
2025-06,WEEKDAY,0,TRAIN,NE18,0,446
2025-06,WEEKENDS/HOLIDAY,13,TRAIN,EW29,5313,3895
2025-06,WEEKDAY,13,TRAIN,SW6,3841,3019
2025-06,WEEKDAY,8,TRAIN,NS10,114992,47027
2025-06,WEEKDAY,14,TRAIN,EW33,2104,2180
2025-06,WEEKENDS/HOLIDAY,5,TRAIN,DT23,27,0
2025-06,WEEKENDS/HOLIDAY,20,TRAIN,PE6,1923,3146
2025-06,WEEKDAY,21,TRAIN,PW5,1036,5376
2025-06,WEEKENDS/HOLIDAY,22,TRAIN,TE12,1037,451
2025-06,WEEKDAY,12,TRAIN,TE24,3096,2406
2025-06,WEEKENDS/HOLIDAY,7,TRAIN,BP11,1485,383
2025-06,WEEKENDS/HOLIDAY,13,TRAIN,SE4,1870,1493
2025-06,WEEKENDS/HOLIDAY,17,TRAIN,TE27,2865,2973
2025-06,WEEKENDS/HOLIDAY,5,TRAIN,NE13,472,97
2025-06,WEEKENDS/HOLIDAY,18,TRAIN,NS25/EW13,55561,33358
2025-06,WEEKENDS/HOLIDAY,22,TRAIN,DT30,818,4571
2025-06,WEEKENDS/HOLIDAY,10,TRAIN,NS25/EW13,16213,51307
2025-06,WEEKDAY,22,TRAIN,EW32,1713,2402
2025-06,WEEKDAY,12,TRAIN,EW4,13632,7756
2025-06,WEEKENDS/HOLIDAY,16,TRAIN,CC3,8497,12032
2025-06,WEEKDAY,10,TRAIN,EW19,18198,7876
2025-06,WEEKDAY,15,TRAIN,BP4,3356,1660
2025-06,WEEKENDS/HOLIDAY,10,TRAIN,TE28,1960,1133
2025-06,WEEKENDS/HOLIDAY,17,TRAIN,EW17,12270,13726
2025-06,WEEKENDS/HOLIDAY,7,TRAIN,PW2,12,21
2025-06,WEEKDAY,13,TRAIN,NS17/CC15,26292,14530
2025-06,WEEKENDS/HOLIDAY,21,TRAIN,PE5,557,3156
2025-06,WEEKENDS/HOLIDAY,13,TRAIN,NE9,12129,8985
2025-06,WEEKDAY,19,TRAIN,NS15,30789,25571
2025-06,WEEKDAY,22,TRAIN,CC12,1554,5320
2025-06,WEEKENDS/HOLIDAY,8,TRAIN,NE12/CC13,21469,13659
2025-06,WEEKENDS/HOLIDAY,11,TRAIN,DT22,4180,6954
2025-06,WEEKDAY,8,TRAIN,NS14,115936,29760
2025-06,WEEKDAY,5,TRAIN,SW3,1288,36
2025-06,WEEKENDS/HOLIDAY,14,TRAIN,EW14/NS26,11911,11405
2025-06,WEEKENDS/HOLIDAY,21,TRAIN,BP7,142,487
2025-06,WEEKENDS/HOLIDAY,5,TRAIN,EW1,1703,143
2025-06,WEEKENDS/HOLIDAY,12,TRAIN,EW17,11891,11074
2025-06,WEEKENDS/HOLIDAY,13,TRAIN,DT22,5183,6292
2025-06,WEEKENDS/HOLIDAY,5,TRAIN,EW19,275,47
2025-06,WEEKENDS/HOLIDAY,11,TRAIN,BP3,2448,1053
2025-06,WEEKDAY,17,TRAIN,EW18,33682,27294
2025-06,WEEKENDS/HOLIDAY,17,TRAIN,EW26,15493,17343
2025-06,WEEKENDS/HOLIDAY,14,TRAIN,NS3,8450,8329
2025-06,WEEKDAY,0,TRAIN,TE14/NS22,482,558
2025-06,WEEKDAY,23,TRAIN,TE28,402,1708
2025-06,WEEKDAY,17,TRAIN,BP6/DT1,44256,70427
2025-06,WEEKDAY,18,TRAIN,DT17,134589,12041
2025-06,WEEKDAY,5,TRAIN,CC8,1265,97
2025-06,WEEKDAY,19,TRAIN,DT7,4968,7720
2025-06,WEEKENDS/HOLIDAY,6,TRAIN,PW2,4,3
2025-06,WEEKENDS/HOLIDAY,12,TRAIN,EW19,9332,5748
2025-06,WEEKDAY,14,TRAIN,DT20,4167,5854
2025-06,WEEKDAY,9,TRAIN,NE17/PTC,58746,22985
2025-06,WEEKDAY,9,TRAIN,DT7,5361,4967
2025-06,WEEKDAY,12,TRAIN,EW1,27145,18047
2025-06,WEEKENDS/HOLIDAY,13,TRAIN,EW17,12050,12134
2025-06,WEEKENDS/HOLIDAY,20,TRAIN,CC6,8590,2415
2025-06,WEEKENDS/HOLIDAY,11,TRAIN,EW30,962,514
2025-06,WEEKENDS/HOLIDAY,5,TRAIN,BP4,315,99
2025-06,WEEKDAY,12,TRAIN,DT29,6243,3597
2025-06,WEEKENDS/HOLIDAY,23,TRAIN,EW28,1018,8205
2025-06,WEEKENDS/HOLIDAY,9,TRAIN,PW3,727,222
2025-06,WEEKDAY,14,TRAIN,EW18,12478,13663
2025-06,WEEKDAY,5,TRAIN,EW3,4589,304
2025-06,WEEKENDS/HOLIDAY,16,TRAIN,SW5,3646,3663
2025-06,WEEKENDS/HOLIDAY,15,TRAIN,EW10,6597,7372
2025-06,WEEKDAY,10,TRAIN,PE7,4639,1732
2025-06,WEEKENDS/HOLIDAY,8,TRAIN,DT10,1620,921
2025-06,WEEKDAY,0,TRAIN,DT6,33,323
2025-06,WEEKENDS/HOLIDAY,23,TRAIN,PW4,315,959
2025-06,WEEKDAY,19,TRAIN,NE5,32596,18085
2025-06,WEEKENDS/HOLIDAY,22,TRAIN,BP9,158,591
2025-06,WEEKENDS/HOLIDAY,20,TRAIN,DT3,1220,3332
2025-06,WEEKDAY,14,TRAIN,PE1,3038,2858
2025-06,WEEKDAY,18,TRAIN,CC16,21257,16677
2025-06,WEEKENDS/HOLIDAY,12,TRAIN,EW24/NS1,26827,41725
2025-06,WEEKDAY,0,TRAIN,DT3,34,661
2025-06,WEEKDAY,6,TRAIN,CC10/DT26,16617,7537
2025-06,WEEKDAY,10,TRAIN,DT20,4744,7057
2025-06,WEEKDAY,20,TRAIN,DT10,2084,3350
2025-06,WEEKENDS/HOLIDAY,21,TRAIN,SW6,414,2170
2025-06,WEEKDAY,0,TRAIN,EW17,73,859
2025-06,WEEKDAY,23,TRAIN,SE2,292,3402
2025-06,WEEKDAY,9,TRAIN,EW10,18741,9775
2025-06,WEEKENDS/HOLIDAY,22,TRAIN,SE3,175,1805
2025-06,WEEKENDS/HOLIDAY,17,TRAIN,DT3,3706,3511
2025-06,WEEKENDS/HOLIDAY,22,TRAIN,PE7,234,1915
2025-06,WEEKDAY,5,TRAIN,PE7,1203,60
2025-06,WEEKDAY,21,TRAIN,NE9,12642,25627
2025-06,WEEKENDS/HOLIDAY,9,TRAIN,SW2,2517,2392
2025-06,WEEKENDS/HOLIDAY,14,TRAIN,CC5,2804,3575
2025-06,WEEKDAY,9,TRAIN,EW23,55794,47385
2025-06,WEEKDAY,16,TRAIN,BP10,2486,3999
2025-06,WEEKENDS/HOLIDAY,23,TRAIN,NS17/CC15,2020,5974
2025-06,WEEKENDS/HOLIDAY,20,TRAIN,CG1/DT35,10232,3444
2025-06,WEEKDAY,8,TRAIN,BP2,11193,1687
2025-06,WEEKENDS/HOLIDAY,0,TRAIN,EW21/CC22,71,358
2025-06,WEEKDAY,21,TRAIN,PE3,2538,6898
2025-06,WEEKDAY,8,TRAIN,DT22,16813,11614
2025-06,WEEKENDS/HOLIDAY,22,TRAIN,PW3,121,674
2025-06,WEEKENDS/HOLIDAY,16,TRAIN,CC8,4000,3959
2025-06,WEEKENDS/HOLIDAY,23,TRAIN,CC4/DT15,4496,702
2025-06,WEEKENDS/HOLIDAY,20,TRAIN,TE28,1279,2124
2025-06,WEEKDAY,14,TRAIN,TE19,7640,7411
2025-06,WEEKENDS/HOLIDAY,22,TRAIN,BP4,131,529
2025-06,WEEKDAY,9,TRAIN,BP10,4637,2443
2025-06,WEEKDAY,11,TRAIN,EW22,8328,6405
2025-06,WEEKENDS/HOLIDAY,13,TRAIN,CC10/DT26,7805,6589
2025-06,WEEKDAY,7,TRAIN,NS8,75504,20809
2025-06,WEEKDAY,23,TRAIN,DT31,1161,5516
2025-06,WEEKDAY,15,TRAIN,NS23,38518,36916
2025-06,WEEKDAY,8,TRAIN,CC7,14538,13458
2025-06,WEEKENDS/HOLIDAY,23,TRAIN,DT5,792,3625
2025-06,WEEKDAY,19,TRAIN,NS8,19917,40065
2025-06,WEEKENDS/HOLIDAY,16,TRAIN,EW10,7670,7822
2025-06,WEEKDAY,6,TRAIN,EW6,9110,3791
2025-06,WEEKDAY,13,TRAIN,DT10,3375,2502
2025-06,WEEKENDS/HOLIDAY,20,TRAIN,EW22,1204,3019
2025-06,WEEKDAY,23,TRAIN,CC10/DT26,2286,7160
2025-06,WEEKENDS/HOLIDAY,5,TRAIN,EW22,72,35
2025-06,WEEKENDS/HOLIDAY,8,TRAIN,TE7,2515,2130
2025-06,WEEKENDS/HOLIDAY,17,TRAIN,PE5,2668,2593
2025-06,WEEKENDS/HOLIDAY,9,TRAIN,NS4/BP1,15891,11028
2025-06,WEEKDAY,8,TRAIN,TE8,20723,14810
2025-06,WEEKENDS/HOLIDAY,16,TRAIN,EW24/NS1,41761,34941
2025-06,WEEKENDS/HOLIDAY,20,TRAIN,CC23,1657,800
2025-06,WEEKDAY,17,TRAIN,NS2,43140,60251
2025-06,WEEKENDS/HOLIDAY,14,TRAIN,EW25,5237,5474
2025-06,WEEKDAY,8,TRAIN,NS5,86349,24727
2025-06,WEEKDAY,11,TRAIN,CC20,4723,3215
2025-06,WEEKDAY,12,TRAIN,EW30,2418,1335
2025-06,WEEKDAY,6,TRAIN,TE13,497,2808
2025-06,WEEKDAY,16,TRAIN,CC10/DT26,16413,13313
2025-06,WEEKENDS/HOLIDAY,7,TRAIN,NS2,9774,6577
2025-06,WEEKENDS/HOLIDAY,14,TRAIN,EW28,10774,8315
2025-06,WEEKDAY,11,TRAIN,NS16,36461,27275
2025-06,WEEKENDS/HOLIDAY,18,TRAIN,PE4,852,1316
2025-06,WEEKDAY,15,TRAIN,TE7,4605,4759
2025-06,WEEKDAY,23,TRAIN,CC21,2354,1820
2025-06,WEEKENDS/HOLIDAY,12,TRAIN,DT34,2484,1367
2025-06,WEEKENDS/HOLIDAY,0,TRAIN,NS14,494,2322
2025-06,WEEKENDS/HOLIDAY,13,TRAIN,EW4,6862,5166
2025-06,WEEKDAY,17,TRAIN,TE19,47848,4534
2025-06,WEEKENDS/HOLIDAY,16,TRAIN,PE7,1742,1852
2025-06,WEEKENDS/HOLIDAY,23,TRAIN,PW1,120,42
2025-06,WEEKENDS/HOLIDAY,21,TRAIN,CC8,2130,4011
2025-06,WEEKENDS/HOLIDAY,11,TRAIN,EW10,6444,6295
2025-06,WEEKENDS/HOLIDAY,12,TRAIN,EW26,16830,8494
2025-06,WEEKDAY,23,TRAIN,PE1,267,2320
2025-06,WEEKENDS/HOLIDAY,10,TRAIN,BP12,1788,884
2025-06,WEEKDAY,8,TRAIN,EW20,30786,40142
2025-06,WEEKENDS/HOLIDAY,16,TRAIN,EW18,7539,7854
2025-06,WEEKDAY,16,TRAIN,TE11,4212,4338
2025-06,WEEKENDS/HOLIDAY,0,TRAIN,DT6,13,167
2025-06,WEEKENDS/HOLIDAY,23,TRAIN,DT25,294,1379
2025-06,WEEKENDS/HOLIDAY,21,TRAIN,NE10,3098,7227
2025-06,WEEKDAY,10,TRAIN,EW20,12106,11540
2025-06,WEEKENDS/HOLIDAY,0,TRAIN,SE4,14,240
2025-06,WEEKDAY,21,TRAIN,NE8,40770,29546
2025-06,WEEKDAY,18,TRAIN,DT3,9880,19190
2025-06,WEEKENDS/HOLIDAY,15,TRAIN,CC23,2088,1619
2025-06,WEEKENDS/HOLIDAY,19,TRAIN,EW31,2206,2186
2025-06,WEEKENDS/HOLIDAY,12,TRAIN,TE24,1673,1268
2025-06,WEEKDAY,0,TRAIN,EW10,109,470
2025-06,WEEKENDS/HOLIDAY,8,TRAIN,SW2,1869,1793
2025-06,WEEKENDS/HOLIDAY,5,TRAIN,EW18,207,66
2025-06,WEEKDAY,20,TRAIN,CC6,14427,4217
2025-06,WEEKDAY,6,TRAIN,NE10,10767,7543
2025-06,WEEKDAY,0,TRAIN,DT25,21,267
2025-06,WEEKENDS/HOLIDAY,20,TRAIN,NS7,17250,14985
2025-06,WEEKDAY,15,TRAIN,DT2,2980,1460
2025-06,WEEKENDS/HOLIDAY,16,TRAIN,CC10/DT26,7284,6483
2025-06,WEEKDAY,22,TRAIN,SW8,551,2133
2025-06,WEEKENDS/HOLIDAY,23,TRAIN,CC7,396,1704
2025-06,WEEKENDS/HOLIDAY,13,TRAIN,EW1,13993,11648
2025-06,WEEKDAY,23,TRAIN,NS23,15638,3511
2025-06,WEEKENDS/HOLIDAY,22,TRAIN,EW16/NE3/TE17,6314,5311
2025-06,WEEKDAY,20,TRAIN,EW4,9849,20509
2025-06,WEEKDAY,12,TRAIN,EW21/CC22,25089,22809
2025-06,WEEKDAY,19,TRAIN,DT33,13453,49007
2025-06,WEEKDAY,20,TRAIN,BP3,2074,7785
2025-06,WEEKDAY,5,TRAIN,DT21,82,0
2025-06,WEEKDAY,23,TRAIN,TE4,1096,1722
2025-06,WEEKDAY,7,TRAIN,EW25,49193,15714
2025-06,WEEKDAY,19,TRAIN,SW6,2627,9075
2025-06,WEEKDAY,14,TRAIN,EW6,8279,9199
2025-06,WEEKENDS/HOLIDAY,22,TRAIN,CG1/DT35,5806,1161
2025-06,WEEKDAY,9,TRAIN,CC20,8836,5043
2025-06,WEEKENDS/HOLIDAY,12,TRAIN,TE22,1910,4208
2025-06,WEEKENDS/HOLIDAY,18,TRAIN,EW26,14174,18348
2025-06,WEEKENDS/HOLIDAY,12,TRAIN,TE3,5800,3809
2025-06,WEEKDAY,13,TRAIN,TE6,9165,6310
2025-06,WEEKDAY,13,TRAIN,NS28,3687,1627
2025-06,WEEKENDS/HOLIDAY,15,TRAIN,DT3,2934,2633
2025-06,WEEKDAY,6,TRAIN,SW7,3567,447
2025-06,WEEKDAY,5,TRAIN,CC23,221,761
2025-06,WEEKDAY,8,TRAIN,EW24/NS1,61879,176454
2025-06,WEEKENDS/HOLIDAY,5,TRAIN,PE3,237,74
2025-06,WEEKENDS/HOLIDAY,14,TRAIN,TE12,1725,1513
2025-06,WEEKENDS/HOLIDAY,9,TRAIN,SW5,3807,2534
2025-06,WEEKDAY,19,TRAIN,BP3,2711,12022
2025-06,WEEKDAY,11,TRAIN,EW29,6237,6351
2025-06,WEEKENDS/HOLIDAY,16,TRAIN,TE7,3213,2501
2025-06,WEEKDAY,17,TRAIN,EW21/CC22,88311,27159
2025-06,WEEKENDS/HOLIDAY,0,TRAIN,DT7,4,96
2025-06,WEEKENDS/HOLIDAY,22,TRAIN,CC12,507,2073
2025-06,WEEKENDS/HOLIDAY,17,TRAIN,PW5,1778,2407
2025-06,WEEKENDS/HOLIDAY,13,TRAIN,EW10,6463,7647
2025-06,WEEKENDS/HOLIDAY,19,TRAIN,EW6,4083,7063
2025-06,WEEKDAY,9,TRAIN,SE5,3737,1149
2025-06,WEEKENDS/HOLIDAY,16,TRAIN,CC26,1292,957
2025-06,WEEKENDS/HOLIDAY,22,TRAIN,SW1,406,459
2025-06,WEEKENDS/HOLIDAY,21,TRAIN,PE1,423,2315
2025-06,WEEKDAY,5,TRAIN,PW2,2,2
2025-06,WEEKDAY,10,TRAIN,SE2,6412,2357
2025-06,WEEKDAY,8,TRAIN,NS23,16410,49768
2025-06,WEEKENDS/HOLIDAY,7,TRAIN,NE8,7629,6466
2025-06,WEEKENDS/HOLIDAY,19,TRAIN,SW1,1017,1324
2025-06,WEEKENDS/HOLIDAY,8,TRAIN,TE18,1058,3268
2025-06,WEEKENDS/HOLIDAY,0,TRAIN,DT29,27,386
2025-06,WEEKENDS/HOLIDAY,16,TRAIN,DT4,955,945
2025-06,WEEKDAY,0,TRAIN,CC5,16,65
2025-06,WEEKENDS/HOLIDAY,22,TRAIN,NS17/CC15,4394,10138
2025-06,WEEKDAY,17,TRAIN,PW2,277,207
2025-06,WEEKDAY,0,TRAIN,EW31,2,152
2025-06,WEEKDAY,12,TRAIN,NS27/CE2/TE20,6273,4980
2025-06,WEEKENDS/HOLIDAY,18,TRAIN,CC10/DT26,8344,6791
2025-06,WEEKDAY,11,TRAIN,NS25/EW13,22966,63512
2025-06,WEEKENDS/HOLIDAY,23,TRAIN,TE28,292,772
2025-06,WEEKDAY,9,TRAIN,SW2,6059,4121
2025-06,WEEKENDS/HOLIDAY,6,TRAIN,EW24/NS1,7649,11808
2025-06,WEEKENDS/HOLIDAY,20,TRAIN,CC14,1244,2421
2025-06,WEEKENDS/HOLIDAY,18,TRAIN,NE11,7601,8510
2025-06,WEEKENDS/HOLIDAY,18,TRAIN,EW8/CC9,41775,32592
2025-06,WEEKENDS/HOLIDAY,23,TRAIN,SE5,114,594
2025-06,WEEKENDS/HOLIDAY,12,TRAIN,CC26,1353,1083
2025-06,WEEKENDS/HOLIDAY,21,TRAIN,CC21,5638,2858
2025-06,WEEKENDS/HOLIDAY,14,TRAIN,CC25,2927,2778
2025-06,WEEKDAY,16,TRAIN,DT6,9679,5286
2025-06,WEEKDAY,7,TRAIN,SW8,3893,3232
2025-06,WEEKDAY,7,TRAIN,BP7,3964,996
2025-06,WEEKDAY,0,TRAIN,EW25,78,1040
2025-06,WEEKDAY,11,TRAIN,NS15,16891,13851
2025-06,WEEKENDS/HOLIDAY,13,TRAIN,TE11,1702,1682
2025-06,WEEKENDS/HOLIDAY,19,TRAIN,TE26,8117,5688
2025-06,WEEKENDS/HOLIDAY,6,TRAIN,NS27/CE2/TE20,565,341
2025-06,WEEKENDS/HOLIDAY,16,TRAIN,PW2,119,60
2025-06,WEEKENDS/HOLIDAY,13,TRAIN,NE7/DT12,19535,22715
2025-06,WEEKENDS/HOLIDAY,5,TRAIN,EW16/NE3/TE17,248,33
2025-06,WEEKENDS/HOLIDAY,16,TRAIN,DT5,8339,7122
2025-06,WEEKDAY,5,TRAIN,EW4,4324,457
2025-06,WEEKENDS/HOLIDAY,23,TRAIN,NS20,1346,1362
2025-06,WEEKDAY,11,TRAIN,CC17/TE9,5399,3008
2025-06,WEEKENDS/HOLIDAY,6,TRAIN,EW7,3612,1620
2025-06,WEEKENDS/HOLIDAY,19,TRAIN,EW9,12602,18052
2025-06,WEEKDAY,5,TRAIN,EW18,2653,636
2025-06,WEEKENDS/HOLIDAY,12,TRAIN,CC28,1993,1348
2025-06,WEEKENDS/HOLIDAY,11,TRAIN,SE3,1754,756
2025-06,WEEKENDS/HOLIDAY,5,TRAIN,PW1,12,18
2025-06,WEEKENDS/HOLIDAY,14,TRAIN,NS17/CC15,12002,7692
2025-06,WEEKDAY,19,TRAIN,DT8,4671,5608
2025-06,WEEKENDS/HOLIDAY,22,TRAIN,TE1,700,2194
2025-06,WEEKENDS/HOLIDAY,9,TRAIN,DT23,962,1636
2025-06,WEEKDAY,15,TRAIN,DT13,10165,9318
2025-06,WEEKENDS/HOLIDAY,11,TRAIN,CC12,3233,1818
2025-06,WEEKENDS/HOLIDAY,14,TRAIN,DT5,8658,6323
2025-06,WEEKENDS/HOLIDAY,19,TRAIN,PE5,1588,3236
2025-06,WEEKENDS/HOLIDAY,11,TRAIN,CC3,2576,7755
2025-06,WEEKDAY,5,TRAIN,EW16/NE3/TE17,1714,252
2025-06,WEEKENDS/HOLIDAY,21,TRAIN,CE1/DT16,67095,12715
2025-06,WEEKDAY,9,TRAIN,EW7,25438,14784
2025-06,WEEKDAY,23,TRAIN,CC4/DT15,7019,973
2025-06,WEEKENDS/HOLIDAY,9,TRAIN,DT4,1354,318
2025-06,WEEKDAY,15,TRAIN,NS7,17694,16626
2025-06,WEEKENDS/HOLIDAY,18,TRAIN,TE7,2650,2768
2025-06,WEEKENDS/HOLIDAY,19,TRAIN,CE1/DT16,34668,45502
2025-06,WEEKDAY,7,TRAIN,DT13,8223,8037
2025-06,WEEKDAY,19,TRAIN,EW7,14496,37480
2025-06,WEEKENDS/HOLIDAY,21,TRAIN,NS16,10950,24318
2025-06,WEEKDAY,15,TRAIN,CC26,3534,2439
2025-06,WEEKDAY,16,TRAIN,EW22,15231,7151
2025-06,WEEKENDS/HOLIDAY,14,TRAIN,CC16,3591,2677
2025-06,WEEKENDS/HOLIDAY,20,TRAIN,EW26,8085,17948
2025-06,WEEKENDS/HOLIDAY,11,TRAIN,DT20,2881,3294
2025-06,WEEKENDS/HOLIDAY,12,TRAIN,NS17/CC15,15806,6662
2025-06,WEEKDAY,18,TRAIN,BP7,1160,3316
2025-06,WEEKDAY,10,TRAIN,SW6,4458,1619
2025-06,WEEKENDS/HOLIDAY,0,TRAIN,EW28,8,2377
2025-06,WEEKENDS/HOLIDAY,6,TRAIN,NS3,5972,2228
2025-06,WEEKDAY,18,TRAIN,PE1,4256,8767
2025-06,WEEKENDS/HOLIDAY,9,TRAIN,NE4/DT19,9959,23445
2025-06,WEEKENDS/HOLIDAY,5,TRAIN,BP6/DT1,2385,1646
2025-06,WEEKDAY,18,TRAIN,CC25,25254,12460
2025-06,WEEKENDS/HOLIDAY,12,TRAIN,BP8,864,762
2025-06,WEEKENDS/HOLIDAY,20,TRAIN,CC21,4912,3651
2025-06,WEEKENDS/HOLIDAY,17,TRAIN,BP2,1383,1103
2025-06,WEEKENDS/HOLIDAY,8,TRAIN,CC12,2473,1264
2025-06,WEEKDAY,13,TRAIN,SW7,2555,2189
2025-06,WEEKENDS/HOLIDAY,13,TRAIN,NS16,19059,18198
2025-06,WEEKENDS/HOLIDAY,13,TRAIN,CC11,8257,6218
2025-06,WEEKDAY,15,TRAIN,CC3,7944,7123
2025-06,WEEKENDS/HOLIDAY,12,TRAIN,EW10,6224,7079
2025-06,WEEKENDS/HOLIDAY,22,TRAIN,DT28,1238,6519
2025-06,WEEKDAY,16,TRAIN,DT31,8292,8595
2025-06,WEEKDAY,20,TRAIN,TE27,2284,7762
2025-06,WEEKDAY,13,TRAIN,PW1,2438,3643
2025-06,WEEKENDS/HOLIDAY,17,TRAIN,TE1,2424,2233
2025-06,WEEKENDS/HOLIDAY,16,TRAIN,DT30,3466,3618
2025-06,WEEKENDS/HOLIDAY,16,TRAIN,NS24/NE6/CC1,27161,22045
2025-06,WEEKDAY,11,TRAIN,NE17/PTC,37962,31419
2025-06,WEEKENDS/HOLIDAY,7,TRAIN,DT33,6508,2611
2025-06,WEEKDAY,22,TRAIN,NS18,4577,19062
2025-06,WEEKDAY,10,TRAIN,TE24,3482,1460
2025-06,WEEKDAY,7,TRAIN,BP12,10681,1794
2025-06,WEEKDAY,21,TRAIN,TE7,3193,6023
2025-06,WEEKDAY,11,TRAIN,EW19,15659,8616
2025-06,WEEKDAY,22,TRAIN,DT31,3152,10295
2025-06,WEEKENDS/HOLIDAY,23,TRAIN,TE3,479,2840
2025-06,WEEKENDS/HOLIDAY,15,TRAIN,DT22,5459,5920
2025-06,WEEKENDS/HOLIDAY,7,TRAIN,NE11,2617,2397
2025-06,WEEKENDS/HOLIDAY,16,TRAIN,CC16,3243,2617
2025-06,WEEKENDS/HOLIDAY,12,TRAIN,CC5,2349,3571
2025-06,WEEKDAY,17,TRAIN,TE12,15354,3870
2025-06,WEEKENDS/HOLIDAY,23,TRAIN,BP7,2,12
2025-06,WEEKDAY,16,TRAIN,DT3,6191,6472
2025-06,WEEKDAY,14,TRAIN,TE13,4237,5337
2025-06,WEEKENDS/HOLIDAY,7,TRAIN,NS28,375,1247
2025-06,WEEKDAY,9,TRAIN,NE11,19229,13384
2025-06,WEEKDAY,0,TRAIN,TE27,26,683
2025-06,WEEKENDS/HOLIDAY,18,TRAIN,TE22,4363,9250
2025-06,WEEKDAY,8,TRAIN,PW4,10091,3391
2025-06,WEEKDAY,5,TRAIN,PW4,1907,64
2025-06,WEEKENDS/HOLIDAY,17,TRAIN,DT4,1100,1131
2025-06,WEEKDAY,17,TRAIN,SW4,3405,4684
2025-06,WEEKENDS/HOLIDAY,7,TRAIN,NS3,7645,4576
2025-06,WEEKDAY,23,TRAIN,SW8,174,1038
2025-06,WEEKDAY,7,TRAIN,CC7,11855,7310
2025-06,WEEKDAY,13,TRAIN,PW4,4590,4522
2025-06,WEEKDAY,13,TRAIN,EW21/CC22,21939,25465
2025-06,WEEKDAY,14,TRAIN,NS23,34911,38732
2025-06,WEEKDAY,17,TRAIN,PE6,9426,10323
2025-06,WEEKDAY,12,TRAIN,DT6,7652,5712
2025-06,WEEKENDS/HOLIDAY,16,TRAIN,BP3,1835,1720
2025-06,WEEKENDS/HOLIDAY,10,TRAIN,EW8/CC9,23549,45100
2025-06,WEEKDAY,8,TRAIN,CC24,10810,104120
2025-06,WEEKDAY,18,TRAIN,CC5,17995,7901
2025-06,WEEKDAY,22,TRAIN,DT25,1480,4817
2025-06,WEEKENDS/HOLIDAY,20,TRAIN,NS8,6554,7812
2025-06,WEEKDAY,8,TRAIN,CC10/DT26,35373,61202
2025-06,WEEKENDS/HOLIDAY,19,TRAIN,CC10/DT26,5865,6932
2025-06,WEEKENDS/HOLIDAY,13,TRAIN,DT4,998,897
2025-06,WEEKENDS/HOLIDAY,12,TRAIN,NS2,14462,11045
2025-06,WEEKDAY,22,TRAIN,CC5,3732,2801
2025-06,WEEKDAY,23,TRAIN,PE3,387,2719
2025-06,WEEKENDS/HOLIDAY,5,TRAIN,DT28,450,13
2025-06,WEEKDAY,19,TRAIN,BP4,1581,4483
2025-06,WEEKDAY,6,TRAIN,PE1,4115,647
2025-06,WEEKENDS/HOLIDAY,10,TRAIN,DT17,1413,2122
2025-06,WEEKDAY,10,TRAIN,DT25,3946,2362
2025-06,WEEKENDS/HOLIDAY,0,TRAIN,CC8,28,128
2025-06,WEEKDAY,9,TRAIN,CC5,3085,12535
2025-06,WEEKDAY,23,TRAIN,TE8,2282,3068
2025-06,WEEKENDS/HOLIDAY,9,TRAIN,NS18,9118,3384
2025-06,WEEKENDS/HOLIDAY,20,TRAIN,TE16,2218,4010
2025-06,WEEKENDS/HOLIDAY,7,TRAIN,TE4,1253,2135
2025-06,WEEKENDS/HOLIDAY,15,TRAIN,CC21,5451,4170
2025-06,WEEKENDS/HOLIDAY,8,TRAIN,TE22,849,1834
2025-06,WEEKENDS/HOLIDAY,17,TRAIN,NE9,11107,10293
2025-06,WEEKENDS/HOLIDAY,17,TRAIN,BP5,1039,801
2025-06,WEEKENDS/HOLIDAY,18,TRAIN,CC20,2375,2766
2025-06,WEEKDAY,12,TRAIN,CC3,5456,9582
2025-06,WEEKDAY,15,TRAIN,EW12/DT14,62633,58327
2025-06,WEEKDAY,12,TRAIN,SW3,2707,1827
2025-06,WEEKENDS/HOLIDAY,11,TRAIN,TE14/NS22,26566,59630
2025-06,WEEKENDS/HOLIDAY,5,TRAIN,CC2,17,9
2025-06,WEEKENDS/HOLIDAY,20,TRAIN,NE12/CC13,23603,28972
2025-06,WEEKDAY,5,TRAIN,PE6,1914,297
2025-06,WEEKENDS/HOLIDAY,20,TRAIN,EW27,17243,29726
2025-06,WEEKDAY,17,TRAIN,DT24,11587,9339
2025-06,WEEKENDS/HOLIDAY,15,TRAIN,BP12,1109,866
2025-06,WEEKDAY,8,TRAIN,CG2,14758,35917
2025-06,WEEKENDS/HOLIDAY,6,TRAIN,DT33,4058,1336
2025-06,WEEKENDS/HOLIDAY,15,TRAIN,NS28,3343,3747
2025-06,WEEKENDS/HOLIDAY,5,TRAIN,NE8,195,19
2025-06,WEEKENDS/HOLIDAY,18,TRAIN,EW28,14287,13774
2025-06,WEEKENDS/HOLIDAY,18,TRAIN,NS27/CE2/TE20,2736,5268
2025-06,WEEKENDS/HOLIDAY,11,TRAIN,CC14,3454,2077
2025-06,WEEKDAY,9,TRAIN,SW5,9812,4706
2025-06,WEEKENDS/HOLIDAY,14,TRAIN,EW6,4733,4820
2025-06,WEEKDAY,0,TRAIN,EW27,206,4945
2025-06,WEEKENDS/HOLIDAY,19,TRAIN,EW24/NS1,44806,33910
2025-06,WEEKENDS/HOLIDAY,14,TRAIN,SW4,1298,1545
2025-06,WEEKDAY,20,TRAIN,NE11,14277,16725
2025-06,WEEKENDS/HOLIDAY,11,TRAIN,CC2,2167,1944
2025-06,WEEKDAY,0,TRAIN,EW5,244,2351
2025-06,WEEKENDS/HOLIDAY,9,TRAIN,NE9,12333,7336
2025-06,WEEKDAY,8,TRAIN,TE13,3667,12128
2025-06,WEEKDAY,9,TRAIN,NS14,60999,19960
2025-06,WEEKENDS/HOLIDAY,8,TRAIN,CC19/DT9,1921,3781
2025-06,WEEKDAY,6,TRAIN,DT24,6152,3077
2025-06,WEEKENDS/HOLIDAY,22,TRAIN,PW4,885,1550
2025-06,WEEKDAY,13,TRAIN,EW1,24448,20797
2025-06,WEEKENDS/HOLIDAY,14,TRAIN,SE3,1125,1168
2025-06,WEEKDAY,16,TRAIN,DT22,7547,10559
2025-06,WEEKDAY,21,TRAIN,NE18,9813,6392
2025-06,WEEKDAY,15,TRAIN,EW19,12466,12935
2025-06,WEEKDAY,12,TRAIN,CC8,8415,5686
2025-06,WEEKDAY,23,TRAIN,SW1,330,575
2025-06,WEEKDAY,17,TRAIN,NS5,40517,55100
2025-06,WEEKDAY,14,TRAIN,CC4/DT15,18703,21333
2025-06,WEEKDAY,14,TRAIN,EW9,14787,14799
2025-06,WEEKENDS/HOLIDAY,19,TRAIN,NS21/DT11,27544,29412
2025-06,WEEKDAY,10,TRAIN,CC7,5344,3795
2025-06,WEEKENDS/HOLIDAY,14,TRAIN,NE15,9596,9911
2025-06,WEEKENDS/HOLIDAY,11,TRAIN,BP8,751,651
2025-06,WEEKDAY,21,TRAIN,SE4,1340,4360
2025-06,WEEKENDS/HOLIDAY,20,TRAIN,CC24,4949,1841
2025-06,WEEKENDS/HOLIDAY,16,TRAIN,NE7/DT12,19645,20539
2025-06,WEEKENDS/HOLIDAY,17,TRAIN,CC3,9026,9711
2025-06,WEEKENDS/HOLIDAY,13,TRAIN,EW23,23162,21092
2025-06,WEEKENDS/HOLIDAY,8,TRAIN,CC21,2074,3356
2025-06,WEEKDAY,16,TRAIN,NS14,26362,31308
2025-06,WEEKDAY,18,TRAIN,PE6,8117,16515
2025-06,WEEKDAY,16,TRAIN,DT17,23514,6453
2025-06,WEEKDAY,19,TRAIN,NE12/CC13,68940,135307
2025-06,WEEKDAY,8,TRAIN,TE26,14628,11890
2025-06,WEEKDAY,12,TRAIN,EW12/DT14,49765,84685
2025-06,WEEKENDS/HOLIDAY,0,TRAIN,PW1,2,13
2025-06,WEEKENDS/HOLIDAY,6,TRAIN,TE12,178,1344
2025-06,WEEKDAY,12,TRAIN,CC23,18454,15637
2025-06,WEEKENDS/HOLIDAY,16,TRAIN,DT18,2954,2736
2025-06,WEEKENDS/HOLIDAY,8,TRAIN,EW17,9423,6567
2025-06,WEEKENDS/HOLIDAY,7,TRAIN,EW3,4964,2687
2025-06,WEEKENDS/HOLIDAY,14,TRAIN,EW9,12442,11299
2025-06,WEEKDAY,18,TRAIN,EW31,20940,3501
2025-06,WEEKDAY,10,TRAIN,NE13,24185,15807
2025-06,WEEKDAY,21,TRAIN,NS11,19570,56634
2025-06,WEEKENDS/HOLIDAY,17,TRAIN,EW30,3499,1156
2025-06,WEEKDAY,11,TRAIN,NS9/TE2,43867,47090
2025-06,WEEKENDS/HOLIDAY,8,TRAIN,NS19,13451,10069
2025-06,WEEKDAY,6,TRAIN,TE18,908,3056
2025-06,WEEKDAY,11,TRAIN,NS7,21074,18605
2025-06,WEEKDAY,7,TRAIN,BP9,5631,2339
2025-06,WEEKENDS/HOLIDAY,16,TRAIN,NS2,12284,14060
2025-06,WEEKENDS/HOLIDAY,23,TRAIN,NS15,998,2698
2025-06,WEEKDAY,9,TRAIN,BP4,2840,3750
2025-06,WEEKENDS/HOLIDAY,21,TRAIN,PW3,201,991
2025-06,WEEKENDS/HOLIDAY,10,TRAIN,CC25,2839,1960
2025-06,WEEKDAY,8,TRAIN,CC19/DT9,11037,13477
2025-06,WEEKDAY,0,TRAIN,NS20,200,316
2025-06,WEEKDAY,14,TRAIN,PW1,2181,3379
2025-06,WEEKDAY,8,TRAIN,DT20,11781,18020
2025-06,WEEKENDS/HOLIDAY,23,TRAIN,EW19,747,3525
2025-06,WEEKDAY,7,TRAIN,CC6,1739,6735
2025-06,WEEKDAY,19,TRAIN,NS3,17403,47377
2025-06,WEEKENDS/HOLIDAY,20,TRAIN,EW9,10888,15012
2025-06,WEEKDAY,21,TRAIN,EW27,32047,56420
2025-06,WEEKDAY,8,TRAIN,NE13,57504,24614
2025-06,WEEKDAY,5,TRAIN,SE1,1581,729
2025-06,WEEKDAY,13,TRAIN,NS8,15505,11758
2025-06,WEEKDAY,9,TRAIN,NE10,24892,19268
2025-06,WEEKENDS/HOLIDAY,15,TRAIN,EW16/NE3/TE17,11857,8797
2025-06,WEEKDAY,10,TRAIN,DT31,8266,4126
2025-06,WEEKDAY,15,TRAIN,PW7,2466,2696
2025-06,WEEKENDS/HOLIDAY,20,TRAIN,DT34,1286,2302
2025-06,WEEKDAY,16,TRAIN,TE12,8390,3419
2025-06,WEEKENDS/HOLIDAY,22,TRAIN,DT21,2773,2676
2025-06,WEEKENDS/HOLIDAY,12,TRAIN,EW18,9432,6795
2025-06,WEEKENDS/HOLIDAY,10,TRAIN,CC4/DT15,2083,11531
2025-06,WEEKENDS/HOLIDAY,8,TRAIN,EW28,14481,7629
2025-06,WEEKENDS/HOLIDAY,12,TRAIN,NS21/DT11,28169,26711
2025-06,WEEKDAY,6,TRAIN,PE3,6331,992
2025-06,WEEKDAY,9,TRAIN,NS23,12659,54404
2025-06,WEEKDAY,15,TRAIN,SE4,2753,3246
2025-06,WEEKENDS/HOLIDAY,13,TRAIN,DT17,2449,2691
2025-06,WEEKENDS/HOLIDAY,13,TRAIN,BP4,695,702
2025-06,WEEKENDS/HOLIDAY,20,TRAIN,NS23,24117,9939
2025-06,WEEKDAY,19,TRAIN,DT2,3199,4402
2025-06,WEEKDAY,19,TRAIN,NS24/NE6/CC1,63852,48014
2025-06,WEEKDAY,10,TRAIN,CC26,2890,3894
2025-06,WEEKENDS/HOLIDAY,12,TRAIN,CC24,3776,6201
2025-06,WEEKENDS/HOLIDAY,18,TRAIN,NS10,15778,19452
2025-06,WEEKDAY,6,TRAIN,EW30,2200,10232
2025-06,WEEKENDS/HOLIDAY,7,TRAIN,PE4,498,216
2025-06,WEEKENDS/HOLIDAY,19,TRAIN,NE9,10100,10751
2025-06,WEEKDAY,19,TRAIN,DT13,17395,13825
2025-06,WEEKENDS/HOLIDAY,17,TRAIN,EW32,4950,3252
2025-06,WEEKENDS/HOLIDAY,22,TRAIN,DT24,775,2853
2025-06,WEEKDAY,23,TRAIN,DT22,4710,5595
2025-06,WEEKENDS/HOLIDAY,0,TRAIN,NS3,146,1267
2025-06,WEEKDAY,7,TRAIN,PW2,30,116
2025-06,WEEKENDS/HOLIDAY,17,TRAIN,TE5,2773,2591
2025-06,WEEKENDS/HOLIDAY,18,TRAIN,EW7,7376,9396
2025-06,WEEKENDS/HOLIDAY,6,TRAIN,SE4,760,265
2025-06,WEEKENDS/HOLIDAY,5,TRAIN,CG2,3449,345
2025-06,WEEKDAY,19,TRAIN,DT5,17675,31998
2025-06,WEEKDAY,7,TRAIN,SE4,9314,1923
2025-06,WEEKENDS/HOLIDAY,15,TRAIN,TE26,7410,6305
2025-06,WEEKENDS/HOLIDAY,20,TRAIN,CC7,2058,3809
2025-06,WEEKDAY,19,TRAIN,NS12,17174,48951
2025-06,WEEKDAY,11,TRAIN,SW7,2903,1290
2025-06,WEEKDAY,12,TRAIN,SW4,3519,2295
2025-06,WEEKDAY,21,TRAIN,NS17/CC15,15178,27804
2025-06,WEEKENDS/HOLIDAY,17,TRAIN,SW7,1224,1114
2025-06,WEEKENDS/HOLIDAY,9,TRAIN,NS19,18382,13514
2025-06,WEEKDAY,12,TRAIN,EW15,33280,38561
2025-06,WEEKDAY,20,TRAIN,NE17/PTC,37210,61555
2025-06,WEEKDAY,7,TRAIN,BP4,6293,4219
2025-06,WEEKDAY,0,TRAIN,PW7,110,354
2025-06,WEEKENDS/HOLIDAY,12,TRAIN,DT18,3074,3887
2025-06,WEEKDAY,22,TRAIN,TE15,7986,3705
2025-06,WEEKDAY,23,TRAIN,CC12,499,2267
2025-06,WEEKENDS/HOLIDAY,5,TRAIN,DT13,51,9
2025-06,WEEKDAY,14,TRAIN,SW5,7286,7584
2025-06,WEEKDAY,17,TRAIN,CC12,8722,8989
2025-06,WEEKDAY,16,TRAIN,EW8/CC9,53551,43805
2025-06,WEEKDAY,0,TRAIN,CC27,0,7
2025-06,WEEKENDS/HOLIDAY,17,TRAIN,SW1,1150,1297
2025-06,WEEKDAY,19,TRAIN,PE2,3769,13921
2025-06,WEEKDAY,11,TRAIN,NE13,22868,15082
2025-06,WEEKDAY,7,TRAIN,TE11,6161,5263
2025-06,WEEKENDS/HOLIDAY,9,TRAIN,NS7,17755,15386
2025-06,WEEKENDS/HOLIDAY,16,TRAIN,DT21,4568,3525
2025-06,WEEKDAY,23,TRAIN,DT18,6961,1483
2025-06,WEEKDAY,0,TRAIN,TE8,247,471
2025-06,WEEKDAY,19,TRAIN,EW2/DT32,69567,129305
2025-06,WEEKENDS/HOLIDAY,20,TRAIN,DT10,849,1335
2025-06,WEEKENDS/HOLIDAY,12,TRAIN,PE3,3813,2483
2025-06,WEEKDAY,21,TRAIN,NS28,1160,830
2025-06,WEEKDAY,10,TRAIN,EW7,15792,9136
2025-06,WEEKENDS/HOLIDAY,0,TRAIN,TE6,82,720
2025-06,WEEKENDS/HOLIDAY,20,TRAIN,DT7,862,1933
2025-06,WEEKDAY,0,TRAIN,EW24/NS1,975,2744
2025-06,WEEKENDS/HOLIDAY,11,TRAIN,SW5,4483,3193
2025-06,WEEKENDS/HOLIDAY,8,TRAIN,SW3,1168,457
2025-06,WEEKDAY,19,TRAIN,TE15,12505,15599
2025-06,WEEKENDS/HOLIDAY,0,TRAIN,PW4,39,233
2025-06,WEEKENDS/HOLIDAY,9,TRAIN,PW5,2425,830
2025-06,WEEKENDS/HOLIDAY,0,TRAIN,NS11,451,4098
2025-06,WEEKENDS/HOLIDAY,22,TRAIN,TE24,366,938
2025-06,WEEKDAY,17,TRAIN,NS16,55473,78573
2025-06,WEEKENDS/HOLIDAY,21,TRAIN,DT33,2182,11116
2025-06,WEEKDAY,23,TRAIN,NS20,3296,2799
2025-06,WEEKENDS/HOLIDAY,15,TRAIN,SE2,2196,2318
2025-06,WEEKENDS/HOLIDAY,10,TRAIN,CG1/DT35,2035,7846
2025-06,WEEKENDS/HOLIDAY,5,TRAIN,NS27/CE2/TE20,60,7
2025-06,WEEKDAY,7,TRAIN,NS25/EW13,5320,38561
2025-06,WEEKDAY,5,TRAIN,CC3,116,5
2025-06,WEEKENDS/HOLIDAY,9,TRAIN,CG2,6403,10033
2025-06,WEEKDAY,6,TRAIN,EW20,13858,10842
2025-06,WEEKENDS/HOLIDAY,14,TRAIN,NE9,10475,8652
2025-06,WEEKDAY,17,TRAIN,NS3,21646,40554
2025-06,WEEKENDS/HOLIDAY,22,TRAIN,DT22,7290,4029
2025-06,WEEKDAY,6,TRAIN,DT13,4401,2601
2025-06,WEEKDAY,12,TRAIN,EW10,8677,6958
2025-06,WEEKDAY,22,TRAIN,EW33,1349,2850
2025-06,WEEKDAY,8,TRAIN,NS20,32623,154014
2025-06,WEEKDAY,18,TRAIN,NS21/DT11,141939,136386
2025-06,WEEKDAY,7,TRAIN,TE8,12382,7575
2025-06,WEEKDAY,10,TRAIN,NE18,6006,9908
2025-06,WEEKDAY,8,TRAIN,PW2,91,290
2025-06,WEEKDAY,6,TRAIN,SE4,4535,624
2025-06,WEEKENDS/HOLIDAY,7,TRAIN,BP3,1801,462
2025-06,WEEKENDS/HOLIDAY,20,TRAIN,PE5,895,3281
2025-06,WEEKENDS/HOLIDAY,12,TRAIN,PW2,57,87
2025-06,WEEKENDS/HOLIDAY,0,TRAIN,DT3,10,312
2025-06,WEEKDAY,17,TRAIN,SW8,4186,2596
2025-06,WEEKENDS/HOLIDAY,16,TRAIN,EW4,7026,6281
2025-06,WEEKDAY,14,TRAIN,NE5,10797,12475
2025-06,WEEKENDS/HOLIDAY,9,TRAIN,DT13,3167,5289
2025-06,WEEKENDS/HOLIDAY,17,TRAIN,DT17,2903,3533
2025-06,WEEKDAY,5,TRAIN,PW5,1750,107
2025-06,WEEKDAY,18,TRAIN,BP4,2850,4947
2025-06,WEEKENDS/HOLIDAY,19,TRAIN,EW25,7873,7390
2025-06,WEEKDAY,5,TRAIN,TE26,466,31
2025-06,WEEKENDS/HOLIDAY,13,TRAIN,SW5,4455,3732
2025-06,WEEKENDS/HOLIDAY,18,TRAIN,EW18,7875,8243
2025-06,WEEKENDS/HOLIDAY,13,TRAIN,CC26,1179,1184
2025-06,WEEKENDS/HOLIDAY,23,TRAIN,DT6,211,1041
2025-06,WEEKENDS/HOLIDAY,13,TRAIN,DT18,3369,3445
2025-06,WEEKDAY,8,TRAIN,EW28,87327,43456
2025-06,WEEKDAY,18,TRAIN,CC6,17038,20178
2025-06,WEEKENDS/HOLIDAY,16,TRAIN,SW3,878,791
2025-06,WEEKENDS/HOLIDAY,0,TRAIN,CC5,6,46
2025-06,WEEKENDS/HOLIDAY,18,TRAIN,PW4,2594,2982
2025-06,WEEKDAY,17,TRAIN,DT18,52795,10962
2025-06,WEEKDAY,0,TRAIN,SE2,41,710
2025-06,WEEKENDS/HOLIDAY,5,TRAIN,NE7/DT12,162,33
2025-06,WEEKENDS/HOLIDAY,22,TRAIN,EW10,3368,6724
2025-06,WEEKDAY,17,TRAIN,EW29,94351,11141
2025-06,WEEKDAY,8,TRAIN,NS28,2423,3706
2025-06,WEEKENDS/HOLIDAY,10,TRAIN,EW25,5711,4433
2025-06,WEEKENDS/HOLIDAY,18,TRAIN,DT33,7456,7986
2025-06,WEEKENDS/HOLIDAY,10,TRAIN,PW2,24,56
2025-06,WEEKDAY,9,TRAIN,SW4,4685,1596
2025-06,WEEKENDS/HOLIDAY,9,TRAIN,PE2,3324,894
2025-06,WEEKDAY,23,TRAIN,NS2,3621,13607
2025-06,WEEKENDS/HOLIDAY,23,TRAIN,EW6,577,2903
2025-06,WEEKENDS/HOLIDAY,12,TRAIN,EW12/DT14,25843,43731
2025-06,WEEKDAY,8,TRAIN,CC8,23342,8985
2025-06,WEEKDAY,7,TRAIN,NE16/STC,107713,30008
2025-06,WEEKENDS/HOLIDAY,7,TRAIN,NS17/CC15,9890,3918
2025-06,WEEKENDS/HOLIDAY,19,TRAIN,TE27,2090,3132
2025-06,WEEKDAY,15,TRAIN,EW28,16336,14201
2025-06,WEEKENDS/HOLIDAY,7,TRAIN,EW23,13891,12954
2025-06,WEEKENDS/HOLIDAY,14,TRAIN,BP7,392,465
2025-06,WEEKENDS/HOLIDAY,19,TRAIN,CC24,4674,2683
2025-06,WEEKENDS/HOLIDAY,13,TRAIN,EW5,16738,14269
2025-06,WEEKDAY,11,TRAIN,TE1,4905,3857
2025-06,WEEKENDS/HOLIDAY,13,TRAIN,PE3,3296,2669
2025-06,WEEKDAY,21,TRAIN,EW29,11060,5086
2025-06,WEEKENDS/HOLIDAY,17,TRAIN,EW22,2814,2665
2025-06,WEEKENDS/HOLIDAY,5,TRAIN,CC26,86,20
2025-06,WEEKDAY,16,TRAIN,EW19,16346,15847
2025-06,WEEKENDS/HOLIDAY,20,TRAIN,DT8,656,1566
2025-06,WEEKENDS/HOLIDAY,19,TRAIN,NE13,9442,11763
2025-06,WEEKENDS/HOLIDAY,16,TRAIN,NE1/CC29,36446,33769
2025-06,WEEKENDS/HOLIDAY,15,TRAIN,TE18,7666,5071
2025-06,WEEKDAY,9,TRAIN,DT5,21347,13503
2025-06,WEEKENDS/HOLIDAY,11,TRAIN,NE15,12501,6615
2025-06,WEEKENDS/HOLIDAY,13,TRAIN,SW2,3376,2681
2025-06,WEEKDAY,11,TRAIN,DT7,3339,2691
2025-06,WEEKENDS/HOLIDAY,20,TRAIN,NE16/STC,13735,24429
2025-06,WEEKENDS/HOLIDAY,22,TRAIN,NS16,7764,22945
2025-06,WEEKDAY,9,TRAIN,EW24/NS1,37137,90956
2025-06,WEEKDAY,21,TRAIN,NS20,43142,11560
2025-06,WEEKDAY,0,TRAIN,TE22,55,63
2025-06,WEEKENDS/HOLIDAY,9,TRAIN,DT18,1249,3216
2025-06,WEEKDAY,21,TRAIN,CC11,17540,8099
2025-06,WEEKENDS/HOLIDAY,0,TRAIN,CC14,23,158
2025-06,WEEKDAY,22,TRAIN,DT10,1597,2514
2025-06,WEEKDAY,21,TRAIN,PE4,895,2313
2025-06,WEEKDAY,17,TRAIN,DT10,5581,5139
2025-06,WEEKENDS/HOLIDAY,18,TRAIN,NS12,8121,10039
2025-06,WEEKENDS/HOLIDAY,0,TRAIN,DT5,59,625
2025-06,WEEKDAY,12,TRAIN,DT21,6734,8534
2025-06,WEEKDAY,7,TRAIN,NS5,112748,32217
2025-06,WEEKDAY,14,TRAIN,NS19,31807,34722
2025-06,WEEKENDS/HOLIDAY,12,TRAIN,PW7,1776,1337
2025-06,WEEKDAY,8,TRAIN,TE1,8814,30326
2025-06,WEEKENDS/HOLIDAY,8,TRAIN,BP6/DT1,18593,10780
2025-06,WEEKENDS/HOLIDAY,12,TRAIN,NS8,9124,5449
2025-06,WEEKDAY,19,TRAIN,BP12,1623,6428
2025-06,WEEKDAY,18,TRAIN,EW25,13638,38810
2025-06,WEEKENDS/HOLIDAY,7,TRAIN,PW7,779,846
2025-06,WEEKDAY,20,TRAIN,SE1,1706,7081
2025-06,WEEKENDS/HOLIDAY,21,TRAIN,TE16,1950,4525
2025-06,WEEKDAY,21,TRAIN,NS13,38921,64867
2025-06,WEEKDAY,10,TRAIN,NE12/CC13,50416,38422
2025-06,WEEKDAY,8,TRAIN,SW8,3816,2637
2025-06,WEEKENDS/HOLIDAY,10,TRAIN,NE7/DT12,11486,26457
2025-06,WEEKDAY,19,TRAIN,SW8,1594,3409
2025-06,WEEKDAY,10,TRAIN,BP9,3356,2096
2025-06,WEEKDAY,13,TRAIN,NS20,46271,49909
2025-06,WEEKDAY,6,TRAIN,SE1,5355,2146
2025-06,WEEKENDS/HOLIDAY,15,TRAIN,SW1,1297,895
2025-06,WEEKDAY,19,TRAIN,BP8,2748,3516
2025-06,WEEKENDS/HOLIDAY,10,TRAIN,NS5,15547,6751
2025-06,WEEKDAY,5,TRAIN,DT7,309,104
2025-06,WEEKENDS/HOLIDAY,10,TRAIN,TE14/NS22,19345,55343
2025-06,WEEKDAY,5,TRAIN,TE25,65,1
2025-06,WEEKENDS/HOLIDAY,19,TRAIN,CC27,1137,664
2025-06,WEEKENDS/HOLIDAY,17,TRAIN,NS14,15627,14478
2025-06,WEEKENDS/HOLIDAY,13,TRAIN,EW6,5757,4940
2025-06,WEEKENDS/HOLIDAY,22,TRAIN,NE13,3523,9451
2025-06,WEEKENDS/HOLIDAY,7,TRAIN,CG2,6445,8608
2025-06,WEEKDAY,20,TRAIN,TE29,1478,5556
2025-06,WEEKDAY,9,TRAIN,NS10,56556,25629
2025-06,WEEKDAY,20,TRAIN,DT6,4314,5817
2025-06,WEEKDAY,21,TRAIN,NE5,25369,8495
2025-06,WEEKENDS/HOLIDAY,14,TRAIN,NS16,18148,18355
2025-06,WEEKDAY,19,TRAIN,EW8/CC9,83590,83511
2025-06,WEEKDAY,18,TRAIN,BP12,2785,7430
2025-06,WEEKDAY,9,TRAIN,NE15,39259,9027
2025-06,WEEKDAY,22,TRAIN,NS23,46430,8482
2025-06,WEEKENDS/HOLIDAY,11,TRAIN,EW3,8998,5773
2025-06,WEEKENDS/HOLIDAY,6,TRAIN,TE7,826,563
2025-06,WEEKDAY,20,TRAIN,NE7/DT12,34470,27716
2025-06,WEEKENDS/HOLIDAY,19,TRAIN,TE29,1447,2206
2025-06,WEEKENDS/HOLIDAY,11,TRAIN,NE8,12607,20712
2025-06,WEEKDAY,19,TRAIN,DT21,13834,9575
2025-06,WEEKENDS/HOLIDAY,7,TRAIN,DT7,756,1478
2025-06,WEEKENDS/HOLIDAY,6,TRAIN,BP13,449,120
2025-06,WEEKDAY,0,TRAIN,NS17/CC15,770,2318
2025-06,WEEKDAY,7,TRAIN,EW28,121554,39238
2025-06,WEEKDAY,11,TRAIN,EW17,21762,19844
2025-06,WEEKENDS/HOLIDAY,20,TRAIN,EW1,7673,15714
2025-06,WEEKDAY,14,TRAIN,EW15,30269,27126
2025-06,WEEKDAY,17,TRAIN,DT17,68020,8143
2025-06,WEEKDAY,16,TRAIN,TE28,2936,4470
2025-06,WEEKDAY,13,TRAIN,PE7,3658,3711
2025-06,WEEKENDS/HOLIDAY,5,TRAIN,PE2,481,38
2025-06,WEEKDAY,21,TRAIN,PW1,2119,363
2025-06,WEEKENDS/HOLIDAY,10,TRAIN,DT31,4175,1808
2025-06,WEEKDAY,12,TRAIN,PW2,134,137
2025-06,WEEKENDS/HOLIDAY,21,TRAIN,EW30,575,1402
2025-06,WEEKENDS/HOLIDAY,14,TRAIN,EW7,6398,6890
2025-06,WEEKDAY,20,TRAIN,NS4/BP1,27324,57151
2025-06,WEEKENDS/HOLIDAY,15,TRAIN,NE9,9859,8691
2025-06,WEEKDAY,14,TRAIN,CG2,27819,26293
2025-06,WEEKDAY,20,TRAIN,TE14/NS22,103314,33995
2025-06,WEEKDAY,12,TRAIN,BP10,3632,2702
2025-06,WEEKDAY,22,TRAIN,CC20,1314,3427
2025-06,WEEKDAY,20,TRAIN,NS11,23144,63453
2025-06,WEEKDAY,16,TRAIN,CC12,6315,5294
2025-06,WEEKDAY,16,TRAIN,CC17/TE9,7109,6128
2025-06,WEEKENDS/HOLIDAY,6,TRAIN,NS15,3416,3099
2025-06,WEEKDAY,19,TRAIN,PE7,2673,10371
2025-06,WEEKDAY,18,TRAIN,EW15,225281,56746
2025-06,WEEKENDS/HOLIDAY,8,TRAIN,NS13,22130,12203
2025-06,WEEKDAY,13,TRAIN,TE16,5573,5903
2025-06,WEEKENDS/HOLIDAY,19,TRAIN,DT6,1700,2600
2025-06,WEEKDAY,23,TRAIN,EW29,728,1385
2025-06,WEEKDAY,9,TRAIN,CC21,10558,12678
2025-06,WEEKENDS/HOLIDAY,23,TRAIN,PE7,93,1006
2025-06,WEEKDAY,16,TRAIN,NS19,36257,39980
2025-06,WEEKDAY,0,TRAIN,CC7,25,292
2025-06,WEEKDAY,8,TRAIN,TE6,44368,8662
2025-06,WEEKDAY,14,TRAIN,BP10,2504,3032
2025-06,WEEKENDS/HOLIDAY,17,TRAIN,BP8,828,851
2025-06,WEEKDAY,8,TRAIN,TE25,8814,2220
2025-06,WEEKDAY,7,TRAIN,NE12/CC13,107835,43611
2025-06,WEEKDAY,8,TRAIN,CC3,2005,21202
2025-06,WEEKENDS/HOLIDAY,21,TRAIN,NS18,2396,8751
2025-06,WEEKDAY,13,TRAIN,NS2,23078,22297
2025-06,WEEKENDS/HOLIDAY,19,TRAIN,SW7,737,1365
2025-06,WEEKENDS/HOLIDAY,8,TRAIN,NE17/PTC,16218,8776
2025-06,WEEKENDS/HOLIDAY,15,TRAIN,DT4,800,961
2025-06,WEEKDAY,13,TRAIN,CC24,19700,25118
2025-06,WEEKDAY,5,TRAIN,PW3,748,108
2025-06,WEEKDAY,22,TRAIN,BP12,361,2102
2025-06,WEEKENDS/HOLIDAY,8,TRAIN,EW22,2103,1994
2025-06,WEEKDAY,16,TRAIN,EW3,17337,18707
2025-06,WEEKDAY,19,TRAIN,NE15,15886,62515
2025-06,WEEKENDS/HOLIDAY,12,TRAIN,DT33,8061,3925
2025-06,WEEKDAY,13,TRAIN,CC27,4437,9736
2025-06,WEEKDAY,17,TRAIN,EW17,38616,46504
2025-06,WEEKENDS/HOLIDAY,18,TRAIN,CG2,14217,13512
2025-06,WEEKDAY,13,TRAIN,CC12,5684,4957
2025-06,WEEKDAY,19,TRAIN,NS21/DT11,80485,85904
2025-06,WEEKDAY,8,TRAIN,CC16,19097,21783
2025-06,WEEKENDS/HOLIDAY,17,TRAIN,CC11,10410,6398
2025-06,WEEKENDS/HOLIDAY,6,TRAIN,NE12/CC13,9333,3375
2025-06,WEEKENDS/HOLIDAY,12,TRAIN,DT6,3601,1835
2025-06,WEEKENDS/HOLIDAY,20,TRAIN,NS4/BP1,11612,21578
2025-06,WEEKENDS/HOLIDAY,11,TRAIN,CC28,2161,1146
2025-06,WEEKENDS/HOLIDAY,6,TRAIN,TE11,557,347
2025-06,WEEKENDS/HOLIDAY,13,TRAIN,SW8,928,854
2025-06,WEEKENDS/HOLIDAY,20,TRAIN,EW28,7335,15724
2025-06,WEEKENDS/HOLIDAY,22,TRAIN,PE1,313,1890
2025-06,WEEKENDS/HOLIDAY,6,TRAIN,DT29,2359,454
2025-06,WEEKDAY,21,TRAIN,DT20,7541,5776
2025-06,WEEKENDS/HOLIDAY,20,TRAIN,EW2/DT32,21546,26040
2025-06,WEEKENDS/HOLIDAY,11,TRAIN,DT24,2422,1380
2025-06,WEEKDAY,12,TRAIN,NE12/CC13,50735,55141
2025-06,WEEKDAY,22,TRAIN,CC27,3147,498
2025-06,WEEKDAY,13,TRAIN,TE25,2399,2625
2025-06,WEEKENDS/HOLIDAY,22,TRAIN,BP2,161,1009
2025-06,WEEKDAY,22,TRAIN,NE15,5777,27853
2025-06,WEEKDAY,21,TRAIN,PW2,107,9
2025-06,WEEKDAY,14,TRAIN,DT10,3046,2307
2025-06,WEEKDAY,6,TRAIN,EW3,15010,6644
2025-06,WEEKENDS/HOLIDAY,7,TRAIN,DT4,623,223
2025-06,WEEKENDS/HOLIDAY,8,TRAIN,SE4,1910,1201
2025-06,WEEKDAY,9,TRAIN,DT34,7391,7582
2025-06,WEEKDAY,10,TRAIN,DT21,5805,7398
2025-06,WEEKDAY,21,TRAIN,DT21,10639,6888
2025-06,WEEKENDS/HOLIDAY,18,TRAIN,PE2,2291,2913
2025-06,WEEKDAY,19,TRAIN,TE7,6992,11017
2025-06,WEEKDAY,10,TRAIN,CC8,7211,4701
2025-06,WEEKDAY,14,TRAIN,CC19/DT9,5643,5613
2025-06,WEEKDAY,12,TRAIN,BP11,3819,2033
2025-06,WEEKDAY,19,TRAIN,CC25,13766,9724
2025-06,WEEKENDS/HOLIDAY,6,TRAIN,CC6,228,2711
2025-06,WEEKENDS/HOLIDAY,14,TRAIN,CC24,5249,4453
2025-06,WEEKDAY,6,TRAIN,CC19/DT9,1933,3460
2025-06,WEEKDAY,5,TRAIN,TE16,318,55
2025-06,WEEKDAY,12,TRAIN,CC11,15924,13531
2025-06,WEEKDAY,9,TRAIN,EW30,978,4179
2025-06,WEEKDAY,8,TRAIN,EW6,37002,18264
2025-06,WEEKENDS/HOLIDAY,15,TRAIN,NS27/CE2/TE20,2329,3440
2025-06,WEEKENDS/HOLIDAY,12,TRAIN,TE4,2818,2059
2025-06,WEEKDAY,9,TRAIN,SW7,3931,992
2025-06,WEEKDAY,11,TRAIN,DT31,7850,4916
2025-06,WEEKDAY,6,TRAIN,NS27/CE2/TE20,2111,3682
2025-06,WEEKENDS/HOLIDAY,15,TRAIN,PW4,2572,2812
2025-06,WEEKDAY,20,TRAIN,CC24,24246,4907
2025-06,WEEKENDS/HOLIDAY,10,TRAIN,NS11,21567,9554
2025-06,WEEKDAY,14,TRAIN,NE15,15914,17037
2025-06,WEEKDAY,6,TRAIN,NS2,44699,16302
2025-06,WEEKDAY,23,TRAIN,EW9,5420,11957
2025-06,WEEKDAY,9,TRAIN,NE14,58735,15278
2025-06,WEEKDAY,18,TRAIN,CC3,26677,12840
2025-06,WEEKDAY,15,TRAIN,CC11,17402,9185
2025-06,WEEKENDS/HOLIDAY,10,TRAIN,NE10,8091,5199
2025-06,WEEKDAY,21,TRAIN,NS25/EW13,89191,12195
2025-06,WEEKDAY,18,TRAIN,BP9,2320,5473
2025-06,WEEKDAY,16,TRAIN,TE29,2553,3879
2025-06,WEEKENDS/HOLIDAY,16,TRAIN,BP11,1326,1333
2025-06,WEEKENDS/HOLIDAY,5,TRAIN,SW7,284,26
2025-06,WEEKDAY,7,TRAIN,PW6,5101,678
2025-06,WEEKDAY,20,TRAIN,CC21,13630,8997
2025-06,WEEKENDS/HOLIDAY,17,TRAIN,EW21/CC22,10827,8875
2025-06,WEEKENDS/HOLIDAY,17,TRAIN,TE25,1713,1673
2025-06,WEEKENDS/HOLIDAY,20,TRAIN,EW33,2525,3390
2025-06,WEEKDAY,9,TRAIN,PE2,9099,1943
2025-06,WEEKENDS/HOLIDAY,23,TRAIN,EW10,1482,3521
2025-06,WEEKENDS/HOLIDAY,9,TRAIN,NS27/CE2/TE20,658,1395
2025-06,WEEKENDS/HOLIDAY,10,TRAIN,EW3,9395,4601
2025-06,WEEKDAY,23,TRAIN,DT27,1269,3734
2025-06,WEEKENDS/HOLIDAY,8,TRAIN,EW30,1122,2412
2025-06,WEEKENDS/HOLIDAY,9,TRAIN,SW4,1855,691
2025-06,WEEKENDS/HOLIDAY,7,TRAIN,DT27,2860,2390
2025-06,WEEKENDS/HOLIDAY,15,TRAIN,DT31,3445,3346
2025-06,WEEKDAY,20,TRAIN,TE26,12812,9459
2025-06,WEEKDAY,14,TRAIN,TE26,11909,11967
2025-06,WEEKENDS/HOLIDAY,18,TRAIN,BP13,516,549
2025-06,WEEKDAY,5,TRAIN,NS17/CC15,5362,1328
2025-06,WEEKENDS/HOLIDAY,6,TRAIN,EW22,836,640
2025-06,WEEKENDS/HOLIDAY,6,TRAIN,EW17,4381,1953
2025-06,WEEKENDS/HOLIDAY,13,TRAIN,EW15,10566,11358
2025-06,WEEKENDS/HOLIDAY,20,TRAIN,DT21,3441,2917
2025-06,WEEKENDS/HOLIDAY,12,TRAIN,DT20,2791,3069
2025-06,WEEKENDS/HOLIDAY,23,TRAIN,CC28,112,654
2025-06,WEEKDAY,5,TRAIN,TE24,168,6
2025-06,WEEKENDS/HOLIDAY,5,TRAIN,EW2/DT32,2365,340
2025-06,WEEKDAY,12,TRAIN,TE18,12498,16299
2025-06,WEEKENDS/HOLIDAY,22,TRAIN,CC5,1522,1364
2025-06,WEEKDAY,5,TRAIN,BP7,1182,386
2025-06,WEEKENDS/HOLIDAY,14,TRAIN,SW1,1414,916
2025-06,WEEKENDS/HOLIDAY,8,TRAIN,EW5,14912,8292
2025-06,WEEKENDS/HOLIDAY,18,TRAIN,NE5,7188,9311
2025-06,WEEKDAY,11,TRAIN,EW16/NE3/TE17,39292,31443
2025-06,WEEKDAY,6,TRAIN,DT5,10318,4807
2025-06,WEEKDAY,19,TRAIN,EW10,11489,29505
2025-06,WEEKENDS/HOLIDAY,8,TRAIN,BP9,1592,1218
2025-06,WEEKENDS/HOLIDAY,5,TRAIN,TE7,117,10
2025-06,WEEKENDS/HOLIDAY,19,TRAIN,DT7,1289,2299
2025-06,WEEKDAY,21,TRAIN,DT29,2656,12094
2025-06,WEEKDAY,12,TRAIN,SE3,3167,1925
2025-06,WEEKENDS/HOLIDAY,21,TRAIN,EW9,9017,13747
2025-06,WEEKDAY,6,TRAIN,NS12,28648,7970
2025-06,WEEKDAY,12,TRAIN,EW8/CC9,43220,56051
2025-06,WEEKENDS/HOLIDAY,13,TRAIN,DT10,1762,1256
2025-06,WEEKENDS/HOLIDAY,0,TRAIN,EW14/NS26,178,76
2025-06,WEEKDAY,22,TRAIN,SE4,686,3586
2025-06,WEEKDAY,20,TRAIN,BP8,1711,2208
2025-06,WEEKDAY,13,TRAIN,CC19/DT9,6457,6035
2025-06,WEEKENDS/HOLIDAY,7,TRAIN,NE9,8360,4483
2025-06,WEEKDAY,17,TRAIN,NS21/DT11,93205,89751
2025-06,WEEKDAY,7,TRAIN,CC19/DT9,6330,9529
2025-06,WEEKENDS/HOLIDAY,20,TRAIN,NS14,7658,16296
2025-06,WEEKDAY,0,TRAIN,DT17,210,106
2025-06,WEEKENDS/HOLIDAY,5,TRAIN,TE18,26,2
2025-06,WEEKENDS/HOLIDAY,23,TRAIN,EW22,304,1269
2025-06,WEEKENDS/HOLIDAY,14,TRAIN,SE1,1786,1872
2025-06,WEEKDAY,5,TRAIN,EW27,19661,4502
2025-06,WEEKENDS/HOLIDAY,6,TRAIN,CG1/DT35,582,1146
2025-06,WEEKDAY,8,TRAIN,NS3,56012,17109
2025-06,WEEKDAY,0,TRAIN,EW4,91,2447
2025-06,WEEKDAY,16,TRAIN,NE14,23133,31518
2025-06,WEEKDAY,14,TRAIN,EW21/CC22,18356,16835
2025-06,WEEKENDS/HOLIDAY,5,TRAIN,EW12/DT14,681,130
2025-06,WEEKENDS/HOLIDAY,7,TRAIN,EW7,5674,3425
2025-06,WEEKENDS/HOLIDAY,12,TRAIN,TE26,7333,7337
2025-06,WEEKDAY,0,TRAIN,EW29,8,292
2025-06,WEEKENDS/HOLIDAY,5,TRAIN,TE27,94,0
2025-06,WEEKENDS/HOLIDAY,10,TRAIN,BP5,1149,874
2025-06,WEEKENDS/HOLIDAY,21,TRAIN,SE2,749,3323
2025-06,WEEKDAY,19,TRAIN,DT6,7222,9482
2025-06,WEEKDAY,15,TRAIN,PE1,2773,3035
2025-06,WEEKENDS/HOLIDAY,16,TRAIN,CC5,4838,3291
2025-06,WEEKENDS/HOLIDAY,12,TRAIN,TE6,5840,3306
2025-06,WEEKDAY,15,TRAIN,NS17/CC15,20332,15868
2025-06,WEEKDAY,6,TRAIN,EW12/DT14,13285,16819
2025-06,WEEKENDS/HOLIDAY,6,TRAIN,NE9,4984,3318
2025-06,WEEKENDS/HOLIDAY,8,TRAIN,TE27,2799,1060
2025-06,WEEKENDS/HOLIDAY,15,TRAIN,TE23,1156,1358
2025-06,WEEKENDS/HOLIDAY,14,TRAIN,DT17,2390,2416
2025-06,WEEKENDS/HOLIDAY,0,TRAIN,PE7,14,246
2025-06,WEEKDAY,10,TRAIN,SW2,4784,3847
2025-06,WEEKDAY,14,TRAIN,BP11,2693,2464
2025-06,WEEKDAY,6,TRAIN,TE1,10492,2851
2025-06,WEEKDAY,8,TRAIN,SE2,16954,2488
2025-06,WEEKDAY,9,TRAIN,DT28,16455,14766
2025-06,WEEKENDS/HOLIDAY,5,TRAIN,EW14/NS26,209,108
2025-06,WEEKDAY,6,TRAIN,EW21/CC22,10416,17272
2025-06,WEEKDAY,23,TRAIN,DT30,621,5998
2025-06,WEEKENDS/HOLIDAY,8,TRAIN,NS20,6813,14531
2025-06,WEEKENDS/HOLIDAY,20,TRAIN,TE23,1285,1596
2025-06,WEEKENDS/HOLIDAY,12,TRAIN,TE15,5023,5636
2025-06,WEEKDAY,20,TRAIN,SW4,1519,5949
2025-06,WEEKENDS/HOLIDAY,16,TRAIN,CC23,2221,1548
2025-06,WEEKENDS/HOLIDAY,19,TRAIN,EW2/DT32,24652,30986
2025-06,WEEKENDS/HOLIDAY,19,TRAIN,CC26,3169,2046
2025-06,WEEKDAY,14,TRAIN,CC21,9893,8204
2025-06,WEEKENDS/HOLIDAY,20,TRAIN,EW16/NE3/TE17,9798,8545
2025-06,WEEKDAY,13,TRAIN,BP9,2608,2284
2025-06,WEEKENDS/HOLIDAY,18,TRAIN,EW23,24526,27899
2025-06,WEEKDAY,7,TRAIN,EW2/DT32,111471,47464
2025-06,WEEKENDS/HOLIDAY,19,TRAIN,BP11,873,1878
2025-06,WEEKDAY,0,TRAIN,NS24/NE6/CC1,345,335
2025-06,WEEKENDS/HOLIDAY,15,TRAIN,EW21/CC22,9282,7099
2025-06,WEEKDAY,21,TRAIN,TE18,15386,4269
2025-06,WEEKENDS/HOLIDAY,16,TRAIN,SW2,2667,3004
2025-06,WEEKENDS/HOLIDAY,19,TRAIN,DT23,1844,1476
2025-06,WEEKENDS/HOLIDAY,23,TRAIN,EW8/CC9,4760,5473
2025-06,WEEKENDS/HOLIDAY,20,TRAIN,DT17,5582,2863
2025-06,WEEKENDS/HOLIDAY,21,TRAIN,SW5,2411,3384
2025-06,WEEKDAY,20,TRAIN,SE2,2161,9533
2025-06,WEEKENDS/HOLIDAY,9,TRAIN,TE22,2293,2995
2025-06,WEEKENDS/HOLIDAY,22,TRAIN,TE19,1369,504
2025-06,WEEKDAY,17,TRAIN,BP3,4366,6945
2025-06,WEEKENDS/HOLIDAY,17,TRAIN,NS10,18094,17629
2025-06,WEEKDAY,8,TRAIN,TE11,11732,5778
2025-06,WEEKDAY,12,TRAIN,CG1/DT35,11790,14492
2025-06,WEEKDAY,13,TRAIN,SW2,6018,5344
2025-06,WEEKDAY,13,TRAIN,CC14,5221,6714
2025-06,WEEKDAY,15,TRAIN,DT5,12269,12695
2025-06,WEEKDAY,10,TRAIN,DT24,5577,2701
2025-06,WEEKDAY,10,TRAIN,BP4,2626,2202
2025-06,WEEKENDS/HOLIDAY,20,TRAIN,NE5,9658,6033
2025-06,WEEKENDS/HOLIDAY,8,TRAIN,SE2,3133,1085
2025-06,WEEKENDS/HOLIDAY,9,TRAIN,TE23,1484,875
2025-06,WEEKDAY,21,TRAIN,TE13,3441,2476
2025-06,WEEKENDS/HOLIDAY,17,TRAIN,PE6,3512,3305
2025-06,WEEKENDS/HOLIDAY,17,TRAIN,NE14,14325,15200
2025-06,WEEKENDS/HOLIDAY,12,TRAIN,EW29,6043,3835
2025-06,WEEKENDS/HOLIDAY,14,TRAIN,SW2,2831,2698
2025-06,WEEKENDS/HOLIDAY,18,TRAIN,EW20,5538,5703
2025-06,WEEKENDS/HOLIDAY,19,TRAIN,TE19,1771,1454
2025-06,WEEKENDS/HOLIDAY,22,TRAIN,NS18,1889,8353
2025-06,WEEKDAY,22,TRAIN,SW6,749,4073
2025-06,WEEKDAY,17,TRAIN,TE1,23374,5296
2025-06,WEEKDAY,13,TRAIN,EW16/NE3/TE17,29646,49251
2025-06,WEEKDAY,10,TRAIN,SE1,4723,1965
2025-06,WEEKDAY,11,TRAIN,NS23,17283,43705
2025-06,WEEKENDS/HOLIDAY,23,TRAIN,NS7,9932,8703
2025-06,WEEKENDS/HOLIDAY,0,TRAIN,TE23,17,109
2025-06,WEEKENDS/HOLIDAY,10,TRAIN,TE27,3262,1651
2025-06,WEEKDAY,12,TRAIN,EW23,41305,38862
2025-06,WEEKDAY,15,TRAIN,DT25,3000,3207
2025-06,WEEKDAY,10,TRAIN,EW11,18364,17391
2025-06,WEEKDAY,13,TRAIN,PW7,2572,3052
2025-06,WEEKENDS/HOLIDAY,9,TRAIN,TE28,1871,862
2025-06,WEEKENDS/HOLIDAY,20,TRAIN,PE2,876,3327
2025-06,WEEKDAY,20,TRAIN,BP9,1064,2557
2025-06,WEEKENDS/HOLIDAY,16,TRAIN,BP2,1160,1045
2025-06,WEEKENDS/HOLIDAY,7,TRAIN,SW5,2221,748
2025-06,WEEKENDS/HOLIDAY,12,TRAIN,EW31,1938,595
2025-06,WEEKENDS/HOLIDAY,7,TRAIN,CC20,1310,1545
2025-06,WEEKDAY,16,TRAIN,BP11,2712,3291
2025-06,WEEKDAY,0,TRAIN,SW1,57,57
2025-06,WEEKDAY,5,TRAIN,SW4,1153,46
2025-06,WEEKDAY,22,TRAIN,EW8/CC9,34861,21895
2025-06,WEEKDAY,16,TRAIN,BP8,2034,1718
2025-06,WEEKENDS/HOLIDAY,9,TRAIN,CC21,3149,5715
2025-06,WEEKDAY,11,TRAIN,DT8,4256,2274
2025-06,WEEKDAY,22,TRAIN,CC4/DT15,23318,2628
2025-06,WEEKENDS/HOLIDAY,9,TRAIN,NS10,22040,10344
2025-06,WEEKDAY,6,TRAIN,NE11,6191,5333
2025-06,WEEKENDS/HOLIDAY,10,TRAIN,SW8,1212,535
2025-06,WEEKENDS/HOLIDAY,0,TRAIN,NS23,177,112
2025-06,WEEKDAY,12,TRAIN,TE5,4393,2586
2025-06,WEEKDAY,12,TRAIN,NS18,14844,9303
2025-06,WEEKDAY,10,TRAIN,BP3,4519,1511
2025-06,WEEKDAY,17,TRAIN,NE10,28800,22738
2025-06,WEEKENDS/HOLIDAY,11,TRAIN,CC16,3388,2386
2025-06,WEEKENDS/HOLIDAY,23,TRAIN,NE1/CC29,13293,2402
2025-06,WEEKDAY,21,TRAIN,EW4,6901,19885
2025-06,WEEKENDS/HOLIDAY,23,TRAIN,DT4,58,532
2025-06,WEEKENDS/HOLIDAY,9,TRAIN,TE12,1319,2333
2025-06,WEEKDAY,14,TRAIN,EW12/DT14,61477,63579
2025-06,WEEKENDS/HOLIDAY,12,TRAIN,EW5,17378,13117
2025-06,WEEKENDS/HOLIDAY,7,TRAIN,EW16/NE3/TE17,5466,9469
2025-06,WEEKDAY,13,TRAIN,NS5,22509,19395
2025-06,WEEKDAY,20,TRAIN,EW23,41245,53160
2025-06,WEEKENDS/HOLIDAY,20,TRAIN,TE5,1161,3025
2025-06,WEEKDAY,6,TRAIN,NE16/STC,39387,16318
2025-06,WEEKENDS/HOLIDAY,16,TRAIN,CC14,2680,2662
2025-06,WEEKENDS/HOLIDAY,5,TRAIN,EW24/NS1,2383,333
2025-06,WEEKDAY,15,TRAIN,CC25,4856,3966
2025-06,WEEKENDS/HOLIDAY,7,TRAIN,NS11,16255,7873
2025-06,WEEKDAY,5,TRAIN,NE14,7474,932
2025-06,WEEKDAY,6,TRAIN,DT29,12196,1910
2025-06,WEEKDAY,15,TRAIN,NE12/CC13,47372,55450
2025-06,WEEKDAY,18,TRAIN,DT29,12756,26185
2025-06,WEEKDAY,18,TRAIN,EW21/CC22,119626,49676
2025-06,WEEKDAY,21,TRAIN,NS19,21615,46619
2025-06,WEEKENDS/HOLIDAY,12,TRAIN,PW6,953,540
2025-06,WEEKENDS/HOLIDAY,15,TRAIN,EW9,12108,11168
2025-06,WEEKENDS/HOLIDAY,6,TRAIN,BP4,707,129
2025-06,WEEKDAY,10,TRAIN,NE9,25205,17190
2025-06,WEEKENDS/HOLIDAY,5,TRAIN,EW32,343,80
2025-06,WEEKENDS/HOLIDAY,20,TRAIN,BP4,377,939
2025-06,WEEKDAY,14,TRAIN,PE2,4543,4628
2025-06,WEEKDAY,16,TRAIN,EW25,8199,10590
2025-06,WEEKENDS/HOLIDAY,11,TRAIN,NS21/DT11,27371,26622
2025-06,WEEKENDS/HOLIDAY,12,TRAIN,DT7,1816,1380
2025-06,WEEKENDS/HOLIDAY,20,TRAIN,NS16,12120,22997
2025-06,WEEKDAY,12,TRAIN,NE1/CC29,32131,72728
2025-06,WEEKENDS/HOLIDAY,20,TRAIN,CC4/DT15,16833,4844
2025-06,WEEKENDS/HOLIDAY,9,TRAIN,EW22,2533,1938
2025-06,WEEKDAY,8,TRAIN,EW8/CC9,51538,101935
2025-06,WEEKENDS/HOLIDAY,7,TRAIN,SE5,818,241
2025-06,WEEKENDS/HOLIDAY,10,TRAIN,NS7,13676,12985
2025-06,WEEKDAY,15,TRAIN,TE13,4994,4388
2025-06,WEEKENDS/HOLIDAY,18,TRAIN,SW8,805,911
2025-06,WEEKENDS/HOLIDAY,17,TRAIN,DT2,1005,938
2025-06,WEEKDAY,8,TRAIN,SE1,12578,4134
2025-06,WEEKDAY,19,TRAIN,EW32,12134,6596
2025-06,WEEKDAY,5,TRAIN,DT31,2089,38
2025-06,WEEKDAY,9,TRAIN,PE5,9180,2594
2025-06,WEEKDAY,15,TRAIN,PE7,2600,3715
2025-06,WEEKDAY,22,TRAIN,TE27,1016,5340
2025-06,WEEKENDS/HOLIDAY,17,TRAIN,PW7,1783,1497
2025-06,WEEKENDS/HOLIDAY,22,TRAIN,TE15,3659,1631
2025-06,WEEKENDS/HOLIDAY,20,TRAIN,DT2,403,941
2025-06,WEEKDAY,18,TRAIN,TE22,5374,11201
2025-06,WEEKDAY,7,TRAIN,PW7,6066,4419
2025-06,WEEKENDS/HOLIDAY,20,TRAIN,TE27,1474,3143
2025-06,WEEKDAY,16,TRAIN,SW5,6967,8944
2025-06,WEEKDAY,19,TRAIN,NS4/BP1,37543,91629
2025-06,WEEKDAY,23,TRAIN,NS25/EW13,22914,2593
2025-06,WEEKENDS/HOLIDAY,16,TRAIN,CC17/TE9,2717,2258
2025-06,WEEKDAY,13,TRAIN,DT21,7665,7610
2025-06,WEEKDAY,11,TRAIN,NS2,23441,17217
2025-06,WEEKENDS/HOLIDAY,10,TRAIN,BP11,2177,900
2025-06,WEEKDAY,15,TRAIN,NE8,26884,25853
2025-06,WEEKDAY,8,TRAIN,NS4/BP1,82961,34862
2025-06,WEEKDAY,8,TRAIN,EW15,17389,220057
2025-06,WEEKENDS/HOLIDAY,15,TRAIN,NE11,7049,6801
2025-06,WEEKENDS/HOLIDAY,5,TRAIN,CC24,51,35
2025-06,WEEKDAY,6,TRAIN,EW8/CC9,22350,14744
2025-06,WEEKENDS/HOLIDAY,14,TRAIN,PW3,460,464
2025-06,WEEKENDS/HOLIDAY,10,TRAIN,NS2,13260,8575
2025-06,WEEKDAY,19,TRAIN,CG2,29758,24978
2025-06,WEEKDAY,12,TRAIN,SW2,6142,5217
2025-06,WEEKENDS/HOLIDAY,21,TRAIN,TE25,569,1403
2025-06,WEEKDAY,13,TRAIN,DT18,17011,17130
2025-06,WEEKENDS/HOLIDAY,13,TRAIN,NS4/BP1,17208,16932
2025-06,WEEKDAY,20,TRAIN,DT7,2442,4487
2025-06,WEEKENDS/HOLIDAY,9,TRAIN,NS8,11340,5165
2025-06,WEEKENDS/HOLIDAY,5,TRAIN,TE13,13,9
2025-06,WEEKENDS/HOLIDAY,22,TRAIN,SE1,464,2373
2025-06,WEEKENDS/HOLIDAY,5,TRAIN,DT33,1073,19
2025-06,WEEKDAY,17,TRAIN,CG1/DT35,47890,12526
2025-06,WEEKDAY,21,TRAIN,EW19,8196,19866
2025-06,WEEKDAY,7,TRAIN,DT27,15641,20149
2025-06,WEEKENDS/HOLIDAY,9,TRAIN,PE4,711,380
2025-06,WEEKENDS/HOLIDAY,5,TRAIN,BP3,610,48
2025-06,WEEKDAY,12,TRAIN,BP9,2719,2519
2025-06,WEEKENDS/HOLIDAY,17,TRAIN,SE5,1378,1278
2025-06,WEEKDAY,12,TRAIN,CC19/DT9,6485,6188
2025-06,WEEKDAY,13,TRAIN,NS15,16967,15715
2025-06,WEEKDAY,13,TRAIN,BP7,960,961
2025-06,WEEKENDS/HOLIDAY,18,TRAIN,BP6/DT1,17879,25077
2025-06,WEEKENDS/HOLIDAY,6,TRAIN,TE28,506,133
2025-06,WEEKENDS/HOLIDAY,18,TRAIN,CC6,8919,8771
2025-06,WEEKDAY,23,TRAIN,EW14/NS26,21068,2233
2025-06,WEEKENDS/HOLIDAY,19,TRAIN,EW10,8321,8974
2025-06,WEEKDAY,17,TRAIN,DT22,10395,16344
2025-06,WEEKENDS/HOLIDAY,7,TRAIN,TE3,3838,2767
2025-06,WEEKENDS/HOLIDAY,17,TRAIN,BP7,474,499
2025-06,WEEKENDS/HOLIDAY,15,TRAIN,CC2,2553,2540
2025-06,WEEKDAY,15,TRAIN,EW16/NE3/TE17,38013,23141
2025-06,WEEKENDS/HOLIDAY,16,TRAIN,NS14,14748,12481
2025-06,WEEKDAY,6,TRAIN,SW1,1172,3802
2025-06,WEEKDAY,23,TRAIN,CC17/TE9,875,2475
2025-06,WEEKDAY,13,TRAIN,NS9/TE2,49004,52078
2025-06,WEEKDAY,6,TRAIN,EW27,59835,42262
2025-06,WEEKDAY,0,TRAIN,EW8/CC9,566,1289
2025-06,WEEKENDS/HOLIDAY,20,TRAIN,NE7/DT12,23965,14589
2025-06,WEEKENDS/HOLIDAY,15,TRAIN,EW29,5810,3919
2025-06,WEEKDAY,18,TRAIN,BP5,3449,4678
2025-06,WEEKENDS/HOLIDAY,0,TRAIN,NS16,460,3911
2025-06,WEEKENDS/HOLIDAY,22,TRAIN,EW4,2310,7186
2025-06,WEEKDAY,22,TRAIN,NS9/TE2,28065,63082
2025-06,WEEKDAY,9,TRAIN,CC27,1179,47832
2025-06,WEEKENDS/HOLIDAY,0,TRAIN,NE7/DT12,144,346
2025-06,WEEKDAY,9,TRAIN,CC4/DT15,4307,74613
2025-06,WEEKDAY,8,TRAIN,TE15,16476,15856
2025-06,WEEKDAY,6,TRAIN,EW26,61759,25054
2025-06,WEEKDAY,13,TRAIN,DT4,1756,1591
2025-06,WEEKENDS/HOLIDAY,20,TRAIN,NE9,6874,10587
2025-06,WEEKENDS/HOLIDAY,19,TRAIN,SE5,833,1575
2025-06,WEEKDAY,0,TRAIN,SE3,32,647
2025-06,WEEKDAY,22,TRAIN,PW3,279,1247
2025-06,WEEKENDS/HOLIDAY,22,TRAIN,EW3,2595,7936
2025-06,WEEKDAY,0,TRAIN,EW28,12,3656
2025-06,WEEKENDS/HOLIDAY,21,TRAIN,NS3,3778,10585
2025-06,WEEKENDS/HOLIDAY,22,TRAIN,NE1/CC29,35719,5249
2025-06,WEEKDAY,16,TRAIN,PE5,4951,5944
2025-06,WEEKENDS/HOLIDAY,16,TRAIN,TE6,4598,4612
2025-06,WEEKDAY,15,TRAIN,NS15,20643,11435
2025-06,WEEKENDS/HOLIDAY,11,TRAIN,DT31,3951,2336
2025-06,WEEKDAY,17,TRAIN,NS18,21184,20980
2025-06,WEEKDAY,9,TRAIN,NE18,7085,16291
2025-06,WEEKENDS/HOLIDAY,11,TRAIN,DT4,1273,582
2025-06,WEEKENDS/HOLIDAY,18,TRAIN,BP2,1075,1414
2025-06,WEEKENDS/HOLIDAY,8,TRAIN,CE1/DT16,4574,14094
2025-06,WEEKDAY,23,TRAIN,PW5,188,2303
2025-06,WEEKENDS/HOLIDAY,9,TRAIN,NS17/CC15,19842,5498
2025-06,WEEKENDS/HOLIDAY,5,TRAIN,SE1,295,90
2025-06,WEEKENDS/HOLIDAY,21,TRAIN,NE15,3846,13640
2025-06,WEEKDAY,10,TRAIN,NS14,37154,16054
2025-06,WEEKDAY,21,TRAIN,NS5,13092,39430
2025-06,WEEKENDS/HOLIDAY,16,TRAIN,CC20,2067,2356
2025-06,WEEKDAY,18,TRAIN,SW3,2048,5030
2025-06,WEEKDAY,8,TRAIN,EW17,66266,38689
2025-06,WEEKDAY,23,TRAIN,DT25,563,2934
2025-06,WEEKENDS/HOLIDAY,6,TRAIN,NE4/DT19,2609,4083
2025-06,WEEKDAY,23,TRAIN,NS11,4516,26815
2025-06,WEEKDAY,19,TRAIN,NS18,15643,25564
2025-06,WEEKDAY,14,TRAIN,EW23,35916,35890
2025-06,WEEKENDS/HOLIDAY,6,TRAIN,NE10,2265,1552
2025-06,WEEKENDS/HOLIDAY,0,TRAIN,NE14,46,1364
2025-06,WEEKENDS/HOLIDAY,12,TRAIN,SW1,1409,1773
2025-06,WEEKENDS/HOLIDAY,8,TRAIN,BP13,819,305
2025-06,WEEKENDS/HOLIDAY,17,TRAIN,DT21,5129,3481
2025-06,WEEKDAY,11,TRAIN,EW21/CC22,20458,17798
2025-06,WEEKDAY,13,TRAIN,PE6,8212,8493
2025-06,WEEKENDS/HOLIDAY,6,TRAIN,BP3,1312,210
2025-06,WEEKDAY,15,TRAIN,CC10/DT26,12190,11498
2025-06,WEEKDAY,13,TRAIN,CC5,5690,5817
2025-06,WEEKENDS/HOLIDAY,19,TRAIN,EW22,1881,2629
2025-06,WEEKENDS/HOLIDAY,12,TRAIN,EW14/NS26,10340,12363
2025-06,WEEKDAY,18,TRAIN,PE3,6387,14858
2025-06,WEEKENDS/HOLIDAY,6,TRAIN,CC26,393,2401
2025-06,WEEKENDS/HOLIDAY,20,TRAIN,TE6,2215,6563
2025-06,WEEKENDS/HOLIDAY,20,TRAIN,DT4,366,1178
2025-06,WEEKENDS/HOLIDAY,22,TRAIN,NS21/DT11,17992,19757
2025-06,WEEKDAY,19,TRAIN,TE12,5876,3745
2025-06,WEEKENDS/HOLIDAY,11,TRAIN,DT17,2009,2233
2025-06,WEEKENDS/HOLIDAY,16,TRAIN,NS15,5991,5368
2025-06,WEEKENDS/HOLIDAY,23,TRAIN,NS21/DT11,10711,10641
2025-06,WEEKDAY,19,TRAIN,TE13,6020,4218
2025-06,WEEKDAY,11,TRAIN,CC11,10367,12942
2025-06,WEEKDAY,20,TRAIN,NS28,1493,918
2025-06,WEEKENDS/HOLIDAY,9,TRAIN,CC16,2907,3890
2025-06,WEEKENDS/HOLIDAY,15,TRAIN,NE16/STC,21003,21729
2025-06,WEEKDAY,15,TRAIN,DT3,6343,5101
2025-06,WEEKDAY,0,TRAIN,PE4,53,281
2025-06,WEEKENDS/HOLIDAY,10,TRAIN,EW4,8829,3611
2025-06,WEEKDAY,13,TRAIN,DT25,3713,3022
2025-06,WEEKENDS/HOLIDAY,21,TRAIN,CC6,8769,1599
2025-06,WEEKDAY,13,TRAIN,NE12/CC13,55866,52990
2025-06,WEEKDAY,5,TRAIN,CC24,189,581
2025-06,WEEKDAY,17,TRAIN,DT5,22386,24952
2025-06,WEEKDAY,15,TRAIN,NS3,14185,17491
2025-06,WEEKENDS/HOLIDAY,6,TRAIN,EW21/CC22,1993,2799
2025-06,WEEKDAY,18,TRAIN,TE27,5645,14704
2025-06,WEEKDAY,16,TRAIN,NS3,15054,22268
2025-06,WEEKENDS/HOLIDAY,5,TRAIN,NS5,2926,314
2025-06,WEEKENDS/HOLIDAY,5,TRAIN,NE16/STC,1690,419
2025-06,WEEKDAY,22,TRAIN,NS2,10697,27979
2025-06,WEEKENDS/HOLIDAY,6,TRAIN,BP8,433,356
2025-06,WEEKDAY,19,TRAIN,BP7,774,2442
2025-06,WEEKENDS/HOLIDAY,13,TRAIN,NS28,4537,3515
2025-06,WEEKENDS/HOLIDAY,7,TRAIN,SW1,819,715
2025-06,WEEKENDS/HOLIDAY,17,TRAIN,CC24,6408,3474
2025-06,WEEKDAY,23,TRAIN,DT23,1267,1279
2025-06,WEEKENDS/HOLIDAY,19,TRAIN,SW4,1106,1861
2025-06,WEEKDAY,13,TRAIN,NS24/NE6/CC1,43388,42489
2025-06,WEEKENDS/HOLIDAY,13,TRAIN,TE22,1908,4368
2025-06,WEEKDAY,13,TRAIN,EW19,12806,12510
2025-06,WEEKDAY,17,TRAIN,EW25,12329,22592
2025-06,WEEKENDS/HOLIDAY,23,TRAIN,TE15,922,780
2025-06,WEEKENDS/HOLIDAY,16,TRAIN,PE6,3290,3005
2025-06,WEEKENDS/HOLIDAY,14,TRAIN,TE14/NS22,44265,54184
2025-06,WEEKDAY,0,TRAIN,EW20,111,543
2025-06,WEEKDAY,17,TRAIN,NE14,32377,53032
2025-06,WEEKENDS/HOLIDAY,9,TRAIN,PE5,3566,1005
2025-06,WEEKENDS/HOLIDAY,11,TRAIN,BP2,1678,744
2025-06,WEEKDAY,5,TRAIN,NE7/DT12,1162,373
2025-06,WEEKDAY,10,TRAIN,NS9/TE2,47325,43638
2025-06,WEEKDAY,14,TRAIN,NE1/CC29,42394,48658
2025-06,WEEKDAY,14,TRAIN,DT34,3514,4049
2025-06,WEEKDAY,14,TRAIN,TE22,2734,5951
2025-06,WEEKDAY,11,TRAIN,EW33,3105,1825
2025-06,WEEKDAY,21,TRAIN,PW7,2104,4040
2025-06,WEEKENDS/HOLIDAY,17,TRAIN,CC23,3186,1766
2025-06,WEEKDAY,22,TRAIN,BP13,162,859
2025-06,WEEKDAY,0,TRAIN,NE4/DT19,351,756
2025-06,WEEKDAY,14,TRAIN,TE5,2779,3283
2025-06,WEEKDAY,12,TRAIN,NE9,26590,18166
2025-06,WEEKENDS/HOLIDAY,23,TRAIN,TE26,1129,1305
2025-06,WEEKENDS/HOLIDAY,15,TRAIN,DT5,7845,6716
2025-06,WEEKENDS/HOLIDAY,0,TRAIN,PW7,41,170
2025-06,WEEKENDS/HOLIDAY,11,TRAIN,EW28,14341,5702
2025-06,WEEKDAY,12,TRAIN,PW6,1802,1108
2025-06,WEEKENDS/HOLIDAY,12,TRAIN,EW6,6506,4436
2025-06,WEEKDAY,13,TRAIN,NE16/STC,46315,41867
2025-06,WEEKENDS/HOLIDAY,6,TRAIN,PW3,835,44
2025-06,WEEKDAY,10,TRAIN,DT13,7417,12618
2025-06,WEEKDAY,6,TRAIN,TE16,3924,2895
2025-06,WEEKENDS/HOLIDAY,23,TRAIN,EW2/DT32,3830,10804
2025-06,WEEKENDS/HOLIDAY,12,TRAIN,CC8,4244,3397
2025-06,WEEKDAY,13,TRAIN,NS7,16296,15414
2025-06,WEEKDAY,22,TRAIN,NE11,7103,10010
2025-06,WEEKENDS/HOLIDAY,10,TRAIN,DT6,3204,1673
2025-06,WEEKDAY,0,TRAIN,NE11,122,316
2025-06,WEEKDAY,18,TRAIN,EW28,53777,69887
2025-06,WEEKDAY,5,TRAIN,TE3,4187,606
2025-06,WEEKDAY,7,TRAIN,CC27,1209,17662
2025-06,WEEKENDS/HOLIDAY,23,TRAIN,NE15,883,5879
2025-06,WEEKENDS/HOLIDAY,23,TRAIN,TE12,329,211
2025-06,WEEKDAY,10,TRAIN,SE4,4689,2530
2025-06,WEEKENDS/HOLIDAY,6,TRAIN,CC12,754,428
2025-06,WEEKDAY,20,TRAIN,CC5,5781,3927
2025-06,WEEKENDS/HOLIDAY,16,TRAIN,TE1,2149,1493
2025-06,WEEKDAY,9,TRAIN,BP2,4852,1457
2025-06,WEEKENDS/HOLIDAY,21,TRAIN,NE7/DT12,20918,9689
2025-06,WEEKDAY,6,TRAIN,DT10,3031,1734
2025-06,WEEKENDS/HOLIDAY,23,TRAIN,TE25,174,459
2025-06,WEEKENDS/HOLIDAY,20,TRAIN,NS25/EW13,52345,11848
2025-06,WEEKENDS/HOLIDAY,19,TRAIN,NS27/CE2/TE20,2940,5146
2025-06,WEEKDAY,21,TRAIN,PE2,1211,8199
2025-06,WEEKENDS/HOLIDAY,17,TRAIN,NS2,14189,15656
2025-06,WEEKENDS/HOLIDAY,6,TRAIN,NE15,3881,1023
2025-06,WEEKENDS/HOLIDAY,17,TRAIN,DT22,6119,9296
2025-06,WEEKDAY,13,TRAIN,SW3,2234,2036
2025-06,WEEKDAY,14,TRAIN,CC7,4511,5756
2025-06,WEEKDAY,8,TRAIN,PE7,10943,2600
2025-06,WEEKDAY,22,TRAIN,TE11,1874,3740
2025-06,WEEKENDS/HOLIDAY,13,TRAIN,DT20,2578,2963
2025-06,WEEKDAY,21,TRAIN,TE23,1367,2706
2025-06,WEEKENDS/HOLIDAY,10,TRAIN,NS24/NE6/CC1,7681,16938
2025-06,WEEKENDS/HOLIDAY,5,TRAIN,BP7,205,55
2025-06,WEEKENDS/HOLIDAY,14,TRAIN,EW1,13044,11853
2025-06,WEEKDAY,18,TRAIN,NE1/CC29,153021,84750
2025-06,WEEKDAY,5,TRAIN,NS7,42488,2029
2025-06,WEEKDAY,20,TRAIN,DT22,12452,14537
2025-06,WEEKENDS/HOLIDAY,12,TRAIN,PE2,2932,1985
2025-06,WEEKENDS/HOLIDAY,9,TRAIN,DT8,2292,1116
2025-06,WEEKDAY,9,TRAIN,NS13,69339,32726
2025-06,WEEKDAY,11,TRAIN,PE5,6666,2812
2025-06,WEEKENDS/HOLIDAY,13,TRAIN,PE4,865,799
2025-06,WEEKENDS/HOLIDAY,14,TRAIN,BP12,1068,968
2025-06,WEEKDAY,12,TRAIN,TE29,3012,2186
2025-06,WEEKDAY,6,TRAIN,CC16,4770,3454
2025-06,WEEKDAY,13,TRAIN,TE5,3559,3294
2025-06,WEEKDAY,14,TRAIN,NS9/TE2,44176,52011
2025-06,WEEKENDS/HOLIDAY,19,TRAIN,DT22,9335,8440
2025-06,WEEKENDS/HOLIDAY,10,TRAIN,BP8,799,720
2025-06,WEEKENDS/HOLIDAY,10,TRAIN,PW4,2638,1797
2025-06,WEEKDAY,8,TRAIN,NE16/STC,125592,27060
2025-06,WEEKDAY,17,TRAIN,BP8,3303,2544
2025-06,WEEKDAY,10,TRAIN,NS8,21442,10228
2025-06,WEEKDAY,9,TRAIN,CC2,2057,12915
2025-06,WEEKENDS/HOLIDAY,18,TRAIN,CC14,2758,3082
2025-06,WEEKENDS/HOLIDAY,20,TRAIN,EW12/DT14,36705,20826
2025-06,WEEKDAY,9,TRAIN,DT3,13864,3311
2025-06,WEEKENDS/HOLIDAY,18,TRAIN,NE15,9420,13019
2025-06,WEEKENDS/HOLIDAY,13,TRAIN,SW3,947,986
2025-06,WEEKENDS/HOLIDAY,5,TRAIN,SW3,216,8
2025-06,WEEKDAY,15,TRAIN,NE11,15312,12607
2025-06,WEEKDAY,19,TRAIN,EW33,6665,12140
2025-06,WEEKDAY,12,TRAIN,NS17/CC15,29448,13314
2025-06,WEEKDAY,20,TRAIN,PW1,2554,812
2025-06,WEEKDAY,22,TRAIN,NS12,5497,20295
2025-06,WEEKENDS/HOLIDAY,0,TRAIN,EW32,0,564
2025-06,WEEKENDS/HOLIDAY,12,TRAIN,SE1,2185,1638
2025-06,WEEKDAY,6,TRAIN,EW31,6753,12186
2025-06,WEEKDAY,9,TRAIN,CC11,7218,69681
2025-06,WEEKENDS/HOLIDAY,18,TRAIN,TE24,1630,2037
2025-06,WEEKENDS/HOLIDAY,10,TRAIN,PW1,609,1979
2025-06,WEEKENDS/HOLIDAY,7,TRAIN,EW18,4151,4540
2025-06,WEEKENDS/HOLIDAY,9,TRAIN,DT31,4221,1994
2025-06,WEEKENDS/HOLIDAY,20,TRAIN,NS13,16792,26359
2025-06,WEEKDAY,12,TRAIN,BP2,2468,1491
2025-06,WEEKDAY,0,TRAIN,DT10,39,195
2025-06,WEEKDAY,23,TRAIN,CE1/DT16,43649,5754
2025-06,WEEKENDS/HOLIDAY,8,TRAIN,EW11,5036,5463
2025-06,WEEKDAY,19,TRAIN,CC21,13758,19875
2025-06,WEEKDAY,0,TRAIN,TE29,13,369
2025-06,WEEKDAY,14,TRAIN,EW14/NS26,41365,47775
2025-06,WEEKDAY,6,TRAIN,NS21/DT11,22435,25207
2025-06,WEEKDAY,15,TRAIN,EW7,9918,13269
2025-06,WEEKDAY,7,TRAIN,BP5,5443,2406
2025-06,WEEKENDS/HOLIDAY,20,TRAIN,TE22,10079,2823
2025-06,WEEKDAY,13,TRAIN,DT20,4565,8055
2025-06,WEEKENDS/HOLIDAY,0,TRAIN,EW7,51,592
2025-06,WEEKENDS/HOLIDAY,18,TRAIN,EW17,11556,13935
2025-06,WEEKENDS/HOLIDAY,23,TRAIN,BP8,3,18
2025-06,WEEKENDS/HOLIDAY,18,TRAIN,SE4,1415,1839
2025-06,WEEKENDS/HOLIDAY,21,TRAIN,PE3,789,3019
2025-06,WEEKDAY,23,TRAIN,DT20,3395,1861
2025-06,WEEKDAY,15,TRAIN,TE18,11445,8084
2025-06,WEEKENDS/HOLIDAY,17,TRAIN,EW10,9000,9399
2025-06,WEEKDAY,22,TRAIN,SW3,276,2119
2025-06,WEEKDAY,13,TRAIN,NS13,42682,41038
2025-06,WEEKENDS/HOLIDAY,12,TRAIN,CC4/DT15,5170,14674
2025-06,WEEKENDS/HOLIDAY,22,TRAIN,CC2,862,923
2025-06,WEEKDAY,8,TRAIN,NS24/NE6/CC1,26009,55375
2025-06,WEEKENDS/HOLIDAY,10,TRAIN,CC26,1254,981
2025-06,WEEKENDS/HOLIDAY,19,TRAIN,CG2,13602,10953
2025-06,WEEKENDS/HOLIDAY,18,TRAIN,BP4,744,910
2025-06,WEEKENDS/HOLIDAY,10,TRAIN,EW7,8667,5361
2025-06,WEEKENDS/HOLIDAY,6,TRAIN,DT13,1345,922
2025-06,WEEKDAY,10,TRAIN,EW24/NS1,30545,62552
2025-06,WEEKENDS/HOLIDAY,5,TRAIN,SE3,294,6
2025-06,WEEKDAY,11,TRAIN,NE15,20956,9897
2025-06,WEEKENDS/HOLIDAY,16,TRAIN,DT13,7389,5845
2025-06,WEEKDAY,10,TRAIN,NE14,37015,13114
2025-06,WEEKENDS/HOLIDAY,8,TRAIN,PE6,2690,1998
2025-06,WEEKENDS/HOLIDAY,10,TRAIN,NS13,22725,15883
2025-06,WEEKDAY,18,TRAIN,TE24,4592,7926
2025-06,WEEKDAY,5,TRAIN,DT33,6085,74
2025-06,WEEKENDS/HOLIDAY,10,TRAIN,NS12,11117,4691
2025-06,WEEKDAY,19,TRAIN,TE16,9410,10928
2025-06,WEEKDAY,22,TRAIN,BP8,1162,1168
2025-06,WEEKDAY,11,TRAIN,CC21,7167,12017
2025-06,WEEKENDS/HOLIDAY,10,TRAIN,NS16,21058,12944
2025-06,WEEKDAY,21,TRAIN,EW26,11748,44691
2025-06,WEEKENDS/HOLIDAY,20,TRAIN,NS18,3010,7659
2025-06,WEEKDAY,6,TRAIN,CE1/DT16,6144,23597
2025-06,WEEKENDS/HOLIDAY,17,TRAIN,CC25,4076,2596
2025-06,WEEKENDS/HOLIDAY,19,TRAIN,EW8/CC9,36266,26208
2025-06,WEEKDAY,17,TRAIN,SE5,3035,3800
2025-06,WEEKENDS/HOLIDAY,12,TRAIN,TE18,6231,8488
2025-06,WEEKENDS/HOLIDAY,10,TRAIN,CC21,3544,5970
2025-06,WEEKDAY,5,TRAIN,DT5,1633,207
2025-06,WEEKDAY,22,TRAIN,EW15,32471,6824
2025-06,WEEKDAY,21,TRAIN,EW9,15927,30921
2025-06,WEEKDAY,12,TRAIN,DT33,14605,7584
2025-06,WEEKDAY,0,TRAIN,DT5,152,1587
2025-06,WEEKENDS/HOLIDAY,10,TRAIN,NE1/CC29,9312,38741
2025-06,WEEKENDS/HOLIDAY,14,TRAIN,CC20,1894,2046
2025-06,WEEKDAY,18,TRAIN,NS10,68733,115394
2025-06,WEEKENDS/HOLIDAY,15,TRAIN,NS19,16649,17798
2025-06,WEEKENDS/HOLIDAY,8,TRAIN,TE29,1536,613
2025-06,WEEKDAY,5,TRAIN,PW6,602,12
2025-06,WEEKDAY,20,TRAIN,NS12,12034,28575
2025-06,WEEKENDS/HOLIDAY,15,TRAIN,EW23,20847,21770
2025-06,WEEKDAY,5,TRAIN,SW1,174,126
2025-06,WEEKENDS/HOLIDAY,17,TRAIN,PW4,2678,2854
2025-06,WEEKENDS/HOLIDAY,8,TRAIN,DT2,1200,655
2025-06,WEEKDAY,12,TRAIN,EW2/DT32,49207,47968
2025-06,WEEKENDS/HOLIDAY,22,TRAIN,TE6,1397,7445
2025-06,WEEKDAY,7,TRAIN,CC8,15397,9877
2025-06,WEEKENDS/HOLIDAY,20,TRAIN,EW6,2649,6599
2025-06,WEEKENDS/HOLIDAY,17,TRAIN,DT29,3379,3517
2025-06,WEEKENDS/HOLIDAY,10,TRAIN,TE15,3587,5302
2025-06,WEEKENDS/HOLIDAY,11,TRAIN,BP12,1473,739
2025-06,WEEKENDS/HOLIDAY,18,TRAIN,NE14,13774,16663
2025-06,WEEKDAY,5,TRAIN,EW24/NS1,11467,6316
2025-06,WEEKENDS/HOLIDAY,16,TRAIN,EW17,11298,12504
2025-06,WEEKENDS/HOLIDAY,6,TRAIN,NE5,773,984
2025-06,WEEKENDS/HOLIDAY,20,TRAIN,NE8,29645,20327
2025-06,WEEKENDS/HOLIDAY,19,TRAIN,EW32,2668,5168
2025-06,WEEKDAY,20,TRAIN,BP10,1402,5016
2025-06,WEEKDAY,16,TRAIN,SW3,1730,2220
2025-06,WEEKDAY,22,TRAIN,EW28,8490,26517
2025-06,WEEKDAY,15,TRAIN,EW2/DT32,44343,51285
2025-06,WEEKDAY,15,TRAIN,EW15,31870,19356
2025-06,WEEKENDS/HOLIDAY,17,TRAIN,CC20,2691,2740
2025-06,WEEKENDS/HOLIDAY,11,TRAIN,CC20,2929,2117
2025-06,WEEKDAY,5,TRAIN,TE14/NS22,975,1561
2025-06,WEEKDAY,6,TRAIN,EW25,24191,5160
2025-06,WEEKENDS/HOLIDAY,10,TRAIN,NS3,11244,6867
2025-06,WEEKDAY,9,TRAIN,SE1,7142,2394
2025-06,WEEKDAY,14,TRAIN,SW7,2086,2106
2025-06,WEEKDAY,6,TRAIN,CC14,3506,3076
2025-06,WEEKENDS/HOLIDAY,6,TRAIN,PE5,1121,176
2025-06,WEEKDAY,19,TRAIN,NS27/CE2/TE20,19379,5408
2025-06,WEEKENDS/HOLIDAY,13,TRAIN,DT13,6440,7481
2025-06,WEEKDAY,22,TRAIN,NS20,14672,7957
2025-06,WEEKDAY,23,TRAIN,NS28,406,573
2025-06,WEEKENDS/HOLIDAY,16,TRAIN,SW7,1136,1009
2025-06,WEEKDAY,21,TRAIN,EW23,35156,45754
2025-06,WEEKENDS/HOLIDAY,9,TRAIN,BP12,1682,676
2025-06,WEEKENDS/HOLIDAY,7,TRAIN,EW33,3564,2538
2025-06,WEEKDAY,20,TRAIN,CC10/DT26,13547,18004
2025-06,WEEKDAY,13,TRAIN,DT30,6337,4775
2025-06,WEEKDAY,8,TRAIN,EW22,16283,30695
2025-06,WEEKENDS/HOLIDAY,14,TRAIN,PE2,2352,2410
2025-06,WEEKENDS/HOLIDAY,5,TRAIN,SE5,168,46
2025-06,WEEKDAY,5,TRAIN,NE9,3087,54
2025-06,WEEKDAY,20,TRAIN,EW22,7866,7225
2025-06,WEEKENDS/HOLIDAY,5,TRAIN,NS7,7128,1145
2025-06,WEEKDAY,23,TRAIN,PW1,253,19
2025-06,WEEKENDS/HOLIDAY,23,TRAIN,EW30,108,624
2025-06,WEEKENDS/HOLIDAY,16,TRAIN,NS5,11662,13294
2025-06,WEEKDAY,22,TRAIN,DT33,3805,24405
2025-06,WEEKENDS/HOLIDAY,19,TRAIN,CC23,1877,1438
2025-06,WEEKENDS/HOLIDAY,14,TRAIN,EW33,2084,1575
2025-06,WEEKENDS/HOLIDAY,23,TRAIN,BP10,6,33
2025-06,WEEKDAY,22,TRAIN,NE16/STC,13865,47902
2025-06,WEEKDAY,20,TRAIN,NE14,16535,50404
2025-06,WEEKENDS/HOLIDAY,13,TRAIN,BP5,1119,870
2025-06,WEEKENDS/HOLIDAY,7,TRAIN,TE27,1570,633
2025-06,WEEKENDS/HOLIDAY,18,TRAIN,NS13,21255,31434
2025-06,WEEKENDS/HOLIDAY,8,TRAIN,CC10/DT26,6222,5392
2025-06,WEEKENDS/HOLIDAY,18,TRAIN,DT5,8438,8938
2025-06,WEEKDAY,20,TRAIN,EW7,8278,26110
2025-06,WEEKDAY,11,TRAIN,EW15,24876,42631
2025-06,WEEKDAY,17,TRAIN,EW27,82814,102936
2025-06,WEEKDAY,6,TRAIN,NS19,25962,17881
2025-06,WEEKENDS/HOLIDAY,9,TRAIN,NE18,2978,3140
2025-06,WEEKDAY,12,TRAIN,EW6,10362,8720
2025-06,WEEKDAY,6,TRAIN,BP9,3716,1352
2025-06,WEEKDAY,11,TRAIN,CG2,15914,26072
2025-06,WEEKDAY,9,TRAIN,PW2,63,151
2025-06,WEEKENDS/HOLIDAY,15,TRAIN,TE12,2078,1342
2025-06,WEEKDAY,9,TRAIN,EW8/CC9,34000,82306
2025-06,WEEKENDS/HOLIDAY,10,TRAIN,DT10,2462,1050
2025-06,WEEKDAY,11,TRAIN,TE11,3825,2087
2025-06,WEEKENDS/HOLIDAY,19,TRAIN,SE4,1052,1828
2025-06,WEEKDAY,12,TRAIN,CC6,8293,9473
2025-06,WEEKDAY,18,TRAIN,NS19,84651,92454
2025-06,WEEKDAY,7,TRAIN,EW12/DT14,19179,46987
2025-06,WEEKDAY,0,TRAIN,PE3,41,804
2025-06,WEEKENDS/HOLIDAY,12,TRAIN,NS5,14597,9655
2025-06,WEEKDAY,7,TRAIN,TE23,2895,1466
2025-06,WEEKDAY,21,TRAIN,DT23,3701,3734
2025-06,WEEKDAY,16,TRAIN,EW11,17683,16399
2025-06,WEEKENDS/HOLIDAY,16,TRAIN,EW30,3102,495
2025-06,WEEKENDS/HOLIDAY,14,TRAIN,EW29,4936,4038
2025-06,WEEKENDS/HOLIDAY,6,TRAIN,CC19/DT9,412,1097
2025-06,WEEKDAY,22,TRAIN,EW7,4857,17682
2025-06,WEEKENDS/HOLIDAY,17,TRAIN,CE1/DT16,31495,36697
2025-06,WEEKENDS/HOLIDAY,15,TRAIN,SW7,1010,1073
2025-06,WEEKDAY,20,TRAIN,TE12,3398,2504
2025-06,WEEKENDS/HOLIDAY,16,TRAIN,SW4,1270,1471
2025-06,WEEKENDS/HOLIDAY,13,TRAIN,CE1/DT16,20340,29921
2025-06,WEEKDAY,11,TRAIN,NE7/DT12,26448,32288
2025-06,WEEKDAY,23,TRAIN,EW11,5207,6477
2025-06,WEEKENDS/HOLIDAY,19,TRAIN,BP7,292,507
2025-06,WEEKDAY,11,TRAIN,EW4,13767,6231
2025-06,WEEKDAY,15,TRAIN,DT22,7024,8241
2025-06,WEEKENDS/HOLIDAY,7,TRAIN,DT29,3227,1114
2025-06,WEEKENDS/HOLIDAY,18,TRAIN,NS23,26572,21075
2025-06,WEEKENDS/HOLIDAY,14,TRAIN,EW21/CC22,10594,9477
2025-06,WEEKENDS/HOLIDAY,18,TRAIN,DT7,1768,2616
2025-06,WEEKENDS/HOLIDAY,10,TRAIN,PE3,3804,2347
2025-06,WEEKENDS/HOLIDAY,22,TRAIN,SW4,335,1468
2025-06,WEEKENDS/HOLIDAY,0,TRAIN,NE10,45,228
2025-06,WEEKENDS/HOLIDAY,19,TRAIN,TE14/NS22,54022,27063
2025-06,WEEKENDS/HOLIDAY,14,TRAIN,BP5,1012,821
2025-06,WEEKENDS/HOLIDAY,23,TRAIN,NS3,1058,4746
2025-06,WEEKENDS/HOLIDAY,23,TRAIN,SE4,76,837
2025-06,WEEKDAY,13,TRAIN,NS12,14611,12423
2025-06,WEEKDAY,7,TRAIN,EW19,35551,21015
2025-06,WEEKDAY,17,TRAIN,DT2,10904,2729
2025-06,WEEKENDS/HOLIDAY,22,TRAIN,NS2,4634,12237
2025-06,WEEKDAY,22,TRAIN,EW23,21292,35391
2025-06,WEEKDAY,18,TRAIN,EW29,69280,15465
2025-06,WEEKDAY,9,TRAIN,NS25/EW13,12103,95760
2025-06,WEEKENDS/HOLIDAY,11,TRAIN,DT28,5209,2116
2025-06,WEEKDAY,23,TRAIN,TE29,313,1567
2025-06,WEEKENDS/HOLIDAY,14,TRAIN,PE4,813,857
2025-06,WEEKDAY,21,TRAIN,EW18,10956,17711
2025-06,WEEKENDS/HOLIDAY,16,TRAIN,NS23,25026,23608
2025-06,WEEKENDS/HOLIDAY,19,TRAIN,BP5,817,904
2025-06,WEEKDAY,8,TRAIN,PE4,3882,1527
2025-06,WEEKDAY,8,TRAIN,NE11,33852,24339
2025-06,WEEKENDS/HOLIDAY,20,TRAIN,DT29,1608,4338
2025-06,WEEKDAY,11,TRAIN,TE25,3079,1864
2025-06,WEEKDAY,15,TRAIN,BP12,2066,1855
2025-06,WEEKDAY,11,TRAIN,BP2,2741,1088
2025-06,WEEKENDS/HOLIDAY,14,TRAIN,PW1,1642,1826
2025-06,WEEKDAY,10,TRAIN,TE29,3890,1092
2025-06,WEEKDAY,17,TRAIN,NS11,54587,65467
2025-06,WEEKDAY,8,TRAIN,EW30,2398,21544
2025-06,WEEKENDS/HOLIDAY,7,TRAIN,TE19,332,922
2025-06,WEEKDAY,12,TRAIN,CC27,8079,5155
2025-06,WEEKENDS/HOLIDAY,5,TRAIN,CC28,151,12
2025-06,WEEKDAY,15,TRAIN,NE18,10602,8646
2025-06,WEEKDAY,14,TRAIN,PW3,678,703
2025-06,WEEKDAY,21,TRAIN,SE1,1145,6775
2025-06,WEEKENDS/HOLIDAY,23,TRAIN,EW18,1075,3219
2025-06,WEEKDAY,0,TRAIN,EW19,129,793
2025-06,WEEKDAY,17,TRAIN,TE6,10688,20709
2025-06,WEEKDAY,11,TRAIN,BP5,2066,1509
2025-06,WEEKENDS/HOLIDAY,11,TRAIN,NS12,11147,4953
2025-06,WEEKDAY,21,TRAIN,NS21/DT11,50554,58615
2025-06,WEEKENDS/HOLIDAY,18,TRAIN,NS17/CC15,12852,10258
2025-06,WEEKDAY,23,TRAIN,NE9,3400,9443
2025-06,WEEKDAY,16,TRAIN,NE15,15359,24193
2025-06,WEEKENDS/HOLIDAY,10,TRAIN,DT4,1417,450
2025-06,WEEKDAY,0,TRAIN,NE16/STC,542,3981
2025-06,WEEKENDS/HOLIDAY,6,TRAIN,TE23,205,377
2025-06,WEEKDAY,17,TRAIN,SE3,2583,4611
2025-06,WEEKDAY,16,TRAIN,TE8,9885,9950
2025-06,WEEKENDS/HOLIDAY,14,TRAIN,TE26,7418,6478
2025-06,WEEKDAY,19,TRAIN,NS23,56498,50870
2025-06,WEEKENDS/HOLIDAY,14,TRAIN,TE4,2597,1856
2025-06,WEEKDAY,12,TRAIN,CC26,5865,3332
2025-06,WEEKENDS/HOLIDAY,22,TRAIN,DT4,178,914
2025-06,WEEKENDS/HOLIDAY,12,TRAIN,EW33,2761,1321
2025-06,WEEKDAY,18,TRAIN,NE4/DT19,120636,90576
2025-06,WEEKENDS/HOLIDAY,22,TRAIN,NS9/TE2,15033,28345
2025-06,WEEKENDS/HOLIDAY,10,TRAIN,NE13,13339,11253
2025-06,WEEKDAY,8,TRAIN,CC14,20849,17537
2025-06,WEEKENDS/HOLIDAY,8,TRAIN,DT17,662,2333
2025-06,WEEKENDS/HOLIDAY,18,TRAIN,CC5,3587,2557
2025-06,WEEKENDS/HOLIDAY,5,TRAIN,PW5,521,14
2025-06,WEEKENDS/HOLIDAY,12,TRAIN,PW3,564,405
2025-06,WEEKENDS/HOLIDAY,6,TRAIN,TE26,770,452
2025-06,WEEKENDS/HOLIDAY,10,TRAIN,CC7,3185,2088
2025-06,WEEKDAY,8,TRAIN,TE24,7563,2724
2025-06,WEEKDAY,21,TRAIN,NE16/STC,27192,55766
2025-06,WEEKDAY,6,TRAIN,TE7,4052,2224
2025-06,WEEKENDS/HOLIDAY,12,TRAIN,TE11,2205,1350
2025-06,WEEKDAY,17,TRAIN,TE22,4574,9228
2025-06,WEEKDAY,17,TRAIN,BP2,3037,4593
2025-06,WEEKENDS/HOLIDAY,14,TRAIN,EW32,2383,1459
2025-06,WEEKENDS/HOLIDAY,22,TRAIN,CC7,1422,3276
2025-06,WEEKDAY,5,TRAIN,EW14/NS26,567,2564
2025-06,WEEKDAY,5,TRAIN,TE18,129,24
2025-06,WEEKDAY,21,TRAIN,DT27,5885,9086
2025-06,WEEKDAY,19,TRAIN,SW4,2396,8551
2025-06,WEEKENDS/HOLIDAY,23,TRAIN,CC3,2547,338
2025-06,WEEKDAY,8,TRAIN,DT33,82774,14352
2025-06,WEEKDAY,22,TRAIN,PE7,512,4170
2025-06,WEEKENDS/HOLIDAY,16,TRAIN,NE11,7494,6984
2025-06,WEEKDAY,18,TRAIN,TE28,4332,11492
2025-06,WEEKENDS/HOLIDAY,9,TRAIN,CC3,1510,8202
2025-06,WEEKDAY,14,TRAIN,SE2,3820,4361
2025-06,WEEKENDS/HOLIDAY,22,TRAIN,EW27,9084,22075
2025-06,WEEKENDS/HOLIDAY,12,TRAIN,BP10,1625,1236
2025-06,WEEKDAY,12,TRAIN,DT17,34346,17534
2025-06,WEEKDAY,6,TRAIN,BP6/DT1,50892,22542
2025-06,WEEKDAY,16,TRAIN,NS24/NE6/CC1,43112,32620
2025-06,WEEKENDS/HOLIDAY,14,TRAIN,DT30,3321,3133
2025-06,WEEKENDS/HOLIDAY,22,TRAIN,NE10,2169,5797
2025-06,WEEKENDS/HOLIDAY,21,TRAIN,PE4,502,941
2025-06,WEEKDAY,17,TRAIN,PW4,5760,7996
2025-06,WEEKDAY,6,TRAIN,CC21,3463,3159
2025-06,WEEKENDS/HOLIDAY,15,TRAIN,CC20,1846,2207
2025-06,WEEKENDS/HOLIDAY,23,TRAIN,NS8,2853,4294
2025-06,WEEKDAY,14,TRAIN,CC14,4197,6081
2025-06,WEEKENDS/HOLIDAY,15,TRAIN,DT24,1807,1916
2025-06,WEEKENDS/HOLIDAY,5,TRAIN,DT30,311,4
2025-06,WEEKENDS/HOLIDAY,12,TRAIN,NE12/CC13,29620,29041
2025-06,WEEKENDS/HOLIDAY,9,TRAIN,NE5,1947,5820
2025-06,WEEKDAY,10,TRAIN,EW4,14967,6287
2025-06,WEEKENDS/HOLIDAY,13,TRAIN,TE13,1831,1751
2025-06,WEEKENDS/HOLIDAY,0,TRAIN,NS10,410,3692
2025-06,WEEKDAY,10,TRAIN,DT27,8092,7437
2025-06,WEEKENDS/HOLIDAY,8,TRAIN,EW18,6156,6503
2025-06,WEEKDAY,12,TRAIN,EW26,26599,13580
2025-06,WEEKENDS/HOLIDAY,13,TRAIN,CC8,4201,3648
2025-06,WEEKDAY,6,TRAIN,BP7,2887,439
2025-06,WEEKENDS/HOLIDAY,10,TRAIN,EW21/CC22,11450,8419
2025-06,WEEKENDS/HOLIDAY,21,TRAIN,DT25,895,2406
2025-06,WEEKENDS/HOLIDAY,12,TRAIN,NE5,4790,7310
2025-06,WEEKDAY,14,TRAIN,EW30,1982,1061
2025-06,WEEKDAY,11,TRAIN,SW6,3962,1797
2025-06,WEEKDAY,5,TRAIN,DT22,1689,1
2025-06,WEEKENDS/HOLIDAY,19,TRAIN,TE5,1924,2854
2025-06,WEEKENDS/HOLIDAY,5,TRAIN,NE17/PTC,1714,509
2025-06,WEEKENDS/HOLIDAY,19,TRAIN,EW12/DT14,41094,25666
2025-06,WEEKENDS/HOLIDAY,22,TRAIN,DT34,553,1951
2025-06,WEEKDAY,15,TRAIN,CC27,5790,2316
2025-06,WEEKDAY,14,TRAIN,EW28,15854,12929
2025-06,WEEKDAY,6,TRAIN,EW15,5281,28816
2025-06,WEEKDAY,17,TRAIN,TE3,22536,17062
2025-06,WEEKDAY,11,TRAIN,NS8,18045,9108
2025-06,WEEKENDS/HOLIDAY,21,TRAIN,NE1/CC29,48614,8892
2025-06,WEEKDAY,15,TRAIN,CC6,7604,7416
2025-06,WEEKENDS/HOLIDAY,15,TRAIN,NS20,16553,11386
2025-06,WEEKDAY,18,TRAIN,EW9,44552,62569
2025-06,WEEKENDS/HOLIDAY,22,TRAIN,NE9,3278,8895
2025-06,WEEKENDS/HOLIDAY,11,TRAIN,NE14,17718,8024
2025-06,WEEKENDS/HOLIDAY,5,TRAIN,TE28,37,0
2025-06,WEEKDAY,20,TRAIN,CC12,2805,8812
2025-06,WEEKDAY,9,TRAIN,TE28,6581,2132
2025-06,WEEKENDS/HOLIDAY,6,TRAIN,CC16,891,646
2025-06,WEEKENDS/HOLIDAY,13,TRAIN,NE18,4898,5762
2025-06,WEEKENDS/HOLIDAY,6,TRAIN,NE11,1201,1160
2025-06,WEEKDAY,23,TRAIN,DT6,435,2150
2025-06,WEEKDAY,0,TRAIN,DT22,328,612
2025-06,WEEKDAY,17,TRAIN,TE27,5634,9113
2025-06,WEEKDAY,9,TRAIN,TE3,15176,8130
2025-06,WEEKENDS/HOLIDAY,22,TRAIN,NE17/PTC,8323,15726
2025-06,WEEKDAY,13,TRAIN,EW26,23285,16606
2025-06,WEEKENDS/HOLIDAY,11,TRAIN,EW25,6002,4891
2025-06,WEEKENDS/HOLIDAY,13,TRAIN,TE25,1385,1388
2025-06,WEEKDAY,21,TRAIN,CC25,3384,5633
2025-06,WEEKENDS/HOLIDAY,12,TRAIN,DT8,1739,1209
2025-06,WEEKDAY,7,TRAIN,NE9,42296,30268
2025-06,WEEKDAY,19,TRAIN,EW15,101885,30668
2025-06,WEEKENDS/HOLIDAY,8,TRAIN,PW6,856,234
2025-06,WEEKDAY,18,TRAIN,DT10,7112,7870
2025-06,WEEKDAY,15,TRAIN,EW24/NS1,64171,54430
2025-06,WEEKENDS/HOLIDAY,6,TRAIN,EW4,3364,1506
2025-06,WEEKDAY,7,TRAIN,DT34,9692,8841
2025-06,WEEKENDS/HOLIDAY,15,TRAIN,NS5,10976,12390
2025-06,WEEKDAY,21,TRAIN,BP13,427,1288
2025-06,WEEKDAY,6,TRAIN,NS28,249,1468
2025-06,WEEKDAY,10,TRAIN,CC10/DT26,14206,12318
2025-06,WEEKENDS/HOLIDAY,15,TRAIN,EW18,6782,7460
2025-06,WEEKENDS/HOLIDAY,7,TRAIN,NS20,3274,10083
2025-06,WEEKENDS/HOLIDAY,7,TRAIN,CC21,1223,1985
2025-06,WEEKDAY,17,TRAIN,NE11,21969,23519
2025-06,WEEKDAY,9,TRAIN,EW4,23314,10247
2025-06,WEEKENDS/HOLIDAY,8,TRAIN,TE28,1565,686
2025-06,WEEKENDS/HOLIDAY,6,TRAIN,BP12,1005,130
2025-06,WEEKENDS/HOLIDAY,16,TRAIN,CC25,3459,2583
2025-06,WEEKDAY,11,TRAIN,NE8,19964,27130
2025-06,WEEKENDS/HOLIDAY,11,TRAIN,PW7,1645,1200
2025-06,WEEKDAY,12,TRAIN,EW25,8410,5246
2025-06,WEEKENDS/HOLIDAY,9,TRAIN,TE6,7422,2426
2025-06,WEEKDAY,22,TRAIN,EW19,5442,15116
2025-06,WEEKDAY,20,TRAIN,EW29,28979,9159
2025-06,WEEKDAY,11,TRAIN,PE7,4353,2032
2025-06,WEEKDAY,6,TRAIN,NE5,982,5912
2025-06,WEEKDAY,16,TRAIN,NE5,14279,12327
2025-06,WEEKENDS/HOLIDAY,5,TRAIN,EW15,206,49
2025-06,WEEKDAY,19,TRAIN,CC17/TE9,7259,11927
2025-06,WEEKDAY,6,TRAIN,TE3,13449,7888
2025-06,WEEKENDS/HOLIDAY,5,TRAIN,DT29,398,19
2025-06,WEEKENDS/HOLIDAY,11,TRAIN,NS4/BP1,17166,14029
2025-06,WEEKDAY,14,TRAIN,BP12,2155,1862
2025-06,WEEKDAY,23,TRAIN,EW28,2806,13820
2025-06,WEEKDAY,21,TRAIN,EW32,3236,3114
2025-06,WEEKDAY,11,TRAIN,DT22,7684,8780
2025-06,WEEKENDS/HOLIDAY,18,TRAIN,TE25,1636,1741
2025-06,WEEKDAY,17,TRAIN,DT23,16157,5494
2025-06,WEEKDAY,18,TRAIN,NS2,54524,102222
2025-06,WEEKDAY,9,TRAIN,NS19,53951,38818
2025-06,WEEKDAY,17,TRAIN,TE15,14901,15406
2025-06,WEEKDAY,21,TRAIN,EW17,18798,30287
2025-06,WEEKDAY,15,TRAIN,DT23,3627,2833
2025-06,WEEKENDS/HOLIDAY,11,TRAIN,BP11,2109,941
2025-06,WEEKENDS/HOLIDAY,12,TRAIN,SW4,1825,1260
2025-06,WEEKDAY,9,TRAIN,NS9/TE2,65604,48414
2025-06,WEEKENDS/HOLIDAY,8,TRAIN,CC26,1566,1465
2025-06,WEEKENDS/HOLIDAY,9,TRAIN,EW30,920,545
2025-06,WEEKDAY,22,TRAIN,NS15,10240,13340
2025-06,WEEKENDS/HOLIDAY,7,TRAIN,TE12,446,1893
2025-06,WEEKDAY,8,TRAIN,EW19,55314,27482
2025-06,WEEKDAY,0,TRAIN,EW21/CC22,288,690
2025-06,WEEKENDS/HOLIDAY,11,TRAIN,BP4,916,392
2025-06,WEEKDAY,21,TRAIN,DT8,1764,2876
2025-06,WEEKDAY,23,TRAIN,DT5,2426,7324
2025-06,WEEKENDS/HOLIDAY,5,TRAIN,NS24/NE6/CC1,129,45
2025-06,WEEKENDS/HOLIDAY,9,TRAIN,TE13,1521,2194
2025-06,WEEKENDS/HOLIDAY,9,TRAIN,BP7,580,371
2025-06,WEEKENDS/HOLIDAY,21,TRAIN,EW15,9028,4186
2025-06,WEEKENDS/HOLIDAY,14,TRAIN,NS12,7705,7255
2025-06,WEEKDAY,8,TRAIN,CC21,14672,12859
2025-06,WEEKDAY,17,TRAIN,EW26,51671,59026
2025-06,WEEKENDS/HOLIDAY,8,TRAIN,EW29,4640,7539
2025-06,WEEKDAY,13,TRAIN,CC28,3583,2820
2025-06,WEEKENDS/HOLIDAY,14,TRAIN,CG1/DT35,8553,10816
2025-06,WEEKDAY,8,TRAIN,CC6,4406,12760
2025-06,WEEKDAY,20,TRAIN,NE4/DT19,80677,34572
2025-06,WEEKENDS/HOLIDAY,8,TRAIN,PW5,2293,706
2025-06,WEEKENDS/HOLIDAY,20,TRAIN,BP9,569,900
2025-06,WEEKENDS/HOLIDAY,14,TRAIN,EW27,20430,21249
2025-06,WEEKENDS/HOLIDAY,6,TRAIN,SW6,762,210
2025-06,WEEKENDS/HOLIDAY,21,TRAIN,NE14,5126,18071
2025-06,WEEKDAY,14,TRAIN,DT22,7522,7387
2025-06,WEEKDAY,6,TRAIN,EW16/NE3/TE17,9868,37284
2025-06,WEEKDAY,5,TRAIN,EW26,18385,2075
2025-06,WEEKENDS/HOLIDAY,19,TRAIN,EW29,7298,8883
2025-06,WEEKENDS/HOLIDAY,11,TRAIN,NS23,7621,22425
2025-06,WEEKENDS/HOLIDAY,8,TRAIN,NS11,20718,8916
2025-06,WEEKENDS/HOLIDAY,7,TRAIN,DT5,3955,4233
2025-06,WEEKENDS/HOLIDAY,22,TRAIN,NE7/DT12,12873,5568
2025-06,WEEKDAY,7,TRAIN,EW10,28614,9028
2025-06,WEEKENDS/HOLIDAY,11,TRAIN,NS18,7619,3701
2025-06,WEEKENDS/HOLIDAY,8,TRAIN,EW23,18095,14206
2025-06,WEEKENDS/HOLIDAY,16,TRAIN,NS21/DT11,29278,29712
2025-06,WEEKDAY,15,TRAIN,PW2,133,98
2025-06,WEEKDAY,17,TRAIN,EW22,26778,12931
2025-06,WEEKENDS/HOLIDAY,10,TRAIN,NS10,21430,8919
2025-06,WEEKDAY,7,TRAIN,TE4,8525,16699
2025-06,WEEKDAY,16,TRAIN,TE19,14880,3690
2025-06,WEEKDAY,13,TRAIN,TE15,12004,10455
2025-06,WEEKENDS/HOLIDAY,6,TRAIN,EW29,2493,7331
2025-06,WEEKDAY,14,TRAIN,DT5,12119,11578
2025-06,WEEKDAY,7,TRAIN,DT24,13858,7125
2025-06,WEEKDAY,12,TRAIN,NS14,28087,18547
2025-06,WEEKDAY,12,TRAIN,TE14/NS22,53294,104407
2025-06,WEEKENDS/HOLIDAY,21,TRAIN,SW4,410,1702
2025-06,WEEKDAY,11,TRAIN,TE28,3854,2243
2025-06,WEEKDAY,13,TRAIN,TE8,11079,9102
2025-06,WEEKDAY,19,TRAIN,EW25,10389,27827
2025-06,WEEKENDS/HOLIDAY,19,TRAIN,BP13,334,582
2025-06,WEEKDAY,8,TRAIN,PW6,5274,1062
2025-06,WEEKENDS/HOLIDAY,6,TRAIN,EW30,970,1512
2025-06,WEEKDAY,20,TRAIN,NE18,10196,8612
2025-06,WEEKDAY,6,TRAIN,TE6,15552,2653
2025-06,WEEKDAY,15,TRAIN,CE1/DT16,33816,33232
2025-06,WEEKDAY,16,TRAIN,TE5,3676,4731
2025-06,WEEKENDS/HOLIDAY,16,TRAIN,BP8,772,710
2025-06,WEEKENDS/HOLIDAY,0,TRAIN,EW9,186,708
2025-06,WEEKENDS/HOLIDAY,13,TRAIN,BP2,1345,945
2025-06,WEEKDAY,18,TRAIN,NS7,39724,52400
2025-06,WEEKENDS/HOLIDAY,7,TRAIN,PE3,1536,734
2025-06,WEEKDAY,18,TRAIN,NS20,132966,52801
2025-06,WEEKDAY,12,TRAIN,EW20,11999,8864
2025-06,WEEKENDS/HOLIDAY,23,TRAIN,SW3,72,536
2025-06,WEEKDAY,20,TRAIN,CC17/TE9,3781,7210
2025-06,WEEKENDS/HOLIDAY,6,TRAIN,CC8,1448,683
2025-06,WEEKDAY,8,TRAIN,NE14,109555,21364
2025-06,WEEKDAY,22,TRAIN,NS17/CC15,10554,24354
2025-06,WEEKDAY,18,TRAIN,DT2,7574,5429
2025-06,WEEKENDS/HOLIDAY,9,TRAIN,DT7,2356,1320
2025-06,WEEKDAY,6,TRAIN,DT31,10896,3678
2025-06,WEEKDAY,15,TRAIN,SE3,1822,2368
2025-06,WEEKENDS/HOLIDAY,12,TRAIN,DT28,4918,2850
2025-06,WEEKDAY,10,TRAIN,NE11,11769,10344
2025-06,WEEKENDS/HOLIDAY,18,TRAIN,TE5,2355,3038
2025-06,WEEKENDS/HOLIDAY,6,TRAIN,TE22,83,985
2025-06,WEEKENDS/HOLIDAY,0,TRAIN,PW2,8,4
2025-06,WEEKENDS/HOLIDAY,15,TRAIN,CC7,2611,3294
2025-06,WEEKDAY,14,TRAIN,EW20,9377,8965
2025-06,WEEKENDS/HOLIDAY,14,TRAIN,BP13,534,539
2025-06,WEEKENDS/HOLIDAY,18,TRAIN,NE16/STC,21848,27516
2025-06,WEEKDAY,22,TRAIN,PE1,645,4661
2025-06,WEEKENDS/HOLIDAY,19,TRAIN,TE18,6109,4825
2025-06,WEEKDAY,13,TRAIN,NS10,30048,24036
2025-06,WEEKENDS/HOLIDAY,14,TRAIN,DT29,2806,2252
2025-06,WEEKENDS/HOLIDAY,13,TRAIN,DT34,2000,1687
2025-06,WEEKDAY,21,TRAIN,DT34,2457,5314
2025-06,WEEKENDS/HOLIDAY,9,TRAIN,EW19,8129,4246
2025-06,WEEKDAY,17,TRAIN,CC14,13343,9449
2025-06,WEEKDAY,18,TRAIN,DT13,24046,19550
2025-06,WEEKENDS/HOLIDAY,22,TRAIN,EW19,2157,6412
2025-06,WEEKENDS/HOLIDAY,17,TRAIN,NS17/CC15,14650,10310
2025-06,WEEKENDS/HOLIDAY,6,TRAIN,BP2,917,137
2025-06,WEEKENDS/HOLIDAY,15,TRAIN,NE15,9310,9941
2025-06,WEEKENDS/HOLIDAY,16,TRAIN,CC19/DT9,5013,4931
2025-06,WEEKENDS/HOLIDAY,0,TRAIN,CC27,0,3
2025-06,WEEKDAY,17,TRAIN,PW5,2599,4553
2025-06,WEEKENDS/HOLIDAY,12,TRAIN,EW2/DT32,27180,23549
2025-06,WEEKDAY,17,TRAIN,NS13,61905,103246
2025-06,WEEKDAY,18,TRAIN,TE7,17773,14494
2025-06,WEEKENDS/HOLIDAY,22,TRAIN,NS10,4501,18811
2025-06,WEEKDAY,14,TRAIN,EW11,14630,16763
2025-06,WEEKENDS/HOLIDAY,6,TRAIN,EW23,8179,7433
2025-06,WEEKDAY,15,TRAIN,BP6/DT1,25309,30737
2025-06,WEEKDAY,23,TRAIN,PW7,894,1613
2025-06,WEEKENDS/HOLIDAY,10,TRAIN,NE9,13104,7944
2025-06,WEEKENDS/HOLIDAY,20,TRAIN,EW3,4619,9685
2025-06,WEEKENDS/HOLIDAY,9,TRAIN,NE12/CC13,27242,17493
2025-06,WEEKDAY,11,TRAIN,BP12,2828,1456
2025-06,WEEKENDS/HOLIDAY,13,TRAIN,NE16/STC,24017,21284
2025-06,WEEKENDS/HOLIDAY,19,TRAIN,DT2,755,926
2025-06,WEEKDAY,19,TRAIN,NS2,31228,67356
2025-06,WEEKDAY,22,TRAIN,BP9,386,1496
2025-06,WEEKDAY,0,TRAIN,CG1/DT35,20,352
2025-06,WEEKDAY,7,TRAIN,NS13,149438,45164
2025-06,WEEKENDS/HOLIDAY,5,TRAIN,NE18,355,26
2025-06,WEEKDAY,7,TRAIN,PW1,610,1970
2025-06,WEEKDAY,9,TRAIN,CC6,3556,13077
2025-06,WEEKDAY,15,TRAIN,EW3,15690,15106
2025-06,WEEKENDS/HOLIDAY,6,TRAIN,NS10,13119,3368
2025-06,WEEKDAY,15,TRAIN,EW31,2812,571
2025-06,WEEKDAY,12,TRAIN,DT25,3326,2742
2025-06,WEEKENDS/HOLIDAY,20,TRAIN,NS5,6968,16680
2025-06,WEEKDAY,23,TRAIN,NE16/STC,4812,21308
2025-06,WEEKDAY,9,TRAIN,NE4/DT19,25074,79981
2025-06,WEEKDAY,15,TRAIN,PW1,2717,3238
2025-06,WEEKENDS/HOLIDAY,20,TRAIN,CC20,1237,2277
2025-06,WEEKENDS/HOLIDAY,5,TRAIN,TE14/NS22,201,172
2025-06,WEEKENDS/HOLIDAY,11,TRAIN,NS2,13773,9068
2025-06,WEEKDAY,14,TRAIN,DT25,2946,2594
2025-06,WEEKENDS/HOLIDAY,19,TRAIN,SW5,2947,4444
2025-06,WEEKENDS/HOLIDAY,12,TRAIN,BP11,2047,1142
2025-06,WEEKDAY,16,TRAIN,CC20,5819,6325
2025-06,WEEKENDS/HOLIDAY,0,TRAIN,SW1,19,53
2025-06,WEEKENDS/HOLIDAY,23,TRAIN,EW7,782,4075
2025-06,WEEKENDS/HOLIDAY,9,TRAIN,PE1,2180,614
2025-06,WEEKDAY,7,TRAIN,EW14/NS26,5477,87774
2025-06,WEEKDAY,22,TRAIN,EW2/DT32,26446,46627
2025-06,WEEKDAY,9,TRAIN,DT23,4108,17654
2025-06,WEEKENDS/HOLIDAY,17,TRAIN,TE6,4802,5425
2025-06,WEEKENDS/HOLIDAY,11,TRAIN,NE4/DT19,19635,37565
2025-06,WEEKDAY,5,TRAIN,SW5,3921,126
2025-06,WEEKENDS/HOLIDAY,21,TRAIN,EW33,1478,3479
2025-06,WEEKDAY,8,TRAIN,TE14/NS22,24742,124237
2025-06,WEEKDAY,5,TRAIN,SW7,1151,74
2025-06,WEEKENDS/HOLIDAY,21,TRAIN,CC20,946,2094
2025-06,WEEKDAY,10,TRAIN,NS7,30543,23655
2025-06,WEEKENDS/HOLIDAY,19,TRAIN,DT28,4192,6574
2025-06,WEEKDAY,23,TRAIN,EW25,1183,6242
2025-06,WEEKENDS/HOLIDAY,9,TRAIN,NS24/NE6/CC1,5251,14270
2025-06,WEEKENDS/HOLIDAY,9,TRAIN,TE16,3735,2205
2025-06,WEEKENDS/HOLIDAY,10,TRAIN,EW29,3186,2542
2025-06,WEEKDAY,9,TRAIN,DT18,4662,87667
2025-06,WEEKDAY,17,TRAIN,TE8,16038,15778
2025-06,WEEKENDS/HOLIDAY,8,TRAIN,NS23,2410,8046
2025-06,WEEKDAY,8,TRAIN,EW21/CC22,31291,112214
2025-06,WEEKDAY,11,TRAIN,DT34,5235,3222
2025-06,WEEKDAY,14,TRAIN,BP3,2968,3019
2025-06,WEEKENDS/HOLIDAY,10,TRAIN,PW5,2459,865
2025-06,WEEKENDS/HOLIDAY,6,TRAIN,CC14,719,460
2025-06,WEEKENDS/HOLIDAY,21,TRAIN,CC12,725,2895
2025-06,WEEKENDS/HOLIDAY,8,TRAIN,EW6,5459,3299
2025-06,WEEKENDS/HOLIDAY,5,TRAIN,DT4,52,1
2025-06,WEEKENDS/HOLIDAY,14,TRAIN,DT25,1640,1487
2025-06,WEEKDAY,11,TRAIN,DT23,3553,3155
2025-06,WEEKENDS/HOLIDAY,11,TRAIN,NE12/CC13,28014,25857
2025-06,WEEKDAY,17,TRAIN,EW3,26867,27927
2025-06,WEEKDAY,8,TRAIN,NE12/CC13,160119,46307
2025-06,WEEKDAY,23,TRAIN,NS12,2516,10545
2025-06,WEEKENDS/HOLIDAY,5,TRAIN,PW7,165,73
2025-06,WEEKDAY,9,TRAIN,TE13,3846,9117
2025-06,WEEKENDS/HOLIDAY,5,TRAIN,NS10,4764,670
2025-06,WEEKDAY,10,TRAIN,PE2,7000,2005
2025-06,WEEKDAY,12,TRAIN,TE1,6012,5817
2025-06,WEEKDAY,17,TRAIN,EW6,14496,18677
2025-06,WEEKDAY,23,TRAIN,TE3,977,6366
2025-06,WEEKDAY,8,TRAIN,PE6,14380,6504
2025-06,WEEKENDS/HOLIDAY,12,TRAIN,EW25,5735,5098
2025-06,WEEKDAY,12,TRAIN,DT27,8839,6716
2025-06,WEEKENDS/HOLIDAY,14,TRAIN,NE11,7369,6617
2025-06,WEEKDAY,22,TRAIN,DT30,1750,11243
2025-06,WEEKENDS/HOLIDAY,5,TRAIN,EW11,314,29
2025-06,WEEKENDS/HOLIDAY,16,TRAIN,NS7,13947,10612
2025-06,WEEKENDS/HOLIDAY,22,TRAIN,CC28,540,1892
2025-06,WEEKDAY,20,TRAIN,NS15,16911,15604
2025-06,WEEKDAY,19,TRAIN,TE8,14830,20158
2025-06,WEEKENDS/HOLIDAY,23,TRAIN,NS14,3448,10924
2025-06,WEEKENDS/HOLIDAY,0,TRAIN,NE8,125,302
2025-06,WEEKDAY,13,TRAIN,TE24,2625,2610
2025-06,WEEKDAY,15,TRAIN,TE16,5252,5206
2025-06,WEEKENDS/HOLIDAY,8,TRAIN,EW31,1794,1951
2025-06,WEEKDAY,14,TRAIN,TE14/NS22,71199,71817
2025-06,WEEKENDS/HOLIDAY,19,TRAIN,NE7/DT12,25619,20797
2025-06,WEEKENDS/HOLIDAY,12,TRAIN,SW2,3916,2629
2025-06,WEEKDAY,21,TRAIN,EW20,7262,13180
2025-06,WEEKDAY,21,TRAIN,EW3,10046,23185
2025-06,WEEKENDS/HOLIDAY,11,TRAIN,TE16,4357,2938
2025-06,WEEKDAY,13,TRAIN,BP5,2007,1883
2025-06,WEEKENDS/HOLIDAY,6,TRAIN,DT30,1689,576
2025-06,WEEKDAY,22,TRAIN,NS21/DT11,38202,44076
2025-06,WEEKDAY,10,TRAIN,PW4,4653,2895
2025-06,WEEKENDS/HOLIDAY,13,TRAIN,EW16/NE3/TE17,12250,10465
2025-06,WEEKDAY,12,TRAIN,DT24,4796,3635
2025-06,WEEKDAY,20,TRAIN,NE12/CC13,55345,78255
2025-06,WEEKENDS/HOLIDAY,21,TRAIN,BP9,329,822
2025-06,WEEKENDS/HOLIDAY,21,TRAIN,CC5,2361,1973
2025-06,WEEKENDS/HOLIDAY,0,TRAIN,SW8,7,112
2025-06,WEEKDAY,5,TRAIN,SW8,757,175
2025-06,WEEKDAY,23,TRAIN,EW26,2482,18762
2025-06,WEEKENDS/HOLIDAY,19,TRAIN,PE7,1087,2279
2025-06,WEEKDAY,5,TRAIN,CC2,63,46
2025-06,WEEKDAY,18,TRAIN,NS23,77354,87464
2025-06,WEEKDAY,16,TRAIN,CC4/DT15,26265,17222
2025-06,WEEKDAY,5,TRAIN,DT30,1754,108
2025-06,WEEKENDS/HOLIDAY,8,TRAIN,EW21/CC22,4962,10176
2025-06,WEEKENDS/HOLIDAY,14,TRAIN,DT31,3263,3264
2025-06,WEEKENDS/HOLIDAY,19,TRAIN,DT33,5001,8733
2025-06,WEEKDAY,23,TRAIN,DT29,809,5345
2025-06,WEEKDAY,19,TRAIN,NS13,44848,136673
2025-06,WEEKENDS/HOLIDAY,17,TRAIN,CC10/DT26,8864,7000
2025-06,WEEKDAY,7,TRAIN,NE11,18947,16982
2025-06,WEEKENDS/HOLIDAY,13,TRAIN,BP8,796,735
2025-06,WEEKENDS/HOLIDAY,23,TRAIN,TE13,603,435
2025-06,WEEKENDS/HOLIDAY,14,TRAIN,DT21,3686,4086
2025-06,WEEKDAY,22,TRAIN,NE10,5124,12865
2025-06,WEEKDAY,17,TRAIN,EW14/NS26,188736,35576
2025-06,WEEKENDS/HOLIDAY,0,TRAIN,EW12/DT14,464,587
2025-06,WEEKDAY,8,TRAIN,EW23,100189,88095
2025-06,WEEKENDS/HOLIDAY,15,TRAIN,PW2,111,67
2025-06,WEEKDAY,15,TRAIN,NS10,24349,27498
2025-06,WEEKENDS/HOLIDAY,20,TRAIN,CC8,2548,3953
2025-06,WEEKENDS/HOLIDAY,14,TRAIN,BP4,698,709
2025-06,WEEKDAY,10,TRAIN,SW8,2318,955
2025-06,WEEKENDS/HOLIDAY,20,TRAIN,EW24/NS1,46896,23451
2025-06,WEEKDAY,10,TRAIN,CE1/DT16,9106,34416
2025-06,WEEKDAY,11,TRAIN,BP6/DT1,32226,23440
2025-06,WEEKDAY,9,TRAIN,NS17/CC15,64544,14496
2025-06,WEEKENDS/HOLIDAY,7,TRAIN,DT13,2006,2062
2025-06,WEEKENDS/HOLIDAY,21,TRAIN,TE7,860,2615
2025-06,WEEKDAY,0,TRAIN,PE6,76,627
2025-06,WEEKDAY,19,TRAIN,BP9,1770,4408
2025-06,WEEKENDS/HOLIDAY,13,TRAIN,TE19,1933,1683
2025-06,WEEKDAY,8,TRAIN,PE5,17374,2889
2025-06,WEEKENDS/HOLIDAY,14,TRAIN,CC12,2341,2400
2025-06,WEEKDAY,10,TRAIN,DT29,8348,2521
2025-06,WEEKDAY,23,TRAIN,NE14,2027,18680
2025-06,WEEKDAY,14,TRAIN,EW19,10640,12345
2025-06,WEEKENDS/HOLIDAY,22,TRAIN,CC23,1598,547
2025-06,WEEKDAY,7,TRAIN,DT23,5809,8628
2025-06,WEEKENDS/HOLIDAY,14,TRAIN,NE14,12995,11425
2025-06,WEEKDAY,10,TRAIN,TE16,8082,4961
2025-06,WEEKENDS/HOLIDAY,9,TRAIN,DT6,3181,1591
2025-06,WEEKENDS/HOLIDAY,9,TRAIN,EW8/CC9,18174,39625
2025-06,WEEKDAY,9,TRAIN,DT33,37752,6386
2025-06,WEEKENDS/HOLIDAY,11,TRAIN,CE1/DT16,9619,29109
2025-06,WEEKENDS/HOLIDAY,6,TRAIN,PE1,728,120
2025-06,WEEKDAY,22,TRAIN,PW5,662,3633
2025-06,WEEKDAY,13,TRAIN,PW6,1640,1404
2025-06,WEEKDAY,21,TRAIN,NE14,13029,45851
2025-06,WEEKENDS/HOLIDAY,6,TRAIN,DT23,803,403
2025-06,WEEKDAY,15,TRAIN,PW3,647,857
2025-06,WEEKENDS/HOLIDAY,16,TRAIN,PW4,2780,2610
2025-06,WEEKDAY,19,TRAIN,CC16,8852,13234
2025-06,WEEKENDS/HOLIDAY,10,TRAIN,NE17/PTC,21733,15605
2025-06,WEEKDAY,17,TRAIN,CC5,13448,5151
2025-06,WEEKDAY,22,TRAIN,NS27/CE2/TE20,3611,1677
2025-06,WEEKDAY,21,TRAIN,BP5,1404,1965
2025-06,WEEKDAY,0,TRAIN,NS15,403,1306
2025-06,WEEKENDS/HOLIDAY,21,TRAIN,TE26,6142,3331
2025-06,WEEKDAY,10,TRAIN,PE1,3959,1441
2025-06,WEEKENDS/HOLIDAY,18,TRAIN,EW15,10851,10632
2025-06,WEEKENDS/HOLIDAY,6,TRAIN,EW11,3344,1716
2025-06,WEEKENDS/HOLIDAY,9,TRAIN,PE3,3251,2224
2025-06,WEEKDAY,10,TRAIN,BP6/DT1,37319,21788
2025-06,WEEKDAY,6,TRAIN,BP3,9660,1048
2025-06,WEEKDAY,21,TRAIN,TE16,5012,8874
2025-06,WEEKENDS/HOLIDAY,11,TRAIN,CC25,2991,1960
2025-06,WEEKDAY,22,TRAIN,EW25,3643,12207
2025-06,WEEKDAY,0,TRAIN,DT24,49,419
2025-06,WEEKDAY,6,TRAIN,SW8,2257,1115
2025-06,WEEKENDS/HOLIDAY,17,TRAIN,PE2,2638,2650
2025-06,WEEKDAY,20,TRAIN,DT34,3989,7429
2025-06,WEEKDAY,6,TRAIN,CC25,4442,8440
2025-06,WEEKENDS/HOLIDAY,9,TRAIN,NE8,8229,13550
2025-06,WEEKDAY,17,TRAIN,DT31,12275,16576
2025-06,WEEKDAY,16,TRAIN,EW6,8512,12245
2025-06,WEEKENDS/HOLIDAY,15,TRAIN,CC4/DT15,12279,13775
2025-06,WEEKDAY,11,TRAIN,SW5,7854,5900
2025-06,WEEKENDS/HOLIDAY,6,TRAIN,SE1,954,347
2025-06,WEEKENDS/HOLIDAY,13,TRAIN,BP11,1619,1302
2025-06,WEEKENDS/HOLIDAY,15,TRAIN,DT27,3655,3283
2025-06,WEEKENDS/HOLIDAY,18,TRAIN,NS28,6113,1714
2025-06,WEEKDAY,19,TRAIN,BP11,2273,9456
2025-06,WEEKDAY,19,TRAIN,NE13,24377,49493
2025-06,WEEKDAY,19,TRAIN,BP10,2221,8209
2025-06,WEEKDAY,5,TRAIN,BP8,1673,844
2025-06,WEEKENDS/HOLIDAY,20,TRAIN,NS17/CC15,6744,9556
2025-06,WEEKDAY,7,TRAIN,NE18,14632,8024
2025-06,WEEKDAY,14,TRAIN,BP7,782,952
2025-06,WEEKENDS/HOLIDAY,8,TRAIN,DT29,3881,1364
2025-06,WEEKENDS/HOLIDAY,6,TRAIN,EW9,10671,2345
2025-06,WEEKENDS/HOLIDAY,17,TRAIN,CC8,4447,4369
2025-06,WEEKDAY,18,TRAIN,NS13,67567,186199
2025-06,WEEKDAY,6,TRAIN,EW32,6522,10250
2025-06,WEEKENDS/HOLIDAY,19,TRAIN,NS2,10862,16112
2025-06,WEEKENDS/HOLIDAY,11,TRAIN,EW4,8285,3682
2025-06,WEEKENDS/HOLIDAY,13,TRAIN,CC28,1797,1550
2025-06,WEEKDAY,12,TRAIN,NS19,41037,34062
2025-06,WEEKDAY,20,TRAIN,EW15,64434,12928
2025-06,WEEKDAY,22,TRAIN,PE6,1924,4787
2025-06,WEEKENDS/HOLIDAY,7,TRAIN,EW22,1540,1742
2025-06,WEEKDAY,9,TRAIN,TE12,5676,10960
2025-06,WEEKENDS/HOLIDAY,11,TRAIN,SE2,3197,1765
2025-06,WEEKENDS/HOLIDAY,8,TRAIN,SW4,1550,591
2025-06,WEEKDAY,7,TRAIN,TE3,35999,18907
2025-06,WEEKDAY,13,TRAIN,DT8,4097,3467
2025-06,WEEKDAY,19,TRAIN,NE8,38703,63710
2025-06,WEEKDAY,22,TRAIN,TE8,6365,6878
2025-06,WEEKDAY,14,TRAIN,SW8,2061,2009
2025-06,WEEKENDS/HOLIDAY,23,TRAIN,NE16/STC,2216,9885
2025-06,WEEKDAY,6,TRAIN,SE5,3165,988
2025-06,WEEKENDS/HOLIDAY,0,TRAIN,NS15,178,623
2025-06,WEEKDAY,17,TRAIN,NS19,61353,59028
2025-06,WEEKENDS/HOLIDAY,9,TRAIN,BP13,861,441
2025-06,WEEKDAY,15,TRAIN,CC24,25510,13453
2025-06,WEEKDAY,5,TRAIN,EW1,9555,579
2025-06,WEEKENDS/HOLIDAY,7,TRAIN,EW26,15763,7465
2025-06,WEEKENDS/HOLIDAY,10,TRAIN,CC20,3014,1979
2025-06,WEEKDAY,18,TRAIN,DT4,2321,6412
2025-06,WEEKENDS/HOLIDAY,15,TRAIN,BP10,1156,1389
2025-06,WEEKDAY,9,TRAIN,NE12/CC13,88394,35539
2025-06,WEEKENDS/HOLIDAY,16,TRAIN,TE22,2994,7475
2025-06,WEEKDAY,6,TRAIN,DT33,24866,7045
2025-06,WEEKDAY,14,TRAIN,CE1/DT16,25943,38563
2025-06,WEEKENDS/HOLIDAY,21,TRAIN,PW2,51,15
2025-06,WEEKENDS/HOLIDAY,22,TRAIN,BP6/DT1,5448,19455
2025-06,WEEKENDS/HOLIDAY,12,TRAIN,SE5,1459,993
2025-06,WEEKENDS/HOLIDAY,6,TRAIN,TE19,256,428
2025-06,WEEKDAY,19,TRAIN,CC3,16912,8062
2025-06,WEEKENDS/HOLIDAY,23,TRAIN,PE5,133,1524
2025-06,WEEKDAY,16,TRAIN,TE24,3063,3583
2025-06,WEEKENDS/HOLIDAY,14,TRAIN,EW19,6379,7381
2025-06,WEEKDAY,16,TRAIN,CC19/DT9,7245,6532
2025-06,WEEKENDS/HOLIDAY,23,TRAIN,CG2,4962,4118
2025-06,WEEKENDS/HOLIDAY,13,TRAIN,CC4/DT15,7514,15938
2025-06,WEEKDAY,0,TRAIN,CC26,2,62
2025-06,WEEKDAY,23,TRAIN,EW24/NS1,12364,10903
2025-06,WEEKENDS/HOLIDAY,11,TRAIN,EW7,8465,5411
2025-06,WEEKENDS/HOLIDAY,9,TRAIN,BP9,1909,1441
