STATION_NAME,station_codes,DAY_TYPE,TIME_PER_HOUR,daily_avg_tap_in,daily_avg_tap_out
Admiralty,NS10,WEEKDAY,0,39.21951219512195,355.0731707317073
Admiralty,NS10,WEEKDAY,5,1119.1707317073171,144.14634146341464
Admiralty,NS10,WEEKDAY,6,3756.5365853658536,909.4146341463414
Admiralty,NS10,WEEKDAY,7,7399.756097560976,2376.878048780488
Admiralty,NS10,WEEKDAY,8,5609.365853658536,2294.0
Admiralty,NS10,WEEKDAY,9,2758.829268292683,1250.1951219512196
Admiralty,NS10,WEEKDAY,10,1952.341463414634,852.439024390244
Admiralty,NS10,WEEKDAY,11,1721.9512195121952,861.0731707317074
Admiralty,NS10,WEEKDAY,12,1640.0975609756097,1056.878048780488
Admiralty,NS10,WEEKDAY,13,1465.7560975609756,1172.4878048780488
Admiralty,NS10,WEEKDAY,14,1251.121951219512,1246.9756097560976
Admiralty,NS10,WEEKDAY,15,1187.7560975609756,1341.3658536585365
Admiralty,NS10,WEEKDAY,16,1518.8292682926829,1800.2439024390244
Admiralty,NS10,WEEKDAY,17,3088.5365853658536,3013.8048780487807
Admiralty,NS10,WEEKDAY,18,3352.829268292683,5628.975609756098
Admiralty,NS10,WEEKDAY,19,1689.560975609756,4581.024390243902
Admiralty,NS10,WEEKDAY,20,1146.2926829268292,2869.4634146341464
Admiralty,NS10,WEEKDAY,21,796.7317073170732,2531.317073170732
Admiralty,NS10,WEEKDAY,22,505.8048780487805,2155.0243902439024
Admiralty,NS10,WEEKDAY,23,201.21951219512195,1112.0975609756097
Admiralty,NS10,WEEKENDS/HOLIDAY,0,43.1578947368421,388.63157894736844
Admiralty,NS10,WEEKENDS/HOLIDAY,5,501.4736842105263,70.52631578947368
Admiralty,NS10,WEEKENDS/HOLIDAY,6,1380.9473684210527,354.5263157894737
Admiralty,NS10,WEEKENDS/HOLIDAY,7,1796.0,840.0
Admiralty,NS10,WEEKENDS/HOLIDAY,8,2158.7368421052633,1132.2105263157894
Admiralty,NS10,WEEKENDS/HOLIDAY,9,2320.0,1088.842105263158
Admiralty,NS10,WEEKENDS/HOLIDAY,10,2255.7894736842104,938.8421052631579
Admiralty,NS10,WEEKENDS/HOLIDAY,11,2164.5263157894738,1009.578947368421
Admiralty,NS10,WEEKENDS/HOLIDAY,12,2084.5263157894738,1158.2105263157894
Admiralty,NS10,WEEKENDS/HOLIDAY,13,1850.842105263158,1386.5263157894738
Admiralty,NS10,WEEKENDS/HOLIDAY,14,1658.0,1385.157894736842
Admiralty,NS10,WEEKENDS/HOLIDAY,15,1561.2631578947369,1462.6315789473683
Admiralty,NS10,WEEKENDS/HOLIDAY,16,1643.0526315789473,1523.2631578947369
Admiralty,NS10,WEEKENDS/HOLIDAY,17,1904.6315789473683,1855.6842105263158
Admiralty,NS10,WEEKENDS/HOLIDAY,18,1660.842105263158,2047.578947368421
Admiralty,NS10,WEEKENDS/HOLIDAY,19,1144.842105263158,2041.8947368421052
Admiralty,NS10,WEEKENDS/HOLIDAY,20,895.2631578947369,2086.9473684210525
Admiralty,NS10,WEEKENDS/HOLIDAY,21,664.0,2186.4210526315787
Admiralty,NS10,WEEKENDS/HOLIDAY,22,473.7894736842105,1980.1052631578948
Admiralty,NS10,WEEKENDS/HOLIDAY,23,187.3684210526316,1226.9473684210527
Aljunied,EW9,WEEKDAY,0,13.21951219512195,63.46341463414634
Aljunied,EW9,WEEKDAY,5,287.0731707317073,48.78048780487805
Aljunied,EW9,WEEKDAY,6,1961.121951219512,378.1463414634146
Aljunied,EW9,WEEKDAY,7,2438.048780487805,998.9756097560976
Aljunied,EW9,WEEKDAY,8,2392.829268292683,1837.9024390243903
Aljunied,EW9,WEEKDAY,9,1434.5853658536585,1085.3658536585365
Aljunied,EW9,WEEKDAY,10,900.5365853658536,667.3170731707318
Aljunied,EW9,WEEKDAY,11,793.8536585365854,598.439024390244
Aljunied,EW9,WEEKDAY,12,897.0731707317074,689.5121951219512
Aljunied,EW9,WEEKDAY,13,845.3658536585366,752.439024390244
Aljunied,EW9,WEEKDAY,14,721.3170731707318,721.9024390243902
Aljunied,EW9,WEEKDAY,15,810.9268292682926,743.609756097561
Aljunied,EW9,WEEKDAY,16,933.170731707317,857.5121951219512
Aljunied,EW9,WEEKDAY,17,1642.9756097560976,1546.6341463414635
Aljunied,EW9,WEEKDAY,18,2173.268292682927,3052.1463414634145
Aljunied,EW9,WEEKDAY,19,1188.8292682926829,2902.682926829268
Aljunied,EW9,WEEKDAY,20,835.3170731707318,1805.5121951219512
Aljunied,EW9,WEEKDAY,21,776.9268292682926,1508.341463414634
Aljunied,EW9,WEEKDAY,22,529.219512195122,1207.121951219512
Aljunied,EW9,WEEKDAY,23,264.390243902439,583.2682926829268
Aljunied,EW9,WEEKENDS/HOLIDAY,0,19.57894736842105,74.52631578947368
Aljunied,EW9,WEEKENDS/HOLIDAY,5,93.47368421052632,8.421052631578947
Aljunied,EW9,WEEKENDS/HOLIDAY,6,1123.2631578947369,246.8421052631579
Aljunied,EW9,WEEKENDS/HOLIDAY,7,1181.4736842105262,577.8947368421053
Aljunied,EW9,WEEKENDS/HOLIDAY,8,1028.421052631579,1079.157894736842
Aljunied,EW9,WEEKENDS/HOLIDAY,9,1134.9473684210527,1405.0526315789473
Aljunied,EW9,WEEKENDS/HOLIDAY,10,1200.9473684210527,1226.2105263157894
Aljunied,EW9,WEEKENDS/HOLIDAY,11,1247.7894736842106,1100.9473684210527
Aljunied,EW9,WEEKENDS/HOLIDAY,12,1596.3157894736842,1108.9473684210527
Aljunied,EW9,WEEKENDS/HOLIDAY,13,1465.8947368421052,1240.5263157894738
Aljunied,EW9,WEEKENDS/HOLIDAY,14,1309.6842105263158,1189.3684210526317
Aljunied,EW9,WEEKENDS/HOLIDAY,15,1274.5263157894738,1175.578947368421
Aljunied,EW9,WEEKENDS/HOLIDAY,16,1520.421052631579,1351.4736842105262
Aljunied,EW9,WEEKENDS/HOLIDAY,17,1590.842105263158,1722.9473684210527
Aljunied,EW9,WEEKENDS/HOLIDAY,18,1483.157894736842,1953.4736842105262
Aljunied,EW9,WEEKENDS/HOLIDAY,19,1326.5263157894738,1900.2105263157894
Aljunied,EW9,WEEKENDS/HOLIDAY,20,1146.1052631578948,1580.2105263157894
Aljunied,EW9,WEEKENDS/HOLIDAY,21,949.1578947368421,1447.0526315789473
Aljunied,EW9,WEEKENDS/HOLIDAY,22,706.3157894736842,1186.842105263158
Aljunied,EW9,WEEKENDS/HOLIDAY,23,337.1578947368421,638.9473684210526
Ang Mo Kio,NS16,WEEKDAY,0,43.707317073170735,285.7073170731707
Ang Mo Kio,NS16,WEEKDAY,5,790.390243902439,127.5609756097561
Ang Mo Kio,NS16,WEEKDAY,6,2415.9024390243903,1334.780487804878
Ang Mo Kio,NS16,WEEKDAY,7,4686.292682926829,2765.7073170731705
Ang Mo Kio,NS16,WEEKDAY,8,5273.268292682927,2889.609756097561
Ang Mo Kio,NS16,WEEKDAY,9,3089.0731707317073,1689.0243902439024
Ang Mo Kio,NS16,WEEKDAY,10,1997.3170731707316,1416.439024390244
Ang Mo Kio,NS16,WEEKDAY,11,1778.5853658536585,1330.4878048780488
Ang Mo Kio,NS16,WEEKDAY,12,1821.3658536585365,1603.4634146341464
Ang Mo Kio,NS16,WEEKDAY,13,1764.878048780488,1652.4878048780488
Ang Mo Kio,NS16,WEEKDAY,14,1591.3170731707316,1655.3170731707316
Ang Mo Kio,NS16,WEEKDAY,15,1553.3170731707316,1915.0243902439024
Ang Mo Kio,NS16,WEEKDAY,16,1732.0975609756097,2334.048780487805
Ang Mo Kio,NS16,WEEKDAY,17,2706.0,3832.829268292683
Ang Mo Kio,NS16,WEEKDAY,18,3551.8048780487807,6699.8536585365855
Ang Mo Kio,NS16,WEEKDAY,19,2250.048780487805,4727.170731707317
Ang Mo Kio,NS16,WEEKDAY,20,1614.4878048780488,3144.243902439024
Ang Mo Kio,NS16,WEEKDAY,21,1486.5853658536585,2890.1463414634145
Ang Mo Kio,NS16,WEEKDAY,22,886.5853658536586,2526.439024390244
Ang Mo Kio,NS16,WEEKDAY,23,353.5609756097561,1289.4634146341464
Ang Mo Kio,NS16,WEEKENDS/HOLIDAY,0,48.421052631578945,411.6842105263158
Ang Mo Kio,NS16,WEEKENDS/HOLIDAY,5,355.7894736842105,30.0
Ang Mo Kio,NS16,WEEKENDS/HOLIDAY,6,1111.4736842105262,523.578947368421
Ang Mo Kio,NS16,WEEKENDS/HOLIDAY,7,1518.421052631579,928.2105263157895
Ang Mo Kio,NS16,WEEKENDS/HOLIDAY,8,2056.2105263157896,1268.842105263158
Ang Mo Kio,NS16,WEEKENDS/HOLIDAY,9,2555.5789473684213,1455.578947368421
Ang Mo Kio,NS16,WEEKENDS/HOLIDAY,10,2216.6315789473683,1362.5263157894738
Ang Mo Kio,NS16,WEEKENDS/HOLIDAY,11,2135.0526315789475,1473.4736842105262
Ang Mo Kio,NS16,WEEKENDS/HOLIDAY,12,2140.315789473684,1663.7894736842106
Ang Mo Kio,NS16,WEEKENDS/HOLIDAY,13,2006.2105263157894,1915.578947368421
Ang Mo Kio,NS16,WEEKENDS/HOLIDAY,14,1910.3157894736842,1932.1052631578948
Ang Mo Kio,NS16,WEEKENDS/HOLIDAY,15,1832.0,2043.578947368421
Ang Mo Kio,NS16,WEEKENDS/HOLIDAY,16,1917.157894736842,2216.0
Ang Mo Kio,NS16,WEEKENDS/HOLIDAY,17,2051.7894736842104,2542.5263157894738
Ang Mo Kio,NS16,WEEKENDS/HOLIDAY,18,1859.2631578947369,2704.0
Ang Mo Kio,NS16,WEEKENDS/HOLIDAY,19,1587.157894736842,2476.9473684210525
Ang Mo Kio,NS16,WEEKENDS/HOLIDAY,20,1275.7894736842106,2420.7368421052633
Ang Mo Kio,NS16,WEEKENDS/HOLIDAY,21,1152.6315789473683,2559.7894736842104
Ang Mo Kio,NS16,WEEKENDS/HOLIDAY,22,817.2631578947369,2415.2631578947367
Ang Mo Kio,NS16,WEEKENDS/HOLIDAY,23,318.8421052631579,1390.7368421052631
Bartley,CC12,WEEKDAY,0,0.4878048780487805,13.658536585365853
Bartley,CC12,WEEKDAY,5,27.951219512195124,4.7317073170731705
Bartley,CC12,WEEKDAY,6,204.0487804878049,137.3170731707317
Bartley,CC12,WEEKDAY,7,725.3658536585366,399.4146341463415
Bartley,CC12,WEEKDAY,8,1125.9024390243903,355.1219512195122
Bartley,CC12,WEEKDAY,9,610.7317073170732,189.1219512195122
Bartley,CC12,WEEKDAY,10,279.6585365853659,120.78048780487805
Bartley,CC12,WEEKDAY,11,324.2439024390244,126.58536585365853
Bartley,CC12,WEEKDAY,12,313.0243902439024,185.70731707317074
Bartley,CC12,WEEKDAY,13,277.2682926829268,241.8048780487805
Bartley,CC12,WEEKDAY,14,227.26829268292684,217.26829268292684
Bartley,CC12,WEEKDAY,15,230.53658536585365,211.5121951219512
Bartley,CC12,WEEKDAY,16,308.0487804878049,258.2439024390244
Bartley,CC12,WEEKDAY,17,425.4634146341463,438.4878048780488
Bartley,CC12,WEEKDAY,18,501.8048780487805,815.9024390243902
Bartley,CC12,WEEKDAY,19,253.5121951219512,662.7317073170732
Bartley,CC12,WEEKDAY,20,136.82926829268294,429.8536585365854
Bartley,CC12,WEEKDAY,21,112.0,364.6829268292683
Bartley,CC12,WEEKDAY,22,75.8048780487805,259.5121951219512
Bartley,CC12,WEEKDAY,23,24.341463414634145,110.58536585365853
Bartley,CC12,WEEKENDS/HOLIDAY,0,0.42105263157894735,20.31578947368421
Bartley,CC12,WEEKENDS/HOLIDAY,5,12.526315789473685,0.3157894736842105
Bartley,CC12,WEEKENDS/HOLIDAY,6,79.36842105263158,45.05263157894737
Bartley,CC12,WEEKENDS/HOLIDAY,7,162.94736842105263,116.84210526315789
Bartley,CC12,WEEKENDS/HOLIDAY,8,260.3157894736842,133.05263157894737
Bartley,CC12,WEEKENDS/HOLIDAY,9,322.94736842105266,136.52631578947367
Bartley,CC12,WEEKENDS/HOLIDAY,10,356.42105263157896,186.10526315789474
Bartley,CC12,WEEKENDS/HOLIDAY,11,340.3157894736842,191.3684210526316
Bartley,CC12,WEEKENDS/HOLIDAY,12,394.3157894736842,236.8421052631579
Bartley,CC12,WEEKENDS/HOLIDAY,13,320.8421052631579,263.05263157894734
Bartley,CC12,WEEKENDS/HOLIDAY,14,246.42105263157896,252.6315789473684
Bartley,CC12,WEEKENDS/HOLIDAY,15,267.05263157894734,256.10526315789474
Bartley,CC12,WEEKENDS/HOLIDAY,16,298.0,249.05263157894737
Bartley,CC12,WEEKENDS/HOLIDAY,17,345.1578947368421,264.5263157894737
Bartley,CC12,WEEKENDS/HOLIDAY,18,282.7368421052632,294.3157894736842
Bartley,CC12,WEEKENDS/HOLIDAY,19,182.73684210526315,307.57894736842104
Bartley,CC12,WEEKENDS/HOLIDAY,20,112.0,291.57894736842104
Bartley,CC12,WEEKENDS/HOLIDAY,21,76.3157894736842,304.7368421052632
Bartley,CC12,WEEKENDS/HOLIDAY,22,53.36842105263158,218.21052631578948
Bartley,CC12,WEEKENDS/HOLIDAY,23,19.263157894736842,111.47368421052632
Bayfront,CE1/DT16,WEEKDAY,0,57.51219512195122,26.682926829268293
Bayfront,CE1/DT16,WEEKDAY,5,55.1219512195122,0.24390243902439024
Bayfront,CE1/DT16,WEEKDAY,6,299.7073170731707,1151.0731707317073
Bayfront,CE1/DT16,WEEKDAY,7,565.560975609756,1293.3170731707316
Bayfront,CE1/DT16,WEEKDAY,8,535.0731707317074,1822.6341463414635
Bayfront,CE1/DT16,WEEKDAY,9,373.6585365853659,1883.4634146341464
Bayfront,CE1/DT16,WEEKDAY,10,444.1951219512195,1678.8292682926829
Bayfront,CE1/DT16,WEEKDAY,11,730.9756097560976,1761.7073170731708
Bayfront,CE1/DT16,WEEKDAY,12,921.3170731707318,1888.5365853658536
Bayfront,CE1/DT16,WEEKDAY,13,1171.2682926829268,1854.1951219512196
Bayfront,CE1/DT16,WEEKDAY,14,1265.5121951219512,1881.121951219512
Bayfront,CE1/DT16,WEEKDAY,15,1649.560975609756,1621.0731707317073
Bayfront,CE1/DT16,WEEKDAY,16,1693.658536585366,1678.878048780488
Bayfront,CE1/DT16,WEEKDAY,17,2358.731707317073,2030.5365853658536
Bayfront,CE1/DT16,WEEKDAY,18,2823.560975609756,2958.9756097560976
Bayfront,CE1/DT16,WEEKDAY,19,2528.6341463414633,2840.1463414634145
Bayfront,CE1/DT16,WEEKDAY,20,4266.048780487805,1715.8048780487804
Bayfront,CE1/DT16,WEEKDAY,21,4124.0,1045.219512195122
Bayfront,CE1/DT16,WEEKDAY,22,3651.0731707317073,833.0731707317074
Bayfront,CE1/DT16,WEEKDAY,23,2129.2195121951218,280.6829268292683
Bayfront,CE1/DT16,WEEKENDS/HOLIDAY,0,72.42105263157895,31.263157894736842
Bayfront,CE1/DT16,WEEKENDS/HOLIDAY,5,20.105263157894736,0.0
Bayfront,CE1/DT16,WEEKENDS/HOLIDAY,6,531.578947368421,942.421052631579
Bayfront,CE1/DT16,WEEKENDS/HOLIDAY,7,613.2631578947369,1177.6842105263158
Bayfront,CE1/DT16,WEEKENDS/HOLIDAY,8,481.4736842105263,1483.578947368421
Bayfront,CE1/DT16,WEEKENDS/HOLIDAY,9,401.6842105263158,1756.0
Bayfront,CE1/DT16,WEEKENDS/HOLIDAY,10,857.6842105263158,2409.8947368421054
Bayfront,CE1/DT16,WEEKENDS/HOLIDAY,11,1012.5263157894736,3064.1052631578946
Bayfront,CE1/DT16,WEEKENDS/HOLIDAY,12,1234.1052631578948,2880.0
Bayfront,CE1/DT16,WEEKENDS/HOLIDAY,13,2141.0526315789475,3149.5789473684213
Bayfront,CE1/DT16,WEEKENDS/HOLIDAY,14,2058.5263157894738,3163.4736842105262
Bayfront,CE1/DT16,WEEKENDS/HOLIDAY,15,2781.3684210526317,3023.0526315789475
Bayfront,CE1/DT16,WEEKENDS/HOLIDAY,16,3077.2631578947367,3204.1052631578946
Bayfront,CE1/DT16,WEEKENDS/HOLIDAY,17,3315.2631578947367,3862.842105263158
Bayfront,CE1/DT16,WEEKENDS/HOLIDAY,18,3360.7368421052633,4410.8421052631575
Bayfront,CE1/DT16,WEEKENDS/HOLIDAY,19,3649.2631578947367,4789.684210526316
Bayfront,CE1/DT16,WEEKENDS/HOLIDAY,20,7228.526315789473,2613.684210526316
Bayfront,CE1/DT16,WEEKENDS/HOLIDAY,21,7062.631578947368,1338.421052631579
Bayfront,CE1/DT16,WEEKENDS/HOLIDAY,22,5121.473684210527,887.7894736842105
Bayfront,CE1/DT16,WEEKENDS/HOLIDAY,23,2931.0526315789475,332.42105263157896
Bayshore,TE29,WEEKDAY,0,0.6341463414634146,18.0
Bayshore,TE29,WEEKDAY,5,8.146341463414634,0.2926829268292683
Bayshore,TE29,WEEKDAY,6,104.48780487804878,23.51219512195122
Bayshore,TE29,WEEKDAY,7,360.8780487804878,77.90243902439025
Bayshore,TE29,WEEKDAY,8,673.2682926829268,81.85365853658537
Bayshore,TE29,WEEKDAY,9,364.0487804878049,66.04878048780488
Bayshore,TE29,WEEKDAY,10,189.7560975609756,53.26829268292683
Bayshore,TE29,WEEKDAY,11,167.3658536585366,69.07317073170732
Bayshore,TE29,WEEKDAY,12,146.9268292682927,106.63414634146342
Bayshore,TE29,WEEKDAY,13,120.48780487804878,133.5121951219512
Bayshore,TE29,WEEKDAY,14,114.04878048780488,140.0487804878049
Bayshore,TE29,WEEKDAY,15,107.36585365853658,156.1951219512195
Bayshore,TE29,WEEKDAY,16,124.53658536585365,189.21951219512195
Bayshore,TE29,WEEKDAY,17,176.09756097560975,277.4634146341463
Bayshore,TE29,WEEKDAY,18,187.46341463414635,509.5121951219512
Bayshore,TE29,WEEKDAY,19,114.58536585365853,456.390243902439
Bayshore,TE29,WEEKDAY,20,72.09756097560975,271.0243902439024
Bayshore,TE29,WEEKDAY,21,43.02439024390244,214.09756097560975
Bayshore,TE29,WEEKDAY,22,30.975609756097562,153.70731707317074
Bayshore,TE29,WEEKDAY,23,15.268292682926829,76.4390243902439
Bayshore,TE29,WEEKENDS/HOLIDAY,0,0.10526315789473684,23.263157894736842
Bayshore,TE29,WEEKENDS/HOLIDAY,5,2.1052631578947367,0.10526315789473684
Bayshore,TE29,WEEKENDS/HOLIDAY,6,40.31578947368421,13.578947368421053
Bayshore,TE29,WEEKENDS/HOLIDAY,7,90.52631578947368,44.526315789473685
Bayshore,TE29,WEEKENDS/HOLIDAY,8,161.68421052631578,64.52631578947368
Bayshore,TE29,WEEKENDS/HOLIDAY,9,204.73684210526315,74.73684210526316
Bayshore,TE29,WEEKENDS/HOLIDAY,10,224.10526315789474,89.47368421052632
Bayshore,TE29,WEEKENDS/HOLIDAY,11,211.3684210526316,129.1578947368421
Bayshore,TE29,WEEKENDS/HOLIDAY,12,186.52631578947367,155.68421052631578
Bayshore,TE29,WEEKENDS/HOLIDAY,13,166.42105263157896,171.26315789473685
Bayshore,TE29,WEEKENDS/HOLIDAY,14,140.52631578947367,168.6315789473684
Bayshore,TE29,WEEKENDS/HOLIDAY,15,146.10526315789474,175.1578947368421
Bayshore,TE29,WEEKENDS/HOLIDAY,16,165.05263157894737,199.78947368421052
Bayshore,TE29,WEEKENDS/HOLIDAY,17,215.78947368421052,223.68421052631578
Bayshore,TE29,WEEKENDS/HOLIDAY,18,201.89473684210526,229.57894736842104
Bayshore,TE29,WEEKENDS/HOLIDAY,19,152.31578947368422,232.21052631578948
Bayshore,TE29,WEEKENDS/HOLIDAY,20,103.36842105263158,213.3684210526316
Bayshore,TE29,WEEKENDS/HOLIDAY,21,58.63157894736842,208.94736842105263
Bayshore,TE29,WEEKENDS/HOLIDAY,22,42.63157894736842,158.31578947368422
Bayshore,TE29,WEEKENDS/HOLIDAY,23,18.31578947368421,89.6842105263158
Beauty World,DT5,WEEKDAY,0,7.414634146341464,77.41463414634147
Beauty World,DT5,WEEKDAY,5,79.65853658536585,10.097560975609756
Beauty World,DT5,WEEKDAY,6,503.3170731707317,234.4878048780488
Beauty World,DT5,WEEKDAY,7,1323.3170731707316,736.7317073170732
Beauty World,DT5,WEEKDAY,8,2026.1463414634147,939.9512195121952
Beauty World,DT5,WEEKDAY,9,1041.3170731707316,658.6829268292682
Beauty World,DT5,WEEKDAY,10,653.2682926829268,513.0243902439024
Beauty World,DT5,WEEKDAY,11,654.6341463414634,480.5853658536585
Beauty World,DT5,WEEKDAY,12,750.2926829268292,599.8536585365854
Beauty World,DT5,WEEKDAY,13,740.8780487804878,566.0487804878048
Beauty World,DT5,WEEKDAY,14,591.170731707317,564.780487804878
Beauty World,DT5,WEEKDAY,15,598.4878048780488,619.2682926829268
Beauty World,DT5,WEEKDAY,16,686.5853658536586,741.9024390243902
Beauty World,DT5,WEEKDAY,17,1092.0,1217.1707317073171
Beauty World,DT5,WEEKDAY,18,1257.560975609756,2152.682926829268
Beauty World,DT5,WEEKDAY,19,862.1951219512196,1560.878048780488
Beauty World,DT5,WEEKDAY,20,598.0975609756098,885.4634146341464
Beauty World,DT5,WEEKDAY,21,494.9268292682927,784.2439024390244
Beauty World,DT5,WEEKDAY,22,300.780487804878,636.9756097560976
Beauty World,DT5,WEEKDAY,23,118.34146341463415,357.2682926829268
Beauty World,DT5,WEEKENDS/HOLIDAY,0,6.2105263157894735,65.78947368421052
Beauty World,DT5,WEEKENDS/HOLIDAY,5,36.421052631578945,3.8947368421052633
Beauty World,DT5,WEEKENDS/HOLIDAY,6,235.26315789473685,128.10526315789474
Beauty World,DT5,WEEKENDS/HOLIDAY,7,416.3157894736842,445.57894736842104
Beauty World,DT5,WEEKENDS/HOLIDAY,8,616.5263157894736,738.1052631578947
Beauty World,DT5,WEEKENDS/HOLIDAY,9,835.7894736842105,789.3684210526316
Beauty World,DT5,WEEKENDS/HOLIDAY,10,940.7368421052631,683.4736842105264
Beauty World,DT5,WEEKENDS/HOLIDAY,11,1134.842105263158,678.9473684210526
Beauty World,DT5,WEEKENDS/HOLIDAY,12,1153.578947368421,693.3684210526316
Beauty World,DT5,WEEKENDS/HOLIDAY,13,1080.9473684210527,748.6315789473684
Beauty World,DT5,WEEKENDS/HOLIDAY,14,911.3684210526316,665.578947368421
Beauty World,DT5,WEEKENDS/HOLIDAY,15,825.7894736842105,706.9473684210526
Beauty World,DT5,WEEKENDS/HOLIDAY,16,877.7894736842105,749.6842105263158
Beauty World,DT5,WEEKENDS/HOLIDAY,17,930.3157894736842,920.6315789473684
Beauty World,DT5,WEEKENDS/HOLIDAY,18,888.2105263157895,940.8421052631579
Beauty World,DT5,WEEKENDS/HOLIDAY,19,689.3684210526316,847.0526315789474
Beauty World,DT5,WEEKENDS/HOLIDAY,20,488.63157894736844,783.578947368421
Beauty World,DT5,WEEKENDS/HOLIDAY,21,383.7894736842105,784.6315789473684
Beauty World,DT5,WEEKENDS/HOLIDAY,22,234.8421052631579,658.9473684210526
Beauty World,DT5,WEEKENDS/HOLIDAY,23,83.36842105263158,381.57894736842104
Bedok,EW5,WEEKDAY,0,11.902439024390244,114.6829268292683
Bedok,EW5,WEEKDAY,5,510.1951219512195,44.0
Bedok,EW5,WEEKDAY,6,1671.4634146341464,676.829268292683
Bedok,EW5,WEEKDAY,7,3256.2926829268295,1626.2439024390244
Bedok,EW5,WEEKDAY,8,4190.926829268293,1731.8536585365853
Bedok,EW5,WEEKDAY,9,2419.951219512195,1222.9756097560976
Bedok,EW5,WEEKDAY,10,1620.439024390244,1013.5121951219512
Bedok,EW5,WEEKDAY,11,1474.1463414634147,1065.658536585366
Bedok,EW5,WEEKDAY,12,1505.9512195121952,1218.878048780488
Bedok,EW5,WEEKDAY,13,1501.7073170731708,1257.560975609756
Bedok,EW5,WEEKDAY,14,1297.7560975609756,1231.560975609756
Bedok,EW5,WEEKDAY,15,1199.1707317073171,1432.5853658536585
Bedok,EW5,WEEKDAY,16,1392.3902439024391,1716.3902439024391
Bedok,EW5,WEEKDAY,17,2475.121951219512,2745.317073170732
Bedok,EW5,WEEKDAY,18,2783.9024390243903,4823.365853658536
Bedok,EW5,WEEKDAY,19,1697.4634146341464,3395.0243902439024
Bedok,EW5,WEEKDAY,20,1293.4634146341464,2104.7804878048782
Bedok,EW5,WEEKDAY,21,967.3658536585366,2005.8048780487804
Bedok,EW5,WEEKDAY,22,588.9268292682926,1737.1707317073171
Bedok,EW5,WEEKDAY,23,194.58536585365854,850.4878048780488
Bedok,EW5,WEEKENDS/HOLIDAY,0,16.736842105263158,140.0
Bedok,EW5,WEEKENDS/HOLIDAY,5,163.78947368421052,7.473684210526316
Bedok,EW5,WEEKENDS/HOLIDAY,6,710.0,301.6842105263158
Bedok,EW5,WEEKENDS/HOLIDAY,7,1115.0526315789473,693.8947368421053
Bedok,EW5,WEEKENDS/HOLIDAY,8,1569.6842105263158,872.8421052631579
Bedok,EW5,WEEKENDS/HOLIDAY,9,1916.9473684210527,1077.6842105263158
Bedok,EW5,WEEKENDS/HOLIDAY,10,1832.421052631579,1136.7368421052631
Bedok,EW5,WEEKENDS/HOLIDAY,11,1815.2631578947369,1242.7368421052631
Bedok,EW5,WEEKENDS/HOLIDAY,12,1829.2631578947369,1380.7368421052631
Bedok,EW5,WEEKENDS/HOLIDAY,13,1761.8947368421052,1502.0
Bedok,EW5,WEEKENDS/HOLIDAY,14,1637.3684210526317,1502.5263157894738
Bedok,EW5,WEEKENDS/HOLIDAY,15,1570.2105263157894,1660.842105263158
Bedok,EW5,WEEKENDS/HOLIDAY,16,1619.8947368421052,1883.4736842105262
Bedok,EW5,WEEKENDS/HOLIDAY,17,1739.0526315789473,2136.4210526315787
Bedok,EW5,WEEKENDS/HOLIDAY,18,1654.5263157894738,2196.9473684210525
Bedok,EW5,WEEKENDS/HOLIDAY,19,1428.421052631579,1926.3157894736842
Bedok,EW5,WEEKENDS/HOLIDAY,20,1206.5263157894738,1778.0
Bedok,EW5,WEEKENDS/HOLIDAY,21,937.578947368421,1811.3684210526317
Bedok,EW5,WEEKENDS/HOLIDAY,22,591.8947368421053,1696.2105263157894
Bedok,EW5,WEEKENDS/HOLIDAY,23,196.42105263157896,859.0526315789474
Bedok North,DT29,WEEKDAY,0,2.731707317073171,34.19512195121951
Bedok North,DT29,WEEKDAY,5,101.26829268292683,4.439024390243903
Bedok North,DT29,WEEKDAY,6,594.9268292682926,93.17073170731707
Bedok North,DT29,WEEKDAY,7,1226.9756097560976,352.4878048780488
Bedok North,DT29,WEEKDAY,8,1560.439024390244,458.3414634146341
Bedok North,DT29,WEEKDAY,9,796.5365853658536,238.73170731707316
Bedok North,DT29,WEEKDAY,10,407.219512195122,122.97560975609755
Bedok North,DT29,WEEKDAY,11,318.780487804878,119.95121951219512
Bedok North,DT29,WEEKDAY,12,304.5365853658537,175.46341463414635
Bedok North,DT29,WEEKDAY,13,263.7560975609756,202.6341463414634
Bedok North,DT29,WEEKDAY,14,226.58536585365854,206.4878048780488
Bedok North,DT29,WEEKDAY,15,221.3658536585366,252.53658536585365
Bedok North,DT29,WEEKDAY,16,245.41463414634146,363.6585365853659
Bedok North,DT29,WEEKDAY,17,538.9756097560976,638.390243902439
Bedok North,DT29,WEEKDAY,18,622.2439024390244,1277.3170731707316
Bedok North,DT29,WEEKDAY,19,313.219512195122,915.6585365853658
Bedok North,DT29,WEEKDAY,20,177.46341463414635,617.8048780487804
Bedok North,DT29,WEEKDAY,21,129.5609756097561,589.9512195121952
Bedok North,DT29,WEEKDAY,22,101.85365853658537,496.3414634146341
Bedok North,DT29,WEEKDAY,23,39.46341463414634,260.7317073170732
Bedok North,DT29,WEEKENDS/HOLIDAY,0,2.8421052631578947,40.63157894736842
Bedok North,DT29,WEEKENDS/HOLIDAY,5,41.89473684210526,2.0
Bedok North,DT29,WEEKENDS/HOLIDAY,6,248.31578947368422,47.78947368421053
Bedok North,DT29,WEEKENDS/HOLIDAY,7,339.6842105263158,117.26315789473684
Bedok North,DT29,WEEKENDS/HOLIDAY,8,408.5263157894737,143.57894736842104
Bedok North,DT29,WEEKENDS/HOLIDAY,9,462.7368421052632,137.89473684210526
Bedok North,DT29,WEEKENDS/HOLIDAY,10,427.89473684210526,129.57894736842104
Bedok North,DT29,WEEKENDS/HOLIDAY,11,385.89473684210526,146.10526315789474
Bedok North,DT29,WEEKENDS/HOLIDAY,12,375.4736842105263,191.57894736842104
Bedok North,DT29,WEEKENDS/HOLIDAY,13,345.2631578947368,240.10526315789474
Bedok North,DT29,WEEKENDS/HOLIDAY,14,295.36842105263156,237.05263157894737
Bedok North,DT29,WEEKENDS/HOLIDAY,15,285.57894736842104,290.10526315789474
Bedok North,DT29,WEEKENDS/HOLIDAY,16,310.2105263157895,324.3157894736842
Bedok North,DT29,WEEKENDS/HOLIDAY,17,355.6842105263158,370.2105263157895
Bedok North,DT29,WEEKENDS/HOLIDAY,18,337.4736842105263,383.4736842105263
Bedok North,DT29,WEEKENDS/HOLIDAY,19,246.94736842105263,398.5263157894737
Bedok North,DT29,WEEKENDS/HOLIDAY,20,169.26315789473685,456.63157894736844
Bedok North,DT29,WEEKENDS/HOLIDAY,21,129.1578947368421,506.2105263157895
Bedok North,DT29,WEEKENDS/HOLIDAY,22,90.52631578947368,493.36842105263156
Bedok North,DT29,WEEKENDS/HOLIDAY,23,35.89473684210526,263.7894736842105
Bedok Reservoir,DT30,WEEKDAY,0,1.5121951219512195,45.90243902439025
Bedok Reservoir,DT30,WEEKDAY,5,85.5609756097561,5.2682926829268295
Bedok Reservoir,DT30,WEEKDAY,6,485.7560975609756,102.14634146341463
Bedok Reservoir,DT30,WEEKDAY,7,1320.2926829268292,229.65853658536585
Bedok Reservoir,DT30,WEEKDAY,8,1968.9268292682927,259.4634146341463
Bedok Reservoir,DT30,WEEKDAY,9,975.219512195122,161.02439024390245
Bedok Reservoir,DT30,WEEKDAY,10,475.8048780487805,126.4390243902439
Bedok Reservoir,DT30,WEEKDAY,11,379.5121951219512,136.34146341463415
Bedok Reservoir,DT30,WEEKDAY,12,353.8536585365854,190.58536585365854
Bedok Reservoir,DT30,WEEKDAY,13,309.1219512195122,232.9268292682927
Bedok Reservoir,DT30,WEEKDAY,14,259.4634146341463,252.78048780487805
Bedok Reservoir,DT30,WEEKDAY,15,238.34146341463415,290.0975609756098
Bedok Reservoir,DT30,WEEKDAY,16,252.78048780487805,412.9756097560976
Bedok Reservoir,DT30,WEEKDAY,17,375.3658536585366,777.8536585365854
Bedok Reservoir,DT30,WEEKDAY,18,459.0731707317073,1543.1707317073171
Bedok Reservoir,DT30,WEEKDAY,19,261.2682926829268,1160.4878048780488
Bedok Reservoir,DT30,WEEKDAY,20,148.2439024390244,715.4146341463414
Bedok Reservoir,DT30,WEEKDAY,21,125.07317073170732,623.0731707317074
Bedok Reservoir,DT30,WEEKDAY,22,85.36585365853658,548.439024390244
Bedok Reservoir,DT30,WEEKDAY,23,30.29268292682927,292.5853658536585
Bedok Reservoir,DT30,WEEKENDS/HOLIDAY,0,0.8421052631578947,52.31578947368421
Bedok Reservoir,DT30,WEEKENDS/HOLIDAY,5,32.73684210526316,0.42105263157894735
Bedok Reservoir,DT30,WEEKENDS/HOLIDAY,6,177.78947368421052,60.63157894736842
Bedok Reservoir,DT30,WEEKENDS/HOLIDAY,7,311.36842105263156,173.26315789473685
Bedok Reservoir,DT30,WEEKENDS/HOLIDAY,8,446.8421052631579,191.68421052631578
Bedok Reservoir,DT30,WEEKENDS/HOLIDAY,9,509.36842105263156,163.57894736842104
Bedok Reservoir,DT30,WEEKENDS/HOLIDAY,10,504.10526315789474,165.57894736842104
Bedok Reservoir,DT30,WEEKENDS/HOLIDAY,11,465.57894736842104,190.31578947368422
Bedok Reservoir,DT30,WEEKENDS/HOLIDAY,12,465.4736842105263,249.68421052631578
Bedok Reservoir,DT30,WEEKENDS/HOLIDAY,13,425.36842105263156,304.5263157894737
Bedok Reservoir,DT30,WEEKENDS/HOLIDAY,14,349.57894736842104,329.7894736842105
Bedok Reservoir,DT30,WEEKENDS/HOLIDAY,15,339.89473684210526,351.57894736842104
Bedok Reservoir,DT30,WEEKENDS/HOLIDAY,16,364.8421052631579,380.8421052631579
Bedok Reservoir,DT30,WEEKENDS/HOLIDAY,17,429.7894736842105,401.89473684210526
Bedok Reservoir,DT30,WEEKENDS/HOLIDAY,18,405.6842105263158,450.5263157894737
Bedok Reservoir,DT30,WEEKENDS/HOLIDAY,19,274.0,452.2105263157895
Bedok Reservoir,DT30,WEEKENDS/HOLIDAY,20,165.89473684210526,480.42105263157896
Bedok Reservoir,DT30,WEEKENDS/HOLIDAY,21,132.10526315789474,532.0
Bedok Reservoir,DT30,WEEKENDS/HOLIDAY,22,86.10526315789474,481.1578947368421
Bedok Reservoir,DT30,WEEKENDS/HOLIDAY,23,33.473684210526315,267.89473684210526
Bencoolen,DT21,WEEKDAY,0,11.317073170731707,12.048780487804878
Bencoolen,DT21,WEEKDAY,5,4.0,0.0
Bencoolen,DT21,WEEKDAY,6,50.73170731707317,109.46341463414635
Bencoolen,DT21,WEEKDAY,7,156.6829268292683,361.3170731707317
Bencoolen,DT21,WEEKDAY,8,443.5609756097561,897.609756097561
Bencoolen,DT21,WEEKDAY,9,375.5609756097561,652.9756097560976
Bencoolen,DT21,WEEKDAY,10,283.1707317073171,360.8780487804878
Bencoolen,DT21,WEEKDAY,11,301.7560975609756,383.3658536585366
Bencoolen,DT21,WEEKDAY,12,328.4878048780488,416.2926829268293
Bencoolen,DT21,WEEKDAY,13,373.9024390243902,371.219512195122
Bencoolen,DT21,WEEKDAY,14,290.390243902439,348.5365853658537
Bencoolen,DT21,WEEKDAY,15,326.1951219512195,323.4146341463415
Bencoolen,DT21,WEEKDAY,16,402.9756097560976,343.2682926829268
Bencoolen,DT21,WEEKDAY,17,740.5853658536586,433.609756097561
Bencoolen,DT21,WEEKDAY,18,1071.3658536585365,838.5365853658536
Bencoolen,DT21,WEEKDAY,19,674.829268292683,467.0731707317073
Bencoolen,DT21,WEEKDAY,20,491.1219512195122,312.7317073170732
Bencoolen,DT21,WEEKDAY,21,518.9756097560976,336.0
Bencoolen,DT21,WEEKDAY,22,436.2439024390244,248.73170731707316
Bencoolen,DT21,WEEKDAY,23,157.3658536585366,111.70731707317073
Bencoolen,DT21,WEEKENDS/HOLIDAY,0,8.105263157894736,15.368421052631579
Bencoolen,DT21,WEEKENDS/HOLIDAY,5,0.9473684210526315,0.0
Bencoolen,DT21,WEEKENDS/HOLIDAY,6,37.36842105263158,66.21052631578948
Bencoolen,DT21,WEEKENDS/HOLIDAY,7,65.05263157894737,152.0
Bencoolen,DT21,WEEKENDS/HOLIDAY,8,169.05263157894737,278.7368421052632
Bencoolen,DT21,WEEKENDS/HOLIDAY,9,277.05263157894734,337.1578947368421
Bencoolen,DT21,WEEKENDS/HOLIDAY,10,334.8421052631579,355.6842105263158
Bencoolen,DT21,WEEKENDS/HOLIDAY,11,350.0,373.57894736842104
Bencoolen,DT21,WEEKENDS/HOLIDAY,12,368.94736842105266,415.1578947368421
Bencoolen,DT21,WEEKENDS/HOLIDAY,13,396.8421052631579,427.4736842105263
Bencoolen,DT21,WEEKENDS/HOLIDAY,14,388.0,430.10526315789474
Bencoolen,DT21,WEEKENDS/HOLIDAY,15,426.3157894736842,368.8421052631579
Bencoolen,DT21,WEEKENDS/HOLIDAY,16,480.8421052631579,371.05263157894734
Bencoolen,DT21,WEEKENDS/HOLIDAY,17,539.8947368421053,366.42105263157896
Bencoolen,DT21,WEEKENDS/HOLIDAY,18,560.421052631579,328.0
Bencoolen,DT21,WEEKENDS/HOLIDAY,19,471.2631578947368,268.8421052631579
Bencoolen,DT21,WEEKENDS/HOLIDAY,20,362.2105263157895,307.05263157894734
Bencoolen,DT21,WEEKENDS/HOLIDAY,21,337.57894736842104,369.6842105263158
Bencoolen,DT21,WEEKENDS/HOLIDAY,22,291.89473684210526,281.6842105263158
Bencoolen,DT21,WEEKENDS/HOLIDAY,23,137.68421052631578,114.84210526315789
Bendemeer,DT23,WEEKDAY,0,3.902439024390244,9.024390243902438
Bendemeer,DT23,WEEKDAY,5,6.2926829268292686,0.0
Bendemeer,DT23,WEEKDAY,6,164.58536585365854,150.4878048780488
Bendemeer,DT23,WEEKDAY,7,283.3658536585366,420.8780487804878
Bendemeer,DT23,WEEKDAY,8,356.8292682926829,1059.4146341463415
Bendemeer,DT23,WEEKDAY,9,200.390243902439,861.170731707317
Bendemeer,DT23,WEEKDAY,10,124.53658536585365,301.9024390243902
Bendemeer,DT23,WEEKDAY,11,173.3170731707317,153.90243902439025
Bendemeer,DT23,WEEKDAY,12,184.2439024390244,180.6829268292683
Bendemeer,DT23,WEEKDAY,13,146.4878048780488,216.9268292682927
Bendemeer,DT23,WEEKDAY,14,146.9268292682927,160.4390243902439
Bendemeer,DT23,WEEKDAY,15,176.9268292682927,138.1951219512195
Bendemeer,DT23,WEEKDAY,16,267.8048780487805,151.5609756097561
Bendemeer,DT23,WEEKDAY,17,788.1463414634146,268.0
Bendemeer,DT23,WEEKDAY,18,1213.2682926829268,492.5853658536585
Bendemeer,DT23,WEEKDAY,19,494.2926829268293,344.6829268292683
Bendemeer,DT23,WEEKDAY,20,221.65853658536585,192.8780487804878
Bendemeer,DT23,WEEKDAY,21,180.53658536585365,182.14634146341464
Bendemeer,DT23,WEEKDAY,22,156.14634146341464,123.60975609756098
Bendemeer,DT23,WEEKDAY,23,61.80487804878049,62.390243902439025
Bendemeer,DT23,WEEKENDS/HOLIDAY,0,3.3684210526315788,9.263157894736842
Bendemeer,DT23,WEEKENDS/HOLIDAY,5,2.8421052631578947,0.0
Bendemeer,DT23,WEEKENDS/HOLIDAY,6,84.52631578947368,42.421052631578945
Bendemeer,DT23,WEEKENDS/HOLIDAY,7,126.73684210526316,88.0
Bendemeer,DT23,WEEKENDS/HOLIDAY,8,95.89473684210526,166.8421052631579
Bendemeer,DT23,WEEKENDS/HOLIDAY,9,101.26315789473684,172.21052631578948
Bendemeer,DT23,WEEKENDS/HOLIDAY,10,110.73684210526316,214.6315789473684
Bendemeer,DT23,WEEKENDS/HOLIDAY,11,128.42105263157896,162.10526315789474
Bendemeer,DT23,WEEKENDS/HOLIDAY,12,189.3684210526316,174.73684210526315
Bendemeer,DT23,WEEKENDS/HOLIDAY,13,168.73684210526315,196.10526315789474
Bendemeer,DT23,WEEKENDS/HOLIDAY,14,171.57894736842104,201.3684210526316
Bendemeer,DT23,WEEKENDS/HOLIDAY,15,176.8421052631579,188.6315789473684
Bendemeer,DT23,WEEKENDS/HOLIDAY,16,201.1578947368421,158.0
Bendemeer,DT23,WEEKENDS/HOLIDAY,17,232.31578947368422,176.73684210526315
Bendemeer,DT23,WEEKENDS/HOLIDAY,18,249.89473684210526,183.1578947368421
Bendemeer,DT23,WEEKENDS/HOLIDAY,19,194.10526315789474,155.3684210526316
Bendemeer,DT23,WEEKENDS/HOLIDAY,20,137.47368421052633,151.47368421052633
Bendemeer,DT23,WEEKENDS/HOLIDAY,21,121.78947368421052,145.47368421052633
Bendemeer,DT23,WEEKENDS/HOLIDAY,22,96.3157894736842,110.3157894736842
Bendemeer,DT23,WEEKENDS/HOLIDAY,23,48.0,71.78947368421052
Bishan,NS17/CC15,WEEKDAY,0,37.5609756097561,113.07317073170732
Bishan,NS17/CC15,WEEKDAY,5,261.5609756097561,64.78048780487805
Bishan,NS17/CC15,WEEKDAY,6,1698.341463414634,714.6341463414634
Bishan,NS17/CC15,WEEKDAY,7,4142.243902439024,1231.6097560975609
Bishan,NS17/CC15,WEEKDAY,8,6011.512195121952,1287.7073170731708
Bishan,NS17/CC15,WEEKDAY,9,3148.487804878049,707.1219512195122
Bishan,NS17/CC15,WEEKDAY,10,1801.560975609756,517.170731707317
Bishan,NS17/CC15,WEEKDAY,11,1508.4878048780488,489.2682926829268
Bishan,NS17/CC15,WEEKDAY,12,1436.4878048780488,649.4634146341464
Bishan,NS17/CC15,WEEKDAY,13,1282.5365853658536,708.780487804878
Bishan,NS17/CC15,WEEKDAY,14,1059.219512195122,691.9024390243902
Bishan,NS17/CC15,WEEKDAY,15,991.8048780487804,774.0487804878048
Bishan,NS17/CC15,WEEKDAY,16,1212.878048780488,993.560975609756
Bishan,NS17/CC15,WEEKDAY,17,2220.9756097560976,1677.8536585365853
Bishan,NS17/CC15,WEEKDAY,18,2685.0731707317073,3102.3414634146343
Bishan,NS17/CC15,WEEKDAY,19,1297.7560975609756,2094.439024390244
Bishan,NS17/CC15,WEEKDAY,20,864.6829268292682,1334.439024390244
Bishan,NS17/CC15,WEEKDAY,21,740.390243902439,1356.2926829268292
Bishan,NS17/CC15,WEEKDAY,22,514.829268292683,1188.0
Bishan,NS17/CC15,WEEKDAY,23,223.70731707317074,639.4146341463414
Bishan,NS17/CC15,WEEKENDS/HOLIDAY,0,42.73684210526316,118.94736842105263
Bishan,NS17/CC15,WEEKENDS/HOLIDAY,5,48.0,18.105263157894736
Bishan,NS17/CC15,WEEKENDS/HOLIDAY,6,651.3684210526316,279.1578947368421
Bishan,NS17/CC15,WEEKENDS/HOLIDAY,7,1041.0526315789473,412.42105263157896
Bishan,NS17/CC15,WEEKENDS/HOLIDAY,8,1540.2105263157894,580.0
Bishan,NS17/CC15,WEEKENDS/HOLIDAY,9,2088.6315789473683,578.7368421052631
Bishan,NS17/CC15,WEEKENDS/HOLIDAY,10,1852.421052631579,504.8421052631579
Bishan,NS17/CC15,WEEKENDS/HOLIDAY,11,1804.421052631579,595.7894736842105
Bishan,NS17/CC15,WEEKENDS/HOLIDAY,12,1663.7894736842106,701.2631578947369
Bishan,NS17/CC15,WEEKENDS/HOLIDAY,13,1471.7894736842106,763.1578947368421
Bishan,NS17/CC15,WEEKENDS/HOLIDAY,14,1263.3684210526317,809.6842105263158
Bishan,NS17/CC15,WEEKENDS/HOLIDAY,15,1212.421052631579,838.3157894736842
Bishan,NS17/CC15,WEEKENDS/HOLIDAY,16,1295.3684210526317,878.7368421052631
Bishan,NS17/CC15,WEEKENDS/HOLIDAY,17,1542.1052631578948,1085.2631578947369
Bishan,NS17/CC15,WEEKENDS/HOLIDAY,18,1352.842105263158,1079.7894736842106
Bishan,NS17/CC15,WEEKENDS/HOLIDAY,19,966.1052631578947,1003.3684210526316
Bishan,NS17/CC15,WEEKENDS/HOLIDAY,20,709.8947368421053,1005.8947368421053
Bishan,NS17/CC15,WEEKENDS/HOLIDAY,21,629.6842105263158,1110.3157894736842
Bishan,NS17/CC15,WEEKENDS/HOLIDAY,22,462.5263157894737,1067.157894736842
Bishan,NS17/CC15,WEEKENDS/HOLIDAY,23,212.6315789473684,628.8421052631579
Boon Keng,NE9,WEEKDAY,0,7.853658536585366,36.19512195121951
Boon Keng,NE9,WEEKDAY,5,150.58536585365854,2.6341463414634148
Boon Keng,NE9,WEEKDAY,6,1016.0,714.6829268292682
Boon Keng,NE9,WEEKDAY,7,2063.2195121951218,1476.4878048780488
Boon Keng,NE9,WEEKDAY,8,2553.4146341463415,2499.560975609756
Boon Keng,NE9,WEEKDAY,9,1707.0731707317073,1506.7317073170732
Boon Keng,NE9,WEEKDAY,10,1229.5121951219512,838.5365853658536
Boon Keng,NE9,WEEKDAY,11,1284.2439024390244,732.9756097560976
Boon Keng,NE9,WEEKDAY,12,1297.0731707317073,886.1463414634146
Boon Keng,NE9,WEEKDAY,13,1108.2439024390244,995.3170731707318
Boon Keng,NE9,WEEKDAY,14,937.3658536585366,801.0243902439024
Boon Keng,NE9,WEEKDAY,15,885.4634146341464,762.1463414634146
Boon Keng,NE9,WEEKDAY,16,1095.3658536585365,971.1219512195122
Boon Keng,NE9,WEEKDAY,17,2328.1463414634145,1486.2439024390244
Boon Keng,NE9,WEEKDAY,18,2984.9268292682927,2415.268292682927
Boon Keng,NE9,WEEKDAY,19,1766.9268292682927,1896.341463414634
Boon Keng,NE9,WEEKDAY,20,938.3414634146342,1349.7560975609756
Boon Keng,NE9,WEEKDAY,21,616.6829268292682,1250.0975609756097
Boon Keng,NE9,WEEKDAY,22,395.1707317073171,1002.4878048780488
Boon Keng,NE9,WEEKDAY,23,165.85365853658536,460.6341463414634
Boon Keng,NE9,WEEKENDS/HOLIDAY,0,7.473684210526316,42.63157894736842
Boon Keng,NE9,WEEKENDS/HOLIDAY,5,39.36842105263158,0.0
Boon Keng,NE9,WEEKENDS/HOLIDAY,6,524.6315789473684,349.2631578947368
Boon Keng,NE9,WEEKENDS/HOLIDAY,7,880.0,471.89473684210526
Boon Keng,NE9,WEEKENDS/HOLIDAY,8,1031.2631578947369,726.7368421052631
Boon Keng,NE9,WEEKENDS/HOLIDAY,9,1298.2105263157894,772.2105263157895
Boon Keng,NE9,WEEKENDS/HOLIDAY,10,1379.3684210526317,836.2105263157895
Boon Keng,NE9,WEEKENDS/HOLIDAY,11,1355.0526315789473,859.8947368421053
Boon Keng,NE9,WEEKENDS/HOLIDAY,12,1338.2105263157894,907.1578947368421
Boon Keng,NE9,WEEKENDS/HOLIDAY,13,1276.7368421052631,945.7894736842105
Boon Keng,NE9,WEEKENDS/HOLIDAY,14,1102.6315789473683,910.7368421052631
Boon Keng,NE9,WEEKENDS/HOLIDAY,15,1037.7894736842106,914.8421052631579
Boon Keng,NE9,WEEKENDS/HOLIDAY,16,1055.2631578947369,952.9473684210526
Boon Keng,NE9,WEEKENDS/HOLIDAY,17,1169.157894736842,1083.4736842105262
Boon Keng,NE9,WEEKENDS/HOLIDAY,18,1140.3157894736842,1203.4736842105262
Boon Keng,NE9,WEEKENDS/HOLIDAY,19,1063.157894736842,1131.6842105263158
Boon Keng,NE9,WEEKENDS/HOLIDAY,20,723.578947368421,1114.421052631579
Boon Keng,NE9,WEEKENDS/HOLIDAY,21,503.36842105263156,1131.0526315789473
Boon Keng,NE9,WEEKENDS/HOLIDAY,22,345.05263157894734,936.3157894736842
Boon Keng,NE9,WEEKENDS/HOLIDAY,23,146.73684210526315,507.6842105263158
Boon Lay,EW27,WEEKDAY,0,10.048780487804878,241.21951219512195
Boon Lay,EW27,WEEKDAY,5,959.0731707317074,219.609756097561
Boon Lay,EW27,WEEKDAY,6,2918.7804878048782,2061.560975609756
Boon Lay,EW27,WEEKDAY,7,5937.463414634146,4323.219512195122
Boon Lay,EW27,WEEKDAY,8,4607.8536585365855,3551.609756097561
Boon Lay,EW27,WEEKDAY,9,2233.512195121951,1691.0731707317073
Boon Lay,EW27,WEEKDAY,10,1596.3902439024391,1337.121951219512
Boon Lay,EW27,WEEKDAY,11,1569.560975609756,1420.1951219512196
Boon Lay,EW27,WEEKDAY,12,1741.0243902439024,1696.2439024390244
Boon Lay,EW27,WEEKDAY,13,1646.0487804878048,1737.9024390243903
Boon Lay,EW27,WEEKDAY,14,1452.3902439024391,1629.3658536585365
Boon Lay,EW27,WEEKDAY,15,1540.4878048780488,1905.6097560975609
Boon Lay,EW27,WEEKDAY,16,2041.8048780487804,2317.756097560976
Boon Lay,EW27,WEEKDAY,17,4039.7073170731705,5021.268292682927
Boon Lay,EW27,WEEKDAY,18,4341.90243902439,7662.243902439024
Boon Lay,EW27,WEEKDAY,19,2634.5853658536585,5703.658536585366
Boon Lay,EW27,WEEKDAY,20,1874.6829268292684,3639.6585365853657
Boon Lay,EW27,WEEKDAY,21,1563.2682926829268,2752.1951219512193
Boon Lay,EW27,WEEKDAY,22,845.219512195122,2161.121951219512
Boon Lay,EW27,WEEKDAY,23,204.34146341463415,1071.7073170731708
Boon Lay,EW27,WEEKENDS/HOLIDAY,0,12.210526315789474,317.89473684210526
Boon Lay,EW27,WEEKENDS/HOLIDAY,5,342.94736842105266,38.63157894736842
Boon Lay,EW27,WEEKENDS/HOLIDAY,6,1255.7894736842106,650.6315789473684
Boon Lay,EW27,WEEKENDS/HOLIDAY,7,1801.3684210526317,1425.2631578947369
Boon Lay,EW27,WEEKENDS/HOLIDAY,8,1799.7894736842106,1269.0526315789473
Boon Lay,EW27,WEEKENDS/HOLIDAY,9,2001.3684210526317,1232.842105263158
Boon Lay,EW27,WEEKENDS/HOLIDAY,10,2130.9473684210525,1499.8947368421052
Boon Lay,EW27,WEEKENDS/HOLIDAY,11,2226.0,1730.3157894736842
Boon Lay,EW27,WEEKENDS/HOLIDAY,12,2392.9473684210525,1994.7368421052631
Boon Lay,EW27,WEEKENDS/HOLIDAY,13,2258.9473684210525,2265.7894736842104
Boon Lay,EW27,WEEKENDS/HOLIDAY,14,2150.5263157894738,2236.7368421052633
Boon Lay,EW27,WEEKENDS/HOLIDAY,15,2155.684210526316,2382.9473684210525
Boon Lay,EW27,WEEKENDS/HOLIDAY,16,2248.0,2713.8947368421054
Boon Lay,EW27,WEEKENDS/HOLIDAY,17,2852.2105263157896,3487.4736842105262
Boon Lay,EW27,WEEKENDS/HOLIDAY,18,2508.1052631578946,3573.157894736842
Boon Lay,EW27,WEEKENDS/HOLIDAY,19,2171.4736842105262,3315.3684210526317
Boon Lay,EW27,WEEKENDS/HOLIDAY,20,1815.0526315789473,3129.0526315789475
Boon Lay,EW27,WEEKENDS/HOLIDAY,21,1624.7368421052631,2750.9473684210525
Boon Lay,EW27,WEEKENDS/HOLIDAY,22,956.2105263157895,2323.684210526316
Boon Lay,EW27,WEEKENDS/HOLIDAY,23,251.78947368421052,1247.6842105263158
Botanic Gardens,CC19/DT9,WEEKDAY,0,2.0,10.975609756097562
Botanic Gardens,CC19/DT9,WEEKDAY,5,11.804878048780488,21.26829268292683
Botanic Gardens,CC19/DT9,WEEKDAY,6,94.29268292682927,168.78048780487805
Botanic Gardens,CC19/DT9,WEEKDAY,7,308.780487804878,464.8292682926829
Botanic Gardens,CC19/DT9,WEEKDAY,8,538.390243902439,657.4146341463414
Botanic Gardens,CC19/DT9,WEEKDAY,9,373.0731707317073,488.2926829268293
Botanic Gardens,CC19/DT9,WEEKDAY,10,238.78048780487805,328.5365853658537
Botanic Gardens,CC19/DT9,WEEKDAY,11,288.3414634146341,280.390243902439
Botanic Gardens,CC19/DT9,WEEKDAY,12,316.3414634146341,301.8536585365854
Botanic Gardens,CC19/DT9,WEEKDAY,13,314.9756097560976,294.390243902439
Botanic Gardens,CC19/DT9,WEEKDAY,14,275.2682926829268,273.8048780487805
Botanic Gardens,CC19/DT9,WEEKDAY,15,267.2682926829268,285.1707317073171
Botanic Gardens,CC19/DT9,WEEKDAY,16,353.4146341463415,318.6341463414634
Botanic Gardens,CC19/DT9,WEEKDAY,17,545.5121951219512,435.8048780487805
Botanic Gardens,CC19/DT9,WEEKDAY,18,704.1951219512196,659.4634146341464
Botanic Gardens,CC19/DT9,WEEKDAY,19,419.609756097561,405.7073170731707
Botanic Gardens,CC19/DT9,WEEKDAY,20,237.3658536585366,203.1219512195122
Botanic Gardens,CC19/DT9,WEEKDAY,21,216.82926829268294,163.5121951219512
Botanic Gardens,CC19/DT9,WEEKDAY,22,164.53658536585365,120.8780487804878
Botanic Gardens,CC19/DT9,WEEKDAY,23,51.609756097560975,62.829268292682926
Botanic Gardens,CC19/DT9,WEEKENDS/HOLIDAY,0,1.6842105263157894,8.736842105263158
Botanic Gardens,CC19/DT9,WEEKENDS/HOLIDAY,5,5.684210526315789,6.2105263157894735
Botanic Gardens,CC19/DT9,WEEKENDS/HOLIDAY,6,43.36842105263158,115.47368421052632
Botanic Gardens,CC19/DT9,WEEKENDS/HOLIDAY,7,99.47368421052632,308.63157894736844
Botanic Gardens,CC19/DT9,WEEKENDS/HOLIDAY,8,202.21052631578948,398.0
Botanic Gardens,CC19/DT9,WEEKENDS/HOLIDAY,9,297.4736842105263,538.1052631578947
Botanic Gardens,CC19/DT9,WEEKENDS/HOLIDAY,10,373.2631578947368,549.578947368421
Botanic Gardens,CC19/DT9,WEEKENDS/HOLIDAY,11,450.94736842105266,556.421052631579
Botanic Gardens,CC19/DT9,WEEKENDS/HOLIDAY,12,471.1578947368421,463.1578947368421
Botanic Gardens,CC19/DT9,WEEKENDS/HOLIDAY,13,498.5263157894737,480.63157894736844
Botanic Gardens,CC19/DT9,WEEKENDS/HOLIDAY,14,424.94736842105266,482.0
Botanic Gardens,CC19/DT9,WEEKENDS/HOLIDAY,15,449.05263157894734,473.1578947368421
Botanic Gardens,CC19/DT9,WEEKENDS/HOLIDAY,16,527.6842105263158,519.0526315789474
Botanic Gardens,CC19/DT9,WEEKENDS/HOLIDAY,17,567.8947368421053,493.4736842105263
Botanic Gardens,CC19/DT9,WEEKENDS/HOLIDAY,18,559.1578947368421,410.2105263157895
Botanic Gardens,CC19/DT9,WEEKENDS/HOLIDAY,19,536.5263157894736,280.94736842105266
Botanic Gardens,CC19/DT9,WEEKENDS/HOLIDAY,20,270.7368421052632,203.68421052631578
Botanic Gardens,CC19/DT9,WEEKENDS/HOLIDAY,21,182.21052631578948,159.78947368421052
Botanic Gardens,CC19/DT9,WEEKENDS/HOLIDAY,22,129.1578947368421,107.05263157894737
Botanic Gardens,CC19/DT9,WEEKENDS/HOLIDAY,23,35.89473684210526,62.73684210526316
Braddell,NS18,WEEKDAY,0,10.439024390243903,71.1219512195122
Braddell,NS18,WEEKDAY,5,181.85365853658536,29.51219512195122
Braddell,NS18,WEEKDAY,6,751.4634146341464,222.1951219512195
Braddell,NS18,WEEKDAY,7,1546.8292682926829,579.0243902439024
Braddell,NS18,WEEKDAY,8,2095.560975609756,1127.7560975609756
Braddell,NS18,WEEKDAY,9,1276.6829268292684,736.5853658536586
Braddell,NS18,WEEKDAY,10,828.6829268292682,447.8048780487805
Braddell,NS18,WEEKDAY,11,726.829268292683,377.7560975609756
Braddell,NS18,WEEKDAY,12,724.0975609756098,453.8048780487805
Braddell,NS18,WEEKDAY,13,613.609756097561,549.9024390243902
Braddell,NS18,WEEKDAY,14,526.829268292683,528.2926829268292
Braddell,NS18,WEEKDAY,15,498.1951219512195,517.9024390243902
Braddell,NS18,WEEKDAY,16,612.6341463414634,632.2926829268292
Braddell,NS18,WEEKDAY,17,1033.3658536585365,1023.4146341463414
Braddell,NS18,WEEKDAY,18,1559.7073170731708,1652.6829268292684
Braddell,NS18,WEEKDAY,19,763.0731707317074,1247.0243902439024
Braddell,NS18,WEEKDAY,20,391.8048780487805,1020.7317073170732
Braddell,NS18,WEEKDAY,21,320.1951219512195,1104.1951219512196
Braddell,NS18,WEEKDAY,22,223.26829268292684,929.8536585365854
Braddell,NS18,WEEKDAY,23,109.7560975609756,448.9268292682927
Braddell,NS18,WEEKENDS/HOLIDAY,0,7.2631578947368425,79.36842105263158
Braddell,NS18,WEEKENDS/HOLIDAY,5,55.78947368421053,6.2105263157894735
Braddell,NS18,WEEKENDS/HOLIDAY,6,390.8421052631579,97.47368421052632
Braddell,NS18,WEEKENDS/HOLIDAY,7,580.1052631578947,202.94736842105263
Braddell,NS18,WEEKENDS/HOLIDAY,8,774.6315789473684,316.63157894736844
Braddell,NS18,WEEKENDS/HOLIDAY,9,959.7894736842105,356.2105263157895
Braddell,NS18,WEEKENDS/HOLIDAY,10,857.1578947368421,350.7368421052632
Braddell,NS18,WEEKENDS/HOLIDAY,11,802.0,389.57894736842104
Braddell,NS18,WEEKENDS/HOLIDAY,12,772.8421052631579,473.89473684210526
Braddell,NS18,WEEKENDS/HOLIDAY,13,670.5263157894736,556.5263157894736
Braddell,NS18,WEEKENDS/HOLIDAY,14,604.5263157894736,560.421052631579
Braddell,NS18,WEEKENDS/HOLIDAY,15,546.5263157894736,582.2105263157895
Braddell,NS18,WEEKENDS/HOLIDAY,16,609.4736842105264,624.7368421052631
Braddell,NS18,WEEKENDS/HOLIDAY,17,681.578947368421,692.5263157894736
Braddell,NS18,WEEKENDS/HOLIDAY,18,635.7894736842105,746.7368421052631
Braddell,NS18,WEEKENDS/HOLIDAY,19,483.89473684210526,763.0526315789474
Braddell,NS18,WEEKENDS/HOLIDAY,20,316.8421052631579,806.2105263157895
Braddell,NS18,WEEKENDS/HOLIDAY,21,252.21052631578948,921.1578947368421
Braddell,NS18,WEEKENDS/HOLIDAY,22,198.8421052631579,879.2631578947369
Braddell,NS18,WEEKENDS/HOLIDAY,23,89.36842105263158,480.2105263157895
Bras Basah,CC2,WEEKDAY,0,0.8292682926829268,1.4634146341463414
Bras Basah,CC2,WEEKDAY,5,3.073170731707317,2.2439024390243905
Bras Basah,CC2,WEEKDAY,6,13.073170731707316,88.58536585365853
Bras Basah,CC2,WEEKDAY,7,41.21951219512195,227.9512195121951
Bras Basah,CC2,WEEKDAY,8,106.39024390243902,822.5365853658536
Bras Basah,CC2,WEEKDAY,9,100.34146341463415,630.0
Bras Basah,CC2,WEEKDAY,10,95.17073170731707,305.9024390243902
Bras Basah,CC2,WEEKDAY,11,179.70731707317074,213.46341463414635
Bras Basah,CC2,WEEKDAY,12,220.58536585365854,253.65853658536585
Bras Basah,CC2,WEEKDAY,13,197.8048780487805,331.7560975609756
Bras Basah,CC2,WEEKDAY,14,188.78048780487805,221.3658536585366
Bras Basah,CC2,WEEKDAY,15,196.6341463414634,168.82926829268294
Bras Basah,CC2,WEEKDAY,16,285.3170731707317,152.9268292682927
Bras Basah,CC2,WEEKDAY,17,625.5121951219512,223.46341463414635
Bras Basah,CC2,WEEKDAY,18,795.9024390243902,399.7560975609756
Bras Basah,CC2,WEEKDAY,19,375.2682926829268,237.8048780487805
Bras Basah,CC2,WEEKDAY,20,228.6829268292683,113.41463414634147
Bras Basah,CC2,WEEKDAY,21,247.65853658536585,104.58536585365853
Bras Basah,CC2,WEEKDAY,22,269.609756097561,74.4390243902439
Bras Basah,CC2,WEEKDAY,23,62.4390243902439,22.48780487804878
Bras Basah,CC2,WEEKENDS/HOLIDAY,0,0.8421052631578947,1.5789473684210527
Bras Basah,CC2,WEEKENDS/HOLIDAY,5,1.7894736842105263,0.9473684210526315
Bras Basah,CC2,WEEKENDS/HOLIDAY,6,15.052631578947368,33.578947368421055
Bras Basah,CC2,WEEKENDS/HOLIDAY,7,29.05263157894737,103.26315789473684
Bras Basah,CC2,WEEKENDS/HOLIDAY,8,67.78947368421052,265.89473684210526
Bras Basah,CC2,WEEKENDS/HOLIDAY,9,124.0,317.2631578947368
Bras Basah,CC2,WEEKENDS/HOLIDAY,10,138.6315789473684,280.5263157894737
Bras Basah,CC2,WEEKENDS/HOLIDAY,11,228.10526315789474,204.6315789473684
Bras Basah,CC2,WEEKENDS/HOLIDAY,12,279.36842105263156,230.42105263157896
Bras Basah,CC2,WEEKENDS/HOLIDAY,13,237.57894736842104,297.4736842105263
Bras Basah,CC2,WEEKENDS/HOLIDAY,14,250.8421052631579,249.26315789473685
Bras Basah,CC2,WEEKENDS/HOLIDAY,15,268.7368421052632,267.36842105263156
Bras Basah,CC2,WEEKENDS/HOLIDAY,16,313.36842105263156,244.21052631578948
Bras Basah,CC2,WEEKENDS/HOLIDAY,17,395.57894736842104,242.73684210526315
Bras Basah,CC2,WEEKENDS/HOLIDAY,18,315.6842105263158,164.73684210526315
Bras Basah,CC2,WEEKENDS/HOLIDAY,19,301.36842105263156,140.10526315789474
Bras Basah,CC2,WEEKENDS/HOLIDAY,20,140.42105263157896,128.31578947368422
Bras Basah,CC2,WEEKENDS/HOLIDAY,21,109.57894736842105,134.8421052631579
Bras Basah,CC2,WEEKENDS/HOLIDAY,22,90.73684210526316,97.15789473684211
Bras Basah,CC2,WEEKENDS/HOLIDAY,23,39.36842105263158,33.473684210526315
Bright Hill,TE7,WEEKDAY,0,2.048780487804878,26.146341463414632
Bright Hill,TE7,WEEKDAY,5,38.58536585365854,18.78048780487805
Bright Hill,TE7,WEEKDAY,6,197.65853658536585,108.48780487804878
Bright Hill,TE7,WEEKDAY,7,577.1219512195122,446.2926829268293
Bright Hill,TE7,WEEKDAY,8,789.6585365853658,818.1951219512196
Bright Hill,TE7,WEEKDAY,9,448.9268292682927,438.8292682926829
Bright Hill,TE7,WEEKDAY,10,292.9756097560976,195.85365853658536
Bright Hill,TE7,WEEKDAY,11,291.5121951219512,162.78048780487805
Bright Hill,TE7,WEEKDAY,12,287.219512195122,203.41463414634146
Bright Hill,TE7,WEEKDAY,13,247.41463414634146,248.0487804878049
Bright Hill,TE7,WEEKDAY,14,219.02439024390245,214.4390243902439
Bright Hill,TE7,WEEKDAY,15,224.6341463414634,232.14634146341464
Bright Hill,TE7,WEEKDAY,16,331.609756097561,264.3414634146341
Bright Hill,TE7,WEEKDAY,17,635.4146341463414,414.0975609756098
Bright Hill,TE7,WEEKDAY,18,866.9756097560976,707.0243902439024
Bright Hill,TE7,WEEKDAY,19,341.0731707317073,537.4146341463414
Bright Hill,TE7,WEEKDAY,20,183.3658536585366,350.2926829268293
Bright Hill,TE7,WEEKDAY,21,155.7560975609756,293.8048780487805
Bright Hill,TE7,WEEKDAY,22,65.02439024390245,267.6585365853659
Bright Hill,TE7,WEEKDAY,23,25.51219512195122,127.46341463414635
Bright Hill,TE7,WEEKENDS/HOLIDAY,0,1.7894736842105263,24.0
Bright Hill,TE7,WEEKENDS/HOLIDAY,5,12.31578947368421,1.0526315789473684
Bright Hill,TE7,WEEKENDS/HOLIDAY,6,86.94736842105263,59.26315789473684
Bright Hill,TE7,WEEKENDS/HOLIDAY,7,154.52631578947367,139.68421052631578
Bright Hill,TE7,WEEKENDS/HOLIDAY,8,264.7368421052632,224.21052631578948
Bright Hill,TE7,WEEKENDS/HOLIDAY,9,305.7894736842105,247.26315789473685
Bright Hill,TE7,WEEKENDS/HOLIDAY,10,331.36842105263156,212.0
Bright Hill,TE7,WEEKENDS/HOLIDAY,11,378.8421052631579,215.68421052631578
Bright Hill,TE7,WEEKENDS/HOLIDAY,12,374.5263157894737,261.57894736842104
Bright Hill,TE7,WEEKENDS/HOLIDAY,13,324.2105263157895,296.3157894736842
Bright Hill,TE7,WEEKENDS/HOLIDAY,14,293.4736842105263,274.10526315789474
Bright Hill,TE7,WEEKENDS/HOLIDAY,15,290.5263157894737,261.2631578947368
Bright Hill,TE7,WEEKENDS/HOLIDAY,16,338.2105263157895,263.2631578947368
Bright Hill,TE7,WEEKENDS/HOLIDAY,17,348.8421052631579,265.2631578947368
Bright Hill,TE7,WEEKENDS/HOLIDAY,18,278.94736842105266,291.36842105263156
Bright Hill,TE7,WEEKENDS/HOLIDAY,19,176.94736842105263,288.8421052631579
Bright Hill,TE7,WEEKENDS/HOLIDAY,20,120.52631578947368,278.63157894736844
Bright Hill,TE7,WEEKENDS/HOLIDAY,21,90.52631578947368,275.2631578947368
Bright Hill,TE7,WEEKENDS/HOLIDAY,22,60.94736842105263,220.21052631578948
Bright Hill,TE7,WEEKENDS/HOLIDAY,23,22.31578947368421,123.47368421052632
Buangkok,NE15,WEEKDAY,0,4.878048780487805,89.21951219512195
Buangkok,NE15,WEEKDAY,5,269.2682926829268,13.21951219512195
Buangkok,NE15,WEEKDAY,6,1244.5365853658536,193.46341463414635
Buangkok,NE15,WEEKDAY,7,3174.878048780488,420.0975609756098
Buangkok,NE15,WEEKDAY,8,4181.707317073171,567.4146341463414
Buangkok,NE15,WEEKDAY,9,1915.0731707317073,440.3414634146341
Buangkok,NE15,WEEKDAY,10,1200.9756097560976,434.0
Buangkok,NE15,WEEKDAY,11,1022.2439024390244,482.780487804878
Buangkok,NE15,WEEKDAY,12,1023.8048780487804,704.2926829268292
Buangkok,NE15,WEEKDAY,13,939.560975609756,824.0
Buangkok,NE15,WEEKDAY,14,776.2926829268292,831.0731707317074
Buangkok,NE15,WEEKDAY,15,695.8536585365854,901.170731707317
Buangkok,NE15,WEEKDAY,16,749.219512195122,1180.1463414634147
Buangkok,NE15,WEEKDAY,17,1047.3658536585365,1989.8048780487804
Buangkok,NE15,WEEKDAY,18,1234.9756097560976,3834.0
Buangkok,NE15,WEEKDAY,19,774.9268292682926,3049.512195121951
Buangkok,NE15,WEEKDAY,20,501.1707317073171,1960.1951219512196
Buangkok,NE15,WEEKDAY,21,438.8780487804878,1673.9024390243903
Buangkok,NE15,WEEKDAY,22,281.8048780487805,1358.6829268292684
Buangkok,NE15,WEEKDAY,23,86.2439024390244,642.4878048780488
Buangkok,NE15,WEEKENDS/HOLIDAY,0,5.7894736842105265,93.57894736842105
Buangkok,NE15,WEEKENDS/HOLIDAY,5,88.73684210526316,3.263157894736842
Buangkok,NE15,WEEKENDS/HOLIDAY,6,408.5263157894737,107.6842105263158
Buangkok,NE15,WEEKENDS/HOLIDAY,7,701.1578947368421,230.0
Buangkok,NE15,WEEKENDS/HOLIDAY,8,1123.2631578947369,397.57894736842104
Buangkok,NE15,WEEKENDS/HOLIDAY,9,1335.2631578947369,455.6842105263158
Buangkok,NE15,WEEKENDS/HOLIDAY,10,1401.3684210526317,539.0526315789474
Buangkok,NE15,WEEKENDS/HOLIDAY,11,1315.8947368421052,696.3157894736842
Buangkok,NE15,WEEKENDS/HOLIDAY,12,1324.2105263157894,864.1052631578947
Buangkok,NE15,WEEKENDS/HOLIDAY,13,1131.3684210526317,1022.7368421052631
Buangkok,NE15,WEEKENDS/HOLIDAY,14,1010.1052631578947,1043.2631578947369
Buangkok,NE15,WEEKENDS/HOLIDAY,15,980.0,1046.421052631579
Buangkok,NE15,WEEKENDS/HOLIDAY,16,1026.6315789473683,1113.3684210526317
Buangkok,NE15,WEEKENDS/HOLIDAY,17,1130.3157894736842,1330.7368421052631
Buangkok,NE15,WEEKENDS/HOLIDAY,18,991.578947368421,1370.421052631579
Buangkok,NE15,WEEKENDS/HOLIDAY,19,751.7894736842105,1398.7368421052631
Buangkok,NE15,WEEKENDS/HOLIDAY,20,503.1578947368421,1394.3157894736842
Buangkok,NE15,WEEKENDS/HOLIDAY,21,404.8421052631579,1435.7894736842106
Buangkok,NE15,WEEKENDS/HOLIDAY,22,276.0,1235.7894736842106
Buangkok,NE15,WEEKENDS/HOLIDAY,23,92.94736842105263,618.8421052631579
Bugis,EW12/DT14,WEEKDAY,0,40.292682926829265,42.78048780487805
Bugis,EW12/DT14,WEEKDAY,5,318.6341463414634,50.4390243902439
Bugis,EW12/DT14,WEEKDAY,6,648.0487804878048,820.439024390244
Bugis,EW12/DT14,WEEKDAY,7,935.560975609756,2292.048780487805
Bugis,EW12/DT14,WEEKDAY,8,1254.3902439024391,6073.024390243902
Bugis,EW12/DT14,WEEKDAY,9,1214.9756097560976,5223.414634146341
Bugis,EW12/DT14,WEEKDAY,10,1309.5121951219512,3409.4634146341464
Bugis,EW12/DT14,WEEKDAY,11,1836.5853658536585,3633.268292682927
Bugis,EW12/DT14,WEEKDAY,12,2427.560975609756,4130.975609756098
Bugis,EW12/DT14,WEEKDAY,13,3263.3658536585367,3584.9268292682927
Bugis,EW12/DT14,WEEKDAY,14,2998.878048780488,3101.4146341463415
Bugis,EW12/DT14,WEEKDAY,15,3055.268292682927,2845.2195121951218
Bugis,EW12/DT14,WEEKDAY,16,3621.7073170731705,2967.0243902439024
Bugis,EW12/DT14,WEEKDAY,17,5627.219512195122,3755.9024390243903
Bugis,EW12/DT14,WEEKDAY,18,7886.731707317073,5939.512195121952
Bugis,EW12/DT14,WEEKDAY,19,4923.609756097561,3541.0243902439024
Bugis,EW12/DT14,WEEKDAY,20,4286.731707317073,2043.4146341463415
Bugis,EW12/DT14,WEEKDAY,21,4705.219512195122,1400.5365853658536
Bugis,EW12/DT14,WEEKDAY,22,2894.1951219512193,979.0243902439024
Bugis,EW12/DT14,WEEKDAY,23,1115.8536585365853,467.7073170731707
Bugis,EW12/DT14,WEEKENDS/HOLIDAY,0,48.8421052631579,61.78947368421053
Bugis,EW12/DT14,WEEKENDS/HOLIDAY,5,71.6842105263158,13.68421052631579
Bugis,EW12/DT14,WEEKENDS/HOLIDAY,6,434.7368421052632,479.7894736842105
Bugis,EW12/DT14,WEEKENDS/HOLIDAY,7,569.578947368421,962.9473684210526
Bugis,EW12/DT14,WEEKENDS/HOLIDAY,8,707.1578947368421,1542.842105263158
Bugis,EW12/DT14,WEEKENDS/HOLIDAY,9,1085.8947368421052,2590.842105263158
Bugis,EW12/DT14,WEEKENDS/HOLIDAY,10,1480.7368421052631,3658.4210526315787
Bugis,EW12/DT14,WEEKENDS/HOLIDAY,11,2036.421052631579,4322.9473684210525
Bugis,EW12/DT14,WEEKENDS/HOLIDAY,12,2720.315789473684,4603.263157894737
Bugis,EW12/DT14,WEEKENDS/HOLIDAY,13,3356.7368421052633,4828.526315789473
Bugis,EW12/DT14,WEEKENDS/HOLIDAY,14,3919.157894736842,4504.105263157895
Bugis,EW12/DT14,WEEKENDS/HOLIDAY,15,4365.473684210527,4361.894736842105
Bugis,EW12/DT14,WEEKENDS/HOLIDAY,16,4804.315789473684,4313.368421052632
Bugis,EW12/DT14,WEEKENDS/HOLIDAY,17,4872.736842105263,4096.210526315789
Bugis,EW12/DT14,WEEKENDS/HOLIDAY,18,4626.315789473684,3652.315789473684
Bugis,EW12/DT14,WEEKENDS/HOLIDAY,19,4325.684210526316,2701.684210526316
Bugis,EW12/DT14,WEEKENDS/HOLIDAY,20,3863.684210526316,2192.2105263157896
Bugis,EW12/DT14,WEEKENDS/HOLIDAY,21,4021.684210526316,1709.3684210526317
Bugis,EW12/DT14,WEEKENDS/HOLIDAY,22,2680.9473684210525,1096.1052631578948
Bugis,EW12/DT14,WEEKENDS/HOLIDAY,23,1186.5263157894738,543.6842105263158
Bukit Batok,NS2,WEEKDAY,0,24.24390243902439,154.14634146341464
Bukit Batok,NS2,WEEKDAY,5,629.1219512195122,153.41463414634146
Bukit Batok,NS2,WEEKDAY,6,2180.439024390244,795.219512195122
Bukit Batok,NS2,WEEKDAY,7,4294.195121951219,2138.6341463414633
Bukit Batok,NS2,WEEKDAY,8,3476.6341463414633,2012.0487804878048
Bukit Batok,NS2,WEEKDAY,9,1736.1463414634147,1021.0243902439024
Bukit Batok,NS2,WEEKDAY,10,1227.4146341463415,835.0243902439024
Bukit Batok,NS2,WEEKDAY,11,1143.4634146341464,839.8536585365854
Bukit Batok,NS2,WEEKDAY,12,1168.6341463414635,981.8048780487804
Bukit Batok,NS2,WEEKDAY,13,1125.7560975609756,1087.658536585366
Bukit Batok,NS2,WEEKDAY,14,1009.2682926829268,1056.3902439024391
Bukit Batok,NS2,WEEKDAY,15,1000.1951219512196,1254.439024390244
Bukit Batok,NS2,WEEKDAY,16,1211.6097560975609,1634.5365853658536
Bukit Batok,NS2,WEEKDAY,17,2104.390243902439,2939.0731707317073
Bukit Batok,NS2,WEEKDAY,18,2659.7073170731705,4986.4390243902435
Bukit Batok,NS2,WEEKDAY,19,1523.3170731707316,3285.6585365853657
Bukit Batok,NS2,WEEKDAY,20,1023.170731707317,2148.243902439024
Bukit Batok,NS2,WEEKDAY,21,867.4146341463414,1794.8292682926829
Bukit Batok,NS2,WEEKDAY,22,521.8048780487804,1364.8292682926829
Bukit Batok,NS2,WEEKDAY,23,176.6341463414634,663.7560975609756
Bukit Batok,NS2,WEEKENDS/HOLIDAY,0,28.0,184.42105263157896
Bukit Batok,NS2,WEEKENDS/HOLIDAY,5,245.05263157894737,29.894736842105264
Bukit Batok,NS2,WEEKENDS/HOLIDAY,6,774.8421052631579,338.5263157894737
Bukit Batok,NS2,WEEKENDS/HOLIDAY,7,1028.842105263158,692.3157894736842
Bukit Batok,NS2,WEEKENDS/HOLIDAY,8,1226.7368421052631,927.0526315789474
Bukit Batok,NS2,WEEKENDS/HOLIDAY,9,1372.421052631579,944.421052631579
Bukit Batok,NS2,WEEKENDS/HOLIDAY,10,1395.7894736842106,902.6315789473684
Bukit Batok,NS2,WEEKENDS/HOLIDAY,11,1449.7894736842106,954.5263157894736
Bukit Batok,NS2,WEEKENDS/HOLIDAY,12,1522.3157894736842,1162.6315789473683
Bukit Batok,NS2,WEEKENDS/HOLIDAY,13,1403.7894736842106,1261.7894736842106
Bukit Batok,NS2,WEEKENDS/HOLIDAY,14,1319.4736842105262,1274.421052631579
Bukit Batok,NS2,WEEKENDS/HOLIDAY,15,1233.3684210526317,1360.1052631578948
Bukit Batok,NS2,WEEKENDS/HOLIDAY,16,1293.0526315789473,1480.0
Bukit Batok,NS2,WEEKENDS/HOLIDAY,17,1493.578947368421,1648.0
Bukit Batok,NS2,WEEKENDS/HOLIDAY,18,1384.7368421052631,1816.3157894736842
Bukit Batok,NS2,WEEKENDS/HOLIDAY,19,1143.3684210526317,1696.0
Bukit Batok,NS2,WEEKENDS/HOLIDAY,20,868.9473684210526,1672.7368421052631
Bukit Batok,NS2,WEEKENDS/HOLIDAY,21,756.8421052631579,1622.2105263157894
Bukit Batok,NS2,WEEKENDS/HOLIDAY,22,487.7894736842105,1288.1052631578948
Bukit Batok,NS2,WEEKENDS/HOLIDAY,23,190.0,753.1578947368421
Bukit Gombak,NS3,WEEKDAY,0,14.439024390243903,116.4390243902439
Bukit Gombak,NS3,WEEKDAY,5,542.0,47.951219512195124
Bukit Gombak,NS3,WEEKDAY,6,1883.5121951219512,354.0975609756098
Bukit Gombak,NS3,WEEKDAY,7,3388.829268292683,707.170731707317
Bukit Gombak,NS3,WEEKDAY,8,2732.2926829268295,834.5853658536586
Bukit Gombak,NS3,WEEKDAY,9,1441.219512195122,685.4146341463414
Bukit Gombak,NS3,WEEKDAY,10,1047.658536585366,576.1951219512196
Bukit Gombak,NS3,WEEKDAY,11,999.9512195121952,591.560975609756
Bukit Gombak,NS3,WEEKDAY,12,938.0,648.0487804878048
Bukit Gombak,NS3,WEEKDAY,13,855.4634146341464,699.1219512195122
Bukit Gombak,NS3,WEEKDAY,14,687.0731707317074,779.3658536585366
Bukit Gombak,NS3,WEEKDAY,15,691.9512195121952,853.219512195122
Bukit Gombak,NS3,WEEKDAY,16,734.3414634146342,1086.2439024390244
Bukit Gombak,NS3,WEEKDAY,17,1055.9024390243903,1978.2439024390244
Bukit Gombak,NS3,WEEKDAY,18,1133.8048780487804,3112.829268292683
Bukit Gombak,NS3,WEEKDAY,19,848.9268292682926,2311.0731707317073
Bukit Gombak,NS3,WEEKDAY,20,556.6829268292682,1538.6829268292684
Bukit Gombak,NS3,WEEKDAY,21,509.5121951219512,1256.5853658536585
Bukit Gombak,NS3,WEEKDAY,22,325.8048780487805,899.9024390243902
Bukit Gombak,NS3,WEEKDAY,23,176.0487804878049,454.2439024390244
Bukit Gombak,NS3,WEEKENDS/HOLIDAY,0,15.368421052631579,133.3684210526316
Bukit Gombak,NS3,WEEKENDS/HOLIDAY,5,196.73684210526315,14.210526315789474
Bukit Gombak,NS3,WEEKENDS/HOLIDAY,6,628.6315789473684,234.52631578947367
Bukit Gombak,NS3,WEEKENDS/HOLIDAY,7,804.7368421052631,481.6842105263158
Bukit Gombak,NS3,WEEKENDS/HOLIDAY,8,976.2105263157895,724.8421052631579
Bukit Gombak,NS3,WEEKENDS/HOLIDAY,9,1147.3684210526317,672.1052631578947
Bukit Gombak,NS3,WEEKENDS/HOLIDAY,10,1183.578947368421,722.8421052631579
Bukit Gombak,NS3,WEEKENDS/HOLIDAY,11,1215.0526315789473,712.2105263157895
Bukit Gombak,NS3,WEEKENDS/HOLIDAY,12,1162.2105263157894,784.2105263157895
Bukit Gombak,NS3,WEEKENDS/HOLIDAY,13,1078.9473684210527,827.7894736842105
Bukit Gombak,NS3,WEEKENDS/HOLIDAY,14,889.4736842105264,876.7368421052631
Bukit Gombak,NS3,WEEKENDS/HOLIDAY,15,922.3157894736842,912.7368421052631
Bukit Gombak,NS3,WEEKENDS/HOLIDAY,16,933.8947368421053,966.1052631578947
Bukit Gombak,NS3,WEEKENDS/HOLIDAY,17,1066.842105263158,1081.7894736842106
Bukit Gombak,NS3,WEEKENDS/HOLIDAY,18,941.4736842105264,1130.421052631579
Bukit Gombak,NS3,WEEKENDS/HOLIDAY,19,706.6315789473684,1094.421052631579
Bukit Gombak,NS3,WEEKENDS/HOLIDAY,20,504.7368421052632,1158.421052631579
Bukit Gombak,NS3,WEEKENDS/HOLIDAY,21,397.6842105263158,1114.2105263157894
Bukit Gombak,NS3,WEEKENDS/HOLIDAY,22,265.89473684210526,850.5263157894736
Bukit Gombak,NS3,WEEKENDS/HOLIDAY,23,111.36842105263158,499.57894736842104
Buona Vista,EW21/CC22,WEEKDAY,0,14.048780487804878,33.65853658536585
Buona Vista,EW21/CC22,WEEKDAY,5,108.6829268292683,55.36585365853659
Buona Vista,EW21/CC22,WEEKDAY,6,508.0975609756098,842.5365853658536
Buona Vista,EW21/CC22,WEEKDAY,7,1037.2682926829268,2498.439024390244
Buona Vista,EW21/CC22,WEEKDAY,8,1526.3902439024391,5473.8536585365855
Buona Vista,EW21/CC22,WEEKDAY,9,922.390243902439,4178.243902439024
Buona Vista,EW21/CC22,WEEKDAY,10,676.1463414634146,1253.1707317073171
Buona Vista,EW21/CC22,WEEKDAY,11,997.9512195121952,868.1951219512196
Buona Vista,EW21/CC22,WEEKDAY,12,1223.8536585365853,1112.6341463414635
Buona Vista,EW21/CC22,WEEKDAY,13,1070.1951219512196,1242.1951219512196
Buona Vista,EW21/CC22,WEEKDAY,14,895.4146341463414,821.219512195122
Buona Vista,EW21/CC22,WEEKDAY,15,1168.0,670.7317073170732
Buona Vista,EW21/CC22,WEEKDAY,16,1737.0243902439024,899.6585365853658
Buona Vista,EW21/CC22,WEEKDAY,17,4307.8536585365855,1324.8292682926829
Buona Vista,EW21/CC22,WEEKDAY,18,5835.414634146341,2423.2195121951218
Buona Vista,EW21/CC22,WEEKDAY,19,2612.439024390244,1476.8292682926829
Buona Vista,EW21/CC22,WEEKDAY,20,1424.1463414634147,759.2682926829268
Buona Vista,EW21/CC22,WEEKDAY,21,1216.0487804878048,615.560975609756
Buona Vista,EW21/CC22,WEEKDAY,22,849.9024390243902,487.0731707317073
Buona Vista,EW21/CC22,WEEKDAY,23,307.1707317073171,230.14634146341464
Buona Vista,EW21/CC22,WEEKENDS/HOLIDAY,0,7.473684210526316,37.68421052631579
Buona Vista,EW21/CC22,WEEKENDS/HOLIDAY,5,42.94736842105263,11.052631578947368
Buona Vista,EW21/CC22,WEEKENDS/HOLIDAY,6,209.78947368421052,294.63157894736844
Buona Vista,EW21/CC22,WEEKENDS/HOLIDAY,7,338.0,737.7894736842105
Buona Vista,EW21/CC22,WEEKENDS/HOLIDAY,8,522.3157894736842,1071.157894736842
Buona Vista,EW21/CC22,WEEKENDS/HOLIDAY,9,689.6842105263158,795.3684210526316
Buona Vista,EW21/CC22,WEEKENDS/HOLIDAY,10,1205.2631578947369,886.2105263157895
Buona Vista,EW21/CC22,WEEKENDS/HOLIDAY,11,998.1052631578947,1192.7368421052631
Buona Vista,EW21/CC22,WEEKENDS/HOLIDAY,12,971.578947368421,826.2105263157895
Buona Vista,EW21/CC22,WEEKENDS/HOLIDAY,13,1328.7368421052631,932.5263157894736
Buona Vista,EW21/CC22,WEEKENDS/HOLIDAY,14,1115.157894736842,997.578947368421
Buona Vista,EW21/CC22,WEEKENDS/HOLIDAY,15,977.0526315789474,747.2631578947369
Buona Vista,EW21/CC22,WEEKENDS/HOLIDAY,16,1272.2105263157894,817.7894736842105
Buona Vista,EW21/CC22,WEEKENDS/HOLIDAY,17,1139.6842105263158,934.2105263157895
Buona Vista,EW21/CC22,WEEKENDS/HOLIDAY,18,964.1052631578947,1020.5263157894736
Buona Vista,EW21/CC22,WEEKENDS/HOLIDAY,19,814.5263157894736,864.3157894736842
Buona Vista,EW21/CC22,WEEKENDS/HOLIDAY,20,764.2105263157895,640.9473684210526
Buona Vista,EW21/CC22,WEEKENDS/HOLIDAY,21,695.3684210526316,601.3684210526316
Buona Vista,EW21/CC22,WEEKENDS/HOLIDAY,22,692.8421052631579,452.8421052631579
Buona Vista,EW21/CC22,WEEKENDS/HOLIDAY,23,252.52631578947367,224.8421052631579
Caldecott,CC17/TE9,WEEKDAY,0,2.2439024390243905,28.48780487804878
Caldecott,CC17/TE9,WEEKDAY,5,101.02439024390245,7.609756097560975
Caldecott,CC17/TE9,WEEKDAY,6,365.4146341463415,161.3658536585366
Caldecott,CC17/TE9,WEEKDAY,7,822.390243902439,571.7073170731708
Caldecott,CC17/TE9,WEEKDAY,8,1069.4634146341464,898.0
Caldecott,CC17/TE9,WEEKDAY,9,566.1951219512196,477.4634146341463
Caldecott,CC17/TE9,WEEKDAY,10,268.0,180.97560975609755
Caldecott,CC17/TE9,WEEKDAY,11,263.3658536585366,146.73170731707316
Caldecott,CC17/TE9,WEEKDAY,12,368.4878048780488,184.82926829268294
Caldecott,CC17/TE9,WEEKDAY,13,248.82926829268294,267.7560975609756
Caldecott,CC17/TE9,WEEKDAY,14,190.4390243902439,233.9512195121951
Caldecott,CC17/TE9,WEEKDAY,15,324.9268292682927,214.1951219512195
Caldecott,CC17/TE9,WEEKDAY,16,346.780487804878,298.9268292682927
Caldecott,CC17/TE9,WEEKDAY,17,704.0,591.8536585365854
Caldecott,CC17/TE9,WEEKDAY,18,916.0975609756098,936.6341463414634
Caldecott,CC17/TE9,WEEKDAY,19,354.0975609756098,581.8048780487804
Caldecott,CC17/TE9,WEEKDAY,20,184.4390243902439,351.7073170731707
Caldecott,CC17/TE9,WEEKDAY,21,136.29268292682926,304.9756097560976
Caldecott,CC17/TE9,WEEKDAY,22,93.17073170731707,253.21951219512195
Caldecott,CC17/TE9,WEEKDAY,23,42.68292682926829,120.73170731707317
Caldecott,CC17/TE9,WEEKENDS/HOLIDAY,0,2.210526315789474,30.0
Caldecott,CC17/TE9,WEEKENDS/HOLIDAY,5,37.68421052631579,1.7894736842105263
Caldecott,CC17/TE9,WEEKENDS/HOLIDAY,6,159.78947368421052,66.63157894736842
Caldecott,CC17/TE9,WEEKENDS/HOLIDAY,7,209.1578947368421,181.89473684210526
Caldecott,CC17/TE9,WEEKENDS/HOLIDAY,8,272.5263157894737,251.89473684210526
Caldecott,CC17/TE9,WEEKENDS/HOLIDAY,9,302.2105263157895,219.05263157894737
Caldecott,CC17/TE9,WEEKENDS/HOLIDAY,10,276.7368421052632,216.8421052631579
Caldecott,CC17/TE9,WEEKENDS/HOLIDAY,11,286.8421052631579,201.78947368421052
Caldecott,CC17/TE9,WEEKENDS/HOLIDAY,12,298.2105263157895,201.1578947368421
Caldecott,CC17/TE9,WEEKENDS/HOLIDAY,13,260.8421052631579,230.0
Caldecott,CC17/TE9,WEEKENDS/HOLIDAY,14,221.78947368421052,211.26315789473685
Caldecott,CC17/TE9,WEEKENDS/HOLIDAY,15,222.0,236.21052631578948
Caldecott,CC17/TE9,WEEKENDS/HOLIDAY,16,286.0,237.68421052631578
Caldecott,CC17/TE9,WEEKENDS/HOLIDAY,17,330.0,267.4736842105263
Caldecott,CC17/TE9,WEEKENDS/HOLIDAY,18,264.0,255.89473684210526
Caldecott,CC17/TE9,WEEKENDS/HOLIDAY,19,197.78947368421052,242.42105263157896
Caldecott,CC17/TE9,WEEKENDS/HOLIDAY,20,122.3157894736842,258.8421052631579
Caldecott,CC17/TE9,WEEKENDS/HOLIDAY,21,120.94736842105263,266.5263157894737
Caldecott,CC17/TE9,WEEKENDS/HOLIDAY,22,86.0,229.1578947368421
Caldecott,CC17/TE9,WEEKENDS/HOLIDAY,23,40.31578947368421,122.0
Canberra,NS12,WEEKDAY,0,31.609756097560975,141.70731707317074
Canberra,NS12,WEEKDAY,5,313.4634146341463,54.58536585365854
Canberra,NS12,WEEKDAY,6,1397.4634146341464,388.780487804878
Canberra,NS12,WEEKDAY,7,3411.2195121951218,980.2926829268292
Canberra,NS12,WEEKDAY,8,3250.3414634146343,951.9512195121952
Canberra,NS12,WEEKDAY,9,1428.1463414634147,516.780487804878
Canberra,NS12,WEEKDAY,10,952.0975609756098,402.8780487804878
Canberra,NS12,WEEKDAY,11,850.0975609756098,396.5365853658537
Canberra,NS12,WEEKDAY,12,828.7317073170732,510.0
Canberra,NS12,WEEKDAY,13,712.7317073170732,606.0
Canberra,NS12,WEEKDAY,14,611.219512195122,621.3658536585366
Canberra,NS12,WEEKDAY,15,607.1219512195122,677.3170731707318
Canberra,NS12,WEEKDAY,16,783.609756097561,876.6829268292682
Canberra,NS12,WEEKDAY,17,1298.439024390244,1537.3658536585365
Canberra,NS12,WEEKDAY,18,1417.7073170731708,2916.0
Canberra,NS12,WEEKDAY,19,837.7560975609756,2387.8536585365855
Canberra,NS12,WEEKDAY,20,587.0243902439024,1393.9024390243903
Canberra,NS12,WEEKDAY,21,443.3170731707317,1260.439024390244
Canberra,NS12,WEEKDAY,22,268.1463414634146,990.0
Canberra,NS12,WEEKDAY,23,122.73170731707317,514.390243902439
Canberra,NS12,WEEKENDS/HOLIDAY,0,34.21052631578947,150.31578947368422
Canberra,NS12,WEEKENDS/HOLIDAY,5,131.1578947368421,22.0
Canberra,NS12,WEEKENDS/HOLIDAY,6,457.57894736842104,165.47368421052633
Canberra,NS12,WEEKENDS/HOLIDAY,7,774.7368421052631,337.6842105263158
Canberra,NS12,WEEKENDS/HOLIDAY,8,1070.7368421052631,468.10526315789474
Canberra,NS12,WEEKENDS/HOLIDAY,9,1125.7894736842106,469.4736842105263
Canberra,NS12,WEEKENDS/HOLIDAY,10,1170.2105263157894,493.7894736842105
Canberra,NS12,WEEKENDS/HOLIDAY,11,1173.3684210526317,521.3684210526316
Canberra,NS12,WEEKENDS/HOLIDAY,12,1084.5263157894738,633.7894736842105
Canberra,NS12,WEEKENDS/HOLIDAY,13,890.5263157894736,744.6315789473684
Canberra,NS12,WEEKENDS/HOLIDAY,14,811.0526315789474,763.6842105263158
Canberra,NS12,WEEKENDS/HOLIDAY,15,811.0526315789474,787.0526315789474
Canberra,NS12,WEEKENDS/HOLIDAY,16,861.7894736842105,830.8421052631579
Canberra,NS12,WEEKENDS/HOLIDAY,17,976.8421052631579,977.578947368421
Canberra,NS12,WEEKENDS/HOLIDAY,18,854.8421052631579,1056.7368421052631
Canberra,NS12,WEEKENDS/HOLIDAY,19,643.6842105263158,1080.1052631578948
Canberra,NS12,WEEKENDS/HOLIDAY,20,503.1578947368421,1056.7368421052631
Canberra,NS12,WEEKENDS/HOLIDAY,21,418.10526315789474,1111.7894736842106
Canberra,NS12,WEEKENDS/HOLIDAY,22,267.57894736842104,921.578947368421
Canberra,NS12,WEEKENDS/HOLIDAY,23,114.42105263157895,542.421052631579
Cashew,DT2,WEEKDAY,0,0.0975609756097561,17.75609756097561
Cashew,DT2,WEEKDAY,5,11.853658536585366,0.24390243902439024
Cashew,DT2,WEEKDAY,6,74.73170731707317,76.4390243902439
Cashew,DT2,WEEKDAY,7,262.6341463414634,476.6341463414634
Cashew,DT2,WEEKDAY,8,402.7317073170732,564.6341463414634
Cashew,DT2,WEEKDAY,9,192.34146341463415,216.6829268292683
Cashew,DT2,WEEKDAY,10,119.5609756097561,44.24390243902439
Cashew,DT2,WEEKDAY,11,135.3658536585366,36.58536585365854
Cashew,DT2,WEEKDAY,12,154.2439024390244,56.146341463414636
Cashew,DT2,WEEKDAY,13,100.04878048780488,87.21951219512195
Cashew,DT2,WEEKDAY,14,88.97560975609755,77.02439024390245
Cashew,DT2,WEEKDAY,15,145.3658536585366,71.21951219512195
Cashew,DT2,WEEKDAY,16,258.5853658536585,95.65853658536585
Cashew,DT2,WEEKDAY,17,531.9024390243902,133.1219512195122
Cashew,DT2,WEEKDAY,18,369.4634146341463,264.8292682926829
Cashew,DT2,WEEKDAY,19,156.0487804878049,214.73170731707316
Cashew,DT2,WEEKDAY,20,66.97560975609755,137.3658536585366
Cashew,DT2,WEEKDAY,21,44.78048780487805,120.58536585365853
Cashew,DT2,WEEKDAY,22,19.70731707317073,92.53658536585365
Cashew,DT2,WEEKDAY,23,6.097560975609756,51.853658536585364
Cashew,DT2,WEEKENDS/HOLIDAY,0,0.0,14.210526315789474
Cashew,DT2,WEEKENDS/HOLIDAY,5,4.2105263157894735,0.5263157894736842
Cashew,DT2,WEEKENDS/HOLIDAY,6,26.42105263157895,9.894736842105264
Cashew,DT2,WEEKENDS/HOLIDAY,7,60.63157894736842,65.6842105263158
Cashew,DT2,WEEKENDS/HOLIDAY,8,126.3157894736842,68.94736842105263
Cashew,DT2,WEEKENDS/HOLIDAY,9,143.47368421052633,53.05263157894737
Cashew,DT2,WEEKENDS/HOLIDAY,10,171.68421052631578,38.8421052631579
Cashew,DT2,WEEKENDS/HOLIDAY,11,120.3157894736842,52.94736842105263
Cashew,DT2,WEEKENDS/HOLIDAY,12,165.89473684210526,53.89473684210526
Cashew,DT2,WEEKENDS/HOLIDAY,13,108.94736842105263,57.578947368421055
Cashew,DT2,WEEKENDS/HOLIDAY,14,83.05263157894737,65.26315789473684
Cashew,DT2,WEEKENDS/HOLIDAY,15,67.15789473684211,72.63157894736842
Cashew,DT2,WEEKENDS/HOLIDAY,16,84.0,93.47368421052632
Cashew,DT2,WEEKENDS/HOLIDAY,17,105.78947368421052,98.73684210526316
Cashew,DT2,WEEKENDS/HOLIDAY,18,176.31578947368422,114.3157894736842
Cashew,DT2,WEEKENDS/HOLIDAY,19,79.47368421052632,97.47368421052632
Cashew,DT2,WEEKENDS/HOLIDAY,20,42.421052631578945,99.05263157894737
Cashew,DT2,WEEKENDS/HOLIDAY,21,32.0,80.0
Cashew,DT2,WEEKENDS/HOLIDAY,22,17.263157894736842,76.52631578947368
Cashew,DT2,WEEKENDS/HOLIDAY,23,6.105263157894737,45.473684210526315
Changi Airport,CG2,WEEKDAY,0,5.804878048780488,17.170731707317074
Changi Airport,CG2,WEEKDAY,5,394.390243902439,49.65853658536585
Changi Airport,CG2,WEEKDAY,6,479.4146341463415,580.9756097560976
Changi Airport,CG2,WEEKDAY,7,747.560975609756,1149.0731707317073
Changi Airport,CG2,WEEKDAY,8,719.9024390243902,1752.0487804878048
Changi Airport,CG2,WEEKDAY,9,707.170731707317,1366.5365853658536
Changi Airport,CG2,WEEKDAY,10,659.4146341463414,1160.0975609756097
Changi Airport,CG2,WEEKDAY,11,776.2926829268292,1271.8048780487804
Changi Airport,CG2,WEEKDAY,12,911.3658536585366,1444.2926829268292
Changi Airport,CG2,WEEKDAY,13,1212.0487804878048,1361.8536585365853
Changi Airport,CG2,WEEKDAY,14,1357.0243902439024,1282.5853658536585
Changi Airport,CG2,WEEKDAY,15,1647.3170731707316,1058.1951219512196
Changi Airport,CG2,WEEKDAY,16,1564.878048780488,1002.780487804878
Changi Airport,CG2,WEEKDAY,17,1876.0,1099.219512195122
Changi Airport,CG2,WEEKDAY,18,1935.560975609756,1364.0
Changi Airport,CG2,WEEKDAY,19,1451.6097560975609,1218.439024390244
Changi Airport,CG2,WEEKDAY,20,1344.6341463414635,882.7317073170732
Changi Airport,CG2,WEEKDAY,21,1436.4878048780488,731.170731707317
Changi Airport,CG2,WEEKDAY,22,1471.121951219512,615.3170731707318
Changi Airport,CG2,WEEKDAY,23,483.9024390243902,504.1951219512195
Changi Airport,CG2,WEEKENDS/HOLIDAY,0,6.315789473684211,11.052631578947368
Changi Airport,CG2,WEEKENDS/HOLIDAY,5,363.05263157894734,36.31578947368421
Changi Airport,CG2,WEEKENDS/HOLIDAY,6,470.2105263157895,302.63157894736844
Changi Airport,CG2,WEEKENDS/HOLIDAY,7,678.421052631579,906.1052631578947
Changi Airport,CG2,WEEKENDS/HOLIDAY,8,679.1578947368421,945.6842105263158
Changi Airport,CG2,WEEKENDS/HOLIDAY,9,674.0,1056.1052631578948
Changi Airport,CG2,WEEKENDS/HOLIDAY,10,730.2105263157895,1255.2631578947369
Changi Airport,CG2,WEEKENDS/HOLIDAY,11,932.7368421052631,1562.6315789473683
Changi Airport,CG2,WEEKENDS/HOLIDAY,12,1095.8947368421052,1792.3157894736842
Changi Airport,CG2,WEEKENDS/HOLIDAY,13,1454.3157894736842,1703.4736842105262
Changi Airport,CG2,WEEKENDS/HOLIDAY,14,1626.5263157894738,1507.157894736842
Changi Airport,CG2,WEEKENDS/HOLIDAY,15,1899.7894736842106,1608.1052631578948
Changi Airport,CG2,WEEKENDS/HOLIDAY,16,1824.3157894736842,1417.0526315789473
Changi Airport,CG2,WEEKENDS/HOLIDAY,17,1685.157894736842,1459.157894736842
Changi Airport,CG2,WEEKENDS/HOLIDAY,18,1496.5263157894738,1422.3157894736842
Changi Airport,CG2,WEEKENDS/HOLIDAY,19,1431.7894736842106,1152.9473684210527
Changi Airport,CG2,WEEKENDS/HOLIDAY,20,1419.0526315789473,950.7368421052631
Changi Airport,CG2,WEEKENDS/HOLIDAY,21,1554.5263157894738,775.7894736842105
Changi Airport,CG2,WEEKENDS/HOLIDAY,22,1583.7894736842106,547.1578947368421
Changi Airport,CG2,WEEKENDS/HOLIDAY,23,522.3157894736842,433.4736842105263
Chinatown,NE4/DT19,WEEKDAY,0,17.121951219512194,36.8780487804878
Chinatown,NE4/DT19,WEEKDAY,5,76.39024390243902,6.439024390243903
Chinatown,NE4/DT19,WEEKDAY,6,439.4634146341463,795.3658536585366
Chinatown,NE4/DT19,WEEKDAY,7,732.9268292682926,1796.6341463414635
Chinatown,NE4/DT19,WEEKDAY,8,1239.0731707317073,4155.951219512195
Chinatown,NE4/DT19,WEEKDAY,9,1223.121951219512,3901.512195121951
Chinatown,NE4/DT19,WEEKDAY,10,1350.1463414634147,3295.121951219512
Chinatown,NE4/DT19,WEEKDAY,11,1856.780487804878,3757.8048780487807
Chinatown,NE4/DT19,WEEKDAY,12,2838.9268292682927,4174.292682926829
Chinatown,NE4/DT19,WEEKDAY,13,3936.3414634146343,2934.7804878048782
Chinatown,NE4/DT19,WEEKDAY,14,2975.268292682927,2553.756097560976
Chinatown,NE4/DT19,WEEKDAY,15,2856.0,2364.487804878049
Chinatown,NE4/DT19,WEEKDAY,16,3126.3414634146343,2394.9756097560976
Chinatown,NE4/DT19,WEEKDAY,17,4248.0,3110.1951219512193
Chinatown,NE4/DT19,WEEKDAY,18,5884.682926829269,4418.341463414634
Chinatown,NE4/DT19,WEEKDAY,19,4549.365853658536,2923.9024390243903
Chinatown,NE4/DT19,WEEKDAY,20,3935.4634146341464,1686.439024390244
Chinatown,NE4/DT19,WEEKDAY,21,3293.4634146341464,1156.2439024390244
Chinatown,NE4/DT19,WEEKDAY,22,2023.9512195121952,810.1463414634146
Chinatown,NE4/DT19,WEEKDAY,23,846.0,370.8780487804878
Chinatown,NE4/DT19,WEEKENDS/HOLIDAY,0,16.105263157894736,42.10526315789474
Chinatown,NE4/DT19,WEEKENDS/HOLIDAY,5,34.94736842105263,1.7894736842105263
Chinatown,NE4/DT19,WEEKENDS/HOLIDAY,6,274.63157894736844,429.7894736842105
Chinatown,NE4/DT19,WEEKENDS/HOLIDAY,7,408.3157894736842,776.6315789473684
Chinatown,NE4/DT19,WEEKENDS/HOLIDAY,8,642.8421052631579,1426.3157894736842
Chinatown,NE4/DT19,WEEKENDS/HOLIDAY,9,1048.3157894736842,2467.8947368421054
Chinatown,NE4/DT19,WEEKENDS/HOLIDAY,10,1464.6315789473683,3534.1052631578946
Chinatown,NE4/DT19,WEEKENDS/HOLIDAY,11,2066.842105263158,3954.2105263157896
Chinatown,NE4/DT19,WEEKENDS/HOLIDAY,12,2687.684210526316,3888.0
Chinatown,NE4/DT19,WEEKENDS/HOLIDAY,13,3328.2105263157896,3675.4736842105262
Chinatown,NE4/DT19,WEEKENDS/HOLIDAY,14,3713.0526315789475,3191.2631578947367
Chinatown,NE4/DT19,WEEKENDS/HOLIDAY,15,3680.0,3057.0526315789475
Chinatown,NE4/DT19,WEEKENDS/HOLIDAY,16,3666.6315789473683,3099.2631578947367
Chinatown,NE4/DT19,WEEKENDS/HOLIDAY,17,3762.2105263157896,3477.7894736842104
Chinatown,NE4/DT19,WEEKENDS/HOLIDAY,18,3606.5263157894738,3247.684210526316
Chinatown,NE4/DT19,WEEKENDS/HOLIDAY,19,3712.1052631578946,2437.0526315789475
Chinatown,NE4/DT19,WEEKENDS/HOLIDAY,20,3497.2631578947367,1860.421052631579
Chinatown,NE4/DT19,WEEKENDS/HOLIDAY,21,3012.1052631578946,1333.6842105263158
Chinatown,NE4/DT19,WEEKENDS/HOLIDAY,22,1882.1052631578948,895.3684210526316
Chinatown,NE4/DT19,WEEKENDS/HOLIDAY,23,805.0526315789474,434.2105263157895
Chinese Garden,EW25,WEEKDAY,0,3.8048780487804876,50.73170731707317
Chinese Garden,EW25,WEEKDAY,5,390.4878048780488,17.26829268292683
Chinese Garden,EW25,WEEKDAY,6,1180.0487804878048,251.70731707317074
Chinese Garden,EW25,WEEKDAY,7,2399.6585365853657,766.5365853658536
Chinese Garden,EW25,WEEKDAY,8,2037.121951219512,534.8780487804878
Chinese Garden,EW25,WEEKDAY,9,859.8048780487804,256.0487804878049
Chinese Garden,EW25,WEEKDAY,10,500.3414634146341,223.46341463414635
Chinese Garden,EW25,WEEKDAY,11,402.2926829268293,215.26829268292684
Chinese Garden,EW25,WEEKDAY,12,410.2439024390244,255.90243902439025
Chinese Garden,EW25,WEEKDAY,13,319.5121951219512,290.2926829268293
Chinese Garden,EW25,WEEKDAY,14,273.9024390243902,304.6829268292683
Chinese Garden,EW25,WEEKDAY,15,415.9024390243902,361.8536585365854
Chinese Garden,EW25,WEEKDAY,16,399.9512195121951,516.5853658536586
Chinese Garden,EW25,WEEKDAY,17,601.4146341463414,1102.0487804878048
Chinese Garden,EW25,WEEKDAY,18,665.2682926829268,1893.1707317073171
Chinese Garden,EW25,WEEKDAY,19,506.780487804878,1357.4146341463415
Chinese Garden,EW25,WEEKDAY,20,324.390243902439,917.5121951219512
Chinese Garden,EW25,WEEKDAY,21,251.90243902439025,738.2926829268292
Chinese Garden,EW25,WEEKDAY,22,177.70731707317074,595.4634146341464
Chinese Garden,EW25,WEEKDAY,23,57.707317073170735,304.4878048780488
Chinese Garden,EW25,WEEKENDS/HOLIDAY,0,3.3684210526315788,78.10526315789474
Chinese Garden,EW25,WEEKENDS/HOLIDAY,5,114.42105263157895,3.6842105263157894
Chinese Garden,EW25,WEEKENDS/HOLIDAY,6,402.8421052631579,111.89473684210526
Chinese Garden,EW25,WEEKENDS/HOLIDAY,7,576.7368421052631,369.57894736842104
Chinese Garden,EW25,WEEKENDS/HOLIDAY,8,570.0,364.2105263157895
Chinese Garden,EW25,WEEKENDS/HOLIDAY,9,584.7368421052631,382.5263157894737
Chinese Garden,EW25,WEEKENDS/HOLIDAY,10,601.1578947368421,466.63157894736844
Chinese Garden,EW25,WEEKENDS/HOLIDAY,11,631.7894736842105,514.8421052631579
Chinese Garden,EW25,WEEKENDS/HOLIDAY,12,603.6842105263158,536.6315789473684
Chinese Garden,EW25,WEEKENDS/HOLIDAY,13,537.3684210526316,592.7368421052631
Chinese Garden,EW25,WEEKENDS/HOLIDAY,14,551.2631578947369,576.2105263157895
Chinese Garden,EW25,WEEKENDS/HOLIDAY,15,589.7894736842105,601.6842105263158
Chinese Garden,EW25,WEEKENDS/HOLIDAY,16,660.7368421052631,712.9473684210526
Chinese Garden,EW25,WEEKENDS/HOLIDAY,17,782.3157894736842,977.578947368421
Chinese Garden,EW25,WEEKENDS/HOLIDAY,18,770.8421052631579,949.2631578947369
Chinese Garden,EW25,WEEKENDS/HOLIDAY,19,828.7368421052631,777.8947368421053
Chinese Garden,EW25,WEEKENDS/HOLIDAY,20,582.6315789473684,684.7368421052631
Chinese Garden,EW25,WEEKENDS/HOLIDAY,21,388.5263157894737,634.2105263157895
Chinese Garden,EW25,WEEKENDS/HOLIDAY,22,229.57894736842104,565.7894736842105
Chinese Garden,EW25,WEEKENDS/HOLIDAY,23,82.0,323.6842105263158
Choa Chu Kang,NS4/BP1,WEEKDAY,0,50.97560975609756,190.6341463414634
Choa Chu Kang,NS4/BP1,WEEKDAY,5,691.3658536585366,282.5853658536585
Choa Chu Kang,NS4/BP1,WEEKDAY,6,2820.9268292682927,1740.2439024390244
Choa Chu Kang,NS4/BP1,WEEKDAY,7,5301.90243902439,2704.487804878049
Choa Chu Kang,NS4/BP1,WEEKDAY,8,4046.878048780488,1700.5853658536585
Choa Chu Kang,NS4/BP1,WEEKDAY,9,2003.1707317073171,1224.1951219512196
Choa Chu Kang,NS4/BP1,WEEKDAY,10,1504.2439024390244,1167.5121951219512
Choa Chu Kang,NS4/BP1,WEEKDAY,11,1474.0,1224.0487804878048
Choa Chu Kang,NS4/BP1,WEEKDAY,12,1596.341463414634,1488.0975609756097
Choa Chu Kang,NS4/BP1,WEEKDAY,13,1504.5365853658536,1548.0487804878048
Choa Chu Kang,NS4/BP1,WEEKDAY,14,1416.5365853658536,1561.219512195122
Choa Chu Kang,NS4/BP1,WEEKDAY,15,1410.8292682926829,1673.219512195122
Choa Chu Kang,NS4/BP1,WEEKDAY,16,1708.341463414634,2202.2926829268295
Choa Chu Kang,NS4/BP1,WEEKDAY,17,2921.6585365853657,3692.7804878048782
Choa Chu Kang,NS4/BP1,WEEKDAY,18,3308.7804878048782,6121.5609756097565
Choa Chu Kang,NS4/BP1,WEEKDAY,19,1831.3658536585365,4469.707317073171
Choa Chu Kang,NS4/BP1,WEEKDAY,20,1332.878048780488,2787.8536585365855
Choa Chu Kang,NS4/BP1,WEEKDAY,21,1176.2439024390244,2255.756097560976
Choa Chu Kang,NS4/BP1,WEEKDAY,22,732.7317073170732,1731.121951219512
Choa Chu Kang,NS4/BP1,WEEKDAY,23,303.2682926829268,827.0731707317074
Choa Chu Kang,NS4/BP1,WEEKENDS/HOLIDAY,0,51.05263157894737,229.26315789473685
Choa Chu Kang,NS4/BP1,WEEKENDS/HOLIDAY,5,289.1578947368421,99.36842105263158
Choa Chu Kang,NS4/BP1,WEEKENDS/HOLIDAY,6,1102.1052631578948,530.2105263157895
Choa Chu Kang,NS4/BP1,WEEKENDS/HOLIDAY,7,1468.5263157894738,875.1578947368421
Choa Chu Kang,NS4/BP1,WEEKENDS/HOLIDAY,8,1606.5263157894738,1070.9473684210527
Choa Chu Kang,NS4/BP1,WEEKENDS/HOLIDAY,9,1672.7368421052631,1160.842105263158
Choa Chu Kang,NS4/BP1,WEEKENDS/HOLIDAY,10,1734.0,1312.1052631578948
Choa Chu Kang,NS4/BP1,WEEKENDS/HOLIDAY,11,1806.9473684210527,1476.7368421052631
Choa Chu Kang,NS4/BP1,WEEKENDS/HOLIDAY,12,1907.157894736842,1621.0526315789473
Choa Chu Kang,NS4/BP1,WEEKENDS/HOLIDAY,13,1811.3684210526317,1782.3157894736842
Choa Chu Kang,NS4/BP1,WEEKENDS/HOLIDAY,14,1751.2631578947369,1828.1052631578948
Choa Chu Kang,NS4/BP1,WEEKENDS/HOLIDAY,15,1714.1052631578948,1857.3684210526317
Choa Chu Kang,NS4/BP1,WEEKENDS/HOLIDAY,16,1759.7894736842106,1933.3684210526317
Choa Chu Kang,NS4/BP1,WEEKENDS/HOLIDAY,17,1889.7894736842106,2287.7894736842104
Choa Chu Kang,NS4/BP1,WEEKENDS/HOLIDAY,18,1862.9473684210527,2459.157894736842
Choa Chu Kang,NS4/BP1,WEEKENDS/HOLIDAY,19,1517.2631578947369,2340.5263157894738
Choa Chu Kang,NS4/BP1,WEEKENDS/HOLIDAY,20,1222.3157894736842,2271.3684210526317
Choa Chu Kang,NS4/BP1,WEEKENDS/HOLIDAY,21,1049.2631578947369,2082.5263157894738
Choa Chu Kang,NS4/BP1,WEEKENDS/HOLIDAY,22,745.3684210526316,1788.0
Choa Chu Kang,NS4/BP1,WEEKENDS/HOLIDAY,23,296.5263157894737,984.3157894736842
City Hall,NS25/EW13,WEEKDAY,0,24.78048780487805,7.317073170731708
City Hall,NS25/EW13,WEEKDAY,5,33.609756097560975,40.0
City Hall,NS25/EW13,WEEKDAY,6,107.41463414634147,782.829268292683
City Hall,NS25/EW13,WEEKDAY,7,259.5121951219512,1881.0243902439024
City Hall,NS25/EW13,WEEKDAY,8,523.0243902439024,5167.317073170731
City Hall,NS25/EW13,WEEKDAY,9,590.390243902439,4671.219512195122
City Hall,NS25/EW13,WEEKDAY,10,703.5121951219512,2954.682926829268
City Hall,NS25/EW13,WEEKDAY,11,1120.2926829268292,3098.1463414634145
City Hall,NS25/EW13,WEEKDAY,12,1875.121951219512,3541.4634146341464
City Hall,NS25/EW13,WEEKDAY,13,3063.560975609756,2543.4146341463415
City Hall,NS25/EW13,WEEKDAY,14,2305.560975609756,2188.6341463414633
City Hall,NS25/EW13,WEEKDAY,15,2310.048780487805,2097.756097560976
City Hall,NS25/EW13,WEEKDAY,16,2755.512195121951,2050.1463414634145
City Hall,NS25/EW13,WEEKDAY,17,4373.121951219512,2918.048780487805
City Hall,NS25/EW13,WEEKDAY,18,6520.09756097561,5033.170731707317
City Hall,NS25/EW13,WEEKDAY,19,4437.219512195122,2623.951219512195
City Hall,NS25/EW13,WEEKDAY,20,3951.951219512195,1078.0975609756097
City Hall,NS25/EW13,WEEKDAY,21,4350.780487804878,594.8780487804878
City Hall,NS25/EW13,WEEKDAY,22,3226.9268292682927,347.0243902439024
City Hall,NS25/EW13,WEEKDAY,23,1117.7560975609756,126.48780487804878
City Hall,NS25/EW13,WEEKENDS/HOLIDAY,0,36.10526315789474,9.894736842105264
City Hall,NS25/EW13,WEEKENDS/HOLIDAY,5,14.421052631578947,12.526315789473685
City Hall,NS25/EW13,WEEKENDS/HOLIDAY,6,118.73684210526316,495.1578947368421
City Hall,NS25/EW13,WEEKENDS/HOLIDAY,7,168.42105263157896,1085.2631578947369
City Hall,NS25/EW13,WEEKENDS/HOLIDAY,8,333.57894736842104,2381.3684210526317
City Hall,NS25/EW13,WEEKENDS/HOLIDAY,9,801.1578947368421,5346.421052631579
City Hall,NS25/EW13,WEEKENDS/HOLIDAY,10,1706.6315789473683,5400.736842105263
City Hall,NS25/EW13,WEEKENDS/HOLIDAY,11,2316.1052631578946,4760.105263157895
City Hall,NS25/EW13,WEEKENDS/HOLIDAY,12,2759.157894736842,4528.736842105263
City Hall,NS25/EW13,WEEKENDS/HOLIDAY,13,3146.4210526315787,4477.263157894737
City Hall,NS25/EW13,WEEKENDS/HOLIDAY,14,3611.4736842105262,4193.263157894737
City Hall,NS25/EW13,WEEKENDS/HOLIDAY,15,4211.789473684211,4330.631578947368
City Hall,NS25/EW13,WEEKENDS/HOLIDAY,16,5100.0,5071.578947368421
City Hall,NS25/EW13,WEEKENDS/HOLIDAY,17,6120.9473684210525,4513.789473684211
City Hall,NS25/EW13,WEEKENDS/HOLIDAY,18,5848.526315789473,3511.3684210526317
City Hall,NS25/EW13,WEEKENDS/HOLIDAY,19,5263.578947368421,2304.9473684210525
City Hall,NS25/EW13,WEEKENDS/HOLIDAY,20,5510.0,1247.157894736842
City Hall,NS25/EW13,WEEKENDS/HOLIDAY,21,5193.894736842105,773.1578947368421
City Hall,NS25/EW13,WEEKENDS/HOLIDAY,22,3656.1052631578946,390.42105263157896
City Hall,NS25/EW13,WEEKENDS/HOLIDAY,23,1410.6315789473683,148.8421052631579
Clarke Quay,NE5,WEEKDAY,0,10.878048780487806,4.0
Clarke Quay,NE5,WEEKDAY,5,13.902439024390244,1.853658536585366
Clarke Quay,NE5,WEEKDAY,6,47.90243902439025,288.390243902439
Clarke Quay,NE5,WEEKDAY,7,108.09756097560975,801.3658536585366
Clarke Quay,NE5,WEEKDAY,8,200.4878048780488,2390.5365853658536
Clarke Quay,NE5,WEEKDAY,9,267.0243902439024,2150.1951219512193
Clarke Quay,NE5,WEEKDAY,10,302.5853658536585,1004.439024390244
Clarke Quay,NE5,WEEKDAY,11,414.780487804878,677.2682926829268
Clarke Quay,NE5,WEEKDAY,12,563.170731707317,699.609756097561
Clarke Quay,NE5,WEEKDAY,13,543.609756097561,696.0975609756098
Clarke Quay,NE5,WEEKDAY,14,526.6829268292682,608.5365853658536
Clarke Quay,NE5,WEEKDAY,15,546.8780487804878,542.6341463414634
Clarke Quay,NE5,WEEKDAY,16,696.5365853658536,601.3170731707318
Clarke Quay,NE5,WEEKDAY,17,1563.7560975609756,805.560975609756
Clarke Quay,NE5,WEEKDAY,18,2632.3414634146343,1299.8536585365853
Clarke Quay,NE5,WEEKDAY,19,1590.0487804878048,882.1951219512196
Clarke Quay,NE5,WEEKDAY,20,1234.1463414634147,552.390243902439
Clarke Quay,NE5,WEEKDAY,21,1237.5121951219512,414.390243902439
Clarke Quay,NE5,WEEKDAY,22,1023.0243902439024,256.390243902439
Clarke Quay,NE5,WEEKDAY,23,569.9512195121952,131.21951219512195
Clarke Quay,NE5,WEEKENDS/HOLIDAY,0,8.421052631578947,5.2631578947368425
Clarke Quay,NE5,WEEKENDS/HOLIDAY,5,6.7368421052631575,0.9473684210526315
Clarke Quay,NE5,WEEKENDS/HOLIDAY,6,81.36842105263158,103.57894736842105
Clarke Quay,NE5,WEEKENDS/HOLIDAY,7,72.21052631578948,247.1578947368421
Clarke Quay,NE5,WEEKENDS/HOLIDAY,8,114.10526315789474,351.6842105263158
Clarke Quay,NE5,WEEKENDS/HOLIDAY,9,204.94736842105263,612.6315789473684
Clarke Quay,NE5,WEEKENDS/HOLIDAY,10,314.8421052631579,764.421052631579
Clarke Quay,NE5,WEEKENDS/HOLIDAY,11,395.4736842105263,757.0526315789474
Clarke Quay,NE5,WEEKENDS/HOLIDAY,12,504.2105263157895,769.4736842105264
Clarke Quay,NE5,WEEKENDS/HOLIDAY,13,564.7368421052631,733.8947368421053
Clarke Quay,NE5,WEEKENDS/HOLIDAY,14,613.3684210526316,737.8947368421053
Clarke Quay,NE5,WEEKENDS/HOLIDAY,15,672.1052631578947,768.6315789473684
Clarke Quay,NE5,WEEKENDS/HOLIDAY,16,692.8421052631579,821.8947368421053
Clarke Quay,NE5,WEEKENDS/HOLIDAY,17,782.0,901.578947368421
Clarke Quay,NE5,WEEKENDS/HOLIDAY,18,756.6315789473684,980.1052631578947
Clarke Quay,NE5,WEEKENDS/HOLIDAY,19,841.6842105263158,816.6315789473684
Clarke Quay,NE5,WEEKENDS/HOLIDAY,20,1016.6315789473684,635.0526315789474
Clarke Quay,NE5,WEEKENDS/HOLIDAY,21,1017.2631578947369,496.10526315789474
Clarke Quay,NE5,WEEKENDS/HOLIDAY,22,926.5263157894736,366.2105263157895
Clarke Quay,NE5,WEEKENDS/HOLIDAY,23,593.4736842105264,180.42105263157896
Clementi,EW23,WEEKDAY,0,19.902439024390244,96.48780487804878
Clementi,EW23,WEEKDAY,5,276.9268292682927,205.8048780487805
Clementi,EW23,WEEKDAY,6,2171.951219512195,1941.7073170731708
Clementi,EW23,WEEKDAY,7,4401.024390243902,4216.487804878048
Clementi,EW23,WEEKDAY,8,4887.268292682927,4297.317073170731
Clementi,EW23,WEEKDAY,9,2721.6585365853657,2311.4634146341464
Clementi,EW23,WEEKDAY,10,1812.2926829268292,1736.9756097560976
Clementi,EW23,WEEKDAY,11,1811.3658536585365,1724.439024390244
Clementi,EW23,WEEKDAY,12,2014.878048780488,1895.7073170731708
Clementi,EW23,WEEKDAY,13,2021.219512195122,1885.3658536585365
Clementi,EW23,WEEKDAY,14,1752.0,1750.7317073170732
Clementi,EW23,WEEKDAY,15,1878.2926829268292,1874.2926829268292
Clementi,EW23,WEEKDAY,16,2439.512195121951,2289.0243902439024
Clementi,EW23,WEEKDAY,17,4279.707317073171,3839.756097560976
Clementi,EW23,WEEKDAY,18,5002.1463414634145,6266.4390243902435
Clementi,EW23,WEEKDAY,19,2846.5853658536585,4269.512195121952
Clementi,EW23,WEEKDAY,20,2011.9512195121952,2593.170731707317
Clementi,EW23,WEEKDAY,21,1714.9268292682927,2231.9024390243903
Clementi,EW23,WEEKDAY,22,1038.6341463414635,1726.3902439024391
Clementi,EW23,WEEKDAY,23,414.0975609756098,755.4146341463414
Clementi,EW23,WEEKENDS/HOLIDAY,0,21.36842105263158,114.84210526315789
Clementi,EW23,WEEKENDS/HOLIDAY,5,100.52631578947368,32.31578947368421
Clementi,EW23,WEEKENDS/HOLIDAY,6,860.9473684210526,782.421052631579
Clementi,EW23,WEEKENDS/HOLIDAY,7,1462.2105263157894,1363.578947368421
Clementi,EW23,WEEKENDS/HOLIDAY,8,1904.7368421052631,1495.3684210526317
Clementi,EW23,WEEKENDS/HOLIDAY,9,2273.157894736842,1710.1052631578948
Clementi,EW23,WEEKENDS/HOLIDAY,10,2350.2105263157896,1742.9473684210527
Clementi,EW23,WEEKENDS/HOLIDAY,11,2439.5789473684213,1840.3157894736842
Clementi,EW23,WEEKENDS/HOLIDAY,12,2531.4736842105262,1991.3684210526317
Clementi,EW23,WEEKENDS/HOLIDAY,13,2438.1052631578946,2220.2105263157896
Clementi,EW23,WEEKENDS/HOLIDAY,14,2204.315789473684,2266.4210526315787
Clementi,EW23,WEEKENDS/HOLIDAY,15,2194.4210526315787,2291.5789473684213
Clementi,EW23,WEEKENDS/HOLIDAY,16,2309.4736842105262,2557.0526315789475
Clementi,EW23,WEEKENDS/HOLIDAY,17,2642.842105263158,2889.0526315789475
Clementi,EW23,WEEKENDS/HOLIDAY,18,2581.684210526316,2936.7368421052633
Clementi,EW23,WEEKENDS/HOLIDAY,19,2102.842105263158,2621.5789473684213
Clementi,EW23,WEEKENDS/HOLIDAY,20,1696.842105263158,2394.842105263158
Clementi,EW23,WEEKENDS/HOLIDAY,21,1409.3684210526317,2253.3684210526317
Clementi,EW23,WEEKENDS/HOLIDAY,22,910.1052631578947,1805.578947368421
Clementi,EW23,WEEKENDS/HOLIDAY,23,351.89473684210526,890.5263157894736
Commonwealth,EW20,WEEKDAY,0,5.414634146341464,26.48780487804878
Commonwealth,EW20,WEEKDAY,5,116.34146341463415,38.24390243902439
Commonwealth,EW20,WEEKDAY,6,676.0,528.8780487804878
Commonwealth,EW20,WEEKDAY,7,1174.6829268292684,1150.878048780488
Commonwealth,EW20,WEEKDAY,8,1501.7560975609756,1958.1463414634147
Commonwealth,EW20,WEEKDAY,9,928.3414634146342,1198.2926829268292
Commonwealth,EW20,WEEKDAY,10,590.5365853658536,562.9268292682926
Commonwealth,EW20,WEEKDAY,11,573.8536585365854,385.609756097561
Commonwealth,EW20,WEEKDAY,12,585.3170731707318,432.390243902439
Commonwealth,EW20,WEEKDAY,13,508.5365853658537,479.9024390243902
Commonwealth,EW20,WEEKDAY,14,457.4146341463415,437.3170731707317
Commonwealth,EW20,WEEKDAY,15,517.4634146341464,455.609756097561
Commonwealth,EW20,WEEKDAY,16,707.560975609756,525.170731707317
Commonwealth,EW20,WEEKDAY,17,1468.6341463414635,870.9268292682926
Commonwealth,EW20,WEEKDAY,18,1972.6341463414635,1405.121951219512
Commonwealth,EW20,WEEKDAY,19,905.7560975609756,1014.2439024390244
Commonwealth,EW20,WEEKDAY,20,452.1463414634146,731.170731707317
Commonwealth,EW20,WEEKDAY,21,354.2439024390244,642.9268292682926
Commonwealth,EW20,WEEKDAY,22,216.6341463414634,519.4146341463414
Commonwealth,EW20,WEEKDAY,23,79.70731707317073,270.6829268292683
Commonwealth,EW20,WEEKENDS/HOLIDAY,0,4.631578947368421,24.63157894736842
Commonwealth,EW20,WEEKENDS/HOLIDAY,5,25.473684210526315,5.684210526315789
Commonwealth,EW20,WEEKENDS/HOLIDAY,6,279.36842105263156,182.10526315789474
Commonwealth,EW20,WEEKENDS/HOLIDAY,7,394.0,373.36842105263156
Commonwealth,EW20,WEEKENDS/HOLIDAY,8,501.05263157894734,566.3157894736842
Commonwealth,EW20,WEEKENDS/HOLIDAY,9,611.1578947368421,538.421052631579
Commonwealth,EW20,WEEKENDS/HOLIDAY,10,684.7368421052631,472.7368421052632
Commonwealth,EW20,WEEKENDS/HOLIDAY,11,703.7894736842105,467.1578947368421
Commonwealth,EW20,WEEKENDS/HOLIDAY,12,697.0526315789474,436.42105263157896
Commonwealth,EW20,WEEKENDS/HOLIDAY,13,642.5263157894736,497.1578947368421
Commonwealth,EW20,WEEKENDS/HOLIDAY,14,506.7368421052632,498.0
Commonwealth,EW20,WEEKENDS/HOLIDAY,15,487.05263157894734,461.89473684210526
Commonwealth,EW20,WEEKENDS/HOLIDAY,16,585.2631578947369,510.3157894736842
Commonwealth,EW20,WEEKENDS/HOLIDAY,17,647.6842105263158,558.9473684210526
Commonwealth,EW20,WEEKENDS/HOLIDAY,18,582.9473684210526,600.3157894736842
Commonwealth,EW20,WEEKENDS/HOLIDAY,19,462.63157894736844,585.6842105263158
Commonwealth,EW20,WEEKENDS/HOLIDAY,20,324.94736842105266,564.3157894736842
Commonwealth,EW20,WEEKENDS/HOLIDAY,21,304.8421052631579,593.4736842105264
Commonwealth,EW20,WEEKENDS/HOLIDAY,22,154.6315789473684,518.0
Commonwealth,EW20,WEEKENDS/HOLIDAY,23,76.3157894736842,285.1578947368421
Dakota,CC8,WEEKDAY,0,2.1463414634146343,11.609756097560975
Dakota,CC8,WEEKDAY,5,61.707317073170735,4.7317073170731705
Dakota,CC8,WEEKDAY,6,307.9024390243902,157.3170731707317
Dakota,CC8,WEEKDAY,7,751.0731707317074,481.8048780487805
Dakota,CC8,WEEKDAY,8,1138.6341463414635,438.2926829268293
Dakota,CC8,WEEKDAY,9,605.609756097561,338.7317073170732
Dakota,CC8,WEEKDAY,10,351.7560975609756,229.3170731707317
Dakota,CC8,WEEKDAY,11,328.2439024390244,238.390243902439
Dakota,CC8,WEEKDAY,12,410.4878048780488,277.3658536585366
Dakota,CC8,WEEKDAY,13,332.0,310.0
Dakota,CC8,WEEKDAY,14,326.0,283.3170731707317
Dakota,CC8,WEEKDAY,15,314.7317073170732,280.0
Dakota,CC8,WEEKDAY,16,356.6829268292683,344.0
Dakota,CC8,WEEKDAY,17,513.4634146341464,537.2682926829268
Dakota,CC8,WEEKDAY,18,631.219512195122,984.2439024390244
Dakota,CC8,WEEKDAY,19,446.0,769.609756097561
Dakota,CC8,WEEKDAY,20,277.0731707317073,499.4146341463415
Dakota,CC8,WEEKDAY,21,235.5121951219512,421.1707317073171
Dakota,CC8,WEEKDAY,22,172.6829268292683,313.7560975609756
Dakota,CC8,WEEKDAY,23,38.24390243902439,127.07317073170732
Dakota,CC8,WEEKENDS/HOLIDAY,0,2.9473684210526314,13.473684210526315
Dakota,CC8,WEEKENDS/HOLIDAY,5,24.105263157894736,1.0526315789473684
Dakota,CC8,WEEKENDS/HOLIDAY,6,152.42105263157896,71.89473684210526
Dakota,CC8,WEEKENDS/HOLIDAY,7,244.8421052631579,208.21052631578948
Dakota,CC8,WEEKENDS/HOLIDAY,8,336.7368421052632,250.10526315789474
Dakota,CC8,WEEKENDS/HOLIDAY,9,409.05263157894734,296.10526315789474
Dakota,CC8,WEEKENDS/HOLIDAY,10,440.94736842105266,304.10526315789474
Dakota,CC8,WEEKENDS/HOLIDAY,11,433.4736842105263,309.1578947368421
Dakota,CC8,WEEKENDS/HOLIDAY,12,446.7368421052632,357.57894736842104
Dakota,CC8,WEEKENDS/HOLIDAY,13,442.2105263157895,384.0
Dakota,CC8,WEEKENDS/HOLIDAY,14,379.7894736842105,384.2105263157895
Dakota,CC8,WEEKENDS/HOLIDAY,15,388.2105263157895,350.2105263157895
Dakota,CC8,WEEKENDS/HOLIDAY,16,421.05263157894734,416.7368421052632
Dakota,CC8,WEEKENDS/HOLIDAY,17,468.10526315789474,459.89473684210526
Dakota,CC8,WEEKENDS/HOLIDAY,18,508.0,462.5263157894737
Dakota,CC8,WEEKENDS/HOLIDAY,19,389.89473684210526,459.4736842105263
Dakota,CC8,WEEKENDS/HOLIDAY,20,268.2105263157895,416.10526315789474
Dakota,CC8,WEEKENDS/HOLIDAY,21,224.21052631578948,422.2105263157895
Dakota,CC8,WEEKENDS/HOLIDAY,22,173.89473684210526,304.63157894736844
Dakota,CC8,WEEKENDS/HOLIDAY,23,46.526315789473685,165.1578947368421
Dhoby Ghaut,NS24/NE6/CC1,WEEKDAY,0,16.829268292682926,16.341463414634145
Dhoby Ghaut,NS24/NE6/CC1,WEEKDAY,5,19.317073170731707,16.585365853658537
Dhoby Ghaut,NS24/NE6/CC1,WEEKDAY,6,156.29268292682926,377.6585365853659
Dhoby Ghaut,NS24/NE6/CC1,WEEKDAY,7,483.3658536585366,1093.9512195121952
Dhoby Ghaut,NS24/NE6/CC1,WEEKDAY,8,1268.7317073170732,2701.2195121951218
Dhoby Ghaut,NS24/NE6/CC1,WEEKDAY,9,674.0,2211.8536585365855
Dhoby Ghaut,NS24/NE6/CC1,WEEKDAY,10,646.4878048780488,1572.341463414634
Dhoby Ghaut,NS24/NE6/CC1,WEEKDAY,11,1004.2926829268292,1823.4146341463415
Dhoby Ghaut,NS24/NE6/CC1,WEEKDAY,12,1634.1463414634147,2367.317073170732
Dhoby Ghaut,NS24/NE6/CC1,WEEKDAY,13,2116.487804878049,2072.6341463414633
Dhoby Ghaut,NS24/NE6/CC1,WEEKDAY,14,1690.1463414634147,1715.560975609756
Dhoby Ghaut,NS24/NE6/CC1,WEEKDAY,15,1791.2682926829268,1638.9268292682927
Dhoby Ghaut,NS24/NE6/CC1,WEEKDAY,16,2103.0243902439024,1591.219512195122
Dhoby Ghaut,NS24/NE6/CC1,WEEKDAY,17,3045.8536585365855,2187.9024390243903
Dhoby Ghaut,NS24/NE6/CC1,WEEKDAY,18,4221.219512195122,3994.243902439024
Dhoby Ghaut,NS24/NE6/CC1,WEEKDAY,19,3114.731707317073,2342.1463414634145
Dhoby Ghaut,NS24/NE6/CC1,WEEKDAY,20,2831.560975609756,1183.121951219512
Dhoby Ghaut,NS24/NE6/CC1,WEEKDAY,21,3144.048780487805,735.7560975609756
Dhoby Ghaut,NS24/NE6/CC1,WEEKDAY,22,1878.8292682926829,456.4390243902439
Dhoby Ghaut,NS24/NE6/CC1,WEEKDAY,23,559.6585365853658,190.09756097560975
Dhoby Ghaut,NS24/NE6/CC1,WEEKENDS/HOLIDAY,0,18.210526315789473,21.36842105263158
Dhoby Ghaut,NS24/NE6/CC1,WEEKENDS/HOLIDAY,5,13.578947368421053,4.7368421052631575
Dhoby Ghaut,NS24/NE6/CC1,WEEKENDS/HOLIDAY,6,112.84210526315789,220.42105263157896
Dhoby Ghaut,NS24/NE6/CC1,WEEKENDS/HOLIDAY,7,191.3684210526316,497.36842105263156
Dhoby Ghaut,NS24/NE6/CC1,WEEKENDS/HOLIDAY,8,343.36842105263156,910.5263157894736
Dhoby Ghaut,NS24/NE6/CC1,WEEKENDS/HOLIDAY,9,552.7368421052631,1502.1052631578948
Dhoby Ghaut,NS24/NE6/CC1,WEEKENDS/HOLIDAY,10,808.5263157894736,1782.9473684210527
Dhoby Ghaut,NS24/NE6/CC1,WEEKENDS/HOLIDAY,11,1183.7894736842106,2149.3684210526317
Dhoby Ghaut,NS24/NE6/CC1,WEEKENDS/HOLIDAY,12,1558.421052631579,2329.157894736842
Dhoby Ghaut,NS24/NE6/CC1,WEEKENDS/HOLIDAY,13,2060.0,2608.2105263157896
Dhoby Ghaut,NS24/NE6/CC1,WEEKENDS/HOLIDAY,14,2319.157894736842,2439.684210526316
Dhoby Ghaut,NS24/NE6/CC1,WEEKENDS/HOLIDAY,15,2592.0,2346.4210526315787
Dhoby Ghaut,NS24/NE6/CC1,WEEKENDS/HOLIDAY,16,2859.0526315789475,2320.5263157894738
Dhoby Ghaut,NS24/NE6/CC1,WEEKENDS/HOLIDAY,17,2940.1052631578946,2241.2631578947367
Dhoby Ghaut,NS24/NE6/CC1,WEEKENDS/HOLIDAY,18,2767.5789473684213,2043.0526315789473
Dhoby Ghaut,NS24/NE6/CC1,WEEKENDS/HOLIDAY,19,2570.2105263157896,1577.4736842105262
Dhoby Ghaut,NS24/NE6/CC1,WEEKENDS/HOLIDAY,20,2278.4210526315787,1178.2105263157894
Dhoby Ghaut,NS24/NE6/CC1,WEEKENDS/HOLIDAY,21,2373.684210526316,867.2631578947369
Dhoby Ghaut,NS24/NE6/CC1,WEEKENDS/HOLIDAY,22,1636.7368421052631,539.0526315789474
Dhoby Ghaut,NS24/NE6/CC1,WEEKENDS/HOLIDAY,23,496.3157894736842,221.1578947368421
Dover,EW22,WEEKDAY,0,2.097560975609756,11.073170731707316
Dover,EW22,WEEKDAY,5,23.414634146341463,35.26829268292683
Dover,EW22,WEEKDAY,6,236.2439024390244,255.0731707317073
Dover,EW22,WEEKDAY,7,589.3170731707318,853.7073170731708
Dover,EW22,WEEKDAY,8,794.2926829268292,1497.3170731707316
Dover,EW22,WEEKDAY,9,445.3170731707317,682.0
Dover,EW22,WEEKDAY,10,427.7560975609756,551.560975609756
Dover,EW22,WEEKDAY,11,406.2439024390244,312.4390243902439
Dover,EW22,WEEKDAY,12,513.5121951219512,416.0975609756098
Dover,EW22,WEEKDAY,13,425.1707317073171,494.9268292682927
Dover,EW22,WEEKDAY,14,379.5121951219512,377.1219512195122
Dover,EW22,WEEKDAY,15,581.9512195121952,455.9512195121951
Dover,EW22,WEEKDAY,16,742.9756097560976,348.8292682926829
Dover,EW22,WEEKDAY,17,1306.2439024390244,630.780487804878
Dover,EW22,WEEKDAY,18,907.0731707317074,1087.9024390243903
Dover,EW22,WEEKDAY,19,428.1463414634146,568.829268292683
Dover,EW22,WEEKDAY,20,383.7073170731707,352.4390243902439
Dover,EW22,WEEKDAY,21,407.609756097561,328.3414634146341
Dover,EW22,WEEKDAY,22,220.1951219512195,272.6829268292683
Dover,EW22,WEEKDAY,23,40.829268292682926,116.78048780487805
Dover,EW22,WEEKENDS/HOLIDAY,0,2.6315789473684212,16.42105263157895
Dover,EW22,WEEKENDS/HOLIDAY,5,7.578947368421052,3.6842105263157894
Dover,EW22,WEEKENDS/HOLIDAY,6,88.0,67.36842105263158
Dover,EW22,WEEKENDS/HOLIDAY,7,162.10526315789474,183.3684210526316
Dover,EW22,WEEKENDS/HOLIDAY,8,221.3684210526316,209.89473684210526
Dover,EW22,WEEKENDS/HOLIDAY,9,266.63157894736844,204.0
Dover,EW22,WEEKENDS/HOLIDAY,10,284.8421052631579,212.31578947368422
Dover,EW22,WEEKENDS/HOLIDAY,11,282.94736842105266,171.78947368421052
Dover,EW22,WEEKENDS/HOLIDAY,12,296.8421052631579,204.31578947368422
Dover,EW22,WEEKENDS/HOLIDAY,13,254.10526315789474,266.94736842105266
Dover,EW22,WEEKENDS/HOLIDAY,14,227.05263157894737,259.1578947368421
Dover,EW22,WEEKENDS/HOLIDAY,15,226.0,256.63157894736844
Dover,EW22,WEEKENDS/HOLIDAY,16,235.89473684210526,258.42105263157896
Dover,EW22,WEEKENDS/HOLIDAY,17,296.2105263157895,280.5263157894737
Dover,EW22,WEEKENDS/HOLIDAY,18,286.5263157894737,290.5263157894737
Dover,EW22,WEEKENDS/HOLIDAY,19,198.0,276.7368421052632
Dover,EW22,WEEKENDS/HOLIDAY,20,126.73684210526316,317.7894736842105
Dover,EW22,WEEKENDS/HOLIDAY,21,87.05263157894737,327.57894736842104
Dover,EW22,WEEKENDS/HOLIDAY,22,78.94736842105263,262.0
Dover,EW22,WEEKENDS/HOLIDAY,23,32.0,133.57894736842104
Downtown,DT17,WEEKDAY,0,10.24390243902439,5.170731707317073
Downtown,DT17,WEEKDAY,5,2.731707317073171,0.0
Downtown,DT17,WEEKDAY,6,33.75609756097561,636.829268292683
Downtown,DT17,WEEKDAY,7,107.1219512195122,1603.121951219512
Downtown,DT17,WEEKDAY,8,259.9024390243902,6702.829268292683
Downtown,DT17,WEEKDAY,9,179.41463414634146,6030.731707317073
Downtown,DT17,WEEKDAY,10,242.14634146341464,1452.0
Downtown,DT17,WEEKDAY,11,1294.3902439024391,714.5365853658536
Downtown,DT17,WEEKDAY,12,1675.4146341463415,855.3170731707318
Downtown,DT17,WEEKDAY,13,575.2682926829268,2093.6585365853657
Downtown,DT17,WEEKDAY,14,491.5609756097561,771.6585365853658
Downtown,DT17,WEEKDAY,15,631.219512195122,321.2682926829268
Downtown,DT17,WEEKDAY,16,1147.0243902439024,314.780487804878
Downtown,DT17,WEEKDAY,17,3318.048780487805,397.219512195122
Downtown,DT17,WEEKDAY,18,6565.317073170731,587.3658536585366
Downtown,DT17,WEEKDAY,19,3068.682926829268,384.1463414634146
Downtown,DT17,WEEKDAY,20,1397.9024390243903,251.85365853658536
Downtown,DT17,WEEKDAY,21,833.8536585365854,177.41463414634146
Downtown,DT17,WEEKDAY,22,511.3170731707317,97.41463414634147
Downtown,DT17,WEEKDAY,23,213.1219512195122,33.26829268292683
Downtown,DT17,WEEKENDS/HOLIDAY,0,8.105263157894736,4.315789473684211
Downtown,DT17,WEEKENDS/HOLIDAY,5,1.7894736842105263,0.0
Downtown,DT17,WEEKENDS/HOLIDAY,6,22.0,81.89473684210526
Downtown,DT17,WEEKENDS/HOLIDAY,7,61.78947368421053,158.52631578947367
Downtown,DT17,WEEKENDS/HOLIDAY,8,69.6842105263158,245.57894736842104
Downtown,DT17,WEEKENDS/HOLIDAY,9,100.3157894736842,263.89473684210526
Downtown,DT17,WEEKENDS/HOLIDAY,10,148.73684210526315,223.3684210526316
Downtown,DT17,WEEKENDS/HOLIDAY,11,211.47368421052633,235.05263157894737
Downtown,DT17,WEEKENDS/HOLIDAY,12,230.8421052631579,257.2631578947368
Downtown,DT17,WEEKENDS/HOLIDAY,13,257.7894736842105,283.2631578947368
Downtown,DT17,WEEKENDS/HOLIDAY,14,251.57894736842104,254.31578947368422
Downtown,DT17,WEEKENDS/HOLIDAY,15,251.89473684210526,241.26315789473685
Downtown,DT17,WEEKENDS/HOLIDAY,16,276.5263157894737,271.36842105263156
Downtown,DT17,WEEKENDS/HOLIDAY,17,305.57894736842104,371.89473684210526
Downtown,DT17,WEEKENDS/HOLIDAY,18,323.7894736842105,420.63157894736844
Downtown,DT17,WEEKENDS/HOLIDAY,19,350.0,452.42105263157896
Downtown,DT17,WEEKENDS/HOLIDAY,20,587.578947368421,301.36842105263156
Downtown,DT17,WEEKENDS/HOLIDAY,21,486.8421052631579,215.57894736842104
Downtown,DT17,WEEKENDS/HOLIDAY,22,375.6842105263158,111.47368421052632
Downtown,DT17,WEEKENDS/HOLIDAY,23,165.26315789473685,36.63157894736842
Esplanade,CC3,WEEKDAY,0,1.853658536585366,1.1219512195121952
Esplanade,CC3,WEEKDAY,5,5.658536585365853,0.24390243902439024
Esplanade,CC3,WEEKDAY,6,13.902439024390244,196.0
Esplanade,CC3,WEEKDAY,7,36.97560975609756,353.0731707317073
Esplanade,CC3,WEEKDAY,8,97.8048780487805,1034.2439024390244
Esplanade,CC3,WEEKDAY,9,92.04878048780488,1096.6829268292684
Esplanade,CC3,WEEKDAY,10,114.6829268292683,619.0731707317074
Esplanade,CC3,WEEKDAY,11,194.6829268292683,503.1707317073171
Esplanade,CC3,WEEKDAY,12,266.1463414634146,467.4146341463415
Esplanade,CC3,WEEKDAY,13,355.3658536585366,421.4146341463415
Esplanade,CC3,WEEKDAY,14,349.4146341463415,337.8048780487805
Esplanade,CC3,WEEKDAY,15,387.5121951219512,347.4634146341463
Esplanade,CC3,WEEKDAY,16,509.8048780487805,296.9756097560976
Esplanade,CC3,WEEKDAY,17,877.6585365853658,400.390243902439
Esplanade,CC3,WEEKDAY,18,1301.3170731707316,626.3414634146342
Esplanade,CC3,WEEKDAY,19,824.9756097560976,393.2682926829268
Esplanade,CC3,WEEKDAY,20,737.2682926829268,164.29268292682926
Esplanade,CC3,WEEKDAY,21,782.4878048780488,111.3170731707317
Esplanade,CC3,WEEKDAY,22,619.6585365853658,72.53658536585365
Esplanade,CC3,WEEKDAY,23,167.5121951219512,21.75609756097561
Esplanade,CC3,WEEKENDS/HOLIDAY,0,2.210526315789474,1.6842105263157894
Esplanade,CC3,WEEKENDS/HOLIDAY,5,2.4210526315789473,0.0
Esplanade,CC3,WEEKENDS/HOLIDAY,6,25.36842105263158,152.21052631578948
Esplanade,CC3,WEEKENDS/HOLIDAY,7,45.26315789473684,367.6842105263158
Esplanade,CC3,WEEKENDS/HOLIDAY,8,63.68421052631579,451.6842105263158
Esplanade,CC3,WEEKENDS/HOLIDAY,9,158.94736842105263,863.3684210526316
Esplanade,CC3,WEEKENDS/HOLIDAY,10,163.89473684210526,871.3684210526316
Esplanade,CC3,WEEKENDS/HOLIDAY,11,271.1578947368421,816.3157894736842
Esplanade,CC3,WEEKENDS/HOLIDAY,12,463.6842105263158,872.3157894736842
Esplanade,CC3,WEEKENDS/HOLIDAY,13,538.2105263157895,862.2105263157895
Esplanade,CC3,WEEKENDS/HOLIDAY,14,700.2105263157895,792.0
Esplanade,CC3,WEEKENDS/HOLIDAY,15,763.7894736842105,926.6315789473684
Esplanade,CC3,WEEKENDS/HOLIDAY,16,894.421052631579,1266.5263157894738
Esplanade,CC3,WEEKENDS/HOLIDAY,17,950.1052631578947,1022.2105263157895
Esplanade,CC3,WEEKENDS/HOLIDAY,18,882.421052631579,782.8421052631579
Esplanade,CC3,WEEKENDS/HOLIDAY,19,1056.6315789473683,534.8421052631579
Esplanade,CC3,WEEKENDS/HOLIDAY,20,1361.6842105263158,258.7368421052632
Esplanade,CC3,WEEKENDS/HOLIDAY,21,1452.2105263157894,157.26315789473685
Esplanade,CC3,WEEKENDS/HOLIDAY,22,1028.0,91.6842105263158
Esplanade,CC3,WEEKENDS/HOLIDAY,23,268.10526315789474,35.578947368421055
Eunos,EW7,WEEKDAY,0,7.2682926829268295,57.1219512195122
Eunos,EW7,WEEKDAY,5,186.9268292682927,36.73170731707317
Eunos,EW7,WEEKDAY,6,885.0243902439024,357.9512195121951
Eunos,EW7,WEEKDAY,7,1623.9512195121952,868.3414634146342
Eunos,EW7,WEEKDAY,8,2203.756097560976,1157.658536585366
Eunos,EW7,WEEKDAY,9,1240.878048780488,721.170731707317
Eunos,EW7,WEEKDAY,10,770.3414634146342,445.6585365853659
Eunos,EW7,WEEKDAY,11,699.4634146341464,473.5121951219512
Eunos,EW7,WEEKDAY,12,732.6341463414634,600.2926829268292
Eunos,EW7,WEEKDAY,13,646.3414634146342,637.2682926829268
Eunos,EW7,WEEKDAY,14,551.4634146341464,626.2926829268292
Eunos,EW7,WEEKDAY,15,483.8048780487805,647.2682926829268
Eunos,EW7,WEEKDAY,16,621.609756097561,775.609756097561
Eunos,EW7,WEEKDAY,17,1034.5853658536585,1245.1707317073171
Eunos,EW7,WEEKDAY,18,1289.9512195121952,2323.9024390243903
Eunos,EW7,WEEKDAY,19,707.1219512195122,1828.2926829268292
Eunos,EW7,WEEKDAY,20,403.8048780487805,1273.658536585366
Eunos,EW7,WEEKDAY,21,331.9024390243902,1150.0
Eunos,EW7,WEEKDAY,22,236.9268292682927,862.5365853658536
Eunos,EW7,WEEKDAY,23,74.04878048780488,413.0731707317073
Eunos,EW7,WEEKENDS/HOLIDAY,0,5.368421052631579,62.31578947368421
Eunos,EW7,WEEKENDS/HOLIDAY,5,56.73684210526316,11.789473684210526
Eunos,EW7,WEEKENDS/HOLIDAY,6,380.2105263157895,170.52631578947367
Eunos,EW7,WEEKENDS/HOLIDAY,7,597.2631578947369,360.5263157894737
Eunos,EW7,WEEKENDS/HOLIDAY,8,756.2105263157895,517.3684210526316
Eunos,EW7,WEEKENDS/HOLIDAY,9,895.3684210526316,555.2631578947369
Eunos,EW7,WEEKENDS/HOLIDAY,10,912.3157894736842,564.3157894736842
Eunos,EW7,WEEKENDS/HOLIDAY,11,891.0526315789474,569.578947368421
Eunos,EW7,WEEKENDS/HOLIDAY,12,890.9473684210526,645.4736842105264
Eunos,EW7,WEEKENDS/HOLIDAY,13,801.7894736842105,751.2631578947369
Eunos,EW7,WEEKENDS/HOLIDAY,14,673.4736842105264,725.2631578947369
Eunos,EW7,WEEKENDS/HOLIDAY,15,641.578947368421,764.3157894736842
Eunos,EW7,WEEKENDS/HOLIDAY,16,737.8947368421053,810.421052631579
Eunos,EW7,WEEKENDS/HOLIDAY,17,847.3684210526316,911.578947368421
Eunos,EW7,WEEKENDS/HOLIDAY,18,776.421052631579,989.0526315789474
Eunos,EW7,WEEKENDS/HOLIDAY,19,604.2105263157895,975.2631578947369
Eunos,EW7,WEEKENDS/HOLIDAY,20,400.0,982.2105263157895
Eunos,EW7,WEEKENDS/HOLIDAY,21,297.6842105263158,994.7368421052631
Eunos,EW7,WEEKENDS/HOLIDAY,22,223.57894736842104,820.3157894736842
Eunos,EW7,WEEKENDS/HOLIDAY,23,82.3157894736842,428.94736842105266
Expo,CG1/DT35,WEEKDAY,0,0.975609756097561,17.170731707317074
Expo,CG1/DT35,WEEKDAY,5,24.341463414634145,20.536585365853657
Expo,CG1/DT35,WEEKDAY,6,62.19512195121951,552.0487804878048
Expo,CG1/DT35,WEEKDAY,7,135.17073170731706,1521.7560975609756
Expo,CG1/DT35,WEEKDAY,8,172.78048780487805,3897.560975609756
Expo,CG1/DT35,WEEKDAY,9,132.4390243902439,2811.7073170731705
Expo,CG1/DT35,WEEKDAY,10,164.82926829268294,1248.878048780488
Expo,CG1/DT35,WEEKDAY,11,351.9024390243902,715.4634146341464
Expo,CG1/DT35,WEEKDAY,12,575.1219512195122,706.9268292682926
Expo,CG1/DT35,WEEKDAY,13,576.2926829268292,741.3170731707318
Expo,CG1/DT35,WEEKDAY,14,551.170731707317,574.439024390244
Expo,CG1/DT35,WEEKDAY,15,688.2926829268292,455.5121951219512
Expo,CG1/DT35,WEEKDAY,16,1035.5121951219512,428.2926829268293
Expo,CG1/DT35,WEEKDAY,17,2336.0975609756097,611.0243902439024
Expo,CG1/DT35,WEEKDAY,18,3966.9268292682927,830.6341463414634
Expo,CG1/DT35,WEEKDAY,19,2002.5365853658536,622.6341463414634
Expo,CG1/DT35,WEEKDAY,20,1234.9756097560976,244.2439024390244
Expo,CG1/DT35,WEEKDAY,21,1066.6829268292684,149.5609756097561
Expo,CG1/DT35,WEEKDAY,22,651.5121951219512,110.58536585365853
Expo,CG1/DT35,WEEKDAY,23,133.17073170731706,57.951219512195124
Expo,CG1/DT35,WEEKENDS/HOLIDAY,0,1.1578947368421053,19.263157894736842
Expo,CG1/DT35,WEEKENDS/HOLIDAY,5,23.157894736842106,2.3157894736842106
Expo,CG1/DT35,WEEKENDS/HOLIDAY,6,61.26315789473684,120.63157894736842
Expo,CG1/DT35,WEEKENDS/HOLIDAY,7,109.47368421052632,349.36842105263156
Expo,CG1/DT35,WEEKENDS/HOLIDAY,8,132.42105263157896,419.2631578947368
Expo,CG1/DT35,WEEKENDS/HOLIDAY,9,123.05263157894737,610.8421052631579
Expo,CG1/DT35,WEEKENDS/HOLIDAY,10,214.21052631578948,825.8947368421053
Expo,CG1/DT35,WEEKENDS/HOLIDAY,11,340.7368421052632,948.3157894736842
Expo,CG1/DT35,WEEKENDS/HOLIDAY,12,532.9473684210526,1032.9473684210527
Expo,CG1/DT35,WEEKENDS/HOLIDAY,13,743.4736842105264,1090.3157894736842
Expo,CG1/DT35,WEEKENDS/HOLIDAY,14,900.3157894736842,1138.5263157894738
Expo,CG1/DT35,WEEKENDS/HOLIDAY,15,1070.5263157894738,1103.0526315789473
Expo,CG1/DT35,WEEKENDS/HOLIDAY,16,1194.7368421052631,1036.5263157894738
Expo,CG1/DT35,WEEKENDS/HOLIDAY,17,1240.5263157894738,1063.0526315789473
Expo,CG1/DT35,WEEKENDS/HOLIDAY,18,1210.3157894736842,960.0
Expo,CG1/DT35,WEEKENDS/HOLIDAY,19,1134.9473684210527,717.1578947368421
Expo,CG1/DT35,WEEKENDS/HOLIDAY,20,1077.0526315789473,362.5263157894737
Expo,CG1/DT35,WEEKENDS/HOLIDAY,21,1210.3157894736842,198.10526315789474
Expo,CG1/DT35,WEEKENDS/HOLIDAY,22,611.1578947368421,122.21052631578948
Expo,CG1/DT35,WEEKENDS/HOLIDAY,23,95.6842105263158,72.52631578947368
Farrer Park,NE8,WEEKDAY,0,14.536585365853659,24.878048780487806
Farrer Park,NE8,WEEKDAY,5,59.90243902439025,3.5121951219512195
Farrer Park,NE8,WEEKDAY,6,733.9512195121952,483.7560975609756
Farrer Park,NE8,WEEKDAY,7,1670.7317073170732,1136.1951219512196
Farrer Park,NE8,WEEKDAY,8,1806.780487804878,1974.1951219512196
Farrer Park,NE8,WEEKDAY,9,1178.0487804878048,1470.4878048780488
Farrer Park,NE8,WEEKDAY,10,854.0975609756098,1235.4146341463415
Farrer Park,NE8,WEEKDAY,11,973.8536585365854,1323.4146341463415
Farrer Park,NE8,WEEKDAY,12,1178.6829268292684,1688.2439024390244
Farrer Park,NE8,WEEKDAY,13,1505.9512195121952,1365.4146341463415
Farrer Park,NE8,WEEKDAY,14,1271.0731707317073,1245.6097560975609
Farrer Park,NE8,WEEKDAY,15,1311.4146341463415,1261.121951219512
Farrer Park,NE8,WEEKDAY,16,1401.0731707317073,1418.7317073170732
Farrer Park,NE8,WEEKDAY,17,2004.0975609756097,2253.2195121951218
Farrer Park,NE8,WEEKDAY,18,2260.048780487805,3626.487804878049
Farrer Park,NE8,WEEKDAY,19,1887.9512195121952,3107.8048780487807
Farrer Park,NE8,WEEKDAY,20,1885.0731707317073,1975.9024390243903
Farrer Park,NE8,WEEKDAY,21,1988.780487804878,1441.2682926829268
Farrer Park,NE8,WEEKDAY,22,1350.0487804878048,1008.390243902439
Farrer Park,NE8,WEEKDAY,23,543.7560975609756,418.6829268292683
Farrer Park,NE8,WEEKENDS/HOLIDAY,0,13.157894736842104,31.789473684210527
Farrer Park,NE8,WEEKENDS/HOLIDAY,5,20.526315789473685,2.0
Farrer Park,NE8,WEEKENDS/HOLIDAY,6,418.42105263157896,326.7368421052632
Farrer Park,NE8,WEEKENDS/HOLIDAY,7,803.0526315789474,680.6315789473684
Farrer Park,NE8,WEEKENDS/HOLIDAY,8,809.8947368421053,996.6315789473684
Farrer Park,NE8,WEEKENDS/HOLIDAY,9,866.2105263157895,1426.3157894736842
Farrer Park,NE8,WEEKENDS/HOLIDAY,10,1055.0526315789473,1842.9473684210527
Farrer Park,NE8,WEEKENDS/HOLIDAY,11,1327.0526315789473,2180.2105263157896
Farrer Park,NE8,WEEKENDS/HOLIDAY,12,1682.2105263157894,2293.5789473684213
Farrer Park,NE8,WEEKENDS/HOLIDAY,13,1902.0,2406.1052631578946
Farrer Park,NE8,WEEKENDS/HOLIDAY,14,2028.6315789473683,2295.684210526316
Farrer Park,NE8,WEEKENDS/HOLIDAY,15,2220.7368421052633,2359.7894736842104
Farrer Park,NE8,WEEKENDS/HOLIDAY,16,2317.8947368421054,2563.684210526316
Farrer Park,NE8,WEEKENDS/HOLIDAY,17,2492.6315789473683,3444.4210526315787
Farrer Park,NE8,WEEKENDS/HOLIDAY,18,2691.5789473684213,3494.7368421052633
Farrer Park,NE8,WEEKENDS/HOLIDAY,19,2974.315789473684,2953.684210526316
Farrer Park,NE8,WEEKENDS/HOLIDAY,20,3120.5263157894738,2139.684210526316
Farrer Park,NE8,WEEKENDS/HOLIDAY,21,3015.157894736842,1509.2631578947369
Farrer Park,NE8,WEEKENDS/HOLIDAY,22,1947.7894736842106,1010.2105263157895
Farrer Park,NE8,WEEKENDS/HOLIDAY,23,706.7368421052631,445.89473684210526
Farrer Road,CC20,WEEKDAY,0,0.8292682926829268,7.560975609756097
Farrer Road,CC20,WEEKDAY,5,29.170731707317074,12.146341463414634
Farrer Road,CC20,WEEKDAY,6,159.9512195121951,119.51219512195122
Farrer Road,CC20,WEEKDAY,7,484.1951219512195,391.4634146341463
Farrer Road,CC20,WEEKDAY,8,696.6829268292682,419.5609756097561
Farrer Road,CC20,WEEKDAY,9,431.0243902439024,246.0
Farrer Road,CC20,WEEKDAY,10,234.82926829268294,149.7560975609756
Farrer Road,CC20,WEEKDAY,11,230.390243902439,156.82926829268294
Farrer Road,CC20,WEEKDAY,12,238.82926829268294,191.5121951219512
Farrer Road,CC20,WEEKDAY,13,238.8780487804878,201.7560975609756
Farrer Road,CC20,WEEKDAY,14,213.21951219512195,198.390243902439
Farrer Road,CC20,WEEKDAY,15,197.3658536585366,229.46341463414635
Farrer Road,CC20,WEEKDAY,16,283.8536585365854,308.5365853658537
Farrer Road,CC20,WEEKDAY,17,404.9268292682927,462.6829268292683
Farrer Road,CC20,WEEKDAY,18,483.8048780487805,675.0731707317074
Farrer Road,CC20,WEEKDAY,19,249.41463414634146,492.0487804878049
Farrer Road,CC20,WEEKDAY,20,153.17073170731706,288.0487804878049
Farrer Road,CC20,WEEKDAY,21,118.34146341463415,238.6341463414634
Farrer Road,CC20,WEEKDAY,22,64.09756097560975,167.17073170731706
Farrer Road,CC20,WEEKDAY,23,15.512195121951219,68.29268292682927
Farrer Road,CC20,WEEKENDS/HOLIDAY,0,0.631578947368421,7.2631578947368425
Farrer Road,CC20,WEEKENDS/HOLIDAY,5,10.421052631578947,3.6842105263157894
Farrer Road,CC20,WEEKENDS/HOLIDAY,6,68.42105263157895,49.89473684210526
Farrer Road,CC20,WEEKENDS/HOLIDAY,7,137.89473684210526,162.6315789473684
Farrer Road,CC20,WEEKENDS/HOLIDAY,8,256.7368421052632,220.10526315789474
Farrer Road,CC20,WEEKENDS/HOLIDAY,9,316.3157894736842,218.8421052631579
Farrer Road,CC20,WEEKENDS/HOLIDAY,10,317.2631578947368,208.31578947368422
Farrer Road,CC20,WEEKENDS/HOLIDAY,11,308.3157894736842,222.8421052631579
Farrer Road,CC20,WEEKENDS/HOLIDAY,12,321.57894736842104,209.05263157894737
Farrer Road,CC20,WEEKENDS/HOLIDAY,13,298.63157894736844,230.10526315789474
Farrer Road,CC20,WEEKENDS/HOLIDAY,14,199.3684210526316,215.3684210526316
Farrer Road,CC20,WEEKENDS/HOLIDAY,15,194.31578947368422,232.31578947368422
Farrer Road,CC20,WEEKENDS/HOLIDAY,16,217.57894736842104,248.0
Farrer Road,CC20,WEEKENDS/HOLIDAY,17,283.2631578947368,288.42105263157896
Farrer Road,CC20,WEEKENDS/HOLIDAY,18,250.0,291.1578947368421
Farrer Road,CC20,WEEKENDS/HOLIDAY,19,226.52631578947367,281.36842105263156
Farrer Road,CC20,WEEKENDS/HOLIDAY,20,130.21052631578948,239.68421052631578
Farrer Road,CC20,WEEKENDS/HOLIDAY,21,99.57894736842105,220.42105263157896
Farrer Road,CC20,WEEKENDS/HOLIDAY,22,55.05263157894737,152.42105263157896
Farrer Road,CC20,WEEKENDS/HOLIDAY,23,14.947368421052632,62.10526315789474
Fort Canning,DT20,WEEKDAY,0,8.0,9.902439024390244
Fort Canning,DT20,WEEKDAY,5,4.2439024390243905,0.0
Fort Canning,DT20,WEEKDAY,6,54.146341463414636,216.34146341463415
Fort Canning,DT20,WEEKDAY,7,271.5609756097561,533.219512195122
Fort Canning,DT20,WEEKDAY,8,574.6829268292682,879.0243902439024
Fort Canning,DT20,WEEKDAY,9,404.2926829268293,605.560975609756
Fort Canning,DT20,WEEKDAY,10,231.41463414634146,344.2439024390244
Fort Canning,DT20,WEEKDAY,11,303.0731707317073,268.5365853658537
Fort Canning,DT20,WEEKDAY,12,374.780487804878,296.6829268292683
Fort Canning,DT20,WEEKDAY,13,222.6829268292683,392.9268292682927
Fort Canning,DT20,WEEKDAY,14,203.26829268292684,285.5609756097561
Fort Canning,DT20,WEEKDAY,15,220.6341463414634,247.3170731707317
Fort Canning,DT20,WEEKDAY,16,306.4390243902439,314.5365853658537
Fort Canning,DT20,WEEKDAY,17,673.3170731707318,467.3170731707317
Fort Canning,DT20,WEEKDAY,18,844.780487804878,799.609756097561
Fort Canning,DT20,WEEKDAY,19,540.2439024390244,542.7317073170732
Fort Canning,DT20,WEEKDAY,20,482.390243902439,356.0975609756098
Fort Canning,DT20,WEEKDAY,21,367.8536585365854,281.7560975609756
Fort Canning,DT20,WEEKDAY,22,312.8780487804878,189.17073170731706
Fort Canning,DT20,WEEKDAY,23,165.609756097561,90.78048780487805
Fort Canning,DT20,WEEKENDS/HOLIDAY,0,6.421052631578948,12.0
Fort Canning,DT20,WEEKENDS/HOLIDAY,5,1.5789473684210527,0.0
Fort Canning,DT20,WEEKENDS/HOLIDAY,6,31.157894736842106,106.94736842105263
Fort Canning,DT20,WEEKENDS/HOLIDAY,7,71.6842105263158,269.4736842105263
Fort Canning,DT20,WEEKENDS/HOLIDAY,8,124.94736842105263,248.10526315789474
Fort Canning,DT20,WEEKENDS/HOLIDAY,9,199.26315789473685,308.7368421052632
Fort Canning,DT20,WEEKENDS/HOLIDAY,10,250.8421052631579,367.6842105263158
Fort Canning,DT20,WEEKENDS/HOLIDAY,11,303.2631578947368,346.7368421052632
Fort Canning,DT20,WEEKENDS/HOLIDAY,12,293.7894736842105,323.05263157894734
Fort Canning,DT20,WEEKENDS/HOLIDAY,13,271.36842105263156,311.89473684210526
Fort Canning,DT20,WEEKENDS/HOLIDAY,14,286.8421052631579,316.2105263157895
Fort Canning,DT20,WEEKENDS/HOLIDAY,15,283.36842105263156,316.3157894736842
Fort Canning,DT20,WEEKENDS/HOLIDAY,16,331.2631578947368,317.05263157894734
Fort Canning,DT20,WEEKENDS/HOLIDAY,17,383.36842105263156,365.36842105263156
Fort Canning,DT20,WEEKENDS/HOLIDAY,18,375.2631578947368,353.7894736842105
Fort Canning,DT20,WEEKENDS/HOLIDAY,19,391.36842105263156,324.42105263157896
Fort Canning,DT20,WEEKENDS/HOLIDAY,20,369.57894736842104,344.2105263157895
Fort Canning,DT20,WEEKENDS/HOLIDAY,21,259.6842105263158,306.10526315789474
Fort Canning,DT20,WEEKENDS/HOLIDAY,22,270.42105263157896,200.6315789473684
Fort Canning,DT20,WEEKENDS/HOLIDAY,23,160.6315789473684,95.89473684210526
Gardens by the Bay,TE22,WEEKDAY,0,2.682926829268293,3.073170731707317
Gardens by the Bay,TE22,WEEKDAY,5,1.6585365853658536,0.14634146341463414
Gardens by the Bay,TE22,WEEKDAY,6,6.829268292682927,26.29268292682927
Gardens by the Bay,TE22,WEEKDAY,7,12.829268292682928,73.07317073170732
Gardens by the Bay,TE22,WEEKDAY,8,22.878048780487806,130.0
Gardens by the Bay,TE22,WEEKDAY,9,25.317073170731707,188.34146341463415
Gardens by the Bay,TE22,WEEKDAY,10,39.02439024390244,265.3170731707317
Gardens by the Bay,TE22,WEEKDAY,11,84.04878048780488,264.780487804878
Gardens by the Bay,TE22,WEEKDAY,12,124.39024390243902,242.82926829268294
Gardens by the Bay,TE22,WEEKDAY,13,118.2439024390244,273.2682926829268
Gardens by the Bay,TE22,WEEKDAY,14,133.3658536585366,290.2926829268293
Gardens by the Bay,TE22,WEEKDAY,15,165.02439024390245,303.7560975609756
Gardens by the Bay,TE22,WEEKDAY,16,186.09756097560975,384.1951219512195
Gardens by the Bay,TE22,WEEKDAY,17,223.1219512195122,450.1463414634146
Gardens by the Bay,TE22,WEEKDAY,18,262.1463414634146,546.390243902439
Gardens by the Bay,TE22,WEEKDAY,19,295.1707317073171,435.5121951219512
Gardens by the Bay,TE22,WEEKDAY,20,503.219512195122,201.8048780487805
Gardens by the Bay,TE22,WEEKDAY,21,434.780487804878,59.31707317073171
Gardens by the Bay,TE22,WEEKDAY,22,210.2439024390244,24.195121951219512
Gardens by the Bay,TE22,WEEKDAY,23,73.51219512195122,9.463414634146341
Gardens by the Bay,TE22,WEEKENDS/HOLIDAY,0,1.894736842105263,3.6842105263157894
Gardens by the Bay,TE22,WEEKENDS/HOLIDAY,5,0.3157894736842105,0.10526315789473684
Gardens by the Bay,TE22,WEEKENDS/HOLIDAY,6,8.736842105263158,103.6842105263158
Gardens by the Bay,TE22,WEEKENDS/HOLIDAY,7,25.789473684210527,169.05263157894737
Gardens by the Bay,TE22,WEEKENDS/HOLIDAY,8,89.36842105263158,193.05263157894737
Gardens by the Bay,TE22,WEEKENDS/HOLIDAY,9,241.3684210526316,315.2631578947368
Gardens by the Bay,TE22,WEEKENDS/HOLIDAY,10,218.42105263157896,425.4736842105263
Gardens by the Bay,TE22,WEEKENDS/HOLIDAY,11,173.89473684210526,461.7894736842105
Gardens by the Bay,TE22,WEEKENDS/HOLIDAY,12,201.05263157894737,442.94736842105266
Gardens by the Bay,TE22,WEEKENDS/HOLIDAY,13,200.8421052631579,459.7894736842105
Gardens by the Bay,TE22,WEEKENDS/HOLIDAY,14,234.73684210526315,532.3157894736842
Gardens by the Bay,TE22,WEEKENDS/HOLIDAY,15,251.89473684210526,603.4736842105264
Gardens by the Bay,TE22,WEEKENDS/HOLIDAY,16,315.1578947368421,786.8421052631579
Gardens by the Bay,TE22,WEEKENDS/HOLIDAY,17,391.7894736842105,1033.578947368421
Gardens by the Bay,TE22,WEEKENDS/HOLIDAY,18,459.2631578947368,973.6842105263158
Gardens by the Bay,TE22,WEEKENDS/HOLIDAY,19,714.5263157894736,712.2105263157895
Gardens by the Bay,TE22,WEEKENDS/HOLIDAY,20,1060.9473684210527,297.1578947368421
Gardens by the Bay,TE22,WEEKENDS/HOLIDAY,21,822.2105263157895,91.89473684210526
Gardens by the Bay,TE22,WEEKENDS/HOLIDAY,22,381.7894736842105,48.526315789473685
Gardens by the Bay,TE22,WEEKENDS/HOLIDAY,23,118.52631578947368,25.894736842105264
Geylang Bahru,DT24,WEEKDAY,0,2.3902439024390243,20.4390243902439
Geylang Bahru,DT24,WEEKDAY,5,83.46341463414635,0.14634146341463414
Geylang Bahru,DT24,WEEKDAY,6,300.0975609756098,150.09756097560975
Geylang Bahru,DT24,WEEKDAY,7,676.0,347.5609756097561
Geylang Bahru,DT24,WEEKDAY,8,882.5365853658536,617.2682926829268
Geylang Bahru,DT24,WEEKDAY,9,494.8292682926829,344.4390243902439
Geylang Bahru,DT24,WEEKDAY,10,272.0487804878049,131.7560975609756
Geylang Bahru,DT24,WEEKDAY,11,244.8780487804878,148.0487804878049
Geylang Bahru,DT24,WEEKDAY,12,233.9512195121951,177.3170731707317
Geylang Bahru,DT24,WEEKDAY,13,225.9512195121951,182.53658536585365
Geylang Bahru,DT24,WEEKDAY,14,197.3170731707317,177.7560975609756
Geylang Bahru,DT24,WEEKDAY,15,194.0487804878049,192.97560975609755
Geylang Bahru,DT24,WEEKDAY,16,224.53658536585365,247.85365853658536
Geylang Bahru,DT24,WEEKDAY,17,565.219512195122,455.5609756097561
Geylang Bahru,DT24,WEEKDAY,18,646.1951219512196,797.3658536585366
Geylang Bahru,DT24,WEEKDAY,19,332.2926829268293,514.4878048780488
Geylang Bahru,DT24,WEEKDAY,20,177.02439024390245,356.0
Geylang Bahru,DT24,WEEKDAY,21,126.8780487804878,347.6585365853659
Geylang Bahru,DT24,WEEKDAY,22,84.4390243902439,312.2439024390244
Geylang Bahru,DT24,WEEKDAY,23,35.65853658536585,178.390243902439
Geylang Bahru,DT24,WEEKENDS/HOLIDAY,0,1.6842105263157894,21.57894736842105
Geylang Bahru,DT24,WEEKENDS/HOLIDAY,5,19.263157894736842,0.0
Geylang Bahru,DT24,WEEKENDS/HOLIDAY,6,151.3684210526316,66.10526315789474
Geylang Bahru,DT24,WEEKENDS/HOLIDAY,7,215.57894736842104,109.36842105263158
Geylang Bahru,DT24,WEEKENDS/HOLIDAY,8,249.05263157894737,145.05263157894737
Geylang Bahru,DT24,WEEKENDS/HOLIDAY,9,289.89473684210526,138.8421052631579
Geylang Bahru,DT24,WEEKENDS/HOLIDAY,10,265.4736842105263,129.89473684210526
Geylang Bahru,DT24,WEEKENDS/HOLIDAY,11,254.94736842105263,145.26315789473685
Geylang Bahru,DT24,WEEKENDS/HOLIDAY,12,237.26315789473685,172.10526315789474
Geylang Bahru,DT24,WEEKENDS/HOLIDAY,13,227.57894736842104,193.57894736842104
Geylang Bahru,DT24,WEEKENDS/HOLIDAY,14,211.05263157894737,183.89473684210526
Geylang Bahru,DT24,WEEKENDS/HOLIDAY,15,190.21052631578948,201.68421052631578
Geylang Bahru,DT24,WEEKENDS/HOLIDAY,16,207.47368421052633,214.10526315789474
Geylang Bahru,DT24,WEEKENDS/HOLIDAY,17,229.68421052631578,250.52631578947367
Geylang Bahru,DT24,WEEKENDS/HOLIDAY,18,230.73684210526315,260.2105263157895
Geylang Bahru,DT24,WEEKENDS/HOLIDAY,19,190.10526315789474,250.42105263157896
Geylang Bahru,DT24,WEEKENDS/HOLIDAY,20,131.89473684210526,291.6842105263158
Geylang Bahru,DT24,WEEKENDS/HOLIDAY,21,109.57894736842105,300.8421052631579
Geylang Bahru,DT24,WEEKENDS/HOLIDAY,22,81.57894736842105,300.3157894736842
Geylang Bahru,DT24,WEEKENDS/HOLIDAY,23,37.473684210526315,196.73684210526315
Great World,TE15,WEEKDAY,0,2.7804878048780486,11.024390243902438
Great World,TE15,WEEKDAY,5,7.121951219512195,1.7560975609756098
Great World,TE15,WEEKDAY,6,84.58536585365853,160.58536585365854
Great World,TE15,WEEKDAY,7,403.7073170731707,456.5365853658537
Great World,TE15,WEEKDAY,8,803.7073170731708,773.4634146341464
Great World,TE15,WEEKDAY,9,533.4634146341464,756.780487804878
Great World,TE15,WEEKDAY,10,329.4634146341463,470.5365853658537
Great World,TE15,WEEKDAY,11,354.2439024390244,483.2682926829268
Great World,TE15,WEEKDAY,12,435.7073170731707,619.3658536585366
Great World,TE15,WEEKDAY,13,585.560975609756,510.0
Great World,TE15,WEEKDAY,14,460.5365853658537,439.219512195122
Great World,TE15,WEEKDAY,15,401.2682926829268,461.3170731707317
Great World,TE15,WEEKDAY,16,522.4878048780488,555.9512195121952
Great World,TE15,WEEKDAY,17,726.8780487804878,751.5121951219512
Great World,TE15,WEEKDAY,18,992.4878048780488,1173.219512195122
Great World,TE15,WEEKDAY,19,610.0,760.9268292682926
Great World,TE15,WEEKDAY,20,535.4634146341464,394.2926829268293
Great World,TE15,WEEKDAY,21,562.829268292683,280.2926829268293
Great World,TE15,WEEKDAY,22,389.5609756097561,180.73170731707316
Great World,TE15,WEEKDAY,23,86.0,77.36585365853658
Great World,TE15,WEEKENDS/HOLIDAY,0,3.263157894736842,12.105263157894736
Great World,TE15,WEEKENDS/HOLIDAY,5,2.4210526315789473,0.7368421052631579
Great World,TE15,WEEKENDS/HOLIDAY,6,37.36842105263158,83.36842105263158
Great World,TE15,WEEKENDS/HOLIDAY,7,105.05263157894737,241.05263157894737
Great World,TE15,WEEKENDS/HOLIDAY,8,222.94736842105263,289.4736842105263
Great World,TE15,WEEKENDS/HOLIDAY,9,321.7894736842105,493.57894736842104
Great World,TE15,WEEKENDS/HOLIDAY,10,377.57894736842104,558.1052631578947
Great World,TE15,WEEKENDS/HOLIDAY,11,463.05263157894734,562.7368421052631
Great World,TE15,WEEKENDS/HOLIDAY,12,528.7368421052631,593.2631578947369
Great World,TE15,WEEKENDS/HOLIDAY,13,543.2631578947369,607.3684210526316
Great World,TE15,WEEKENDS/HOLIDAY,14,575.2631578947369,595.8947368421053
Great World,TE15,WEEKENDS/HOLIDAY,15,592.1052631578947,575.578947368421
Great World,TE15,WEEKENDS/HOLIDAY,16,621.6842105263158,567.1578947368421
Great World,TE15,WEEKENDS/HOLIDAY,17,598.421052631579,639.8947368421053
Great World,TE15,WEEKENDS/HOLIDAY,18,585.3684210526316,566.8421052631579
Great World,TE15,WEEKENDS/HOLIDAY,19,559.4736842105264,509.4736842105263
Great World,TE15,WEEKENDS/HOLIDAY,20,494.94736842105266,389.1578947368421
Great World,TE15,WEEKENDS/HOLIDAY,21,535.1578947368421,300.10526315789474
Great World,TE15,WEEKENDS/HOLIDAY,22,385.1578947368421,171.68421052631578
Great World,TE15,WEEKENDS/HOLIDAY,23,97.05263157894737,82.10526315789474
Gul Circle,EW30,WEEKDAY,0,0.0,8.682926829268293
Gul Circle,EW30,WEEKDAY,5,49.707317073170735,74.97560975609755
Gul Circle,EW30,WEEKDAY,6,107.3170731707317,499.1219512195122
Gul Circle,EW30,WEEKDAY,7,175.7560975609756,1641.0243902439024
Gul Circle,EW30,WEEKDAY,8,116.97560975609755,1050.9268292682927
Gul Circle,EW30,WEEKDAY,9,47.707317073170735,203.85365853658536
Gul Circle,EW30,WEEKDAY,10,63.1219512195122,81.07317073170732
Gul Circle,EW30,WEEKDAY,11,95.41463414634147,53.75609756097561
Gul Circle,EW30,WEEKDAY,12,117.95121951219512,65.1219512195122
Gul Circle,EW30,WEEKDAY,13,60.292682926829265,71.60975609756098
Gul Circle,EW30,WEEKDAY,14,96.6829268292683,51.75609756097561
Gul Circle,EW30,WEEKDAY,15,134.29268292682926,32.53658536585366
Gul Circle,EW30,WEEKDAY,16,388.6341463414634,36.53658536585366
Gul Circle,EW30,WEEKDAY,17,1379.7073170731708,95.41463414634147
Gul Circle,EW30,WEEKDAY,18,970.1463414634146,165.26829268292684
Gul Circle,EW30,WEEKDAY,19,573.6585365853658,117.5609756097561
Gul Circle,EW30,WEEKDAY,20,344.7317073170732,77.5609756097561
Gul Circle,EW30,WEEKDAY,21,145.85365853658536,54.09756097560975
Gul Circle,EW30,WEEKDAY,22,76.97560975609755,37.26829268292683
Gul Circle,EW30,WEEKDAY,23,9.951219512195122,22.926829268292682
Gul Circle,EW30,WEEKENDS/HOLIDAY,0,0.0,19.789473684210527
Gul Circle,EW30,WEEKENDS/HOLIDAY,5,36.526315789473685,15.368421052631579
Gul Circle,EW30,WEEKENDS/HOLIDAY,6,102.10526315789474,159.1578947368421
Gul Circle,EW30,WEEKENDS/HOLIDAY,7,152.8421052631579,449.4736842105263
Gul Circle,EW30,WEEKENDS/HOLIDAY,8,118.10526315789474,253.89473684210526
Gul Circle,EW30,WEEKENDS/HOLIDAY,9,96.84210526315789,57.36842105263158
Gul Circle,EW30,WEEKENDS/HOLIDAY,10,96.52631578947368,39.473684210526315
Gul Circle,EW30,WEEKENDS/HOLIDAY,11,101.26315789473684,54.10526315789474
Gul Circle,EW30,WEEKENDS/HOLIDAY,12,138.73684210526315,68.21052631578948
Gul Circle,EW30,WEEKENDS/HOLIDAY,13,120.63157894736842,74.10526315789474
Gul Circle,EW30,WEEKENDS/HOLIDAY,14,123.78947368421052,64.84210526315789
Gul Circle,EW30,WEEKENDS/HOLIDAY,15,147.78947368421052,65.89473684210526
Gul Circle,EW30,WEEKENDS/HOLIDAY,16,326.5263157894737,52.10526315789474
Gul Circle,EW30,WEEKENDS/HOLIDAY,17,368.3157894736842,121.6842105263158
Gul Circle,EW30,WEEKENDS/HOLIDAY,18,247.89473684210526,170.8421052631579
Gul Circle,EW30,WEEKENDS/HOLIDAY,19,209.1578947368421,156.8421052631579
Gul Circle,EW30,WEEKENDS/HOLIDAY,20,137.1578947368421,167.47368421052633
Gul Circle,EW30,WEEKENDS/HOLIDAY,21,60.526315789473685,147.57894736842104
Gul Circle,EW30,WEEKENDS/HOLIDAY,22,48.0,105.89473684210526
Gul Circle,EW30,WEEKENDS/HOLIDAY,23,11.368421052631579,65.6842105263158
HarbourFront,NE1/CC29,WEEKDAY,0,4.536585365853658,16.341463414634145
HarbourFront,NE1/CC29,WEEKDAY,5,98.92682926829268,10.24390243902439
HarbourFront,NE1/CC29,WEEKDAY,6,268.1463414634146,1435.4634146341464
HarbourFront,NE1/CC29,WEEKDAY,7,923.7560975609756,3138.9268292682927
HarbourFront,NE1/CC29,WEEKDAY,8,1398.5853658536585,5643.609756097561
HarbourFront,NE1/CC29,WEEKDAY,9,936.1463414634146,5243.463414634146
HarbourFront,NE1/CC29,WEEKDAY,10,801.7073170731708,3810.2926829268295
HarbourFront,NE1/CC29,WEEKDAY,11,1037.8536585365853,3407.6585365853657
HarbourFront,NE1/CC29,WEEKDAY,12,1567.3658536585365,3547.7073170731705
HarbourFront,NE1/CC29,WEEKDAY,13,2349.317073170732,2716.829268292683
HarbourFront,NE1/CC29,WEEKDAY,14,2068.0,2373.560975609756
HarbourFront,NE1/CC29,WEEKDAY,15,2455.756097560976,2149.4146341463415
HarbourFront,NE1/CC29,WEEKDAY,16,3084.6341463414633,2276.9756097560976
HarbourFront,NE1/CC29,WEEKDAY,17,5180.243902439024,2919.512195121951
HarbourFront,NE1/CC29,WEEKDAY,18,7464.4390243902435,4134.1463414634145
HarbourFront,NE1/CC29,WEEKDAY,19,5256.585365853659,2483.170731707317
HarbourFront,NE1/CC29,WEEKDAY,20,4716.0,1239.1707317073171
HarbourFront,NE1/CC29,WEEKDAY,21,4480.829268292683,869.3658536585366
HarbourFront,NE1/CC29,WEEKDAY,22,3051.512195121951,512.439024390244
HarbourFront,NE1/CC29,WEEKDAY,23,1018.6341463414634,222.53658536585365
HarbourFront,NE1/CC29,WEEKENDS/HOLIDAY,0,10.631578947368421,17.894736842105264
HarbourFront,NE1/CC29,WEEKENDS/HOLIDAY,5,73.57894736842105,2.1052631578947367
HarbourFront,NE1/CC29,WEEKENDS/HOLIDAY,6,242.94736842105263,842.2105263157895
HarbourFront,NE1/CC29,WEEKENDS/HOLIDAY,7,557.7894736842105,1740.6315789473683
HarbourFront,NE1/CC29,WEEKENDS/HOLIDAY,8,732.8421052631579,2071.5789473684213
HarbourFront,NE1/CC29,WEEKENDS/HOLIDAY,9,798.9473684210526,3401.7894736842104
HarbourFront,NE1/CC29,WEEKENDS/HOLIDAY,10,980.2105263157895,4078.0
HarbourFront,NE1/CC29,WEEKENDS/HOLIDAY,11,1248.0,3985.157894736842
HarbourFront,NE1/CC29,WEEKENDS/HOLIDAY,12,1701.157894736842,3898.6315789473683
HarbourFront,NE1/CC29,WEEKENDS/HOLIDAY,13,2090.5263157894738,3885.684210526316
HarbourFront,NE1/CC29,WEEKENDS/HOLIDAY,14,2647.0526315789475,3746.4210526315787
HarbourFront,NE1/CC29,WEEKENDS/HOLIDAY,15,3422.2105263157896,3584.0
HarbourFront,NE1/CC29,WEEKENDS/HOLIDAY,16,3836.4210526315787,3554.6315789473683
HarbourFront,NE1/CC29,WEEKENDS/HOLIDAY,17,4430.526315789473,3440.1052631578946
HarbourFront,NE1/CC29,WEEKENDS/HOLIDAY,18,4512.526315789473,3049.7894736842104
HarbourFront,NE1/CC29,WEEKENDS/HOLIDAY,19,4621.368421052632,2162.5263157894738
HarbourFront,NE1/CC29,WEEKENDS/HOLIDAY,20,5088.736842105263,1377.578947368421
HarbourFront,NE1/CC29,WEEKENDS/HOLIDAY,21,5117.263157894737,936.0
HarbourFront,NE1/CC29,WEEKENDS/HOLIDAY,22,3759.8947368421054,552.5263157894736
HarbourFront,NE1/CC29,WEEKENDS/HOLIDAY,23,1399.2631578947369,252.8421052631579
Havelock,TE16,WEEKDAY,0,3.1219512195121952,17.21951219512195
Havelock,TE16,WEEKDAY,5,15.512195121951219,2.682926829268293
Havelock,TE16,WEEKDAY,6,191.41463414634146,141.21951219512195
Havelock,TE16,WEEKDAY,7,465.4634146341463,345.9024390243902
Havelock,TE16,WEEKDAY,8,687.2682926829268,710.1951219512196
Havelock,TE16,WEEKDAY,9,524.8780487804878,428.5853658536585
Havelock,TE16,WEEKDAY,10,394.2439024390244,242.0
Havelock,TE16,WEEKDAY,11,352.3414634146341,216.53658536585365
Havelock,TE16,WEEKDAY,12,356.4878048780488,242.4878048780488
Havelock,TE16,WEEKDAY,13,271.8536585365854,287.9512195121951
Havelock,TE16,WEEKDAY,14,263.9512195121951,280.3414634146341
Havelock,TE16,WEEKDAY,15,256.1951219512195,253.9512195121951
Havelock,TE16,WEEKDAY,16,338.5365853658537,309.8536585365854
Havelock,TE16,WEEKDAY,17,661.609756097561,460.7317073170732
Havelock,TE16,WEEKDAY,18,1024.2439024390244,725.4146341463414
Havelock,TE16,WEEKDAY,19,459.0243902439024,533.0731707317074
Havelock,TE16,WEEKDAY,20,281.0243902439024,421.9024390243902
Havelock,TE16,WEEKDAY,21,244.4878048780488,432.8780487804878
Havelock,TE16,WEEKDAY,22,209.85365853658536,352.8780487804878
Havelock,TE16,WEEKDAY,23,100.53658536585365,166.34146341463415
Havelock,TE16,WEEKENDS/HOLIDAY,0,3.3684210526315788,19.57894736842105
Havelock,TE16,WEEKENDS/HOLIDAY,5,4.105263157894737,0.5263157894736842
Havelock,TE16,WEEKENDS/HOLIDAY,6,100.94736842105263,98.0
Havelock,TE16,WEEKENDS/HOLIDAY,7,181.26315789473685,175.89473684210526
Havelock,TE16,WEEKENDS/HOLIDAY,8,271.57894736842104,171.57894736842104
Havelock,TE16,WEEKENDS/HOLIDAY,9,393.1578947368421,232.10526315789474
Havelock,TE16,WEEKENDS/HOLIDAY,10,469.7894736842105,259.7894736842105
Havelock,TE16,WEEKENDS/HOLIDAY,11,458.63157894736844,309.2631578947368
Havelock,TE16,WEEKENDS/HOLIDAY,12,413.4736842105263,335.2631578947368
Havelock,TE16,WEEKENDS/HOLIDAY,13,378.10526315789474,316.42105263157896
Havelock,TE16,WEEKENDS/HOLIDAY,14,351.6842105263158,341.4736842105263
Havelock,TE16,WEEKENDS/HOLIDAY,15,365.36842105263156,347.57894736842104
Havelock,TE16,WEEKENDS/HOLIDAY,16,374.7368421052632,346.2105263157895
Havelock,TE16,WEEKENDS/HOLIDAY,17,443.4736842105263,389.05263157894734
Havelock,TE16,WEEKENDS/HOLIDAY,18,443.6842105263158,403.05263157894734
Havelock,TE16,WEEKENDS/HOLIDAY,19,341.57894736842104,368.7368421052632
Havelock,TE16,WEEKENDS/HOLIDAY,20,233.47368421052633,422.10526315789474
Havelock,TE16,WEEKENDS/HOLIDAY,21,205.26315789473685,476.3157894736842
Havelock,TE16,WEEKENDS/HOLIDAY,22,208.52631578947367,377.89473684210526
Havelock,TE16,WEEKENDS/HOLIDAY,23,109.15789473684211,189.26315789473685
Haw Par Villa,CC25,WEEKDAY,0,0.8780487804878049,8.731707317073171
Haw Par Villa,CC25,WEEKDAY,5,48.34146341463415,11.560975609756097
Haw Par Villa,CC25,WEEKDAY,6,216.6829268292683,411.7073170731707
Haw Par Villa,CC25,WEEKDAY,7,496.8780487804878,841.0731707317074
Haw Par Villa,CC25,WEEKDAY,8,589.609756097561,1186.439024390244
Haw Par Villa,CC25,WEEKDAY,9,445.5609756097561,614.6341463414634
Haw Par Villa,CC25,WEEKDAY,10,272.780487804878,212.2439024390244
Haw Par Villa,CC25,WEEKDAY,11,281.9512195121951,138.390243902439
Haw Par Villa,CC25,WEEKDAY,12,266.5853658536585,182.58536585365854
Haw Par Villa,CC25,WEEKDAY,13,222.0487804878049,209.90243902439025
Haw Par Villa,CC25,WEEKDAY,14,226.73170731707316,196.4878048780488
Haw Par Villa,CC25,WEEKDAY,15,236.8780487804878,193.46341463414635
Haw Par Villa,CC25,WEEKDAY,16,399.4146341463415,258.4390243902439
Haw Par Villa,CC25,WEEKDAY,17,1082.9268292682927,368.8780487804878
Haw Par Villa,CC25,WEEKDAY,18,1231.9024390243903,607.8048780487804
Haw Par Villa,CC25,WEEKDAY,19,671.5121951219512,474.3414634146341
Haw Par Villa,CC25,WEEKDAY,20,231.3658536585366,307.7560975609756
Haw Par Villa,CC25,WEEKDAY,21,165.0731707317073,274.780487804878
Haw Par Villa,CC25,WEEKDAY,22,135.3658536585366,206.8780487804878
Haw Par Villa,CC25,WEEKDAY,23,38.34146341463415,79.36585365853658
Haw Par Villa,CC25,WEEKENDS/HOLIDAY,0,1.1578947368421053,8.0
Haw Par Villa,CC25,WEEKENDS/HOLIDAY,5,33.473684210526315,2.736842105263158
Haw Par Villa,CC25,WEEKENDS/HOLIDAY,6,141.05263157894737,220.21052631578948
Haw Par Villa,CC25,WEEKENDS/HOLIDAY,7,228.21052631578948,306.7368421052632
Haw Par Villa,CC25,WEEKENDS/HOLIDAY,8,233.57894736842104,200.42105263157896
Haw Par Villa,CC25,WEEKENDS/HOLIDAY,9,259.6842105263158,201.78947368421052
Haw Par Villa,CC25,WEEKENDS/HOLIDAY,10,298.8421052631579,206.31578947368422
Haw Par Villa,CC25,WEEKENDS/HOLIDAY,11,314.8421052631579,206.31578947368422
Haw Par Villa,CC25,WEEKENDS/HOLIDAY,12,365.1578947368421,250.8421052631579
Haw Par Villa,CC25,WEEKENDS/HOLIDAY,13,330.5263157894737,272.63157894736844
Haw Par Villa,CC25,WEEKENDS/HOLIDAY,14,308.10526315789474,292.42105263157896
Haw Par Villa,CC25,WEEKENDS/HOLIDAY,15,337.4736842105263,262.5263157894737
Haw Par Villa,CC25,WEEKENDS/HOLIDAY,16,364.10526315789474,271.89473684210526
Haw Par Villa,CC25,WEEKENDS/HOLIDAY,17,429.05263157894734,273.2631578947368
Haw Par Villa,CC25,WEEKENDS/HOLIDAY,18,356.5263157894737,331.2631578947368
Haw Par Villa,CC25,WEEKENDS/HOLIDAY,19,395.7894736842105,285.36842105263156
Haw Par Villa,CC25,WEEKENDS/HOLIDAY,20,168.6315789473684,246.8421052631579
Haw Par Villa,CC25,WEEKENDS/HOLIDAY,21,134.94736842105263,272.63157894736844
Haw Par Villa,CC25,WEEKENDS/HOLIDAY,22,119.89473684210526,208.6315789473684
Haw Par Villa,CC25,WEEKENDS/HOLIDAY,23,35.68421052631579,85.57894736842105
Hillview,DT3,WEEKDAY,0,1.6585365853658536,32.24390243902439
Hillview,DT3,WEEKDAY,5,34.926829268292686,1.5121951219512195
Hillview,DT3,WEEKDAY,6,256.2926829268293,94.6829268292683
Hillview,DT3,WEEKDAY,7,847.1219512195122,387.0243902439024
Hillview,DT3,WEEKDAY,8,1351.7073170731708,303.3170731707317
Hillview,DT3,WEEKDAY,9,676.2926829268292,161.5121951219512
Hillview,DT3,WEEKDAY,10,372.0,130.390243902439
Hillview,DT3,WEEKDAY,11,324.0487804878049,129.1219512195122
Hillview,DT3,WEEKDAY,12,317.7560975609756,178.82926829268294
Hillview,DT3,WEEKDAY,13,263.8048780487805,232.0487804878049
Hillview,DT3,WEEKDAY,14,232.4878048780488,222.6341463414634
Hillview,DT3,WEEKDAY,15,309.4146341463415,248.82926829268294
Hillview,DT3,WEEKDAY,16,302.0,315.7073170731707
Hillview,DT3,WEEKDAY,17,450.780487804878,490.0
Hillview,DT3,WEEKDAY,18,481.9512195121951,936.0975609756098
Hillview,DT3,WEEKDAY,19,255.5121951219512,828.9268292682926
Hillview,DT3,WEEKDAY,20,152.09756097560975,496.9756097560976
Hillview,DT3,WEEKDAY,21,122.73170731707317,445.8048780487805
Hillview,DT3,WEEKDAY,22,80.0,365.7073170731707
Hillview,DT3,WEEKDAY,23,20.829268292682926,167.609756097561
Hillview,DT3,WEEKENDS/HOLIDAY,0,1.0526315789473684,32.8421052631579
Hillview,DT3,WEEKENDS/HOLIDAY,5,17.789473684210527,0.9473684210526315
Hillview,DT3,WEEKENDS/HOLIDAY,6,97.89473684210526,69.78947368421052
Hillview,DT3,WEEKENDS/HOLIDAY,7,184.21052631578948,216.94736842105263
Hillview,DT3,WEEKENDS/HOLIDAY,8,358.3157894736842,242.0
Hillview,DT3,WEEKENDS/HOLIDAY,9,459.36842105263156,214.10526315789474
Hillview,DT3,WEEKENDS/HOLIDAY,10,489.57894736842104,174.31578947368422
Hillview,DT3,WEEKENDS/HOLIDAY,11,495.57894736842104,196.6315789473684
Hillview,DT3,WEEKENDS/HOLIDAY,12,475.89473684210526,217.89473684210526
Hillview,DT3,WEEKENDS/HOLIDAY,13,406.42105263157896,263.1578947368421
Hillview,DT3,WEEKENDS/HOLIDAY,14,308.5263157894737,262.10526315789474
Hillview,DT3,WEEKENDS/HOLIDAY,15,308.8421052631579,277.1578947368421
Hillview,DT3,WEEKENDS/HOLIDAY,16,344.63157894736844,311.05263157894734
Hillview,DT3,WEEKENDS/HOLIDAY,17,390.10526315789474,369.57894736842104
Hillview,DT3,WEEKENDS/HOLIDAY,18,337.89473684210526,387.05263157894734
Hillview,DT3,WEEKENDS/HOLIDAY,19,221.89473684210526,356.42105263157896
Hillview,DT3,WEEKENDS/HOLIDAY,20,128.42105263157896,350.7368421052632
Hillview,DT3,WEEKENDS/HOLIDAY,21,107.78947368421052,364.3157894736842
Hillview,DT3,WEEKENDS/HOLIDAY,22,89.57894736842105,290.3157894736842
Hillview,DT3,WEEKENDS/HOLIDAY,23,26.94736842105263,156.10526315789474
Holland Village,CC21,WEEKDAY,0,3.4634146341463414,9.463414634146341
Holland Village,CC21,WEEKDAY,5,56.97560975609756,10.536585365853659
Holland Village,CC21,WEEKDAY,6,168.9268292682927,154.09756097560975
Holland Village,CC21,WEEKDAY,7,470.1951219512195,368.390243902439
Holland Village,CC21,WEEKDAY,8,715.7073170731708,627.2682926829268
Holland Village,CC21,WEEKDAY,9,515.0243902439024,618.439024390244
Holland Village,CC21,WEEKDAY,10,325.3170731707317,518.4878048780488
Holland Village,CC21,WEEKDAY,11,349.609756097561,586.1951219512196
Holland Village,CC21,WEEKDAY,12,483.3170731707317,753.6585365853658
Holland Village,CC21,WEEKDAY,13,751.170731707317,445.7560975609756
Holland Village,CC21,WEEKDAY,14,482.5853658536585,400.1951219512195
Holland Village,CC21,WEEKDAY,15,423.0731707317073,454.1463414634146
Holland Village,CC21,WEEKDAY,16,511.0731707317073,558.7317073170732
Holland Village,CC21,WEEKDAY,17,606.9756097560976,861.9024390243902
Holland Village,CC21,WEEKDAY,18,718.2439024390244,1518.2439024390244
Holland Village,CC21,WEEKDAY,19,671.1219512195122,969.5121951219512
Holland Village,CC21,WEEKDAY,20,664.8780487804878,438.8780487804878
Holland Village,CC21,WEEKDAY,21,741.560975609756,342.2439024390244
Holland Village,CC21,WEEKDAY,22,524.4878048780488,232.4390243902439
Holland Village,CC21,WEEKDAY,23,114.82926829268293,88.78048780487805
Holland Village,CC21,WEEKENDS/HOLIDAY,0,3.789473684210526,10.31578947368421
Holland Village,CC21,WEEKENDS/HOLIDAY,5,24.94736842105263,1.368421052631579
Holland Village,CC21,WEEKENDS/HOLIDAY,6,90.21052631578948,72.94736842105263
Holland Village,CC21,WEEKENDS/HOLIDAY,7,128.73684210526315,208.94736842105263
Holland Village,CC21,WEEKENDS/HOLIDAY,8,218.31578947368422,353.2631578947368
Holland Village,CC21,WEEKENDS/HOLIDAY,9,331.4736842105263,601.578947368421
Holland Village,CC21,WEEKENDS/HOLIDAY,10,373.05263157894734,628.421052631579
Holland Village,CC21,WEEKENDS/HOLIDAY,11,432.10526315789474,590.3157894736842
Holland Village,CC21,WEEKENDS/HOLIDAY,12,512.8421052631579,620.6315789473684
Holland Village,CC21,WEEKENDS/HOLIDAY,13,602.6315789473684,618.0
Holland Village,CC21,WEEKENDS/HOLIDAY,14,586.8421052631579,486.63157894736844
Holland Village,CC21,WEEKENDS/HOLIDAY,15,573.7894736842105,438.94736842105266
Holland Village,CC21,WEEKENDS/HOLIDAY,16,542.3157894736842,473.2631578947368
Holland Village,CC21,WEEKENDS/HOLIDAY,17,554.0,611.7894736842105
Holland Village,CC21,WEEKENDS/HOLIDAY,18,555.8947368421053,646.6315789473684
Holland Village,CC21,WEEKENDS/HOLIDAY,19,530.7368421052631,527.8947368421053
Holland Village,CC21,WEEKENDS/HOLIDAY,20,517.0526315789474,384.3157894736842
Holland Village,CC21,WEEKENDS/HOLIDAY,21,593.4736842105264,300.8421052631579
Holland Village,CC21,WEEKENDS/HOLIDAY,22,471.05263157894734,229.1578947368421
Holland Village,CC21,WEEKENDS/HOLIDAY,23,114.42105263157895,102.10526315789474
Hougang,NE14,WEEKDAY,0,4.829268292682927,122.09756097560975
Hougang,NE14,WEEKDAY,5,364.5853658536585,45.46341463414634
Hougang,NE14,WEEKDAY,6,1738.9268292682927,468.8292682926829
Hougang,NE14,WEEKDAY,7,4194.487804878048,1226.9756097560976
Hougang,NE14,WEEKDAY,8,5344.1463414634145,1042.1463414634147
Hougang,NE14,WEEKDAY,9,2865.121951219512,745.2682926829268
Hougang,NE14,WEEKDAY,10,1805.6097560975609,639.7073170731708
Hougang,NE14,WEEKDAY,11,1518.9268292682927,719.3170731707318
Hougang,NE14,WEEKDAY,12,1473.560975609756,915.4634146341464
Hougang,NE14,WEEKDAY,13,1331.4146341463415,1009.2682926829268
Hougang,NE14,WEEKDAY,14,1104.1951219512196,1036.0
Hougang,NE14,WEEKDAY,15,1012.8780487804878,1159.6097560975609
Hougang,NE14,WEEKDAY,16,1128.439024390244,1537.4634146341464
Hougang,NE14,WEEKDAY,17,1579.3658536585365,2586.9268292682927
Hougang,NE14,WEEKDAY,18,1980.3902439024391,4616.0
Hougang,NE14,WEEKDAY,19,1270.5365853658536,3649.512195121951
Hougang,NE14,WEEKDAY,20,806.5853658536586,2458.731707317073
Hougang,NE14,WEEKDAY,21,635.560975609756,2236.6341463414633
Hougang,NE14,WEEKDAY,22,354.2926829268293,1997.0243902439024
Hougang,NE14,WEEKDAY,23,98.8780487804878,911.219512195122
Hougang,NE14,WEEKENDS/HOLIDAY,0,4.842105263157895,143.57894736842104
Hougang,NE14,WEEKENDS/HOLIDAY,5,106.94736842105263,6.947368421052632
Hougang,NE14,WEEKENDS/HOLIDAY,6,768.8421052631579,196.73684210526315
Hougang,NE14,WEEKENDS/HOLIDAY,7,1135.3684210526317,463.1578947368421
Hougang,NE14,WEEKENDS/HOLIDAY,8,1667.0526315789473,624.8421052631579
Hougang,NE14,WEEKENDS/HOLIDAY,9,2002.6315789473683,713.7894736842105
Hougang,NE14,WEEKENDS/HOLIDAY,10,1928.9473684210527,766.6315789473684
Hougang,NE14,WEEKENDS/HOLIDAY,11,1865.0526315789473,844.6315789473684
Hougang,NE14,WEEKENDS/HOLIDAY,12,1786.3157894736842,1020.1052631578947
Hougang,NE14,WEEKENDS/HOLIDAY,13,1604.842105263158,1195.0526315789473
Hougang,NE14,WEEKENDS/HOLIDAY,14,1367.8947368421052,1202.6315789473683
Hougang,NE14,WEEKENDS/HOLIDAY,15,1282.421052631579,1297.7894736842106
Hougang,NE14,WEEKENDS/HOLIDAY,16,1372.5263157894738,1492.5263157894738
Hougang,NE14,WEEKENDS/HOLIDAY,17,1507.8947368421052,1600.0
Hougang,NE14,WEEKENDS/HOLIDAY,18,1449.8947368421052,1754.0
Hougang,NE14,WEEKENDS/HOLIDAY,19,1002.7368421052631,1742.0
Hougang,NE14,WEEKENDS/HOLIDAY,20,693.8947368421053,1762.9473684210527
Hougang,NE14,WEEKENDS/HOLIDAY,21,539.578947368421,1902.2105263157894
Hougang,NE14,WEEKENDS/HOLIDAY,22,334.63157894736844,1818.5263157894738
Hougang,NE14,WEEKENDS/HOLIDAY,23,102.84210526315789,880.0
Hume,DT4,WEEKDAY,0,0.34146341463414637,15.414634146341463
Hume,DT4,WEEKDAY,5,10.146341463414634,0.0
Hume,DT4,WEEKDAY,6,55.21951219512195,13.902439024390244
Hume,DT4,WEEKDAY,7,250.0,56.146341463414636
Hume,DT4,WEEKDAY,8,380.4390243902439,46.0
Hume,DT4,WEEKDAY,9,208.0,40.97560975609756
Hume,DT4,WEEKDAY,10,123.95121951219512,29.365853658536587
Hume,DT4,WEEKDAY,11,114.78048780487805,40.34146341463415
Hume,DT4,WEEKDAY,12,107.17073170731707,58.146341463414636
Hume,DT4,WEEKDAY,13,85.65853658536585,77.60975609756098
Hume,DT4,WEEKDAY,14,81.02439024390245,83.17073170731707
Hume,DT4,WEEKDAY,15,68.48780487804878,97.1219512195122
Hume,DT4,WEEKDAY,16,87.95121951219512,110.6829268292683
Hume,DT4,WEEKDAY,17,108.04878048780488,173.41463414634146
Hume,DT4,WEEKDAY,18,113.21951219512195,312.780487804878
Hume,DT4,WEEKDAY,19,62.048780487804876,258.9756097560976
Hume,DT4,WEEKDAY,20,31.658536585365855,159.65853658536585
Hume,DT4,WEEKDAY,21,20.829268292682926,138.9268292682927
Hume,DT4,WEEKDAY,22,17.024390243902438,115.60975609756098
Hume,DT4,WEEKDAY,23,4.390243902439025,54.24390243902439
Hume,DT4,WEEKENDS/HOLIDAY,0,0.10526315789473684,12.842105263157896
Hume,DT4,WEEKENDS/HOLIDAY,5,5.473684210526316,0.10526315789473684
Hume,DT4,WEEKENDS/HOLIDAY,6,22.842105263157894,9.473684210526315
Hume,DT4,WEEKENDS/HOLIDAY,7,65.57894736842105,23.473684210526315
Hume,DT4,WEEKENDS/HOLIDAY,8,124.3157894736842,29.57894736842105
Hume,DT4,WEEKENDS/HOLIDAY,9,142.52631578947367,33.473684210526315
Hume,DT4,WEEKENDS/HOLIDAY,10,149.1578947368421,47.36842105263158
Hume,DT4,WEEKENDS/HOLIDAY,11,134.0,61.26315789473684
Hume,DT4,WEEKENDS/HOLIDAY,12,135.57894736842104,75.47368421052632
Hume,DT4,WEEKENDS/HOLIDAY,13,105.05263157894737,94.42105263157895
Hume,DT4,WEEKENDS/HOLIDAY,14,86.21052631578948,89.57894736842105
Hume,DT4,WEEKENDS/HOLIDAY,15,84.21052631578948,101.15789473684211
Hume,DT4,WEEKENDS/HOLIDAY,16,100.52631578947368,99.47368421052632
Hume,DT4,WEEKENDS/HOLIDAY,17,115.78947368421052,119.05263157894737
Hume,DT4,WEEKENDS/HOLIDAY,18,95.36842105263158,127.57894736842105
Hume,DT4,WEEKENDS/HOLIDAY,19,61.36842105263158,123.89473684210526
Hume,DT4,WEEKENDS/HOLIDAY,20,38.526315789473685,124.0
Hume,DT4,WEEKENDS/HOLIDAY,21,23.473684210526315,121.26315789473684
Hume,DT4,WEEKENDS/HOLIDAY,22,18.736842105263158,96.21052631578948
Hume,DT4,WEEKENDS/HOLIDAY,23,6.105263157894737,56.0
Jalan Besar,DT22,WEEKDAY,0,16.0,29.853658536585368
Jalan Besar,DT22,WEEKDAY,5,82.39024390243902,0.04878048780487805
Jalan Besar,DT22,WEEKDAY,6,474.2439024390244,174.8780487804878
Jalan Besar,DT22,WEEKDAY,7,747.7073170731708,408.0
Jalan Besar,DT22,WEEKDAY,8,820.1463414634146,566.5365853658536
Jalan Besar,DT22,WEEKDAY,9,542.1463414634146,518.0487804878048
Jalan Besar,DT22,WEEKDAY,10,434.7317073170732,447.1707317073171
Jalan Besar,DT22,WEEKDAY,11,374.8292682926829,428.2926829268293
Jalan Besar,DT22,WEEKDAY,12,382.5365853658537,460.9268292682927
Jalan Besar,DT22,WEEKDAY,13,398.2926829268293,383.1219512195122
Jalan Besar,DT22,WEEKDAY,14,366.9268292682927,360.3414634146341
Jalan Besar,DT22,WEEKDAY,15,342.6341463414634,402.0
Jalan Besar,DT22,WEEKDAY,16,368.1463414634146,515.0731707317074
Jalan Besar,DT22,WEEKDAY,17,507.0731707317073,797.2682926829268
Jalan Besar,DT22,WEEKDAY,18,730.0,1291.658536585366
Jalan Besar,DT22,WEEKDAY,19,654.0,995.5121951219512
Jalan Besar,DT22,WEEKDAY,20,607.4146341463414,709.1219512195122
Jalan Besar,DT22,WEEKDAY,21,588.2439024390244,526.7317073170732
Jalan Besar,DT22,WEEKDAY,22,466.8292682926829,461.6585365853659
Jalan Besar,DT22,WEEKDAY,23,229.7560975609756,272.9268292682927
Jalan Besar,DT22,WEEKENDS/HOLIDAY,0,25.57894736842105,24.105263157894736
Jalan Besar,DT22,WEEKENDS/HOLIDAY,5,11.789473684210526,0.0
Jalan Besar,DT22,WEEKENDS/HOLIDAY,6,262.94736842105266,181.26315789473685
Jalan Besar,DT22,WEEKENDS/HOLIDAY,7,346.8421052631579,341.36842105263156
Jalan Besar,DT22,WEEKENDS/HOLIDAY,8,364.3157894736842,418.3157894736842
Jalan Besar,DT22,WEEKENDS/HOLIDAY,9,372.42105263157896,639.7894736842105
Jalan Besar,DT22,WEEKENDS/HOLIDAY,10,413.4736842105263,741.2631578947369
Jalan Besar,DT22,WEEKENDS/HOLIDAY,11,440.0,732.0
Jalan Besar,DT22,WEEKENDS/HOLIDAY,12,511.05263157894734,731.3684210526316
Jalan Besar,DT22,WEEKENDS/HOLIDAY,13,545.578947368421,662.3157894736842
Jalan Besar,DT22,WEEKENDS/HOLIDAY,14,570.3157894736842,612.1052631578947
Jalan Besar,DT22,WEEKENDS/HOLIDAY,15,574.6315789473684,623.1578947368421
Jalan Besar,DT22,WEEKENDS/HOLIDAY,16,619.0526315789474,739.7894736842105
Jalan Besar,DT22,WEEKENDS/HOLIDAY,17,644.1052631578947,978.5263157894736
Jalan Besar,DT22,WEEKENDS/HOLIDAY,18,816.7368421052631,1139.4736842105262
Jalan Besar,DT22,WEEKENDS/HOLIDAY,19,982.6315789473684,888.421052631579
Jalan Besar,DT22,WEEKENDS/HOLIDAY,20,1049.8947368421052,674.9473684210526
Jalan Besar,DT22,WEEKENDS/HOLIDAY,21,1035.0526315789473,518.1052631578947
Jalan Besar,DT22,WEEKENDS/HOLIDAY,22,767.3684210526316,424.10526315789474
Jalan Besar,DT22,WEEKENDS/HOLIDAY,23,392.3157894736842,256.7368421052632
Joo Koon,EW29,WEEKDAY,0,0.3902439024390244,14.24390243902439
Joo Koon,EW29,WEEKDAY,5,70.34146341463415,406.2926829268293
Joo Koon,EW29,WEEKDAY,6,491.9024390243902,2453.7073170731705
Joo Koon,EW29,WEEKDAY,7,728.1951219512196,5995.707317073171
Joo Koon,EW29,WEEKDAY,8,558.439024390244,3447.512195121951
Joo Koon,EW29,WEEKDAY,9,178.78048780487805,794.0
Joo Koon,EW29,WEEKDAY,10,188.78048780487805,309.5121951219512
Joo Koon,EW29,WEEKDAY,11,304.2439024390244,309.8048780487805
Joo Koon,EW29,WEEKDAY,12,526.9756097560976,353.0731707317073
Joo Koon,EW29,WEEKDAY,13,414.780487804878,335.5121951219512
Joo Koon,EW29,WEEKDAY,14,417.0243902439024,242.6341463414634
Joo Koon,EW29,WEEKDAY,15,575.4146341463414,228.82926829268294
Joo Koon,EW29,WEEKDAY,16,1326.341463414634,275.8048780487805
Joo Koon,EW29,WEEKDAY,17,4602.487804878048,543.4634146341464
Joo Koon,EW29,WEEKDAY,18,3379.512195121951,754.390243902439
Joo Koon,EW29,WEEKDAY,19,1830.0,713.5121951219512
Joo Koon,EW29,WEEKDAY,20,1413.6097560975609,446.780487804878
Joo Koon,EW29,WEEKDAY,21,539.5121951219512,248.09756097560975
Joo Koon,EW29,WEEKDAY,22,221.0731707317073,181.9512195121951
Joo Koon,EW29,WEEKDAY,23,35.51219512195122,67.5609756097561
Joo Koon,EW29,WEEKENDS/HOLIDAY,0,0.631578947368421,26.736842105263158
Joo Koon,EW29,WEEKENDS/HOLIDAY,5,29.57894736842105,83.6842105263158
Joo Koon,EW29,WEEKENDS/HOLIDAY,6,262.42105263157896,771.6842105263158
Joo Koon,EW29,WEEKENDS/HOLIDAY,7,482.3157894736842,1664.6315789473683
Joo Koon,EW29,WEEKENDS/HOLIDAY,8,488.42105263157896,793.578947368421
Joo Koon,EW29,WEEKENDS/HOLIDAY,9,282.7368421052632,290.63157894736844
Joo Koon,EW29,WEEKENDS/HOLIDAY,10,335.36842105263156,267.57894736842104
Joo Koon,EW29,WEEKENDS/HOLIDAY,11,420.10526315789474,337.1578947368421
Joo Koon,EW29,WEEKENDS/HOLIDAY,12,636.1052631578947,403.6842105263158
Joo Koon,EW29,WEEKENDS/HOLIDAY,13,559.2631578947369,410.0
Joo Koon,EW29,WEEKENDS/HOLIDAY,14,519.578947368421,425.05263157894734
Joo Koon,EW29,WEEKENDS/HOLIDAY,15,611.578947368421,412.5263157894737
Joo Koon,EW29,WEEKENDS/HOLIDAY,16,837.8947368421053,511.89473684210526
Joo Koon,EW29,WEEKENDS/HOLIDAY,17,1472.0,739.2631578947369
Joo Koon,EW29,WEEKENDS/HOLIDAY,18,992.0,870.6315789473684
Joo Koon,EW29,WEEKENDS/HOLIDAY,19,768.2105263157895,935.0526315789474
Joo Koon,EW29,WEEKENDS/HOLIDAY,20,817.2631578947369,861.1578947368421
Joo Koon,EW29,WEEKENDS/HOLIDAY,21,344.94736842105266,633.6842105263158
Joo Koon,EW29,WEEKENDS/HOLIDAY,22,210.94736842105263,398.7368421052632
Joo Koon,EW29,WEEKENDS/HOLIDAY,23,38.73684210526316,146.0
Jurong East,EW24/NS1,WEEKDAY,0,47.5609756097561,133.85365853658536
Jurong East,EW24/NS1,WEEKDAY,5,559.3658536585366,308.0975609756098
Jurong East,EW24/NS1,WEEKDAY,6,1597.0243902439024,3538.487804878049
Jurong East,EW24/NS1,WEEKDAY,7,3183.4634146341464,8499.365853658537
Jurong East,EW24/NS1,WEEKDAY,8,3018.487804878049,8607.512195121952
Jurong East,EW24/NS1,WEEKDAY,9,1811.560975609756,4436.878048780488
Jurong East,EW24/NS1,WEEKDAY,10,1490.0,3051.317073170732
Jurong East,EW24/NS1,WEEKDAY,11,1705.121951219512,3161.317073170732
Jurong East,EW24/NS1,WEEKDAY,12,2296.829268292683,3312.5365853658536
Jurong East,EW24/NS1,WEEKDAY,13,2648.9268292682927,3065.170731707317
Jurong East,EW24/NS1,WEEKDAY,14,2798.048780487805,2721.2195121951218
Jurong East,EW24/NS1,WEEKDAY,15,3130.2926829268295,2655.121951219512
Jurong East,EW24/NS1,WEEKDAY,16,4193.658536585366,3015.6585365853657
Jurong East,EW24/NS1,WEEKDAY,17,9373.756097560976,4977.8536585365855
Jurong East,EW24/NS1,WEEKDAY,18,11430.243902439024,8043.317073170731
Jurong East,EW24/NS1,WEEKDAY,19,6597.951219512195,4902.536585365854
Jurong East,EW24/NS1,WEEKDAY,20,5719.90243902439,2385.121951219512
Jurong East,EW24/NS1,WEEKDAY,21,4864.1463414634145,1522.5853658536585
Jurong East,EW24/NS1,WEEKDAY,22,2458.9756097560976,1176.6829268292684
Jurong East,EW24/NS1,WEEKDAY,23,603.1219512195122,531.8536585365854
Jurong East,EW24/NS1,WEEKENDS/HOLIDAY,0,49.36842105263158,213.57894736842104
Jurong East,EW24/NS1,WEEKENDS/HOLIDAY,5,250.8421052631579,35.05263157894737
Jurong East,EW24/NS1,WEEKENDS/HOLIDAY,6,805.1578947368421,1242.9473684210527
Jurong East,EW24/NS1,WEEKENDS/HOLIDAY,7,1362.3157894736842,1810.9473684210527
Jurong East,EW24/NS1,WEEKENDS/HOLIDAY,8,1584.3157894736842,2042.1052631578948
Jurong East,EW24/NS1,WEEKENDS/HOLIDAY,9,1446.5263157894738,2340.1052631578946
Jurong East,EW24/NS1,WEEKENDS/HOLIDAY,10,1634.3157894736842,3211.157894736842
Jurong East,EW24/NS1,WEEKENDS/HOLIDAY,11,2085.3684210526317,4014.1052631578946
Jurong East,EW24/NS1,WEEKENDS/HOLIDAY,12,2823.8947368421054,4392.105263157895
Jurong East,EW24/NS1,WEEKENDS/HOLIDAY,13,3484.9473684210525,4213.473684210527
Jurong East,EW24/NS1,WEEKENDS/HOLIDAY,14,3815.3684210526317,3735.4736842105262
Jurong East,EW24/NS1,WEEKENDS/HOLIDAY,15,4172.526315789473,3576.842105263158
Jurong East,EW24/NS1,WEEKENDS/HOLIDAY,16,4395.894736842105,3678.0
Jurong East,EW24/NS1,WEEKENDS/HOLIDAY,17,4830.105263157895,4489.1578947368425
Jurong East,EW24/NS1,WEEKENDS/HOLIDAY,18,4681.578947368421,4693.0526315789475
Jurong East,EW24/NS1,WEEKENDS/HOLIDAY,19,4716.421052631579,3569.4736842105262
Jurong East,EW24/NS1,WEEKENDS/HOLIDAY,20,4936.421052631579,2468.5263157894738
Jurong East,EW24/NS1,WEEKENDS/HOLIDAY,21,4578.210526315789,1725.3684210526317
Jurong East,EW24/NS1,WEEKENDS/HOLIDAY,22,2574.9473684210525,1364.5263157894738
Jurong East,EW24/NS1,WEEKENDS/HOLIDAY,23,645.4736842105264,706.3157894736842
Kaki Bukit,DT28,WEEKDAY,0,2.1463414634146343,42.24390243902439
Kaki Bukit,DT28,WEEKDAY,5,92.04878048780488,15.268292682926829
Kaki Bukit,DT28,WEEKDAY,6,671.6585365853658,401.2682926829268
Kaki Bukit,DT28,WEEKDAY,7,1482.0,1262.5853658536585
Kaki Bukit,DT28,WEEKDAY,8,1498.5365853658536,1848.2926829268292
Kaki Bukit,DT28,WEEKDAY,9,802.6829268292682,720.2926829268292
Kaki Bukit,DT28,WEEKDAY,10,472.8780487804878,259.7560975609756
Kaki Bukit,DT28,WEEKDAY,11,421.0243902439024,203.7560975609756
Kaki Bukit,DT28,WEEKDAY,12,426.0487804878049,261.2682926829268
Kaki Bukit,DT28,WEEKDAY,13,339.9024390243902,316.780487804878
Kaki Bukit,DT28,WEEKDAY,14,290.6341463414634,287.8536585365854
Kaki Bukit,DT28,WEEKDAY,15,344.6341463414634,294.8292682926829
Kaki Bukit,DT28,WEEKDAY,16,441.3658536585366,366.2439024390244
Kaki Bukit,DT28,WEEKDAY,17,1457.658536585366,665.8048780487804
Kaki Bukit,DT28,WEEKDAY,18,1896.6829268292684,1269.219512195122
Kaki Bukit,DT28,WEEKDAY,19,756.2926829268292,1082.6341463414635
Kaki Bukit,DT28,WEEKDAY,20,354.1463414634146,727.5121951219512
Kaki Bukit,DT28,WEEKDAY,21,212.78048780487805,705.4634146341464
Kaki Bukit,DT28,WEEKDAY,22,150.0,597.7560975609756
Kaki Bukit,DT28,WEEKDAY,23,60.926829268292686,309.8536585365854
Kaki Bukit,DT28,WEEKENDS/HOLIDAY,0,2.9473684210526314,61.1578947368421
Kaki Bukit,DT28,WEEKENDS/HOLIDAY,5,47.36842105263158,1.368421052631579
Kaki Bukit,DT28,WEEKENDS/HOLIDAY,6,339.36842105263156,147.89473684210526
Kaki Bukit,DT28,WEEKENDS/HOLIDAY,7,609.578947368421,300.5263157894737
Kaki Bukit,DT28,WEEKENDS/HOLIDAY,8,566.2105263157895,292.8421052631579
Kaki Bukit,DT28,WEEKENDS/HOLIDAY,9,540.6315789473684,229.05263157894737
Kaki Bukit,DT28,WEEKENDS/HOLIDAY,10,558.7368421052631,196.8421052631579
Kaki Bukit,DT28,WEEKENDS/HOLIDAY,11,548.3157894736842,222.73684210526315
Kaki Bukit,DT28,WEEKENDS/HOLIDAY,12,517.6842105263158,300.0
Kaki Bukit,DT28,WEEKENDS/HOLIDAY,13,488.63157894736844,351.89473684210526
Kaki Bukit,DT28,WEEKENDS/HOLIDAY,14,420.5263157894737,365.36842105263156
Kaki Bukit,DT28,WEEKENDS/HOLIDAY,15,432.94736842105266,376.0
Kaki Bukit,DT28,WEEKENDS/HOLIDAY,16,512.9473684210526,414.2105263157895
Kaki Bukit,DT28,WEEKENDS/HOLIDAY,17,704.0,533.0526315789474
Kaki Bukit,DT28,WEEKENDS/HOLIDAY,18,637.6842105263158,645.6842105263158
Kaki Bukit,DT28,WEEKENDS/HOLIDAY,19,441.2631578947368,692.0
Kaki Bukit,DT28,WEEKENDS/HOLIDAY,20,258.5263157894737,796.2105263157895
Kaki Bukit,DT28,WEEKENDS/HOLIDAY,21,167.05263157894737,813.2631578947369
Kaki Bukit,DT28,WEEKENDS/HOLIDAY,22,130.31578947368422,686.2105263157895
Kaki Bukit,DT28,WEEKENDS/HOLIDAY,23,52.94736842105263,395.05263157894734
Kallang,EW10,WEEKDAY,0,5.317073170731708,22.926829268292682
Kallang,EW10,WEEKDAY,5,156.14634146341464,18.829268292682926
Kallang,EW10,WEEKDAY,6,939.4634146341464,189.21951219512195
Kallang,EW10,WEEKDAY,7,1395.8048780487804,440.390243902439
Kallang,EW10,WEEKDAY,8,1631.5121951219512,698.0487804878048
Kallang,EW10,WEEKDAY,9,914.1951219512196,476.8292682926829
Kallang,EW10,WEEKDAY,10,538.0487804878048,305.1707317073171
Kallang,EW10,WEEKDAY,11,476.390243902439,274.6341463414634
Kallang,EW10,WEEKDAY,12,423.2682926829268,339.4146341463415
Kallang,EW10,WEEKDAY,13,405.7073170731707,387.0243902439024
Kallang,EW10,WEEKDAY,14,348.9756097560976,389.8536585365854
Kallang,EW10,WEEKDAY,15,343.5609756097561,408.4878048780488
Kallang,EW10,WEEKDAY,16,414.6829268292683,533.5121951219512
Kallang,EW10,WEEKDAY,17,765.2682926829268,919.4634146341464
Kallang,EW10,WEEKDAY,18,955.8048780487804,1742.6341463414635
Kallang,EW10,WEEKDAY,19,560.439024390244,1439.2682926829268
Kallang,EW10,WEEKDAY,20,372.4390243902439,964.390243902439
Kallang,EW10,WEEKDAY,21,331.7560975609756,918.4878048780488
Kallang,EW10,WEEKDAY,22,240.4878048780488,684.5365853658536
Kallang,EW10,WEEKDAY,23,107.95121951219512,326.3414634146341
Kallang,EW10,WEEKENDS/HOLIDAY,0,3.3684210526315788,28.526315789473685
Kallang,EW10,WEEKENDS/HOLIDAY,5,30.842105263157894,7.684210526315789
Kallang,EW10,WEEKENDS/HOLIDAY,6,498.3157894736842,123.47368421052632
Kallang,EW10,WEEKENDS/HOLIDAY,7,606.1052631578947,257.36842105263156
Kallang,EW10,WEEKENDS/HOLIDAY,8,614.5263157894736,397.7894736842105
Kallang,EW10,WEEKENDS/HOLIDAY,9,674.5263157894736,535.7894736842105
Kallang,EW10,WEEKENDS/HOLIDAY,10,666.8421052631579,633.1578947368421
Kallang,EW10,WEEKENDS/HOLIDAY,11,678.3157894736842,662.6315789473684
Kallang,EW10,WEEKENDS/HOLIDAY,12,655.1578947368421,745.1578947368421
Kallang,EW10,WEEKENDS/HOLIDAY,13,680.3157894736842,804.9473684210526
Kallang,EW10,WEEKENDS/HOLIDAY,14,658.7368421052631,779.2631578947369
Kallang,EW10,WEEKENDS/HOLIDAY,15,694.421052631579,776.0
Kallang,EW10,WEEKENDS/HOLIDAY,16,807.3684210526316,823.3684210526316
Kallang,EW10,WEEKENDS/HOLIDAY,17,947.3684210526316,989.3684210526316
Kallang,EW10,WEEKENDS/HOLIDAY,18,930.2105263157895,1029.3684210526317
Kallang,EW10,WEEKENDS/HOLIDAY,19,875.8947368421053,944.6315789473684
Kallang,EW10,WEEKENDS/HOLIDAY,20,596.7368421052631,857.8947368421053
Kallang,EW10,WEEKENDS/HOLIDAY,21,484.3157894736842,842.5263157894736
Kallang,EW10,WEEKENDS/HOLIDAY,22,354.5263157894737,707.7894736842105
Kallang,EW10,WEEKENDS/HOLIDAY,23,156.0,370.63157894736844
Katong Park,TE24,WEEKDAY,0,1.6585365853658536,7.951219512195122
Katong Park,TE24,WEEKDAY,5,8.195121951219512,0.2926829268292683
Katong Park,TE24,WEEKDAY,6,58.8780487804878,31.170731707317074
Katong Park,TE24,WEEKDAY,7,185.17073170731706,119.41463414634147
Katong Park,TE24,WEEKDAY,8,368.9268292682927,132.8780487804878
Katong Park,TE24,WEEKDAY,9,259.5609756097561,91.8048780487805
Katong Park,TE24,WEEKDAY,10,169.85365853658536,71.21951219512195
Katong Park,TE24,WEEKDAY,11,149.609756097561,86.58536585365853
Katong Park,TE24,WEEKDAY,12,151.02439024390245,117.36585365853658
Katong Park,TE24,WEEKDAY,13,128.0487804878049,127.3170731707317
Katong Park,TE24,WEEKDAY,14,108.53658536585365,132.390243902439
Katong Park,TE24,WEEKDAY,15,116.0,145.8048780487805
Katong Park,TE24,WEEKDAY,16,149.41463414634146,174.78048780487805
Katong Park,TE24,WEEKDAY,17,206.97560975609755,233.1219512195122
Katong Park,TE24,WEEKDAY,18,224.0,386.6341463414634
Katong Park,TE24,WEEKDAY,19,143.8048780487805,304.0487804878049
Katong Park,TE24,WEEKDAY,20,79.7560975609756,191.1219512195122
Katong Park,TE24,WEEKDAY,21,52.73170731707317,158.29268292682926
Katong Park,TE24,WEEKDAY,22,34.390243902439025,95.02439024390245
Katong Park,TE24,WEEKDAY,23,18.24390243902439,48.390243902439025
Katong Park,TE24,WEEKENDS/HOLIDAY,0,1.6842105263157894,10.0
Katong Park,TE24,WEEKENDS/HOLIDAY,5,0.7368421052631579,0.0
Katong Park,TE24,WEEKENDS/HOLIDAY,6,28.42105263157895,22.105263157894736
Katong Park,TE24,WEEKENDS/HOLIDAY,7,76.84210526315789,50.73684210526316
Katong Park,TE24,WEEKENDS/HOLIDAY,8,136.10526315789474,73.57894736842105
Katong Park,TE24,WEEKENDS/HOLIDAY,9,191.26315789473685,79.36842105263158
Katong Park,TE24,WEEKENDS/HOLIDAY,10,208.0,93.57894736842105
Katong Park,TE24,WEEKENDS/HOLIDAY,11,199.68421052631578,106.84210526315789
Katong Park,TE24,WEEKENDS/HOLIDAY,12,176.10526315789474,133.47368421052633
Katong Park,TE24,WEEKENDS/HOLIDAY,13,149.57894736842104,139.89473684210526
Katong Park,TE24,WEEKENDS/HOLIDAY,14,126.84210526315789,148.21052631578948
Katong Park,TE24,WEEKENDS/HOLIDAY,15,124.52631578947368,157.89473684210526
Katong Park,TE24,WEEKENDS/HOLIDAY,16,156.0,181.3684210526316
Katong Park,TE24,WEEKENDS/HOLIDAY,17,172.8421052631579,182.6315789473684
Katong Park,TE24,WEEKENDS/HOLIDAY,18,171.57894736842104,214.42105263157896
Katong Park,TE24,WEEKENDS/HOLIDAY,19,131.1578947368421,194.42105263157896
Katong Park,TE24,WEEKENDS/HOLIDAY,20,78.84210526315789,185.57894736842104
Katong Park,TE24,WEEKENDS/HOLIDAY,21,51.68421052631579,156.0
Katong Park,TE24,WEEKENDS/HOLIDAY,22,38.526315789473685,98.73684210526316
Katong Park,TE24,WEEKENDS/HOLIDAY,23,25.05263157894737,50.63157894736842
Kembangan,EW6,WEEKDAY,0,3.6097560975609757,40.146341463414636
Kembangan,EW6,WEEKDAY,5,57.1219512195122,11.268292682926829
Kembangan,EW6,WEEKDAY,6,444.390243902439,184.9268292682927
Kembangan,EW6,WEEKDAY,7,1131.2682926829268,592.1951219512196
Kembangan,EW6,WEEKDAY,8,1804.9756097560976,890.9268292682926
Kembangan,EW6,WEEKDAY,9,1011.0731707317074,490.5853658536585
Kembangan,EW6,WEEKDAY,10,581.4634146341464,308.9756097560976
Kembangan,EW6,WEEKDAY,11,561.2682926829268,300.3414634146341
Kembangan,EW6,WEEKDAY,12,505.4634146341463,425.3658536585366
Kembangan,EW6,WEEKDAY,13,457.9024390243902,480.0487804878049
Kembangan,EW6,WEEKDAY,14,403.8536585365854,448.7317073170732
Kembangan,EW6,WEEKDAY,15,354.390243902439,477.1707317073171
Kembangan,EW6,WEEKDAY,16,415.219512195122,597.3170731707318
Kembangan,EW6,WEEKDAY,17,707.1219512195122,911.0731707317074
Kembangan,EW6,WEEKDAY,18,855.3170731707318,1727.560975609756
Kembangan,EW6,WEEKDAY,19,463.6585365853659,1404.439024390244
Kembangan,EW6,WEEKDAY,20,272.0,906.2439024390244
Kembangan,EW6,WEEKDAY,21,243.609756097561,847.0243902439024
Kembangan,EW6,WEEKDAY,22,147.9512195121951,639.170731707317
Kembangan,EW6,WEEKDAY,23,59.5609756097561,312.390243902439
Kembangan,EW6,WEEKENDS/HOLIDAY,0,3.1578947368421053,38.63157894736842
Kembangan,EW6,WEEKENDS/HOLIDAY,5,18.63157894736842,2.3157894736842106
Kembangan,EW6,WEEKENDS/HOLIDAY,6,191.57894736842104,72.73684210526316
Kembangan,EW6,WEEKENDS/HOLIDAY,7,380.3157894736842,231.05263157894737
Kembangan,EW6,WEEKENDS/HOLIDAY,8,574.6315789473684,347.2631578947368
Kembangan,EW6,WEEKENDS/HOLIDAY,9,714.6315789473684,354.63157894736844
Kembangan,EW6,WEEKENDS/HOLIDAY,10,709.6842105263158,434.10526315789474
Kembangan,EW6,WEEKENDS/HOLIDAY,11,699.7894736842105,434.7368421052632
Kembangan,EW6,WEEKENDS/HOLIDAY,12,684.8421052631579,466.94736842105266
Kembangan,EW6,WEEKENDS/HOLIDAY,13,606.0,520.0
Kembangan,EW6,WEEKENDS/HOLIDAY,14,498.2105263157895,507.36842105263156
Kembangan,EW6,WEEKENDS/HOLIDAY,15,466.63157894736844,533.0526315789474
Kembangan,EW6,WEEKENDS/HOLIDAY,16,541.8947368421053,614.6315789473684
Kembangan,EW6,WEEKENDS/HOLIDAY,17,607.4736842105264,747.1578947368421
Kembangan,EW6,WEEKENDS/HOLIDAY,18,580.8421052631579,798.6315789473684
Kembangan,EW6,WEEKENDS/HOLIDAY,19,429.7894736842105,743.4736842105264
Kembangan,EW6,WEEKENDS/HOLIDAY,20,278.8421052631579,694.6315789473684
Kembangan,EW6,WEEKENDS/HOLIDAY,21,211.57894736842104,698.8421052631579
Kembangan,EW6,WEEKENDS/HOLIDAY,22,130.0,570.9473684210526
Kembangan,EW6,WEEKENDS/HOLIDAY,23,60.73684210526316,305.57894736842104
Kent Ridge,CC24,WEEKDAY,0,2.097560975609756,2.341463414634146
Kent Ridge,CC24,WEEKDAY,5,9.21951219512195,28.341463414634145
Kent Ridge,CC24,WEEKDAY,6,45.5609756097561,1011.9024390243902
Kent Ridge,CC24,WEEKDAY,7,296.5365853658537,2748.0975609756097
Kent Ridge,CC24,WEEKDAY,8,527.3170731707318,5079.024390243902
Kent Ridge,CC24,WEEKDAY,9,495.5121951219512,3627.317073170732
Kent Ridge,CC24,WEEKDAY,10,654.2926829268292,1516.8292682926829
Kent Ridge,CC24,WEEKDAY,11,957.609756097561,1164.2439024390244
Kent Ridge,CC24,WEEKDAY,12,1110.341463414634,1149.3170731707316
Kent Ridge,CC24,WEEKDAY,13,960.9756097560976,1225.2682926829268
Kent Ridge,CC24,WEEKDAY,14,870.0487804878048,938.9756097560976
Kent Ridge,CC24,WEEKDAY,15,1244.3902439024391,656.2439024390244
Kent Ridge,CC24,WEEKDAY,16,1951.8536585365853,440.9268292682927
Kent Ridge,CC24,WEEKDAY,17,4494.048780487805,535.0243902439024
Kent Ridge,CC24,WEEKDAY,18,4667.073170731707,898.7317073170732
Kent Ridge,CC24,WEEKDAY,19,2039.658536585366,506.9756097560976
Kent Ridge,CC24,WEEKDAY,20,1182.7317073170732,239.3658536585366
Kent Ridge,CC24,WEEKDAY,21,831.5121951219512,156.78048780487805
Kent Ridge,CC24,WEEKDAY,22,383.9512195121951,117.3170731707317
Kent Ridge,CC24,WEEKDAY,23,74.39024390243902,45.51219512195122
Kent Ridge,CC24,WEEKENDS/HOLIDAY,0,2.3157894736842106,3.473684210526316
Kent Ridge,CC24,WEEKENDS/HOLIDAY,5,5.368421052631579,3.6842105263157894
Kent Ridge,CC24,WEEKENDS/HOLIDAY,6,24.105263157894736,372.5263157894737
Kent Ridge,CC24,WEEKENDS/HOLIDAY,7,174.31578947368422,407.89473684210526
Kent Ridge,CC24,WEEKENDS/HOLIDAY,8,182.52631578947367,502.94736842105266
Kent Ridge,CC24,WEEKENDS/HOLIDAY,9,157.26315789473685,406.7368421052632
Kent Ridge,CC24,WEEKENDS/HOLIDAY,10,207.57894736842104,390.5263157894737
Kent Ridge,CC24,WEEKENDS/HOLIDAY,11,309.6842105263158,534.9473684210526
Kent Ridge,CC24,WEEKENDS/HOLIDAY,12,397.4736842105263,652.7368421052631
Kent Ridge,CC24,WEEKENDS/HOLIDAY,13,480.8421052631579,523.6842105263158
Kent Ridge,CC24,WEEKENDS/HOLIDAY,14,552.5263157894736,468.7368421052632
Kent Ridge,CC24,WEEKENDS/HOLIDAY,15,641.7894736842105,420.8421052631579
Kent Ridge,CC24,WEEKENDS/HOLIDAY,16,627.8947368421053,358.94736842105266
Kent Ridge,CC24,WEEKENDS/HOLIDAY,17,674.5263157894736,365.6842105263158
Kent Ridge,CC24,WEEKENDS/HOLIDAY,18,554.0,374.8421052631579
Kent Ridge,CC24,WEEKENDS/HOLIDAY,19,492.0,282.42105263157896
Kent Ridge,CC24,WEEKENDS/HOLIDAY,20,520.9473684210526,193.78947368421052
Kent Ridge,CC24,WEEKENDS/HOLIDAY,21,419.6842105263158,167.68421052631578
Kent Ridge,CC24,WEEKENDS/HOLIDAY,22,193.78947368421052,113.47368421052632
Kent Ridge,CC24,WEEKENDS/HOLIDAY,23,32.63157894736842,42.63157894736842
Khatib,NS14,WEEKDAY,0,50.0,253.46341463414635
Khatib,NS14,WEEKDAY,5,758.0487804878048,142.09756097560975
Khatib,NS14,WEEKDAY,6,2621.2195121951218,646.0487804878048
Khatib,NS14,WEEKDAY,7,5510.048780487805,1407.6097560975609
Khatib,NS14,WEEKDAY,8,5655.414634146341,1451.7073170731708
Khatib,NS14,WEEKDAY,9,2975.560975609756,973.6585365853658
Khatib,NS14,WEEKDAY,10,1812.3902439024391,783.1219512195122
Khatib,NS14,WEEKDAY,11,1468.1951219512196,791.8536585365854
Khatib,NS14,WEEKDAY,12,1370.0975609756097,904.7317073170732
Khatib,NS14,WEEKDAY,13,1209.121951219512,985.8536585365854
Khatib,NS14,WEEKDAY,14,1076.9756097560976,980.6341463414634
Khatib,NS14,WEEKDAY,15,1077.0243902439024,1096.5365853658536
Khatib,NS14,WEEKDAY,16,1285.9512195121952,1527.219512195122
Khatib,NS14,WEEKDAY,17,1930.0,2772.7804878048782
Khatib,NS14,WEEKDAY,18,2338.5853658536585,5148.780487804878
Khatib,NS14,WEEKDAY,19,1410.6829268292684,3749.560975609756
Khatib,NS14,WEEKDAY,20,906.3414634146342,2470.048780487805
Khatib,NS14,WEEKDAY,21,955.5121951219512,2245.951219512195
Khatib,NS14,WEEKDAY,22,727.8048780487804,2080.1951219512193
Khatib,NS14,WEEKDAY,23,344.2439024390244,1079.0731707317073
Khatib,NS14,WEEKENDS/HOLIDAY,0,52.0,244.42105263157896
Khatib,NS14,WEEKENDS/HOLIDAY,5,325.6842105263158,62.73684210526316
Khatib,NS14,WEEKENDS/HOLIDAY,6,978.8421052631579,314.3157894736842
Khatib,NS14,WEEKENDS/HOLIDAY,7,1498.2105263157894,588.3157894736842
Khatib,NS14,WEEKENDS/HOLIDAY,8,1915.4736842105262,888.7368421052631
Khatib,NS14,WEEKENDS/HOLIDAY,9,2184.315789473684,1004.0
Khatib,NS14,WEEKENDS/HOLIDAY,10,1878.0,1017.7894736842105
Khatib,NS14,WEEKENDS/HOLIDAY,11,1658.3157894736842,976.7368421052631
Khatib,NS14,WEEKENDS/HOLIDAY,12,1652.1052631578948,1120.6315789473683
Khatib,NS14,WEEKENDS/HOLIDAY,13,1454.9473684210527,1194.421052631579
Khatib,NS14,WEEKENDS/HOLIDAY,14,1378.1052631578948,1177.4736842105262
Khatib,NS14,WEEKENDS/HOLIDAY,15,1434.0,1204.9473684210527
Khatib,NS14,WEEKENDS/HOLIDAY,16,1552.421052631579,1313.7894736842106
Khatib,NS14,WEEKENDS/HOLIDAY,17,1644.9473684210527,1524.0
Khatib,NS14,WEEKENDS/HOLIDAY,18,1514.3157894736842,1777.578947368421
Khatib,NS14,WEEKENDS/HOLIDAY,19,1078.6315789473683,1711.8947368421052
Khatib,NS14,WEEKENDS/HOLIDAY,20,806.1052631578947,1715.3684210526317
Khatib,NS14,WEEKENDS/HOLIDAY,21,844.9473684210526,1886.5263157894738
Khatib,NS14,WEEKENDS/HOLIDAY,22,792.5263157894736,1855.0526315789473
Khatib,NS14,WEEKENDS/HOLIDAY,23,362.94736842105266,1149.8947368421052
King Albert Park,DT6,WEEKDAY,0,1.6097560975609757,15.75609756097561
King Albert Park,DT6,WEEKDAY,5,12.390243902439025,8.487804878048781
King Albert Park,DT6,WEEKDAY,6,106.78048780487805,142.2439024390244
King Albert Park,DT6,WEEKDAY,7,438.0,694.439024390244
King Albert Park,DT6,WEEKDAY,8,723.8536585365854,729.7560975609756
King Albert Park,DT6,WEEKDAY,9,424.9268292682927,329.7073170731707
King Albert Park,DT6,WEEKDAY,10,289.7073170731707,228.9268292682927
King Albert Park,DT6,WEEKDAY,11,351.9024390243902,230.29268292682926
King Albert Park,DT6,WEEKDAY,12,373.2682926829268,278.6341463414634
King Albert Park,DT6,WEEKDAY,13,308.780487804878,285.8536585365854
King Albert Park,DT6,WEEKDAY,14,282.0487804878049,248.97560975609755
King Albert Park,DT6,WEEKDAY,15,341.9024390243902,258.0
King Albert Park,DT6,WEEKDAY,16,472.1463414634146,257.8536585365854
King Albert Park,DT6,WEEKDAY,17,790.780487804878,421.7560975609756
King Albert Park,DT6,WEEKDAY,18,790.4878048780488,652.1463414634146
King Albert Park,DT6,WEEKDAY,19,352.2926829268293,462.5365853658537
King Albert Park,DT6,WEEKDAY,20,210.4390243902439,283.7560975609756
King Albert Park,DT6,WEEKDAY,21,148.29268292682926,257.9512195121951
King Albert Park,DT6,WEEKDAY,22,96.92682926829268,218.9268292682927
King Albert Park,DT6,WEEKDAY,23,21.21951219512195,104.8780487804878
King Albert Park,DT6,WEEKENDS/HOLIDAY,0,1.368421052631579,17.57894736842105
King Albert Park,DT6,WEEKENDS/HOLIDAY,5,3.5789473684210527,1.5789473684210527
King Albert Park,DT6,WEEKENDS/HOLIDAY,6,46.21052631578947,49.26315789473684
King Albert Park,DT6,WEEKENDS/HOLIDAY,7,128.52631578947367,212.42105263157896
King Albert Park,DT6,WEEKENDS/HOLIDAY,8,249.47368421052633,216.0
King Albert Park,DT6,WEEKENDS/HOLIDAY,9,334.8421052631579,167.47368421052633
King Albert Park,DT6,WEEKENDS/HOLIDAY,10,337.2631578947368,176.10526315789474
King Albert Park,DT6,WEEKENDS/HOLIDAY,11,366.8421052631579,177.3684210526316
King Albert Park,DT6,WEEKENDS/HOLIDAY,12,379.05263157894734,193.1578947368421
King Albert Park,DT6,WEEKENDS/HOLIDAY,13,284.3157894736842,239.57894736842104
King Albert Park,DT6,WEEKENDS/HOLIDAY,14,246.52631578947367,217.78947368421052
King Albert Park,DT6,WEEKENDS/HOLIDAY,15,242.42105263157896,225.05263157894737
King Albert Park,DT6,WEEKENDS/HOLIDAY,16,292.94736842105266,254.0
King Albert Park,DT6,WEEKENDS/HOLIDAY,17,336.94736842105266,276.63157894736844
King Albert Park,DT6,WEEKENDS/HOLIDAY,18,280.94736842105266,289.4736842105263
King Albert Park,DT6,WEEKENDS/HOLIDAY,19,178.94736842105263,273.6842105263158
King Albert Park,DT6,WEEKENDS/HOLIDAY,20,116.21052631578948,252.0
King Albert Park,DT6,WEEKENDS/HOLIDAY,21,78.73684210526316,243.78947368421052
King Albert Park,DT6,WEEKENDS/HOLIDAY,22,60.73684210526316,201.3684210526316
King Albert Park,DT6,WEEKENDS/HOLIDAY,23,22.210526315789473,109.57894736842105
Kovan,NE13,WEEKDAY,0,9.268292682926829,82.39024390243902
Kovan,NE13,WEEKDAY,5,178.73170731707316,25.658536585365855
Kovan,NE13,WEEKDAY,6,798.829268292683,388.4390243902439
Kovan,NE13,WEEKDAY,7,1943.6097560975609,889.5121951219512
Kovan,NE13,WEEKDAY,8,2805.0731707317073,1200.6829268292684
Kovan,NE13,WEEKDAY,9,1724.0487804878048,927.609756097561
Kovan,NE13,WEEKDAY,10,1179.7560975609756,771.0731707317074
Kovan,NE13,WEEKDAY,11,1115.5121951219512,735.7073170731708
Kovan,NE13,WEEKDAY,12,1105.8048780487804,846.4878048780488
Kovan,NE13,WEEKDAY,13,1012.9268292682926,885.4634146341464
Kovan,NE13,WEEKDAY,14,888.9756097560976,895.3658536585366
Kovan,NE13,WEEKDAY,15,833.3658536585366,965.9024390243902
Kovan,NE13,WEEKDAY,16,953.560975609756,1179.560975609756
Kovan,NE13,WEEKDAY,17,1347.7560975609756,1771.560975609756
Kovan,NE13,WEEKDAY,18,1666.0,3092.0975609756097
Kovan,NE13,WEEKDAY,19,1189.121951219512,2414.2926829268295
Kovan,NE13,WEEKDAY,20,885.9512195121952,1471.0243902439024
Kovan,NE13,WEEKDAY,21,841.7073170731708,1302.6829268292684
Kovan,NE13,WEEKDAY,22,409.7073170731707,1076.0975609756097
Kovan,NE13,WEEKDAY,23,143.02439024390245,531.4146341463414
Kovan,NE13,WEEKENDS/HOLIDAY,0,11.789473684210526,87.47368421052632
Kovan,NE13,WEEKENDS/HOLIDAY,5,49.68421052631579,10.210526315789474
Kovan,NE13,WEEKENDS/HOLIDAY,6,347.1578947368421,258.2105263157895
Kovan,NE13,WEEKENDS/HOLIDAY,7,645.3684210526316,560.8421052631579
Kovan,NE13,WEEKENDS/HOLIDAY,8,966.6315789473684,949.0526315789474
Kovan,NE13,WEEKENDS/HOLIDAY,9,1362.7368421052631,1125.2631578947369
Kovan,NE13,WEEKENDS/HOLIDAY,10,1404.1052631578948,1184.5263157894738
Kovan,NE13,WEEKENDS/HOLIDAY,11,1520.7368421052631,998.6315789473684
Kovan,NE13,WEEKENDS/HOLIDAY,12,1595.7894736842106,1069.157894736842
Kovan,NE13,WEEKENDS/HOLIDAY,13,1538.2105263157894,1111.3684210526317
Kovan,NE13,WEEKENDS/HOLIDAY,14,1223.8947368421052,1034.6315789473683
Kovan,NE13,WEEKENDS/HOLIDAY,15,1131.6842105263158,1056.2105263157894
Kovan,NE13,WEEKENDS/HOLIDAY,16,1120.842105263158,1115.4736842105262
Kovan,NE13,WEEKENDS/HOLIDAY,17,1256.5263157894738,1340.842105263158
Kovan,NE13,WEEKENDS/HOLIDAY,18,1237.578947368421,1350.842105263158
Kovan,NE13,WEEKENDS/HOLIDAY,19,993.8947368421053,1238.2105263157894
Kovan,NE13,WEEKENDS/HOLIDAY,20,766.7368421052631,1104.3157894736842
Kovan,NE13,WEEKENDS/HOLIDAY,21,600.1052631578947,1133.0526315789473
Kovan,NE13,WEEKENDS/HOLIDAY,22,370.8421052631579,994.8421052631579
Kovan,NE13,WEEKENDS/HOLIDAY,23,150.10526315789474,537.8947368421053
Kranji,NS7,WEEKDAY,0,45.170731707317074,114.2439024390244
Kranji,NS7,WEEKDAY,5,2072.5853658536585,98.97560975609755
Kranji,NS7,WEEKDAY,6,2995.121951219512,807.0243902439024
Kranji,NS7,WEEKDAY,7,3582.9268292682927,2251.951219512195
Kranji,NS7,WEEKDAY,8,2286.682926829268,2130.682926829268
Kranji,NS7,WEEKDAY,9,2003.658536585366,1538.878048780488
Kranji,NS7,WEEKDAY,10,1489.9024390243903,1153.9024390243903
Kranji,NS7,WEEKDAY,11,1028.0,907.560975609756
Kranji,NS7,WEEKDAY,12,863.6585365853658,802.0975609756098
Kranji,NS7,WEEKDAY,13,794.9268292682926,751.9024390243902
Kranji,NS7,WEEKDAY,14,766.9756097560976,685.7560975609756
Kranji,NS7,WEEKDAY,15,863.1219512195122,811.0243902439024
Kranji,NS7,WEEKDAY,16,1021.6585365853658,1211.9512195121952
Kranji,NS7,WEEKDAY,17,2011.3170731707316,1968.9756097560976
Kranji,NS7,WEEKDAY,18,1937.7560975609756,2556.0975609756097
Kranji,NS7,WEEKDAY,19,1370.0975609756097,2108.731707317073
Kranji,NS7,WEEKDAY,20,1080.0975609756097,1837.9512195121952
Kranji,NS7,WEEKDAY,21,1172.9268292682927,1846.0975609756097
Kranji,NS7,WEEKDAY,22,936.9756097560976,1749.3658536585365
Kranji,NS7,WEEKDAY,23,407.4634146341463,903.9512195121952
Kranji,NS7,WEEKENDS/HOLIDAY,0,145.68421052631578,152.8421052631579
Kranji,NS7,WEEKENDS/HOLIDAY,5,750.3157894736842,120.52631578947368
Kranji,NS7,WEEKENDS/HOLIDAY,6,1645.8947368421052,853.1578947368421
Kranji,NS7,WEEKENDS/HOLIDAY,7,1922.1052631578948,1586.842105263158
Kranji,NS7,WEEKENDS/HOLIDAY,8,1696.9473684210527,1779.578947368421
Kranji,NS7,WEEKENDS/HOLIDAY,9,1868.9473684210527,1619.578947368421
Kranji,NS7,WEEKENDS/HOLIDAY,10,1439.578947368421,1366.842105263158
Kranji,NS7,WEEKENDS/HOLIDAY,11,1211.578947368421,1221.578947368421
Kranji,NS7,WEEKENDS/HOLIDAY,12,1238.3157894736842,1163.2631578947369
Kranji,NS7,WEEKENDS/HOLIDAY,13,1262.842105263158,1119.7894736842106
Kranji,NS7,WEEKENDS/HOLIDAY,14,1358.3157894736842,928.5263157894736
Kranji,NS7,WEEKENDS/HOLIDAY,15,1468.9473684210527,988.1052631578947
Kranji,NS7,WEEKENDS/HOLIDAY,16,1468.1052631578948,1117.0526315789473
Kranji,NS7,WEEKENDS/HOLIDAY,17,1785.578947368421,1302.9473684210527
Kranji,NS7,WEEKENDS/HOLIDAY,18,2032.1052631578948,1478.421052631579
Kranji,NS7,WEEKENDS/HOLIDAY,19,1856.842105263158,1522.2105263157894
Kranji,NS7,WEEKENDS/HOLIDAY,20,1815.7894736842106,1577.3684210526317
Kranji,NS7,WEEKENDS/HOLIDAY,21,1959.7894736842106,1655.8947368421052
Kranji,NS7,WEEKENDS/HOLIDAY,22,1806.842105263158,1670.421052631579
Kranji,NS7,WEEKENDS/HOLIDAY,23,1045.4736842105262,916.1052631578947
Labrador Park,CC27,WEEKDAY,0,0.0,0.34146341463414637
Labrador Park,CC27,WEEKDAY,5,12.926829268292684,3.8048780487804876
Labrador Park,CC27,WEEKDAY,6,18.29268292682927,256.0487804878049
Labrador Park,CC27,WEEKDAY,7,58.97560975609756,861.560975609756
Labrador Park,CC27,WEEKDAY,8,68.29268292682927,3314.390243902439
Labrador Park,CC27,WEEKDAY,9,57.51219512195122,2333.268292682927
Labrador Park,CC27,WEEKDAY,10,78.58536585365853,541.1219512195122
Labrador Park,CC27,WEEKDAY,11,266.5853658536585,249.5121951219512
Labrador Park,CC27,WEEKDAY,12,394.0975609756098,251.46341463414635
Labrador Park,CC27,WEEKDAY,13,216.4390243902439,474.9268292682927
Labrador Park,CC27,WEEKDAY,14,191.8048780487805,240.9268292682927
Labrador Park,CC27,WEEKDAY,15,282.4390243902439,112.97560975609755
Labrador Park,CC27,WEEKDAY,16,569.0243902439024,96.04878048780488
Labrador Park,CC27,WEEKDAY,17,1943.8048780487804,134.6341463414634
Labrador Park,CC27,WEEKDAY,18,3075.512195121951,198.97560975609755
Labrador Park,CC27,WEEKDAY,19,1233.560975609756,123.26829268292683
Labrador Park,CC27,WEEKDAY,20,470.5853658536585,49.46341463414634
Labrador Park,CC27,WEEKDAY,21,276.1463414634146,34.8780487804878
Labrador Park,CC27,WEEKDAY,22,153.5121951219512,24.29268292682927
Labrador Park,CC27,WEEKDAY,23,26.78048780487805,6.585365853658536
Labrador Park,CC27,WEEKENDS/HOLIDAY,0,0.0,0.3157894736842105
Labrador Park,CC27,WEEKENDS/HOLIDAY,5,7.368421052631579,0.42105263157894735
Labrador Park,CC27,WEEKENDS/HOLIDAY,6,13.157894736842104,37.1578947368421
Labrador Park,CC27,WEEKENDS/HOLIDAY,7,30.526315789473685,123.57894736842105
Labrador Park,CC27,WEEKENDS/HOLIDAY,8,23.894736842105264,171.26315789473685
Labrador Park,CC27,WEEKENDS/HOLIDAY,9,33.89473684210526,167.1578947368421
Labrador Park,CC27,WEEKENDS/HOLIDAY,10,49.36842105263158,116.0
Labrador Park,CC27,WEEKENDS/HOLIDAY,11,74.94736842105263,109.57894736842105
Labrador Park,CC27,WEEKENDS/HOLIDAY,12,84.52631578947368,107.36842105263158
Labrador Park,CC27,WEEKENDS/HOLIDAY,13,93.15789473684211,101.6842105263158
Labrador Park,CC27,WEEKENDS/HOLIDAY,14,102.52631578947368,90.94736842105263
Labrador Park,CC27,WEEKENDS/HOLIDAY,15,116.63157894736842,86.63157894736842
Labrador Park,CC27,WEEKENDS/HOLIDAY,16,137.68421052631578,85.89473684210526
Labrador Park,CC27,WEEKENDS/HOLIDAY,17,130.31578947368422,91.6842105263158
Labrador Park,CC27,WEEKENDS/HOLIDAY,18,129.1578947368421,93.6842105263158
Labrador Park,CC27,WEEKENDS/HOLIDAY,19,119.6842105263158,69.89473684210526
Labrador Park,CC27,WEEKENDS/HOLIDAY,20,104.84210526315789,41.473684210526315
Labrador Park,CC27,WEEKENDS/HOLIDAY,21,104.42105263157895,34.526315789473685
Labrador Park,CC27,WEEKENDS/HOLIDAY,22,74.21052631578948,22.842105263157894
Labrador Park,CC27,WEEKENDS/HOLIDAY,23,13.894736842105264,9.157894736842104
Lakeside,EW26,WEEKDAY,0,2.292682926829268,204.29268292682926
Lakeside,EW26,WEEKDAY,5,896.829268292683,101.21951219512195
Lakeside,EW26,WEEKDAY,6,3012.6341463414633,1222.1463414634147
Lakeside,EW26,WEEKDAY,7,6142.536585365854,2318.390243902439
Lakeside,EW26,WEEKDAY,8,5344.926829268293,1693.0243902439024
Lakeside,EW26,WEEKDAY,9,2455.2195121951218,713.2682926829268
Lakeside,EW26,WEEKDAY,10,1565.0731707317073,522.829268292683
Lakeside,EW26,WEEKDAY,11,1351.5121951219512,533.3658536585366
Lakeside,EW26,WEEKDAY,12,1297.5121951219512,662.439024390244
Lakeside,EW26,WEEKDAY,13,1135.8536585365853,810.0487804878048
Lakeside,EW26,WEEKDAY,14,958.439024390244,845.7560975609756
Lakeside,EW26,WEEKDAY,15,931.1219512195122,1019.8536585365854
Lakeside,EW26,WEEKDAY,16,1200.9756097560976,1398.7317073170732
Lakeside,EW26,WEEKDAY,17,2520.5365853658536,2879.317073170732
Lakeside,EW26,WEEKDAY,18,2613.121951219512,4787.658536585366
Lakeside,EW26,WEEKDAY,19,1269.2682926829268,3768.6341463414633
Lakeside,EW26,WEEKDAY,20,880.0,2532.3414634146343
Lakeside,EW26,WEEKDAY,21,573.0731707317074,2180.048780487805
Lakeside,EW26,WEEKDAY,22,385.1707317073171,1751.219512195122
Lakeside,EW26,WEEKDAY,23,121.07317073170732,915.219512195122
Lakeside,EW26,WEEKENDS/HOLIDAY,0,2.8421052631578947,228.94736842105263
Lakeside,EW26,WEEKENDS/HOLIDAY,5,321.36842105263156,18.63157894736842
Lakeside,EW26,WEEKENDS/HOLIDAY,6,1225.3684210526317,456.42105263157896
Lakeside,EW26,WEEKENDS/HOLIDAY,7,1659.2631578947369,785.7894736842105
Lakeside,EW26,WEEKENDS/HOLIDAY,8,1795.6842105263158,748.1052631578947
Lakeside,EW26,WEEKENDS/HOLIDAY,9,1891.2631578947369,652.1052631578947
Lakeside,EW26,WEEKENDS/HOLIDAY,10,1979.0526315789473,643.6842105263158
Lakeside,EW26,WEEKENDS/HOLIDAY,11,1839.4736842105262,713.1578947368421
Lakeside,EW26,WEEKENDS/HOLIDAY,12,1771.578947368421,894.1052631578947
Lakeside,EW26,WEEKENDS/HOLIDAY,13,1520.0,1073.7894736842106
Lakeside,EW26,WEEKENDS/HOLIDAY,14,1334.7368421052631,1113.8947368421052
Lakeside,EW26,WEEKENDS/HOLIDAY,15,1278.2105263157894,1254.842105263158
Lakeside,EW26,WEEKENDS/HOLIDAY,16,1400.2105263157894,1411.2631578947369
Lakeside,EW26,WEEKENDS/HOLIDAY,17,1630.842105263158,1825.578947368421
Lakeside,EW26,WEEKENDS/HOLIDAY,18,1492.0,1931.3684210526317
Lakeside,EW26,WEEKENDS/HOLIDAY,19,1149.6842105263158,1852.2105263157894
Lakeside,EW26,WEEKENDS/HOLIDAY,20,851.0526315789474,1889.2631578947369
Lakeside,EW26,WEEKENDS/HOLIDAY,21,599.3684210526316,1915.3684210526317
Lakeside,EW26,WEEKENDS/HOLIDAY,22,406.5263157894737,1729.8947368421052
Lakeside,EW26,WEEKENDS/HOLIDAY,23,130.0,1029.4736842105262
Lavender,EW11,WEEKDAY,0,9.024390243902438,24.29268292682927
Lavender,EW11,WEEKDAY,5,132.73170731707316,19.609756097560975
Lavender,EW11,WEEKDAY,6,677.2682926829268,353.8536585365854
Lavender,EW11,WEEKDAY,7,981.7560975609756,1129.7073170731708
Lavender,EW11,WEEKDAY,8,1192.0487804878048,2094.878048780488
Lavender,EW11,WEEKDAY,9,1043.6097560975609,1558.0487804878048
Lavender,EW11,WEEKDAY,10,895.8048780487804,848.3414634146342
Lavender,EW11,WEEKDAY,11,873.219512195122,736.2439024390244
Lavender,EW11,WEEKDAY,12,848.2439024390244,813.219512195122
Lavender,EW11,WEEKDAY,13,785.3658536585366,907.609756097561
Lavender,EW11,WEEKDAY,14,713.6585365853658,817.7073170731708
Lavender,EW11,WEEKDAY,15,744.1951219512196,789.9512195121952
Lavender,EW11,WEEKDAY,16,862.5853658536586,799.9512195121952
Lavender,EW11,WEEKDAY,17,1786.780487804878,1176.0975609756097
Lavender,EW11,WEEKDAY,18,2267.560975609756,1956.0487804878048
Lavender,EW11,WEEKDAY,19,1253.658536585366,1420.780487804878
Lavender,EW11,WEEKDAY,20,781.8536585365854,977.3658536585366
Lavender,EW11,WEEKDAY,21,686.0975609756098,883.7560975609756
Lavender,EW11,WEEKDAY,22,561.219512195122,683.219512195122
Lavender,EW11,WEEKDAY,23,254.0,315.9512195121951
Lavender,EW11,WEEKENDS/HOLIDAY,0,6.421052631578948,24.42105263157895
Lavender,EW11,WEEKENDS/HOLIDAY,5,33.05263157894737,3.0526315789473686
Lavender,EW11,WEEKENDS/HOLIDAY,6,352.0,180.6315789473684
Lavender,EW11,WEEKENDS/HOLIDAY,7,481.89473684210526,364.0
Lavender,EW11,WEEKENDS/HOLIDAY,8,530.1052631578947,575.0526315789474
Lavender,EW11,WEEKENDS/HOLIDAY,9,743.2631578947369,797.0526315789474
Lavender,EW11,WEEKENDS/HOLIDAY,10,870.1052631578947,888.9473684210526
Lavender,EW11,WEEKENDS/HOLIDAY,11,886.1052631578947,909.7894736842105
Lavender,EW11,WEEKENDS/HOLIDAY,12,907.3684210526316,995.1578947368421
Lavender,EW11,WEEKENDS/HOLIDAY,13,882.6315789473684,1099.4736842105262
Lavender,EW11,WEEKENDS/HOLIDAY,14,892.0,1087.7894736842106
Lavender,EW11,WEEKENDS/HOLIDAY,15,935.2631578947369,1054.3157894736842
Lavender,EW11,WEEKENDS/HOLIDAY,16,1076.0,1019.578947368421
Lavender,EW11,WEEKENDS/HOLIDAY,17,1226.3157894736842,1056.2105263157894
Lavender,EW11,WEEKENDS/HOLIDAY,18,1150.7368421052631,996.1052631578947
Lavender,EW11,WEEKENDS/HOLIDAY,19,980.5263157894736,892.5263157894736
Lavender,EW11,WEEKENDS/HOLIDAY,20,772.3157894736842,895.7894736842105
Lavender,EW11,WEEKENDS/HOLIDAY,21,593.4736842105264,879.1578947368421
Lavender,EW11,WEEKENDS/HOLIDAY,22,451.1578947368421,720.0
Lavender,EW11,WEEKENDS/HOLIDAY,23,229.78947368421052,359.1578947368421
Lentor,TE5,WEEKDAY,0,2.1463414634146343,27.853658536585368
Lentor,TE5,WEEKDAY,5,38.829268292682926,2.731707317073171
Lentor,TE5,WEEKDAY,6,273.9512195121951,124.82926829268293
Lentor,TE5,WEEKDAY,7,689.6585365853658,564.2926829268292
Lentor,TE5,WEEKDAY,8,925.8048780487804,386.2926829268293
Lentor,TE5,WEEKDAY,9,415.3658536585366,164.1951219512195
Lentor,TE5,WEEKDAY,10,232.78048780487805,85.90243902439025
Lentor,TE5,WEEKDAY,11,228.0487804878049,81.3170731707317
Lentor,TE5,WEEKDAY,12,214.29268292682926,126.14634146341463
Lentor,TE5,WEEKDAY,13,173.609756097561,160.6829268292683
Lentor,TE5,WEEKDAY,14,135.5609756097561,160.14634146341464
Lentor,TE5,WEEKDAY,15,132.4878048780488,176.09756097560975
Lentor,TE5,WEEKDAY,16,179.3170731707317,230.78048780487805
Lentor,TE5,WEEKDAY,17,384.390243902439,404.780487804878
Lentor,TE5,WEEKDAY,18,579.3658536585366,733.9024390243902
Lentor,TE5,WEEKDAY,19,346.6341463414634,610.2926829268292
Lentor,TE5,WEEKDAY,20,192.390243902439,398.0
Lentor,TE5,WEEKDAY,21,125.21951219512195,348.5365853658537
Lentor,TE5,WEEKDAY,22,71.36585365853658,306.2926829268293
Lentor,TE5,WEEKDAY,23,23.121951219512194,152.97560975609755
Lentor,TE5,WEEKENDS/HOLIDAY,0,1.894736842105263,29.263157894736842
Lentor,TE5,WEEKENDS/HOLIDAY,5,20.210526315789473,0.3157894736842105
Lentor,TE5,WEEKENDS/HOLIDAY,6,115.15789473684211,54.21052631578947
Lentor,TE5,WEEKENDS/HOLIDAY,7,196.31578947368422,220.21052631578948
Lentor,TE5,WEEKENDS/HOLIDAY,8,285.89473684210526,146.94736842105263
Lentor,TE5,WEEKENDS/HOLIDAY,9,320.94736842105266,112.94736842105263
Lentor,TE5,WEEKENDS/HOLIDAY,10,318.42105263157896,99.47368421052632
Lentor,TE5,WEEKENDS/HOLIDAY,11,288.42105263157896,126.0
Lentor,TE5,WEEKENDS/HOLIDAY,12,275.1578947368421,155.05263157894737
Lentor,TE5,WEEKENDS/HOLIDAY,13,225.47368421052633,192.73684210526315
Lentor,TE5,WEEKENDS/HOLIDAY,14,200.31578947368422,198.10526315789474
Lentor,TE5,WEEKENDS/HOLIDAY,15,198.94736842105263,210.42105263157896
Lentor,TE5,WEEKENDS/HOLIDAY,16,261.2631578947368,230.8421052631579
Lentor,TE5,WEEKENDS/HOLIDAY,17,291.89473684210526,272.7368421052632
Lentor,TE5,WEEKENDS/HOLIDAY,18,247.89473684210526,319.7894736842105
Lentor,TE5,WEEKENDS/HOLIDAY,19,202.52631578947367,300.42105263157896
Lentor,TE5,WEEKENDS/HOLIDAY,20,122.21052631578948,318.42105263157896
Lentor,TE5,WEEKENDS/HOLIDAY,21,86.42105263157895,332.7368421052632
Lentor,TE5,WEEKENDS/HOLIDAY,22,59.68421052631579,285.57894736842104
Lentor,TE5,WEEKENDS/HOLIDAY,23,22.736842105263158,168.0
Little India,NE7/DT12,WEEKDAY,0,9.414634146341463,25.951219512195124
Little India,NE7/DT12,WEEKDAY,5,56.68292682926829,18.195121951219512
Little India,NE7/DT12,WEEKDAY,6,621.560975609756,699.9024390243902
Little India,NE7/DT12,WEEKDAY,7,1150.3902439024391,1636.0
Little India,NE7/DT12,WEEKDAY,8,1219.4146341463415,3047.317073170732
Little India,NE7/DT12,WEEKDAY,9,939.609756097561,1951.9024390243903
Little India,NE7/DT12,WEEKDAY,10,887.9024390243902,1496.7317073170732
Little India,NE7/DT12,WEEKDAY,11,1290.1463414634147,1575.0243902439024
Little India,NE7/DT12,WEEKDAY,12,2046.9756097560976,1691.4634146341464
Little India,NE7/DT12,WEEKDAY,13,1405.3170731707316,2017.7073170731708
Little India,NE7/DT12,WEEKDAY,14,1153.0243902439024,1361.8048780487804
Little India,NE7/DT12,WEEKDAY,15,1238.5853658536585,1135.4146341463415
Little India,NE7/DT12,WEEKDAY,16,1411.4634146341464,1201.5121951219512
Little India,NE7/DT12,WEEKDAY,17,2398.0975609756097,1695.2682926829268
Little India,NE7/DT12,WEEKDAY,18,3203.268292682927,2587.8048780487807
Little India,NE7/DT12,WEEKDAY,19,2065.4634146341464,2161.0243902439024
Little India,NE7/DT12,WEEKDAY,20,1681.4634146341464,1352.0
Little India,NE7/DT12,WEEKDAY,21,1469.0731707317073,923.6585365853658
Little India,NE7/DT12,WEEKDAY,22,858.2439024390244,551.7560975609756
Little India,NE7/DT12,WEEKDAY,23,286.0,252.97560975609755
Little India,NE7/DT12,WEEKENDS/HOLIDAY,0,15.157894736842104,36.421052631578945
Little India,NE7/DT12,WEEKENDS/HOLIDAY,5,17.05263157894737,3.473684210526316
Little India,NE7/DT12,WEEKENDS/HOLIDAY,6,370.2105263157895,395.6842105263158
Little India,NE7/DT12,WEEKENDS/HOLIDAY,7,618.5263157894736,706.8421052631579
Little India,NE7/DT12,WEEKENDS/HOLIDAY,8,664.7368421052631,1210.842105263158
Little India,NE7/DT12,WEEKENDS/HOLIDAY,9,811.6842105263158,2069.0526315789475
Little India,NE7/DT12,WEEKENDS/HOLIDAY,10,1209.0526315789473,2784.9473684210525
Little India,NE7/DT12,WEEKENDS/HOLIDAY,11,1637.157894736842,2813.4736842105262
Little India,NE7/DT12,WEEKENDS/HOLIDAY,12,2046.3157894736842,2641.684210526316
Little India,NE7/DT12,WEEKENDS/HOLIDAY,13,2056.315789473684,2391.0526315789475
Little India,NE7/DT12,WEEKENDS/HOLIDAY,14,2041.4736842105262,2031.7894736842106
Little India,NE7/DT12,WEEKENDS/HOLIDAY,15,1987.2631578947369,1881.6842105263158
Little India,NE7/DT12,WEEKENDS/HOLIDAY,16,2067.8947368421054,2162.0
Little India,NE7/DT12,WEEKENDS/HOLIDAY,17,2374.0,2662.6315789473683
Little India,NE7/DT12,WEEKENDS/HOLIDAY,18,2698.6315789473683,2708.315789473684
Little India,NE7/DT12,WEEKENDS/HOLIDAY,19,2696.7368421052633,2189.157894736842
Little India,NE7/DT12,WEEKENDS/HOLIDAY,20,2522.6315789473683,1535.6842105263158
Little India,NE7/DT12,WEEKENDS/HOLIDAY,21,2201.8947368421054,1019.8947368421053
Little India,NE7/DT12,WEEKENDS/HOLIDAY,22,1355.0526315789473,586.1052631578947
Little India,NE7/DT12,WEEKENDS/HOLIDAY,23,410.5263157894737,288.0
Lorong Chuan,CC14,WEEKDAY,0,1.2682926829268293,11.804878048780488
Lorong Chuan,CC14,WEEKDAY,5,38.68292682926829,15.024390243902438
Lorong Chuan,CC14,WEEKDAY,6,171.02439024390245,150.0487804878049
Lorong Chuan,CC14,WEEKDAY,7,621.7073170731708,535.609756097561
Lorong Chuan,CC14,WEEKDAY,8,1017.0243902439024,855.4634146341464
Lorong Chuan,CC14,WEEKDAY,9,532.7317073170732,389.3170731707317
Lorong Chuan,CC14,WEEKDAY,10,310.0,173.5609756097561
Lorong Chuan,CC14,WEEKDAY,11,331.7073170731707,152.2439024390244
Lorong Chuan,CC14,WEEKDAY,12,358.0,215.9512195121951
Lorong Chuan,CC14,WEEKDAY,13,254.6829268292683,327.5121951219512
Lorong Chuan,CC14,WEEKDAY,14,204.73170731707316,296.6341463414634
Lorong Chuan,CC14,WEEKDAY,15,399.1707317073171,262.1951219512195
Lorong Chuan,CC14,WEEKDAY,16,473.4634146341463,310.0975609756098
Lorong Chuan,CC14,WEEKDAY,17,650.8780487804878,460.9268292682927
Lorong Chuan,CC14,WEEKDAY,18,734.6341463414634,818.390243902439
Lorong Chuan,CC14,WEEKDAY,19,360.9756097560976,640.0487804878048
Lorong Chuan,CC14,WEEKDAY,20,176.6341463414634,364.780487804878
Lorong Chuan,CC14,WEEKDAY,21,161.85365853658536,309.5609756097561
Lorong Chuan,CC14,WEEKDAY,22,138.78048780487805,239.41463414634146
Lorong Chuan,CC14,WEEKDAY,23,29.463414634146343,94.92682926829268
Lorong Chuan,CC14,WEEKENDS/HOLIDAY,0,2.4210526315789473,16.63157894736842
Lorong Chuan,CC14,WEEKENDS/HOLIDAY,5,19.263157894736842,1.7894736842105263
Lorong Chuan,CC14,WEEKENDS/HOLIDAY,6,75.6842105263158,48.421052631578945
Lorong Chuan,CC14,WEEKENDS/HOLIDAY,7,167.1578947368421,123.05263157894737
Lorong Chuan,CC14,WEEKENDS/HOLIDAY,8,266.7368421052632,159.57894736842104
Lorong Chuan,CC14,WEEKENDS/HOLIDAY,9,325.36842105263156,186.21052631578948
Lorong Chuan,CC14,WEEKENDS/HOLIDAY,10,344.10526315789474,208.94736842105263
Lorong Chuan,CC14,WEEKENDS/HOLIDAY,11,363.57894736842104,218.6315789473684
Lorong Chuan,CC14,WEEKENDS/HOLIDAY,12,345.57894736842104,252.73684210526315
Lorong Chuan,CC14,WEEKENDS/HOLIDAY,13,338.94736842105266,303.57894736842104
Lorong Chuan,CC14,WEEKENDS/HOLIDAY,14,278.7368421052632,293.6842105263158
Lorong Chuan,CC14,WEEKENDS/HOLIDAY,15,251.78947368421052,271.1578947368421
Lorong Chuan,CC14,WEEKENDS/HOLIDAY,16,282.10526315789474,280.2105263157895
Lorong Chuan,CC14,WEEKENDS/HOLIDAY,17,340.0,299.4736842105263
Lorong Chuan,CC14,WEEKENDS/HOLIDAY,18,290.3157894736842,324.42105263157896
Lorong Chuan,CC14,WEEKENDS/HOLIDAY,19,206.73684210526315,311.2631578947368
Lorong Chuan,CC14,WEEKENDS/HOLIDAY,20,130.94736842105263,254.8421052631579
Lorong Chuan,CC14,WEEKENDS/HOLIDAY,21,107.78947368421052,256.7368421052632
Lorong Chuan,CC14,WEEKENDS/HOLIDAY,22,97.05263157894737,205.47368421052633
Lorong Chuan,CC14,WEEKENDS/HOLIDAY,23,27.789473684210527,92.10526315789474
MacPherson,CC10/DT26,WEEKDAY,0,6.536585365853658,46.53658536585366
MacPherson,CC10/DT26,WEEKDAY,5,186.58536585365854,21.073170731707318
MacPherson,CC10/DT26,WEEKDAY,6,810.5853658536586,367.6585365853659
MacPherson,CC10/DT26,WEEKDAY,7,1423.3658536585365,1307.0731707317073
MacPherson,CC10/DT26,WEEKDAY,8,1725.5121951219512,2985.4634146341464
MacPherson,CC10/DT26,WEEKDAY,9,1029.9024390243903,1561.3658536585365
MacPherson,CC10/DT26,WEEKDAY,10,692.9756097560976,600.8780487804878
MacPherson,CC10/DT26,WEEKDAY,11,740.6829268292682,432.390243902439
MacPherson,CC10/DT26,WEEKDAY,12,802.4878048780488,533.7560975609756
MacPherson,CC10/DT26,WEEKDAY,13,634.2439024390244,727.609756097561
MacPherson,CC10/DT26,WEEKDAY,14,527.2682926829268,569.219512195122
MacPherson,CC10/DT26,WEEKDAY,15,594.6341463414634,560.8780487804878
MacPherson,CC10/DT26,WEEKDAY,16,800.6341463414634,649.4146341463414
MacPherson,CC10/DT26,WEEKDAY,17,2101.8048780487807,968.5365853658536
MacPherson,CC10/DT26,WEEKDAY,18,3222.487804878049,1695.2682926829268
MacPherson,CC10/DT26,WEEKDAY,19,1234.6829268292684,1289.7073170731708
MacPherson,CC10/DT26,WEEKDAY,20,660.829268292683,878.2439024390244
MacPherson,CC10/DT26,WEEKDAY,21,465.8048780487805,866.9268292682926
MacPherson,CC10/DT26,WEEKDAY,22,364.6829268292683,771.0243902439024
MacPherson,CC10/DT26,WEEKDAY,23,111.51219512195122,349.2682926829268
MacPherson,CC10/DT26,WEEKENDS/HOLIDAY,0,5.7894736842105265,58.21052631578947
MacPherson,CC10/DT26,WEEKENDS/HOLIDAY,5,74.84210526315789,3.6842105263157894
MacPherson,CC10/DT26,WEEKENDS/HOLIDAY,6,422.7368421052632,120.63157894736842
MacPherson,CC10/DT26,WEEKENDS/HOLIDAY,7,513.8947368421053,351.2631578947368
MacPherson,CC10/DT26,WEEKENDS/HOLIDAY,8,654.9473684210526,567.578947368421
MacPherson,CC10/DT26,WEEKENDS/HOLIDAY,9,792.421052631579,594.1052631578947
MacPherson,CC10/DT26,WEEKENDS/HOLIDAY,10,772.5263157894736,522.0
MacPherson,CC10/DT26,WEEKENDS/HOLIDAY,11,845.7894736842105,450.7368421052632
MacPherson,CC10/DT26,WEEKENDS/HOLIDAY,12,850.7368421052631,542.3157894736842
MacPherson,CC10/DT26,WEEKENDS/HOLIDAY,13,821.578947368421,693.578947368421
MacPherson,CC10/DT26,WEEKENDS/HOLIDAY,14,688.2105263157895,662.2105263157895
MacPherson,CC10/DT26,WEEKENDS/HOLIDAY,15,679.7894736842105,674.421052631579
MacPherson,CC10/DT26,WEEKENDS/HOLIDAY,16,766.7368421052631,682.421052631579
MacPherson,CC10/DT26,WEEKENDS/HOLIDAY,17,933.0526315789474,736.8421052631579
MacPherson,CC10/DT26,WEEKENDS/HOLIDAY,18,878.3157894736842,714.8421052631579
MacPherson,CC10/DT26,WEEKENDS/HOLIDAY,19,617.3684210526316,729.6842105263158
MacPherson,CC10/DT26,WEEKENDS/HOLIDAY,20,409.4736842105263,771.578947368421
MacPherson,CC10/DT26,WEEKENDS/HOLIDAY,21,320.94736842105266,843.578947368421
MacPherson,CC10/DT26,WEEKENDS/HOLIDAY,22,286.63157894736844,752.7368421052631
MacPherson,CC10/DT26,WEEKENDS/HOLIDAY,23,89.05263157894737,378.7368421052632
Marina Bay,NS27/CE2/TE20,WEEKDAY,0,2.341463414634146,7.658536585365853
Marina Bay,NS27/CE2/TE20,WEEKDAY,5,15.073170731707316,14.195121951219512
Marina Bay,NS27/CE2/TE20,WEEKDAY,6,102.97560975609755,179.609756097561
Marina Bay,NS27/CE2/TE20,WEEKDAY,7,54.97560975609756,380.0487804878049
Marina Bay,NS27/CE2/TE20,WEEKDAY,8,89.36585365853658,1430.5853658536585
Marina Bay,NS27/CE2/TE20,WEEKDAY,9,64.53658536585365,1202.0
Marina Bay,NS27/CE2/TE20,WEEKDAY,10,86.58536585365853,356.4878048780488
Marina Bay,NS27/CE2/TE20,WEEKDAY,11,229.7560975609756,229.3170731707317
Marina Bay,NS27/CE2/TE20,WEEKDAY,12,306.0,242.9268292682927
Marina Bay,NS27/CE2/TE20,WEEKDAY,13,187.70731707317074,400.7317073170732
Marina Bay,NS27/CE2/TE20,WEEKDAY,14,183.5121951219512,251.0731707317073
Marina Bay,NS27/CE2/TE20,WEEKDAY,15,215.90243902439025,183.7560975609756
Marina Bay,NS27/CE2/TE20,WEEKDAY,16,356.5853658536585,211.7560975609756
Marina Bay,NS27/CE2/TE20,WEEKDAY,17,914.5365853658536,225.3658536585366
Marina Bay,NS27/CE2/TE20,WEEKDAY,18,2037.219512195122,309.2682926829268
Marina Bay,NS27/CE2/TE20,WEEKDAY,19,945.3170731707318,263.8048780487805
Marina Bay,NS27/CE2/TE20,WEEKDAY,20,415.5121951219512,230.14634146341464
Marina Bay,NS27/CE2/TE20,WEEKDAY,21,267.1707317073171,148.4878048780488
Marina Bay,NS27/CE2/TE20,WEEKDAY,22,176.14634146341464,81.8048780487805
Marina Bay,NS27/CE2/TE20,WEEKDAY,23,75.60975609756098,39.073170731707314
Marina Bay,NS27/CE2/TE20,WEEKENDS/HOLIDAY,0,1.4736842105263157,8.421052631578947
Marina Bay,NS27/CE2/TE20,WEEKENDS/HOLIDAY,5,6.315789473684211,0.7368421052631579
Marina Bay,NS27/CE2/TE20,WEEKENDS/HOLIDAY,6,59.473684210526315,35.89473684210526
Marina Bay,NS27/CE2/TE20,WEEKENDS/HOLIDAY,7,46.526315789473685,71.26315789473684
Marina Bay,NS27/CE2/TE20,WEEKENDS/HOLIDAY,8,51.473684210526315,100.10526315789474
Marina Bay,NS27/CE2/TE20,WEEKENDS/HOLIDAY,9,69.26315789473684,146.8421052631579
Marina Bay,NS27/CE2/TE20,WEEKENDS/HOLIDAY,10,112.63157894736842,202.21052631578948
Marina Bay,NS27/CE2/TE20,WEEKENDS/HOLIDAY,11,168.31578947368422,247.47368421052633
Marina Bay,NS27/CE2/TE20,WEEKENDS/HOLIDAY,12,179.05263157894737,284.10526315789474
Marina Bay,NS27/CE2/TE20,WEEKENDS/HOLIDAY,13,200.52631578947367,325.57894736842104
Marina Bay,NS27/CE2/TE20,WEEKENDS/HOLIDAY,14,224.94736842105263,349.1578947368421
Marina Bay,NS27/CE2/TE20,WEEKENDS/HOLIDAY,15,245.1578947368421,362.10526315789474
Marina Bay,NS27/CE2/TE20,WEEKENDS/HOLIDAY,16,288.7368421052632,429.05263157894734
Marina Bay,NS27/CE2/TE20,WEEKENDS/HOLIDAY,17,293.6842105263158,511.4736842105263
Marina Bay,NS27/CE2/TE20,WEEKENDS/HOLIDAY,18,288.0,554.5263157894736
Marina Bay,NS27/CE2/TE20,WEEKENDS/HOLIDAY,19,309.4736842105263,541.6842105263158
Marina Bay,NS27/CE2/TE20,WEEKENDS/HOLIDAY,20,365.57894736842104,356.3157894736842
Marina Bay,NS27/CE2/TE20,WEEKENDS/HOLIDAY,21,260.3157894736842,171.05263157894737
Marina Bay,NS27/CE2/TE20,WEEKENDS/HOLIDAY,22,151.1578947368421,88.42105263157895
Marina Bay,NS27/CE2/TE20,WEEKENDS/HOLIDAY,23,70.0,40.8421052631579
Marina South Pier,NS28,WEEKDAY,0,0.14634146341463414,1.6097560975609757
Marina South Pier,NS28,WEEKDAY,5,2.048780487804878,0.0975609756097561
Marina South Pier,NS28,WEEKDAY,6,12.146341463414634,71.60975609756098
Marina South Pier,NS28,WEEKDAY,7,74.48780487804878,205.8048780487805
Marina South Pier,NS28,WEEKDAY,8,118.1951219512195,180.78048780487805
Marina South Pier,NS28,WEEKDAY,9,96.53658536585365,151.5121951219512
Marina South Pier,NS28,WEEKDAY,10,57.073170731707314,144.34146341463415
Marina South Pier,NS28,WEEKDAY,11,82.4390243902439,96.0
Marina South Pier,NS28,WEEKDAY,12,153.17073170731706,86.39024390243902
Marina South Pier,NS28,WEEKDAY,13,179.85365853658536,79.36585365853658
Marina South Pier,NS28,WEEKDAY,14,105.95121951219512,94.78048780487805
Marina South Pier,NS28,WEEKDAY,15,101.36585365853658,115.8048780487805
Marina South Pier,NS28,WEEKDAY,16,141.70731707317074,140.97560975609755
Marina South Pier,NS28,WEEKDAY,17,197.26829268292684,124.1951219512195
Marina South Pier,NS28,WEEKDAY,18,182.58536585365854,105.36585365853658
Marina South Pier,NS28,WEEKDAY,19,157.609756097561,66.97560975609755
Marina South Pier,NS28,WEEKDAY,20,72.82926829268293,44.78048780487805
Marina South Pier,NS28,WEEKDAY,21,56.58536585365854,40.48780487804878
Marina South Pier,NS28,WEEKDAY,22,32.53658536585366,36.390243902439025
Marina South Pier,NS28,WEEKDAY,23,19.804878048780488,27.951219512195124
Marina South Pier,NS28,WEEKENDS/HOLIDAY,0,0.3157894736842105,1.6842105263157894
Marina South Pier,NS28,WEEKENDS/HOLIDAY,5,0.9473684210526315,0.10526315789473684
Marina South Pier,NS28,WEEKENDS/HOLIDAY,6,22.736842105263158,40.21052631578947
Marina South Pier,NS28,WEEKENDS/HOLIDAY,7,39.473684210526315,131.26315789473685
Marina South Pier,NS28,WEEKENDS/HOLIDAY,8,43.473684210526315,223.05263157894737
Marina South Pier,NS28,WEEKENDS/HOLIDAY,9,54.31578947368421,290.3157894736842
Marina South Pier,NS28,WEEKENDS/HOLIDAY,10,72.52631578947368,433.57894736842104
Marina South Pier,NS28,WEEKENDS/HOLIDAY,11,100.73684210526316,416.5263157894737
Marina South Pier,NS28,WEEKENDS/HOLIDAY,12,378.8421052631579,383.05263157894734
Marina South Pier,NS28,WEEKENDS/HOLIDAY,13,477.57894736842104,370.0
Marina South Pier,NS28,WEEKENDS/HOLIDAY,14,252.42105263157896,355.57894736842104
Marina South Pier,NS28,WEEKENDS/HOLIDAY,15,351.89473684210526,394.42105263157896
Marina South Pier,NS28,WEEKENDS/HOLIDAY,16,548.7368421052631,341.1578947368421
Marina South Pier,NS28,WEEKENDS/HOLIDAY,17,541.6842105263158,248.42105263157896
Marina South Pier,NS28,WEEKENDS/HOLIDAY,18,643.4736842105264,180.42105263157896
Marina South Pier,NS28,WEEKENDS/HOLIDAY,19,371.89473684210526,119.05263157894737
Marina South Pier,NS28,WEEKENDS/HOLIDAY,20,172.94736842105263,78.52631578947368
Marina South Pier,NS28,WEEKENDS/HOLIDAY,21,118.94736842105263,75.26315789473684
Marina South Pier,NS28,WEEKENDS/HOLIDAY,22,58.31578947368421,42.94736842105263
Marina South Pier,NS28,WEEKENDS/HOLIDAY,23,19.57894736842105,23.157894736842106
Marine Parade,TE26,WEEKDAY,0,5.219512195121951,22.73170731707317
Marine Parade,TE26,WEEKDAY,5,22.73170731707317,1.5121951219512195
Marine Parade,TE26,WEEKDAY,6,137.85365853658536,91.8048780487805
Marine Parade,TE26,WEEKDAY,7,388.2439024390244,234.0
Marine Parade,TE26,WEEKDAY,8,713.560975609756,580.0
Marine Parade,TE26,WEEKDAY,9,545.6585365853658,601.7560975609756
Marine Parade,TE26,WEEKDAY,10,419.0243902439024,567.6585365853658
Marine Parade,TE26,WEEKDAY,11,492.8292682926829,600.3414634146342
Marine Parade,TE26,WEEKDAY,12,589.2682926829268,644.7317073170732
Marine Parade,TE26,WEEKDAY,13,631.4634146341464,582.1951219512196
Marine Parade,TE26,WEEKDAY,14,580.9268292682926,583.7560975609756
Marine Parade,TE26,WEEKDAY,15,588.5853658536586,537.609756097561
Marine Parade,TE26,WEEKDAY,16,614.7317073170732,653.0731707317074
Marine Parade,TE26,WEEKDAY,17,809.4146341463414,772.7317073170732
Marine Parade,TE26,WEEKDAY,18,930.6829268292682,1219.0731707317073
Marine Parade,TE26,WEEKDAY,19,760.9268292682926,908.0487804878048
Marine Parade,TE26,WEEKDAY,20,624.9756097560976,461.4146341463415
Marine Parade,TE26,WEEKDAY,21,557.0243902439024,314.780487804878
Marine Parade,TE26,WEEKDAY,22,294.8292682926829,243.3658536585366
Marine Parade,TE26,WEEKDAY,23,98.63414634146342,115.70731707317073
Marine Parade,TE26,WEEKENDS/HOLIDAY,0,7.368421052631579,26.526315789473685
Marine Parade,TE26,WEEKENDS/HOLIDAY,5,8.421052631578947,0.10526315789473684
Marine Parade,TE26,WEEKENDS/HOLIDAY,6,81.05263157894737,47.578947368421055
Marine Parade,TE26,WEEKENDS/HOLIDAY,7,141.05263157894737,168.8421052631579
Marine Parade,TE26,WEEKENDS/HOLIDAY,8,208.52631578947367,437.57894736842104
Marine Parade,TE26,WEEKENDS/HOLIDAY,9,365.36842105263156,674.9473684210526
Marine Parade,TE26,WEEKENDS/HOLIDAY,10,481.7894736842105,817.1578947368421
Marine Parade,TE26,WEEKENDS/HOLIDAY,11,644.421052631579,861.8947368421053
Marine Parade,TE26,WEEKENDS/HOLIDAY,12,771.8947368421053,772.3157894736842
Marine Parade,TE26,WEEKENDS/HOLIDAY,13,818.0,751.8947368421053
Marine Parade,TE26,WEEKENDS/HOLIDAY,14,780.8421052631579,681.8947368421053
Marine Parade,TE26,WEEKENDS/HOLIDAY,15,780.0,663.6842105263158
Marine Parade,TE26,WEEKENDS/HOLIDAY,16,903.6842105263158,757.3684210526316
Marine Parade,TE26,WEEKENDS/HOLIDAY,17,868.2105263157895,793.1578947368421
Marine Parade,TE26,WEEKENDS/HOLIDAY,18,919.578947368421,747.578947368421
Marine Parade,TE26,WEEKENDS/HOLIDAY,19,854.421052631579,598.7368421052631
Marine Parade,TE26,WEEKENDS/HOLIDAY,20,746.7368421052631,423.36842105263156
Marine Parade,TE26,WEEKENDS/HOLIDAY,21,646.5263157894736,350.63157894736844
Marine Parade,TE26,WEEKENDS/HOLIDAY,22,364.94736842105266,250.52631578947367
Marine Parade,TE26,WEEKENDS/HOLIDAY,23,118.84210526315789,137.3684210526316
Marine Terrace,TE27,WEEKDAY,0,1.2682926829268293,33.31707317073171
Marine Terrace,TE27,WEEKDAY,5,45.90243902439025,0.24390243902439024
Marine Terrace,TE27,WEEKDAY,6,207.5121951219512,38.68292682926829
Marine Terrace,TE27,WEEKDAY,7,549.609756097561,142.58536585365854
Marine Terrace,TE27,WEEKDAY,8,832.1951219512196,171.85365853658536
Marine Terrace,TE27,WEEKDAY,9,513.9024390243902,154.53658536585365
Marine Terrace,TE27,WEEKDAY,10,306.6829268292683,131.9512195121951
Marine Terrace,TE27,WEEKDAY,11,306.3414634146341,163.3170731707317
Marine Terrace,TE27,WEEKDAY,12,304.9756097560976,205.65853658536585
Marine Terrace,TE27,WEEKDAY,13,281.0731707317073,240.58536585365854
Marine Terrace,TE27,WEEKDAY,14,220.0487804878049,238.78048780487805
Marine Terrace,TE27,WEEKDAY,15,188.0,256.5365853658537
Marine Terrace,TE27,WEEKDAY,16,233.3170731707317,305.0243902439024
Marine Terrace,TE27,WEEKDAY,17,274.8292682926829,444.5365853658537
Marine Terrace,TE27,WEEKDAY,18,275.3658536585366,717.2682926829268
Marine Terrace,TE27,WEEKDAY,19,177.70731707317074,605.7073170731708
Marine Terrace,TE27,WEEKDAY,20,111.41463414634147,378.6341463414634
Marine Terrace,TE27,WEEKDAY,21,80.29268292682927,343.7560975609756
Marine Terrace,TE27,WEEKDAY,22,49.5609756097561,260.4878048780488
Marine Terrace,TE27,WEEKDAY,23,23.463414634146343,140.390243902439
Marine Terrace,TE27,WEEKENDS/HOLIDAY,0,0.8421052631578947,35.78947368421053
Marine Terrace,TE27,WEEKENDS/HOLIDAY,5,9.894736842105264,0.0
Marine Terrace,TE27,WEEKENDS/HOLIDAY,6,122.21052631578948,19.68421052631579
Marine Terrace,TE27,WEEKENDS/HOLIDAY,7,165.26315789473685,66.63157894736842
Marine Terrace,TE27,WEEKENDS/HOLIDAY,8,294.63157894736844,111.57894736842105
Marine Terrace,TE27,WEEKENDS/HOLIDAY,9,347.7894736842105,156.21052631578948
Marine Terrace,TE27,WEEKENDS/HOLIDAY,10,343.36842105263156,173.78947368421052
Marine Terrace,TE27,WEEKENDS/HOLIDAY,11,334.2105263157895,216.94736842105263
Marine Terrace,TE27,WEEKENDS/HOLIDAY,12,293.2631578947368,253.05263157894737
Marine Terrace,TE27,WEEKENDS/HOLIDAY,13,265.05263157894734,266.63157894736844
Marine Terrace,TE27,WEEKENDS/HOLIDAY,14,227.68421052631578,280.2105263157895
Marine Terrace,TE27,WEEKENDS/HOLIDAY,15,245.3684210526316,272.63157894736844
Marine Terrace,TE27,WEEKENDS/HOLIDAY,16,290.3157894736842,301.2631578947368
Marine Terrace,TE27,WEEKENDS/HOLIDAY,17,301.57894736842104,312.94736842105266
Marine Terrace,TE27,WEEKENDS/HOLIDAY,18,300.7368421052632,322.5263157894737
Marine Terrace,TE27,WEEKENDS/HOLIDAY,19,220.0,329.6842105263158
Marine Terrace,TE27,WEEKENDS/HOLIDAY,20,155.1578947368421,330.8421052631579
Marine Terrace,TE27,WEEKENDS/HOLIDAY,21,105.6842105263158,324.0
Marine Terrace,TE27,WEEKENDS/HOLIDAY,22,70.42105263157895,249.26315789473685
Marine Terrace,TE27,WEEKENDS/HOLIDAY,23,27.894736842105264,146.10526315789474
Marsiling,NS8,WEEKDAY,0,23.317073170731707,142.0
Marsiling,NS8,WEEKDAY,5,694.780487804878,110.97560975609755
Marsiling,NS8,WEEKDAY,6,2153.0243902439024,429.6585365853659
Marsiling,NS8,WEEKDAY,7,3683.121951219512,1015.0731707317074
Marsiling,NS8,WEEKDAY,8,2622.731707317073,947.7073170731708
Marsiling,NS8,WEEKDAY,9,1583.560975609756,643.6585365853658
Marsiling,NS8,WEEKDAY,10,1045.9512195121952,498.9268292682927
Marsiling,NS8,WEEKDAY,11,880.2439024390244,444.2926829268293
Marsiling,NS8,WEEKDAY,12,855.5121951219512,492.0975609756098
Marsiling,NS8,WEEKDAY,13,756.3414634146342,573.560975609756
Marsiling,NS8,WEEKDAY,14,667.8048780487804,563.8536585365854
Marsiling,NS8,WEEKDAY,15,694.7317073170732,608.6341463414634
Marsiling,NS8,WEEKDAY,16,816.3414634146342,817.5121951219512
Marsiling,NS8,WEEKDAY,17,1434.7317073170732,1547.0243902439024
Marsiling,NS8,WEEKDAY,18,1525.8536585365853,2807.3658536585367
Marsiling,NS8,WEEKDAY,19,971.560975609756,1954.3902439024391
Marsiling,NS8,WEEKDAY,20,612.0975609756098,1245.121951219512
Marsiling,NS8,WEEKDAY,21,567.4146341463414,1035.7073170731708
Marsiling,NS8,WEEKDAY,22,353.609756097561,782.829268292683
Marsiling,NS8,WEEKDAY,23,208.34146341463415,456.8292682926829
Marsiling,NS8,WEEKENDS/HOLIDAY,0,48.526315789473685,149.78947368421052
Marsiling,NS8,WEEKENDS/HOLIDAY,5,242.10526315789474,36.73684210526316
Marsiling,NS8,WEEKENDS/HOLIDAY,6,712.421052631579,238.73684210526315
Marsiling,NS8,WEEKENDS/HOLIDAY,7,906.3157894736842,450.3157894736842
Marsiling,NS8,WEEKENDS/HOLIDAY,8,1022.5263157894736,603.7894736842105
Marsiling,NS8,WEEKENDS/HOLIDAY,9,1193.6842105263158,543.6842105263158
Marsiling,NS8,WEEKENDS/HOLIDAY,10,1043.4736842105262,556.421052631579
Marsiling,NS8,WEEKENDS/HOLIDAY,11,938.8421052631579,536.2105263157895
Marsiling,NS8,WEEKENDS/HOLIDAY,12,960.421052631579,573.578947368421
Marsiling,NS8,WEEKENDS/HOLIDAY,13,912.9473684210526,633.578947368421
Marsiling,NS8,WEEKENDS/HOLIDAY,14,777.8947368421053,615.3684210526316
Marsiling,NS8,WEEKENDS/HOLIDAY,15,752.1052631578947,682.5263157894736
Marsiling,NS8,WEEKENDS/HOLIDAY,16,783.4736842105264,755.578947368421
Marsiling,NS8,WEEKENDS/HOLIDAY,17,955.2631578947369,931.6842105263158
Marsiling,NS8,WEEKENDS/HOLIDAY,18,900.1052631578947,964.7368421052631
Marsiling,NS8,WEEKENDS/HOLIDAY,19,796.3157894736842,854.1052631578947
Marsiling,NS8,WEEKENDS/HOLIDAY,20,689.8947368421053,822.3157894736842
Marsiling,NS8,WEEKENDS/HOLIDAY,21,670.0,775.1578947368421
Marsiling,NS8,WEEKENDS/HOLIDAY,22,483.7894736842105,696.7368421052631
Marsiling,NS8,WEEKENDS/HOLIDAY,23,300.3157894736842,452.0
Marymount,CC16,WEEKDAY,0,1.5121951219512195,8.536585365853659
Marymount,CC16,WEEKDAY,5,50.4390243902439,11.560975609756097
Marymount,CC16,WEEKDAY,6,232.6829268292683,168.4878048780488
Marymount,CC16,WEEKDAY,7,677.4146341463414,606.7317073170732
Marymount,CC16,WEEKDAY,8,931.560975609756,1062.5853658536585
Marymount,CC16,WEEKDAY,9,515.2682926829268,629.0243902439024
Marymount,CC16,WEEKDAY,10,286.4390243902439,229.90243902439025
Marymount,CC16,WEEKDAY,11,306.8292682926829,180.4390243902439
Marymount,CC16,WEEKDAY,12,306.8780487804878,257.9024390243902
Marymount,CC16,WEEKDAY,13,258.390243902439,305.4634146341463
Marymount,CC16,WEEKDAY,14,206.6341463414634,246.9268292682927
Marymount,CC16,WEEKDAY,15,236.4878048780488,232.73170731707316
Marymount,CC16,WEEKDAY,16,349.6585365853659,298.1951219512195
Marymount,CC16,WEEKDAY,17,810.6341463414634,470.9268292682927
Marymount,CC16,WEEKDAY,18,1036.9268292682927,813.5121951219512
Marymount,CC16,WEEKDAY,19,431.8048780487805,645.560975609756
Marymount,CC16,WEEKDAY,20,262.5365853658537,366.3414634146341
Marymount,CC16,WEEKDAY,21,191.3170731707317,325.5609756097561
Marymount,CC16,WEEKDAY,22,150.2439024390244,261.4634146341463
Marymount,CC16,WEEKDAY,23,38.048780487804876,103.02439024390245
Marymount,CC16,WEEKENDS/HOLIDAY,0,1.5789473684210527,11.052631578947368
Marymount,CC16,WEEKENDS/HOLIDAY,5,25.473684210526315,3.6842105263157894
Marymount,CC16,WEEKENDS/HOLIDAY,6,93.78947368421052,68.0
Marymount,CC16,WEEKENDS/HOLIDAY,7,184.0,317.4736842105263
Marymount,CC16,WEEKENDS/HOLIDAY,8,271.6842105263158,336.0
Marymount,CC16,WEEKENDS/HOLIDAY,9,306.0,409.4736842105263
Marymount,CC16,WEEKENDS/HOLIDAY,10,325.89473684210526,322.3157894736842
Marymount,CC16,WEEKENDS/HOLIDAY,11,356.63157894736844,251.1578947368421
Marymount,CC16,WEEKENDS/HOLIDAY,12,473.05263157894734,243.3684210526316
Marymount,CC16,WEEKENDS/HOLIDAY,13,404.8421052631579,278.8421052631579
Marymount,CC16,WEEKENDS/HOLIDAY,14,378.0,281.7894736842105
Marymount,CC16,WEEKENDS/HOLIDAY,15,328.3157894736842,279.2631578947368
Marymount,CC16,WEEKENDS/HOLIDAY,16,341.36842105263156,275.4736842105263
Marymount,CC16,WEEKENDS/HOLIDAY,17,384.0,301.57894736842104
Marymount,CC16,WEEKENDS/HOLIDAY,18,337.1578947368421,313.57894736842104
Marymount,CC16,WEEKENDS/HOLIDAY,19,264.94736842105266,293.7894736842105
Marymount,CC16,WEEKENDS/HOLIDAY,20,171.05263157894737,288.3157894736842
Marymount,CC16,WEEKENDS/HOLIDAY,21,135.05263157894737,281.05263157894734
Marymount,CC16,WEEKENDS/HOLIDAY,22,95.78947368421052,240.31578947368422
Marymount,CC16,WEEKENDS/HOLIDAY,23,27.68421052631579,102.21052631578948
Mattar,DT25,WEEKDAY,0,1.024390243902439,13.024390243902438
Mattar,DT25,WEEKDAY,5,36.58536585365854,15.560975609756097
Mattar,DT25,WEEKDAY,6,198.4390243902439,119.17073170731707
Mattar,DT25,WEEKDAY,7,439.0243902439024,345.3658536585366
Mattar,DT25,WEEKDAY,8,614.5365853658536,636.2439024390244
Mattar,DT25,WEEKDAY,9,337.9024390243902,309.0731707317073
Mattar,DT25,WEEKDAY,10,192.4878048780488,115.21951219512195
Mattar,DT25,WEEKDAY,11,145.41463414634146,91.07317073170732
Mattar,DT25,WEEKDAY,12,162.2439024390244,133.7560975609756
Mattar,DT25,WEEKDAY,13,181.1219512195122,147.41463414634146
Mattar,DT25,WEEKDAY,14,143.70731707317074,126.53658536585365
Mattar,DT25,WEEKDAY,15,146.34146341463415,156.4390243902439
Mattar,DT25,WEEKDAY,16,229.0731707317073,183.90243902439025
Mattar,DT25,WEEKDAY,17,440.9756097560976,321.3170731707317
Mattar,DT25,WEEKDAY,18,630.0975609756098,568.4878048780488
Mattar,DT25,WEEKDAY,19,242.78048780487805,427.6585365853659
Mattar,DT25,WEEKDAY,20,138.97560975609755,275.5609756097561
Mattar,DT25,WEEKDAY,21,106.97560975609755,288.8292682926829
Mattar,DT25,WEEKDAY,22,72.1951219512195,234.97560975609755
Mattar,DT25,WEEKDAY,23,27.463414634146343,143.1219512195122
Mattar,DT25,WEEKENDS/HOLIDAY,0,1.6842105263157894,13.894736842105264
Mattar,DT25,WEEKENDS/HOLIDAY,5,11.052631578947368,2.210526315789474
Mattar,DT25,WEEKENDS/HOLIDAY,6,110.84210526315789,47.473684210526315
Mattar,DT25,WEEKENDS/HOLIDAY,7,163.3684210526316,96.0
Mattar,DT25,WEEKENDS/HOLIDAY,8,191.3684210526316,201.26315789473685
Mattar,DT25,WEEKENDS/HOLIDAY,9,189.89473684210526,126.94736842105263
Mattar,DT25,WEEKENDS/HOLIDAY,10,234.6315789473684,125.57894736842105
Mattar,DT25,WEEKENDS/HOLIDAY,11,208.42105263157896,106.21052631578948
Mattar,DT25,WEEKENDS/HOLIDAY,12,236.10526315789474,114.63157894736842
Mattar,DT25,WEEKENDS/HOLIDAY,13,181.3684210526316,147.89473684210526
Mattar,DT25,WEEKENDS/HOLIDAY,14,172.6315789473684,156.52631578947367
Mattar,DT25,WEEKENDS/HOLIDAY,15,167.68421052631578,181.26315789473685
Mattar,DT25,WEEKENDS/HOLIDAY,16,213.57894736842104,168.31578947368422
Mattar,DT25,WEEKENDS/HOLIDAY,17,219.26315789473685,229.05263157894737
Mattar,DT25,WEEKENDS/HOLIDAY,18,234.94736842105263,216.52631578947367
Mattar,DT25,WEEKENDS/HOLIDAY,19,168.31578947368422,218.0
Mattar,DT25,WEEKENDS/HOLIDAY,20,105.6842105263158,223.05263157894737
Mattar,DT25,WEEKENDS/HOLIDAY,21,94.21052631578948,253.26315789473685
Mattar,DT25,WEEKENDS/HOLIDAY,22,75.26315789473684,227.68421052631578
Mattar,DT25,WEEKENDS/HOLIDAY,23,30.94736842105263,145.1578947368421
Maxwell,TE18,WEEKDAY,0,10.292682926829269,6.975609756097561
Maxwell,TE18,WEEKDAY,5,6.2926829268292686,1.170731707317073
Maxwell,TE18,WEEKDAY,6,44.292682926829265,149.0731707317073
Maxwell,TE18,WEEKDAY,7,105.5609756097561,386.5853658536585
Maxwell,TE18,WEEKDAY,8,171.9512195121951,1177.8536585365853
Maxwell,TE18,WEEKDAY,9,218.0,1186.0975609756097
Maxwell,TE18,WEEKDAY,10,269.219512195122,786.829268292683
Maxwell,TE18,WEEKDAY,11,397.2682926829268,798.6341463414634
Maxwell,TE18,WEEKDAY,12,609.6585365853658,795.0731707317074
Maxwell,TE18,WEEKDAY,13,744.3414634146342,580.7317073170732
Maxwell,TE18,WEEKDAY,14,621.4146341463414,448.2926829268293
Maxwell,TE18,WEEKDAY,15,558.2926829268292,394.3414634146341
Maxwell,TE18,WEEKDAY,16,597.9024390243902,406.0
Maxwell,TE18,WEEKDAY,17,960.7317073170732,536.0
Maxwell,TE18,WEEKDAY,18,1454.4878048780488,931.8536585365854
Maxwell,TE18,WEEKDAY,19,935.170731707317,593.9512195121952
Maxwell,TE18,WEEKDAY,20,768.7317073170732,291.0243902439024
Maxwell,TE18,WEEKDAY,21,750.5365853658536,208.2439024390244
Maxwell,TE18,WEEKDAY,22,608.8780487804878,127.26829268292683
Maxwell,TE18,WEEKDAY,23,258.9268292682927,52.09756097560975
Maxwell,TE18,WEEKENDS/HOLIDAY,0,8.0,8.631578947368421
Maxwell,TE18,WEEKENDS/HOLIDAY,5,2.736842105263158,0.21052631578947367
Maxwell,TE18,WEEKENDS/HOLIDAY,6,31.05263157894737,86.0
Maxwell,TE18,WEEKENDS/HOLIDAY,7,58.10526315789474,161.68421052631578
Maxwell,TE18,WEEKENDS/HOLIDAY,8,111.36842105263158,344.0
Maxwell,TE18,WEEKENDS/HOLIDAY,9,214.94736842105263,547.2631578947369
Maxwell,TE18,WEEKENDS/HOLIDAY,10,330.63157894736844,771.3684210526316
Maxwell,TE18,WEEKENDS/HOLIDAY,11,517.0526315789474,851.2631578947369
Maxwell,TE18,WEEKENDS/HOLIDAY,12,655.8947368421053,893.4736842105264
Maxwell,TE18,WEEKENDS/HOLIDAY,13,782.5263157894736,777.578947368421
Maxwell,TE18,WEEKENDS/HOLIDAY,14,877.578947368421,604.1052631578947
Maxwell,TE18,WEEKENDS/HOLIDAY,15,806.9473684210526,533.7894736842105
Maxwell,TE18,WEEKENDS/HOLIDAY,16,754.421052631579,495.1578947368421
Maxwell,TE18,WEEKENDS/HOLIDAY,17,722.7368421052631,610.5263157894736
Maxwell,TE18,WEEKENDS/HOLIDAY,18,632.9473684210526,717.4736842105264
Maxwell,TE18,WEEKENDS/HOLIDAY,19,643.0526315789474,507.89473684210526
Maxwell,TE18,WEEKENDS/HOLIDAY,20,623.7894736842105,345.57894736842104
Maxwell,TE18,WEEKENDS/HOLIDAY,21,564.0,254.6315789473684
Maxwell,TE18,WEEKENDS/HOLIDAY,22,452.10526315789474,143.3684210526316
Maxwell,TE18,WEEKENDS/HOLIDAY,23,220.0,65.05263157894737
Mayflower,TE6,WEEKDAY,0,7.7073170731707314,74.2439024390244
Mayflower,TE6,WEEKDAY,5,206.53658536585365,16.29268292682927
Mayflower,TE6,WEEKDAY,6,758.6341463414634,129.41463414634146
Mayflower,TE6,WEEKDAY,7,1766.2926829268292,380.9268292682927
Mayflower,TE6,WEEKDAY,8,2164.2926829268295,422.5365853658537
Mayflower,TE6,WEEKDAY,9,1103.8048780487804,250.73170731707316
Mayflower,TE6,WEEKDAY,10,648.0487804878048,192.2439024390244
Mayflower,TE6,WEEKDAY,11,531.5121951219512,215.9512195121951
Mayflower,TE6,WEEKDAY,12,494.6341463414634,274.4878048780488
Mayflower,TE6,WEEKDAY,13,447.0731707317073,307.8048780487805
Mayflower,TE6,WEEKDAY,14,355.7073170731707,317.0243902439024
Mayflower,TE6,WEEKDAY,15,305.7560975609756,389.3658536585366
Mayflower,TE6,WEEKDAY,16,369.0243902439024,539.5121951219512
Mayflower,TE6,WEEKDAY,17,521.3658536585366,1010.1951219512196
Mayflower,TE6,WEEKDAY,18,652.829268292683,1782.6829268292684
Mayflower,TE6,WEEKDAY,19,379.8536585365854,1356.878048780488
Mayflower,TE6,WEEKDAY,20,229.3658536585366,942.829268292683
Mayflower,TE6,WEEKDAY,21,206.4878048780488,896.4878048780488
Mayflower,TE6,WEEKDAY,22,149.3658536585366,814.780487804878
Mayflower,TE6,WEEKDAY,23,49.75609756097561,436.2926829268293
Mayflower,TE6,WEEKENDS/HOLIDAY,0,8.631578947368421,75.78947368421052
Mayflower,TE6,WEEKENDS/HOLIDAY,5,76.21052631578948,2.3157894736842106
Mayflower,TE6,WEEKENDS/HOLIDAY,6,337.36842105263156,67.36842105263158
Mayflower,TE6,WEEKENDS/HOLIDAY,7,487.1578947368421,149.57894736842104
Mayflower,TE6,WEEKENDS/HOLIDAY,8,661.1578947368421,267.6842105263158
Mayflower,TE6,WEEKENDS/HOLIDAY,9,781.2631578947369,255.3684210526316
Mayflower,TE6,WEEKENDS/HOLIDAY,10,724.3157894736842,250.31578947368422
Mayflower,TE6,WEEKENDS/HOLIDAY,11,651.3684210526316,283.1578947368421
Mayflower,TE6,WEEKENDS/HOLIDAY,12,614.7368421052631,348.0
Mayflower,TE6,WEEKENDS/HOLIDAY,13,538.421052631579,410.94736842105266
Mayflower,TE6,WEEKENDS/HOLIDAY,14,452.2105263157895,419.6842105263158
Mayflower,TE6,WEEKENDS/HOLIDAY,15,430.0,459.7894736842105
Mayflower,TE6,WEEKENDS/HOLIDAY,16,484.0,485.4736842105263
Mayflower,TE6,WEEKENDS/HOLIDAY,17,505.4736842105263,571.0526315789474
Mayflower,TE6,WEEKENDS/HOLIDAY,18,483.57894736842104,657.1578947368421
Mayflower,TE6,WEEKENDS/HOLIDAY,19,348.10526315789474,658.421052631579
Mayflower,TE6,WEEKENDS/HOLIDAY,20,233.1578947368421,690.8421052631579
Mayflower,TE6,WEEKENDS/HOLIDAY,21,198.8421052631579,780.5263157894736
Mayflower,TE6,WEEKENDS/HOLIDAY,22,147.05263157894737,783.6842105263158
Mayflower,TE6,WEEKENDS/HOLIDAY,23,56.8421052631579,445.05263157894734
Mountbatten,CC7,WEEKDAY,0,1.2195121951219512,14.24390243902439
Mountbatten,CC7,WEEKDAY,5,75.21951219512195,5.365853658536586
Mountbatten,CC7,WEEKDAY,6,259.609756097561,104.92682926829268
Mountbatten,CC7,WEEKDAY,7,578.2926829268292,356.5853658536585
Mountbatten,CC7,WEEKDAY,8,709.170731707317,656.4878048780488
Mountbatten,CC7,WEEKDAY,9,427.219512195122,386.9756097560976
Mountbatten,CC7,WEEKDAY,10,260.6829268292683,185.1219512195122
Mountbatten,CC7,WEEKDAY,11,294.7317073170732,180.78048780487805
Mountbatten,CC7,WEEKDAY,12,374.5853658536585,248.97560975609755
Mountbatten,CC7,WEEKDAY,13,289.9512195121951,334.5365853658537
Mountbatten,CC7,WEEKDAY,14,220.0487804878049,280.780487804878
Mountbatten,CC7,WEEKDAY,15,228.8780487804878,259.5121951219512
Mountbatten,CC7,WEEKDAY,16,302.9756097560976,323.1707317073171
Mountbatten,CC7,WEEKDAY,17,589.3658536585366,475.7560975609756
Mountbatten,CC7,WEEKDAY,18,652.2439024390244,876.5853658536586
Mountbatten,CC7,WEEKDAY,19,341.9024390243902,692.5853658536586
Mountbatten,CC7,WEEKDAY,20,228.0,459.2682926829268
Mountbatten,CC7,WEEKDAY,21,231.609756097561,389.7073170731707
Mountbatten,CC7,WEEKDAY,22,230.97560975609755,329.0243902439024
Mountbatten,CC7,WEEKDAY,23,49.073170731707314,156.78048780487805
Mountbatten,CC7,WEEKENDS/HOLIDAY,0,1.4736842105263157,17.36842105263158
Mountbatten,CC7,WEEKENDS/HOLIDAY,5,24.0,2.0
Mountbatten,CC7,WEEKENDS/HOLIDAY,6,125.05263157894737,73.47368421052632
Mountbatten,CC7,WEEKENDS/HOLIDAY,7,233.1578947368421,132.21052631578948
Mountbatten,CC7,WEEKENDS/HOLIDAY,8,283.4736842105263,215.78947368421052
Mountbatten,CC7,WEEKENDS/HOLIDAY,9,314.94736842105266,210.10526315789474
Mountbatten,CC7,WEEKENDS/HOLIDAY,10,335.2631578947368,219.78947368421052
Mountbatten,CC7,WEEKENDS/HOLIDAY,11,327.36842105263156,219.1578947368421
Mountbatten,CC7,WEEKENDS/HOLIDAY,12,334.3157894736842,251.3684210526316
Mountbatten,CC7,WEEKENDS/HOLIDAY,13,303.89473684210526,323.36842105263156
Mountbatten,CC7,WEEKENDS/HOLIDAY,14,274.63157894736844,325.89473684210526
Mountbatten,CC7,WEEKENDS/HOLIDAY,15,274.8421052631579,346.7368421052632
Mountbatten,CC7,WEEKENDS/HOLIDAY,16,330.42105263157896,343.6842105263158
Mountbatten,CC7,WEEKENDS/HOLIDAY,17,396.10526315789474,409.7894736842105
Mountbatten,CC7,WEEKENDS/HOLIDAY,18,379.6842105263158,383.4736842105263
Mountbatten,CC7,WEEKENDS/HOLIDAY,19,294.10526315789474,394.2105263157895
Mountbatten,CC7,WEEKENDS/HOLIDAY,20,216.6315789473684,400.94736842105266
Mountbatten,CC7,WEEKENDS/HOLIDAY,21,176.94736842105263,407.36842105263156
Mountbatten,CC7,WEEKENDS/HOLIDAY,22,149.68421052631578,344.8421052631579
Mountbatten,CC7,WEEKENDS/HOLIDAY,23,41.68421052631579,179.3684210526316
Napier,TE12,WEEKDAY,0,2.1463414634146343,3.8048780487804876
Napier,TE12,WEEKDAY,5,5.560975609756097,13.609756097560975
Napier,TE12,WEEKDAY,6,35.5609756097561,248.0
Napier,TE12,WEEKDAY,7,141.21951219512195,530.9268292682926
Napier,TE12,WEEKDAY,8,317.219512195122,1070.2439024390244
Napier,TE12,WEEKDAY,9,276.8780487804878,534.6341463414634
Napier,TE12,WEEKDAY,10,249.0731707317073,327.3658536585366
Napier,TE12,WEEKDAY,11,296.0975609756098,246.390243902439
Napier,TE12,WEEKDAY,12,353.7073170731707,223.02439024390245
Napier,TE12,WEEKDAY,13,231.70731707317074,307.5121951219512
Napier,TE12,WEEKDAY,14,198.2439024390244,294.7317073170732
Napier,TE12,WEEKDAY,15,289.219512195122,188.73170731707316
Napier,TE12,WEEKDAY,16,409.2682926829268,166.78048780487805
Napier,TE12,WEEKDAY,17,748.9756097560976,188.78048780487805
Napier,TE12,WEEKDAY,18,573.9024390243902,271.5609756097561
Napier,TE12,WEEKDAY,19,286.6341463414634,182.6829268292683
Napier,TE12,WEEKDAY,20,165.7560975609756,122.14634146341463
Napier,TE12,WEEKDAY,21,149.65853658536585,73.46341463414635
Napier,TE12,WEEKDAY,22,113.65853658536585,54.0
Napier,TE12,WEEKDAY,23,35.65853658536585,26.341463414634145
Napier,TE12,WEEKENDS/HOLIDAY,0,1.7894736842105263,3.8947368421052633
Napier,TE12,WEEKENDS/HOLIDAY,5,2.1052631578947367,2.3157894736842106
Napier,TE12,WEEKENDS/HOLIDAY,6,18.736842105263158,141.47368421052633
Napier,TE12,WEEKENDS/HOLIDAY,7,46.94736842105263,199.26315789473685
Napier,TE12,WEEKENDS/HOLIDAY,8,103.89473684210526,284.8421052631579
Napier,TE12,WEEKENDS/HOLIDAY,9,138.8421052631579,245.57894736842104
Napier,TE12,WEEKENDS/HOLIDAY,10,191.26315789473685,257.7894736842105
Napier,TE12,WEEKENDS/HOLIDAY,11,241.89473684210526,235.05263157894737
Napier,TE12,WEEKENDS/HOLIDAY,12,267.6842105263158,206.6315789473684
Napier,TE12,WEEKENDS/HOLIDAY,13,234.31578947368422,188.42105263157896
Napier,TE12,WEEKENDS/HOLIDAY,14,181.57894736842104,159.26315789473685
Napier,TE12,WEEKENDS/HOLIDAY,15,218.73684210526315,141.26315789473685
Napier,TE12,WEEKENDS/HOLIDAY,16,230.31578947368422,135.47368421052633
Napier,TE12,WEEKENDS/HOLIDAY,17,263.1578947368421,146.6315789473684
Napier,TE12,WEEKENDS/HOLIDAY,18,220.0,127.89473684210526
Napier,TE12,WEEKENDS/HOLIDAY,19,192.94736842105263,102.21052631578948
Napier,TE12,WEEKENDS/HOLIDAY,20,111.6842105263158,106.73684210526316
Napier,TE12,WEEKENDS/HOLIDAY,21,120.0,79.57894736842105
Napier,TE12,WEEKENDS/HOLIDAY,22,109.15789473684211,47.473684210526315
Napier,TE12,WEEKENDS/HOLIDAY,23,34.63157894736842,22.210526315789473
Newton,NS21/DT11,WEEKDAY,0,71.8048780487805,77.36585365853658
Newton,NS21/DT11,WEEKDAY,5,199.17073170731706,119.60975609756098
Newton,NS21/DT11,WEEKDAY,6,1094.3902439024391,1229.6097560975609
Newton,NS21/DT11,WEEKDAY,7,2907.0243902439024,3266.731707317073
Newton,NS21/DT11,WEEKDAY,8,5478.487804878048,6024.243902439024
Newton,NS21/DT11,WEEKDAY,9,3628.390243902439,3832.6341463414633
Newton,NS21/DT11,WEEKDAY,10,2306.0975609756097,2326.682926829268
Newton,NS21/DT11,WEEKDAY,11,2381.170731707317,2105.7073170731705
Newton,NS21/DT11,WEEKDAY,12,2808.1951219512193,2356.5365853658536
Newton,NS21/DT11,WEEKDAY,13,2315.2195121951218,2867.4146341463415
Newton,NS21/DT11,WEEKDAY,14,2158.5365853658536,2452.0
Newton,NS21/DT11,WEEKDAY,15,2182.048780487805,2261.8048780487807
Newton,NS21/DT11,WEEKDAY,16,2637.609756097561,2702.0975609756097
Newton,NS21/DT11,WEEKDAY,17,4546.585365853659,4378.09756097561
Newton,NS21/DT11,WEEKDAY,18,6923.8536585365855,6652.975609756098
Newton,NS21/DT11,WEEKDAY,19,3926.0975609756097,4190.4390243902435
Newton,NS21/DT11,WEEKDAY,20,2550.682926829268,2819.4634146341464
Newton,NS21/DT11,WEEKDAY,21,2466.048780487805,2859.268292682927
Newton,NS21/DT11,WEEKDAY,22,1863.5121951219512,2150.048780487805
Newton,NS21/DT11,WEEKDAY,23,995.7073170731708,992.4878048780488
Newton,NS21/DT11,WEEKENDS/HOLIDAY,0,74.0,89.05263157894737
Newton,NS21/DT11,WEEKENDS/HOLIDAY,5,51.578947368421055,31.36842105263158
Newton,NS21/DT11,WEEKENDS/HOLIDAY,6,682.2105263157895,708.2105263157895
Newton,NS21/DT11,WEEKENDS/HOLIDAY,7,1118.7368421052631,1387.2631578947369
Newton,NS21/DT11,WEEKENDS/HOLIDAY,8,1772.3157894736842,1878.0
Newton,NS21/DT11,WEEKENDS/HOLIDAY,9,2444.6315789473683,2460.2105263157896
Newton,NS21/DT11,WEEKENDS/HOLIDAY,10,2675.5789473684213,2692.2105263157896
Newton,NS21/DT11,WEEKENDS/HOLIDAY,11,2881.157894736842,2802.315789473684
Newton,NS21/DT11,WEEKENDS/HOLIDAY,12,2965.157894736842,2811.684210526316
Newton,NS21/DT11,WEEKENDS/HOLIDAY,13,2988.0,2983.3684210526317
Newton,NS21/DT11,WEEKENDS/HOLIDAY,14,2730.0,2827.4736842105262
Newton,NS21/DT11,WEEKENDS/HOLIDAY,15,2805.7894736842104,2874.315789473684
Newton,NS21/DT11,WEEKENDS/HOLIDAY,16,3081.8947368421054,3127.5789473684213
Newton,NS21/DT11,WEEKENDS/HOLIDAY,17,3395.684210526316,3525.4736842105262
Newton,NS21/DT11,WEEKENDS/HOLIDAY,18,3372.6315789473683,3554.5263157894738
Newton,NS21/DT11,WEEKENDS/HOLIDAY,19,2899.3684210526317,3096.0
Newton,NS21/DT11,WEEKENDS/HOLIDAY,20,2330.0,2617.0526315789475
Newton,NS21/DT11,WEEKENDS/HOLIDAY,21,2315.157894736842,2662.315789473684
Newton,NS21/DT11,WEEKENDS/HOLIDAY,22,1893.8947368421052,2079.684210526316
Newton,NS21/DT11,WEEKENDS/HOLIDAY,23,1127.4736842105262,1120.1052631578948
Nicoll Highway,CC5,WEEKDAY,0,0.7804878048780488,3.1707317073170733
Nicoll Highway,CC5,WEEKDAY,5,32.048780487804876,0.926829268292683
Nicoll Highway,CC5,WEEKDAY,6,100.97560975609755,85.1219512195122
Nicoll Highway,CC5,WEEKDAY,7,135.21951219512195,300.1951219512195
Nicoll Highway,CC5,WEEKDAY,8,183.26829268292684,835.2682926829268
Nicoll Highway,CC5,WEEKDAY,9,150.4878048780488,611.4634146341464
Nicoll Highway,CC5,WEEKDAY,10,110.4390243902439,269.9512195121951
Nicoll Highway,CC5,WEEKDAY,11,172.29268292682926,217.41463414634146
Nicoll Highway,CC5,WEEKDAY,12,245.90243902439025,288.7317073170732
Nicoll Highway,CC5,WEEKDAY,13,277.5609756097561,283.7560975609756
Nicoll Highway,CC5,WEEKDAY,14,206.0,208.2439024390244
Nicoll Highway,CC5,WEEKDAY,15,198.14634146341464,169.609756097561
Nicoll Highway,CC5,WEEKDAY,16,263.0731707317073,187.609756097561
Nicoll Highway,CC5,WEEKDAY,17,656.0,251.26829268292684
Nicoll Highway,CC5,WEEKDAY,18,877.8048780487804,385.4146341463415
Nicoll Highway,CC5,WEEKDAY,19,449.3170731707317,287.2682926829268
Nicoll Highway,CC5,WEEKDAY,20,282.0,191.5609756097561
Nicoll Highway,CC5,WEEKDAY,21,229.8048780487805,184.73170731707316
Nicoll Highway,CC5,WEEKDAY,22,182.0487804878049,136.6341463414634
Nicoll Highway,CC5,WEEKDAY,23,52.68292682926829,59.36585365853659
Nicoll Highway,CC5,WEEKENDS/HOLIDAY,0,0.631578947368421,4.842105263157895
Nicoll Highway,CC5,WEEKENDS/HOLIDAY,5,5.894736842105263,0.10526315789473684
Nicoll Highway,CC5,WEEKENDS/HOLIDAY,6,76.0,48.0
Nicoll Highway,CC5,WEEKENDS/HOLIDAY,7,88.3157894736842,113.89473684210526
Nicoll Highway,CC5,WEEKENDS/HOLIDAY,8,90.0,141.1578947368421
Nicoll Highway,CC5,WEEKENDS/HOLIDAY,9,108.52631578947368,204.6315789473684
Nicoll Highway,CC5,WEEKENDS/HOLIDAY,10,142.42105263157896,313.89473684210526
Nicoll Highway,CC5,WEEKENDS/HOLIDAY,11,186.21052631578948,305.6842105263158
Nicoll Highway,CC5,WEEKENDS/HOLIDAY,12,247.26315789473685,375.89473684210526
Nicoll Highway,CC5,WEEKENDS/HOLIDAY,13,319.2631578947368,470.2105263157895
Nicoll Highway,CC5,WEEKENDS/HOLIDAY,14,295.1578947368421,376.3157894736842
Nicoll Highway,CC5,WEEKENDS/HOLIDAY,15,324.7368421052632,322.10526315789474
Nicoll Highway,CC5,WEEKENDS/HOLIDAY,16,509.2631578947368,346.42105263157896
Nicoll Highway,CC5,WEEKENDS/HOLIDAY,17,488.94736842105266,280.2105263157895
Nicoll Highway,CC5,WEEKENDS/HOLIDAY,18,377.57894736842104,269.1578947368421
Nicoll Highway,CC5,WEEKENDS/HOLIDAY,19,433.1578947368421,252.94736842105263
Nicoll Highway,CC5,WEEKENDS/HOLIDAY,20,282.3157894736842,207.1578947368421
Nicoll Highway,CC5,WEEKENDS/HOLIDAY,21,248.52631578947367,207.68421052631578
Nicoll Highway,CC5,WEEKENDS/HOLIDAY,22,160.21052631578948,143.57894736842104
Nicoll Highway,CC5,WEEKENDS/HOLIDAY,23,64.21052631578948,68.84210526315789
Novena,NS20,WEEKDAY,0,9.75609756097561,15.414634146341463
Novena,NS20,WEEKDAY,5,39.65853658536585,95.17073170731707
Novena,NS20,WEEKDAY,6,230.4878048780488,1647.2682926829268
Novena,NS20,WEEKDAY,7,797.5121951219512,4416.09756097561
Novena,NS20,WEEKDAY,8,1591.3658536585365,7512.878048780488
Novena,NS20,WEEKDAY,9,1292.439024390244,4012.1951219512193
Novena,NS20,WEEKDAY,10,1324.780487804878,2332.7804878048782
Novena,NS20,WEEKDAY,11,1868.878048780488,2213.317073170732
Novena,NS20,WEEKDAY,12,2400.439024390244,2487.317073170732
Novena,NS20,WEEKDAY,13,2257.121951219512,2434.5853658536585
Novena,NS20,WEEKDAY,14,2030.8292682926829,1932.780487804878
Novena,NS20,WEEKDAY,15,2367.6585365853657,1448.341463414634
Novena,NS20,WEEKDAY,16,3014.878048780488,1417.7560975609756
Novena,NS20,WEEKDAY,17,6291.756097560976,1650.780487804878
Novena,NS20,WEEKDAY,18,6486.1463414634145,2575.6585365853657
Novena,NS20,WEEKDAY,19,3268.829268292683,1735.7073170731708
Novena,NS20,WEEKDAY,20,2293.0243902439024,811.0731707317074
Novena,NS20,WEEKDAY,21,2104.487804878049,563.9024390243902
Novena,NS20,WEEKDAY,22,715.7073170731708,388.1463414634146
Novena,NS20,WEEKDAY,23,160.78048780487805,136.53658536585365
Novena,NS20,WEEKENDS/HOLIDAY,0,8.31578947368421,16.736842105263158
Novena,NS20,WEEKENDS/HOLIDAY,5,12.947368421052632,19.36842105263158
Novena,NS20,WEEKENDS/HOLIDAY,6,116.42105263157895,900.9473684210526
Novena,NS20,WEEKENDS/HOLIDAY,7,344.63157894736844,1061.3684210526317
Novena,NS20,WEEKENDS/HOLIDAY,8,717.1578947368421,1529.578947368421
Novena,NS20,WEEKENDS/HOLIDAY,9,1001.8947368421053,1953.2631578947369
Novena,NS20,WEEKENDS/HOLIDAY,10,1023.2631578947369,1843.578947368421
Novena,NS20,WEEKENDS/HOLIDAY,11,1811.0526315789473,2092.5263157894738
Novena,NS20,WEEKENDS/HOLIDAY,12,1748.1052631578948,1930.2105263157894
Novena,NS20,WEEKENDS/HOLIDAY,13,2233.157894736842,1425.7894736842106
Novena,NS20,WEEKENDS/HOLIDAY,14,1893.6842105263158,1169.6842105263158
Novena,NS20,WEEKENDS/HOLIDAY,15,1742.421052631579,1198.5263157894738
Novena,NS20,WEEKENDS/HOLIDAY,16,1656.421052631579,1426.421052631579
Novena,NS20,WEEKENDS/HOLIDAY,17,1477.4736842105262,1643.4736842105262
Novena,NS20,WEEKENDS/HOLIDAY,18,1712.842105263158,1358.9473684210527
Novena,NS20,WEEKENDS/HOLIDAY,19,1826.1052631578948,1150.9473684210527
Novena,NS20,WEEKENDS/HOLIDAY,20,1577.2631578947369,703.578947368421
Novena,NS20,WEEKENDS/HOLIDAY,21,1416.0,530.8421052631579
Novena,NS20,WEEKENDS/HOLIDAY,22,564.8421052631579,374.10526315789474
Novena,NS20,WEEKENDS/HOLIDAY,23,141.68421052631578,143.3684210526316
Orchard,TE14/NS22,WEEKDAY,0,23.51219512195122,27.21951219512195
Orchard,TE14/NS22,WEEKDAY,5,47.5609756097561,76.14634146341463
Orchard,TE14/NS22,WEEKDAY,6,221.65853658536585,1180.5853658536585
Orchard,TE14/NS22,WEEKDAY,7,657.5121951219512,2851.7073170731705
Orchard,TE14/NS22,WEEKDAY,8,1206.9268292682927,6060.341463414634
Orchard,TE14/NS22,WEEKDAY,9,1096.9756097560976,5847.609756097561
Orchard,TE14/NS22,WEEKDAY,10,1341.2682926829268,4444.975609756098
Orchard,TE14/NS22,WEEKDAY,11,1824.341463414634,4587.317073170731
Orchard,TE14/NS22,WEEKDAY,12,2599.7073170731705,5093.024390243902
Orchard,TE14/NS22,WEEKDAY,13,3811.512195121951,4100.878048780488
Orchard,TE14/NS22,WEEKDAY,14,3473.121951219512,3503.268292682927
Orchard,TE14/NS22,WEEKDAY,15,3664.731707317073,3465.170731707317
Orchard,TE14/NS22,WEEKDAY,16,4224.634146341464,3377.4634146341464
Orchard,TE14/NS22,WEEKDAY,17,5837.317073170731,4154.09756097561
Orchard,TE14/NS22,WEEKDAY,18,7511.512195121952,5893.658536585366
Orchard,TE14/NS22,WEEKDAY,19,5464.390243902439,3374.682926829268
Orchard,TE14/NS22,WEEKDAY,20,5039.707317073171,1658.2926829268292
Orchard,TE14/NS22,WEEKDAY,21,5739.365853658536,988.3414634146342
Orchard,TE14/NS22,WEEKDAY,22,3027.951219512195,606.6341463414634
Orchard,TE14/NS22,WEEKDAY,23,771.8048780487804,227.5609756097561
Orchard,TE14/NS22,WEEKENDS/HOLIDAY,0,28.105263157894736,29.473684210526315
Orchard,TE14/NS22,WEEKENDS/HOLIDAY,5,21.157894736842106,18.105263157894736
Orchard,TE14/NS22,WEEKENDS/HOLIDAY,6,164.73684210526315,719.1578947368421
Orchard,TE14/NS22,WEEKENDS/HOLIDAY,7,332.10526315789474,1500.1052631578948
Orchard,TE14/NS22,WEEKENDS/HOLIDAY,8,568.0,2937.4736842105262
Orchard,TE14/NS22,WEEKENDS/HOLIDAY,9,1136.7368421052631,5449.0526315789475
Orchard,TE14/NS22,WEEKENDS/HOLIDAY,10,2036.3157894736842,5825.578947368421
Orchard,TE14/NS22,WEEKENDS/HOLIDAY,11,2796.4210526315787,6276.8421052631575
Orchard,TE14/NS22,WEEKENDS/HOLIDAY,12,3444.315789473684,5954.105263157895
Orchard,TE14/NS22,WEEKENDS/HOLIDAY,13,4161.789473684211,6054.8421052631575
Orchard,TE14/NS22,WEEKENDS/HOLIDAY,14,4659.473684210527,5703.578947368421
Orchard,TE14/NS22,WEEKENDS/HOLIDAY,15,5483.368421052632,5510.526315789473
Orchard,TE14/NS22,WEEKENDS/HOLIDAY,16,6239.789473684211,5297.473684210527
Orchard,TE14/NS22,WEEKENDS/HOLIDAY,17,6710.9473684210525,4719.368421052632
Orchard,TE14/NS22,WEEKENDS/HOLIDAY,18,6325.578947368421,4039.8947368421054
Orchard,TE14/NS22,WEEKENDS/HOLIDAY,19,5686.526315789473,2848.7368421052633
Orchard,TE14/NS22,WEEKENDS/HOLIDAY,20,4884.9473684210525,1774.0
Orchard,TE14/NS22,WEEKENDS/HOLIDAY,21,5419.578947368421,1119.7894736842106
Orchard,TE14/NS22,WEEKENDS/HOLIDAY,22,3094.0,635.4736842105264
Orchard,TE14/NS22,WEEKENDS/HOLIDAY,23,875.4736842105264,269.57894736842104
Orchard Boulevard,TE13,WEEKDAY,0,1.6585365853658536,5.560975609756097
Orchard Boulevard,TE13,WEEKDAY,5,4.439024390243903,5.463414634146342
Orchard Boulevard,TE13,WEEKDAY,6,24.24390243902439,136.97560975609755
Orchard Boulevard,TE13,WEEKDAY,7,92.97560975609755,376.8780487804878
Orchard Boulevard,TE13,WEEKDAY,8,178.8780487804878,591.609756097561
Orchard Boulevard,TE13,WEEKDAY,9,187.609756097561,444.7317073170732
Orchard Boulevard,TE13,WEEKDAY,10,212.97560975609755,261.219512195122
Orchard Boulevard,TE13,WEEKDAY,11,248.34146341463415,213.3170731707317
Orchard Boulevard,TE13,WEEKDAY,12,295.609756097561,221.46341463414635
Orchard Boulevard,TE13,WEEKDAY,13,197.90243902439025,261.7073170731707
Orchard Boulevard,TE13,WEEKDAY,14,206.6829268292683,260.3414634146341
Orchard Boulevard,TE13,WEEKDAY,15,243.609756097561,214.0487804878049
Orchard Boulevard,TE13,WEEKDAY,16,273.9512195121951,212.09756097560975
Orchard Boulevard,TE13,WEEKDAY,17,467.9024390243902,222.73170731707316
Orchard Boulevard,TE13,WEEKDAY,18,506.6341463414634,302.0487804878049
Orchard Boulevard,TE13,WEEKDAY,19,293.6585365853659,205.7560975609756
Orchard Boulevard,TE13,WEEKDAY,20,225.0731707317073,120.6829268292683
Orchard Boulevard,TE13,WEEKDAY,21,167.85365853658536,120.78048780487805
Orchard Boulevard,TE13,WEEKDAY,22,132.29268292682926,91.36585365853658
Orchard Boulevard,TE13,WEEKDAY,23,52.53658536585366,34.146341463414636
Orchard Boulevard,TE13,WEEKENDS/HOLIDAY,0,2.736842105263158,5.7894736842105265
Orchard Boulevard,TE13,WEEKENDS/HOLIDAY,5,1.368421052631579,0.9473684210526315
Orchard Boulevard,TE13,WEEKENDS/HOLIDAY,6,19.894736842105264,78.73684210526316
Orchard Boulevard,TE13,WEEKENDS/HOLIDAY,7,44.63157894736842,213.3684210526316
Orchard Boulevard,TE13,WEEKENDS/HOLIDAY,8,84.52631578947368,210.52631578947367
Orchard Boulevard,TE13,WEEKENDS/HOLIDAY,9,160.10526315789474,230.94736842105263
Orchard Boulevard,TE13,WEEKENDS/HOLIDAY,10,200.73684210526315,216.31578947368422
Orchard Boulevard,TE13,WEEKENDS/HOLIDAY,11,209.1578947368421,228.8421052631579
Orchard Boulevard,TE13,WEEKENDS/HOLIDAY,12,214.31578947368422,207.3684210526316
Orchard Boulevard,TE13,WEEKENDS/HOLIDAY,13,192.73684210526315,184.31578947368422
Orchard Boulevard,TE13,WEEKENDS/HOLIDAY,14,202.8421052631579,200.8421052631579
Orchard Boulevard,TE13,WEEKENDS/HOLIDAY,15,219.26315789473685,193.05263157894737
Orchard Boulevard,TE13,WEEKENDS/HOLIDAY,16,211.26315789473685,173.1578947368421
Orchard Boulevard,TE13,WEEKENDS/HOLIDAY,17,248.31578947368422,194.73684210526315
Orchard Boulevard,TE13,WEEKENDS/HOLIDAY,18,237.1578947368421,210.10526315789474
Orchard Boulevard,TE13,WEEKENDS/HOLIDAY,19,211.3684210526316,167.1578947368421
Orchard Boulevard,TE13,WEEKENDS/HOLIDAY,20,167.1578947368421,147.57894736842104
Orchard Boulevard,TE13,WEEKENDS/HOLIDAY,21,140.42105263157896,140.6315789473684
Orchard Boulevard,TE13,WEEKENDS/HOLIDAY,22,128.8421052631579,110.3157894736842
Orchard Boulevard,TE13,WEEKENDS/HOLIDAY,23,63.473684210526315,45.78947368421053
Outram Park,EW16/NE3/TE17,WEEKDAY,0,6.146341463414634,37.21951219512195
Outram Park,EW16/NE3/TE17,WEEKDAY,5,83.60975609756098,12.292682926829269
Outram Park,EW16/NE3/TE17,WEEKDAY,6,481.3658536585366,1818.7317073170732
Outram Park,EW16/NE3/TE17,WEEKDAY,7,1121.4146341463415,5181.365853658536
Outram Park,EW16/NE3/TE17,WEEKDAY,8,1776.9756097560976,6325.268292682927
Outram Park,EW16/NE3/TE17,WEEKDAY,9,1449.0243902439024,3510.878048780488
Outram Park,EW16/NE3/TE17,WEEKDAY,10,1377.3170731707316,1935.7073170731708
Outram Park,EW16/NE3/TE17,WEEKDAY,11,1916.6829268292684,1533.8048780487804
Outram Park,EW16/NE3/TE17,WEEKDAY,12,2317.951219512195,1883.0243902439024
Outram Park,EW16/NE3/TE17,WEEKDAY,13,1446.1463414634147,2402.487804878049
Outram Park,EW16/NE3/TE17,WEEKDAY,14,1457.658536585366,1701.9512195121952
Outram Park,EW16/NE3/TE17,WEEKDAY,15,1854.2926829268292,1128.8292682926829
Outram Park,EW16/NE3/TE17,WEEKDAY,16,2752.7804878048782,927.4634146341464
Outram Park,EW16/NE3/TE17,WEEKDAY,17,6025.951219512195,1283.560975609756
Outram Park,EW16/NE3/TE17,WEEKDAY,18,6185.121951219512,1955.560975609756
Outram Park,EW16/NE3/TE17,WEEKDAY,19,2569.4634146341464,1403.8536585365853
Outram Park,EW16/NE3/TE17,WEEKDAY,20,1724.6829268292684,931.0243902439024
Outram Park,EW16/NE3/TE17,WEEKDAY,21,1681.4634146341464,735.4146341463414
Outram Park,EW16/NE3/TE17,WEEKDAY,22,927.609756097561,557.609756097561
Outram Park,EW16/NE3/TE17,WEEKDAY,23,323.4146341463415,276.2926829268293
Outram Park,EW16/NE3/TE17,WEEKENDS/HOLIDAY,0,4.631578947368421,51.78947368421053
Outram Park,EW16/NE3/TE17,WEEKENDS/HOLIDAY,5,26.105263157894736,3.473684210526316
Outram Park,EW16/NE3/TE17,WEEKENDS/HOLIDAY,6,253.1578947368421,703.578947368421
Outram Park,EW16/NE3/TE17,WEEKENDS/HOLIDAY,7,575.3684210526316,996.7368421052631
Outram Park,EW16/NE3/TE17,WEEKENDS/HOLIDAY,8,755.1578947368421,950.421052631579
Outram Park,EW16/NE3/TE17,WEEKENDS/HOLIDAY,9,799.1578947368421,966.421052631579
Outram Park,EW16/NE3/TE17,WEEKENDS/HOLIDAY,10,952.1052631578947,1133.2631578947369
Outram Park,EW16/NE3/TE17,WEEKENDS/HOLIDAY,11,1102.2105263157894,1206.7368421052631
Outram Park,EW16/NE3/TE17,WEEKENDS/HOLIDAY,12,1348.0,1323.0526315789473
Outram Park,EW16/NE3/TE17,WEEKENDS/HOLIDAY,13,1289.4736842105262,1101.578947368421
Outram Park,EW16/NE3/TE17,WEEKENDS/HOLIDAY,14,1178.1052631578948,972.1052631578947
Outram Park,EW16/NE3/TE17,WEEKENDS/HOLIDAY,15,1248.1052631578948,926.0
Outram Park,EW16/NE3/TE17,WEEKENDS/HOLIDAY,16,1399.157894736842,924.1052631578947
Outram Park,EW16/NE3/TE17,WEEKENDS/HOLIDAY,17,1432.0,1046.6315789473683
Outram Park,EW16/NE3/TE17,WEEKENDS/HOLIDAY,18,1214.0,1034.3157894736842
Outram Park,EW16/NE3/TE17,WEEKENDS/HOLIDAY,19,1149.8947368421052,1018.8421052631579
Outram Park,EW16/NE3/TE17,WEEKENDS/HOLIDAY,20,1031.3684210526317,899.4736842105264
Outram Park,EW16/NE3/TE17,WEEKENDS/HOLIDAY,21,1082.6315789473683,722.6315789473684
Outram Park,EW16/NE3/TE17,WEEKENDS/HOLIDAY,22,664.6315789473684,559.0526315789474
Outram Park,EW16/NE3/TE17,WEEKENDS/HOLIDAY,23,264.42105263157896,328.8421052631579
Pasir Panjang,CC26,WEEKDAY,0,0.0975609756097561,3.024390243902439
Pasir Panjang,CC26,WEEKDAY,5,18.048780487804876,10.390243902439025
Pasir Panjang,CC26,WEEKDAY,6,85.02439024390245,666.2926829268292
Pasir Panjang,CC26,WEEKDAY,7,342.1951219512195,1012.390243902439
Pasir Panjang,CC26,WEEKDAY,8,311.1219512195122,1382.9268292682927
Pasir Panjang,CC26,WEEKDAY,9,184.4390243902439,730.4878048780488
Pasir Panjang,CC26,WEEKDAY,10,140.97560975609755,189.9512195121951
Pasir Panjang,CC26,WEEKDAY,11,210.14634146341464,129.7560975609756
Pasir Panjang,CC26,WEEKDAY,12,286.0975609756098,162.53658536585365
Pasir Panjang,CC26,WEEKDAY,13,184.8780487804878,267.2682926829268
Pasir Panjang,CC26,WEEKDAY,14,145.1219512195122,167.70731707317074
Pasir Panjang,CC26,WEEKDAY,15,172.390243902439,118.97560975609755
Pasir Panjang,CC26,WEEKDAY,16,359.4146341463415,132.97560975609755
Pasir Panjang,CC26,WEEKDAY,17,1303.1707317073171,243.90243902439025
Pasir Panjang,CC26,WEEKDAY,18,1364.341463414634,481.6585365853659
Pasir Panjang,CC26,WEEKDAY,19,681.2682926829268,310.8780487804878
Pasir Panjang,CC26,WEEKDAY,20,296.6829268292683,185.9512195121951
Pasir Panjang,CC26,WEEKDAY,21,146.6341463414634,148.14634146341464
Pasir Panjang,CC26,WEEKDAY,22,110.14634146341463,84.97560975609755
Pasir Panjang,CC26,WEEKDAY,23,25.024390243902438,34.63414634146341
Pasir Panjang,CC26,WEEKENDS/HOLIDAY,0,0.3157894736842105,5.368421052631579
Pasir Panjang,CC26,WEEKENDS/HOLIDAY,5,9.052631578947368,2.1052631578947367
Pasir Panjang,CC26,WEEKENDS/HOLIDAY,6,41.36842105263158,252.73684210526315
Pasir Panjang,CC26,WEEKENDS/HOLIDAY,7,226.0,245.78947368421052
Pasir Panjang,CC26,WEEKENDS/HOLIDAY,8,164.8421052631579,154.21052631578948
Pasir Panjang,CC26,WEEKENDS/HOLIDAY,9,119.89473684210526,174.8421052631579
Pasir Panjang,CC26,WEEKENDS/HOLIDAY,10,132.0,103.26315789473684
Pasir Panjang,CC26,WEEKENDS/HOLIDAY,11,147.26315789473685,85.78947368421052
Pasir Panjang,CC26,WEEKENDS/HOLIDAY,12,142.42105263157896,114.0
Pasir Panjang,CC26,WEEKENDS/HOLIDAY,13,124.10526315789474,124.63157894736842
Pasir Panjang,CC26,WEEKENDS/HOLIDAY,14,122.10526315789474,115.78947368421052
Pasir Panjang,CC26,WEEKENDS/HOLIDAY,15,148.73684210526315,105.47368421052632
Pasir Panjang,CC26,WEEKENDS/HOLIDAY,16,136.0,100.73684210526316
Pasir Panjang,CC26,WEEKENDS/HOLIDAY,17,205.78947368421052,178.6315789473684
Pasir Panjang,CC26,WEEKENDS/HOLIDAY,18,187.57894736842104,294.10526315789474
Pasir Panjang,CC26,WEEKENDS/HOLIDAY,19,333.57894736842104,215.3684210526316
Pasir Panjang,CC26,WEEKENDS/HOLIDAY,20,136.52631578947367,172.94736842105263
Pasir Panjang,CC26,WEEKENDS/HOLIDAY,21,59.26315789473684,150.0
Pasir Panjang,CC26,WEEKENDS/HOLIDAY,22,70.94736842105263,81.15789473684211
Pasir Panjang,CC26,WEEKENDS/HOLIDAY,23,22.31578947368421,32.73684210526316
Pasir Ris,EW1,WEEKDAY,0,0.04878048780487805,214.390243902439
Pasir Ris,EW1,WEEKDAY,5,466.0975609756098,28.24390243902439
Pasir Ris,EW1,WEEKDAY,6,1679.2682926829268,456.5365853658537
Pasir Ris,EW1,WEEKDAY,7,4244.4390243902435,1211.8048780487804
Pasir Ris,EW1,WEEKDAY,8,5124.1463414634145,1019.2682926829268
Pasir Ris,EW1,WEEKDAY,9,2296.878048780488,688.4878048780488
Pasir Ris,EW1,WEEKDAY,10,1489.3658536585365,622.780487804878
Pasir Ris,EW1,WEEKDAY,11,1349.5121951219512,702.439024390244
Pasir Ris,EW1,WEEKDAY,12,1324.1463414634147,880.3414634146342
Pasir Ris,EW1,WEEKDAY,13,1192.5853658536585,1014.4878048780488
Pasir Ris,EW1,WEEKDAY,14,1042.341463414634,1044.878048780488
Pasir Ris,EW1,WEEKDAY,15,972.5853658536586,1175.9512195121952
Pasir Ris,EW1,WEEKDAY,16,1166.1463414634147,1411.6097560975609
Pasir Ris,EW1,WEEKDAY,17,1795.7073170731708,2319.951219512195
Pasir Ris,EW1,WEEKDAY,18,1936.1463414634147,4705.609756097561
Pasir Ris,EW1,WEEKDAY,19,1123.7073170731708,3855.121951219512
Pasir Ris,EW1,WEEKDAY,20,713.0243902439024,2247.317073170732
Pasir Ris,EW1,WEEKDAY,21,685.3658536585366,1939.6097560975609
Pasir Ris,EW1,WEEKDAY,22,451.8536585365854,1628.5365853658536
Pasir Ris,EW1,WEEKDAY,23,86.34146341463415,790.0975609756098
Pasir Ris,EW1,WEEKENDS/HOLIDAY,0,0.0,206.6315789473684
Pasir Ris,EW1,WEEKENDS/HOLIDAY,5,179.26315789473685,15.052631578947368
Pasir Ris,EW1,WEEKENDS/HOLIDAY,6,558.8421052631579,149.57894736842104
Pasir Ris,EW1,WEEKENDS/HOLIDAY,7,940.421052631579,592.5263157894736
Pasir Ris,EW1,WEEKENDS/HOLIDAY,8,1392.5263157894738,626.0
Pasir Ris,EW1,WEEKENDS/HOLIDAY,9,1712.3157894736842,722.6315789473684
Pasir Ris,EW1,WEEKENDS/HOLIDAY,10,1749.578947368421,759.8947368421053
Pasir Ris,EW1,WEEKENDS/HOLIDAY,11,1695.578947368421,858.6315789473684
Pasir Ris,EW1,WEEKENDS/HOLIDAY,12,1607.0526315789473,1063.7894736842106
Pasir Ris,EW1,WEEKENDS/HOLIDAY,13,1472.9473684210527,1226.1052631578948
Pasir Ris,EW1,WEEKENDS/HOLIDAY,14,1373.0526315789473,1247.6842105263158
Pasir Ris,EW1,WEEKENDS/HOLIDAY,15,1343.6842105263158,1353.157894736842
Pasir Ris,EW1,WEEKENDS/HOLIDAY,16,1424.5263157894738,1512.1052631578948
Pasir Ris,EW1,WEEKENDS/HOLIDAY,17,1578.7368421052631,1776.9473684210527
Pasir Ris,EW1,WEEKENDS/HOLIDAY,18,1409.7894736842106,1854.3157894736842
Pasir Ris,EW1,WEEKENDS/HOLIDAY,19,1036.1052631578948,1763.2631578947369
Pasir Ris,EW1,WEEKENDS/HOLIDAY,20,807.6842105263158,1654.1052631578948
Pasir Ris,EW1,WEEKENDS/HOLIDAY,21,657.0526315789474,1628.421052631579
Pasir Ris,EW1,WEEKENDS/HOLIDAY,22,501.6842105263158,1442.7368421052631
Pasir Ris,EW1,WEEKENDS/HOLIDAY,23,97.47368421052632,826.3157894736842
Paya Lebar,EW8/CC9,WEEKDAY,0,27.609756097560975,62.8780487804878
Paya Lebar,EW8/CC9,WEEKDAY,5,155.8048780487805,60.53658536585366
Paya Lebar,EW8/CC9,WEEKDAY,6,1090.2439024390244,719.219512195122
Paya Lebar,EW8/CC9,WEEKDAY,7,2027.658536585366,2130.1463414634145
Paya Lebar,EW8/CC9,WEEKDAY,8,2514.048780487805,4972.4390243902435
Paya Lebar,EW8/CC9,WEEKDAY,9,1658.5365853658536,4014.9268292682927
Paya Lebar,EW8/CC9,WEEKDAY,10,1196.780487804878,2446.243902439024
Paya Lebar,EW8/CC9,WEEKDAY,11,1497.4146341463415,2304.829268292683
Paya Lebar,EW8/CC9,WEEKDAY,12,2108.2926829268295,2734.1951219512193
Paya Lebar,EW8/CC9,WEEKDAY,13,2594.878048780488,2411.4146341463415
Paya Lebar,EW8/CC9,WEEKDAY,14,2173.4634146341464,1970.780487804878
Paya Lebar,EW8/CC9,WEEKDAY,15,2135.4634146341464,1939.3170731707316
Paya Lebar,EW8/CC9,WEEKDAY,16,2612.243902439024,2136.829268292683
Paya Lebar,EW8/CC9,WEEKDAY,17,4818.682926829269,3280.1463414634145
Paya Lebar,EW8/CC9,WEEKDAY,18,6468.682926829269,6106.195121951219
Paya Lebar,EW8/CC9,WEEKDAY,19,4077.560975609756,4073.7073170731705
Paya Lebar,EW8/CC9,WEEKDAY,20,3235.2195121951218,2065.0731707317073
Paya Lebar,EW8/CC9,WEEKDAY,21,2997.8536585365855,1434.878048780488
Paya Lebar,EW8/CC9,WEEKDAY,22,1700.5365853658536,1068.0487804878048
Paya Lebar,EW8/CC9,WEEKDAY,23,528.0,517.8536585365854
Paya Lebar,EW8/CC9,WEEKENDS/HOLIDAY,0,24.31578947368421,79.47368421052632
Paya Lebar,EW8/CC9,WEEKENDS/HOLIDAY,5,61.68421052631579,11.052631578947368
Paya Lebar,EW8/CC9,WEEKENDS/HOLIDAY,6,587.4736842105264,447.57894736842104
Paya Lebar,EW8/CC9,WEEKENDS/HOLIDAY,7,892.2105263157895,1398.1052631578948
Paya Lebar,EW8/CC9,WEEKENDS/HOLIDAY,8,1020.2105263157895,2644.9473684210525
Paya Lebar,EW8/CC9,WEEKENDS/HOLIDAY,9,1913.0526315789473,4171.0526315789475
Paya Lebar,EW8/CC9,WEEKENDS/HOLIDAY,10,2478.842105263158,4747.368421052632
Paya Lebar,EW8/CC9,WEEKENDS/HOLIDAY,11,2996.2105263157896,3842.315789473684
Paya Lebar,EW8/CC9,WEEKENDS/HOLIDAY,12,3455.7894736842104,3590.0
Paya Lebar,EW8/CC9,WEEKENDS/HOLIDAY,13,3575.8947368421054,3482.5263157894738
Paya Lebar,EW8/CC9,WEEKENDS/HOLIDAY,14,3384.4210526315787,3148.9473684210525
Paya Lebar,EW8/CC9,WEEKENDS/HOLIDAY,15,3413.7894736842104,3246.9473684210525
Paya Lebar,EW8/CC9,WEEKENDS/HOLIDAY,16,4022.4210526315787,3442.315789473684
Paya Lebar,EW8/CC9,WEEKENDS/HOLIDAY,17,4681.578947368421,3584.315789473684
Paya Lebar,EW8/CC9,WEEKENDS/HOLIDAY,18,4397.368421052632,3430.7368421052633
Paya Lebar,EW8/CC9,WEEKENDS/HOLIDAY,19,3817.4736842105262,2758.7368421052633
Paya Lebar,EW8/CC9,WEEKENDS/HOLIDAY,20,2988.2105263157896,1856.421052631579
Paya Lebar,EW8/CC9,WEEKENDS/HOLIDAY,21,2595.4736842105262,1405.7894736842106
Paya Lebar,EW8/CC9,WEEKENDS/HOLIDAY,22,1538.7368421052631,1016.2105263157895
Paya Lebar,EW8/CC9,WEEKENDS/HOLIDAY,23,501.05263157894734,576.1052631578947
Pioneer,EW28,WEEKDAY,0,0.5853658536585366,178.34146341463415
Pioneer,EW28,WEEKDAY,5,831.5121951219512,57.951219512195124
Pioneer,EW28,WEEKDAY,6,2852.3414634146343,634.0975609756098
Pioneer,EW28,WEEKDAY,7,5929.463414634146,1914.0487804878048
Pioneer,EW28,WEEKDAY,8,4259.8536585365855,2119.8048780487807
Pioneer,EW28,WEEKDAY,9,1737.658536585366,960.0975609756098
Pioneer,EW28,WEEKDAY,10,1160.7317073170732,554.5853658536586
Pioneer,EW28,WEEKDAY,11,1047.2682926829268,489.7073170731707
Pioneer,EW28,WEEKDAY,12,1048.2439024390244,573.560975609756
Pioneer,EW28,WEEKDAY,13,933.9512195121952,633.7073170731708
Pioneer,EW28,WEEKDAY,14,773.3658536585366,630.6829268292682
Pioneer,EW28,WEEKDAY,15,796.8780487804878,692.7317073170732
Pioneer,EW28,WEEKDAY,16,1130.341463414634,944.9756097560976
Pioneer,EW28,WEEKDAY,17,2792.829268292683,2027.1707317073171
Pioneer,EW28,WEEKDAY,18,2623.268292682927,3409.121951219512
Pioneer,EW28,WEEKDAY,19,1289.7560975609756,2781.6585365853657
Pioneer,EW28,WEEKDAY,20,837.7560975609756,2060.6341463414633
Pioneer,EW28,WEEKDAY,21,576.7317073170732,1576.2926829268292
Pioneer,EW28,WEEKDAY,22,414.1463414634146,1293.5121951219512
Pioneer,EW28,WEEKDAY,23,136.8780487804878,674.1463414634146
Pioneer,EW28,WEEKENDS/HOLIDAY,0,0.8421052631578947,250.21052631578948
Pioneer,EW28,WEEKENDS/HOLIDAY,5,308.3157894736842,23.68421052631579
Pioneer,EW28,WEEKENDS/HOLIDAY,6,1121.578947368421,189.05263157894737
Pioneer,EW28,WEEKENDS/HOLIDAY,7,1634.5263157894738,740.2105263157895
Pioneer,EW28,WEEKENDS/HOLIDAY,8,1524.3157894736842,803.0526315789474
Pioneer,EW28,WEEKENDS/HOLIDAY,9,1494.9473684210527,556.2105263157895
Pioneer,EW28,WEEKENDS/HOLIDAY,10,1522.2105263157894,541.8947368421053
Pioneer,EW28,WEEKENDS/HOLIDAY,11,1509.578947368421,600.2105263157895
Pioneer,EW28,WEEKENDS/HOLIDAY,12,1502.9473684210527,732.2105263157895
Pioneer,EW28,WEEKENDS/HOLIDAY,13,1279.7894736842106,834.8421052631579
Pioneer,EW28,WEEKENDS/HOLIDAY,14,1134.1052631578948,875.2631578947369
Pioneer,EW28,WEEKENDS/HOLIDAY,15,1115.4736842105262,944.9473684210526
Pioneer,EW28,WEEKENDS/HOLIDAY,16,1240.0,1069.578947368421
Pioneer,EW28,WEEKENDS/HOLIDAY,17,1701.157894736842,1372.9473684210527
Pioneer,EW28,WEEKENDS/HOLIDAY,18,1503.8947368421052,1449.8947368421052
Pioneer,EW28,WEEKENDS/HOLIDAY,19,1036.421052631579,1493.3684210526317
Pioneer,EW28,WEEKENDS/HOLIDAY,20,772.1052631578947,1655.157894736842
Pioneer,EW28,WEEKENDS/HOLIDAY,21,518.6315789473684,1664.0
Pioneer,EW28,WEEKENDS/HOLIDAY,22,399.1578947368421,1462.1052631578948
Pioneer,EW28,WEEKENDS/HOLIDAY,23,107.15789473684211,863.6842105263158
Potong Pasir,NE10,WEEKDAY,0,5.317073170731708,20.390243902439025
Potong Pasir,NE10,WEEKDAY,5,79.60975609756098,27.609756097560975
Potong Pasir,NE10,WEEKDAY,6,525.219512195122,367.9512195121951
Potong Pasir,NE10,WEEKDAY,7,1217.0243902439024,1160.5365853658536
Potong Pasir,NE10,WEEKDAY,8,2048.878048780488,1754.878048780488
Potong Pasir,NE10,WEEKDAY,9,1214.2439024390244,939.9024390243902
Potong Pasir,NE10,WEEKDAY,10,770.8780487804878,541.1219512195122
Potong Pasir,NE10,WEEKDAY,11,783.560975609756,516.2926829268292
Potong Pasir,NE10,WEEKDAY,12,788.7317073170732,592.8780487804878
Potong Pasir,NE10,WEEKDAY,13,704.829268292683,694.8780487804878
Potong Pasir,NE10,WEEKDAY,14,584.4878048780488,637.9024390243902
Potong Pasir,NE10,WEEKDAY,15,607.9512195121952,678.1951219512196
Potong Pasir,NE10,WEEKDAY,16,758.1951219512196,744.5853658536586
Potong Pasir,NE10,WEEKDAY,17,1404.878048780488,1109.1707317073171
Potong Pasir,NE10,WEEKDAY,18,1843.3170731707316,1850.5853658536585
Potong Pasir,NE10,WEEKDAY,19,961.7560975609756,1420.6829268292684
Potong Pasir,NE10,WEEKDAY,20,582.6829268292682,957.4146341463414
Potong Pasir,NE10,WEEKDAY,21,435.609756097561,866.5853658536586
Potong Pasir,NE10,WEEKDAY,22,249.9512195121951,627.560975609756
Potong Pasir,NE10,WEEKDAY,23,104.8780487804878,300.0975609756098
Potong Pasir,NE10,WEEKENDS/HOLIDAY,0,4.7368421052631575,24.0
Potong Pasir,NE10,WEEKENDS/HOLIDAY,5,21.68421052631579,5.2631578947368425
Potong Pasir,NE10,WEEKENDS/HOLIDAY,6,238.42105263157896,163.3684210526316
Potong Pasir,NE10,WEEKENDS/HOLIDAY,7,393.05263157894734,296.8421052631579
Potong Pasir,NE10,WEEKENDS/HOLIDAY,8,609.2631578947369,468.5263157894737
Potong Pasir,NE10,WEEKENDS/HOLIDAY,9,737.3684210526316,499.6842105263158
Potong Pasir,NE10,WEEKENDS/HOLIDAY,10,851.6842105263158,547.2631578947369
Potong Pasir,NE10,WEEKENDS/HOLIDAY,11,879.7894736842105,594.421052631579
Potong Pasir,NE10,WEEKENDS/HOLIDAY,12,946.421052631579,644.9473684210526
Potong Pasir,NE10,WEEKENDS/HOLIDAY,13,911.1578947368421,743.6842105263158
Potong Pasir,NE10,WEEKENDS/HOLIDAY,14,696.2105263157895,715.3684210526316
Potong Pasir,NE10,WEEKENDS/HOLIDAY,15,682.6315789473684,725.3684210526316
Potong Pasir,NE10,WEEKENDS/HOLIDAY,16,776.9473684210526,714.7368421052631
Potong Pasir,NE10,WEEKENDS/HOLIDAY,17,854.0,771.1578947368421
Potong Pasir,NE10,WEEKENDS/HOLIDAY,18,820.7368421052631,822.7368421052631
Potong Pasir,NE10,WEEKENDS/HOLIDAY,19,647.1578947368421,783.7894736842105
Potong Pasir,NE10,WEEKENDS/HOLIDAY,20,454.42105263157896,773.3684210526316
Potong Pasir,NE10,WEEKENDS/HOLIDAY,21,326.10526315789474,760.7368421052631
Potong Pasir,NE10,WEEKENDS/HOLIDAY,22,228.31578947368422,610.2105263157895
Potong Pasir,NE10,WEEKENDS/HOLIDAY,23,107.47368421052632,277.36842105263156
Promenade,CC4/DT15,WEEKDAY,0,10.195121951219512,4.439024390243903
Promenade,CC4/DT15,WEEKDAY,5,5.414634146341464,12.585365853658537
Promenade,CC4/DT15,WEEKDAY,6,25.21951219512195,413.3658536585366
Promenade,CC4/DT15,WEEKDAY,7,84.04878048780488,1080.3902439024391
Promenade,CC4/DT15,WEEKDAY,8,185.7560975609756,3736.2926829268295
Promenade,CC4/DT15,WEEKDAY,9,210.09756097560975,3639.6585365853657
Promenade,CC4/DT15,WEEKDAY,10,273.0243902439024,1456.0
Promenade,CC4/DT15,WEEKDAY,11,591.560975609756,1270.6829268292684
Promenade,CC4/DT15,WEEKDAY,12,925.7560975609756,1616.780487804878
Promenade,CC4/DT15,WEEKDAY,13,1249.9512195121952,1389.5121951219512
Promenade,CC4/DT15,WEEKDAY,14,912.3414634146342,1040.6341463414635
Promenade,CC4/DT15,WEEKDAY,15,966.4878048780488,851.609756097561
Promenade,CC4/DT15,WEEKDAY,16,1281.219512195122,840.0975609756098
Promenade,CC4/DT15,WEEKDAY,17,2806.9756097560976,1070.5365853658536
Promenade,CC4/DT15,WEEKDAY,18,4463.073170731707,1737.0243902439024
Promenade,CC4/DT15,WEEKDAY,19,2216.6341463414633,948.7317073170732
Promenade,CC4/DT15,WEEKDAY,20,1662.7317073170732,391.4146341463415
Promenade,CC4/DT15,WEEKDAY,21,1855.4634146341464,205.3170731707317
Promenade,CC4/DT15,WEEKDAY,22,1137.4634146341464,128.1951219512195
Promenade,CC4/DT15,WEEKDAY,23,342.390243902439,47.46341463414634
Promenade,CC4/DT15,WEEKENDS/HOLIDAY,0,16.842105263157894,6.7368421052631575
Promenade,CC4/DT15,WEEKENDS/HOLIDAY,5,2.1052631578947367,1.1578947368421053
Promenade,CC4/DT15,WEEKENDS/HOLIDAY,6,20.736842105263158,169.78947368421052
Promenade,CC4/DT15,WEEKENDS/HOLIDAY,7,48.94736842105263,347.57894736842104
Promenade,CC4/DT15,WEEKENDS/HOLIDAY,8,65.89473684210526,557.1578947368421
Promenade,CC4/DT15,WEEKENDS/HOLIDAY,9,127.89473684210526,899.578947368421
Promenade,CC4/DT15,WEEKENDS/HOLIDAY,10,219.26315789473685,1213.7894736842106
Promenade,CC4/DT15,WEEKENDS/HOLIDAY,11,353.89473684210526,1414.421052631579
Promenade,CC4/DT15,WEEKENDS/HOLIDAY,12,544.2105263157895,1544.6315789473683
Promenade,CC4/DT15,WEEKENDS/HOLIDAY,13,790.9473684210526,1677.6842105263158
Promenade,CC4/DT15,WEEKENDS/HOLIDAY,14,1040.7368421052631,1618.7368421052631
Promenade,CC4/DT15,WEEKENDS/HOLIDAY,15,1292.5263157894738,1450.0
Promenade,CC4/DT15,WEEKENDS/HOLIDAY,16,1502.5263157894738,1500.842105263158
Promenade,CC4/DT15,WEEKENDS/HOLIDAY,17,1609.4736842105262,1512.842105263158
Promenade,CC4/DT15,WEEKENDS/HOLIDAY,18,1551.4736842105262,1390.7368421052631
Promenade,CC4/DT15,WEEKENDS/HOLIDAY,19,1639.7894736842106,922.5263157894736
Promenade,CC4/DT15,WEEKENDS/HOLIDAY,20,1771.8947368421052,509.89473684210526
Promenade,CC4/DT15,WEEKENDS/HOLIDAY,21,2159.4736842105262,298.94736842105266
Promenade,CC4/DT15,WEEKENDS/HOLIDAY,22,1480.5263157894738,160.94736842105263
Promenade,CC4/DT15,WEEKENDS/HOLIDAY,23,473.2631578947368,73.89473684210526
Punggol,NE17/PTC,WEEKDAY,0,29.024390243902438,179.5609756097561
Punggol,NE17/PTC,WEEKDAY,5,419.219512195122,105.95121951219512
Punggol,NE17/PTC,WEEKDAY,6,1787.6097560975609,570.9756097560976
Punggol,NE17/PTC,WEEKDAY,7,5013.8536585365855,1097.219512195122
Punggol,NE17/PTC,WEEKDAY,8,5917.317073170731,1138.2439024390244
Punggol,NE17/PTC,WEEKDAY,9,2865.6585365853657,1121.219512195122
Punggol,NE17/PTC,WEEKDAY,10,1881.8536585365853,1269.0731707317073
Punggol,NE17/PTC,WEEKDAY,11,1851.8048780487804,1532.6341463414635
Punggol,NE17/PTC,WEEKDAY,12,2041.1707317073171,1938.439024390244
Punggol,NE17/PTC,WEEKDAY,13,2230.5853658536585,2010.2926829268292
Punggol,NE17/PTC,WEEKDAY,14,1958.5853658536585,1919.0731707317073
Punggol,NE17/PTC,WEEKDAY,15,1812.4878048780488,2022.3902439024391
Punggol,NE17/PTC,WEEKDAY,16,1979.0243902439024,2481.317073170732
Punggol,NE17/PTC,WEEKDAY,17,2502.7804878048782,3736.5365853658536
Punggol,NE17/PTC,WEEKDAY,18,2808.9756097560976,6381.8536585365855
Punggol,NE17/PTC,WEEKDAY,19,2374.6341463414633,5134.195121951219
Punggol,NE17/PTC,WEEKDAY,20,1815.121951219512,3002.682926829268
Punggol,NE17/PTC,WEEKDAY,21,1654.7317073170732,2302.048780487805
Punggol,NE17/PTC,WEEKDAY,22,871.1219512195122,1729.3658536585365
Punggol,NE17/PTC,WEEKDAY,23,252.14634146341464,894.9268292682926
Punggol,NE17/PTC,WEEKENDS/HOLIDAY,0,28.105263157894736,193.26315789473685
Punggol,NE17/PTC,WEEKENDS/HOLIDAY,5,180.42105263157896,53.578947368421055
Punggol,NE17/PTC,WEEKENDS/HOLIDAY,6,615.2631578947369,257.6842105263158
Punggol,NE17/PTC,WEEKENDS/HOLIDAY,7,1047.578947368421,526.7368421052631
Punggol,NE17/PTC,WEEKENDS/HOLIDAY,8,1707.157894736842,923.7894736842105
Punggol,NE17/PTC,WEEKENDS/HOLIDAY,9,2103.684210526316,1186.7368421052631
Punggol,NE17/PTC,WEEKENDS/HOLIDAY,10,2287.684210526316,1642.6315789473683
Punggol,NE17/PTC,WEEKENDS/HOLIDAY,11,2388.315789473684,2015.6842105263158
Punggol,NE17/PTC,WEEKENDS/HOLIDAY,12,2651.684210526316,2203.7894736842104
Punggol,NE17/PTC,WEEKENDS/HOLIDAY,13,2675.157894736842,2422.2105263157896
Punggol,NE17/PTC,WEEKENDS/HOLIDAY,14,2473.3684210526317,2273.7894736842104
Punggol,NE17/PTC,WEEKENDS/HOLIDAY,15,2398.4210526315787,2368.6315789473683
Punggol,NE17/PTC,WEEKENDS/HOLIDAY,16,2402.7368421052633,2432.315789473684
Punggol,NE17/PTC,WEEKENDS/HOLIDAY,17,2566.315789473684,2799.4736842105262
Punggol,NE17/PTC,WEEKENDS/HOLIDAY,18,2572.7368421052633,2903.0526315789475
Punggol,NE17/PTC,WEEKENDS/HOLIDAY,19,2200.0,2671.8947368421054
Punggol,NE17/PTC,WEEKENDS/HOLIDAY,20,1934.842105263158,2383.8947368421054
Punggol,NE17/PTC,WEEKENDS/HOLIDAY,21,1682.842105263158,2035.7894736842106
Punggol,NE17/PTC,WEEKENDS/HOLIDAY,22,876.1052631578947,1655.3684210526317
Punggol,NE17/PTC,WEEKENDS/HOLIDAY,23,282.7368421052632,905.0526315789474
Punggol Coast,NE18,WEEKDAY,0,0.0,21.75609756097561
Punggol Coast,NE18,WEEKDAY,5,97.60975609756098,7.609756097560975
Punggol Coast,NE18,WEEKDAY,6,278.8780487804878,129.02439024390245
Punggol Coast,NE18,WEEKDAY,7,713.7560975609756,391.4146341463415
Punggol Coast,NE18,WEEKDAY,8,751.8048780487804,1265.0243902439024
Punggol Coast,NE18,WEEKDAY,9,345.609756097561,794.6829268292682
Punggol Coast,NE18,WEEKDAY,10,292.9756097560976,483.3170731707317
Punggol Coast,NE18,WEEKDAY,11,388.9756097560976,476.7317073170732
Punggol Coast,NE18,WEEKDAY,12,506.2926829268293,580.9268292682926
Punggol Coast,NE18,WEEKDAY,13,492.2926829268293,657.8536585365854
Punggol Coast,NE18,WEEKDAY,14,448.5853658536585,497.4146341463415
Punggol Coast,NE18,WEEKDAY,15,517.170731707317,421.7560975609756
Punggol Coast,NE18,WEEKDAY,16,760.4878048780488,401.7073170731707
Punggol Coast,NE18,WEEKDAY,17,1043.0731707317073,606.2439024390244
Punggol Coast,NE18,WEEKDAY,18,991.1219512195122,980.6829268292682
Punggol Coast,NE18,WEEKDAY,19,679.6585365853658,784.4878048780488
Punggol Coast,NE18,WEEKDAY,20,497.3658536585366,420.0975609756098
Punggol Coast,NE18,WEEKDAY,21,478.6829268292683,311.8048780487805
Punggol Coast,NE18,WEEKDAY,22,392.4390243902439,222.4878048780488
Punggol Coast,NE18,WEEKDAY,23,73.95121951219512,103.85365853658537
Punggol Coast,NE18,WEEKENDS/HOLIDAY,0,0.0,26.63157894736842
Punggol Coast,NE18,WEEKENDS/HOLIDAY,5,37.36842105263158,2.736842105263158
Punggol Coast,NE18,WEEKENDS/HOLIDAY,6,111.6842105263158,65.89473684210526
Punggol Coast,NE18,WEEKENDS/HOLIDAY,7,168.6315789473684,201.68421052631578
Punggol Coast,NE18,WEEKENDS/HOLIDAY,8,250.10526315789474,296.42105263157896
Punggol Coast,NE18,WEEKENDS/HOLIDAY,9,313.4736842105263,330.5263157894737
Punggol Coast,NE18,WEEKENDS/HOLIDAY,10,355.1578947368421,431.36842105263156
Punggol Coast,NE18,WEEKENDS/HOLIDAY,11,398.94736842105266,513.4736842105264
Punggol Coast,NE18,WEEKENDS/HOLIDAY,12,467.57894736842104,569.1578947368421
Punggol Coast,NE18,WEEKENDS/HOLIDAY,13,515.578947368421,606.5263157894736
Punggol Coast,NE18,WEEKENDS/HOLIDAY,14,519.8947368421053,529.2631578947369
Punggol Coast,NE18,WEEKENDS/HOLIDAY,15,587.578947368421,533.1578947368421
Punggol Coast,NE18,WEEKENDS/HOLIDAY,16,623.2631578947369,634.2105263157895
Punggol Coast,NE18,WEEKENDS/HOLIDAY,17,650.3157894736842,709.6842105263158
Punggol Coast,NE18,WEEKENDS/HOLIDAY,18,601.3684210526316,698.421052631579
Punggol Coast,NE18,WEEKENDS/HOLIDAY,19,663.2631578947369,556.9473684210526
Punggol Coast,NE18,WEEKENDS/HOLIDAY,20,592.9473684210526,369.36842105263156
Punggol Coast,NE18,WEEKENDS/HOLIDAY,21,462.2105263157895,285.1578947368421
Punggol Coast,NE18,WEEKENDS/HOLIDAY,22,267.89473684210526,215.89473684210526
Punggol Coast,NE18,WEEKENDS/HOLIDAY,23,68.63157894736842,127.89473684210526
Queenstown,EW19,WEEKDAY,0,6.2926829268292686,38.68292682926829
Queenstown,EW19,WEEKDAY,5,158.4878048780488,20.048780487804876
Queenstown,EW19,WEEKDAY,6,679.9024390243902,343.219512195122
Queenstown,EW19,WEEKDAY,7,1734.1951219512196,1025.121951219512
Queenstown,EW19,WEEKDAY,8,2698.243902439024,1340.5853658536585
Queenstown,EW19,WEEKDAY,9,1718.0975609756097,615.0243902439024
Queenstown,EW19,WEEKDAY,10,887.7073170731708,384.1951219512195
Queenstown,EW19,WEEKDAY,11,763.8536585365854,420.2926829268293
Queenstown,EW19,WEEKDAY,12,709.2682926829268,565.2682926829268
Queenstown,EW19,WEEKDAY,13,624.6829268292682,610.2439024390244
Queenstown,EW19,WEEKDAY,14,519.0243902439024,602.1951219512196
Queenstown,EW19,WEEKDAY,15,608.0975609756098,630.9756097560976
Queenstown,EW19,WEEKDAY,16,797.3658536585366,773.0243902439024
Queenstown,EW19,WEEKDAY,17,1495.0731707317073,1318.0
Queenstown,EW19,WEEKDAY,18,1846.8292682926829,2386.3414634146343
Queenstown,EW19,WEEKDAY,19,934.390243902439,1730.2439024390244
Queenstown,EW19,WEEKDAY,20,478.6829268292683,1122.3902439024391
Queenstown,EW19,WEEKDAY,21,399.8048780487805,969.0731707317074
Queenstown,EW19,WEEKDAY,22,265.4634146341463,737.3658536585366
Queenstown,EW19,WEEKDAY,23,89.3170731707317,375.7560975609756
Queenstown,EW19,WEEKENDS/HOLIDAY,0,4.421052631578948,38.8421052631579
Queenstown,EW19,WEEKENDS/HOLIDAY,5,28.94736842105263,4.947368421052632
Queenstown,EW19,WEEKENDS/HOLIDAY,6,270.5263157894737,126.73684210526316
Queenstown,EW19,WEEKENDS/HOLIDAY,7,466.10526315789474,321.57894736842104
Queenstown,EW19,WEEKENDS/HOLIDAY,8,730.1052631578947,485.4736842105263
Queenstown,EW19,WEEKENDS/HOLIDAY,9,855.6842105263158,446.94736842105266
Queenstown,EW19,WEEKENDS/HOLIDAY,10,946.3157894736842,571.1578947368421
Queenstown,EW19,WEEKENDS/HOLIDAY,11,934.8421052631579,519.1578947368421
Queenstown,EW19,WEEKENDS/HOLIDAY,12,982.3157894736842,605.0526315789474
Queenstown,EW19,WEEKENDS/HOLIDAY,13,810.3157894736842,733.1578947368421
Queenstown,EW19,WEEKENDS/HOLIDAY,14,671.4736842105264,776.9473684210526
Queenstown,EW19,WEEKENDS/HOLIDAY,15,688.6315789473684,790.7368421052631
Queenstown,EW19,WEEKENDS/HOLIDAY,16,837.2631578947369,844.9473684210526
Queenstown,EW19,WEEKENDS/HOLIDAY,17,882.3157894736842,819.8947368421053
Queenstown,EW19,WEEKENDS/HOLIDAY,18,822.2105263157895,856.2105263157895
Queenstown,EW19,WEEKENDS/HOLIDAY,19,674.7368421052631,811.8947368421053
Queenstown,EW19,WEEKENDS/HOLIDAY,20,417.2631578947368,834.9473684210526
Queenstown,EW19,WEEKENDS/HOLIDAY,21,347.7894736842105,862.7368421052631
Queenstown,EW19,WEEKENDS/HOLIDAY,22,227.05263157894737,674.9473684210526
Queenstown,EW19,WEEKENDS/HOLIDAY,23,78.63157894736842,371.05263157894734
Raffles Place,EW14/NS26,WEEKDAY,0,31.70731707317073,7.804878048780488
Raffles Place,EW14/NS26,WEEKDAY,5,27.658536585365855,125.07317073170732
Raffles Place,EW14/NS26,WEEKDAY,6,96.97560975609755,1820.1951219512196
Raffles Place,EW14/NS26,WEEKDAY,7,267.1707317073171,4281.658536585366
Raffles Place,EW14/NS26,WEEKDAY,8,505.1219512195122,16842.878048780487
Raffles Place,EW14/NS26,WEEKDAY,9,614.9756097560976,14579.219512195123
Raffles Place,EW14/NS26,WEEKDAY,10,915.3658536585366,4269.756097560976
Raffles Place,EW14/NS26,WEEKDAY,11,2720.878048780488,2571.3658536585367
Raffles Place,EW14/NS26,WEEKDAY,12,3280.1463414634145,2578.878048780488
Raffles Place,EW14/NS26,WEEKDAY,13,2143.951219512195,4056.6341463414633
Raffles Place,EW14/NS26,WEEKDAY,14,2017.8048780487804,2330.487804878049
Raffles Place,EW14/NS26,WEEKDAY,15,2398.439024390244,1419.560975609756
Raffles Place,EW14/NS26,WEEKDAY,16,3483.3658536585367,1477.3170731707316
Raffles Place,EW14/NS26,WEEKDAY,17,9206.634146341463,1735.4146341463415
Raffles Place,EW14/NS26,WEEKDAY,18,17680.878048780487,2425.3658536585367
Raffles Place,EW14/NS26,WEEKDAY,19,8015.5609756097565,1488.9268292682927
Raffles Place,EW14/NS26,WEEKDAY,20,4353.317073170731,700.1951219512196
Raffles Place,EW14/NS26,WEEKDAY,21,3025.317073170732,456.780487804878
Raffles Place,EW14/NS26,WEEKDAY,22,2059.121951219512,270.8780487804878
Raffles Place,EW14/NS26,WEEKDAY,23,1027.7073170731708,108.92682926829268
Raffles Place,EW14/NS26,WEEKENDS/HOLIDAY,0,18.736842105263158,8.0
Raffles Place,EW14/NS26,WEEKENDS/HOLIDAY,5,22.0,11.368421052631579
Raffles Place,EW14/NS26,WEEKENDS/HOLIDAY,6,94.42105263157895,333.36842105263156
Raffles Place,EW14/NS26,WEEKENDS/HOLIDAY,7,152.8421052631579,628.9473684210526
Raffles Place,EW14/NS26,WEEKENDS/HOLIDAY,8,213.57894736842104,835.7894736842105
Raffles Place,EW14/NS26,WEEKENDS/HOLIDAY,9,330.2105263157895,1227.6842105263158
Raffles Place,EW14/NS26,WEEKENDS/HOLIDAY,10,575.4736842105264,1415.4736842105262
Raffles Place,EW14/NS26,WEEKENDS/HOLIDAY,11,883.1578947368421,1391.2631578947369
Raffles Place,EW14/NS26,WEEKENDS/HOLIDAY,12,1088.421052631579,1301.3684210526317
Raffles Place,EW14/NS26,WEEKENDS/HOLIDAY,13,1166.0,1276.0
Raffles Place,EW14/NS26,WEEKENDS/HOLIDAY,14,1253.7894736842106,1200.5263157894738
Raffles Place,EW14/NS26,WEEKENDS/HOLIDAY,15,1358.9473684210527,1466.7368421052631
Raffles Place,EW14/NS26,WEEKENDS/HOLIDAY,16,1374.0,1944.5263157894738
Raffles Place,EW14/NS26,WEEKENDS/HOLIDAY,17,1386.9473684210527,1889.2631578947369
Raffles Place,EW14/NS26,WEEKENDS/HOLIDAY,18,1244.1052631578948,2013.4736842105262
Raffles Place,EW14/NS26,WEEKENDS/HOLIDAY,19,1382.0,1765.157894736842
Raffles Place,EW14/NS26,WEEKENDS/HOLIDAY,20,2955.157894736842,921.3684210526316
Raffles Place,EW14/NS26,WEEKENDS/HOLIDAY,21,2625.8947368421054,509.89473684210526
Raffles Place,EW14/NS26,WEEKENDS/HOLIDAY,22,1792.0,283.36842105263156
Raffles Place,EW14/NS26,WEEKENDS/HOLIDAY,23,981.3684210526316,106.63157894736842
Redhill,EW18,WEEKDAY,0,2.926829268292683,20.097560975609756
Redhill,EW18,WEEKDAY,5,129.41463414634146,31.024390243902438
Redhill,EW18,WEEKDAY,6,646.6829268292682,547.9024390243902
Redhill,EW18,WEEKDAY,7,1476.0975609756097,1469.4634146341464
Redhill,EW18,WEEKDAY,8,2160.878048780488,2807.0243902439024
Redhill,EW18,WEEKDAY,9,1423.3658536585365,1351.9024390243903
Redhill,EW18,WEEKDAY,10,827.9024390243902,642.0975609756098
Redhill,EW18,WEEKDAY,11,809.5121951219512,550.2926829268292
Redhill,EW18,WEEKDAY,12,814.8780487804878,679.9024390243902
Redhill,EW18,WEEKDAY,13,752.0487804878048,755.0731707317074
Redhill,EW18,WEEKDAY,14,608.6829268292682,666.4878048780488
Redhill,EW18,WEEKDAY,15,641.5121951219512,667.0731707317074
Redhill,EW18,WEEKDAY,16,872.0,882.829268292683
Redhill,EW18,WEEKDAY,17,1643.0243902439024,1331.4146341463415
Redhill,EW18,WEEKDAY,18,2616.243902439024,2240.5365853658536
Redhill,EW18,WEEKDAY,19,1165.8048780487804,1558.3902439024391
Redhill,EW18,WEEKDAY,20,667.4146341463414,1014.6829268292682
Redhill,EW18,WEEKDAY,21,534.439024390244,863.9512195121952
Redhill,EW18,WEEKDAY,22,383.0243902439024,695.9512195121952
Redhill,EW18,WEEKDAY,23,121.7560975609756,347.3170731707317
Redhill,EW18,WEEKENDS/HOLIDAY,0,3.3684210526315788,30.0
Redhill,EW18,WEEKENDS/HOLIDAY,5,21.789473684210527,6.947368421052632
Redhill,EW18,WEEKENDS/HOLIDAY,6,261.6842105263158,246.0
Redhill,EW18,WEEKENDS/HOLIDAY,7,436.94736842105266,477.89473684210526
Redhill,EW18,WEEKENDS/HOLIDAY,8,648.0,684.5263157894736
Redhill,EW18,WEEKENDS/HOLIDAY,9,842.5263157894736,732.421052631579
Redhill,EW18,WEEKENDS/HOLIDAY,10,915.8947368421053,651.8947368421053
Redhill,EW18,WEEKENDS/HOLIDAY,11,925.4736842105264,613.2631578947369
Redhill,EW18,WEEKENDS/HOLIDAY,12,992.8421052631579,715.2631578947369
Redhill,EW18,WEEKENDS/HOLIDAY,13,863.4736842105264,783.4736842105264
Redhill,EW18,WEEKENDS/HOLIDAY,14,712.0,793.1578947368421
Redhill,EW18,WEEKENDS/HOLIDAY,15,713.8947368421053,785.2631578947369
Redhill,EW18,WEEKENDS/HOLIDAY,16,793.578947368421,826.7368421052631
Redhill,EW18,WEEKENDS/HOLIDAY,17,901.8947368421053,847.7894736842105
Redhill,EW18,WEEKENDS/HOLIDAY,18,828.9473684210526,867.6842105263158
Redhill,EW18,WEEKENDS/HOLIDAY,19,642.6315789473684,842.3157894736842
Redhill,EW18,WEEKENDS/HOLIDAY,20,477.89473684210526,835.8947368421053
Redhill,EW18,WEEKENDS/HOLIDAY,21,410.10526315789474,784.5263157894736
Redhill,EW18,WEEKENDS/HOLIDAY,22,303.05263157894734,629.2631578947369
Redhill,EW18,WEEKENDS/HOLIDAY,23,113.15789473684211,338.8421052631579
Rochor,DT13,WEEKDAY,0,9.21951219512195,24.341463414634145
Rochor,DT13,WEEKDAY,5,25.902439024390244,4.926829268292683
Rochor,DT13,WEEKDAY,6,214.6829268292683,126.8780487804878
Rochor,DT13,WEEKDAY,7,401.1219512195122,392.0487804878049
Rochor,DT13,WEEKDAY,8,523.0243902439024,938.780487804878
Rochor,DT13,WEEKDAY,9,403.3658536585366,726.2926829268292
Rochor,DT13,WEEKDAY,10,361.8048780487805,615.5121951219512
Rochor,DT13,WEEKDAY,11,420.5365853658537,676.829268292683
Rochor,DT13,WEEKDAY,12,517.170731707317,793.609756097561
Rochor,DT13,WEEKDAY,13,725.1219512195122,535.8048780487804
Rochor,DT13,WEEKDAY,14,488.780487804878,493.3170731707317
Rochor,DT13,WEEKDAY,15,495.8536585365854,454.5365853658537
Rochor,DT13,WEEKDAY,16,566.6829268292682,462.7317073170732
Rochor,DT13,WEEKDAY,17,912.5853658536586,604.5853658536586
Rochor,DT13,WEEKDAY,18,1172.9756097560976,953.6585365853658
Rochor,DT13,WEEKDAY,19,848.5365853658536,674.390243902439
Rochor,DT13,WEEKDAY,20,617.609756097561,444.780487804878
Rochor,DT13,WEEKDAY,21,465.3170731707317,463.0243902439024
Rochor,DT13,WEEKDAY,22,329.1707317073171,346.0
Rochor,DT13,WEEKDAY,23,147.5609756097561,180.14634146341464
Rochor,DT13,WEEKENDS/HOLIDAY,0,12.105263157894736,30.63157894736842
Rochor,DT13,WEEKENDS/HOLIDAY,5,5.368421052631579,0.9473684210526315
Rochor,DT13,WEEKENDS/HOLIDAY,6,141.57894736842104,97.05263157894737
Rochor,DT13,WEEKENDS/HOLIDAY,7,211.1578947368421,217.05263157894737
Rochor,DT13,WEEKENDS/HOLIDAY,8,256.63157894736844,449.7894736842105
Rochor,DT13,WEEKENDS/HOLIDAY,9,333.36842105263156,556.7368421052631
Rochor,DT13,WEEKENDS/HOLIDAY,10,435.4736842105263,677.3684210526316
Rochor,DT13,WEEKENDS/HOLIDAY,11,548.7368421052631,715.578947368421
Rochor,DT13,WEEKENDS/HOLIDAY,12,615.1578947368421,743.2631578947369
Rochor,DT13,WEEKENDS/HOLIDAY,13,677.8947368421053,787.4736842105264
Rochor,DT13,WEEKENDS/HOLIDAY,14,646.0,761.6842105263158
Rochor,DT13,WEEKENDS/HOLIDAY,15,638.9473684210526,621.0526315789474
Rochor,DT13,WEEKENDS/HOLIDAY,16,777.7894736842105,615.2631578947369
Rochor,DT13,WEEKENDS/HOLIDAY,17,768.1052631578947,647.8947368421053
Rochor,DT13,WEEKENDS/HOLIDAY,18,803.0526315789474,595.578947368421
Rochor,DT13,WEEKENDS/HOLIDAY,19,706.7368421052631,472.0
Rochor,DT13,WEEKENDS/HOLIDAY,20,591.7894736842105,459.89473684210526
Rochor,DT13,WEEKENDS/HOLIDAY,21,419.7894736842105,490.94736842105266
Rochor,DT13,WEEKENDS/HOLIDAY,22,318.0,370.7368421052632
Rochor,DT13,WEEKENDS/HOLIDAY,23,164.42105263157896,183.3684210526316
Sembawang,NS11,WEEKDAY,0,45.073170731707314,346.4878048780488
Sembawang,NS11,WEEKDAY,5,938.9268292682926,144.0
Sembawang,NS11,WEEKDAY,6,3154.878048780488,1003.4146341463414
Sembawang,NS11,WEEKDAY,7,6674.048780487805,2376.0
Sembawang,NS11,WEEKDAY,8,5480.0,1900.9756097560976
Sembawang,NS11,WEEKDAY,9,2711.4634146341464,1005.9512195121952
Sembawang,NS11,WEEKDAY,10,1822.5853658536585,807.2682926829268
Sembawang,NS11,WEEKDAY,11,1617.9024390243903,861.9024390243902
Sembawang,NS11,WEEKDAY,12,1592.1463414634147,1057.5121951219512
Sembawang,NS11,WEEKDAY,13,1460.6829268292684,1234.1463414634147
Sembawang,NS11,WEEKDAY,14,1238.6341463414635,1280.8292682926829
Sembawang,NS11,WEEKDAY,15,1200.5365853658536,1472.1951219512196
Sembawang,NS11,WEEKDAY,16,1426.0,1896.878048780488
Sembawang,NS11,WEEKDAY,17,2662.7804878048782,3193.512195121951
Sembawang,NS11,WEEKDAY,18,2846.731707317073,6147.512195121952
Sembawang,NS11,WEEKDAY,19,1630.2439024390244,5070.926829268293
Sembawang,NS11,WEEKDAY,20,1128.9756097560976,3095.268292682927
Sembawang,NS11,WEEKDAY,21,954.6341463414634,2762.6341463414633
Sembawang,NS11,WEEKDAY,22,625.9024390243902,2399.560975609756
Sembawang,NS11,WEEKDAY,23,220.29268292682926,1308.0487804878048
Sembawang,NS11,WEEKENDS/HOLIDAY,0,47.473684210526315,431.36842105263156
Sembawang,NS11,WEEKENDS/HOLIDAY,5,444.2105263157895,56.31578947368421
Sembawang,NS11,WEEKENDS/HOLIDAY,6,1209.0526315789473,373.1578947368421
Sembawang,NS11,WEEKENDS/HOLIDAY,7,1711.0526315789473,828.7368421052631
Sembawang,NS11,WEEKENDS/HOLIDAY,8,2180.842105263158,938.5263157894736
Sembawang,NS11,WEEKENDS/HOLIDAY,9,2400.9473684210525,998.3157894736842
Sembawang,NS11,WEEKENDS/HOLIDAY,10,2270.2105263157896,1005.6842105263158
Sembawang,NS11,WEEKENDS/HOLIDAY,11,2122.315789473684,1151.578947368421
Sembawang,NS11,WEEKENDS/HOLIDAY,12,2098.4210526315787,1342.0
Sembawang,NS11,WEEKENDS/HOLIDAY,13,1921.6842105263158,1602.7368421052631
Sembawang,NS11,WEEKENDS/HOLIDAY,14,1735.7894736842106,1722.9473684210527
Sembawang,NS11,WEEKENDS/HOLIDAY,15,1693.8947368421052,1736.421052631579
Sembawang,NS11,WEEKENDS/HOLIDAY,16,1741.6842105263158,1891.0526315789473
Sembawang,NS11,WEEKENDS/HOLIDAY,17,1977.6842105263158,2122.6315789473683
Sembawang,NS11,WEEKENDS/HOLIDAY,18,1745.6842105263158,2411.7894736842104
Sembawang,NS11,WEEKENDS/HOLIDAY,19,1388.7368421052631,2389.5789473684213
Sembawang,NS11,WEEKENDS/HOLIDAY,20,1091.3684210526317,2398.1052631578946
Sembawang,NS11,WEEKENDS/HOLIDAY,21,889.3684210526316,2458.6315789473683
Sembawang,NS11,WEEKENDS/HOLIDAY,22,609.0526315789474,2319.8947368421054
Sembawang,NS11,WEEKENDS/HOLIDAY,23,242.52631578947367,1449.0526315789473
Sengkang,NE16/STC,WEEKDAY,0,26.4390243902439,194.1951219512195
Sengkang,NE16/STC,WEEKDAY,5,497.4146341463415,126.6829268292683
Sengkang,NE16/STC,WEEKDAY,6,1921.3170731707316,796.0
Sengkang,NE16/STC,WEEKDAY,7,5254.292682926829,1463.8048780487804
Sengkang,NE16/STC,WEEKDAY,8,6126.4390243902435,1320.0
Sengkang,NE16/STC,WEEKDAY,9,3105.512195121951,1102.8292682926829
Sengkang,NE16/STC,WEEKDAY,10,2124.2926829268295,1231.9024390243903
Sengkang,NE16/STC,WEEKDAY,11,2098.390243902439,1597.7073170731708
Sengkang,NE16/STC,WEEKDAY,12,2251.8536585365855,2027.1707317073171
Sengkang,NE16/STC,WEEKDAY,13,2259.268292682927,2042.2926829268292
Sengkang,NE16/STC,WEEKDAY,14,1949.8048780487804,2010.4878048780488
Sengkang,NE16/STC,WEEKDAY,15,1811.9512195121952,2049.756097560976
Sengkang,NE16/STC,WEEKDAY,16,2013.9512195121952,2567.121951219512
Sengkang,NE16/STC,WEEKDAY,17,2536.0,4113.414634146341
Sengkang,NE16/STC,WEEKDAY,18,3183.4634146341464,7247.463414634146
Sengkang,NE16/STC,WEEKDAY,19,2443.8536585365855,5672.1463414634145
Sengkang,NE16/STC,WEEKDAY,20,1691.5121951219512,3394.5365853658536
Sengkang,NE16/STC,WEEKDAY,21,1326.439024390244,2720.2926829268295
Sengkang,NE16/STC,WEEKDAY,22,676.3414634146342,2336.682926829268
Sengkang,NE16/STC,WEEKDAY,23,234.73170731707316,1039.4146341463415
Sengkang,NE16/STC,WEEKENDS/HOLIDAY,0,26.105263157894736,185.47368421052633
Sengkang,NE16/STC,WEEKENDS/HOLIDAY,5,177.89473684210526,44.10526315789474
Sengkang,NE16/STC,WEEKENDS/HOLIDAY,6,742.421052631579,267.2631578947368
Sengkang,NE16/STC,WEEKENDS/HOLIDAY,7,1206.842105263158,497.89473684210526
Sengkang,NE16/STC,WEEKENDS/HOLIDAY,8,1862.842105263158,825.3684210526316
Sengkang,NE16/STC,WEEKENDS/HOLIDAY,9,2196.842105263158,1041.2631578947369
Sengkang,NE16/STC,WEEKENDS/HOLIDAY,10,2284.4210526315787,1385.7894736842106
Sengkang,NE16/STC,WEEKENDS/HOLIDAY,11,2453.0526315789475,1769.2631578947369
Sengkang,NE16/STC,WEEKENDS/HOLIDAY,12,2535.8947368421054,2049.3684210526317
Sengkang,NE16/STC,WEEKENDS/HOLIDAY,13,2528.1052631578946,2240.4210526315787
Sengkang,NE16/STC,WEEKENDS/HOLIDAY,14,2311.684210526316,2187.2631578947367
Sengkang,NE16/STC,WEEKENDS/HOLIDAY,15,2210.842105263158,2287.2631578947367
Sengkang,NE16/STC,WEEKENDS/HOLIDAY,16,2193.3684210526317,2456.2105263157896
Sengkang,NE16/STC,WEEKENDS/HOLIDAY,17,2326.2105263157896,2772.6315789473683
Sengkang,NE16/STC,WEEKENDS/HOLIDAY,18,2299.7894736842104,2896.4210526315787
Sengkang,NE16/STC,WEEKENDS/HOLIDAY,19,1832.842105263158,2772.2105263157896
Sengkang,NE16/STC,WEEKENDS/HOLIDAY,20,1445.7894736842106,2571.4736842105262
Sengkang,NE16/STC,WEEKENDS/HOLIDAY,21,1235.8947368421052,2412.0
Sengkang,NE16/STC,WEEKENDS/HOLIDAY,22,679.578947368421,2112.7368421052633
Sengkang,NE16/STC,WEEKENDS/HOLIDAY,23,233.26315789473685,1040.5263157894738
Serangoon,NE12/CC13,WEEKDAY,0,23.658536585365855,149.8048780487805
Serangoon,NE12/CC13,WEEKDAY,5,438.4390243902439,47.853658536585364
Serangoon,NE12/CC13,WEEKDAY,6,2200.439024390244,865.4634146341464
Serangoon,NE12/CC13,WEEKDAY,7,5260.243902439024,2127.3658536585367
Serangoon,NE12/CC13,WEEKDAY,8,7810.682926829269,2258.878048780488
Serangoon,NE12/CC13,WEEKDAY,9,4311.90243902439,1733.6097560975609
Serangoon,NE12/CC13,WEEKDAY,10,2459.317073170732,1874.2439024390244
Serangoon,NE12/CC13,WEEKDAY,11,2299.756097560976,2212.0975609756097
Serangoon,NE12/CC13,WEEKDAY,12,2474.878048780488,2689.8048780487807
Serangoon,NE12/CC13,WEEKDAY,13,2725.170731707317,2584.878048780488
Serangoon,NE12/CC13,WEEKDAY,14,2471.4146341463415,2409.4634146341464
Serangoon,NE12/CC13,WEEKDAY,15,2310.829268292683,2704.878048780488
Serangoon,NE12/CC13,WEEKDAY,16,2486.5853658536585,3252.7804878048782
Serangoon,NE12/CC13,WEEKDAY,17,3339.756097560976,5443.414634146341
Serangoon,NE12/CC13,WEEKDAY,18,4486.1463414634145,9453.414634146342
Serangoon,NE12/CC13,WEEKDAY,19,3362.9268292682927,6600.341463414634
Serangoon,NE12/CC13,WEEKDAY,20,2699.756097560976,3817.317073170732
Serangoon,NE12/CC13,WEEKDAY,21,2555.0731707317073,3243.268292682927
Serangoon,NE12/CC13,WEEKDAY,22,1468.0,2595.7073170731705
Serangoon,NE12/CC13,WEEKDAY,23,420.4390243902439,1254.5365853658536
Serangoon,NE12/CC13,WEEKENDS/HOLIDAY,0,24.63157894736842,189.26315789473685
Serangoon,NE12/CC13,WEEKENDS/HOLIDAY,5,174.31578947368422,11.473684210526315
Serangoon,NE12/CC13,WEEKENDS/HOLIDAY,6,982.421052631579,355.2631578947368
Serangoon,NE12/CC13,WEEKENDS/HOLIDAY,7,1531.3684210526317,815.6842105263158
Serangoon,NE12/CC13,WEEKENDS/HOLIDAY,8,2259.8947368421054,1437.7894736842106
Serangoon,NE12/CC13,WEEKENDS/HOLIDAY,9,2867.5789473684213,1841.3684210526317
Serangoon,NE12/CC13,WEEKENDS/HOLIDAY,10,2861.5789473684213,2271.157894736842
Serangoon,NE12/CC13,WEEKENDS/HOLIDAY,11,2948.842105263158,2721.7894736842104
Serangoon,NE12/CC13,WEEKENDS/HOLIDAY,12,3117.8947368421054,3056.9473684210525
Serangoon,NE12/CC13,WEEKENDS/HOLIDAY,13,3298.7368421052633,3393.0526315789475
Serangoon,NE12/CC13,WEEKENDS/HOLIDAY,14,3116.0,3114.1052631578946
Serangoon,NE12/CC13,WEEKENDS/HOLIDAY,15,3108.0,3128.0
Serangoon,NE12/CC13,WEEKENDS/HOLIDAY,16,3187.5789473684213,3532.5263157894738
Serangoon,NE12/CC13,WEEKENDS/HOLIDAY,17,3431.7894736842104,4008.842105263158
Serangoon,NE12/CC13,WEEKENDS/HOLIDAY,18,3330.1052631578946,3961.0526315789475
Serangoon,NE12/CC13,WEEKENDS/HOLIDAY,19,2929.5789473684213,3534.0
Serangoon,NE12/CC13,WEEKENDS/HOLIDAY,20,2484.5263157894738,3049.684210526316
Serangoon,NE12/CC13,WEEKENDS/HOLIDAY,21,2353.2631578947367,2796.842105263158
Serangoon,NE12/CC13,WEEKENDS/HOLIDAY,22,1412.6315789473683,2445.2631578947367
Serangoon,NE12/CC13,WEEKENDS/HOLIDAY,23,433.1578947368421,1250.9473684210527
Shenton Way,TE19,WEEKDAY,0,6.536585365853658,3.1707317073170733
Shenton Way,TE19,WEEKDAY,5,1.1219512195121952,0.0975609756097561
Shenton Way,TE19,WEEKDAY,6,32.48780487804878,335.3170731707317
Shenton Way,TE19,WEEKDAY,7,66.92682926829268,1038.2926829268292
Shenton Way,TE19,WEEKDAY,8,109.36585365853658,4257.219512195122
Shenton Way,TE19,WEEKDAY,9,113.3170731707317,3918.390243902439
Shenton Way,TE19,WEEKDAY,10,138.2439024390244,999.4634146341464
Shenton Way,TE19,WEEKDAY,11,456.390243902439,521.609756097561
Shenton Way,TE19,WEEKDAY,12,489.0731707317073,449.1219512195122
Shenton Way,TE19,WEEKDAY,13,346.8780487804878,604.8780487804878
Shenton Way,TE19,WEEKDAY,14,372.6829268292683,361.5121951219512
Shenton Way,TE19,WEEKDAY,15,426.0975609756098,196.14634146341464
Shenton Way,TE19,WEEKDAY,16,725.8536585365854,180.0
Shenton Way,TE19,WEEKDAY,17,2334.048780487805,221.17073170731706
Shenton Way,TE19,WEEKDAY,18,4066.5365853658536,319.4146341463415
Shenton Way,TE19,WEEKDAY,19,1781.9512195121952,195.41463414634146
Shenton Way,TE19,WEEKDAY,20,836.2926829268292,101.1219512195122
Shenton Way,TE19,WEEKDAY,21,474.1463414634146,76.4390243902439
Shenton Way,TE19,WEEKDAY,22,287.6585365853659,59.02439024390244
Shenton Way,TE19,WEEKDAY,23,122.29268292682927,21.317073170731707
Shenton Way,TE19,WEEKENDS/HOLIDAY,0,3.1578947368421053,2.8421052631578947
Shenton Way,TE19,WEEKENDS/HOLIDAY,5,0.10526315789473684,0.0
Shenton Way,TE19,WEEKENDS/HOLIDAY,6,26.94736842105263,45.05263157894737
Shenton Way,TE19,WEEKENDS/HOLIDAY,7,34.94736842105263,97.05263157894737
Shenton Way,TE19,WEEKENDS/HOLIDAY,8,54.94736842105263,170.0
Shenton Way,TE19,WEEKENDS/HOLIDAY,9,66.3157894736842,193.3684210526316
Shenton Way,TE19,WEEKENDS/HOLIDAY,10,121.36842105263158,166.31578947368422
Shenton Way,TE19,WEEKENDS/HOLIDAY,11,172.52631578947367,175.1578947368421
Shenton Way,TE19,WEEKENDS/HOLIDAY,12,199.89473684210526,194.10526315789474
Shenton Way,TE19,WEEKENDS/HOLIDAY,13,203.47368421052633,177.1578947368421
Shenton Way,TE19,WEEKENDS/HOLIDAY,14,189.78947368421052,164.52631578947367
Shenton Way,TE19,WEEKENDS/HOLIDAY,15,187.57894736842104,134.31578947368422
Shenton Way,TE19,WEEKENDS/HOLIDAY,16,199.26315789473685,137.26315789473685
Shenton Way,TE19,WEEKENDS/HOLIDAY,17,216.52631578947367,171.05263157894737
Shenton Way,TE19,WEEKENDS/HOLIDAY,18,201.1578947368421,185.47368421052633
Shenton Way,TE19,WEEKENDS/HOLIDAY,19,186.42105263157896,153.05263157894737
Shenton Way,TE19,WEEKENDS/HOLIDAY,20,188.73684210526315,107.57894736842105
Shenton Way,TE19,WEEKENDS/HOLIDAY,21,180.31578947368422,86.84210526315789
Shenton Way,TE19,WEEKENDS/HOLIDAY,22,144.10526315789474,53.05263157894737
Shenton Way,TE19,WEEKENDS/HOLIDAY,23,66.3157894736842,24.105263157894736
Siglap,TE28,WEEKDAY,0,1.170731707317073,19.658536585365855
Siglap,TE28,WEEKDAY,5,17.024390243902438,0.0
Siglap,TE28,WEEKDAY,6,112.1951219512195,30.195121951219512
Siglap,TE28,WEEKDAY,7,346.390243902439,98.73170731707317
Siglap,TE28,WEEKDAY,8,588.7317073170732,135.46341463414635
Siglap,TE28,WEEKDAY,9,321.0243902439024,104.0
Siglap,TE28,WEEKDAY,10,196.97560975609755,87.5609756097561
Siglap,TE28,WEEKDAY,11,188.0,109.41463414634147
Siglap,TE28,WEEKDAY,12,177.26829268292684,159.70731707317074
Siglap,TE28,WEEKDAY,13,174.34146341463415,196.53658536585365
Siglap,TE28,WEEKDAY,14,137.9512195121951,175.3658536585366
Siglap,TE28,WEEKDAY,15,115.3170731707317,177.65853658536585
Siglap,TE28,WEEKDAY,16,143.21951219512195,218.0487804878049
Siglap,TE28,WEEKDAY,17,195.3658536585366,339.5121951219512
Siglap,TE28,WEEKDAY,18,211.3170731707317,560.5853658536586
Siglap,TE28,WEEKDAY,19,124.04878048780488,472.6341463414634
Siglap,TE28,WEEKDAY,20,81.70731707317073,268.0
Siglap,TE28,WEEKDAY,21,55.46341463414634,215.0731707317073
Siglap,TE28,WEEKDAY,22,50.048780487804876,168.8780487804878
Siglap,TE28,WEEKDAY,23,19.609756097560975,83.3170731707317
Siglap,TE28,WEEKENDS/HOLIDAY,0,0.42105263157894735,23.263157894736842
Siglap,TE28,WEEKENDS/HOLIDAY,5,3.8947368421052633,0.0
Siglap,TE28,WEEKENDS/HOLIDAY,6,53.26315789473684,14.0
Siglap,TE28,WEEKENDS/HOLIDAY,7,97.6842105263158,51.36842105263158
Siglap,TE28,WEEKENDS/HOLIDAY,8,164.73684210526315,72.21052631578948
Siglap,TE28,WEEKENDS/HOLIDAY,9,196.94736842105263,90.73684210526316
Siglap,TE28,WEEKENDS/HOLIDAY,10,206.31578947368422,119.26315789473684
Siglap,TE28,WEEKENDS/HOLIDAY,11,198.0,142.73684210526315
Siglap,TE28,WEEKENDS/HOLIDAY,12,186.94736842105263,158.10526315789474
Siglap,TE28,WEEKENDS/HOLIDAY,13,151.05263157894737,183.89473684210526
Siglap,TE28,WEEKENDS/HOLIDAY,14,146.73684210526315,191.57894736842104
Siglap,TE28,WEEKENDS/HOLIDAY,15,139.57894736842104,194.31578947368422
Siglap,TE28,WEEKENDS/HOLIDAY,16,186.6315789473684,241.26315789473685
Siglap,TE28,WEEKENDS/HOLIDAY,17,206.73684210526315,239.89473684210526
Siglap,TE28,WEEKENDS/HOLIDAY,18,176.6315789473684,266.3157894736842
Siglap,TE28,WEEKENDS/HOLIDAY,19,150.0,244.94736842105263
Siglap,TE28,WEEKENDS/HOLIDAY,20,134.6315789473684,223.57894736842104
Siglap,TE28,WEEKENDS/HOLIDAY,21,107.6842105263158,208.42105263157896
Siglap,TE28,WEEKENDS/HOLIDAY,22,83.05263157894737,149.47368421052633
Siglap,TE28,WEEKENDS/HOLIDAY,23,30.736842105263158,81.26315789473684
Simei,EW3,WEEKDAY,0,4.878048780487805,98.97560975609755
Simei,EW3,WEEKDAY,5,223.85365853658536,14.829268292682928
Simei,EW3,WEEKDAY,6,732.1951219512196,324.0975609756098
Simei,EW3,WEEKDAY,7,1796.7317073170732,840.1951219512196
Simei,EW3,WEEKDAY,8,2416.1463414634145,933.6585365853658
Simei,EW3,WEEKDAY,9,1288.6341463414635,577.6585365853658
Simei,EW3,WEEKDAY,10,852.2439024390244,510.7317073170732
Simei,EW3,WEEKDAY,11,859.1219512195122,566.1463414634146
Simei,EW3,WEEKDAY,12,867.8048780487804,695.7560975609756
Simei,EW3,WEEKDAY,13,810.5853658536586,747.8048780487804
Simei,EW3,WEEKDAY,14,751.560975609756,724.1463414634146
Simei,EW3,WEEKDAY,15,765.3658536585366,736.8780487804878
Simei,EW3,WEEKDAY,16,845.7073170731708,912.5365853658536
Simei,EW3,WEEKDAY,17,1310.5853658536585,1362.2926829268292
Simei,EW3,WEEKDAY,18,1510.3902439024391,2540.390243902439
Simei,EW3,WEEKDAY,19,825.8048780487804,2144.0975609756097
Simei,EW3,WEEKDAY,20,562.2926829268292,1301.7073170731708
Simei,EW3,WEEKDAY,21,490.0487804878049,1130.9756097560976
Simei,EW3,WEEKDAY,22,282.1951219512195,908.0975609756098
Simei,EW3,WEEKDAY,23,73.70731707317073,431.609756097561
Simei,EW3,WEEKENDS/HOLIDAY,0,5.2631578947368425,106.10526315789474
Simei,EW3,WEEKENDS/HOLIDAY,5,92.42105263157895,4.526315789473684
Simei,EW3,WEEKENDS/HOLIDAY,6,302.8421052631579,126.63157894736842
Simei,EW3,WEEKENDS/HOLIDAY,7,522.5263157894736,282.8421052631579
Simei,EW3,WEEKENDS/HOLIDAY,8,796.3157894736842,378.3157894736842
Simei,EW3,WEEKENDS/HOLIDAY,9,968.2105263157895,431.36842105263156
Simei,EW3,WEEKENDS/HOLIDAY,10,988.9473684210526,484.3157894736842
Simei,EW3,WEEKENDS/HOLIDAY,11,947.1578947368421,607.6842105263158
Simei,EW3,WEEKENDS/HOLIDAY,12,915.3684210526316,741.2631578947369
Simei,EW3,WEEKENDS/HOLIDAY,13,887.3684210526316,816.0
Simei,EW3,WEEKENDS/HOLIDAY,14,802.9473684210526,819.4736842105264
Simei,EW3,WEEKENDS/HOLIDAY,15,811.2631578947369,788.5263157894736
Simei,EW3,WEEKENDS/HOLIDAY,16,840.3157894736842,886.7368421052631
Simei,EW3,WEEKENDS/HOLIDAY,17,960.8421052631579,1058.7368421052631
Simei,EW3,WEEKENDS/HOLIDAY,18,865.8947368421053,1109.7894736842106
Simei,EW3,WEEKENDS/HOLIDAY,19,688.0,1127.7894736842106
Simei,EW3,WEEKENDS/HOLIDAY,20,486.2105263157895,1019.4736842105264
Simei,EW3,WEEKENDS/HOLIDAY,21,449.4736842105263,1004.0
Simei,EW3,WEEKENDS/HOLIDAY,22,273.1578947368421,835.3684210526316
Simei,EW3,WEEKENDS/HOLIDAY,23,71.47368421052632,433.05263157894734
Sixth Avenue,DT7,WEEKDAY,0,1.2682926829268293,13.024390243902438
Sixth Avenue,DT7,WEEKDAY,5,15.073170731707316,5.073170731707317
Sixth Avenue,DT7,WEEKDAY,6,62.68292682926829,119.07317073170732
Sixth Avenue,DT7,WEEKDAY,7,236.4878048780488,485.1219512195122
Sixth Avenue,DT7,WEEKDAY,8,419.6585365853659,631.0243902439024
Sixth Avenue,DT7,WEEKDAY,9,261.5121951219512,242.29268292682926
Sixth Avenue,DT7,WEEKDAY,10,153.3170731707317,139.9512195121951
Sixth Avenue,DT7,WEEKDAY,11,162.8780487804878,131.26829268292684
Sixth Avenue,DT7,WEEKDAY,12,172.78048780487805,158.6341463414634
Sixth Avenue,DT7,WEEKDAY,13,147.02439024390245,186.6341463414634
Sixth Avenue,DT7,WEEKDAY,14,123.41463414634147,186.58536585365854
Sixth Avenue,DT7,WEEKDAY,15,198.9268292682927,211.41463414634146
Sixth Avenue,DT7,WEEKDAY,16,279.3658536585366,229.0731707317073
Sixth Avenue,DT7,WEEKDAY,17,422.4390243902439,336.4390243902439
Sixth Avenue,DT7,WEEKDAY,18,481.9512195121951,536.8780487804878
Sixth Avenue,DT7,WEEKDAY,19,242.34146341463415,376.5853658536585
Sixth Avenue,DT7,WEEKDAY,20,119.1219512195122,218.8780487804878
Sixth Avenue,DT7,WEEKDAY,21,76.92682926829268,193.26829268292684
Sixth Avenue,DT7,WEEKDAY,22,68.6829268292683,136.6829268292683
Sixth Avenue,DT7,WEEKDAY,23,19.5609756097561,69.1219512195122
Sixth Avenue,DT7,WEEKENDS/HOLIDAY,0,0.42105263157894735,10.105263157894736
Sixth Avenue,DT7,WEEKENDS/HOLIDAY,5,5.052631578947368,0.3157894736842105
Sixth Avenue,DT7,WEEKENDS/HOLIDAY,6,36.526315789473685,48.73684210526316
Sixth Avenue,DT7,WEEKENDS/HOLIDAY,7,79.57894736842105,155.57894736842104
Sixth Avenue,DT7,WEEKENDS/HOLIDAY,8,161.89473684210526,163.05263157894737
Sixth Avenue,DT7,WEEKENDS/HOLIDAY,9,248.0,138.94736842105263
Sixth Avenue,DT7,WEEKENDS/HOLIDAY,10,225.26315789473685,132.10526315789474
Sixth Avenue,DT7,WEEKENDS/HOLIDAY,11,196.8421052631579,132.21052631578948
Sixth Avenue,DT7,WEEKENDS/HOLIDAY,12,191.1578947368421,145.26315789473685
Sixth Avenue,DT7,WEEKENDS/HOLIDAY,13,166.73684210526315,158.0
Sixth Avenue,DT7,WEEKENDS/HOLIDAY,14,139.1578947368421,169.3684210526316
Sixth Avenue,DT7,WEEKENDS/HOLIDAY,15,132.10526315789474,171.26315789473685
Sixth Avenue,DT7,WEEKENDS/HOLIDAY,16,180.10526315789474,198.94736842105263
Sixth Avenue,DT7,WEEKENDS/HOLIDAY,17,210.10526315789474,234.10526315789474
Sixth Avenue,DT7,WEEKENDS/HOLIDAY,18,186.10526315789474,275.36842105263156
Sixth Avenue,DT7,WEEKENDS/HOLIDAY,19,135.68421052631578,242.0
Sixth Avenue,DT7,WEEKENDS/HOLIDAY,20,90.73684210526316,203.47368421052633
Sixth Avenue,DT7,WEEKENDS/HOLIDAY,21,70.52631578947368,185.47368421052633
Sixth Avenue,DT7,WEEKENDS/HOLIDAY,22,76.73684210526316,127.26315789473684
Sixth Avenue,DT7,WEEKENDS/HOLIDAY,23,19.57894736842105,67.89473684210526
Somerset,NS23,WEEKDAY,0,23.853658536585368,10.975609756097562
Somerset,NS23,WEEKDAY,5,25.5609756097561,25.51219512195122
Somerset,NS23,WEEKDAY,6,156.53658536585365,508.9268292682927
Somerset,NS23,WEEKDAY,7,409.7560975609756,1138.341463414634
Somerset,NS23,WEEKDAY,8,800.4878048780488,2427.7073170731705
Somerset,NS23,WEEKDAY,9,617.5121951219512,2653.8536585365855
Somerset,NS23,WEEKDAY,10,582.2439024390244,2073.0731707317073
Somerset,NS23,WEEKDAY,11,843.0731707317074,2131.951219512195
Somerset,NS23,WEEKDAY,12,1242.0,2550.048780487805
Somerset,NS23,WEEKDAY,13,1983.2682926829268,2032.5365853658536
Somerset,NS23,WEEKDAY,14,1702.9756097560976,1889.3658536585365
Somerset,NS23,WEEKDAY,15,1878.9268292682927,1800.780487804878
Somerset,NS23,WEEKDAY,16,2136.5365853658536,1892.9268292682927
Somerset,NS23,WEEKDAY,17,2995.4146341463415,2445.121951219512
Somerset,NS23,WEEKDAY,18,3773.3658536585367,4266.536585365854
Somerset,NS23,WEEKDAY,19,2756.0,2481.4634146341464
Somerset,NS23,WEEKDAY,20,2809.560975609756,1123.6097560975609
Somerset,NS23,WEEKDAY,21,3258.3414634146343,707.1219512195122
Somerset,NS23,WEEKDAY,22,2264.878048780488,413.7560975609756
Somerset,NS23,WEEKDAY,23,762.829268292683,171.26829268292684
Somerset,NS23,WEEKENDS/HOLIDAY,0,18.63157894736842,11.789473684210526
Somerset,NS23,WEEKENDS/HOLIDAY,5,6.0,6.2105263157894735
Somerset,NS23,WEEKENDS/HOLIDAY,6,120.52631578947368,277.05263157894734
Somerset,NS23,WEEKENDS/HOLIDAY,7,159.78947368421052,625.6842105263158
Somerset,NS23,WEEKENDS/HOLIDAY,8,253.68421052631578,846.9473684210526
Somerset,NS23,WEEKENDS/HOLIDAY,9,403.89473684210526,1653.578947368421
Somerset,NS23,WEEKENDS/HOLIDAY,10,604.0,2014.2105263157894
Somerset,NS23,WEEKENDS/HOLIDAY,11,802.2105263157895,2360.5263157894738
Somerset,NS23,WEEKENDS/HOLIDAY,12,1212.0,2677.7894736842104
Somerset,NS23,WEEKENDS/HOLIDAY,13,1724.0,2810.4210526315787
Somerset,NS23,WEEKENDS/HOLIDAY,14,2036.7368421052631,2668.5263157894738
Somerset,NS23,WEEKENDS/HOLIDAY,15,2451.157894736842,2572.9473684210525
Somerset,NS23,WEEKENDS/HOLIDAY,16,2634.315789473684,2485.0526315789475
Somerset,NS23,WEEKENDS/HOLIDAY,17,2838.1052631578946,2439.4736842105262
Somerset,NS23,WEEKENDS/HOLIDAY,18,2797.0526315789475,2218.4210526315787
Somerset,NS23,WEEKENDS/HOLIDAY,19,2705.4736842105262,1619.6842105263158
Somerset,NS23,WEEKENDS/HOLIDAY,20,2538.6315789473683,1046.2105263157894
Somerset,NS23,WEEKENDS/HOLIDAY,21,2704.2105263157896,752.421052631579
Somerset,NS23,WEEKENDS/HOLIDAY,22,2051.8947368421054,425.4736842105263
Somerset,NS23,WEEKENDS/HOLIDAY,23,744.5263157894736,184.73684210526315
Springleaf,TE4,WEEKDAY,0,5.560975609756097,21.170731707317074
Springleaf,TE4,WEEKDAY,5,28.829268292682926,22.195121951219512
Springleaf,TE4,WEEKDAY,6,173.7560975609756,178.53658536585365
Springleaf,TE4,WEEKDAY,7,415.8536585365854,814.5853658536586
Springleaf,TE4,WEEKDAY,8,509.8536585365854,707.170731707317
Springleaf,TE4,WEEKDAY,9,249.3170731707317,279.2682926829268
Springleaf,TE4,WEEKDAY,10,168.2439024390244,174.53658536585365
Springleaf,TE4,WEEKDAY,11,186.6829268292683,172.0
Springleaf,TE4,WEEKDAY,12,230.390243902439,183.26829268292684
Springleaf,TE4,WEEKDAY,13,235.3658536585366,163.5121951219512
Springleaf,TE4,WEEKDAY,14,198.82926829268294,156.6829268292683
Springleaf,TE4,WEEKDAY,15,234.2439024390244,144.29268292682926
Springleaf,TE4,WEEKDAY,16,367.7560975609756,180.82926829268294
Springleaf,TE4,WEEKDAY,17,835.219512195122,313.3658536585366
Springleaf,TE4,WEEKDAY,18,767.219512195122,559.9024390243902
Springleaf,TE4,WEEKDAY,19,354.5365853658537,408.0
Springleaf,TE4,WEEKDAY,20,217.90243902439025,242.0
Springleaf,TE4,WEEKDAY,21,192.09756097560975,220.29268292682926
Springleaf,TE4,WEEKDAY,22,131.5609756097561,165.8048780487805
Springleaf,TE4,WEEKDAY,23,53.46341463414634,84.0
Springleaf,TE4,WEEKENDS/HOLIDAY,0,6.315789473684211,20.736842105263158
Springleaf,TE4,WEEKENDS/HOLIDAY,5,7.473684210526316,2.210526315789474
Springleaf,TE4,WEEKENDS/HOLIDAY,6,78.0,68.94736842105263
Springleaf,TE4,WEEKENDS/HOLIDAY,7,131.89473684210526,224.73684210526315
Springleaf,TE4,WEEKENDS/HOLIDAY,8,203.78947368421052,269.05263157894734
Springleaf,TE4,WEEKENDS/HOLIDAY,9,230.52631578947367,243.3684210526316
Springleaf,TE4,WEEKENDS/HOLIDAY,10,229.1578947368421,226.0
Springleaf,TE4,WEEKENDS/HOLIDAY,11,266.63157894736844,223.1578947368421
Springleaf,TE4,WEEKENDS/HOLIDAY,12,296.63157894736844,216.73684210526315
Springleaf,TE4,WEEKENDS/HOLIDAY,13,281.2631578947368,219.3684210526316
Springleaf,TE4,WEEKENDS/HOLIDAY,14,273.36842105263156,195.3684210526316
Springleaf,TE4,WEEKENDS/HOLIDAY,15,277.4736842105263,178.94736842105263
Springleaf,TE4,WEEKENDS/HOLIDAY,16,303.7894736842105,198.73684210526315
Springleaf,TE4,WEEKENDS/HOLIDAY,17,353.4736842105263,274.42105263157896
Springleaf,TE4,WEEKENDS/HOLIDAY,18,376.2105263157895,342.7368421052632
Springleaf,TE4,WEEKENDS/HOLIDAY,19,279.36842105263156,259.1578947368421
Springleaf,TE4,WEEKENDS/HOLIDAY,20,209.05263157894737,219.3684210526316
Springleaf,TE4,WEEKENDS/HOLIDAY,21,172.10526315789474,217.68421052631578
Springleaf,TE4,WEEKENDS/HOLIDAY,22,168.42105263157896,161.89473684210526
Springleaf,TE4,WEEKENDS/HOLIDAY,23,60.0,89.6842105263158
Stadium,CC6,WEEKDAY,0,2.1951219512195124,2.2439024390243905
Stadium,CC6,WEEKDAY,5,2.341463414634146,2.048780487804878
Stadium,CC6,WEEKDAY,6,17.853658536585368,189.17073170731706
Stadium,CC6,WEEKDAY,7,84.82926829268293,328.5365853658537
Stadium,CC6,WEEKDAY,8,214.9268292682927,622.439024390244
Stadium,CC6,WEEKDAY,9,173.46341463414635,637.9024390243902
Stadium,CC6,WEEKDAY,10,205.8048780487805,373.7073170731707
Stadium,CC6,WEEKDAY,11,285.7560975609756,378.1463414634146
Stadium,CC6,WEEKDAY,12,404.5365853658537,462.0975609756098
Stadium,CC6,WEEKDAY,13,441.7560975609756,482.0487804878049
Stadium,CC6,WEEKDAY,14,334.6829268292683,433.5609756097561
Stadium,CC6,WEEKDAY,15,370.9268292682927,361.7560975609756
Stadium,CC6,WEEKDAY,16,439.5121951219512,428.8780487804878
Stadium,CC6,WEEKDAY,17,569.560975609756,525.0731707317074
Stadium,CC6,WEEKDAY,18,831.1219512195122,984.2926829268292
Stadium,CC6,WEEKDAY,19,602.6341463414634,573.0731707317074
Stadium,CC6,WEEKDAY,20,703.7560975609756,205.70731707317074
Stadium,CC6,WEEKDAY,21,799.9024390243902,101.02439024390245
Stadium,CC6,WEEKDAY,22,503.7073170731707,58.34146341463415
Stadium,CC6,WEEKDAY,23,103.07317073170732,22.78048780487805
Stadium,CC6,WEEKENDS/HOLIDAY,0,3.789473684210526,1.7894736842105263
Stadium,CC6,WEEKENDS/HOLIDAY,5,1.263157894736842,0.42105263157894735
Stadium,CC6,WEEKENDS/HOLIDAY,6,24.0,285.36842105263156
Stadium,CC6,WEEKENDS/HOLIDAY,7,39.473684210526315,650.5263157894736
Stadium,CC6,WEEKENDS/HOLIDAY,8,127.26315789473684,647.3684210526316
Stadium,CC6,WEEKENDS/HOLIDAY,9,362.63157894736844,712.9473684210526
Stadium,CC6,WEEKENDS/HOLIDAY,10,497.57894736842104,733.4736842105264
Stadium,CC6,WEEKENDS/HOLIDAY,11,604.0,781.2631578947369
Stadium,CC6,WEEKENDS/HOLIDAY,12,650.7368421052631,778.5263157894736
Stadium,CC6,WEEKENDS/HOLIDAY,13,676.6315789473684,969.3684210526316
Stadium,CC6,WEEKENDS/HOLIDAY,14,708.6315789473684,906.0
Stadium,CC6,WEEKENDS/HOLIDAY,15,792.6315789473684,804.6315789473684
Stadium,CC6,WEEKENDS/HOLIDAY,16,882.3157894736842,868.6315789473684
Stadium,CC6,WEEKENDS/HOLIDAY,17,983.8947368421053,897.1578947368421
Stadium,CC6,WEEKENDS/HOLIDAY,18,938.8421052631579,923.2631578947369
Stadium,CC6,WEEKENDS/HOLIDAY,19,1125.0526315789473,610.421052631579
Stadium,CC6,WEEKENDS/HOLIDAY,20,904.2105263157895,254.21052631578948
Stadium,CC6,WEEKENDS/HOLIDAY,21,923.0526315789474,168.31578947368422
Stadium,CC6,WEEKENDS/HOLIDAY,22,686.9473684210526,82.42105263157895
Stadium,CC6,WEEKENDS/HOLIDAY,23,646.421052631579,31.157894736842106
Stevens,TE11,WEEKDAY,0,3.658536585365854,12.926829268292684
Stevens,DT10,WEEKDAY,0,1.9024390243902438,9.512195121951219
Stevens,TE11,WEEKDAY,5,5.219512195121951,2.4878048780487805
Stevens,DT10,WEEKDAY,5,4.829268292682927,3.1219512195121952
Stevens,TE11,WEEKDAY,6,106.4390243902439,80.29268292682927
Stevens,DT10,WEEKDAY,6,147.85365853658536,84.58536585365853
Stevens,TE11,WEEKDAY,7,300.5365853658537,256.7317073170732
Stevens,DT10,WEEKDAY,7,339.7560975609756,281.9024390243902
Stevens,TE11,WEEKDAY,8,572.2926829268292,281.8536585365854
Stevens,DT10,WEEKDAY,8,599.9024390243902,231.3170731707317
Stevens,TE11,WEEKDAY,9,326.3414634146341,143.90243902439025
Stevens,DT10,WEEKDAY,9,360.4878048780488,119.90243902439025
Stevens,TE11,WEEKDAY,10,203.1219512195122,108.97560975609755
Stevens,DT10,WEEKDAY,10,223.46341463414635,92.2439024390244
Stevens,TE11,WEEKDAY,11,186.58536585365854,101.8048780487805
Stevens,DT10,WEEKDAY,11,197.3658536585366,82.2439024390244
Stevens,TE11,WEEKDAY,12,190.58536585365854,135.9512195121951
Stevens,DT10,WEEKDAY,12,203.85365853658536,115.46341463414635
Stevens,TE11,WEEKDAY,13,161.5121951219512,145.7560975609756
Stevens,DT10,WEEKDAY,13,164.6341463414634,122.04878048780488
Stevens,TE11,WEEKDAY,14,146.6341463414634,149.609756097561
Stevens,DT10,WEEKDAY,14,148.58536585365854,112.53658536585365
Stevens,TE11,WEEKDAY,15,165.46341463414635,171.02439024390245
Stevens,DT10,WEEKDAY,15,164.4878048780488,131.41463414634146
Stevens,TE11,WEEKDAY,16,205.46341463414635,211.609756097561
Stevens,DT10,WEEKDAY,16,183.26829268292684,158.09756097560975
Stevens,TE11,WEEKDAY,17,290.780487804878,320.5365853658537
Stevens,DT10,WEEKDAY,17,272.2439024390244,250.6829268292683
Stevens,TE11,WEEKDAY,18,402.8780487804878,486.0
Stevens,DT10,WEEKDAY,18,346.9268292682927,383.9024390243902
Stevens,TE11,WEEKDAY,19,227.46341463414635,335.6585365853659
Stevens,DT10,WEEKDAY,19,195.41463414634146,272.9268292682927
Stevens,TE11,WEEKDAY,20,120.34146341463415,223.9512195121951
Stevens,DT10,WEEKDAY,20,101.65853658536585,163.41463414634146
Stevens,TE11,WEEKDAY,21,108.09756097560975,220.6829268292683
Stevens,DT10,WEEKDAY,21,102.1951219512195,143.1219512195122
Stevens,TE11,WEEKDAY,22,91.41463414634147,182.4390243902439
Stevens,DT10,WEEKDAY,22,77.90243902439025,122.63414634146342
Stevens,TE11,WEEKDAY,23,36.390243902439025,104.53658536585365
Stevens,DT10,WEEKDAY,23,25.853658536585368,70.8780487804878
Stevens,TE11,WEEKENDS/HOLIDAY,0,2.4210526315789473,16.105263157894736
Stevens,DT10,WEEKENDS/HOLIDAY,0,2.9473684210526314,8.631578947368421
Stevens,TE11,WEEKENDS/HOLIDAY,5,2.210526315789474,0.7368421052631579
Stevens,DT10,WEEKENDS/HOLIDAY,5,1.894736842105263,0.8421052631578947
Stevens,TE11,WEEKENDS/HOLIDAY,6,58.63157894736842,36.526315789473685
Stevens,DT10,WEEKENDS/HOLIDAY,6,65.57894736842105,34.0
Stevens,TE11,WEEKENDS/HOLIDAY,7,92.52631578947368,103.15789473684211
Stevens,DT10,WEEKENDS/HOLIDAY,7,106.10526315789474,115.78947368421052
Stevens,TE11,WEEKENDS/HOLIDAY,8,158.73684210526315,121.57894736842105
Stevens,DT10,WEEKENDS/HOLIDAY,8,170.52631578947367,96.94736842105263
Stevens,TE11,WEEKENDS/HOLIDAY,9,186.31578947368422,128.10526315789474
Stevens,DT10,WEEKENDS/HOLIDAY,9,228.10526315789474,98.21052631578948
Stevens,TE11,WEEKENDS/HOLIDAY,10,193.3684210526316,135.47368421052633
Stevens,DT10,WEEKENDS/HOLIDAY,10,259.1578947368421,110.52631578947368
Stevens,TE11,WEEKENDS/HOLIDAY,11,198.52631578947367,128.42105263157896
Stevens,DT10,WEEKENDS/HOLIDAY,11,230.21052631578948,108.63157894736842
Stevens,TE11,WEEKENDS/HOLIDAY,12,232.10526315789474,142.10526315789474
Stevens,DT10,WEEKENDS/HOLIDAY,12,229.68421052631578,114.10526315789474
Stevens,TE11,WEEKENDS/HOLIDAY,13,179.1578947368421,177.05263157894737
Stevens,DT10,WEEKENDS/HOLIDAY,13,185.47368421052633,132.21052631578948
Stevens,TE11,WEEKENDS/HOLIDAY,14,154.52631578947367,151.05263157894737
Stevens,DT10,WEEKENDS/HOLIDAY,14,179.47368421052633,121.15789473684211
Stevens,TE11,WEEKENDS/HOLIDAY,15,168.0,183.68421052631578
Stevens,DT10,WEEKENDS/HOLIDAY,15,177.05263157894737,118.94736842105263
Stevens,TE11,WEEKENDS/HOLIDAY,16,186.6315789473684,175.78947368421052
Stevens,DT10,WEEKENDS/HOLIDAY,16,186.21052631578948,129.57894736842104
Stevens,TE11,WEEKENDS/HOLIDAY,17,215.78947368421052,215.89473684210526
Stevens,DT10,WEEKENDS/HOLIDAY,17,213.1578947368421,149.05263157894737
Stevens,TE11,WEEKENDS/HOLIDAY,18,216.8421052631579,204.10526315789474
Stevens,DT10,WEEKENDS/HOLIDAY,18,207.68421052631578,152.73684210526315
Stevens,TE11,WEEKENDS/HOLIDAY,19,154.6315789473684,178.94736842105263
Stevens,DT10,WEEKENDS/HOLIDAY,19,146.0,146.73684210526315
Stevens,TE11,WEEKENDS/HOLIDAY,20,101.05263157894737,186.8421052631579
Stevens,DT10,WEEKENDS/HOLIDAY,20,89.36842105263158,140.52631578947367
Stevens,TE11,WEEKENDS/HOLIDAY,21,80.63157894736842,208.10526315789474
Stevens,DT10,WEEKENDS/HOLIDAY,21,76.42105263157895,139.26315789473685
Stevens,TE11,WEEKENDS/HOLIDAY,22,77.15789473684211,185.57894736842104
Stevens,DT10,WEEKENDS/HOLIDAY,22,73.78947368421052,115.57894736842105
Stevens,TE11,WEEKENDS/HOLIDAY,23,41.1578947368421,112.21052631578948
Stevens,DT10,WEEKENDS/HOLIDAY,23,30.31578947368421,66.94736842105263
Tai Seng,CC11,WEEKDAY,0,5.073170731707317,14.292682926829269
Tai Seng,CC11,WEEKDAY,5,61.46341463414634,60.146341463414636
Tai Seng,CC11,WEEKDAY,6,405.3170731707317,1141.8536585365853
Tai Seng,CC11,WEEKDAY,7,716.9268292682926,2972.0975609756097
Tai Seng,CC11,WEEKDAY,8,555.1219512195122,5892.878048780488
Tai Seng,CC11,WEEKDAY,9,352.0975609756098,3399.0731707317073
Tai Seng,CC11,WEEKDAY,10,294.4390243902439,1041.121951219512
Tai Seng,CC11,WEEKDAY,11,505.7073170731707,631.3170731707318
Tai Seng,CC11,WEEKDAY,12,776.780487804878,660.0487804878048
Tai Seng,CC11,WEEKDAY,13,683.219512195122,801.6585365853658
Tai Seng,CC11,WEEKDAY,14,607.7073170731708,588.5853658536586
Tai Seng,CC11,WEEKDAY,15,848.8780487804878,448.0487804878049
Tai Seng,CC11,WEEKDAY,16,1292.0975609756097,476.780487804878
Tai Seng,CC11,WEEKDAY,17,4133.512195121952,760.4878048780488
Tai Seng,CC11,WEEKDAY,18,5644.780487804878,1252.7317073170732
Tai Seng,CC11,WEEKDAY,19,2345.317073170732,1002.2439024390244
Tai Seng,CC11,WEEKDAY,20,1215.121951219512,495.609756097561
Tai Seng,CC11,WEEKDAY,21,855.609756097561,395.0731707317073
Tai Seng,CC11,WEEKDAY,22,503.9512195121951,346.1951219512195
Tai Seng,CC11,WEEKDAY,23,137.3658536585366,140.0
Tai Seng,CC11,WEEKENDS/HOLIDAY,0,3.263157894736842,19.263157894736842
Tai Seng,CC11,WEEKENDS/HOLIDAY,5,37.578947368421055,12.421052631578947
Tai Seng,CC11,WEEKENDS/HOLIDAY,6,255.57894736842104,401.4736842105263
Tai Seng,CC11,WEEKENDS/HOLIDAY,7,413.2631578947368,648.0
Tai Seng,CC11,WEEKENDS/HOLIDAY,8,308.8421052631579,877.4736842105264
Tai Seng,CC11,WEEKENDS/HOLIDAY,9,267.57894736842104,846.421052631579
Tai Seng,CC11,WEEKENDS/HOLIDAY,10,326.94736842105266,730.2105263157895
Tai Seng,CC11,WEEKENDS/HOLIDAY,11,426.10526315789474,573.6842105263158
Tai Seng,CC11,WEEKENDS/HOLIDAY,12,688.7368421052631,665.4736842105264
Tai Seng,CC11,WEEKENDS/HOLIDAY,13,869.1578947368421,654.5263157894736
Tai Seng,CC11,WEEKENDS/HOLIDAY,14,758.8421052631579,534.3157894736842
Tai Seng,CC11,WEEKENDS/HOLIDAY,15,781.8947368421053,520.1052631578947
Tai Seng,CC11,WEEKENDS/HOLIDAY,16,943.4736842105264,577.6842105263158
Tai Seng,CC11,WEEKENDS/HOLIDAY,17,1095.7894736842106,673.4736842105264
Tai Seng,CC11,WEEKENDS/HOLIDAY,18,890.5263157894736,680.421052631579
Tai Seng,CC11,WEEKENDS/HOLIDAY,19,814.9473684210526,630.8421052631579
Tai Seng,CC11,WEEKENDS/HOLIDAY,20,629.7894736842105,498.63157894736844
Tai Seng,CC11,WEEKENDS/HOLIDAY,21,543.2631578947369,429.89473684210526
Tai Seng,CC11,WEEKENDS/HOLIDAY,22,290.2105263157895,332.2105263157895
Tai Seng,CC11,WEEKENDS/HOLIDAY,23,76.94736842105263,178.6315789473684
Tampines,EW2/DT32,WEEKDAY,0,31.463414634146343,243.3170731707317
Tampines,EW2/DT32,WEEKDAY,5,671.9512195121952,99.8048780487805
Tampines,EW2/DT32,WEEKDAY,6,2233.2195121951218,1032.1463414634147
Tampines,EW2/DT32,WEEKDAY,7,5437.609756097561,2315.317073170732
Tampines,EW2/DT32,WEEKDAY,8,7323.024390243902,2839.609756097561
Tampines,EW2/DT32,WEEKDAY,9,3634.390243902439,2110.243902439024
Tampines,EW2/DT32,WEEKDAY,10,2332.243902439024,1756.439024390244
Tampines,EW2/DT32,WEEKDAY,11,2141.2195121951218,1893.0243902439024
Tampines,EW2/DT32,WEEKDAY,12,2400.3414634146343,2339.9024390243903
Tampines,EW2/DT32,WEEKDAY,13,2487.6585365853657,2392.682926829268
Tampines,EW2/DT32,WEEKDAY,14,2220.390243902439,2324.048780487805
Tampines,EW2/DT32,WEEKDAY,15,2163.0731707317073,2501.7073170731705
Tampines,EW2/DT32,WEEKDAY,16,2425.951219512195,3106.7804878048782
Tampines,EW2/DT32,WEEKDAY,17,3532.487804878049,5167.609756097561
Tampines,EW2/DT32,WEEKDAY,18,4757.90243902439,9393.560975609756
Tampines,EW2/DT32,WEEKDAY,19,3393.512195121951,6307.5609756097565
Tampines,EW2/DT32,WEEKDAY,20,2503.609756097561,3395.170731707317
Tampines,EW2/DT32,WEEKDAY,21,2274.9268292682927,2678.682926829268
Tampines,EW2/DT32,WEEKDAY,22,1290.0487804878048,2274.487804878049
Tampines,EW2/DT32,WEEKDAY,23,387.8048780487805,1108.1951219512196
Tampines,EW2/DT32,WEEKENDS/HOLIDAY,0,36.0,271.1578947368421
Tampines,EW2/DT32,WEEKENDS/HOLIDAY,5,248.94736842105263,35.78947368421053
Tampines,EW2/DT32,WEEKENDS/HOLIDAY,6,848.0,428.42105263157896
Tampines,EW2/DT32,WEEKENDS/HOLIDAY,7,1359.578947368421,895.6842105263158
Tampines,EW2/DT32,WEEKENDS/HOLIDAY,8,2004.1052631578948,1335.7894736842106
Tampines,EW2/DT32,WEEKENDS/HOLIDAY,9,2484.1052631578946,1627.8947368421052
Tampines,EW2/DT32,WEEKENDS/HOLIDAY,10,2575.3684210526317,1982.2105263157894
Tampines,EW2/DT32,WEEKENDS/HOLIDAY,11,2681.0526315789475,2235.7894736842104
Tampines,EW2/DT32,WEEKENDS/HOLIDAY,12,2861.0526315789475,2478.842105263158
Tampines,EW2/DT32,WEEKENDS/HOLIDAY,13,2992.9473684210525,2748.315789473684
Tampines,EW2/DT32,WEEKENDS/HOLIDAY,14,2866.842105263158,2702.6315789473683
Tampines,EW2/DT32,WEEKENDS/HOLIDAY,15,2853.0526315789475,2821.2631578947367
Tampines,EW2/DT32,WEEKENDS/HOLIDAY,16,2931.3684210526317,3058.4210526315787
Tampines,EW2/DT32,WEEKENDS/HOLIDAY,17,3124.315789473684,3659.8947368421054
Tampines,EW2/DT32,WEEKENDS/HOLIDAY,18,3018.1052631578946,3731.2631578947367
Tampines,EW2/DT32,WEEKENDS/HOLIDAY,19,2594.9473684210525,3261.684210526316
Tampines,EW2/DT32,WEEKENDS/HOLIDAY,20,2268.0,2741.0526315789475
Tampines,EW2/DT32,WEEKENDS/HOLIDAY,21,2055.3684210526317,2446.7368421052633
Tampines,EW2/DT32,WEEKENDS/HOLIDAY,22,1300.7368421052631,2101.0526315789475
Tampines,EW2/DT32,WEEKENDS/HOLIDAY,23,403.1578947368421,1137.2631578947369
Tampines East,DT33,WEEKDAY,0,1.2682926829268293,139.9512195121951
Tampines East,DT33,WEEKDAY,5,296.8292682926829,3.6097560975609757
Tampines East,DT33,WEEKDAY,6,1212.9756097560976,343.6585365853659
Tampines East,DT33,WEEKDAY,7,3148.390243902439,877.9024390243902
Tampines East,DT33,WEEKDAY,8,4037.756097560976,700.0975609756098
Tampines East,DT33,WEEKDAY,9,1841.560975609756,311.5121951219512
Tampines East,DT33,WEEKDAY,10,959.170731707317,211.70731707317074
Tampines East,DT33,WEEKDAY,11,720.829268292683,248.14634146341464
Tampines East,DT33,WEEKDAY,12,712.439024390244,369.9512195121951
Tampines East,DT33,WEEKDAY,13,634.0487804878048,434.8780487804878
Tampines East,DT33,WEEKDAY,14,512.2926829268292,479.9024390243902
Tampines East,DT33,WEEKDAY,15,444.4390243902439,552.6829268292682
Tampines East,DT33,WEEKDAY,16,569.9024390243902,725.219512195122
Tampines East,DT33,WEEKDAY,17,1006.0975609756098,1450.3902439024391
Tampines East,DT33,WEEKDAY,18,1144.0487804878048,3093.170731707317
Tampines East,DT33,WEEKDAY,19,656.2439024390244,2390.5853658536585
Tampines East,DT33,WEEKDAY,20,348.5365853658537,1570.7317073170732
Tampines East,DT33,WEEKDAY,21,271.9024390243902,1296.1463414634147
Tampines East,DT33,WEEKDAY,22,185.609756097561,1190.4878048780488
Tampines East,DT33,WEEKDAY,23,71.02439024390245,653.4146341463414
Tampines East,DT33,WEEKENDS/HOLIDAY,0,1.4736842105263157,159.68421052631578
Tampines East,DT33,WEEKENDS/HOLIDAY,5,112.94736842105263,2.0
Tampines East,DT33,WEEKENDS/HOLIDAY,6,427.1578947368421,140.6315789473684
Tampines East,DT33,WEEKENDS/HOLIDAY,7,685.0526315789474,274.8421052631579
Tampines East,DT33,WEEKENDS/HOLIDAY,8,867.3684210526316,276.42105263157896
Tampines East,DT33,WEEKENDS/HOLIDAY,9,958.421052631579,256.8421052631579
Tampines East,DT33,WEEKENDS/HOLIDAY,10,964.5263157894736,253.57894736842104
Tampines East,DT33,WEEKENDS/HOLIDAY,11,910.8421052631579,306.3157894736842
Tampines East,DT33,WEEKENDS/HOLIDAY,12,848.5263157894736,413.1578947368421
Tampines East,DT33,WEEKENDS/HOLIDAY,13,759.578947368421,540.7368421052631
Tampines East,DT33,WEEKENDS/HOLIDAY,14,680.1052631578947,586.5263157894736
Tampines East,DT33,WEEKENDS/HOLIDAY,15,656.6315789473684,633.3684210526316
Tampines East,DT33,WEEKENDS/HOLIDAY,16,728.1052631578947,644.5263157894736
Tampines East,DT33,WEEKENDS/HOLIDAY,17,882.6315789473684,745.8947368421053
Tampines East,DT33,WEEKENDS/HOLIDAY,18,784.8421052631579,840.6315789473684
Tampines East,DT33,WEEKENDS/HOLIDAY,19,526.421052631579,919.2631578947369
Tampines East,DT33,WEEKENDS/HOLIDAY,20,320.0,1007.7894736842105
Tampines East,DT33,WEEKENDS/HOLIDAY,21,229.68421052631578,1170.1052631578948
Tampines East,DT33,WEEKENDS/HOLIDAY,22,185.47368421052633,1058.2105263157894
Tampines East,DT33,WEEKENDS/HOLIDAY,23,70.10526315789474,618.0
Tampines West,DT31,WEEKDAY,0,2.341463414634146,42.292682926829265
Tampines West,DT31,WEEKDAY,5,101.90243902439025,1.853658536585366
Tampines West,DT31,WEEKDAY,6,531.5121951219512,179.41463414634146
Tampines West,DT31,WEEKDAY,7,1285.560975609756,444.9268292682927
Tampines West,DT31,WEEKDAY,8,1746.0,765.170731707317
Tampines West,DT31,WEEKDAY,9,772.3414634146342,326.9756097560976
Tampines West,DT31,WEEKDAY,10,403.219512195122,201.26829268292684
Tampines West,DT31,WEEKDAY,11,382.9268292682927,239.8048780487805
Tampines West,DT31,WEEKDAY,12,350.0,332.3414634146341
Tampines West,DT31,WEEKDAY,13,326.9756097560976,316.9756097560976
Tampines West,DT31,WEEKDAY,14,272.2439024390244,315.4146341463415
Tampines West,DT31,WEEKDAY,15,360.9756097560976,330.780487804878
Tampines West,DT31,WEEKDAY,16,404.4878048780488,419.2682926829268
Tampines West,DT31,WEEKDAY,17,598.780487804878,808.5853658536586
Tampines West,DT31,WEEKDAY,18,736.4878048780488,1669.2682926829268
Tampines West,DT31,WEEKDAY,19,365.3170731707317,1220.1463414634147
Tampines West,DT31,WEEKDAY,20,248.73170731707316,713.5121951219512
Tampines West,DT31,WEEKDAY,21,268.0487804878049,595.219512195122
Tampines West,DT31,WEEKDAY,22,153.7560975609756,502.1951219512195
Tampines West,DT31,WEEKDAY,23,56.63414634146341,269.0731707317073
Tampines West,DT31,WEEKENDS/HOLIDAY,0,2.4210526315789473,58.31578947368421
Tampines West,DT31,WEEKENDS/HOLIDAY,5,37.473684210526315,0.9473684210526315
Tampines West,DT31,WEEKENDS/HOLIDAY,6,212.8421052631579,110.21052631578948
Tampines West,DT31,WEEKENDS/HOLIDAY,7,351.6842105263158,172.31578947368422
Tampines West,DT31,WEEKENDS/HOLIDAY,8,413.6842105263158,217.26315789473685
Tampines West,DT31,WEEKENDS/HOLIDAY,9,444.3157894736842,209.89473684210526
Tampines West,DT31,WEEKENDS/HOLIDAY,10,439.4736842105263,190.31578947368422
Tampines West,DT31,WEEKENDS/HOLIDAY,11,415.89473684210526,245.89473684210526
Tampines West,DT31,WEEKENDS/HOLIDAY,12,418.10526315789474,330.0
Tampines West,DT31,WEEKENDS/HOLIDAY,13,395.7894736842105,339.57894736842104
Tampines West,DT31,WEEKENDS/HOLIDAY,14,343.4736842105263,343.57894736842104
Tampines West,DT31,WEEKENDS/HOLIDAY,15,362.63157894736844,352.2105263157895
Tampines West,DT31,WEEKENDS/HOLIDAY,16,391.2631578947368,399.2631578947368
Tampines West,DT31,WEEKENDS/HOLIDAY,17,452.94736842105266,468.2105263157895
Tampines West,DT31,WEEKENDS/HOLIDAY,18,389.6842105263158,494.3157894736842
Tampines West,DT31,WEEKENDS/HOLIDAY,19,298.63157894736844,535.4736842105264
Tampines West,DT31,WEEKENDS/HOLIDAY,20,199.05263157894737,514.6315789473684
Tampines West,DT31,WEEKENDS/HOLIDAY,21,228.73684210526315,532.6315789473684
Tampines West,DT31,WEEKENDS/HOLIDAY,22,131.1578947368421,488.0
Tampines West,DT31,WEEKENDS/HOLIDAY,23,50.21052631578947,262.2105263157895
Tan Kah Kee,DT8,WEEKDAY,0,0.6829268292682927,8.829268292682928
Tan Kah Kee,DT8,WEEKDAY,5,4.926829268292683,8.292682926829269
Tan Kah Kee,DT8,WEEKDAY,6,46.53658536585366,114.34146341463415
Tan Kah Kee,DT8,WEEKDAY,7,244.9268292682927,460.1951219512195
Tan Kah Kee,DT8,WEEKDAY,8,420.0,376.5853658536585
Tan Kah Kee,DT8,WEEKDAY,9,253.17073170731706,212.0
Tan Kah Kee,DT8,WEEKDAY,10,177.65853658536585,154.14634146341464
Tan Kah Kee,DT8,WEEKDAY,11,207.609756097561,110.92682926829268
Tan Kah Kee,DT8,WEEKDAY,12,270.8780487804878,150.0
Tan Kah Kee,DT8,WEEKDAY,13,199.85365853658536,169.1219512195122
Tan Kah Kee,DT8,WEEKDAY,14,166.73170731707316,162.390243902439
Tan Kah Kee,DT8,WEEKDAY,15,178.2439024390244,169.9512195121951
Tan Kah Kee,DT8,WEEKDAY,16,275.1707317073171,190.14634146341464
Tan Kah Kee,DT8,WEEKDAY,17,352.0975609756098,262.6829268292683
Tan Kah Kee,DT8,WEEKDAY,18,396.0,395.1707317073171
Tan Kah Kee,DT8,WEEKDAY,19,227.85365853658536,273.5609756097561
Tan Kah Kee,DT8,WEEKDAY,20,90.09756097560975,143.9512195121951
Tan Kah Kee,DT8,WEEKDAY,21,86.04878048780488,140.29268292682926
Tan Kah Kee,DT8,WEEKDAY,22,54.8780487804878,103.90243902439025
Tan Kah Kee,DT8,WEEKDAY,23,16.048780487804876,48.24390243902439
Tan Kah Kee,DT8,WEEKENDS/HOLIDAY,0,1.7894736842105263,8.526315789473685
Tan Kah Kee,DT8,WEEKENDS/HOLIDAY,5,3.6842105263157894,0.9473684210526315
Tan Kah Kee,DT8,WEEKENDS/HOLIDAY,6,28.42105263157895,36.21052631578947
Tan Kah Kee,DT8,WEEKENDS/HOLIDAY,7,72.42105263157895,97.47368421052632
Tan Kah Kee,DT8,WEEKENDS/HOLIDAY,8,171.26315789473685,132.42105263157896
Tan Kah Kee,DT8,WEEKENDS/HOLIDAY,9,241.26315789473685,117.47368421052632
Tan Kah Kee,DT8,WEEKENDS/HOLIDAY,10,210.52631578947367,129.78947368421052
Tan Kah Kee,DT8,WEEKENDS/HOLIDAY,11,201.47368421052633,132.73684210526315
Tan Kah Kee,DT8,WEEKENDS/HOLIDAY,12,183.05263157894737,127.26315789473684
Tan Kah Kee,DT8,WEEKENDS/HOLIDAY,13,172.0,153.1578947368421
Tan Kah Kee,DT8,WEEKENDS/HOLIDAY,14,152.10526315789474,147.1578947368421
Tan Kah Kee,DT8,WEEKENDS/HOLIDAY,15,144.31578947368422,150.8421052631579
Tan Kah Kee,DT8,WEEKENDS/HOLIDAY,16,176.42105263157896,170.6315789473684
Tan Kah Kee,DT8,WEEKENDS/HOLIDAY,17,177.05263157894737,221.78947368421052
Tan Kah Kee,DT8,WEEKENDS/HOLIDAY,18,170.52631578947367,226.8421052631579
Tan Kah Kee,DT8,WEEKENDS/HOLIDAY,19,119.36842105263158,200.6315789473684
Tan Kah Kee,DT8,WEEKENDS/HOLIDAY,20,69.05263157894737,164.8421052631579
Tan Kah Kee,DT8,WEEKENDS/HOLIDAY,21,55.36842105263158,140.10526315789474
Tan Kah Kee,DT8,WEEKENDS/HOLIDAY,22,47.78947368421053,87.15789473684211
Tan Kah Kee,DT8,WEEKENDS/HOLIDAY,23,21.263157894736842,47.78947368421053
Tanah Merah,EW4,WEEKDAY,0,4.439024390243903,119.36585365853658
Tanah Merah,EW4,WEEKDAY,5,210.9268292682927,22.29268292682927
Tanah Merah,EW4,WEEKDAY,6,648.7317073170732,443.9512195121951
Tanah Merah,EW4,WEEKDAY,7,1554.0975609756097,1746.3902439024391
Tanah Merah,EW4,WEEKDAY,8,2203.0243902439024,1027.560975609756
Tanah Merah,EW4,WEEKDAY,9,1137.2682926829268,499.8536585365854
Tanah Merah,EW4,WEEKDAY,10,730.0975609756098,306.6829268292683
Tanah Merah,EW4,WEEKDAY,11,671.560975609756,303.9512195121951
Tanah Merah,EW4,WEEKDAY,12,664.9756097560976,378.3414634146341
Tanah Merah,EW4,WEEKDAY,13,570.6341463414634,481.0243902439024
Tanah Merah,EW4,WEEKDAY,14,537.5121951219512,461.0731707317073
Tanah Merah,EW4,WEEKDAY,15,542.439024390244,523.9512195121952
Tanah Merah,EW4,WEEKDAY,16,681.9024390243902,606.0487804878048
Tanah Merah,EW4,WEEKDAY,17,1511.658536585366,854.2439024390244
Tanah Merah,EW4,WEEKDAY,18,1881.4634146341464,1670.2439024390244
Tanah Merah,EW4,WEEKDAY,19,800.780487804878,1550.878048780488
Tanah Merah,EW4,WEEKDAY,20,480.4390243902439,1000.439024390244
Tanah Merah,EW4,WEEKDAY,21,336.6341463414634,970.0
Tanah Merah,EW4,WEEKDAY,22,231.7560975609756,815.0731707317074
Tanah Merah,EW4,WEEKDAY,23,72.04878048780488,451.6585365853659
Tanah Merah,EW4,WEEKENDS/HOLIDAY,0,4.842105263157895,120.94736842105263
Tanah Merah,EW4,WEEKENDS/HOLIDAY,5,95.47368421052632,6.315789473684211
Tanah Merah,EW4,WEEKENDS/HOLIDAY,6,354.10526315789474,158.52631578947367
Tanah Merah,EW4,WEEKENDS/HOLIDAY,7,543.4736842105264,548.3157894736842
Tanah Merah,EW4,WEEKENDS/HOLIDAY,8,830.7368421052631,441.1578947368421
Tanah Merah,EW4,WEEKENDS/HOLIDAY,9,946.3157894736842,398.10526315789474
Tanah Merah,EW4,WEEKENDS/HOLIDAY,10,929.3684210526316,380.10526315789474
Tanah Merah,EW4,WEEKENDS/HOLIDAY,11,872.1052631578947,387.57894736842104
Tanah Merah,EW4,WEEKENDS/HOLIDAY,12,834.1052631578947,430.63157894736844
Tanah Merah,EW4,WEEKENDS/HOLIDAY,13,722.3157894736842,543.7894736842105
Tanah Merah,EW4,WEEKENDS/HOLIDAY,14,650.3157894736842,569.6842105263158
Tanah Merah,EW4,WEEKENDS/HOLIDAY,15,636.1052631578947,627.3684210526316
Tanah Merah,EW4,WEEKENDS/HOLIDAY,16,739.578947368421,661.1578947368421
Tanah Merah,EW4,WEEKENDS/HOLIDAY,17,917.2631578947369,793.7894736842105
Tanah Merah,EW4,WEEKENDS/HOLIDAY,18,775.6842105263158,870.5263157894736
Tanah Merah,EW4,WEEKENDS/HOLIDAY,19,589.0526315789474,867.0526315789474
Tanah Merah,EW4,WEEKENDS/HOLIDAY,20,404.2105263157895,857.2631578947369
Tanah Merah,EW4,WEEKENDS/HOLIDAY,21,271.7894736842105,902.0
Tanah Merah,EW4,WEEKENDS/HOLIDAY,22,243.1578947368421,756.421052631579
Tanah Merah,EW4,WEEKENDS/HOLIDAY,23,69.78947368421052,464.2105263157895
Tanjong Katong,TE25,WEEKDAY,0,1.0731707317073171,9.902439024390244
Tanjong Katong,TE25,WEEKDAY,5,3.1707317073170733,0.04878048780487805
Tanjong Katong,TE25,WEEKDAY,6,50.4390243902439,19.121951219512194
Tanjong Katong,TE25,WEEKDAY,7,193.1219512195122,76.1951219512195
Tanjong Katong,TE25,WEEKDAY,8,429.9512195121951,108.29268292682927
Tanjong Katong,TE25,WEEKDAY,9,282.4878048780488,96.8780487804878
Tanjong Katong,TE25,WEEKDAY,10,156.4390243902439,72.73170731707317
Tanjong Katong,TE25,WEEKDAY,11,150.1951219512195,90.92682926829268
Tanjong Katong,TE25,WEEKDAY,12,138.29268292682926,127.3170731707317
Tanjong Katong,TE25,WEEKDAY,13,117.02439024390245,128.0487804878049
Tanjong Katong,TE25,WEEKDAY,14,108.53658536585365,128.4390243902439
Tanjong Katong,TE25,WEEKDAY,15,108.0,147.41463414634146
Tanjong Katong,TE25,WEEKDAY,16,137.26829268292684,163.609756097561
Tanjong Katong,TE25,WEEKDAY,17,170.53658536585365,249.90243902439025
Tanjong Katong,TE25,WEEKDAY,18,187.8048780487805,400.6341463414634
Tanjong Katong,TE25,WEEKDAY,19,115.7560975609756,326.9268292682927
Tanjong Katong,TE25,WEEKDAY,20,75.17073170731707,181.609756097561
Tanjong Katong,TE25,WEEKDAY,21,51.170731707317074,145.70731707317074
Tanjong Katong,TE25,WEEKDAY,22,29.21951219512195,94.1951219512195
Tanjong Katong,TE25,WEEKDAY,23,12.439024390243903,46.829268292682926
Tanjong Katong,TE25,WEEKENDS/HOLIDAY,0,0.631578947368421,8.210526315789474
Tanjong Katong,TE25,WEEKENDS/HOLIDAY,5,1.0526315789473684,0.0
Tanjong Katong,TE25,WEEKENDS/HOLIDAY,6,22.842105263157894,10.210526315789474
Tanjong Katong,TE25,WEEKENDS/HOLIDAY,7,68.94736842105263,48.526315789473685
Tanjong Katong,TE25,WEEKENDS/HOLIDAY,8,138.31578947368422,59.36842105263158
Tanjong Katong,TE25,WEEKENDS/HOLIDAY,9,178.6315789473684,88.21052631578948
Tanjong Katong,TE25,WEEKENDS/HOLIDAY,10,193.57894736842104,102.0
Tanjong Katong,TE25,WEEKENDS/HOLIDAY,11,185.05263157894737,123.6842105263158
Tanjong Katong,TE25,WEEKENDS/HOLIDAY,12,165.05263157894737,137.1578947368421
Tanjong Katong,TE25,WEEKENDS/HOLIDAY,13,145.78947368421052,146.10526315789474
Tanjong Katong,TE25,WEEKENDS/HOLIDAY,14,122.52631578947368,144.8421052631579
Tanjong Katong,TE25,WEEKENDS/HOLIDAY,15,130.52631578947367,140.0
Tanjong Katong,TE25,WEEKENDS/HOLIDAY,16,150.94736842105263,160.52631578947367
Tanjong Katong,TE25,WEEKENDS/HOLIDAY,17,180.31578947368422,176.10526315789474
Tanjong Katong,TE25,WEEKENDS/HOLIDAY,18,172.21052631578948,183.26315789473685
Tanjong Katong,TE25,WEEKENDS/HOLIDAY,19,128.8421052631579,201.1578947368421
Tanjong Katong,TE25,WEEKENDS/HOLIDAY,20,93.89473684210526,162.31578947368422
Tanjong Katong,TE25,WEEKENDS/HOLIDAY,21,59.89473684210526,147.68421052631578
Tanjong Katong,TE25,WEEKENDS/HOLIDAY,22,36.8421052631579,102.3157894736842
Tanjong Katong,TE25,WEEKENDS/HOLIDAY,23,18.31578947368421,48.31578947368421
Tanjong Pagar,EW15,WEEKDAY,0,7.414634146341464,11.609756097560975
Tanjong Pagar,EW15,WEEKDAY,5,54.24390243902439,30.975609756097562
Tanjong Pagar,EW15,WEEKDAY,6,257.609756097561,1405.658536585366
Tanjong Pagar,EW15,WEEKDAY,7,493.9512195121951,3227.4146341463415
Tanjong Pagar,EW15,WEEKDAY,8,848.2439024390244,10734.487804878048
Tanjong Pagar,EW15,WEEKDAY,9,700.2439024390244,8533.512195121952
Tanjong Pagar,EW15,WEEKDAY,10,700.4878048780488,3259.512195121951
Tanjong Pagar,EW15,WEEKDAY,11,1213.4634146341464,2079.560975609756
Tanjong Pagar,EW15,WEEKDAY,12,1623.4146341463415,1881.0243902439024
Tanjong Pagar,EW15,WEEKDAY,13,1693.121951219512,1938.8292682926829
Tanjong Pagar,EW15,WEEKDAY,14,1476.5365853658536,1323.219512195122
Tanjong Pagar,EW15,WEEKDAY,15,1554.6341463414635,944.1951219512196
Tanjong Pagar,EW15,WEEKDAY,16,2176.5853658536585,922.7317073170732
Tanjong Pagar,EW15,WEEKDAY,17,5909.90243902439,1541.2682926829268
Tanjong Pagar,EW15,WEEKDAY,18,10989.317073170732,2768.0975609756097
Tanjong Pagar,EW15,WEEKDAY,19,4970.0,1496.0
Tanjong Pagar,EW15,WEEKDAY,20,3143.121951219512,630.6341463414634
Tanjong Pagar,EW15,WEEKDAY,21,2489.2195121951218,467.219512195122
Tanjong Pagar,EW15,WEEKDAY,22,1583.9512195121952,332.8780487804878
Tanjong Pagar,EW15,WEEKDAY,23,581.1219512195122,133.21951219512195
Tanjong Pagar,EW15,WEEKENDS/HOLIDAY,0,3.6842105263157894,12.526315789473685
Tanjong Pagar,EW15,WEEKENDS/HOLIDAY,5,21.68421052631579,5.157894736842105
Tanjong Pagar,EW15,WEEKENDS/HOLIDAY,6,135.68421052631578,311.2631578947368
Tanjong Pagar,EW15,WEEKENDS/HOLIDAY,7,199.89473684210526,624.6315789473684
Tanjong Pagar,EW15,WEEKENDS/HOLIDAY,8,247.68421052631578,915.8947368421053
Tanjong Pagar,EW15,WEEKENDS/HOLIDAY,9,381.6842105263158,1217.6842105263158
Tanjong Pagar,EW15,WEEKENDS/HOLIDAY,10,534.8421052631579,1297.2631578947369
Tanjong Pagar,EW15,WEEKENDS/HOLIDAY,11,745.8947368421053,1334.6315789473683
Tanjong Pagar,EW15,WEEKENDS/HOLIDAY,12,990.1052631578947,1373.3684210526317
Tanjong Pagar,EW15,WEEKENDS/HOLIDAY,13,1112.2105263157894,1195.578947368421
Tanjong Pagar,EW15,WEEKENDS/HOLIDAY,14,1288.0,960.5263157894736
Tanjong Pagar,EW15,WEEKENDS/HOLIDAY,15,1219.8947368421052,846.1052631578947
Tanjong Pagar,EW15,WEEKENDS/HOLIDAY,16,1206.6315789473683,868.421052631579
Tanjong Pagar,EW15,WEEKENDS/HOLIDAY,17,1270.5263157894738,1070.9473684210527
Tanjong Pagar,EW15,WEEKENDS/HOLIDAY,18,1142.2105263157894,1119.157894736842
Tanjong Pagar,EW15,WEEKENDS/HOLIDAY,19,1078.421052631579,793.3684210526316
Tanjong Pagar,EW15,WEEKENDS/HOLIDAY,20,952.3157894736842,553.1578947368421
Tanjong Pagar,EW15,WEEKENDS/HOLIDAY,21,950.3157894736842,440.63157894736844
Tanjong Pagar,EW15,WEEKENDS/HOLIDAY,22,825.3684210526316,323.05263157894734
Tanjong Pagar,EW15,WEEKENDS/HOLIDAY,23,389.6842105263158,155.05263157894737
Tanjong Rhu,TE23,WEEKDAY,0,1.8048780487804879,8.585365853658537
Tanjong Rhu,TE23,WEEKDAY,5,4.2439024390243905,1.0731707317073171
Tanjong Rhu,TE23,WEEKDAY,6,34.4390243902439,40.829268292682926
Tanjong Rhu,TE23,WEEKDAY,7,141.21951219512195,71.51219512195122
Tanjong Rhu,TE23,WEEKDAY,8,353.219512195122,104.82926829268293
Tanjong Rhu,TE23,WEEKDAY,9,269.4146341463415,80.09756097560975
Tanjong Rhu,TE23,WEEKDAY,10,161.85365853658536,58.09756097560975
Tanjong Rhu,TE23,WEEKDAY,11,139.5609756097561,66.4390243902439
Tanjong Rhu,TE23,WEEKDAY,12,130.34146341463415,99.3170731707317
Tanjong Rhu,TE23,WEEKDAY,13,98.2439024390244,104.2439024390244
Tanjong Rhu,TE23,WEEKDAY,14,88.14634146341463,108.09756097560975
Tanjong Rhu,TE23,WEEKDAY,15,86.14634146341463,128.97560975609755
Tanjong Rhu,TE23,WEEKDAY,16,114.1951219512195,159.26829268292684
Tanjong Rhu,TE23,WEEKDAY,17,146.53658536585365,224.73170731707316
Tanjong Rhu,TE23,WEEKDAY,18,189.5121951219512,376.0975609756098
Tanjong Rhu,TE23,WEEKDAY,19,140.53658536585365,280.4878048780488
Tanjong Rhu,TE23,WEEKDAY,20,86.04878048780488,175.41463414634146
Tanjong Rhu,TE23,WEEKDAY,21,66.6829268292683,132.0
Tanjong Rhu,TE23,WEEKDAY,22,50.73170731707317,86.2439024390244
Tanjong Rhu,TE23,WEEKDAY,23,20.73170731707317,45.609756097560975
Tanjong Rhu,TE23,WEEKENDS/HOLIDAY,0,1.7894736842105263,11.473684210526315
Tanjong Rhu,TE23,WEEKENDS/HOLIDAY,5,1.6842105263157894,0.10526315789473684
Tanjong Rhu,TE23,WEEKENDS/HOLIDAY,6,21.57894736842105,39.68421052631579
Tanjong Rhu,TE23,WEEKENDS/HOLIDAY,7,54.526315789473685,72.42105263157895
Tanjong Rhu,TE23,WEEKENDS/HOLIDAY,8,106.21052631578948,78.63157894736842
Tanjong Rhu,TE23,WEEKENDS/HOLIDAY,9,156.21052631578948,92.10526315789474
Tanjong Rhu,TE23,WEEKENDS/HOLIDAY,10,190.42105263157896,98.0
Tanjong Rhu,TE23,WEEKENDS/HOLIDAY,11,176.31578947368422,105.6842105263158
Tanjong Rhu,TE23,WEEKENDS/HOLIDAY,12,160.94736842105263,112.21052631578948
Tanjong Rhu,TE23,WEEKENDS/HOLIDAY,13,138.6315789473684,135.05263157894737
Tanjong Rhu,TE23,WEEKENDS/HOLIDAY,14,115.05263157894737,139.3684210526316
Tanjong Rhu,TE23,WEEKENDS/HOLIDAY,15,121.6842105263158,142.94736842105263
Tanjong Rhu,TE23,WEEKENDS/HOLIDAY,16,145.78947368421052,166.31578947368422
Tanjong Rhu,TE23,WEEKENDS/HOLIDAY,17,190.21052631578948,180.10526315789474
Tanjong Rhu,TE23,WEEKENDS/HOLIDAY,18,195.57894736842104,177.89473684210526
Tanjong Rhu,TE23,WEEKENDS/HOLIDAY,19,183.47368421052633,186.21052631578948
Tanjong Rhu,TE23,WEEKENDS/HOLIDAY,20,135.26315789473685,168.0
Tanjong Rhu,TE23,WEEKENDS/HOLIDAY,21,80.3157894736842,155.47368421052633
Tanjong Rhu,TE23,WEEKENDS/HOLIDAY,22,56.10526315789474,98.63157894736842
Tanjong Rhu,TE23,WEEKENDS/HOLIDAY,23,82.42105263157895,41.1578947368421
Telok Ayer,DT18,WEEKDAY,0,16.78048780487805,8.341463414634147
Telok Ayer,DT18,WEEKDAY,5,2.0,0.0
Telok Ayer,DT18,WEEKDAY,6,33.75609756097561,468.1951219512195
Telok Ayer,DT18,WEEKDAY,7,98.2439024390244,1289.7560975609756
Telok Ayer,DT18,WEEKDAY,8,221.3658536585366,4634.878048780488
Telok Ayer,DT18,WEEKDAY,9,227.41463414634146,4276.4390243902435
Telok Ayer,DT18,WEEKDAY,10,269.3170731707317,1353.9512195121952
Telok Ayer,DT18,WEEKDAY,11,577.8536585365854,854.2926829268292
Telok Ayer,DT18,WEEKDAY,12,756.5365853658536,972.390243902439
Telok Ayer,DT18,WEEKDAY,13,829.8048780487804,835.609756097561
Telok Ayer,DT18,WEEKDAY,14,576.2926829268292,521.2682926829268
Telok Ayer,DT18,WEEKDAY,15,602.0487804878048,365.3658536585366
Telok Ayer,DT18,WEEKDAY,16,885.9024390243902,371.1219512195122
Telok Ayer,DT18,WEEKDAY,17,2575.3658536585367,534.7317073170732
Telok Ayer,DT18,WEEKDAY,18,4685.804878048781,1019.4634146341464
Telok Ayer,DT18,WEEKDAY,19,2205.268292682927,584.3414634146342
Telok Ayer,DT18,WEEKDAY,20,1228.1951219512196,317.0731707317073
Telok Ayer,DT18,WEEKDAY,21,979.8048780487804,230.34146341463415
Telok Ayer,DT18,WEEKDAY,22,745.2682926829268,136.2439024390244
Telok Ayer,DT18,WEEKDAY,23,339.5609756097561,72.34146341463415
Telok Ayer,DT18,WEEKENDS/HOLIDAY,0,9.894736842105264,8.421052631578947
Telok Ayer,DT18,WEEKENDS/HOLIDAY,5,0.7368421052631579,0.0
Telok Ayer,DT18,WEEKENDS/HOLIDAY,6,23.894736842105264,87.89473684210526
Telok Ayer,DT18,WEEKENDS/HOLIDAY,7,45.1578947368421,162.6315789473684
Telok Ayer,DT18,WEEKENDS/HOLIDAY,8,60.73684210526316,264.94736842105266
Telok Ayer,DT18,WEEKENDS/HOLIDAY,9,131.47368421052633,338.5263157894737
Telok Ayer,DT18,WEEKENDS/HOLIDAY,10,203.78947368421052,389.57894736842104
Telok Ayer,DT18,WEEKENDS/HOLIDAY,11,283.1578947368421,412.7368421052632
Telok Ayer,DT18,WEEKENDS/HOLIDAY,12,323.57894736842104,409.1578947368421
Telok Ayer,DT18,WEEKENDS/HOLIDAY,13,354.63157894736844,362.63157894736844
Telok Ayer,DT18,WEEKENDS/HOLIDAY,14,376.8421052631579,287.89473684210526
Telok Ayer,DT18,WEEKENDS/HOLIDAY,15,371.1578947368421,271.05263157894734
Telok Ayer,DT18,WEEKENDS/HOLIDAY,16,310.94736842105266,288.0
Telok Ayer,DT18,WEEKENDS/HOLIDAY,17,297.4736842105263,379.36842105263156
Telok Ayer,DT18,WEEKENDS/HOLIDAY,18,310.3157894736842,466.63157894736844
Telok Ayer,DT18,WEEKENDS/HOLIDAY,19,346.10526315789474,354.3157894736842
Telok Ayer,DT18,WEEKENDS/HOLIDAY,20,352.63157894736844,315.05263157894734
Telok Ayer,DT18,WEEKENDS/HOLIDAY,21,385.4736842105263,274.5263157894737
Telok Ayer,DT18,WEEKENDS/HOLIDAY,22,418.8421052631579,174.8421052631579
Telok Ayer,DT18,WEEKENDS/HOLIDAY,23,228.42105263157896,93.36842105263158
Telok Blangah,CC28,WEEKDAY,0,0.1951219512195122,2.7804878048780486
Telok Blangah,CC28,WEEKDAY,5,58.829268292682926,2.4878048780487805
Telok Blangah,CC28,WEEKDAY,6,216.9268292682927,79.85365853658537
Telok Blangah,CC28,WEEKDAY,7,440.780487804878,223.41463414634146
Telok Blangah,CC28,WEEKDAY,8,527.8048780487804,460.3414634146341
Telok Blangah,CC28,WEEKDAY,9,347.7560975609756,381.7560975609756
Telok Blangah,CC28,WEEKDAY,10,186.2439024390244,143.90243902439025
Telok Blangah,CC28,WEEKDAY,11,180.0487804878049,96.78048780487805
Telok Blangah,CC28,WEEKDAY,12,181.65853658536585,146.8780487804878
Telok Blangah,CC28,WEEKDAY,13,174.78048780487805,137.5609756097561
Telok Blangah,CC28,WEEKDAY,14,135.3170731707317,128.2439024390244
Telok Blangah,CC28,WEEKDAY,15,125.7560975609756,130.6341463414634
Telok Blangah,CC28,WEEKDAY,16,157.46341463414635,179.26829268292684
Telok Blangah,CC28,WEEKDAY,17,271.5121951219512,313.5121951219512
Telok Blangah,CC28,WEEKDAY,18,356.780487804878,515.4146341463414
Telok Blangah,CC28,WEEKDAY,19,184.09756097560975,416.2439024390244
Telok Blangah,CC28,WEEKDAY,20,102.73170731707317,286.3414634146341
Telok Blangah,CC28,WEEKDAY,21,86.8780487804878,251.1219512195122
Telok Blangah,CC28,WEEKDAY,22,57.41463414634146,202.6341463414634
Telok Blangah,CC28,WEEKDAY,23,10.829268292682928,61.21951219512195
Telok Blangah,CC28,WEEKENDS/HOLIDAY,0,0.0,3.473684210526316
Telok Blangah,CC28,WEEKENDS/HOLIDAY,5,15.894736842105264,1.263157894736842
Telok Blangah,CC28,WEEKENDS/HOLIDAY,6,84.94736842105263,36.526315789473685
Telok Blangah,CC28,WEEKENDS/HOLIDAY,7,143.78947368421052,82.42105263157895
Telok Blangah,CC28,WEEKENDS/HOLIDAY,8,181.26315789473685,120.84210526315789
Telok Blangah,CC28,WEEKENDS/HOLIDAY,9,235.78947368421052,106.0
Telok Blangah,CC28,WEEKENDS/HOLIDAY,10,238.21052631578948,113.78947368421052
Telok Blangah,CC28,WEEKENDS/HOLIDAY,11,227.47368421052633,120.63157894736842
Telok Blangah,CC28,WEEKENDS/HOLIDAY,12,209.78947368421052,141.89473684210526
Telok Blangah,CC28,WEEKENDS/HOLIDAY,13,189.1578947368421,163.1578947368421
Telok Blangah,CC28,WEEKENDS/HOLIDAY,14,173.89473684210526,168.73684210526315
Telok Blangah,CC28,WEEKENDS/HOLIDAY,15,174.42105263157896,167.68421052631578
Telok Blangah,CC28,WEEKENDS/HOLIDAY,16,177.47368421052633,183.68421052631578
Telok Blangah,CC28,WEEKENDS/HOLIDAY,17,207.26315789473685,209.47368421052633
Telok Blangah,CC28,WEEKENDS/HOLIDAY,18,191.89473684210526,210.8421052631579
Telok Blangah,CC28,WEEKENDS/HOLIDAY,19,144.0,228.42105263157896
Telok Blangah,CC28,WEEKENDS/HOLIDAY,20,106.0,220.8421052631579
Telok Blangah,CC28,WEEKENDS/HOLIDAY,21,71.36842105263158,236.6315789473684
Telok Blangah,CC28,WEEKENDS/HOLIDAY,22,56.8421052631579,199.1578947368421
Telok Blangah,CC28,WEEKENDS/HOLIDAY,23,11.789473684210526,68.84210526315789
Tiong Bahru,EW17,WEEKDAY,0,3.5609756097560976,41.90243902439025
Tiong Bahru,EW17,WEEKDAY,5,239.65853658536585,14.829268292682928
Tiong Bahru,EW17,WEEKDAY,6,1204.4878048780488,461.7560975609756
Tiong Bahru,EW17,WEEKDAY,7,2314.731707317073,1042.1463414634147
Tiong Bahru,EW17,WEEKDAY,8,3232.487804878049,1887.2682926829268
Tiong Bahru,EW17,WEEKDAY,9,2048.439024390244,1378.878048780488
Tiong Bahru,EW17,WEEKDAY,10,1158.8292682926829,992.7317073170732
Tiong Bahru,EW17,WEEKDAY,11,1061.560975609756,968.0
Tiong Bahru,EW17,WEEKDAY,12,1157.1707317073171,1204.7317073170732
Tiong Bahru,EW17,WEEKDAY,13,1280.1463414634147,1107.658536585366
Tiong Bahru,EW17,WEEKDAY,14,1014.1463414634146,1064.6829268292684
Tiong Bahru,EW17,WEEKDAY,15,955.0243902439024,1105.560975609756
Tiong Bahru,EW17,WEEKDAY,16,1150.0975609756097,1357.121951219512
Tiong Bahru,EW17,WEEKDAY,17,1883.7073170731708,2268.487804878049
Tiong Bahru,EW17,WEEKDAY,18,2400.1463414634145,3836.0
Tiong Bahru,EW17,WEEKDAY,19,1434.341463414634,2594.878048780488
Tiong Bahru,EW17,WEEKDAY,20,1011.5121951219512,1657.658536585366
Tiong Bahru,EW17,WEEKDAY,21,916.9756097560976,1477.4146341463415
Tiong Bahru,EW17,WEEKDAY,22,535.0243902439024,1190.341463414634
Tiong Bahru,EW17,WEEKDAY,23,166.14634146341464,614.7317073170732
Tiong Bahru,EW17,WEEKENDS/HOLIDAY,0,2.8421052631578947,61.26315789473684
Tiong Bahru,EW17,WEEKENDS/HOLIDAY,5,47.78947368421053,5.368421052631579
Tiong Bahru,EW17,WEEKENDS/HOLIDAY,6,461.1578947368421,205.57894736842104
Tiong Bahru,EW17,WEEKENDS/HOLIDAY,7,683.7894736842105,370.0
Tiong Bahru,EW17,WEEKENDS/HOLIDAY,8,991.8947368421053,691.2631578947369
Tiong Bahru,EW17,WEEKENDS/HOLIDAY,9,1246.9473684210527,903.578947368421
Tiong Bahru,EW17,WEEKENDS/HOLIDAY,10,1247.8947368421052,1014.9473684210526
Tiong Bahru,EW17,WEEKENDS/HOLIDAY,11,1240.842105263158,1078.421052631579
Tiong Bahru,EW17,WEEKENDS/HOLIDAY,12,1251.6842105263158,1165.6842105263158
Tiong Bahru,EW17,WEEKENDS/HOLIDAY,13,1268.421052631579,1277.2631578947369
Tiong Bahru,EW17,WEEKENDS/HOLIDAY,14,1168.1052631578948,1276.5263157894738
Tiong Bahru,EW17,WEEKENDS/HOLIDAY,15,1143.157894736842,1257.7894736842106
Tiong Bahru,EW17,WEEKENDS/HOLIDAY,16,1189.2631578947369,1316.2105263157894
Tiong Bahru,EW17,WEEKENDS/HOLIDAY,17,1291.578947368421,1444.842105263158
Tiong Bahru,EW17,WEEKENDS/HOLIDAY,18,1216.421052631579,1466.842105263158
Tiong Bahru,EW17,WEEKENDS/HOLIDAY,19,1000.7368421052631,1356.6315789473683
Tiong Bahru,EW17,WEEKENDS/HOLIDAY,20,859.8947368421053,1258.9473684210527
Tiong Bahru,EW17,WEEKENDS/HOLIDAY,21,746.2105263157895,1272.1052631578948
Tiong Bahru,EW17,WEEKENDS/HOLIDAY,22,526.2105263157895,1114.842105263158
Tiong Bahru,EW17,WEEKENDS/HOLIDAY,23,169.3684210526316,604.2105263157895
Toa Payoh,NS19,WEEKDAY,0,23.951219512195124,106.6829268292683
Toa Payoh,NS19,WEEKDAY,5,299.0243902439024,138.390243902439
Toa Payoh,NS19,WEEKDAY,6,1266.439024390244,872.2439024390244
Toa Payoh,NS19,WEEKDAY,7,2759.268292682927,2282.390243902439
Toa Payoh,NS19,WEEKDAY,8,4140.0,3371.8536585365855
Toa Payoh,NS19,WEEKDAY,9,2631.756097560976,1893.560975609756
Toa Payoh,NS19,WEEKDAY,10,1832.0487804878048,1386.780487804878
Toa Payoh,NS19,WEEKDAY,11,1810.0,1347.9512195121952
Toa Payoh,NS19,WEEKDAY,12,2001.8048780487804,1661.560975609756
Toa Payoh,NS19,WEEKDAY,13,1887.4146341463415,1773.4634146341464
Toa Payoh,NS19,WEEKDAY,14,1551.560975609756,1693.7560975609756
Toa Payoh,NS19,WEEKDAY,15,1533.3658536585365,1640.341463414634
Toa Payoh,NS19,WEEKDAY,16,1768.6341463414635,1950.2439024390244
Toa Payoh,NS19,WEEKDAY,17,2992.829268292683,2879.4146341463415
Toa Payoh,NS19,WEEKDAY,18,4129.317073170731,4509.951219512195
Toa Payoh,NS19,WEEKDAY,19,2171.8048780487807,3159.560975609756
Toa Payoh,NS19,WEEKDAY,20,1369.7073170731708,2244.2926829268295
Toa Payoh,NS19,WEEKDAY,21,1054.3902439024391,2274.0975609756097
Toa Payoh,NS19,WEEKDAY,22,640.1463414634146,1658.1463414634147
Toa Payoh,NS19,WEEKDAY,23,240.4390243902439,813.9024390243902
Toa Payoh,NS19,WEEKENDS/HOLIDAY,0,24.42105263157895,116.10526315789474
Toa Payoh,NS19,WEEKENDS/HOLIDAY,5,96.63157894736842,30.0
Toa Payoh,NS19,WEEKENDS/HOLIDAY,6,681.2631578947369,344.3157894736842
Toa Payoh,NS19,WEEKENDS/HOLIDAY,7,1016.1052631578947,618.9473684210526
Toa Payoh,NS19,WEEKENDS/HOLIDAY,8,1415.8947368421052,1059.8947368421052
Toa Payoh,NS19,WEEKENDS/HOLIDAY,9,1934.9473684210527,1422.5263157894738
Toa Payoh,NS19,WEEKENDS/HOLIDAY,10,1939.8947368421052,1402.9473684210527
Toa Payoh,NS19,WEEKENDS/HOLIDAY,11,2049.3684210526317,1495.8947368421052
Toa Payoh,NS19,WEEKENDS/HOLIDAY,12,2095.8947368421054,1637.8947368421052
Toa Payoh,NS19,WEEKENDS/HOLIDAY,13,2021.578947368421,1867.578947368421
Toa Payoh,NS19,WEEKENDS/HOLIDAY,14,1827.578947368421,1780.2105263157894
Toa Payoh,NS19,WEEKENDS/HOLIDAY,15,1752.5263157894738,1873.4736842105262
Toa Payoh,NS19,WEEKENDS/HOLIDAY,16,1849.4736842105262,1943.7894736842106
Toa Payoh,NS19,WEEKENDS/HOLIDAY,17,2108.842105263158,2083.8947368421054
Toa Payoh,NS19,WEEKENDS/HOLIDAY,18,1848.0,2050.4210526315787
Toa Payoh,NS19,WEEKENDS/HOLIDAY,19,1485.157894736842,1986.842105263158
Toa Payoh,NS19,WEEKENDS/HOLIDAY,20,1084.1052631578948,1931.157894736842
Toa Payoh,NS19,WEEKENDS/HOLIDAY,21,878.3157894736842,2009.3684210526317
Toa Payoh,NS19,WEEKENDS/HOLIDAY,22,577.3684210526316,1573.6842105263158
Toa Payoh,NS19,WEEKENDS/HOLIDAY,23,226.0,878.9473684210526
Tuas Crescent,EW31,WEEKDAY,0,0.0975609756097561,7.414634146341464
Tuas Crescent,EW31,WEEKDAY,5,67.36585365853658,68.2439024390244
Tuas Crescent,EW31,WEEKDAY,6,329.4146341463415,594.439024390244
Tuas Crescent,EW31,WEEKDAY,7,209.9512195121951,1803.6097560975609
Tuas Crescent,EW31,WEEKDAY,8,163.8048780487805,1067.121951219512
Tuas Crescent,EW31,WEEKDAY,9,71.3170731707317,227.3170731707317
Tuas Crescent,EW31,WEEKDAY,10,56.0,67.26829268292683
Tuas Crescent,EW31,WEEKDAY,11,93.02439024390245,44.292682926829265
Tuas Crescent,EW31,WEEKDAY,12,102.04878048780488,65.41463414634147
Tuas Crescent,EW31,WEEKDAY,13,80.14634146341463,54.390243902439025
Tuas Crescent,EW31,WEEKDAY,14,91.36585365853658,45.02439024390244
Tuas Crescent,EW31,WEEKDAY,15,137.17073170731706,27.853658536585368
Tuas Crescent,EW31,WEEKDAY,16,351.7560975609756,46.53658536585366
Tuas Crescent,EW31,WEEKDAY,17,1483.8048780487804,90.8780487804878
Tuas Crescent,EW31,WEEKDAY,18,1021.4634146341464,170.78048780487805
Tuas Crescent,EW31,WEEKDAY,19,610.4878048780488,263.3170731707317
Tuas Crescent,EW31,WEEKDAY,20,345.219512195122,150.0487804878049
Tuas Crescent,EW31,WEEKDAY,21,139.70731707317074,85.46341463414635
Tuas Crescent,EW31,WEEKDAY,22,66.63414634146342,55.073170731707314
Tuas Crescent,EW31,WEEKDAY,23,9.853658536585366,26.585365853658537
Tuas Crescent,EW31,WEEKENDS/HOLIDAY,0,0.631578947368421,20.42105263157895
Tuas Crescent,EW31,WEEKENDS/HOLIDAY,5,53.36842105263158,10.210526315789474
Tuas Crescent,EW31,WEEKENDS/HOLIDAY,6,234.6315789473684,241.05263157894737
Tuas Crescent,EW31,WEEKENDS/HOLIDAY,7,218.8421052631579,484.0
Tuas Crescent,EW31,WEEKENDS/HOLIDAY,8,188.8421052631579,205.3684210526316
Tuas Crescent,EW31,WEEKENDS/HOLIDAY,9,143.68421052631578,86.0
Tuas Crescent,EW31,WEEKENDS/HOLIDAY,10,132.42105263157896,37.1578947368421
Tuas Crescent,EW31,WEEKENDS/HOLIDAY,11,154.8421052631579,53.36842105263158
Tuas Crescent,EW31,WEEKENDS/HOLIDAY,12,204.0,62.63157894736842
Tuas Crescent,EW31,WEEKENDS/HOLIDAY,13,151.47368421052633,63.1578947368421
Tuas Crescent,EW31,WEEKENDS/HOLIDAY,14,137.57894736842104,70.3157894736842
Tuas Crescent,EW31,WEEKENDS/HOLIDAY,15,170.31578947368422,63.89473684210526
Tuas Crescent,EW31,WEEKENDS/HOLIDAY,16,264.42105263157896,91.6842105263158
Tuas Crescent,EW31,WEEKENDS/HOLIDAY,17,483.89473684210526,145.78947368421052
Tuas Crescent,EW31,WEEKENDS/HOLIDAY,18,273.57894736842104,208.73684210526315
Tuas Crescent,EW31,WEEKENDS/HOLIDAY,19,232.21052631578948,230.10526315789474
Tuas Crescent,EW31,WEEKENDS/HOLIDAY,20,167.68421052631578,239.05263157894737
Tuas Crescent,EW31,WEEKENDS/HOLIDAY,21,77.89473684210526,177.05263157894737
Tuas Crescent,EW31,WEEKENDS/HOLIDAY,22,45.78947368421053,143.26315789473685
Tuas Crescent,EW31,WEEKENDS/HOLIDAY,23,8.736842105263158,76.94736842105263
Tuas Link,EW33,WEEKDAY,0,0.04878048780487805,11.268292682926829
Tuas Link,EW33,WEEKDAY,5,386.7317073170732,32.829268292682926
Tuas Link,EW33,WEEKDAY,6,836.5365853658536,334.0
Tuas Link,EW33,WEEKDAY,7,872.9268292682926,731.560975609756
Tuas Link,EW33,WEEKDAY,8,482.5365853658537,641.219512195122
Tuas Link,EW33,WEEKDAY,9,248.73170731707316,226.97560975609755
Tuas Link,EW33,WEEKDAY,10,141.1219512195122,104.8780487804878
Tuas Link,EW33,WEEKDAY,11,151.46341463414635,89.02439024390245
Tuas Link,EW33,WEEKDAY,12,146.53658536585365,79.8048780487805
Tuas Link,EW33,WEEKDAY,13,107.3170731707317,116.48780487804878
Tuas Link,EW33,WEEKDAY,14,102.63414634146342,106.34146341463415
Tuas Link,EW33,WEEKDAY,15,140.73170731707316,102.8780487804878
Tuas Link,EW33,WEEKDAY,16,290.7317073170732,182.0
Tuas Link,EW33,WEEKDAY,17,805.6585365853658,559.9512195121952
Tuas Link,EW33,WEEKDAY,18,591.7073170731708,710.390243902439
Tuas Link,EW33,WEEKDAY,19,325.1219512195122,592.1951219512196
Tuas Link,EW33,WEEKDAY,20,230.14634146341464,449.5121951219512
Tuas Link,EW33,WEEKDAY,21,83.7560975609756,243.17073170731706
Tuas Link,EW33,WEEKDAY,22,65.8048780487805,139.02439024390245
Tuas Link,EW33,WEEKDAY,23,15.609756097560975,45.65853658536585
Tuas Link,EW33,WEEKENDS/HOLIDAY,0,0.0,36.10526315789474
Tuas Link,EW33,WEEKENDS/HOLIDAY,5,96.10526315789474,10.105263157894736
Tuas Link,EW33,WEEKENDS/HOLIDAY,6,306.8421052631579,115.47368421052632
Tuas Link,EW33,WEEKENDS/HOLIDAY,7,375.1578947368421,267.1578947368421
Tuas Link,EW33,WEEKENDS/HOLIDAY,8,344.2105263157895,254.31578947368422
Tuas Link,EW33,WEEKENDS/HOLIDAY,9,272.2105263157895,128.42105263157896
Tuas Link,EW33,WEEKENDS/HOLIDAY,10,273.4736842105263,136.10526315789474
Tuas Link,EW33,WEEKENDS/HOLIDAY,11,277.36842105263156,133.68421052631578
Tuas Link,EW33,WEEKENDS/HOLIDAY,12,290.63157894736844,139.05263157894737
Tuas Link,EW33,WEEKENDS/HOLIDAY,13,257.7894736842105,181.1578947368421
Tuas Link,EW33,WEEKENDS/HOLIDAY,14,219.3684210526316,165.78947368421052
Tuas Link,EW33,WEEKENDS/HOLIDAY,15,279.2631578947368,139.68421052631578
Tuas Link,EW33,WEEKENDS/HOLIDAY,16,308.5263157894737,232.6315789473684
Tuas Link,EW33,WEEKENDS/HOLIDAY,17,398.63157894736844,316.63157894736844
Tuas Link,EW33,WEEKENDS/HOLIDAY,18,371.4736842105263,358.42105263157896
Tuas Link,EW33,WEEKENDS/HOLIDAY,19,321.57894736842104,388.94736842105266
Tuas Link,EW33,WEEKENDS/HOLIDAY,20,265.7894736842105,356.8421052631579
Tuas Link,EW33,WEEKENDS/HOLIDAY,21,155.57894736842104,366.2105263157895
Tuas Link,EW33,WEEKENDS/HOLIDAY,22,112.42105263157895,262.7368421052632
Tuas Link,EW33,WEEKENDS/HOLIDAY,23,17.473684210526315,124.94736842105263
Tuas West Road,EW32,WEEKDAY,0,0.0975609756097561,13.75609756097561
Tuas West Road,EW32,WEEKDAY,5,53.31707317073171,54.0
Tuas West Road,EW32,WEEKDAY,6,318.1463414634146,500.0
Tuas West Road,EW32,WEEKDAY,7,323.8536585365854,1698.780487804878
Tuas West Road,EW32,WEEKDAY,8,178.58536585365854,1233.8048780487804
Tuas West Road,EW32,WEEKDAY,9,78.92682926829268,232.97560975609755
Tuas West Road,EW32,WEEKDAY,10,78.92682926829268,98.78048780487805
Tuas West Road,EW32,WEEKDAY,11,97.85365853658537,77.90243902439025
Tuas West Road,EW32,WEEKDAY,12,134.53658536585365,82.34146341463415
Tuas West Road,EW32,WEEKDAY,13,92.14634146341463,107.02439024390245
Tuas West Road,EW32,WEEKDAY,14,113.36585365853658,74.6829268292683
Tuas West Road,EW32,WEEKDAY,15,150.0487804878049,66.48780487804878
Tuas West Road,EW32,WEEKDAY,16,407.2682926829268,111.41463414634147
Tuas West Road,EW32,WEEKDAY,17,1530.6341463414635,188.2439024390244
Tuas West Road,EW32,WEEKDAY,18,1033.0731707317073,282.5853658536585
Tuas West Road,EW32,WEEKDAY,19,591.9024390243902,321.7560975609756
Tuas West Road,EW32,WEEKDAY,20,505.9512195121951,205.0731707317073
Tuas West Road,EW32,WEEKDAY,21,157.85365853658536,151.90243902439025
Tuas West Road,EW32,WEEKDAY,22,83.5609756097561,117.17073170731707
Tuas West Road,EW32,WEEKDAY,23,8.0,58.4390243902439
Tuas West Road,EW32,WEEKENDS/HOLIDAY,0,0.0,59.36842105263158
Tuas West Road,EW32,WEEKENDS/HOLIDAY,5,36.10526315789474,8.421052631578947
Tuas West Road,EW32,WEEKENDS/HOLIDAY,6,270.63157894736844,200.0
Tuas West Road,EW32,WEEKENDS/HOLIDAY,7,350.2105263157895,561.7894736842105
Tuas West Road,EW32,WEEKENDS/HOLIDAY,8,267.7894736842105,241.47368421052633
Tuas West Road,EW32,WEEKENDS/HOLIDAY,9,273.1578947368421,87.15789473684211
Tuas West Road,EW32,WEEKENDS/HOLIDAY,10,364.3157894736842,71.6842105263158
Tuas West Road,EW32,WEEKENDS/HOLIDAY,11,336.7368421052632,107.57894736842105
Tuas West Road,EW32,WEEKENDS/HOLIDAY,12,390.7368421052632,118.3157894736842
Tuas West Road,EW32,WEEKENDS/HOLIDAY,13,283.36842105263156,131.05263157894737
Tuas West Road,EW32,WEEKENDS/HOLIDAY,14,250.8421052631579,153.57894736842104
Tuas West Road,EW32,WEEKENDS/HOLIDAY,15,253.26315789473685,143.57894736842104
Tuas West Road,EW32,WEEKENDS/HOLIDAY,16,337.7894736842105,238.0
Tuas West Road,EW32,WEEKENDS/HOLIDAY,17,521.0526315789474,342.3157894736842
Tuas West Road,EW32,WEEKENDS/HOLIDAY,18,416.94736842105266,392.5263157894737
Tuas West Road,EW32,WEEKENDS/HOLIDAY,19,280.8421052631579,544.0
Tuas West Road,EW32,WEEKENDS/HOLIDAY,20,202.42105263157896,520.6315789473684
Tuas West Road,EW32,WEEKENDS/HOLIDAY,21,77.15789473684211,555.7894736842105
Tuas West Road,EW32,WEEKENDS/HOLIDAY,22,56.10526315789474,377.1578947368421
Tuas West Road,EW32,WEEKENDS/HOLIDAY,23,10.105263157894736,185.3684210526316
Ubi,DT27,WEEKDAY,0,3.902439024390244,27.70731707317073
Ubi,DT27,WEEKDAY,5,40.8780487804878,10.682926829268293
Ubi,DT27,WEEKDAY,6,335.0731707317073,285.5609756097561
Ubi,DT27,WEEKDAY,7,762.9756097560976,982.8780487804878
Ubi,DT27,WEEKDAY,8,971.4634146341464,1847.6097560975609
Ubi,DT27,WEEKDAY,9,577.8536585365854,894.1951219512196
Ubi,DT27,WEEKDAY,10,394.7317073170732,362.780487804878
Ubi,DT27,WEEKDAY,11,366.4878048780488,279.3658536585366
Ubi,DT27,WEEKDAY,12,431.1707317073171,327.609756097561
Ubi,DT27,WEEKDAY,13,350.9268292682927,353.219512195122
Ubi,DT27,WEEKDAY,14,296.4878048780488,315.9512195121951
Ubi,DT27,WEEKDAY,15,316.780487804878,312.2926829268293
Ubi,DT27,WEEKDAY,16,442.4390243902439,344.4390243902439
Ubi,DT27,WEEKDAY,17,1265.8536585365853,604.8780487804878
Ubi,DT27,WEEKDAY,18,1932.2439024390244,1048.341463414634
Ubi,DT27,WEEKDAY,19,758.0487804878048,760.9268292682926
Ubi,DT27,WEEKDAY,20,416.2926829268293,526.0487804878048
Ubi,DT27,WEEKDAY,21,287.0731707317073,443.219512195122
Ubi,DT27,WEEKDAY,22,183.5609756097561,357.8536585365854
Ubi,DT27,WEEKDAY,23,61.90243902439025,182.14634146341464
Ubi,DT27,WEEKENDS/HOLIDAY,0,3.8947368421052633,38.8421052631579
Ubi,DT27,WEEKENDS/HOLIDAY,5,21.894736842105264,1.894736842105263
Ubi,DT27,WEEKENDS/HOLIDAY,6,166.21052631578948,82.52631578947368
Ubi,DT27,WEEKENDS/HOLIDAY,7,301.05263157894734,251.57894736842104
Ubi,DT27,WEEKENDS/HOLIDAY,8,357.89473684210526,359.1578947368421
Ubi,DT27,WEEKENDS/HOLIDAY,9,395.57894736842104,287.36842105263156
Ubi,DT27,WEEKENDS/HOLIDAY,10,430.3157894736842,270.94736842105266
Ubi,DT27,WEEKENDS/HOLIDAY,11,423.2631578947368,293.4736842105263
Ubi,DT27,WEEKENDS/HOLIDAY,12,454.3157894736842,366.2105263157895
Ubi,DT27,WEEKENDS/HOLIDAY,13,422.0,347.6842105263158
Ubi,DT27,WEEKENDS/HOLIDAY,14,382.5263157894737,356.10526315789474
Ubi,DT27,WEEKENDS/HOLIDAY,15,384.7368421052632,345.57894736842104
Ubi,DT27,WEEKENDS/HOLIDAY,16,480.63157894736844,391.2631578947368
Ubi,DT27,WEEKENDS/HOLIDAY,17,571.6842105263158,462.8421052631579
Ubi,DT27,WEEKENDS/HOLIDAY,18,557.7894736842105,469.57894736842104
Ubi,DT27,WEEKENDS/HOLIDAY,19,415.2631578947368,493.4736842105263
Ubi,DT27,WEEKENDS/HOLIDAY,20,247.78947368421052,509.36842105263156
Ubi,DT27,WEEKENDS/HOLIDAY,21,213.78947368421052,519.0526315789474
Ubi,DT27,WEEKENDS/HOLIDAY,22,145.05263157894737,412.8421052631579
Ubi,DT27,WEEKENDS/HOLIDAY,23,58.63157894736842,206.10526315789474
Upper Changi,DT34,WEEKDAY,0,0.4878048780487805,38.8780487804878
Upper Changi,DT34,WEEKDAY,5,39.65853658536585,1.4634146341463414
Upper Changi,DT34,WEEKDAY,6,144.78048780487805,121.17073170731707
Upper Changi,DT34,WEEKDAY,7,472.780487804878,431.2682926829268
Upper Changi,DT34,WEEKDAY,8,706.5365853658536,652.5365853658536
Upper Changi,DT34,WEEKDAY,9,360.5365853658537,369.8536585365854
Upper Changi,DT34,WEEKDAY,10,216.2439024390244,183.5121951219512
Upper Changi,DT34,WEEKDAY,11,255.3658536585366,157.17073170731706
Upper Changi,DT34,WEEKDAY,12,261.4146341463415,186.82926829268294
Upper Changi,DT34,WEEKDAY,13,213.46341463414635,237.609756097561
Upper Changi,DT34,WEEKDAY,14,171.41463414634146,197.5121951219512
Upper Changi,DT34,WEEKDAY,15,209.90243902439025,161.85365853658536
Upper Changi,DT34,WEEKDAY,16,352.8780487804878,186.82926829268294
Upper Changi,DT34,WEEKDAY,17,812.7317073170732,263.7560975609756
Upper Changi,DT34,WEEKDAY,18,827.609756097561,515.2682926829268
Upper Changi,DT34,WEEKDAY,19,349.7560975609756,537.1219512195122
Upper Changi,DT34,WEEKDAY,20,194.58536585365854,362.390243902439
Upper Changi,DT34,WEEKDAY,21,119.85365853658537,259.219512195122
Upper Changi,DT34,WEEKDAY,22,105.21951219512195,208.6341463414634
Upper Changi,DT34,WEEKDAY,23,56.292682926829265,112.82926829268293
Upper Changi,DT34,WEEKENDS/HOLIDAY,0,0.0,37.36842105263158
Upper Changi,DT34,WEEKENDS/HOLIDAY,5,17.157894736842106,0.5263157894736842
Upper Changi,DT34,WEEKENDS/HOLIDAY,6,60.421052631578945,31.473684210526315
Upper Changi,DT34,WEEKENDS/HOLIDAY,7,95.36842105263158,119.15789473684211
Upper Changi,DT34,WEEKENDS/HOLIDAY,8,160.8421052631579,149.57894736842104
Upper Changi,DT34,WEEKENDS/HOLIDAY,9,189.05263157894737,105.36842105263158
Upper Changi,DT34,WEEKENDS/HOLIDAY,10,216.94736842105263,125.78947368421052
Upper Changi,DT34,WEEKENDS/HOLIDAY,11,227.1578947368421,104.73684210526316
Upper Changi,DT34,WEEKENDS/HOLIDAY,12,261.4736842105263,143.89473684210526
Upper Changi,DT34,WEEKENDS/HOLIDAY,13,210.52631578947367,177.57894736842104
Upper Changi,DT34,WEEKENDS/HOLIDAY,14,165.3684210526316,190.52631578947367
Upper Changi,DT34,WEEKENDS/HOLIDAY,15,174.6315789473684,179.1578947368421
Upper Changi,DT34,WEEKENDS/HOLIDAY,16,209.89473684210526,191.47368421052633
Upper Changi,DT34,WEEKENDS/HOLIDAY,17,325.36842105263156,187.57894736842104
Upper Changi,DT34,WEEKENDS/HOLIDAY,18,261.57894736842104,204.21052631578948
Upper Changi,DT34,WEEKENDS/HOLIDAY,19,214.8421052631579,234.73684210526315
Upper Changi,DT34,WEEKENDS/HOLIDAY,20,135.3684210526316,242.31578947368422
Upper Changi,DT34,WEEKENDS/HOLIDAY,21,85.15789473684211,265.05263157894734
Upper Changi,DT34,WEEKENDS/HOLIDAY,22,58.21052631578947,205.3684210526316
Upper Changi,DT34,WEEKENDS/HOLIDAY,23,28.842105263157894,128.6315789473684
Upper Thomson,TE8,WEEKDAY,0,12.048780487804878,22.975609756097562
Upper Thomson,TE8,WEEKDAY,5,25.853658536585368,18.975609756097562
Upper Thomson,TE8,WEEKDAY,6,192.82926829268294,148.390243902439
Upper Thomson,TE8,WEEKDAY,7,604.0,369.5121951219512
Upper Thomson,TE8,WEEKDAY,8,1010.8780487804878,722.439024390244
Upper Thomson,TE8,WEEKDAY,9,593.0243902439024,553.5121951219512
Upper Thomson,TE8,WEEKDAY,10,362.7317073170732,398.5365853658537
Upper Thomson,TE8,WEEKDAY,11,396.4878048780488,427.9024390243902
Upper Thomson,TE8,WEEKDAY,12,470.8780487804878,511.7073170731707
Upper Thomson,TE8,WEEKDAY,13,540.439024390244,444.0
Upper Thomson,TE8,WEEKDAY,14,434.0975609756098,381.3658536585366
Upper Thomson,TE8,WEEKDAY,15,435.7073170731707,395.4146341463415
Upper Thomson,TE8,WEEKDAY,16,482.1951219512195,485.3658536585366
Upper Thomson,TE8,WEEKDAY,17,782.3414634146342,769.6585365853658
Upper Thomson,TE8,WEEKDAY,18,1095.4146341463415,1383.1707317073171
Upper Thomson,TE8,WEEKDAY,19,723.4146341463414,983.3170731707318
Upper Thomson,TE8,WEEKDAY,20,571.170731707317,489.8048780487805
Upper Thomson,TE8,WEEKDAY,21,583.219512195122,399.4146341463415
Upper Thomson,TE8,WEEKDAY,22,310.4878048780488,335.5121951219512
Upper Thomson,TE8,WEEKDAY,23,111.3170731707317,149.65853658536585
Upper Thomson,TE8,WEEKENDS/HOLIDAY,0,10.631578947368421,25.05263157894737
Upper Thomson,TE8,WEEKENDS/HOLIDAY,5,8.842105263157896,3.1578947368421053
Upper Thomson,TE8,WEEKENDS/HOLIDAY,6,96.94736842105263,101.78947368421052
Upper Thomson,TE8,WEEKENDS/HOLIDAY,7,195.05263157894737,189.57894736842104
Upper Thomson,TE8,WEEKENDS/HOLIDAY,8,326.94736842105266,438.0
Upper Thomson,TE8,WEEKENDS/HOLIDAY,9,411.7894736842105,565.4736842105264
Upper Thomson,TE8,WEEKENDS/HOLIDAY,10,525.0526315789474,526.7368421052631
Upper Thomson,TE8,WEEKENDS/HOLIDAY,11,600.9473684210526,595.0526315789474
Upper Thomson,TE8,WEEKENDS/HOLIDAY,12,721.4736842105264,563.6842105263158
Upper Thomson,TE8,WEEKENDS/HOLIDAY,13,770.9473684210526,555.3684210526316
Upper Thomson,TE8,WEEKENDS/HOLIDAY,14,668.6315789473684,486.63157894736844
Upper Thomson,TE8,WEEKENDS/HOLIDAY,15,606.421052631579,479.7894736842105
Upper Thomson,TE8,WEEKENDS/HOLIDAY,16,579.8947368421053,612.1052631578947
Upper Thomson,TE8,WEEKENDS/HOLIDAY,17,620.0,602.8421052631579
Upper Thomson,TE8,WEEKENDS/HOLIDAY,18,694.3157894736842,666.0
Upper Thomson,TE8,WEEKENDS/HOLIDAY,19,608.6315789473684,549.1578947368421
Upper Thomson,TE8,WEEKENDS/HOLIDAY,20,490.42105263157896,390.63157894736844
Upper Thomson,TE8,WEEKENDS/HOLIDAY,21,459.7894736842105,350.0
Upper Thomson,TE8,WEEKENDS/HOLIDAY,22,288.5263157894737,292.7368421052632
Upper Thomson,TE8,WEEKENDS/HOLIDAY,23,113.15789473684211,151.05263157894737
Woodlands,NS9/TE2,WEEKDAY,0,98.04878048780488,395.2682926829268
Woodlands,NS9/TE2,WEEKDAY,5,1076.2926829268292,466.390243902439
Woodlands,NS9/TE2,WEEKDAY,6,3533.170731707317,1714.878048780488
Woodlands,NS9/TE2,WEEKDAY,7,6989.024390243902,3419.7073170731705
Woodlands,NS9/TE2,WEEKDAY,8,6016.682926829269,3462.6341463414633
Woodlands,NS9/TE2,WEEKDAY,9,3200.1951219512193,2361.6585365853657
Woodlands,NS9/TE2,WEEKDAY,10,2308.5365853658536,2128.682926829268
Woodlands,NS9/TE2,WEEKDAY,11,2139.8536585365855,2297.0731707317073
Woodlands,NS9/TE2,WEEKDAY,12,2474.878048780488,2560.6341463414633
Woodlands,NS9/TE2,WEEKDAY,13,2390.439024390244,2540.390243902439
Woodlands,NS9/TE2,WEEKDAY,14,2154.9268292682927,2537.121951219512
Woodlands,NS9/TE2,WEEKDAY,15,2084.5365853658536,2724.1951219512193
Woodlands,NS9/TE2,WEEKDAY,16,2422.243902439024,3530.0
Woodlands,NS9/TE2,WEEKDAY,17,3656.829268292683,6099.024390243902
Woodlands,NS9/TE2,WEEKDAY,18,4503.024390243902,10020.829268292682
Woodlands,NS9/TE2,WEEKDAY,19,2979.0731707317073,7309.024390243902
Woodlands,NS9/TE2,WEEKDAY,20,2352.7804878048782,4373.951219512195
Woodlands,NS9/TE2,WEEKDAY,21,2212.048780487805,3766.682926829268
Woodlands,NS9/TE2,WEEKDAY,22,1369.0243902439024,3077.170731707317
Woodlands,NS9/TE2,WEEKDAY,23,612.390243902439,1630.6341463414635
Woodlands,NS9/TE2,WEEKENDS/HOLIDAY,0,121.36842105263158,435.57894736842104
Woodlands,NS9/TE2,WEEKENDS/HOLIDAY,5,335.2631578947368,198.8421052631579
Woodlands,NS9/TE2,WEEKENDS/HOLIDAY,6,1321.4736842105262,826.0
Woodlands,NS9/TE2,WEEKENDS/HOLIDAY,7,1853.3684210526317,1538.6315789473683
Woodlands,NS9/TE2,WEEKENDS/HOLIDAY,8,2235.8947368421054,2021.0526315789473
Woodlands,NS9/TE2,WEEKENDS/HOLIDAY,9,2518.315789473684,2088.7368421052633
Woodlands,NS9/TE2,WEEKENDS/HOLIDAY,10,2453.2631578947367,2309.4736842105262
Woodlands,NS9/TE2,WEEKENDS/HOLIDAY,11,2577.8947368421054,2519.157894736842
Woodlands,NS9/TE2,WEEKENDS/HOLIDAY,12,2813.157894736842,2820.1052631578946
Woodlands,NS9/TE2,WEEKENDS/HOLIDAY,13,2886.1052631578946,3038.5263157894738
Woodlands,NS9/TE2,WEEKENDS/HOLIDAY,14,2824.842105263158,2896.2105263157896
Woodlands,NS9/TE2,WEEKENDS/HOLIDAY,15,2749.0526315789475,2986.5263157894738
Woodlands,NS9/TE2,WEEKENDS/HOLIDAY,16,2852.315789473684,3151.7894736842104
Woodlands,NS9/TE2,WEEKENDS/HOLIDAY,17,3046.7368421052633,3814.6315789473683
Woodlands,NS9/TE2,WEEKENDS/HOLIDAY,18,2962.2105263157896,3880.4210526315787
Woodlands,NS9/TE2,WEEKENDS/HOLIDAY,19,2668.2105263157896,3608.5263157894738
Woodlands,NS9/TE2,WEEKENDS/HOLIDAY,20,2498.2105263157896,3352.7368421052633
Woodlands,NS9/TE2,WEEKENDS/HOLIDAY,21,2357.0526315789475,3108.315789473684
Woodlands,NS9/TE2,WEEKENDS/HOLIDAY,22,1582.421052631579,2983.684210526316
Woodlands,NS9/TE2,WEEKENDS/HOLIDAY,23,752.5263157894736,1650.1052631578948
Woodlands North,TE1,WEEKDAY,0,0.2926829268292683,11.707317073170731
Woodlands North,TE1,WEEKDAY,5,76.2439024390244,12.829268292682928
Woodlands North,TE1,WEEKDAY,6,511.8048780487805,139.0731707317073
Woodlands North,TE1,WEEKDAY,7,639.4146341463414,690.9268292682926
Woodlands North,TE1,WEEKDAY,8,429.9512195121951,1479.3170731707316
Woodlands North,TE1,WEEKDAY,9,219.5121951219512,857.5121951219512
Woodlands North,TE1,WEEKDAY,10,177.0731707317073,310.6829268292683
Woodlands North,TE1,WEEKDAY,11,239.26829268292684,188.14634146341464
Woodlands North,TE1,WEEKDAY,12,293.2682926829268,283.7560975609756
Woodlands North,TE1,WEEKDAY,13,238.73170731707316,255.609756097561
Woodlands North,TE1,WEEKDAY,14,260.4390243902439,172.4878048780488
Woodlands North,TE1,WEEKDAY,15,433.7560975609756,121.95121951219512
Woodlands North,TE1,WEEKDAY,16,773.4146341463414,162.53658536585365
Woodlands North,TE1,WEEKDAY,17,1140.1951219512196,258.3414634146341
Woodlands North,TE1,WEEKDAY,18,854.2439024390244,374.9268292682927
Woodlands North,TE1,WEEKDAY,19,493.9024390243902,379.4146341463415
Woodlands North,TE1,WEEKDAY,20,369.1707317073171,216.53658536585365
Woodlands North,TE1,WEEKDAY,21,353.1219512195122,167.17073170731706
Woodlands North,TE1,WEEKDAY,22,113.02439024390245,106.04878048780488
Woodlands North,TE1,WEEKDAY,23,19.414634146341463,48.48780487804878
Woodlands North,TE1,WEEKENDS/HOLIDAY,0,1.0526315789473684,32.31578947368421
Woodlands North,TE1,WEEKENDS/HOLIDAY,5,22.31578947368421,2.3157894736842106
Woodlands North,TE1,WEEKENDS/HOLIDAY,6,248.10526315789474,55.26315789473684
Woodlands North,TE1,WEEKENDS/HOLIDAY,7,351.36842105263156,213.68421052631578
Woodlands North,TE1,WEEKENDS/HOLIDAY,8,233.78947368421052,199.57894736842104
Woodlands North,TE1,WEEKENDS/HOLIDAY,9,223.05263157894737,98.0
Woodlands North,TE1,WEEKENDS/HOLIDAY,10,221.05263157894737,79.47368421052632
Woodlands North,TE1,WEEKENDS/HOLIDAY,11,218.73684210526315,78.3157894736842
Woodlands North,TE1,WEEKENDS/HOLIDAY,12,251.05263157894737,91.57894736842105
Woodlands North,TE1,WEEKENDS/HOLIDAY,13,202.8421052631579,113.36842105263158
Woodlands North,TE1,WEEKENDS/HOLIDAY,14,172.8421052631579,118.94736842105263
Woodlands North,TE1,WEEKENDS/HOLIDAY,15,188.31578947368422,122.0
Woodlands North,TE1,WEEKENDS/HOLIDAY,16,226.21052631578948,157.1578947368421
Woodlands North,TE1,WEEKENDS/HOLIDAY,17,255.1578947368421,235.05263157894737
Woodlands North,TE1,WEEKENDS/HOLIDAY,18,240.0,272.63157894736844
Woodlands North,TE1,WEEKENDS/HOLIDAY,19,188.10526315789474,304.10526315789474
Woodlands North,TE1,WEEKENDS/HOLIDAY,20,164.0,319.05263157894734
Woodlands North,TE1,WEEKENDS/HOLIDAY,21,101.89473684210526,303.36842105263156
Woodlands North,TE1,WEEKENDS/HOLIDAY,22,73.6842105263158,230.94736842105263
Woodlands North,TE1,WEEKENDS/HOLIDAY,23,28.0,133.68421052631578
Woodlands South,TE3,WEEKDAY,0,3.317073170731707,77.95121951219512
Woodlands South,TE3,WEEKDAY,5,204.2439024390244,29.5609756097561
Woodlands South,TE3,WEEKDAY,6,656.0487804878048,384.780487804878
Woodlands South,TE3,WEEKDAY,7,1756.0487804878048,922.2926829268292
Woodlands South,TE3,WEEKDAY,8,1702.1463414634147,922.3414634146342
Woodlands South,TE3,WEEKDAY,9,740.2926829268292,396.5853658536585
Woodlands South,TE3,WEEKDAY,10,499.219512195122,257.9024390243902
Woodlands South,TE3,WEEKDAY,11,517.0731707317074,322.5365853658537
Woodlands South,TE3,WEEKDAY,12,575.3170731707318,497.4634146341463
Woodlands South,TE3,WEEKDAY,13,553.5121951219512,464.5853658536585
Woodlands South,TE3,WEEKDAY,14,464.780487804878,373.3170731707317
Woodlands South,TE3,WEEKDAY,15,464.1463414634146,354.5365853658537
Woodlands South,TE3,WEEKDAY,16,561.170731707317,449.3658536585366
Woodlands South,TE3,WEEKDAY,17,1099.3170731707316,832.2926829268292
Woodlands South,TE3,WEEKDAY,18,1045.4146341463415,1580.9268292682927
Woodlands South,TE3,WEEKDAY,19,508.780487804878,1329.5121951219512
Woodlands South,TE3,WEEKDAY,20,357.9024390243902,747.1219512195122
Woodlands South,TE3,WEEKDAY,21,411.8048780487805,635.2682926829268
Woodlands South,TE3,WEEKDAY,22,156.2439024390244,590.5365853658536
Woodlands South,TE3,WEEKDAY,23,47.65853658536585,310.5365853658537
Woodlands South,TE3,WEEKENDS/HOLIDAY,0,3.5789473684210527,80.63157894736842
Woodlands South,TE3,WEEKENDS/HOLIDAY,5,79.6842105263158,5.894736842105263
Woodlands South,TE3,WEEKENDS/HOLIDAY,6,236.8421052631579,252.21052631578948
Woodlands South,TE3,WEEKENDS/HOLIDAY,7,404.0,291.2631578947368
Woodlands South,TE3,WEEKENDS/HOLIDAY,8,569.8947368421053,281.6842105263158
Woodlands South,TE3,WEEKENDS/HOLIDAY,9,538.5263157894736,239.68421052631578
Woodlands South,TE3,WEEKENDS/HOLIDAY,10,553.2631578947369,285.57894736842104
Woodlands South,TE3,WEEKENDS/HOLIDAY,11,528.9473684210526,321.7894736842105
Woodlands South,TE3,WEEKENDS/HOLIDAY,12,610.5263157894736,400.94736842105266
Woodlands South,TE3,WEEKENDS/HOLIDAY,13,556.1052631578947,369.7894736842105
Woodlands South,TE3,WEEKENDS/HOLIDAY,14,486.63157894736844,367.6842105263158
Woodlands South,TE3,WEEKENDS/HOLIDAY,15,472.3157894736842,379.36842105263156
Woodlands South,TE3,WEEKENDS/HOLIDAY,16,509.1578947368421,387.36842105263156
Woodlands South,TE3,WEEKENDS/HOLIDAY,17,553.7894736842105,437.2631578947368
Woodlands South,TE3,WEEKENDS/HOLIDAY,18,446.8421052631579,537.3684210526316
Woodlands South,TE3,WEEKENDS/HOLIDAY,19,351.4736842105263,569.4736842105264
Woodlands South,TE3,WEEKENDS/HOLIDAY,20,263.2631578947368,522.0
Woodlands South,TE3,WEEKENDS/HOLIDAY,21,303.7894736842105,562.7368421052631
Woodlands South,TE3,WEEKENDS/HOLIDAY,22,133.26315789473685,571.7894736842105
Woodlands South,TE3,WEEKENDS/HOLIDAY,23,50.421052631578945,298.94736842105266
Woodleigh,NE11,WEEKDAY,0,5.951219512195122,15.414634146341463
Woodleigh,NE11,WEEKDAY,5,39.02439024390244,21.26829268292683
Woodleigh,NE11,WEEKDAY,6,302.0,260.1463414634146
Woodleigh,NE11,WEEKDAY,7,924.2439024390244,828.390243902439
Woodleigh,NE11,WEEKDAY,8,1651.3170731707316,1187.2682926829268
Woodleigh,NE11,WEEKDAY,9,938.0,652.8780487804878
Woodleigh,NE11,WEEKDAY,10,574.0975609756098,504.5853658536585
Woodleigh,NE11,WEEKDAY,11,593.8048780487804,580.0487804878048
Woodleigh,NE11,WEEKDAY,12,671.0243902439024,703.8536585365854
Woodleigh,NE11,WEEKDAY,13,745.9512195121952,652.5853658536586
Woodleigh,NE11,WEEKDAY,14,653.8536585365854,656.0487804878048
Woodleigh,NE11,WEEKDAY,15,746.9268292682926,614.9756097560976
Woodleigh,NE11,WEEKDAY,16,770.7317073170732,751.9024390243902
Woodleigh,NE11,WEEKDAY,17,1071.658536585366,1147.2682926829268
Woodleigh,NE11,WEEKDAY,18,1320.780487804878,2038.5365853658536
Woodleigh,NE11,WEEKDAY,19,953.3170731707318,1458.6341463414635
Woodleigh,NE11,WEEKDAY,20,696.439024390244,815.8536585365854
Woodleigh,NE11,WEEKDAY,21,621.170731707317,666.9268292682926
Woodleigh,NE11,WEEKDAY,22,346.4878048780488,488.2926829268293
Woodleigh,NE11,WEEKDAY,23,90.97560975609755,195.3170731707317
Woodleigh,NE11,WEEKENDS/HOLIDAY,0,7.052631578947368,13.789473684210526
Woodleigh,NE11,WEEKENDS/HOLIDAY,5,8.842105263157896,3.8947368421052633
Woodleigh,NE11,WEEKENDS/HOLIDAY,6,126.42105263157895,122.10526315789474
Woodleigh,NE11,WEEKENDS/HOLIDAY,7,275.4736842105263,252.31578947368422
Woodleigh,NE11,WEEKENDS/HOLIDAY,8,425.36842105263156,448.3157894736842
Woodleigh,NE11,WEEKENDS/HOLIDAY,9,594.9473684210526,496.94736842105266
Woodleigh,NE11,WEEKENDS/HOLIDAY,10,666.6315789473684,608.3157894736842
Woodleigh,NE11,WEEKENDS/HOLIDAY,11,774.421052631579,640.2105263157895
Woodleigh,NE11,WEEKENDS/HOLIDAY,12,813.8947368421053,755.1578947368421
Woodleigh,NE11,WEEKENDS/HOLIDAY,13,840.6315789473684,816.9473684210526
Woodleigh,NE11,WEEKENDS/HOLIDAY,14,775.6842105263158,696.5263157894736
Woodleigh,NE11,WEEKENDS/HOLIDAY,15,742.0,715.8947368421053
Woodleigh,NE11,WEEKENDS/HOLIDAY,16,788.8421052631579,735.1578947368421
Woodleigh,NE11,WEEKENDS/HOLIDAY,17,829.6842105263158,832.1052631578947
Woodleigh,NE11,WEEKENDS/HOLIDAY,18,800.1052631578947,895.7894736842105
Woodleigh,NE11,WEEKENDS/HOLIDAY,19,664.5263157894736,794.5263157894736
Woodleigh,NE11,WEEKENDS/HOLIDAY,20,575.2631578947369,705.578947368421
Woodleigh,NE11,WEEKENDS/HOLIDAY,21,501.4736842105263,624.9473684210526
Woodleigh,NE11,WEEKENDS/HOLIDAY,22,321.89473684210526,445.6842105263158
Woodleigh,NE11,WEEKENDS/HOLIDAY,23,84.63157894736842,204.52631578947367
Yew Tee,NS5,WEEKDAY,0,25.5609756097561,247.609756097561
Yew Tee,NS5,WEEKDAY,5,770.780487804878,99.21951219512195
Yew Tee,NS5,WEEKDAY,6,2815.8536585365855,676.2439024390244
Yew Tee,NS5,WEEKDAY,7,5499.90243902439,1571.560975609756
Yew Tee,NS5,WEEKDAY,8,4212.1463414634145,1206.1951219512196
Yew Tee,NS5,WEEKDAY,9,1898.5365853658536,746.8780487804878
Yew Tee,NS5,WEEKDAY,10,1322.1463414634147,617.170731707317
Yew Tee,NS5,WEEKDAY,11,1248.1463414634147,640.1951219512196
Yew Tee,NS5,WEEKDAY,12,1263.4634146341464,817.170731707317
Yew Tee,NS5,WEEKDAY,13,1098.0,946.0975609756098
Yew Tee,NS5,WEEKDAY,14,942.9268292682926,984.3414634146342
Yew Tee,NS5,WEEKDAY,15,931.2682926829268,1079.8048780487804
Yew Tee,NS5,WEEKDAY,16,1110.439024390244,1408.7317073170732
Yew Tee,NS5,WEEKDAY,17,1976.439024390244,2687.8048780487807
Yew Tee,NS5,WEEKDAY,18,1975.7073170731708,4720.341463414634
Yew Tee,NS5,WEEKDAY,19,1040.9268292682927,3714.9268292682927
Yew Tee,NS5,WEEKDAY,20,764.829268292683,2374.5853658536585
Yew Tee,NS5,WEEKDAY,21,638.6341463414634,1923.4146341463415
Yew Tee,NS5,WEEKDAY,22,399.0731707317073,1529.5121951219512
Yew Tee,NS5,WEEKDAY,23,148.53658536585365,784.1463414634146
Yew Tee,NS5,WEEKENDS/HOLIDAY,0,30.210526315789473,280.3157894736842
Yew Tee,NS5,WEEKENDS/HOLIDAY,5,308.0,33.05263157894737
Yew Tee,NS5,WEEKENDS/HOLIDAY,6,960.6315789473684,218.31578947368422
Yew Tee,NS5,WEEKENDS/HOLIDAY,7,1331.6842105263158,438.5263157894737
Yew Tee,NS5,WEEKENDS/HOLIDAY,8,1540.0,591.578947368421
Yew Tee,NS5,WEEKENDS/HOLIDAY,9,1576.3157894736842,739.6842105263158
Yew Tee,NS5,WEEKENDS/HOLIDAY,10,1636.5263157894738,710.6315789473684
Yew Tee,NS5,WEEKENDS/HOLIDAY,11,1599.578947368421,836.8421052631579
Yew Tee,NS5,WEEKENDS/HOLIDAY,12,1536.5263157894738,1016.3157894736842
Yew Tee,NS5,WEEKENDS/HOLIDAY,13,1333.157894736842,1192.0
Yew Tee,NS5,WEEKENDS/HOLIDAY,14,1185.4736842105262,1251.6842105263158
Yew Tee,NS5,WEEKENDS/HOLIDAY,15,1155.3684210526317,1304.2105263157894
Yew Tee,NS5,WEEKENDS/HOLIDAY,16,1227.578947368421,1399.3684210526317
Yew Tee,NS5,WEEKENDS/HOLIDAY,17,1378.3157894736842,1565.578947368421
Yew Tee,NS5,WEEKENDS/HOLIDAY,18,1256.1052631578948,1749.2631578947369
Yew Tee,NS5,WEEKENDS/HOLIDAY,19,929.0526315789474,1743.7894736842106
Yew Tee,NS5,WEEKENDS/HOLIDAY,20,733.4736842105264,1755.7894736842106
Yew Tee,NS5,WEEKENDS/HOLIDAY,21,632.8421052631579,1775.7894736842106
Yew Tee,NS5,WEEKENDS/HOLIDAY,22,433.89473684210526,1442.1052631578948
Yew Tee,NS5,WEEKENDS/HOLIDAY,23,168.8421052631579,845.3684210526316
Yio Chu Kang,NS15,WEEKDAY,0,19.658536585365855,63.707317073170735
Yio Chu Kang,NS15,WEEKDAY,5,207.7560975609756,123.95121951219512
Yio Chu Kang,NS15,WEEKDAY,6,835.560975609756,860.3414634146342
Yio Chu Kang,NS15,WEEKDAY,7,1763.5121951219512,2344.390243902439
Yio Chu Kang,NS15,WEEKDAY,8,1725.5121951219512,3993.121951219512
Yio Chu Kang,NS15,WEEKDAY,9,1024.0,1532.780487804878
Yio Chu Kang,NS15,WEEKDAY,10,775.0243902439024,794.390243902439
Yio Chu Kang,NS15,WEEKDAY,11,823.9512195121952,675.6585365853658
Yio Chu Kang,NS15,WEEKDAY,12,992.5853658536586,739.4634146341464
Yio Chu Kang,NS15,WEEKDAY,13,827.6585365853658,766.5853658536586
Yio Chu Kang,NS15,WEEKDAY,14,786.3414634146342,623.219512195122
Yio Chu Kang,NS15,WEEKDAY,15,1006.9756097560976,557.8048780487804
Yio Chu Kang,NS15,WEEKDAY,16,1492.0975609756097,662.9756097560976
Yio Chu Kang,NS15,WEEKDAY,17,2762.9268292682927,1163.9024390243903
Yio Chu Kang,NS15,WEEKDAY,18,3520.487804878049,1834.0
Yio Chu Kang,NS15,WEEKDAY,19,1501.9024390243903,1247.3658536585365
Yio Chu Kang,NS15,WEEKDAY,20,824.9268292682926,761.170731707317
Yio Chu Kang,NS15,WEEKDAY,21,748.9756097560976,732.2926829268292
Yio Chu Kang,NS15,WEEKDAY,22,499.5121951219512,650.7317073170732
Yio Chu Kang,NS15,WEEKDAY,23,171.26829268292684,265.1707317073171
Yio Chu Kang,NS15,WEEKENDS/HOLIDAY,0,18.736842105263158,65.57894736842105
Yio Chu Kang,NS15,WEEKENDS/HOLIDAY,5,92.84210526315789,24.42105263157895
Yio Chu Kang,NS15,WEEKENDS/HOLIDAY,6,359.57894736842104,326.2105263157895
Yio Chu Kang,NS15,WEEKENDS/HOLIDAY,7,570.6315789473684,443.4736842105263
Yio Chu Kang,NS15,WEEKENDS/HOLIDAY,8,698.8421052631579,478.2105263157895
Yio Chu Kang,NS15,WEEKENDS/HOLIDAY,9,871.3684210526316,452.0
Yio Chu Kang,NS15,WEEKENDS/HOLIDAY,10,770.5263157894736,379.4736842105263
Yio Chu Kang,NS15,WEEKENDS/HOLIDAY,11,700.7368421052631,349.57894736842104
Yio Chu Kang,NS15,WEEKENDS/HOLIDAY,12,739.0526315789474,409.6842105263158
Yio Chu Kang,NS15,WEEKENDS/HOLIDAY,13,624.7368421052631,462.0
Yio Chu Kang,NS15,WEEKENDS/HOLIDAY,14,556.5263157894736,483.6842105263158
Yio Chu Kang,NS15,WEEKENDS/HOLIDAY,15,580.3157894736842,514.3157894736842
Yio Chu Kang,NS15,WEEKENDS/HOLIDAY,16,630.6315789473684,565.0526315789474
Yio Chu Kang,NS15,WEEKENDS/HOLIDAY,17,688.5263157894736,720.7368421052631
Yio Chu Kang,NS15,WEEKENDS/HOLIDAY,18,632.5263157894736,776.3157894736842
Yio Chu Kang,NS15,WEEKENDS/HOLIDAY,19,599.578947368421,636.0
Yio Chu Kang,NS15,WEEKENDS/HOLIDAY,20,377.1578947368421,624.9473684210526
Yio Chu Kang,NS15,WEEKENDS/HOLIDAY,21,293.89473684210526,630.421052631579
Yio Chu Kang,NS15,WEEKENDS/HOLIDAY,22,224.8421052631579,595.7894736842105
Yio Chu Kang,NS15,WEEKENDS/HOLIDAY,23,105.05263157894737,284.0
Yishun,NS13,WEEKDAY,0,73.51219512195122,376.9268292682927
Yishun,NS13,WEEKDAY,5,1277.7073170731708,207.9512195121951
Yishun,NS13,WEEKDAY,6,3562.731707317073,879.7560975609756
Yishun,NS13,WEEKDAY,7,7289.658536585366,2203.121951219512
Yishun,NS13,WEEKDAY,8,6560.390243902439,2268.1951219512193
Yishun,NS13,WEEKDAY,9,3382.390243902439,1596.3902439024391
Yishun,NS13,WEEKDAY,10,2250.682926829268,1486.4878048780488
Yishun,NS13,WEEKDAY,11,1972.0975609756097,1576.2439024390244
Yishun,NS13,WEEKDAY,12,2077.268292682927,1876.9268292682927
Yishun,NS13,WEEKDAY,13,2082.048780487805,2001.8536585365853
Yishun,NS13,WEEKDAY,14,1875.4634146341464,1952.0487804878048
Yishun,NS13,WEEKDAY,15,1843.7560975609756,2169.7073170731705
Yishun,NS13,WEEKDAY,16,1997.3658536585365,2970.048780487805
Yishun,NS13,WEEKDAY,17,3019.756097560976,5036.390243902439
Yishun,NS13,WEEKDAY,18,3295.951219512195,9082.878048780487
Yishun,NS13,WEEKDAY,19,2187.7073170731705,6666.975609756098
Yishun,NS13,WEEKDAY,20,1854.4878048780488,3892.2926829268295
Yishun,NS13,WEEKDAY,21,1898.5853658536585,3164.243902439024
Yishun,NS13,WEEKDAY,22,1098.4878048780488,2935.2195121951218
Yishun,NS13,WEEKDAY,23,375.9512195121951,1534.0487804878048
Yishun,NS13,WEEKENDS/HOLIDAY,0,77.36842105263158,458.7368421052632
Yishun,NS13,WEEKENDS/HOLIDAY,5,546.5263157894736,81.6842105263158
Yishun,NS13,WEEKENDS/HOLIDAY,6,1421.4736842105262,420.8421052631579
Yishun,NS13,WEEKENDS/HOLIDAY,7,1894.0,868.7368421052631
Yishun,NS13,WEEKENDS/HOLIDAY,8,2329.4736842105262,1284.5263157894738
Yishun,NS13,WEEKENDS/HOLIDAY,9,2700.7368421052633,1499.157894736842
Yishun,NS13,WEEKENDS/HOLIDAY,10,2392.1052631578946,1671.8947368421052
Yishun,NS13,WEEKENDS/HOLIDAY,11,2338.6315789473683,1889.3684210526317
Yishun,NS13,WEEKENDS/HOLIDAY,12,2401.5789473684213,2150.9473684210525
Yishun,NS13,WEEKENDS/HOLIDAY,13,2482.315789473684,2343.7894736842104
Yishun,NS13,WEEKENDS/HOLIDAY,14,2420.4210526315787,2356.7368421052633
Yishun,NS13,WEEKENDS/HOLIDAY,15,2358.5263157894738,2421.7894736842104
Yishun,NS13,WEEKENDS/HOLIDAY,16,2244.9473684210525,2751.0526315789475
Yishun,NS13,WEEKENDS/HOLIDAY,17,2337.8947368421054,3221.3684210526317
Yishun,NS13,WEEKENDS/HOLIDAY,18,2237.3684210526317,3308.842105263158
Yishun,NS13,WEEKENDS/HOLIDAY,19,1929.6842105263158,2994.1052631578946
Yishun,NS13,WEEKENDS/HOLIDAY,20,1767.578947368421,2774.6315789473683
Yishun,NS13,WEEKENDS/HOLIDAY,21,1755.4736842105262,2789.5789473684213
Yishun,NS13,WEEKENDS/HOLIDAY,22,1117.8947368421052,2760.842105263158
Yishun,NS13,WEEKENDS/HOLIDAY,23,410.0,1550.2105263157894
one-north,CC23,WEEKDAY,0,1.3170731707317074,3.707317073170732
one-north,CC23,WEEKDAY,5,10.78048780487805,37.1219512195122
one-north,CC23,WEEKDAY,6,39.46341463414634,625.0731707317074
one-north,CC23,WEEKDAY,7,137.5121951219512,1506.6829268292684
one-north,CC23,WEEKDAY,8,223.5121951219512,4146.829268292683
one-north,CC23,WEEKDAY,9,181.1219512195122,4760.195121951219
one-north,CC23,WEEKDAY,10,186.58536585365854,1486.0
one-north,CC23,WEEKDAY,11,530.5365853658536,672.1951219512196
one-north,CC23,WEEKDAY,12,900.1951219512196,762.780487804878
one-north,CC23,WEEKDAY,13,623.3658536585366,889.3658536585366
one-north,CC23,WEEKDAY,14,438.2926829268293,515.0731707317074
one-north,CC23,WEEKDAY,15,565.0243902439024,248.78048780487805
one-north,CC23,WEEKDAY,16,1200.6341463414635,245.70731707317074
one-north,CC23,WEEKDAY,17,3472.439024390244,318.0975609756098
one-north,CC23,WEEKDAY,18,4920.341463414634,508.0
one-north,CC23,WEEKDAY,19,2201.317073170732,271.8048780487805
one-north,CC23,WEEKDAY,20,928.9756097560976,112.63414634146342
one-north,CC23,WEEKDAY,21,484.0,96.14634146341463
one-north,CC23,WEEKDAY,22,200.2439024390244,53.073170731707314
one-north,CC23,WEEKDAY,23,46.4390243902439,21.414634146341463
one-north,CC23,WEEKENDS/HOLIDAY,0,1.1578947368421053,5.684210526315789
one-north,CC23,WEEKENDS/HOLIDAY,5,4.421052631578948,1.5789473684210527
one-north,CC23,WEEKENDS/HOLIDAY,6,20.105263157894736,84.10526315789474
one-north,CC23,WEEKENDS/HOLIDAY,7,66.84210526315789,232.6315789473684
one-north,CC23,WEEKENDS/HOLIDAY,8,82.21052631578948,228.94736842105263
one-north,CC23,WEEKENDS/HOLIDAY,9,88.10526315789474,259.89473684210526
one-north,CC23,WEEKENDS/HOLIDAY,10,137.26315789473685,243.47368421052633
one-north,CC23,WEEKENDS/HOLIDAY,11,187.57894736842104,210.8421052631579
one-north,CC23,WEEKENDS/HOLIDAY,12,246.0,226.8421052631579
one-north,CC23,WEEKENDS/HOLIDAY,13,238.73684210526315,230.73684210526315
one-north,CC23,WEEKENDS/HOLIDAY,14,242.31578947368422,230.8421052631579
one-north,CC23,WEEKENDS/HOLIDAY,15,219.78947368421052,170.42105263157896
one-north,CC23,WEEKENDS/HOLIDAY,16,233.78947368421052,162.94736842105263
one-north,CC23,WEEKENDS/HOLIDAY,17,335.36842105263156,185.89473684210526
one-north,CC23,WEEKENDS/HOLIDAY,18,232.52631578947367,227.05263157894737
one-north,CC23,WEEKENDS/HOLIDAY,19,197.57894736842104,151.3684210526316
one-north,CC23,WEEKENDS/HOLIDAY,20,174.42105263157896,84.21052631578948
one-north,CC23,WEEKENDS/HOLIDAY,21,267.7894736842105,68.73684210526316
one-north,CC23,WEEKENDS/HOLIDAY,22,168.21052631578948,57.578947368421055
one-north,CC23,WEEKENDS/HOLIDAY,23,21.473684210526315,22.842105263157894
