STATION_NAME,station_codes,DAY_TYPE,TIME_PER_HOUR,daily_avg_tap_in,daily_avg_tap_out
Admiralty,NS10,WEEKDAY,0,37.95,365.8
Admiralty,NS10,WEEKDAY,5,1145.2,145.95
Admiralty,NS10,WEEKDAY,6,3861.75,949.45
Admiralty,NS10,WEEKDAY,7,7666.75,2610.35
Admiralty,NS10,WEEKDAY,8,5792.2,2395.3
Admiralty,NS10,WEEKDAY,9,2876.25,1210.1
Admiralty,NS10,WEEKDAY,10,1945.3,857.45
Admiralty,NS10,WEEKDAY,11,1751.0,878.1
Admiralty,NS10,WEEKDAY,12,1717.2,1097.8
Admiralty,NS10,WEEKDAY,13,1486.15,1268.05
Admiralty,NS10,WEEKDAY,14,1287.2,1292.6
Admiralty,NS10,WEEKDAY,15,1190.7,1394.15
Admiralty,NS10,WEEKDAY,16,1552.9,1887.6
Admiralty,NS10,WEEKDAY,17,3139.45,3199.25
Admiralty,NS10,WEEKDAY,18,3333.15,5566.9
Admiralty,NS10,WEEKDAY,19,1660.0,4520.65
Admiralty,NS10,WEEKDAY,20,1121.85,2818.15
Admiralty,NS10,WEEKDAY,21,744.7,2475.4
Admiralty,NS10,WEEKDAY,22,466.6,2147.65
Admiralty,NS10,WEEKDAY,23,187.4,1138.65
Admiralty,NS10,WEEKENDS/HOLIDAY,0,45.8,465.4
Admiralty,NS10,WEEKENDS/HOLIDAY,5,587.5,68.0
Admiralty,NS10,WEEKENDS/HOLIDAY,6,1557.3,422.9
Admiralty,NS10,WEEKENDS/HOLIDAY,7,2210.5,983.6
Admiralty,NS10,WEEKENDS/HOLIDAY,8,2446.2,1228.6
Admiralty,NS10,WEEKENDS/HOLIDAY,9,2548.7,1148.6
Admiralty,NS10,WEEKENDS/HOLIDAY,10,2428.7,1050.0
Admiralty,NS10,WEEKENDS/HOLIDAY,11,2332.7,1111.9
Admiralty,NS10,WEEKENDS/HOLIDAY,12,2244.4,1274.9
Admiralty,NS10,WEEKENDS/HOLIDAY,13,2058.4,1547.7
Admiralty,NS10,WEEKENDS/HOLIDAY,14,1790.5,1619.9
Admiralty,NS10,WEEKENDS/HOLIDAY,15,1622.4,1607.7
Admiralty,NS10,WEEKENDS/HOLIDAY,16,1738.3,1712.6
Admiralty,NS10,WEEKENDS/HOLIDAY,17,2096.0,1999.3
Admiralty,NS10,WEEKENDS/HOLIDAY,18,1833.1,2255.6
Admiralty,NS10,WEEKENDS/HOLIDAY,19,1286.8,2314.7
Admiralty,NS10,WEEKENDS/HOLIDAY,20,987.6,2197.9
Admiralty,NS10,WEEKENDS/HOLIDAY,21,711.5,2258.4
Admiralty,NS10,WEEKENDS/HOLIDAY,22,464.6,2087.4
Admiralty,NS10,WEEKENDS/HOLIDAY,23,211.1,1313.0
Aljunied,EW9,WEEKDAY,0,10.35,59.8
Aljunied,EW9,WEEKDAY,5,311.55,40.65
Aljunied,EW9,WEEKDAY,6,2134.55,435.95
Aljunied,EW9,WEEKDAY,7,2692.2,1230.9
Aljunied,EW9,WEEKDAY,8,2551.8,1867.15
Aljunied,EW9,WEEKDAY,9,1439.5,1088.3
Aljunied,EW9,WEEKDAY,10,931.5,657.65
Aljunied,EW9,WEEKDAY,11,801.5,597.55
Aljunied,EW9,WEEKDAY,12,946.15,742.45
Aljunied,EW9,WEEKDAY,13,1003.7,825.65
Aljunied,EW9,WEEKDAY,14,770.5,773.9
Aljunied,EW9,WEEKDAY,15,866.3,800.25
Aljunied,EW9,WEEKDAY,16,1050.65,925.25
Aljunied,EW9,WEEKDAY,17,1703.75,1646.4
Aljunied,EW9,WEEKDAY,18,2133.25,3163.3
Aljunied,EW9,WEEKDAY,19,1138.5,3050.0
Aljunied,EW9,WEEKDAY,20,795.45,1798.95
Aljunied,EW9,WEEKDAY,21,745.7,1506.35
Aljunied,EW9,WEEKDAY,22,534.55,1219.55
Aljunied,EW9,WEEKDAY,23,244.7,598.4
Aljunied,EW9,WEEKENDS/HOLIDAY,0,16.6,82.4
Aljunied,EW9,WEEKENDS/HOLIDAY,5,168.6,12.9
Aljunied,EW9,WEEKENDS/HOLIDAY,6,1429.9,273.5
Aljunied,EW9,WEEKENDS/HOLIDAY,7,1531.0,536.8
Aljunied,EW9,WEEKENDS/HOLIDAY,8,1235.3,1047.4
Aljunied,EW9,WEEKENDS/HOLIDAY,9,1126.1,1426.5
Aljunied,EW9,WEEKENDS/HOLIDAY,10,1150.5,1275.8
Aljunied,EW9,WEEKENDS/HOLIDAY,11,1287.4,1039.5
Aljunied,EW9,WEEKENDS/HOLIDAY,12,1560.9,1133.4
Aljunied,EW9,WEEKENDS/HOLIDAY,13,1480.2,1283.0
Aljunied,EW9,WEEKENDS/HOLIDAY,14,1351.7,1199.1
Aljunied,EW9,WEEKENDS/HOLIDAY,15,1254.4,1213.0
Aljunied,EW9,WEEKENDS/HOLIDAY,16,1509.5,1360.4
Aljunied,EW9,WEEKENDS/HOLIDAY,17,1621.7,1807.0
Aljunied,EW9,WEEKENDS/HOLIDAY,18,1532.6,2122.8
Aljunied,EW9,WEEKENDS/HOLIDAY,19,1282.2,2213.2
Aljunied,EW9,WEEKENDS/HOLIDAY,20,1053.8,1672.4
Aljunied,EW9,WEEKENDS/HOLIDAY,21,918.5,1397.3
Aljunied,EW9,WEEKENDS/HOLIDAY,22,684.2,1234.9
Aljunied,EW9,WEEKENDS/HOLIDAY,23,330.5,680.2
Ang Mo Kio,NS16,WEEKDAY,0,41.95,281.05
Ang Mo Kio,NS16,WEEKDAY,5,813.6,139.5
Ang Mo Kio,NS16,WEEKDAY,6,2492.15,1416.55
Ang Mo Kio,NS16,WEEKDAY,7,4702.9,2952.25
Ang Mo Kio,NS16,WEEKDAY,8,5269.6,2887.9
Ang Mo Kio,NS16,WEEKDAY,9,3108.35,1674.55
Ang Mo Kio,NS16,WEEKDAY,10,2017.25,1418.8
Ang Mo Kio,NS16,WEEKDAY,11,1800.6,1338.2
Ang Mo Kio,NS16,WEEKDAY,12,1853.7,1646.35
Ang Mo Kio,NS16,WEEKDAY,13,1854.95,1701.25
Ang Mo Kio,NS16,WEEKDAY,14,1623.75,1709.5
Ang Mo Kio,NS16,WEEKDAY,15,1569.75,1929.25
Ang Mo Kio,NS16,WEEKDAY,16,1778.25,2391.75
Ang Mo Kio,NS16,WEEKDAY,17,2787.65,3924.7
Ang Mo Kio,NS16,WEEKDAY,18,3532.6,6419.65
Ang Mo Kio,NS16,WEEKDAY,19,2221.2,4624.05
Ang Mo Kio,NS16,WEEKDAY,20,1559.25,3028.75
Ang Mo Kio,NS16,WEEKDAY,21,1407.45,2827.3
Ang Mo Kio,NS16,WEEKDAY,22,835.85,2474.9
Ang Mo Kio,NS16,WEEKDAY,23,324.55,1306.05
Ang Mo Kio,NS16,WEEKENDS/HOLIDAY,0,51.0,445.8
Ang Mo Kio,NS16,WEEKENDS/HOLIDAY,5,413.6,60.4
Ang Mo Kio,NS16,WEEKENDS/HOLIDAY,6,1315.0,668.6
Ang Mo Kio,NS16,WEEKENDS/HOLIDAY,7,1809.7,1130.8
Ang Mo Kio,NS16,WEEKENDS/HOLIDAY,8,2312.5,1461.6
Ang Mo Kio,NS16,WEEKENDS/HOLIDAY,9,2799.2,1601.7
Ang Mo Kio,NS16,WEEKENDS/HOLIDAY,10,2456.7,1562.5
Ang Mo Kio,NS16,WEEKENDS/HOLIDAY,11,2349.0,1631.6
Ang Mo Kio,NS16,WEEKENDS/HOLIDAY,12,2326.8,1888.2
Ang Mo Kio,NS16,WEEKENDS/HOLIDAY,13,2298.2,2120.5
Ang Mo Kio,NS16,WEEKENDS/HOLIDAY,14,2107.9,2091.4
Ang Mo Kio,NS16,WEEKENDS/HOLIDAY,15,2028.0,2257.1
Ang Mo Kio,NS16,WEEKENDS/HOLIDAY,16,2061.8,2472.5
Ang Mo Kio,NS16,WEEKENDS/HOLIDAY,17,2212.4,2759.9
Ang Mo Kio,NS16,WEEKENDS/HOLIDAY,18,2118.5,2930.2
Ang Mo Kio,NS16,WEEKENDS/HOLIDAY,19,1773.6,2724.6
Ang Mo Kio,NS16,WEEKENDS/HOLIDAY,20,1365.2,2525.2
Ang Mo Kio,NS16,WEEKENDS/HOLIDAY,21,1232.9,2598.4
Ang Mo Kio,NS16,WEEKENDS/HOLIDAY,22,828.1,2612.8
Ang Mo Kio,NS16,WEEKENDS/HOLIDAY,23,330.4,1517.6
Bartley,CC12,WEEKDAY,0,0.95,10.9
Bartley,CC12,WEEKDAY,5,30.8,4.25
Bartley,CC12,WEEKDAY,6,281.8,191.6
Bartley,CC12,WEEKDAY,7,878.75,559.15
Bartley,CC12,WEEKDAY,8,1241.05,464.2
Bartley,CC12,WEEKDAY,9,682.75,234.9
Bartley,CC12,WEEKDAY,10,349.1,167.65
Bartley,CC12,WEEKDAY,11,389.25,173.05
Bartley,CC12,WEEKDAY,12,363.95,260.25
Bartley,CC12,WEEKDAY,13,624.5,369.0
Bartley,CC12,WEEKDAY,14,283.4,319.0
Bartley,CC12,WEEKDAY,15,290.2,277.2
Bartley,CC12,WEEKDAY,16,400.9,328.5
Bartley,CC12,WEEKDAY,17,537.0,559.9
Bartley,CC12,WEEKDAY,18,603.35,954.55
Bartley,CC12,WEEKDAY,19,309.6,753.5
Bartley,CC12,WEEKDAY,20,180.55,453.1
Bartley,CC12,WEEKDAY,21,144.95,394.65
Bartley,CC12,WEEKDAY,22,108.9,264.65
Bartley,CC12,WEEKDAY,23,29.25,108.55
Bartley,CC12,WEEKENDS/HOLIDAY,0,0.4,7.5
Bartley,CC12,WEEKENDS/HOLIDAY,5,1.3,0.3
Bartley,CC12,WEEKENDS/HOLIDAY,6,9.8,9.0
Bartley,CC12,WEEKENDS/HOLIDAY,7,33.5,40.8
Bartley,CC12,WEEKENDS/HOLIDAY,8,137.0,65.3
Bartley,CC12,WEEKENDS/HOLIDAY,9,374.2,199.1
Bartley,CC12,WEEKENDS/HOLIDAY,10,421.5,250.2
Bartley,CC12,WEEKENDS/HOLIDAY,11,399.5,269.3
Bartley,CC12,WEEKENDS/HOLIDAY,12,508.9,288.7
Bartley,CC12,WEEKENDS/HOLIDAY,13,451.8,320.8
Bartley,CC12,WEEKENDS/HOLIDAY,14,333.2,330.3
Bartley,CC12,WEEKENDS/HOLIDAY,15,330.6,327.9
Bartley,CC12,WEEKENDS/HOLIDAY,16,395.5,321.1
Bartley,CC12,WEEKENDS/HOLIDAY,17,477.9,344.2
Bartley,CC12,WEEKENDS/HOLIDAY,18,408.6,364.7
Bartley,CC12,WEEKENDS/HOLIDAY,19,257.4,369.2
Bartley,CC12,WEEKENDS/HOLIDAY,20,143.7,352.4
Bartley,CC12,WEEKENDS/HOLIDAY,21,105.8,336.9
Bartley,CC12,WEEKENDS/HOLIDAY,22,88.1,256.8
Bartley,CC12,WEEKENDS/HOLIDAY,23,23.1,129.6
Bayfront,CE1/DT16,WEEKDAY,0,66.4,27.45
Bayfront,CE1/DT16,WEEKDAY,5,57.4,0.0
Bayfront,CE1/DT16,WEEKDAY,6,342.35,1221.3
Bayfront,CE1/DT16,WEEKDAY,7,557.3,1407.55
Bayfront,CE1/DT16,WEEKDAY,8,539.4,2032.45
Bayfront,CE1/DT16,WEEKDAY,9,387.05,2042.1
Bayfront,CE1/DT16,WEEKDAY,10,492.2,1737.6
Bayfront,CE1/DT16,WEEKDAY,11,771.95,1793.4
Bayfront,CE1/DT16,WEEKDAY,12,949.65,1828.55
Bayfront,CE1/DT16,WEEKDAY,13,1230.8,1895.45
Bayfront,CE1/DT16,WEEKDAY,14,1293.7,1870.6
Bayfront,CE1/DT16,WEEKDAY,15,1715.25,1454.4
Bayfront,CE1/DT16,WEEKDAY,16,1737.5,1488.15
Bayfront,CE1/DT16,WEEKDAY,17,2439.05,1864.75
Bayfront,CE1/DT16,WEEKDAY,18,2792.4,2657.7
Bayfront,CE1/DT16,WEEKDAY,19,2479.6,2463.1
Bayfront,CE1/DT16,WEEKDAY,20,3705.5,1370.65
Bayfront,CE1/DT16,WEEKDAY,21,3392.5,955.8
Bayfront,CE1/DT16,WEEKDAY,22,3251.35,805.4
Bayfront,CE1/DT16,WEEKDAY,23,2117.35,280.8
Bayfront,CE1/DT16,WEEKENDS/HOLIDAY,0,88.1,31.5
Bayfront,CE1/DT16,WEEKENDS/HOLIDAY,5,43.7,0.2
Bayfront,CE1/DT16,WEEKENDS/HOLIDAY,6,574.2,1021.3
Bayfront,CE1/DT16,WEEKENDS/HOLIDAY,7,665.5,1143.5
Bayfront,CE1/DT16,WEEKENDS/HOLIDAY,8,514.6,1419.8
Bayfront,CE1/DT16,WEEKENDS/HOLIDAY,9,412.3,1735.0
Bayfront,CE1/DT16,WEEKENDS/HOLIDAY,10,891.6,2308.8
Bayfront,CE1/DT16,WEEKENDS/HOLIDAY,11,1042.7,2946.6
Bayfront,CE1/DT16,WEEKENDS/HOLIDAY,12,1210.9,2781.0
Bayfront,CE1/DT16,WEEKENDS/HOLIDAY,13,2006.9,3005.7
Bayfront,CE1/DT16,WEEKENDS/HOLIDAY,14,2066.9,3082.1
Bayfront,CE1/DT16,WEEKENDS/HOLIDAY,15,2766.1,2519.9
Bayfront,CE1/DT16,WEEKENDS/HOLIDAY,16,3111.1,2667.0
Bayfront,CE1/DT16,WEEKENDS/HOLIDAY,17,3110.5,3098.5
Bayfront,CE1/DT16,WEEKENDS/HOLIDAY,18,3053.2,3416.8
Bayfront,CE1/DT16,WEEKENDS/HOLIDAY,19,3183.9,2939.6
Bayfront,CE1/DT16,WEEKENDS/HOLIDAY,20,5051.9,1875.0
Bayfront,CE1/DT16,WEEKENDS/HOLIDAY,21,4787.7,1219.1
Bayfront,CE1/DT16,WEEKENDS/HOLIDAY,22,4194.4,1029.8
Bayfront,CE1/DT16,WEEKENDS/HOLIDAY,23,2913.9,358.4
Bayshore,TE29,WEEKDAY,0,0.4,21.1
Bayshore,TE29,WEEKDAY,5,13.95,0.35
Bayshore,TE29,WEEKDAY,6,135.4,19.75
Bayshore,TE29,WEEKDAY,7,469.25,104.85
Bayshore,TE29,WEEKDAY,8,713.0,106.35
Bayshore,TE29,WEEKDAY,9,359.25,78.3
Bayshore,TE29,WEEKDAY,10,188.35,61.7
Bayshore,TE29,WEEKDAY,11,179.55,78.35
Bayshore,TE29,WEEKDAY,12,163.0,111.65
Bayshore,TE29,WEEKDAY,13,129.35,164.2
Bayshore,TE29,WEEKDAY,14,115.25,157.25
Bayshore,TE29,WEEKDAY,15,104.85,171.1
Bayshore,TE29,WEEKDAY,16,127.75,217.9
Bayshore,TE29,WEEKDAY,17,181.75,302.9
Bayshore,TE29,WEEKDAY,18,191.6,503.3
Bayshore,TE29,WEEKDAY,19,122.65,493.85
Bayshore,TE29,WEEKDAY,20,62.2,268.45
Bayshore,TE29,WEEKDAY,21,35.0,214.7
Bayshore,TE29,WEEKDAY,22,26.25,151.7
Bayshore,TE29,WEEKDAY,23,8.75,82.2
Bayshore,TE29,WEEKENDS/HOLIDAY,0,0.3,24.9
Bayshore,TE29,WEEKENDS/HOLIDAY,5,4.0,0.2
Bayshore,TE29,WEEKENDS/HOLIDAY,6,51.2,14.7
Bayshore,TE29,WEEKENDS/HOLIDAY,7,104.1,71.6
Bayshore,TE29,WEEKENDS/HOLIDAY,8,218.0,83.3
Bayshore,TE29,WEEKENDS/HOLIDAY,9,245.7,91.2
Bayshore,TE29,WEEKENDS/HOLIDAY,10,253.7,111.7
Bayshore,TE29,WEEKENDS/HOLIDAY,11,248.1,142.5
Bayshore,TE29,WEEKENDS/HOLIDAY,12,208.9,170.0
Bayshore,TE29,WEEKENDS/HOLIDAY,13,189.7,179.7
Bayshore,TE29,WEEKENDS/HOLIDAY,14,170.5,187.8
Bayshore,TE29,WEEKENDS/HOLIDAY,15,163.6,205.8
Bayshore,TE29,WEEKENDS/HOLIDAY,16,182.4,223.4
Bayshore,TE29,WEEKENDS/HOLIDAY,17,215.7,252.9
Bayshore,TE29,WEEKENDS/HOLIDAY,18,225.8,254.2
Bayshore,TE29,WEEKENDS/HOLIDAY,19,156.3,255.4
Bayshore,TE29,WEEKENDS/HOLIDAY,20,103.0,244.3
Bayshore,TE29,WEEKENDS/HOLIDAY,21,69.7,212.5
Bayshore,TE29,WEEKENDS/HOLIDAY,22,50.6,183.7
Bayshore,TE29,WEEKENDS/HOLIDAY,23,20.6,90.5
Beauty World,DT5,WEEKDAY,0,9.9,84.35
Beauty World,DT5,WEEKDAY,5,74.95,10.7
Beauty World,DT5,WEEKDAY,6,581.1,244.55
Beauty World,DT5,WEEKDAY,7,1553.8,788.7
Beauty World,DT5,WEEKDAY,8,2063.0,1020.85
Beauty World,DT5,WEEKDAY,9,1110.2,649.8
Beauty World,DT5,WEEKDAY,10,652.1,506.3
Beauty World,DT5,WEEKDAY,11,670.75,490.05
Beauty World,DT5,WEEKDAY,12,776.55,607.35
Beauty World,DT5,WEEKDAY,13,761.4,612.25
Beauty World,DT5,WEEKDAY,14,610.2,612.4
Beauty World,DT5,WEEKDAY,15,685.8,661.8
Beauty World,DT5,WEEKDAY,16,775.35,800.15
Beauty World,DT5,WEEKDAY,17,1121.5,1336.9
Beauty World,DT5,WEEKDAY,18,1287.2,2195.6
Beauty World,DT5,WEEKDAY,19,881.05,1624.6
Beauty World,DT5,WEEKDAY,20,592.1,903.35
Beauty World,DT5,WEEKDAY,21,540.8,827.25
Beauty World,DT5,WEEKDAY,22,327.5,666.0
Beauty World,DT5,WEEKDAY,23,149.2,375.15
Beauty World,DT5,WEEKENDS/HOLIDAY,0,9.5,85.1
Beauty World,DT5,WEEKENDS/HOLIDAY,5,46.1,4.8
Beauty World,DT5,WEEKENDS/HOLIDAY,6,272.0,142.8
Beauty World,DT5,WEEKENDS/HOLIDAY,7,500.2,467.9
Beauty World,DT5,WEEKENDS/HOLIDAY,8,688.8,709.4
Beauty World,DT5,WEEKENDS/HOLIDAY,9,914.3,849.1
Beauty World,DT5,WEEKENDS/HOLIDAY,10,1029.4,734.6
Beauty World,DT5,WEEKENDS/HOLIDAY,11,1200.4,730.5
Beauty World,DT5,WEEKENDS/HOLIDAY,12,1201.2,743.4
Beauty World,DT5,WEEKENDS/HOLIDAY,13,1166.6,816.8
Beauty World,DT5,WEEKENDS/HOLIDAY,14,955.6,748.2
Beauty World,DT5,WEEKENDS/HOLIDAY,15,943.9,763.4
Beauty World,DT5,WEEKENDS/HOLIDAY,16,888.6,840.7
Beauty World,DT5,WEEKENDS/HOLIDAY,17,990.9,988.6
Beauty World,DT5,WEEKENDS/HOLIDAY,18,999.5,1066.3
Beauty World,DT5,WEEKENDS/HOLIDAY,19,765.4,974.5
Beauty World,DT5,WEEKENDS/HOLIDAY,20,502.8,820.3
Beauty World,DT5,WEEKENDS/HOLIDAY,21,396.2,804.2
Beauty World,DT5,WEEKENDS/HOLIDAY,22,261.3,725.5
Beauty World,DT5,WEEKENDS/HOLIDAY,23,103.4,418.4
Bedok,EW5,WEEKDAY,0,10.4,113.95
Bedok,EW5,WEEKDAY,5,504.55,51.05
Bedok,EW5,WEEKDAY,6,1727.65,700.6
Bedok,EW5,WEEKDAY,7,3299.2,1635.8
Bedok,EW5,WEEKDAY,8,4184.95,1709.45
Bedok,EW5,WEEKDAY,9,2400.5,1217.1
Bedok,EW5,WEEKDAY,10,1599.85,1035.5
Bedok,EW5,WEEKDAY,11,1440.7,1059.05
Bedok,EW5,WEEKDAY,12,1508.05,1227.45
Bedok,EW5,WEEKDAY,13,1512.4,1285.0
Bedok,EW5,WEEKDAY,14,1312.7,1261.05
Bedok,EW5,WEEKDAY,15,1181.5,1429.45
Bedok,EW5,WEEKDAY,16,1428.35,1773.0
Bedok,EW5,WEEKDAY,17,2487.7,2866.1
Bedok,EW5,WEEKDAY,18,2642.6,4773.75
Bedok,EW5,WEEKDAY,19,1626.3,3381.25
Bedok,EW5,WEEKDAY,20,1237.25,2055.7
Bedok,EW5,WEEKDAY,21,922.8,1945.7
Bedok,EW5,WEEKDAY,22,568.8,1716.4
Bedok,EW5,WEEKDAY,23,190.9,843.9
Bedok,EW5,WEEKENDS/HOLIDAY,0,10.2,182.7
Bedok,EW5,WEEKENDS/HOLIDAY,5,219.5,10.6
Bedok,EW5,WEEKENDS/HOLIDAY,6,845.2,364.8
Bedok,EW5,WEEKENDS/HOLIDAY,7,1331.4,834.3
Bedok,EW5,WEEKENDS/HOLIDAY,8,1831.1,967.2
Bedok,EW5,WEEKENDS/HOLIDAY,9,2190.3,1213.1
Bedok,EW5,WEEKENDS/HOLIDAY,10,2103.8,1281.3
Bedok,EW5,WEEKENDS/HOLIDAY,11,2041.7,1367.2
Bedok,EW5,WEEKENDS/HOLIDAY,12,2029.2,1566.7
Bedok,EW5,WEEKENDS/HOLIDAY,13,2011.2,1741.6
Bedok,EW5,WEEKENDS/HOLIDAY,14,1823.0,1727.4
Bedok,EW5,WEEKENDS/HOLIDAY,15,1738.0,1824.8
Bedok,EW5,WEEKENDS/HOLIDAY,16,1828.0,2031.6
Bedok,EW5,WEEKENDS/HOLIDAY,17,1939.8,2368.9
Bedok,EW5,WEEKENDS/HOLIDAY,18,1864.9,2436.7
Bedok,EW5,WEEKENDS/HOLIDAY,19,1506.6,2150.2
Bedok,EW5,WEEKENDS/HOLIDAY,20,1244.7,1856.9
Bedok,EW5,WEEKENDS/HOLIDAY,21,985.3,1815.2
Bedok,EW5,WEEKENDS/HOLIDAY,22,664.9,1904.1
Bedok,EW5,WEEKENDS/HOLIDAY,23,213.7,996.7
Bedok North,DT29,WEEKDAY,0,1.7,36.45
Bedok North,DT29,WEEKDAY,5,101.5,3.55
Bedok North,DT29,WEEKDAY,6,599.45,115.05
Bedok North,DT29,WEEKDAY,7,1319.3,449.25
Bedok North,DT29,WEEKDAY,8,1569.0,520.3
Bedok North,DT29,WEEKDAY,9,812.55,245.75
Bedok North,DT29,WEEKDAY,10,416.85,129.6
Bedok North,DT29,WEEKDAY,11,324.4,140.15
Bedok North,DT29,WEEKDAY,12,306.4,190.45
Bedok North,DT29,WEEKDAY,13,294.9,242.65
Bedok North,DT29,WEEKDAY,14,237.4,213.15
Bedok North,DT29,WEEKDAY,15,208.4,258.1
Bedok North,DT29,WEEKDAY,16,248.1,380.65
Bedok North,DT29,WEEKDAY,17,570.8,641.65
Bedok North,DT29,WEEKDAY,18,668.15,1253.9
Bedok North,DT29,WEEKDAY,19,323.5,936.2
Bedok North,DT29,WEEKDAY,20,183.6,616.7
Bedok North,DT29,WEEKDAY,21,133.05,551.15
Bedok North,DT29,WEEKDAY,22,95.4,476.3
Bedok North,DT29,WEEKDAY,23,33.4,239.9
Bedok North,DT29,WEEKENDS/HOLIDAY,0,1.9,42.1
Bedok North,DT29,WEEKENDS/HOLIDAY,5,37.7,1.3
Bedok North,DT29,WEEKENDS/HOLIDAY,6,243.7,54.4
Bedok North,DT29,WEEKENDS/HOLIDAY,7,355.0,137.6
Bedok North,DT29,WEEKENDS/HOLIDAY,8,440.3,155.2
Bedok North,DT29,WEEKENDS/HOLIDAY,9,526.5,158.6
Bedok North,DT29,WEEKENDS/HOLIDAY,10,458.9,134.2
Bedok North,DT29,WEEKENDS/HOLIDAY,11,419.1,167.6
Bedok North,DT29,WEEKENDS/HOLIDAY,12,433.4,219.6
Bedok North,DT29,WEEKENDS/HOLIDAY,13,382.4,259.0
Bedok North,DT29,WEEKENDS/HOLIDAY,14,328.3,282.8
Bedok North,DT29,WEEKENDS/HOLIDAY,15,315.3,318.2
Bedok North,DT29,WEEKENDS/HOLIDAY,16,337.0,350.2
Bedok North,DT29,WEEKENDS/HOLIDAY,17,401.9,399.8
Bedok North,DT29,WEEKENDS/HOLIDAY,18,372.3,435.7
Bedok North,DT29,WEEKENDS/HOLIDAY,19,288.8,441.9
Bedok North,DT29,WEEKENDS/HOLIDAY,20,176.9,482.3
Bedok North,DT29,WEEKENDS/HOLIDAY,21,133.7,504.5
Bedok North,DT29,WEEKENDS/HOLIDAY,22,88.9,502.4
Bedok North,DT29,WEEKENDS/HOLIDAY,23,34.5,277.1
Bedok Reservoir,DT30,WEEKDAY,0,1.0,42.4
Bedok Reservoir,DT30,WEEKDAY,5,94.95,5.8
Bedok Reservoir,DT30,WEEKDAY,6,533.45,122.5
Bedok Reservoir,DT30,WEEKDAY,7,1509.45,257.4
Bedok Reservoir,DT30,WEEKDAY,8,2063.75,288.7
Bedok Reservoir,DT30,WEEKDAY,9,1016.6,179.4
Bedok Reservoir,DT30,WEEKDAY,10,500.5,125.3
Bedok Reservoir,DT30,WEEKDAY,11,400.0,143.35
Bedok Reservoir,DT30,WEEKDAY,12,359.95,220.3
Bedok Reservoir,DT30,WEEKDAY,13,348.6,282.35
Bedok Reservoir,DT30,WEEKDAY,14,270.1,284.45
Bedok Reservoir,DT30,WEEKDAY,15,232.5,313.0
Bedok Reservoir,DT30,WEEKDAY,16,279.45,465.0
Bedok Reservoir,DT30,WEEKDAY,17,396.2,858.75
Bedok Reservoir,DT30,WEEKDAY,18,446.8,1585.25
Bedok Reservoir,DT30,WEEKDAY,19,276.25,1198.6
Bedok Reservoir,DT30,WEEKDAY,20,136.95,723.8
Bedok Reservoir,DT30,WEEKDAY,21,121.85,628.65
Bedok Reservoir,DT30,WEEKDAY,22,81.5,540.8
Bedok Reservoir,DT30,WEEKDAY,23,25.85,297.65
Bedok Reservoir,DT30,WEEKENDS/HOLIDAY,0,1.2,59.6
Bedok Reservoir,DT30,WEEKENDS/HOLIDAY,5,38.8,1.1
Bedok Reservoir,DT30,WEEKENDS/HOLIDAY,6,201.7,56.2
Bedok Reservoir,DT30,WEEKENDS/HOLIDAY,7,339.6,171.4
Bedok Reservoir,DT30,WEEKENDS/HOLIDAY,8,519.8,172.9
Bedok Reservoir,DT30,WEEKENDS/HOLIDAY,9,603.5,189.9
Bedok Reservoir,DT30,WEEKENDS/HOLIDAY,10,579.8,195.5
Bedok Reservoir,DT30,WEEKENDS/HOLIDAY,11,545.5,209.8
Bedok Reservoir,DT30,WEEKENDS/HOLIDAY,12,513.1,279.6
Bedok Reservoir,DT30,WEEKENDS/HOLIDAY,13,466.8,355.0
Bedok Reservoir,DT30,WEEKENDS/HOLIDAY,14,377.6,376.3
Bedok Reservoir,DT30,WEEKENDS/HOLIDAY,15,357.6,394.9
Bedok Reservoir,DT30,WEEKENDS/HOLIDAY,16,383.6,431.3
Bedok Reservoir,DT30,WEEKENDS/HOLIDAY,17,478.9,465.4
Bedok Reservoir,DT30,WEEKENDS/HOLIDAY,18,414.4,542.6
Bedok Reservoir,DT30,WEEKENDS/HOLIDAY,19,301.5,537.9
Bedok Reservoir,DT30,WEEKENDS/HOLIDAY,20,178.1,551.4
Bedok Reservoir,DT30,WEEKENDS/HOLIDAY,21,150.1,545.6
Bedok Reservoir,DT30,WEEKENDS/HOLIDAY,22,103.2,541.5
Bedok Reservoir,DT30,WEEKENDS/HOLIDAY,23,33.9,295.9
Bencoolen,DT21,WEEKDAY,0,15.1,18.25
Bencoolen,DT21,WEEKDAY,5,4.45,0.0
Bencoolen,DT21,WEEKDAY,6,61.65,125.8
Bencoolen,DT21,WEEKDAY,7,185.35,460.9
Bencoolen,DT21,WEEKDAY,8,491.4,1168.35
Bencoolen,DT21,WEEKDAY,9,369.7,880.15
Bencoolen,DT21,WEEKDAY,10,303.1,475.5
Bencoolen,DT21,WEEKDAY,11,333.95,527.5
Bencoolen,DT21,WEEKDAY,12,379.1,543.55
Bencoolen,DT21,WEEKDAY,13,449.9,464.1
Bencoolen,DT21,WEEKDAY,14,340.25,434.85
Bencoolen,DT21,WEEKDAY,15,459.7,408.45
Bencoolen,DT21,WEEKDAY,16,552.7,380.15
Bencoolen,DT21,WEEKDAY,17,911.45,504.45
Bencoolen,DT21,WEEKDAY,18,1247.3,915.55
Bencoolen,DT21,WEEKDAY,19,781.3,506.65
Bencoolen,DT21,WEEKDAY,20,568.1,314.95
Bencoolen,DT21,WEEKDAY,21,617.9,329.2
Bencoolen,DT21,WEEKDAY,22,528.4,245.3
Bencoolen,DT21,WEEKDAY,23,228.8,114.55
Bencoolen,DT21,WEEKENDS/HOLIDAY,0,15.0,20.8
Bencoolen,DT21,WEEKENDS/HOLIDAY,5,3.2,0.1
Bencoolen,DT21,WEEKENDS/HOLIDAY,6,50.8,98.6
Bencoolen,DT21,WEEKENDS/HOLIDAY,7,95.9,216.8
Bencoolen,DT21,WEEKENDS/HOLIDAY,8,172.7,450.5
Bencoolen,DT21,WEEKENDS/HOLIDAY,9,255.7,478.1
Bencoolen,DT21,WEEKENDS/HOLIDAY,10,354.6,524.1
Bencoolen,DT21,WEEKENDS/HOLIDAY,11,379.2,519.5
Bencoolen,DT21,WEEKENDS/HOLIDAY,12,436.2,569.5
Bencoolen,DT21,WEEKENDS/HOLIDAY,13,482.2,612.1
Bencoolen,DT21,WEEKENDS/HOLIDAY,14,464.1,576.9
Bencoolen,DT21,WEEKENDS/HOLIDAY,15,510.5,528.0
Bencoolen,DT21,WEEKENDS/HOLIDAY,16,604.0,506.1
Bencoolen,DT21,WEEKENDS/HOLIDAY,17,657.6,496.7
Bencoolen,DT21,WEEKENDS/HOLIDAY,18,673.3,407.9
Bencoolen,DT21,WEEKENDS/HOLIDAY,19,540.6,334.7
Bencoolen,DT21,WEEKENDS/HOLIDAY,20,448.9,296.7
Bencoolen,DT21,WEEKENDS/HOLIDAY,21,479.5,324.7
Bencoolen,DT21,WEEKENDS/HOLIDAY,22,418.8,295.7
Bencoolen,DT21,WEEKENDS/HOLIDAY,23,217.6,136.0
Bendemeer,DT23,WEEKDAY,0,3.85,11.55
Bendemeer,DT23,WEEKDAY,5,8.9,0.0
Bendemeer,DT23,WEEKDAY,6,179.15,144.95
Bendemeer,DT23,WEEKDAY,7,337.3,438.8
Bendemeer,DT23,WEEKDAY,8,368.9,1107.55
Bendemeer,DT23,WEEKDAY,9,216.4,879.4
Bendemeer,DT23,WEEKDAY,10,128.1,286.8
Bendemeer,DT23,WEEKDAY,11,176.35,150.8
Bendemeer,DT23,WEEKDAY,12,195.75,178.75
Bendemeer,DT23,WEEKDAY,13,155.9,217.4
Bendemeer,DT23,WEEKDAY,14,149.2,166.5
Bendemeer,DT23,WEEKDAY,15,170.5,143.2
Bendemeer,DT23,WEEKDAY,16,289.8,160.0
Bendemeer,DT23,WEEKDAY,17,796.8,276.7
Bendemeer,DT23,WEEKDAY,18,1233.15,502.6
Bendemeer,DT23,WEEKDAY,19,501.85,358.0
Bendemeer,DT23,WEEKDAY,20,233.75,215.1
Bendemeer,DT23,WEEKDAY,21,197.65,205.3
Bendemeer,DT23,WEEKDAY,22,153.25,155.15
Bendemeer,DT23,WEEKDAY,23,63.9,66.3
Bendemeer,DT23,WEEKENDS/HOLIDAY,0,3.5,12.7
Bendemeer,DT23,WEEKENDS/HOLIDAY,5,3.6,0.0
Bendemeer,DT23,WEEKENDS/HOLIDAY,6,115.4,54.1
Bendemeer,DT23,WEEKENDS/HOLIDAY,7,191.0,120.4
Bendemeer,DT23,WEEKENDS/HOLIDAY,8,129.4,225.9
Bendemeer,DT23,WEEKENDS/HOLIDAY,9,121.3,215.0
Bendemeer,DT23,WEEKENDS/HOLIDAY,10,132.8,219.8
Bendemeer,DT23,WEEKENDS/HOLIDAY,11,153.4,180.7
Bendemeer,DT23,WEEKENDS/HOLIDAY,12,206.8,188.9
Bendemeer,DT23,WEEKENDS/HOLIDAY,13,191.2,217.0
Bendemeer,DT23,WEEKENDS/HOLIDAY,14,190.7,212.2
Bendemeer,DT23,WEEKENDS/HOLIDAY,15,182.8,194.3
Bendemeer,DT23,WEEKENDS/HOLIDAY,16,221.9,194.5
Bendemeer,DT23,WEEKENDS/HOLIDAY,17,286.4,222.3
Bendemeer,DT23,WEEKENDS/HOLIDAY,18,263.3,215.7
Bendemeer,DT23,WEEKENDS/HOLIDAY,19,208.2,218.5
Bendemeer,DT23,WEEKENDS/HOLIDAY,20,155.5,187.8
Bendemeer,DT23,WEEKENDS/HOLIDAY,21,144.5,157.6
Bendemeer,DT23,WEEKENDS/HOLIDAY,22,111.6,138.0
Bendemeer,DT23,WEEKENDS/HOLIDAY,23,58.5,87.3
Bishan,NS17/CC15,WEEKDAY,0,38.7,104.7
Bishan,NS17/CC15,WEEKDAY,5,264.8,81.3
Bishan,NS17/CC15,WEEKDAY,6,1821.8,841.2
Bishan,NS17/CC15,WEEKDAY,7,4332.7,1370.2
Bishan,NS17/CC15,WEEKDAY,8,5943.4,1331.5
Bishan,NS17/CC15,WEEKDAY,9,3223.1,732.9
Bishan,NS17/CC15,WEEKDAY,10,1969.8,546.2
Bishan,NS17/CC15,WEEKDAY,11,1636.7,533.7
Bishan,NS17/CC15,WEEKDAY,12,1515.3,716.9
Bishan,NS17/CC15,WEEKDAY,13,1528.5,799.6
Bishan,NS17/CC15,WEEKDAY,14,1202.1,808.9
Bishan,NS17/CC15,WEEKDAY,15,1096.0,879.7
Bishan,NS17/CC15,WEEKDAY,16,1434.2,1134.9
Bishan,NS17/CC15,WEEKDAY,17,2428.0,1770.0
Bishan,NS17/CC15,WEEKDAY,18,2772.3,3156.7
Bishan,NS17/CC15,WEEKDAY,19,1337.7,2144.1
Bishan,NS17/CC15,WEEKDAY,20,816.6,1331.8
Bishan,NS17/CC15,WEEKDAY,21,788.2,1348.9
Bishan,NS17/CC15,WEEKDAY,22,561.6,1243.5
Bishan,NS17/CC15,WEEKDAY,23,213.7,645.1
Bishan,NS17/CC15,WEEKENDS/HOLIDAY,0,47.8,153.4
Bishan,NS17/CC15,WEEKENDS/HOLIDAY,5,63.2,26.4
Bishan,NS17/CC15,WEEKENDS/HOLIDAY,6,597.8,284.6
Bishan,NS17/CC15,WEEKENDS/HOLIDAY,7,1079.2,513.2
Bishan,NS17/CC15,WEEKENDS/HOLIDAY,8,1706.0,713.4
Bishan,NS17/CC15,WEEKENDS/HOLIDAY,9,2302.6,662.4
Bishan,NS17/CC15,WEEKENDS/HOLIDAY,10,2055.4,600.4
Bishan,NS17/CC15,WEEKENDS/HOLIDAY,11,2006.2,673.0
Bishan,NS17/CC15,WEEKENDS/HOLIDAY,12,1884.8,774.2
Bishan,NS17/CC15,WEEKENDS/HOLIDAY,13,1713.6,942.4
Bishan,NS17/CC15,WEEKENDS/HOLIDAY,14,1401.4,928.8
Bishan,NS17/CC15,WEEKENDS/HOLIDAY,15,1336.2,922.8
Bishan,NS17/CC15,WEEKENDS/HOLIDAY,16,1441.2,1068.2
Bishan,NS17/CC15,WEEKENDS/HOLIDAY,17,1707.8,1144.8
Bishan,NS17/CC15,WEEKENDS/HOLIDAY,18,1516.4,1186.8
Bishan,NS17/CC15,WEEKENDS/HOLIDAY,19,1043.4,1073.0
Bishan,NS17/CC15,WEEKENDS/HOLIDAY,20,699.8,1088.6
Bishan,NS17/CC15,WEEKENDS/HOLIDAY,21,665.0,1137.6
Bishan,NS17/CC15,WEEKENDS/HOLIDAY,22,515.2,1210.2
Bishan,NS17/CC15,WEEKENDS/HOLIDAY,23,235.6,748.8
Boon Keng,NE9,WEEKDAY,0,7.45,36.3
Boon Keng,NE9,WEEKDAY,5,166.25,3.1
Boon Keng,NE9,WEEKDAY,6,1115.45,748.75
Boon Keng,NE9,WEEKDAY,7,2275.7,1599.6
Boon Keng,NE9,WEEKDAY,8,2615.4,2511.65
Boon Keng,NE9,WEEKDAY,9,1700.55,1541.2
Boon Keng,NE9,WEEKDAY,10,1234.65,848.8
Boon Keng,NE9,WEEKDAY,11,1303.9,746.4
Boon Keng,NE9,WEEKDAY,12,1323.65,909.2
Boon Keng,NE9,WEEKDAY,13,1185.55,1053.3
Boon Keng,NE9,WEEKDAY,14,986.55,845.9
Boon Keng,NE9,WEEKDAY,15,902.75,806.85
Boon Keng,NE9,WEEKDAY,16,1135.0,1049.6
Boon Keng,NE9,WEEKDAY,17,2393.4,1565.5
Boon Keng,NE9,WEEKDAY,18,2991.7,2457.55
Boon Keng,NE9,WEEKDAY,19,1787.1,1911.85
Boon Keng,NE9,WEEKDAY,20,913.45,1373.7
Boon Keng,NE9,WEEKDAY,21,611.15,1264.95
Boon Keng,NE9,WEEKDAY,22,407.75,1004.2
Boon Keng,NE9,WEEKDAY,23,178.4,483.1
Boon Keng,NE9,WEEKENDS/HOLIDAY,0,9.1,42.8
Boon Keng,NE9,WEEKENDS/HOLIDAY,5,50.6,0.1
Boon Keng,NE9,WEEKENDS/HOLIDAY,6,639.1,411.9
Boon Keng,NE9,WEEKENDS/HOLIDAY,7,1026.2,578.2
Boon Keng,NE9,WEEKENDS/HOLIDAY,8,1163.4,849.2
Boon Keng,NE9,WEEKENDS/HOLIDAY,9,1436.4,874.1
Boon Keng,NE9,WEEKENDS/HOLIDAY,10,1508.4,887.7
Boon Keng,NE9,WEEKENDS/HOLIDAY,11,1475.8,932.4
Boon Keng,NE9,WEEKENDS/HOLIDAY,12,1489.3,967.1
Boon Keng,NE9,WEEKENDS/HOLIDAY,13,1409.9,1047.5
Boon Keng,NE9,WEEKENDS/HOLIDAY,14,1244.5,989.9
Boon Keng,NE9,WEEKENDS/HOLIDAY,15,1084.9,1022.4
Boon Keng,NE9,WEEKENDS/HOLIDAY,16,1143.8,1077.2
Boon Keng,NE9,WEEKENDS/HOLIDAY,17,1313.2,1217.2
Boon Keng,NE9,WEEKENDS/HOLIDAY,18,1306.3,1298.9
Boon Keng,NE9,WEEKENDS/HOLIDAY,19,1174.0,1245.6
Boon Keng,NE9,WEEKENDS/HOLIDAY,20,749.7,1199.0
Boon Keng,NE9,WEEKENDS/HOLIDAY,21,549.8,1159.9
Boon Keng,NE9,WEEKENDS/HOLIDAY,22,409.4,998.5
Boon Keng,NE9,WEEKENDS/HOLIDAY,23,191.7,547.1
Boon Lay,EW27,WEEKDAY,0,5.75,248.05
Boon Lay,EW27,WEEKDAY,5,942.35,247.5
Boon Lay,EW27,WEEKDAY,6,2975.15,2035.3
Boon Lay,EW27,WEEKDAY,7,5910.1,4481.9
Boon Lay,EW27,WEEKDAY,8,4691.8,3968.95
Boon Lay,EW27,WEEKDAY,9,2317.25,1844.35
Boon Lay,EW27,WEEKDAY,10,1610.75,1479.75
Boon Lay,EW27,WEEKDAY,11,1679.35,1586.1
Boon Lay,EW27,WEEKDAY,12,1918.8,1942.5
Boon Lay,EW27,WEEKDAY,13,1842.1,1960.9
Boon Lay,EW27,WEEKDAY,14,1606.2,1825.75
Boon Lay,EW27,WEEKDAY,15,1696.85,2119.45
Boon Lay,EW27,WEEKDAY,16,2230.9,2635.3
Boon Lay,EW27,WEEKDAY,17,4090.1,5280.25
Boon Lay,EW27,WEEKDAY,18,4480.85,7850.15
Boon Lay,EW27,WEEKDAY,19,2796.1,5648.75
Boon Lay,EW27,WEEKDAY,20,1955.9,3640.95
Boon Lay,EW27,WEEKDAY,21,1617.75,2779.0
Boon Lay,EW27,WEEKDAY,22,913.65,2212.35
Boon Lay,EW27,WEEKDAY,23,229.6,1138.2
Boon Lay,EW27,WEEKENDS/HOLIDAY,0,10.6,344.7
Boon Lay,EW27,WEEKENDS/HOLIDAY,5,400.6,49.0
Boon Lay,EW27,WEEKENDS/HOLIDAY,6,1421.3,837.9
Boon Lay,EW27,WEEKENDS/HOLIDAY,7,2061.2,1657.7
Boon Lay,EW27,WEEKENDS/HOLIDAY,8,2070.0,1419.9
Boon Lay,EW27,WEEKENDS/HOLIDAY,9,2186.5,1332.7
Boon Lay,EW27,WEEKENDS/HOLIDAY,10,2358.7,1679.3
Boon Lay,EW27,WEEKENDS/HOLIDAY,11,2503.4,1973.5
Boon Lay,EW27,WEEKENDS/HOLIDAY,12,2859.3,2333.0
Boon Lay,EW27,WEEKENDS/HOLIDAY,13,2665.9,2574.6
Boon Lay,EW27,WEEKENDS/HOLIDAY,14,2459.5,2539.4
Boon Lay,EW27,WEEKENDS/HOLIDAY,15,2368.8,2699.2
Boon Lay,EW27,WEEKENDS/HOLIDAY,16,2526.6,3075.2
Boon Lay,EW27,WEEKENDS/HOLIDAY,17,3129.2,3864.6
Boon Lay,EW27,WEEKENDS/HOLIDAY,18,2933.8,4058.9
Boon Lay,EW27,WEEKENDS/HOLIDAY,19,2523.3,3795.8
Boon Lay,EW27,WEEKENDS/HOLIDAY,20,1954.5,3405.5
Boon Lay,EW27,WEEKENDS/HOLIDAY,21,1695.8,2919.9
Boon Lay,EW27,WEEKENDS/HOLIDAY,22,1033.7,2526.2
Boon Lay,EW27,WEEKENDS/HOLIDAY,23,276.0,1454.8
Botanic Gardens,CC19/DT9,WEEKDAY,0,1.85,12.15
Botanic Gardens,CC19/DT9,WEEKDAY,5,9.35,24.65
Botanic Gardens,CC19/DT9,WEEKDAY,6,110.05,178.4
Botanic Gardens,CC19/DT9,WEEKDAY,7,354.75,481.65
Botanic Gardens,CC19/DT9,WEEKDAY,8,543.75,754.05
Botanic Gardens,CC19/DT9,WEEKDAY,9,368.75,506.4
Botanic Gardens,CC19/DT9,WEEKDAY,10,256.45,356.55
Botanic Gardens,CC19/DT9,WEEKDAY,11,337.15,349.6
Botanic Gardens,CC19/DT9,WEEKDAY,12,351.15,345.2
Botanic Gardens,CC19/DT9,WEEKDAY,13,331.0,332.8
Botanic Gardens,CC19/DT9,WEEKDAY,14,315.6,315.95
Botanic Gardens,CC19/DT9,WEEKDAY,15,324.75,323.85
Botanic Gardens,CC19/DT9,WEEKDAY,16,362.3,331.35
Botanic Gardens,CC19/DT9,WEEKDAY,17,591.6,459.7
Botanic Gardens,CC19/DT9,WEEKDAY,18,724.05,631.1
Botanic Gardens,CC19/DT9,WEEKDAY,19,430.05,418.7
Botanic Gardens,CC19/DT9,WEEKDAY,20,252.0,209.85
Botanic Gardens,CC19/DT9,WEEKDAY,21,232.6,173.8
Botanic Gardens,CC19/DT9,WEEKDAY,22,157.0,124.3
Botanic Gardens,CC19/DT9,WEEKDAY,23,45.75,60.05
Botanic Gardens,CC19/DT9,WEEKENDS/HOLIDAY,0,2.8,15.5
Botanic Gardens,CC19/DT9,WEEKENDS/HOLIDAY,5,5.8,7.3
Botanic Gardens,CC19/DT9,WEEKENDS/HOLIDAY,6,40.1,119.2
Botanic Gardens,CC19/DT9,WEEKENDS/HOLIDAY,7,121.3,332.6
Botanic Gardens,CC19/DT9,WEEKENDS/HOLIDAY,8,228.7,442.9
Botanic Gardens,CC19/DT9,WEEKENDS/HOLIDAY,9,322.8,546.2
Botanic Gardens,CC19/DT9,WEEKENDS/HOLIDAY,10,388.1,577.0
Botanic Gardens,CC19/DT9,WEEKENDS/HOLIDAY,11,503.0,572.6
Botanic Gardens,CC19/DT9,WEEKENDS/HOLIDAY,12,502.4,487.0
Botanic Gardens,CC19/DT9,WEEKENDS/HOLIDAY,13,528.8,490.5
Botanic Gardens,CC19/DT9,WEEKENDS/HOLIDAY,14,474.5,493.5
Botanic Gardens,CC19/DT9,WEEKENDS/HOLIDAY,15,481.2,496.7
Botanic Gardens,CC19/DT9,WEEKENDS/HOLIDAY,16,509.5,525.0
Botanic Gardens,CC19/DT9,WEEKENDS/HOLIDAY,17,555.2,514.7
Botanic Gardens,CC19/DT9,WEEKENDS/HOLIDAY,18,575.8,447.4
Botanic Gardens,CC19/DT9,WEEKENDS/HOLIDAY,19,515.7,304.2
Botanic Gardens,CC19/DT9,WEEKENDS/HOLIDAY,20,276.2,210.1
Botanic Gardens,CC19/DT9,WEEKENDS/HOLIDAY,21,203.3,163.7
Botanic Gardens,CC19/DT9,WEEKENDS/HOLIDAY,22,128.0,134.3
Botanic Gardens,CC19/DT9,WEEKENDS/HOLIDAY,23,44.3,75.0
Braddell,NS18,WEEKDAY,0,9.4,69.55
Braddell,NS18,WEEKDAY,5,191.65,34.6
Braddell,NS18,WEEKDAY,6,695.8,275.5
Braddell,NS18,WEEKDAY,7,1496.0,707.35
Braddell,NS18,WEEKDAY,8,1886.2,1126.05
Braddell,NS18,WEEKDAY,9,1163.05,720.05
Braddell,NS18,WEEKDAY,10,780.55,412.25
Braddell,NS18,WEEKDAY,11,680.15,377.75
Braddell,NS18,WEEKDAY,12,698.3,464.5
Braddell,NS18,WEEKDAY,13,605.1,576.75
Braddell,NS18,WEEKDAY,14,526.6,571.7
Braddell,NS18,WEEKDAY,15,475.95,550.9
Braddell,NS18,WEEKDAY,16,592.5,669.65
Braddell,NS18,WEEKDAY,17,1023.85,1059.6
Braddell,NS18,WEEKDAY,18,1467.4,1639.75
Braddell,NS18,WEEKDAY,19,701.05,1255.7
Braddell,NS18,WEEKDAY,20,376.9,987.6
Braddell,NS18,WEEKDAY,21,295.65,1106.6
Braddell,NS18,WEEKDAY,22,219.95,936.45
Braddell,NS18,WEEKDAY,23,96.9,452.75
Braddell,NS18,WEEKENDS/HOLIDAY,0,13.2,89.2
Braddell,NS18,WEEKENDS/HOLIDAY,5,74.6,13.7
Braddell,NS18,WEEKENDS/HOLIDAY,6,406.4,128.0
Braddell,NS18,WEEKENDS/HOLIDAY,7,621.0,277.3
Braddell,NS18,WEEKENDS/HOLIDAY,8,808.9,386.9
Braddell,NS18,WEEKENDS/HOLIDAY,9,981.7,392.0
Braddell,NS18,WEEKENDS/HOLIDAY,10,868.9,406.7
Braddell,NS18,WEEKENDS/HOLIDAY,11,789.1,449.7
Braddell,NS18,WEEKENDS/HOLIDAY,12,758.8,537.2
Braddell,NS18,WEEKENDS/HOLIDAY,13,723.9,628.2
Braddell,NS18,WEEKENDS/HOLIDAY,14,632.7,629.6
Braddell,NS18,WEEKENDS/HOLIDAY,15,595.2,656.0
Braddell,NS18,WEEKENDS/HOLIDAY,16,612.1,677.0
Braddell,NS18,WEEKENDS/HOLIDAY,17,727.7,744.0
Braddell,NS18,WEEKENDS/HOLIDAY,18,677.2,832.9
Braddell,NS18,WEEKENDS/HOLIDAY,19,505.3,844.5
Braddell,NS18,WEEKENDS/HOLIDAY,20,316.6,862.5
Braddell,NS18,WEEKENDS/HOLIDAY,21,268.0,981.2
Braddell,NS18,WEEKENDS/HOLIDAY,22,201.4,948.1
Braddell,NS18,WEEKENDS/HOLIDAY,23,88.7,500.7
Bras Basah,CC2,WEEKDAY,0,1.05,2.2
Bras Basah,CC2,WEEKDAY,5,5.6,3.3
Bras Basah,CC2,WEEKDAY,6,11.8,85.2
Bras Basah,CC2,WEEKDAY,7,42.8,329.15
Bras Basah,CC2,WEEKDAY,8,106.3,1100.75
Bras Basah,CC2,WEEKDAY,9,93.7,766.25
Bras Basah,CC2,WEEKDAY,10,145.0,464.6
Bras Basah,CC2,WEEKDAY,11,259.25,485.7
Bras Basah,CC2,WEEKDAY,12,281.4,455.8
Bras Basah,CC2,WEEKDAY,13,263.2,447.25
Bras Basah,CC2,WEEKDAY,14,235.1,330.9
Bras Basah,CC2,WEEKDAY,15,375.6,301.75
Bras Basah,CC2,WEEKDAY,16,381.1,195.15
Bras Basah,CC2,WEEKDAY,17,762.55,260.45
Bras Basah,CC2,WEEKDAY,18,1072.85,417.1
Bras Basah,CC2,WEEKDAY,19,500.2,249.85
Bras Basah,CC2,WEEKDAY,20,307.8,124.1
Bras Basah,CC2,WEEKDAY,21,382.85,101.85
Bras Basah,CC2,WEEKDAY,22,360.45,108.6
Bras Basah,CC2,WEEKDAY,23,103.65,45.55
Bras Basah,CC2,WEEKENDS/HOLIDAY,0,0.1,2.2
Bras Basah,CC2,WEEKENDS/HOLIDAY,5,1.5,0.0
Bras Basah,CC2,WEEKENDS/HOLIDAY,6,1.5,4.6
Bras Basah,CC2,WEEKENDS/HOLIDAY,7,5.6,15.1
Bras Basah,CC2,WEEKENDS/HOLIDAY,8,22.3,102.0
Bras Basah,CC2,WEEKENDS/HOLIDAY,9,102.2,359.0
Bras Basah,CC2,WEEKENDS/HOLIDAY,10,146.9,371.7
Bras Basah,CC2,WEEKENDS/HOLIDAY,11,260.8,294.7
Bras Basah,CC2,WEEKENDS/HOLIDAY,12,291.3,340.4
Bras Basah,CC2,WEEKENDS/HOLIDAY,13,278.1,385.8
Bras Basah,CC2,WEEKENDS/HOLIDAY,14,250.7,327.7
Bras Basah,CC2,WEEKENDS/HOLIDAY,15,332.2,324.3
Bras Basah,CC2,WEEKENDS/HOLIDAY,16,400.3,307.7
Bras Basah,CC2,WEEKENDS/HOLIDAY,17,512.7,298.0
Bras Basah,CC2,WEEKENDS/HOLIDAY,18,450.1,196.6
Bras Basah,CC2,WEEKENDS/HOLIDAY,19,340.6,162.8
Bras Basah,CC2,WEEKENDS/HOLIDAY,20,171.9,115.1
Bras Basah,CC2,WEEKENDS/HOLIDAY,21,160.9,121.7
Bras Basah,CC2,WEEKENDS/HOLIDAY,22,145.6,245.5
Bras Basah,CC2,WEEKENDS/HOLIDAY,23,50.1,79.6
Bright Hill,TE7,WEEKDAY,0,1.85,26.2
Bright Hill,TE7,WEEKDAY,5,42.3,17.55
Bright Hill,TE7,WEEKDAY,6,253.1,165.25
Bright Hill,TE7,WEEKDAY,7,702.35,560.45
Bright Hill,TE7,WEEKDAY,8,819.65,836.55
Bright Hill,TE7,WEEKDAY,9,457.8,454.7
Bright Hill,TE7,WEEKDAY,10,335.05,216.3
Bright Hill,TE7,WEEKDAY,11,313.4,174.8
Bright Hill,TE7,WEEKDAY,12,315.8,237.0
Bright Hill,TE7,WEEKDAY,13,441.45,333.35
Bright Hill,TE7,WEEKDAY,14,246.45,272.5
Bright Hill,TE7,WEEKDAY,15,241.5,257.45
Bright Hill,TE7,WEEKDAY,16,382.4,297.55
Bright Hill,TE7,WEEKDAY,17,674.9,446.9
Bright Hill,TE7,WEEKDAY,18,872.2,687.65
Bright Hill,TE7,WEEKDAY,19,326.25,540.85
Bright Hill,TE7,WEEKDAY,20,164.9,368.25
Bright Hill,TE7,WEEKDAY,21,118.25,296.6
Bright Hill,TE7,WEEKDAY,22,62.1,262.75
Bright Hill,TE7,WEEKDAY,23,23.65,134.15
Bright Hill,TE7,WEEKENDS/HOLIDAY,0,3.3,24.3
Bright Hill,TE7,WEEKENDS/HOLIDAY,5,13.9,2.9
Bright Hill,TE7,WEEKENDS/HOLIDAY,6,103.9,57.4
Bright Hill,TE7,WEEKENDS/HOLIDAY,7,177.9,167.9
Bright Hill,TE7,WEEKENDS/HOLIDAY,8,288.7,250.5
Bright Hill,TE7,WEEKENDS/HOLIDAY,9,363.8,257.9
Bright Hill,TE7,WEEKENDS/HOLIDAY,10,376.2,222.3
Bright Hill,TE7,WEEKENDS/HOLIDAY,11,394.9,236.6
Bright Hill,TE7,WEEKENDS/HOLIDAY,12,414.6,294.2
Bright Hill,TE7,WEEKENDS/HOLIDAY,13,384.7,313.6
Bright Hill,TE7,WEEKENDS/HOLIDAY,14,344.6,304.5
Bright Hill,TE7,WEEKENDS/HOLIDAY,15,349.6,287.2
Bright Hill,TE7,WEEKENDS/HOLIDAY,16,368.7,285.2
Bright Hill,TE7,WEEKENDS/HOLIDAY,17,364.6,305.8
Bright Hill,TE7,WEEKENDS/HOLIDAY,18,314.7,344.1
Bright Hill,TE7,WEEKENDS/HOLIDAY,19,193.6,315.1
Bright Hill,TE7,WEEKENDS/HOLIDAY,20,115.3,316.6
Bright Hill,TE7,WEEKENDS/HOLIDAY,21,97.6,282.6
Bright Hill,TE7,WEEKENDS/HOLIDAY,22,69.8,247.5
Bright Hill,TE7,WEEKENDS/HOLIDAY,23,25.6,138.8
Buangkok,NE15,WEEKDAY,0,5.75,89.9
Buangkok,NE15,WEEKDAY,5,265.45,13.3
Buangkok,NE15,WEEKDAY,6,1389.1,229.05
Buangkok,NE15,WEEKDAY,7,3424.35,558.45
Buangkok,NE15,WEEKDAY,8,4344.65,593.2
Buangkok,NE15,WEEKDAY,9,2045.4,454.35
Buangkok,NE15,WEEKDAY,10,1234.8,424.9
Buangkok,NE15,WEEKDAY,11,1061.2,490.95
Buangkok,NE15,WEEKDAY,12,1039.45,750.1
Buangkok,NE15,WEEKDAY,13,1050.45,894.5
Buangkok,NE15,WEEKDAY,14,819.7,915.5
Buangkok,NE15,WEEKDAY,15,695.35,1004.95
Buangkok,NE15,WEEKDAY,16,781.45,1310.35
Buangkok,NE15,WEEKDAY,17,1093.8,2155.65
Buangkok,NE15,WEEKDAY,18,1238.0,3884.65
Buangkok,NE15,WEEKDAY,19,777.05,3093.9
Buangkok,NE15,WEEKDAY,20,496.8,1941.1
Buangkok,NE15,WEEKDAY,21,441.35,1699.2
Buangkok,NE15,WEEKDAY,22,274.85,1338.55
Buangkok,NE15,WEEKDAY,23,85.9,680.9
Buangkok,NE15,WEEKENDS/HOLIDAY,0,5.9,99.8
Buangkok,NE15,WEEKENDS/HOLIDAY,5,99.1,3.0
Buangkok,NE15,WEEKENDS/HOLIDAY,6,446.7,118.4
Buangkok,NE15,WEEKENDS/HOLIDAY,7,780.8,254.3
Buangkok,NE15,WEEKENDS/HOLIDAY,8,1299.8,410.2
Buangkok,NE15,WEEKENDS/HOLIDAY,9,1544.4,507.6
Buangkok,NE15,WEEKENDS/HOLIDAY,10,1561.8,606.4
Buangkok,NE15,WEEKENDS/HOLIDAY,11,1489.4,790.5
Buangkok,NE15,WEEKENDS/HOLIDAY,12,1447.2,981.6
Buangkok,NE15,WEEKENDS/HOLIDAY,13,1305.9,1149.3
Buangkok,NE15,WEEKENDS/HOLIDAY,14,1138.6,1167.1
Buangkok,NE15,WEEKENDS/HOLIDAY,15,1072.2,1176.0
Buangkok,NE15,WEEKENDS/HOLIDAY,16,1130.5,1212.4
Buangkok,NE15,WEEKENDS/HOLIDAY,17,1228.6,1472.7
Buangkok,NE15,WEEKENDS/HOLIDAY,18,1102.5,1551.5
Buangkok,NE15,WEEKENDS/HOLIDAY,19,792.9,1580.2
Buangkok,NE15,WEEKENDS/HOLIDAY,20,511.5,1553.1
Buangkok,NE15,WEEKENDS/HOLIDAY,21,416.6,1511.8
Buangkok,NE15,WEEKENDS/HOLIDAY,22,290.8,1323.3
Buangkok,NE15,WEEKENDS/HOLIDAY,23,97.3,686.0
Bugis,EW12/DT14,WEEKDAY,0,38.65,49.65
Bugis,EW12/DT14,WEEKDAY,5,292.45,43.15
Bugis,EW12/DT14,WEEKDAY,6,661.6,820.55
Bugis,EW12/DT14,WEEKDAY,7,1026.35,2360.55
Bugis,EW12/DT14,WEEKDAY,8,1310.75,5962.95
Bugis,EW12/DT14,WEEKDAY,9,1205.7,5179.5
Bugis,EW12/DT14,WEEKDAY,10,1268.2,3369.45
Bugis,EW12/DT14,WEEKDAY,11,1839.75,3453.7
Bugis,EW12/DT14,WEEKDAY,12,2367.25,3943.95
Bugis,EW12/DT14,WEEKDAY,13,3291.35,3351.55
Bugis,EW12/DT14,WEEKDAY,14,2884.4,2958.5
Bugis,EW12/DT14,WEEKDAY,15,2962.9,2742.95
Bugis,EW12/DT14,WEEKDAY,16,3453.3,2858.6
Bugis,EW12/DT14,WEEKDAY,17,5505.9,3639.4
Bugis,EW12/DT14,WEEKDAY,18,7490.45,5588.85
Bugis,EW12/DT14,WEEKDAY,19,4722.85,3406.65
Bugis,EW12/DT14,WEEKDAY,20,4009.8,1890.2
Bugis,EW12/DT14,WEEKDAY,21,4416.7,1324.35
Bugis,EW12/DT14,WEEKDAY,22,2744.05,999.6
Bugis,EW12/DT14,WEEKDAY,23,1069.45,529.25
Bugis,EW12/DT14,WEEKENDS/HOLIDAY,0,52.6,69.4
Bugis,EW12/DT14,WEEKENDS/HOLIDAY,5,104.5,18.8
Bugis,EW12/DT14,WEEKENDS/HOLIDAY,6,526.3,551.6
Bugis,EW12/DT14,WEEKENDS/HOLIDAY,7,707.1,1145.0
Bugis,EW12/DT14,WEEKENDS/HOLIDAY,8,809.0,2006.4
Bugis,EW12/DT14,WEEKENDS/HOLIDAY,9,1135.7,2937.1
Bugis,EW12/DT14,WEEKENDS/HOLIDAY,10,1555.9,4021.8
Bugis,EW12/DT14,WEEKENDS/HOLIDAY,11,2204.1,4686.5
Bugis,EW12/DT14,WEEKENDS/HOLIDAY,12,2934.8,5029.9
Bugis,EW12/DT14,WEEKENDS/HOLIDAY,13,3699.5,5193.0
Bugis,EW12/DT14,WEEKENDS/HOLIDAY,14,4258.5,4954.6
Bugis,EW12/DT14,WEEKENDS/HOLIDAY,15,4738.5,4665.4
Bugis,EW12/DT14,WEEKENDS/HOLIDAY,16,5157.3,4525.8
Bugis,EW12/DT14,WEEKENDS/HOLIDAY,17,5249.4,4299.3
Bugis,EW12/DT14,WEEKENDS/HOLIDAY,18,5014.5,3880.9
Bugis,EW12/DT14,WEEKENDS/HOLIDAY,19,4353.5,2925.8
Bugis,EW12/DT14,WEEKENDS/HOLIDAY,20,3992.3,1956.5
Bugis,EW12/DT14,WEEKENDS/HOLIDAY,21,4150.1,1415.0
Bugis,EW12/DT14,WEEKENDS/HOLIDAY,22,2811.8,1250.5
Bugis,EW12/DT14,WEEKENDS/HOLIDAY,23,1244.7,633.1
Bukit Batok,NS2,WEEKDAY,0,22.15,141.4
Bukit Batok,NS2,WEEKDAY,5,597.85,152.25
Bukit Batok,NS2,WEEKDAY,6,2241.3,817.8
Bukit Batok,NS2,WEEKDAY,7,4328.35,2064.6
Bukit Batok,NS2,WEEKDAY,8,3597.25,1983.45
Bukit Batok,NS2,WEEKDAY,9,1817.3,1013.55
Bukit Batok,NS2,WEEKDAY,10,1259.85,795.75
Bukit Batok,NS2,WEEKDAY,11,1163.05,822.8
Bukit Batok,NS2,WEEKDAY,12,1192.6,981.9
Bukit Batok,NS2,WEEKDAY,13,1161.55,1138.85
Bukit Batok,NS2,WEEKDAY,14,990.5,1121.4
Bukit Batok,NS2,WEEKDAY,15,960.8,1281.35
Bukit Batok,NS2,WEEKDAY,16,1193.55,1722.1
Bukit Batok,NS2,WEEKDAY,17,2071.15,3052.25
Bukit Batok,NS2,WEEKDAY,18,2540.15,4859.8
Bukit Batok,NS2,WEEKDAY,19,1441.05,3232.55
Bukit Batok,NS2,WEEKDAY,20,883.7,2154.7
Bukit Batok,NS2,WEEKDAY,21,799.4,1788.65
Bukit Batok,NS2,WEEKDAY,22,483.95,1373.15
Bukit Batok,NS2,WEEKDAY,23,177.0,637.65
Bukit Batok,NS2,WEEKENDS/HOLIDAY,0,25.5,190.4
Bukit Batok,NS2,WEEKENDS/HOLIDAY,5,268.4,43.2
Bukit Batok,NS2,WEEKENDS/HOLIDAY,6,882.0,397.1
Bukit Batok,NS2,WEEKENDS/HOLIDAY,7,1210.4,817.7
Bukit Batok,NS2,WEEKENDS/HOLIDAY,8,1423.2,999.5
Bukit Batok,NS2,WEEKENDS/HOLIDAY,9,1496.4,978.3
Bukit Batok,NS2,WEEKENDS/HOLIDAY,10,1551.3,968.9
Bukit Batok,NS2,WEEKENDS/HOLIDAY,11,1597.5,981.1
Bukit Batok,NS2,WEEKENDS/HOLIDAY,12,1677.9,1251.8
Bukit Batok,NS2,WEEKENDS/HOLIDAY,13,1567.6,1361.6
Bukit Batok,NS2,WEEKENDS/HOLIDAY,14,1376.1,1401.3
Bukit Batok,NS2,WEEKENDS/HOLIDAY,15,1298.6,1469.1
Bukit Batok,NS2,WEEKENDS/HOLIDAY,16,1334.9,1595.0
Bukit Batok,NS2,WEEKENDS/HOLIDAY,17,1503.8,1831.2
Bukit Batok,NS2,WEEKENDS/HOLIDAY,18,1460.9,1952.0
Bukit Batok,NS2,WEEKENDS/HOLIDAY,19,1204.8,1832.2
Bukit Batok,NS2,WEEKENDS/HOLIDAY,20,863.8,1779.5
Bukit Batok,NS2,WEEKENDS/HOLIDAY,21,771.2,1676.6
Bukit Batok,NS2,WEEKENDS/HOLIDAY,22,492.6,1329.5
Bukit Batok,NS2,WEEKENDS/HOLIDAY,23,195.3,793.1
Bukit Gombak,NS3,WEEKDAY,0,9.35,118.45
Bukit Gombak,NS3,WEEKDAY,5,539.35,48.25
Bukit Gombak,NS3,WEEKDAY,6,2032.55,355.4
Bukit Gombak,NS3,WEEKDAY,7,3483.9,746.05
Bukit Gombak,NS3,WEEKDAY,8,2866.8,849.2
Bukit Gombak,NS3,WEEKDAY,9,1463.5,637.85
Bukit Gombak,NS3,WEEKDAY,10,1050.3,555.35
Bukit Gombak,NS3,WEEKDAY,11,1011.1,572.75
Bukit Gombak,NS3,WEEKDAY,12,955.25,678.2
Bukit Gombak,NS3,WEEKDAY,13,893.55,727.15
Bukit Gombak,NS3,WEEKDAY,14,700.3,808.95
Bukit Gombak,NS3,WEEKDAY,15,658.2,818.15
Bukit Gombak,NS3,WEEKDAY,16,705.9,1120.2
Bukit Gombak,NS3,WEEKDAY,17,1059.1,2026.05
Bukit Gombak,NS3,WEEKDAY,18,1087.25,3091.95
Bukit Gombak,NS3,WEEKDAY,19,819.4,2344.75
Bukit Gombak,NS3,WEEKDAY,20,517.3,1524.5
Bukit Gombak,NS3,WEEKDAY,21,474.9,1223.2
Bukit Gombak,NS3,WEEKDAY,22,301.8,941.75
Bukit Gombak,NS3,WEEKDAY,23,154.65,431.8
Bukit Gombak,NS3,WEEKENDS/HOLIDAY,0,13.2,146.2
Bukit Gombak,NS3,WEEKENDS/HOLIDAY,5,228.8,19.5
Bukit Gombak,NS3,WEEKENDS/HOLIDAY,6,789.4,262.8
Bukit Gombak,NS3,WEEKENDS/HOLIDAY,7,1010.1,571.0
Bukit Gombak,NS3,WEEKENDS/HOLIDAY,8,1140.9,820.7
Bukit Gombak,NS3,WEEKENDS/HOLIDAY,9,1301.7,768.7
Bukit Gombak,NS3,WEEKENDS/HOLIDAY,10,1305.9,818.4
Bukit Gombak,NS3,WEEKENDS/HOLIDAY,11,1334.5,789.9
Bukit Gombak,NS3,WEEKENDS/HOLIDAY,12,1303.0,902.7
Bukit Gombak,NS3,WEEKENDS/HOLIDAY,13,1234.7,926.0
Bukit Gombak,NS3,WEEKENDS/HOLIDAY,14,955.1,941.8
Bukit Gombak,NS3,WEEKENDS/HOLIDAY,15,1032.2,1008.5
Bukit Gombak,NS3,WEEKENDS/HOLIDAY,16,982.4,1022.7
Bukit Gombak,NS3,WEEKENDS/HOLIDAY,17,1072.4,1194.0
Bukit Gombak,NS3,WEEKENDS/HOLIDAY,18,1037.5,1228.2
Bukit Gombak,NS3,WEEKENDS/HOLIDAY,19,792.1,1200.7
Bukit Gombak,NS3,WEEKENDS/HOLIDAY,20,519.7,1211.0
Bukit Gombak,NS3,WEEKENDS/HOLIDAY,21,426.6,1112.9
Bukit Gombak,NS3,WEEKENDS/HOLIDAY,22,281.3,903.1
Bukit Gombak,NS3,WEEKENDS/HOLIDAY,23,113.2,545.3
Buona Vista,EW21/CC22,WEEKDAY,0,13.55,32.45
Buona Vista,EW21/CC22,WEEKDAY,5,102.3,65.5
Buona Vista,EW21/CC22,WEEKDAY,6,525.45,861.35
Buona Vista,EW21/CC22,WEEKDAY,7,1121.1,2637.5
Buona Vista,EW21/CC22,WEEKDAY,8,1525.2,5508.85
Buona Vista,EW21/CC22,WEEKDAY,9,963.1,4090.35
Buona Vista,EW21/CC22,WEEKDAY,10,771.55,1306.85
Buona Vista,EW21/CC22,WEEKDAY,11,1139.15,956.15
Buona Vista,EW21/CC22,WEEKDAY,12,1320.5,1251.35
Buona Vista,EW21/CC22,WEEKDAY,13,1195.05,1369.15
Buona Vista,EW21/CC22,WEEKDAY,14,997.55,941.15
Buona Vista,EW21/CC22,WEEKDAY,15,1256.15,797.0
Buona Vista,EW21/CC22,WEEKDAY,16,1987.95,1038.55
Buona Vista,EW21/CC22,WEEKDAY,17,4453.85,1601.35
Buona Vista,EW21/CC22,WEEKDAY,18,5775.8,2697.9
Buona Vista,EW21/CC22,WEEKDAY,19,2721.35,1792.85
Buona Vista,EW21/CC22,WEEKDAY,20,1485.45,788.3
Buona Vista,EW21/CC22,WEEKDAY,21,1346.0,658.0
Buona Vista,EW21/CC22,WEEKDAY,22,1400.2,524.9
Buona Vista,EW21/CC22,WEEKDAY,23,413.25,228.3
Buona Vista,EW21/CC22,WEEKENDS/HOLIDAY,0,9.1,30.0
Buona Vista,EW21/CC22,WEEKENDS/HOLIDAY,5,37.2,22.4
Buona Vista,EW21/CC22,WEEKENDS/HOLIDAY,6,241.5,681.7
Buona Vista,EW21/CC22,WEEKENDS/HOLIDAY,7,451.7,1302.6
Buona Vista,EW21/CC22,WEEKENDS/HOLIDAY,8,694.7,1470.4
Buona Vista,EW21/CC22,WEEKENDS/HOLIDAY,9,779.3,959.3
Buona Vista,EW21/CC22,WEEKENDS/HOLIDAY,10,1227.6,1024.3
Buona Vista,EW21/CC22,WEEKENDS/HOLIDAY,11,1166.7,1315.6
Buona Vista,EW21/CC22,WEEKENDS/HOLIDAY,12,1178.8,1015.1
Buona Vista,EW21/CC22,WEEKENDS/HOLIDAY,13,1444.2,1044.7
Buona Vista,EW21/CC22,WEEKENDS/HOLIDAY,14,1272.3,1100.6
Buona Vista,EW21/CC22,WEEKENDS/HOLIDAY,15,1157.5,870.1
Buona Vista,EW21/CC22,WEEKENDS/HOLIDAY,16,1436.2,915.2
Buona Vista,EW21/CC22,WEEKENDS/HOLIDAY,17,1373.6,1055.6
Buona Vista,EW21/CC22,WEEKENDS/HOLIDAY,18,1170.0,1095.1
Buona Vista,EW21/CC22,WEEKENDS/HOLIDAY,19,964.9,1007.1
Buona Vista,EW21/CC22,WEEKENDS/HOLIDAY,20,791.9,732.4
Buona Vista,EW21/CC22,WEEKENDS/HOLIDAY,21,883.4,652.2
Buona Vista,EW21/CC22,WEEKENDS/HOLIDAY,22,661.9,519.2
Buona Vista,EW21/CC22,WEEKENDS/HOLIDAY,23,273.5,255.6
Caldecott,CC17/TE9,WEEKDAY,0,1.75,22.95
Caldecott,CC17/TE9,WEEKDAY,5,104.7,13.6
Caldecott,CC17/TE9,WEEKDAY,6,412.35,237.15
Caldecott,CC17/TE9,WEEKDAY,7,989.85,1019.85
Caldecott,CC17/TE9,WEEKDAY,8,1174.45,1141.5
Caldecott,CC17/TE9,WEEKDAY,9,640.1,524.55
Caldecott,CC17/TE9,WEEKDAY,10,316.85,203.05
Caldecott,CC17/TE9,WEEKDAY,11,306.7,186.5
Caldecott,CC17/TE9,WEEKDAY,12,396.95,238.2
Caldecott,CC17/TE9,WEEKDAY,13,481.25,348.15
Caldecott,CC17/TE9,WEEKDAY,14,291.8,325.35
Caldecott,CC17/TE9,WEEKDAY,15,898.05,267.1
Caldecott,CC17/TE9,WEEKDAY,16,518.25,357.7
Caldecott,CC17/TE9,WEEKDAY,17,829.25,688.7
Caldecott,CC17/TE9,WEEKDAY,18,976.8,998.3
Caldecott,CC17/TE9,WEEKDAY,19,378.85,624.65
Caldecott,CC17/TE9,WEEKDAY,20,188.5,390.25
Caldecott,CC17/TE9,WEEKDAY,21,153.3,323.1
Caldecott,CC17/TE9,WEEKDAY,22,98.9,267.15
Caldecott,CC17/TE9,WEEKDAY,23,37.35,128.05
Caldecott,CC17/TE9,WEEKENDS/HOLIDAY,0,4.1,27.6
Caldecott,CC17/TE9,WEEKENDS/HOLIDAY,5,28.4,6.1
Caldecott,CC17/TE9,WEEKENDS/HOLIDAY,6,124.4,106.2
Caldecott,CC17/TE9,WEEKENDS/HOLIDAY,7,202.1,243.2
Caldecott,CC17/TE9,WEEKENDS/HOLIDAY,8,300.4,315.2
Caldecott,CC17/TE9,WEEKENDS/HOLIDAY,9,339.6,258.9
Caldecott,CC17/TE9,WEEKENDS/HOLIDAY,10,335.4,227.3
Caldecott,CC17/TE9,WEEKENDS/HOLIDAY,11,352.7,227.8
Caldecott,CC17/TE9,WEEKENDS/HOLIDAY,12,329.2,226.3
Caldecott,CC17/TE9,WEEKENDS/HOLIDAY,13,298.4,262.9
Caldecott,CC17/TE9,WEEKENDS/HOLIDAY,14,269.1,270.5
Caldecott,CC17/TE9,WEEKENDS/HOLIDAY,15,271.0,276.0
Caldecott,CC17/TE9,WEEKENDS/HOLIDAY,16,298.7,291.3
Caldecott,CC17/TE9,WEEKENDS/HOLIDAY,17,403.3,301.6
Caldecott,CC17/TE9,WEEKENDS/HOLIDAY,18,332.1,304.6
Caldecott,CC17/TE9,WEEKENDS/HOLIDAY,19,262.5,306.3
Caldecott,CC17/TE9,WEEKENDS/HOLIDAY,20,152.2,280.4
Caldecott,CC17/TE9,WEEKENDS/HOLIDAY,21,144.3,293.7
Caldecott,CC17/TE9,WEEKENDS/HOLIDAY,22,100.1,251.4
Caldecott,CC17/TE9,WEEKENDS/HOLIDAY,23,42.0,137.3
Canberra,NS12,WEEKDAY,0,25.9,160.25
Canberra,NS12,WEEKDAY,5,344.35,70.6
Canberra,NS12,WEEKDAY,6,1666.15,390.3
Canberra,NS12,WEEKDAY,7,3814.05,1031.1
Canberra,NS12,WEEKDAY,8,3554.95,1001.75
Canberra,NS12,WEEKDAY,9,1581.35,497.45
Canberra,NS12,WEEKDAY,10,1011.2,387.45
Canberra,NS12,WEEKDAY,11,898.35,411.1
Canberra,NS12,WEEKDAY,12,889.5,552.3
Canberra,NS12,WEEKDAY,13,757.4,702.2
Canberra,NS12,WEEKDAY,14,626.4,752.3
Canberra,NS12,WEEKDAY,15,618.7,745.95
Canberra,NS12,WEEKDAY,16,808.8,1017.75
Canberra,NS12,WEEKDAY,17,1339.15,1789.6
Canberra,NS12,WEEKDAY,18,1409.0,3070.25
Canberra,NS12,WEEKDAY,19,802.15,2509.9
Canberra,NS12,WEEKDAY,20,542.75,1467.65
Canberra,NS12,WEEKDAY,21,423.5,1275.4
Canberra,NS12,WEEKDAY,22,239.2,1046.05
Canberra,NS12,WEEKDAY,23,99.15,535.9
Canberra,NS12,WEEKENDS/HOLIDAY,0,35.2,176.8
Canberra,NS12,WEEKENDS/HOLIDAY,5,155.1,28.2
Canberra,NS12,WEEKENDS/HOLIDAY,6,575.8,179.9
Canberra,NS12,WEEKENDS/HOLIDAY,7,988.2,419.2
Canberra,NS12,WEEKENDS/HOLIDAY,8,1278.7,521.8
Canberra,NS12,WEEKENDS/HOLIDAY,9,1351.8,536.0
Canberra,NS12,WEEKENDS/HOLIDAY,10,1364.9,528.0
Canberra,NS12,WEEKENDS/HOLIDAY,11,1316.1,600.6
Canberra,NS12,WEEKENDS/HOLIDAY,12,1232.9,747.2
Canberra,NS12,WEEKENDS/HOLIDAY,13,1049.9,867.4
Canberra,NS12,WEEKENDS/HOLIDAY,14,915.3,905.7
Canberra,NS12,WEEKENDS/HOLIDAY,15,894.0,925.8
Canberra,NS12,WEEKENDS/HOLIDAY,16,956.7,977.3
Canberra,NS12,WEEKENDS/HOLIDAY,17,1035.2,1136.7
Canberra,NS12,WEEKENDS/HOLIDAY,18,949.2,1285.1
Canberra,NS12,WEEKENDS/HOLIDAY,19,716.2,1293.4
Canberra,NS12,WEEKENDS/HOLIDAY,20,575.3,1224.8
Canberra,NS12,WEEKENDS/HOLIDAY,21,463.0,1169.8
Canberra,NS12,WEEKENDS/HOLIDAY,22,280.7,1047.4
Canberra,NS12,WEEKENDS/HOLIDAY,23,119.7,608.6
Cashew,DT2,WEEKDAY,0,0.1,16.5
Cashew,DT2,WEEKDAY,5,11.45,1.45
Cashew,DT2,WEEKDAY,6,104.3,97.8
Cashew,DT2,WEEKDAY,7,297.8,704.5
Cashew,DT2,WEEKDAY,8,428.1,741.4
Cashew,DT2,WEEKDAY,9,217.6,273.1
Cashew,DT2,WEEKDAY,10,146.45,80.85
Cashew,DT2,WEEKDAY,11,215.65,73.5
Cashew,DT2,WEEKDAY,12,291.3,119.75
Cashew,DT2,WEEKDAY,13,153.85,159.65
Cashew,DT2,WEEKDAY,14,135.6,109.4
Cashew,DT2,WEEKDAY,15,183.8,111.0
Cashew,DT2,WEEKDAY,16,400.05,137.6
Cashew,DT2,WEEKDAY,17,701.35,182.15
Cashew,DT2,WEEKDAY,18,404.1,312.2
Cashew,DT2,WEEKDAY,19,209.9,238.35
Cashew,DT2,WEEKDAY,20,106.2,141.15
Cashew,DT2,WEEKDAY,21,68.4,113.95
Cashew,DT2,WEEKDAY,22,38.5,87.8
Cashew,DT2,WEEKDAY,23,7.1,50.5
Cashew,DT2,WEEKENDS/HOLIDAY,0,0.0,18.5
Cashew,DT2,WEEKENDS/HOLIDAY,5,6.0,0.7
Cashew,DT2,WEEKENDS/HOLIDAY,6,36.6,23.5
Cashew,DT2,WEEKENDS/HOLIDAY,7,76.3,134.3
Cashew,DT2,WEEKENDS/HOLIDAY,8,142.5,126.3
Cashew,DT2,WEEKENDS/HOLIDAY,9,174.5,103.6
Cashew,DT2,WEEKENDS/HOLIDAY,10,206.0,77.6
Cashew,DT2,WEEKENDS/HOLIDAY,11,176.1,78.9
Cashew,DT2,WEEKENDS/HOLIDAY,12,197.1,86.8
Cashew,DT2,WEEKENDS/HOLIDAY,13,164.7,98.8
Cashew,DT2,WEEKENDS/HOLIDAY,14,112.3,102.6
Cashew,DT2,WEEKENDS/HOLIDAY,15,125.8,107.3
Cashew,DT2,WEEKENDS/HOLIDAY,16,116.4,150.6
Cashew,DT2,WEEKENDS/HOLIDAY,17,129.3,147.4
Cashew,DT2,WEEKENDS/HOLIDAY,18,214.4,160.1
Cashew,DT2,WEEKENDS/HOLIDAY,19,142.9,124.3
Cashew,DT2,WEEKENDS/HOLIDAY,20,78.1,110.5
Cashew,DT2,WEEKENDS/HOLIDAY,21,60.4,86.8
Cashew,DT2,WEEKENDS/HOLIDAY,22,30.7,82.4
Cashew,DT2,WEEKENDS/HOLIDAY,23,6.3,44.8
Changi Airport,CG2,WEEKDAY,0,6.7,17.45
Changi Airport,CG2,WEEKDAY,5,396.45,45.8
Changi Airport,CG2,WEEKDAY,6,474.25,574.2
Changi Airport,CG2,WEEKDAY,7,661.7,1136.4
Changi Airport,CG2,WEEKDAY,8,696.35,1705.5
Changi Airport,CG2,WEEKDAY,9,729.25,1254.75
Changi Airport,CG2,WEEKDAY,10,627.25,1036.0
Changi Airport,CG2,WEEKDAY,11,738.0,1101.45
Changi Airport,CG2,WEEKDAY,12,922.0,1251.2
Changi Airport,CG2,WEEKDAY,13,1119.2,1154.9
Changi Airport,CG2,WEEKDAY,14,1237.75,1117.9
Changi Airport,CG2,WEEKDAY,15,1446.1,981.55
Changi Airport,CG2,WEEKDAY,16,1482.75,944.0
Changi Airport,CG2,WEEKDAY,17,1688.9,1082.45
Changi Airport,CG2,WEEKDAY,18,1773.35,1343.85
Changi Airport,CG2,WEEKDAY,19,1315.05,1287.5
Changi Airport,CG2,WEEKDAY,20,1307.55,879.15
Changi Airport,CG2,WEEKDAY,21,1493.1,726.4
Changi Airport,CG2,WEEKDAY,22,1480.5,549.5
Changi Airport,CG2,WEEKDAY,23,470.0,480.35
Changi Airport,CG2,WEEKENDS/HOLIDAY,0,6.6,21.6
Changi Airport,CG2,WEEKENDS/HOLIDAY,5,425.6,44.7
Changi Airport,CG2,WEEKENDS/HOLIDAY,6,526.4,334.6
Changi Airport,CG2,WEEKENDS/HOLIDAY,7,658.8,848.3
Changi Airport,CG2,WEEKENDS/HOLIDAY,8,702.1,929.1
Changi Airport,CG2,WEEKENDS/HOLIDAY,9,742.3,987.6
Changi Airport,CG2,WEEKENDS/HOLIDAY,10,692.6,1233.0
Changi Airport,CG2,WEEKENDS/HOLIDAY,11,902.9,1516.9
Changi Airport,CG2,WEEKENDS/HOLIDAY,12,1111.1,1774.0
Changi Airport,CG2,WEEKENDS/HOLIDAY,13,1411.2,1681.1
Changi Airport,CG2,WEEKENDS/HOLIDAY,14,1630.6,1580.1
Changi Airport,CG2,WEEKENDS/HOLIDAY,15,1932.6,1637.3
Changi Airport,CG2,WEEKENDS/HOLIDAY,16,1938.3,1419.0
Changi Airport,CG2,WEEKENDS/HOLIDAY,17,1642.9,1495.8
Changi Airport,CG2,WEEKENDS/HOLIDAY,18,1429.2,1490.7
Changi Airport,CG2,WEEKENDS/HOLIDAY,19,1456.0,1315.9
Changi Airport,CG2,WEEKENDS/HOLIDAY,20,1592.5,952.4
Changi Airport,CG2,WEEKENDS/HOLIDAY,21,1753.3,794.1
Changi Airport,CG2,WEEKENDS/HOLIDAY,22,1725.4,550.1
Changi Airport,CG2,WEEKENDS/HOLIDAY,23,534.9,508.5
Chinatown,NE4/DT19,WEEKDAY,0,20.1,47.1
Chinatown,NE4/DT19,WEEKDAY,5,66.6,2.85
Chinatown,NE4/DT19,WEEKDAY,6,449.4,803.9
Chinatown,NE4/DT19,WEEKDAY,7,802.05,1802.0
Chinatown,NE4/DT19,WEEKDAY,8,1226.2,3999.15
Chinatown,NE4/DT19,WEEKDAY,9,1196.05,3809.8
Chinatown,NE4/DT19,WEEKDAY,10,1328.65,3245.45
Chinatown,NE4/DT19,WEEKDAY,11,1805.65,3711.7
Chinatown,NE4/DT19,WEEKDAY,12,2827.4,3997.1
Chinatown,NE4/DT19,WEEKDAY,13,3804.7,2959.85
Chinatown,NE4/DT19,WEEKDAY,14,2973.85,2568.15
Chinatown,NE4/DT19,WEEKDAY,15,2892.6,2413.7
Chinatown,NE4/DT19,WEEKDAY,16,3128.15,2452.0
Chinatown,NE4/DT19,WEEKDAY,17,4269.95,3161.8
Chinatown,NE4/DT19,WEEKDAY,18,5732.55,4335.25
Chinatown,NE4/DT19,WEEKDAY,19,4375.95,2876.5
Chinatown,NE4/DT19,WEEKDAY,20,3776.4,1580.8
Chinatown,NE4/DT19,WEEKDAY,21,3121.25,1077.75
Chinatown,NE4/DT19,WEEKDAY,22,1995.45,793.85
Chinatown,NE4/DT19,WEEKDAY,23,839.15,393.05
Chinatown,NE4/DT19,WEEKENDS/HOLIDAY,0,23.4,54.6
Chinatown,NE4/DT19,WEEKENDS/HOLIDAY,5,49.3,1.9
Chinatown,NE4/DT19,WEEKENDS/HOLIDAY,6,322.4,525.9
Chinatown,NE4/DT19,WEEKENDS/HOLIDAY,7,473.6,910.1
Chinatown,NE4/DT19,WEEKENDS/HOLIDAY,8,738.3,1634.6
Chinatown,NE4/DT19,WEEKENDS/HOLIDAY,9,1147.4,2844.3
Chinatown,NE4/DT19,WEEKENDS/HOLIDAY,10,1633.4,3971.5
Chinatown,NE4/DT19,WEEKENDS/HOLIDAY,11,2313.3,4381.4
Chinatown,NE4/DT19,WEEKENDS/HOLIDAY,12,3032.2,4339.7
Chinatown,NE4/DT19,WEEKENDS/HOLIDAY,13,3726.3,4081.9
Chinatown,NE4/DT19,WEEKENDS/HOLIDAY,14,4159.7,3738.9
Chinatown,NE4/DT19,WEEKENDS/HOLIDAY,15,4216.4,3546.6
Chinatown,NE4/DT19,WEEKENDS/HOLIDAY,16,4159.6,3532.1
Chinatown,NE4/DT19,WEEKENDS/HOLIDAY,17,4198.1,3762.9
Chinatown,NE4/DT19,WEEKENDS/HOLIDAY,18,4118.9,3595.9
Chinatown,NE4/DT19,WEEKENDS/HOLIDAY,19,4005.5,2686.9
Chinatown,NE4/DT19,WEEKENDS/HOLIDAY,20,3795.1,1817.2
Chinatown,NE4/DT19,WEEKENDS/HOLIDAY,21,3008.2,1288.0
Chinatown,NE4/DT19,WEEKENDS/HOLIDAY,22,2095.2,1034.8
Chinatown,NE4/DT19,WEEKENDS/HOLIDAY,23,940.4,515.5
Chinese Garden,EW25,WEEKDAY,0,5.0,62.0
Chinese Garden,EW25,WEEKDAY,5,446.4,21.6
Chinese Garden,EW25,WEEKDAY,6,1360.65,288.8
Chinese Garden,EW25,WEEKDAY,7,2800.95,909.65
Chinese Garden,EW25,WEEKDAY,8,2494.05,628.05
Chinese Garden,EW25,WEEKDAY,9,1109.05,278.05
Chinese Garden,EW25,WEEKDAY,10,576.95,248.7
Chinese Garden,EW25,WEEKDAY,11,520.45,254.85
Chinese Garden,EW25,WEEKDAY,12,480.6,309.55
Chinese Garden,EW25,WEEKDAY,13,438.05,351.1
Chinese Garden,EW25,WEEKDAY,14,345.9,397.5
Chinese Garden,EW25,WEEKDAY,15,503.6,454.55
Chinese Garden,EW25,WEEKDAY,16,526.8,695.8
Chinese Garden,EW25,WEEKDAY,17,756.85,1337.9
Chinese Garden,EW25,WEEKDAY,18,786.15,2185.3
Chinese Garden,EW25,WEEKDAY,19,582.75,1581.85
Chinese Garden,EW25,WEEKDAY,20,359.85,1051.55
Chinese Garden,EW25,WEEKDAY,21,289.85,889.15
Chinese Garden,EW25,WEEKDAY,22,181.45,661.1
Chinese Garden,EW25,WEEKDAY,23,65.1,352.0
Chinese Garden,EW25,WEEKENDS/HOLIDAY,0,6.2,80.9
Chinese Garden,EW25,WEEKENDS/HOLIDAY,5,152.5,5.2
Chinese Garden,EW25,WEEKENDS/HOLIDAY,6,516.4,152.6
Chinese Garden,EW25,WEEKENDS/HOLIDAY,7,771.4,427.2
Chinese Garden,EW25,WEEKENDS/HOLIDAY,8,769.8,405.3
Chinese Garden,EW25,WEEKENDS/HOLIDAY,9,764.0,434.5
Chinese Garden,EW25,WEEKENDS/HOLIDAY,10,774.6,518.9
Chinese Garden,EW25,WEEKENDS/HOLIDAY,11,793.2,557.3
Chinese Garden,EW25,WEEKENDS/HOLIDAY,12,783.8,624.5
Chinese Garden,EW25,WEEKENDS/HOLIDAY,13,726.5,703.4
Chinese Garden,EW25,WEEKENDS/HOLIDAY,14,650.5,671.0
Chinese Garden,EW25,WEEKENDS/HOLIDAY,15,689.3,690.5
Chinese Garden,EW25,WEEKENDS/HOLIDAY,16,768.1,776.6
Chinese Garden,EW25,WEEKENDS/HOLIDAY,17,914.6,1004.9
Chinese Garden,EW25,WEEKENDS/HOLIDAY,18,886.3,1095.2
Chinese Garden,EW25,WEEKENDS/HOLIDAY,19,822.9,963.5
Chinese Garden,EW25,WEEKENDS/HOLIDAY,20,551.3,782.2
Chinese Garden,EW25,WEEKENDS/HOLIDAY,21,415.1,755.4
Chinese Garden,EW25,WEEKENDS/HOLIDAY,22,262.7,665.3
Chinese Garden,EW25,WEEKENDS/HOLIDAY,23,93.9,407.9
Choa Chu Kang,NS4/BP1,WEEKDAY,0,48.15,185.35
Choa Chu Kang,NS4/BP1,WEEKDAY,5,743.35,313.2
Choa Chu Kang,NS4/BP1,WEEKDAY,6,2959.55,1785.8
Choa Chu Kang,NS4/BP1,WEEKDAY,7,5512.55,2787.15
Choa Chu Kang,NS4/BP1,WEEKDAY,8,4262.3,1812.05
Choa Chu Kang,NS4/BP1,WEEKDAY,9,2118.75,1244.95
Choa Chu Kang,NS4/BP1,WEEKDAY,10,1587.6,1178.55
Choa Chu Kang,NS4/BP1,WEEKDAY,11,1582.05,1245.1
Choa Chu Kang,NS4/BP1,WEEKDAY,12,1719.1,1580.95
Choa Chu Kang,NS4/BP1,WEEKDAY,13,1642.25,1681.85
Choa Chu Kang,NS4/BP1,WEEKDAY,14,1442.9,1649.35
Choa Chu Kang,NS4/BP1,WEEKDAY,15,1457.7,1824.6
Choa Chu Kang,NS4/BP1,WEEKDAY,16,1775.3,2393.85
Choa Chu Kang,NS4/BP1,WEEKDAY,17,3024.6,4008.95
Choa Chu Kang,NS4/BP1,WEEKDAY,18,3296.8,6185.1
Choa Chu Kang,NS4/BP1,WEEKDAY,19,1852.2,4533.8
Choa Chu Kang,NS4/BP1,WEEKDAY,20,1319.7,2758.9
Choa Chu Kang,NS4/BP1,WEEKDAY,21,1143.3,2210.5
Choa Chu Kang,NS4/BP1,WEEKDAY,22,742.45,1624.3
Choa Chu Kang,NS4/BP1,WEEKDAY,23,279.5,811.95
Choa Chu Kang,NS4/BP1,WEEKENDS/HOLIDAY,0,52.3,252.0
Choa Chu Kang,NS4/BP1,WEEKENDS/HOLIDAY,5,358.9,127.8
Choa Chu Kang,NS4/BP1,WEEKENDS/HOLIDAY,6,1334.2,598.5
Choa Chu Kang,NS4/BP1,WEEKENDS/HOLIDAY,7,1727.2,985.7
Choa Chu Kang,NS4/BP1,WEEKENDS/HOLIDAY,8,1900.1,1227.6
Choa Chu Kang,NS4/BP1,WEEKENDS/HOLIDAY,9,1836.2,1338.5
Choa Chu Kang,NS4/BP1,WEEKENDS/HOLIDAY,10,1876.8,1445.0
Choa Chu Kang,NS4/BP1,WEEKENDS/HOLIDAY,11,2018.8,1631.1
Choa Chu Kang,NS4/BP1,WEEKENDS/HOLIDAY,12,2160.6,1844.9
Choa Chu Kang,NS4/BP1,WEEKENDS/HOLIDAY,13,2020.8,2039.3
Choa Chu Kang,NS4/BP1,WEEKENDS/HOLIDAY,14,1893.6,2020.6
Choa Chu Kang,NS4/BP1,WEEKENDS/HOLIDAY,15,1818.5,2049.4
Choa Chu Kang,NS4/BP1,WEEKENDS/HOLIDAY,16,1904.4,2190.1
Choa Chu Kang,NS4/BP1,WEEKENDS/HOLIDAY,17,2147.3,2612.8
Choa Chu Kang,NS4/BP1,WEEKENDS/HOLIDAY,18,2068.2,2776.4
Choa Chu Kang,NS4/BP1,WEEKENDS/HOLIDAY,19,1687.1,2649.5
Choa Chu Kang,NS4/BP1,WEEKENDS/HOLIDAY,20,1359.5,2397.5
Choa Chu Kang,NS4/BP1,WEEKENDS/HOLIDAY,21,1142.4,2099.8
Choa Chu Kang,NS4/BP1,WEEKENDS/HOLIDAY,22,774.4,1711.2
Choa Chu Kang,NS4/BP1,WEEKENDS/HOLIDAY,23,314.9,936.7
City Hall,NS25/EW13,WEEKDAY,0,25.85,6.55
City Hall,NS25/EW13,WEEKDAY,5,33.1,40.6
City Hall,NS25/EW13,WEEKDAY,6,115.6,842.15
City Hall,NS25/EW13,WEEKDAY,7,294.75,2132.6
City Hall,NS25/EW13,WEEKDAY,8,527.4,5285.7
City Hall,NS25/EW13,WEEKDAY,9,537.7,4775.55
City Hall,NS25/EW13,WEEKDAY,10,684.7,2983.2
City Hall,NS25/EW13,WEEKDAY,11,1187.85,3328.85
City Hall,NS25/EW13,WEEKDAY,12,1879.25,3593.8
City Hall,NS25/EW13,WEEKDAY,13,3071.7,2547.8
City Hall,NS25/EW13,WEEKDAY,14,2394.45,2232.8
City Hall,NS25/EW13,WEEKDAY,15,2426.4,2109.8
City Hall,NS25/EW13,WEEKDAY,16,2760.25,2077.1
City Hall,NS25/EW13,WEEKDAY,17,4467.75,2999.6
City Hall,NS25/EW13,WEEKDAY,18,6597.15,5045.6
City Hall,NS25/EW13,WEEKDAY,19,4591.3,2607.5
City Hall,NS25/EW13,WEEKDAY,20,3989.15,981.25
City Hall,NS25/EW13,WEEKDAY,21,4424.2,549.5
City Hall,NS25/EW13,WEEKDAY,22,3432.9,334.9
City Hall,NS25/EW13,WEEKDAY,23,1285.2,127.1
City Hall,NS25/EW13,WEEKENDS/HOLIDAY,0,41.0,9.4
City Hall,NS25/EW13,WEEKENDS/HOLIDAY,5,20.1,19.5
City Hall,NS25/EW13,WEEKENDS/HOLIDAY,6,136.1,598.6
City Hall,NS25/EW13,WEEKENDS/HOLIDAY,7,211.8,1383.9
City Hall,NS25/EW13,WEEKENDS/HOLIDAY,8,358.9,2835.3
City Hall,NS25/EW13,WEEKENDS/HOLIDAY,9,796.9,5689.4
City Hall,NS25/EW13,WEEKENDS/HOLIDAY,10,1721.1,5797.5
City Hall,NS25/EW13,WEEKENDS/HOLIDAY,11,2419.4,4990.1
City Hall,NS25/EW13,WEEKENDS/HOLIDAY,12,2949.2,4852.8
City Hall,NS25/EW13,WEEKENDS/HOLIDAY,13,3428.1,4797.5
City Hall,NS25/EW13,WEEKENDS/HOLIDAY,14,3812.2,4402.3
City Hall,NS25/EW13,WEEKENDS/HOLIDAY,15,4403.8,4285.1
City Hall,NS25/EW13,WEEKENDS/HOLIDAY,16,5431.7,4573.1
City Hall,NS25/EW13,WEEKENDS/HOLIDAY,17,6441.5,4266.6
City Hall,NS25/EW13,WEEKENDS/HOLIDAY,18,6213.9,3542.2
City Hall,NS25/EW13,WEEKENDS/HOLIDAY,19,5283.3,2309.2
City Hall,NS25/EW13,WEEKENDS/HOLIDAY,20,4422.5,1117.4
City Hall,NS25/EW13,WEEKENDS/HOLIDAY,21,4418.6,630.1
City Hall,NS25/EW13,WEEKENDS/HOLIDAY,22,3627.7,410.0
City Hall,NS25/EW13,WEEKENDS/HOLIDAY,23,1514.6,163.1
Clarke Quay,NE5,WEEKDAY,0,6.0,3.15
Clarke Quay,NE5,WEEKDAY,5,19.55,2.15
Clarke Quay,NE5,WEEKDAY,6,58.35,317.6
Clarke Quay,NE5,WEEKDAY,7,115.9,868.9
Clarke Quay,NE5,WEEKDAY,8,196.3,2284.4
Clarke Quay,NE5,WEEKDAY,9,266.05,2092.95
Clarke Quay,NE5,WEEKDAY,10,310.8,994.7
Clarke Quay,NE5,WEEKDAY,11,405.45,710.8
Clarke Quay,NE5,WEEKDAY,12,559.2,691.95
Clarke Quay,NE5,WEEKDAY,13,554.0,706.05
Clarke Quay,NE5,WEEKDAY,14,535.1,625.8
Clarke Quay,NE5,WEEKDAY,15,566.85,574.45
Clarke Quay,NE5,WEEKDAY,16,715.2,640.5
Clarke Quay,NE5,WEEKDAY,17,1572.3,829.0
Clarke Quay,NE5,WEEKDAY,18,2567.75,1301.2
Clarke Quay,NE5,WEEKDAY,19,1554.6,849.55
Clarke Quay,NE5,WEEKDAY,20,1204.2,504.05
Clarke Quay,NE5,WEEKDAY,21,1231.9,401.8
Clarke Quay,NE5,WEEKDAY,22,992.0,269.25
Clarke Quay,NE5,WEEKDAY,23,524.3,133.85
Clarke Quay,NE5,WEEKENDS/HOLIDAY,0,7.8,5.9
Clarke Quay,NE5,WEEKENDS/HOLIDAY,5,29.8,1.3
Clarke Quay,NE5,WEEKENDS/HOLIDAY,6,101.5,136.1
Clarke Quay,NE5,WEEKENDS/HOLIDAY,7,88.5,348.3
Clarke Quay,NE5,WEEKENDS/HOLIDAY,8,115.7,448.1
Clarke Quay,NE5,WEEKENDS/HOLIDAY,9,226.7,695.5
Clarke Quay,NE5,WEEKENDS/HOLIDAY,10,351.7,834.2
Clarke Quay,NE5,WEEKENDS/HOLIDAY,11,457.8,878.4
Clarke Quay,NE5,WEEKENDS/HOLIDAY,12,543.5,833.0
Clarke Quay,NE5,WEEKENDS/HOLIDAY,13,627.6,823.2
Clarke Quay,NE5,WEEKENDS/HOLIDAY,14,704.7,808.0
Clarke Quay,NE5,WEEKENDS/HOLIDAY,15,730.2,753.5
Clarke Quay,NE5,WEEKENDS/HOLIDAY,16,798.0,804.8
Clarke Quay,NE5,WEEKENDS/HOLIDAY,17,850.4,888.5
Clarke Quay,NE5,WEEKENDS/HOLIDAY,18,869.6,1023.8
Clarke Quay,NE5,WEEKENDS/HOLIDAY,19,847.7,825.5
Clarke Quay,NE5,WEEKENDS/HOLIDAY,20,867.6,640.4
Clarke Quay,NE5,WEEKENDS/HOLIDAY,21,949.7,535.7
Clarke Quay,NE5,WEEKENDS/HOLIDAY,22,958.1,444.2
Clarke Quay,NE5,WEEKENDS/HOLIDAY,23,585.2,207.3
Clementi,EW23,WEEKDAY,0,18.35,99.2
Clementi,EW23,WEEKDAY,5,300.2,210.8
Clementi,EW23,WEEKDAY,6,2337.6,2043.0
Clementi,EW23,WEEKDAY,7,4694.15,4650.25
Clementi,EW23,WEEKDAY,8,5036.35,4846.75
Clementi,EW23,WEEKDAY,9,2846.25,2558.95
Clementi,EW23,WEEKDAY,10,1870.2,1839.95
Clementi,EW23,WEEKDAY,11,1942.8,2060.35
Clementi,EW23,WEEKDAY,12,2287.55,2281.2
Clementi,EW23,WEEKDAY,13,2364.85,2131.05
Clementi,EW23,WEEKDAY,14,1990.1,1995.9
Clementi,EW23,WEEKDAY,15,2125.05,2097.3
Clementi,EW23,WEEKDAY,16,2761.6,2574.85
Clementi,EW23,WEEKDAY,17,4601.55,4166.2
Clementi,EW23,WEEKDAY,18,5205.0,6272.35
Clementi,EW23,WEEKDAY,19,3080.5,4422.6
Clementi,EW23,WEEKDAY,20,2171.25,2607.1
Clementi,EW23,WEEKDAY,21,1856.25,2263.7
Clementi,EW23,WEEKDAY,22,1102.45,1756.1
Clementi,EW23,WEEKDAY,23,416.0,794.1
Clementi,EW23,WEEKENDS/HOLIDAY,0,20.7,106.4
Clementi,EW23,WEEKENDS/HOLIDAY,5,135.8,58.0
Clementi,EW23,WEEKENDS/HOLIDAY,6,1009.8,970.6
Clementi,EW23,WEEKENDS/HOLIDAY,7,1701.2,1726.6
Clementi,EW23,WEEKENDS/HOLIDAY,8,2213.4,1790.8
Clementi,EW23,WEEKENDS/HOLIDAY,9,2506.3,1942.0
Clementi,EW23,WEEKENDS/HOLIDAY,10,2591.5,1940.6
Clementi,EW23,WEEKENDS/HOLIDAY,11,2712.6,2059.9
Clementi,EW23,WEEKENDS/HOLIDAY,12,2869.3,2250.4
Clementi,EW23,WEEKENDS/HOLIDAY,13,2873.1,2517.1
Clementi,EW23,WEEKENDS/HOLIDAY,14,2527.9,2503.0
Clementi,EW23,WEEKENDS/HOLIDAY,15,2459.6,2551.8
Clementi,EW23,WEEKENDS/HOLIDAY,16,2577.8,2843.3
Clementi,EW23,WEEKENDS/HOLIDAY,17,2963.8,3227.1
Clementi,EW23,WEEKENDS/HOLIDAY,18,2939.6,3260.6
Clementi,EW23,WEEKENDS/HOLIDAY,19,2380.9,2937.5
Clementi,EW23,WEEKENDS/HOLIDAY,20,1826.3,2497.6
Clementi,EW23,WEEKENDS/HOLIDAY,21,1565.0,2293.7
Clementi,EW23,WEEKENDS/HOLIDAY,22,975.6,1889.1
Clementi,EW23,WEEKENDS/HOLIDAY,23,358.2,988.4
Commonwealth,EW20,WEEKDAY,0,5.1,23.75
Commonwealth,EW20,WEEKDAY,5,106.95,39.7
Commonwealth,EW20,WEEKDAY,6,710.0,554.35
Commonwealth,EW20,WEEKDAY,7,1261.95,1237.5
Commonwealth,EW20,WEEKDAY,8,1507.9,1935.0
Commonwealth,EW20,WEEKDAY,9,946.35,1147.75
Commonwealth,EW20,WEEKDAY,10,599.15,556.3
Commonwealth,EW20,WEEKDAY,11,580.5,394.25
Commonwealth,EW20,WEEKDAY,12,603.8,449.1
Commonwealth,EW20,WEEKDAY,13,568.85,538.65
Commonwealth,EW20,WEEKDAY,14,508.3,492.3
Commonwealth,EW20,WEEKDAY,15,512.6,478.55
Commonwealth,EW20,WEEKDAY,16,740.45,568.8
Commonwealth,EW20,WEEKDAY,17,1468.4,924.6
Commonwealth,EW20,WEEKDAY,18,1939.2,1420.35
Commonwealth,EW20,WEEKDAY,19,890.25,1079.75
Commonwealth,EW20,WEEKDAY,20,433.25,705.3
Commonwealth,EW20,WEEKDAY,21,354.7,651.7
Commonwealth,EW20,WEEKDAY,22,218.65,522.05
Commonwealth,EW20,WEEKDAY,23,86.65,264.9
Commonwealth,EW20,WEEKENDS/HOLIDAY,0,5.1,29.0
Commonwealth,EW20,WEEKENDS/HOLIDAY,5,36.3,9.7
Commonwealth,EW20,WEEKENDS/HOLIDAY,6,336.5,245.9
Commonwealth,EW20,WEEKENDS/HOLIDAY,7,494.2,451.6
Commonwealth,EW20,WEEKENDS/HOLIDAY,8,593.3,597.0
Commonwealth,EW20,WEEKENDS/HOLIDAY,9,713.6,623.9
Commonwealth,EW20,WEEKENDS/HOLIDAY,10,735.3,537.0
Commonwealth,EW20,WEEKENDS/HOLIDAY,11,764.0,521.7
Commonwealth,EW20,WEEKENDS/HOLIDAY,12,774.5,520.5
Commonwealth,EW20,WEEKENDS/HOLIDAY,13,710.8,566.5
Commonwealth,EW20,WEEKENDS/HOLIDAY,14,567.2,578.4
Commonwealth,EW20,WEEKENDS/HOLIDAY,15,557.9,518.9
Commonwealth,EW20,WEEKENDS/HOLIDAY,16,645.0,572.9
Commonwealth,EW20,WEEKENDS/HOLIDAY,17,683.0,628.9
Commonwealth,EW20,WEEKENDS/HOLIDAY,18,649.9,660.1
Commonwealth,EW20,WEEKENDS/HOLIDAY,19,505.3,673.5
Commonwealth,EW20,WEEKENDS/HOLIDAY,20,349.2,608.1
Commonwealth,EW20,WEEKENDS/HOLIDAY,21,292.3,627.9
Commonwealth,EW20,WEEKENDS/HOLIDAY,22,184.3,547.0
Commonwealth,EW20,WEEKENDS/HOLIDAY,23,92.4,300.8
Dakota,CC8,WEEKDAY,0,2.55,11.8
Dakota,CC8,WEEKDAY,5,59.5,7.9
Dakota,CC8,WEEKDAY,6,307.65,171.0
Dakota,CC8,WEEKDAY,7,813.2,503.0
Dakota,CC8,WEEKDAY,8,1155.7,451.3
Dakota,CC8,WEEKDAY,9,617.6,346.2
Dakota,CC8,WEEKDAY,10,347.4,261.2
Dakota,CC8,WEEKDAY,11,362.4,246.05
Dakota,CC8,WEEKDAY,12,407.7,305.0
Dakota,CC8,WEEKDAY,13,469.0,361.7
Dakota,CC8,WEEKDAY,14,321.95,322.35
Dakota,CC8,WEEKDAY,15,340.85,316.9
Dakota,CC8,WEEKDAY,16,416.45,389.85
Dakota,CC8,WEEKDAY,17,558.5,581.8
Dakota,CC8,WEEKDAY,18,628.55,1015.15
Dakota,CC8,WEEKDAY,19,449.25,763.35
Dakota,CC8,WEEKDAY,20,268.75,477.7
Dakota,CC8,WEEKDAY,21,244.0,397.45
Dakota,CC8,WEEKDAY,22,157.35,323.5
Dakota,CC8,WEEKDAY,23,30.35,138.6
Dakota,CC8,WEEKENDS/HOLIDAY,0,1.5,8.1
Dakota,CC8,WEEKENDS/HOLIDAY,5,2.6,0.2
Dakota,CC8,WEEKENDS/HOLIDAY,6,13.9,11.2
Dakota,CC8,WEEKENDS/HOLIDAY,7,46.1,53.8
Dakota,CC8,WEEKENDS/HOLIDAY,8,143.2,76.6
Dakota,CC8,WEEKENDS/HOLIDAY,9,429.1,332.2
Dakota,CC8,WEEKENDS/HOLIDAY,10,465.2,380.2
Dakota,CC8,WEEKENDS/HOLIDAY,11,475.7,347.9
Dakota,CC8,WEEKENDS/HOLIDAY,12,520.5,368.2
Dakota,CC8,WEEKENDS/HOLIDAY,13,509.7,420.6
Dakota,CC8,WEEKENDS/HOLIDAY,14,417.6,406.8
Dakota,CC8,WEEKENDS/HOLIDAY,15,416.5,384.5
Dakota,CC8,WEEKENDS/HOLIDAY,16,455.9,470.2
Dakota,CC8,WEEKENDS/HOLIDAY,17,543.4,492.2
Dakota,CC8,WEEKENDS/HOLIDAY,18,575.7,511.5
Dakota,CC8,WEEKENDS/HOLIDAY,19,463.1,476.1
Dakota,CC8,WEEKENDS/HOLIDAY,20,289.1,405.1
Dakota,CC8,WEEKENDS/HOLIDAY,21,254.8,401.1
Dakota,CC8,WEEKENDS/HOLIDAY,22,206.6,355.6
Dakota,CC8,WEEKENDS/HOLIDAY,23,33.7,165.4
Dhoby Ghaut,NS24/NE6/CC1,WEEKDAY,0,21.5,17.9
Dhoby Ghaut,NS24/NE6/CC1,WEEKDAY,5,17.0,19.3
Dhoby Ghaut,NS24/NE6/CC1,WEEKDAY,6,168.05,417.15
Dhoby Ghaut,NS24/NE6/CC1,WEEKDAY,7,548.2,1143.5
Dhoby Ghaut,NS24/NE6/CC1,WEEKDAY,8,1306.95,2867.05
Dhoby Ghaut,NS24/NE6/CC1,WEEKDAY,9,706.6,2313.0
Dhoby Ghaut,NS24/NE6/CC1,WEEKDAY,10,671.5,1629.25
Dhoby Ghaut,NS24/NE6/CC1,WEEKDAY,11,1076.6,1839.7
Dhoby Ghaut,NS24/NE6/CC1,WEEKDAY,12,1702.95,2339.6
Dhoby Ghaut,NS24/NE6/CC1,WEEKDAY,13,2112.2,2082.1
Dhoby Ghaut,NS24/NE6/CC1,WEEKDAY,14,1759.0,1763.35
Dhoby Ghaut,NS24/NE6/CC1,WEEKDAY,15,1904.3,1674.35
Dhoby Ghaut,NS24/NE6/CC1,WEEKDAY,16,2230.6,1729.3
Dhoby Ghaut,NS24/NE6/CC1,WEEKDAY,17,3175.65,2277.8
Dhoby Ghaut,NS24/NE6/CC1,WEEKDAY,18,4229.2,3788.0
Dhoby Ghaut,NS24/NE6/CC1,WEEKDAY,19,3127.7,2273.3
Dhoby Ghaut,NS24/NE6/CC1,WEEKDAY,20,2858.3,1155.0
Dhoby Ghaut,NS24/NE6/CC1,WEEKDAY,21,3100.85,734.7
Dhoby Ghaut,NS24/NE6/CC1,WEEKDAY,22,1841.05,473.85
Dhoby Ghaut,NS24/NE6/CC1,WEEKDAY,23,621.05,227.65
Dhoby Ghaut,NS24/NE6/CC1,WEEKENDS/HOLIDAY,0,18.6,21.6
Dhoby Ghaut,NS24/NE6/CC1,WEEKENDS/HOLIDAY,5,15.4,7.7
Dhoby Ghaut,NS24/NE6/CC1,WEEKENDS/HOLIDAY,6,118.0,299.8
Dhoby Ghaut,NS24/NE6/CC1,WEEKENDS/HOLIDAY,7,239.7,703.8
Dhoby Ghaut,NS24/NE6/CC1,WEEKENDS/HOLIDAY,8,392.8,1245.0
Dhoby Ghaut,NS24/NE6/CC1,WEEKENDS/HOLIDAY,9,588.5,1752.6
Dhoby Ghaut,NS24/NE6/CC1,WEEKENDS/HOLIDAY,10,875.0,2059.3
Dhoby Ghaut,NS24/NE6/CC1,WEEKENDS/HOLIDAY,11,1321.1,2446.5
Dhoby Ghaut,NS24/NE6/CC1,WEEKENDS/HOLIDAY,12,1803.6,2741.6
Dhoby Ghaut,NS24/NE6/CC1,WEEKENDS/HOLIDAY,13,2328.7,2941.3
Dhoby Ghaut,NS24/NE6/CC1,WEEKENDS/HOLIDAY,14,2653.8,2758.5
Dhoby Ghaut,NS24/NE6/CC1,WEEKENDS/HOLIDAY,15,2995.3,2740.3
Dhoby Ghaut,NS24/NE6/CC1,WEEKENDS/HOLIDAY,16,3211.9,2681.7
Dhoby Ghaut,NS24/NE6/CC1,WEEKENDS/HOLIDAY,17,3387.1,2594.0
Dhoby Ghaut,NS24/NE6/CC1,WEEKENDS/HOLIDAY,18,3227.4,2360.2
Dhoby Ghaut,NS24/NE6/CC1,WEEKENDS/HOLIDAY,19,2859.8,1832.1
Dhoby Ghaut,NS24/NE6/CC1,WEEKENDS/HOLIDAY,20,2709.2,1196.3
Dhoby Ghaut,NS24/NE6/CC1,WEEKENDS/HOLIDAY,21,2739.9,797.9
Dhoby Ghaut,NS24/NE6/CC1,WEEKENDS/HOLIDAY,22,1758.0,661.1
Dhoby Ghaut,NS24/NE6/CC1,WEEKENDS/HOLIDAY,23,606.1,312.6
Dover,EW22,WEEKDAY,0,3.1,13.5
Dover,EW22,WEEKDAY,5,23.15,38.65
Dover,EW22,WEEKDAY,6,252.55,302.15
Dover,EW22,WEEKDAY,7,648.35,1228.6
Dover,EW22,WEEKDAY,8,808.5,3249.7
Dover,EW22,WEEKDAY,9,408.35,2236.85
Dover,EW22,WEEKDAY,10,363.25,978.95
Dover,EW22,WEEKDAY,11,704.45,703.95
Dover,EW22,WEEKDAY,12,1024.1,922.65
Dover,EW22,WEEKDAY,13,711.75,1061.05
Dover,EW22,WEEKDAY,14,769.95,646.45
Dover,EW22,WEEKDAY,15,1408.9,451.3
Dover,EW22,WEEKDAY,16,1808.75,409.0
Dover,EW22,WEEKDAY,17,2328.9,739.25
Dover,EW22,WEEKDAY,18,1698.9,1318.5
Dover,EW22,WEEKDAY,19,646.25,629.55
Dover,EW22,WEEKDAY,20,677.3,367.85
Dover,EW22,WEEKDAY,21,701.4,346.65
Dover,EW22,WEEKDAY,22,341.95,271.7
Dover,EW22,WEEKDAY,23,54.6,123.85
Dover,EW22,WEEKENDS/HOLIDAY,0,2.5,15.4
Dover,EW22,WEEKENDS/HOLIDAY,5,13.9,7.5
Dover,EW22,WEEKENDS/HOLIDAY,6,103.3,91.4
Dover,EW22,WEEKENDS/HOLIDAY,7,189.5,243.7
Dover,EW22,WEEKENDS/HOLIDAY,8,264.7,261.0
Dover,EW22,WEEKENDS/HOLIDAY,9,289.9,267.3
Dover,EW22,WEEKENDS/HOLIDAY,10,300.4,214.3
Dover,EW22,WEEKENDS/HOLIDAY,11,314.0,202.4
Dover,EW22,WEEKENDS/HOLIDAY,12,313.7,266.5
Dover,EW22,WEEKENDS/HOLIDAY,13,320.7,290.6
Dover,EW22,WEEKENDS/HOLIDAY,14,281.4,295.3
Dover,EW22,WEEKENDS/HOLIDAY,15,262.5,291.0
Dover,EW22,WEEKENDS/HOLIDAY,16,300.5,328.3
Dover,EW22,WEEKENDS/HOLIDAY,17,345.6,313.4
Dover,EW22,WEEKENDS/HOLIDAY,18,308.4,358.5
Dover,EW22,WEEKENDS/HOLIDAY,19,202.9,371.9
Dover,EW22,WEEKENDS/HOLIDAY,20,147.0,321.8
Dover,EW22,WEEKENDS/HOLIDAY,21,177.7,322.7
Dover,EW22,WEEKENDS/HOLIDAY,22,108.9,295.3
Dover,EW22,WEEKENDS/HOLIDAY,23,40.6,139.0
Downtown,DT17,WEEKDAY,0,11.65,5.75
Downtown,DT17,WEEKDAY,5,5.05,0.05
Downtown,DT17,WEEKDAY,6,33.0,643.55
Downtown,DT17,WEEKDAY,7,127.75,1705.1
Downtown,DT17,WEEKDAY,8,278.95,6561.05
Downtown,DT17,WEEKDAY,9,206.3,5920.45
Downtown,DT17,WEEKDAY,10,245.1,1483.9
Downtown,DT17,WEEKDAY,11,1280.35,744.65
Downtown,DT17,WEEKDAY,12,1585.45,857.1
Downtown,DT17,WEEKDAY,13,596.95,2023.85
Downtown,DT17,WEEKDAY,14,529.65,799.45
Downtown,DT17,WEEKDAY,15,681.0,353.7
Downtown,DT17,WEEKDAY,16,1174.55,363.35
Downtown,DT17,WEEKDAY,17,3365.95,450.4
Downtown,DT17,WEEKDAY,18,6445.4,612.2
Downtown,DT17,WEEKDAY,19,3062.6,355.2
Downtown,DT17,WEEKDAY,20,1366.2,230.05
Downtown,DT17,WEEKDAY,21,830.85,184.75
Downtown,DT17,WEEKDAY,22,481.95,113.75
Downtown,DT17,WEEKDAY,23,216.15,45.85
Downtown,DT17,WEEKENDS/HOLIDAY,0,8.3,7.1
Downtown,DT17,WEEKENDS/HOLIDAY,5,3.7,0.0
Downtown,DT17,WEEKENDS/HOLIDAY,6,23.2,133.1
Downtown,DT17,WEEKENDS/HOLIDAY,7,73.1,271.1
Downtown,DT17,WEEKENDS/HOLIDAY,8,130.4,357.1
Downtown,DT17,WEEKENDS/HOLIDAY,9,135.8,320.5
Downtown,DT17,WEEKENDS/HOLIDAY,10,204.2,282.3
Downtown,DT17,WEEKENDS/HOLIDAY,11,270.9,288.4
Downtown,DT17,WEEKENDS/HOLIDAY,12,293.3,320.5
Downtown,DT17,WEEKENDS/HOLIDAY,13,273.7,339.0
Downtown,DT17,WEEKENDS/HOLIDAY,14,303.2,305.9
Downtown,DT17,WEEKENDS/HOLIDAY,15,305.8,283.5
Downtown,DT17,WEEKENDS/HOLIDAY,16,349.1,303.0
Downtown,DT17,WEEKENDS/HOLIDAY,17,360.8,341.2
Downtown,DT17,WEEKENDS/HOLIDAY,18,383.3,356.6
Downtown,DT17,WEEKENDS/HOLIDAY,19,349.0,281.1
Downtown,DT17,WEEKENDS/HOLIDAY,20,299.0,261.0
Downtown,DT17,WEEKENDS/HOLIDAY,21,313.2,210.0
Downtown,DT17,WEEKENDS/HOLIDAY,22,280.2,139.9
Downtown,DT17,WEEKENDS/HOLIDAY,23,153.0,81.0
Esplanade,CC3,WEEKDAY,0,1.65,1.25
Esplanade,CC3,WEEKDAY,5,6.9,0.65
Esplanade,CC3,WEEKDAY,6,12.3,186.7
Esplanade,CC3,WEEKDAY,7,39.25,387.85
Esplanade,CC3,WEEKDAY,8,96.55,1133.05
Esplanade,CC3,WEEKDAY,9,83.2,1131.05
Esplanade,CC3,WEEKDAY,10,103.3,655.8
Esplanade,CC3,WEEKDAY,11,217.3,575.35
Esplanade,CC3,WEEKDAY,12,273.0,459.4
Esplanade,CC3,WEEKDAY,13,356.2,425.85
Esplanade,CC3,WEEKDAY,14,396.4,349.85
Esplanade,CC3,WEEKDAY,15,449.0,330.15
Esplanade,CC3,WEEKDAY,16,511.4,287.8
Esplanade,CC3,WEEKDAY,17,891.3,377.35
Esplanade,CC3,WEEKDAY,18,1395.45,556.5
Esplanade,CC3,WEEKDAY,19,856.75,352.5
Esplanade,CC3,WEEKDAY,20,707.7,134.2
Esplanade,CC3,WEEKDAY,21,779.2,96.55
Esplanade,CC3,WEEKDAY,22,654.7,96.4
Esplanade,CC3,WEEKDAY,23,172.65,36.85
Esplanade,CC3,WEEKENDS/HOLIDAY,0,0.8,0.7
Esplanade,CC3,WEEKENDS/HOLIDAY,5,0.3,0.2
Esplanade,CC3,WEEKENDS/HOLIDAY,6,2.9,15.4
Esplanade,CC3,WEEKENDS/HOLIDAY,7,4.2,47.8
Esplanade,CC3,WEEKENDS/HOLIDAY,8,25.6,165.3
Esplanade,CC3,WEEKENDS/HOLIDAY,9,108.8,818.5
Esplanade,CC3,WEEKENDS/HOLIDAY,10,168.6,1016.2
Esplanade,CC3,WEEKENDS/HOLIDAY,11,220.9,818.5
Esplanade,CC3,WEEKENDS/HOLIDAY,12,523.8,775.1
Esplanade,CC3,WEEKENDS/HOLIDAY,13,557.3,794.9
Esplanade,CC3,WEEKENDS/HOLIDAY,14,677.0,704.9
Esplanade,CC3,WEEKENDS/HOLIDAY,15,811.4,648.8
Esplanade,CC3,WEEKENDS/HOLIDAY,16,915.0,746.9
Esplanade,CC3,WEEKENDS/HOLIDAY,17,1014.5,668.6
Esplanade,CC3,WEEKENDS/HOLIDAY,18,960.2,637.9
Esplanade,CC3,WEEKENDS/HOLIDAY,19,938.0,486.7
Esplanade,CC3,WEEKENDS/HOLIDAY,20,858.6,212.7
Esplanade,CC3,WEEKENDS/HOLIDAY,21,1040.1,160.5
Esplanade,CC3,WEEKENDS/HOLIDAY,22,841.4,210.9
Esplanade,CC3,WEEKENDS/HOLIDAY,23,174.1,66.8
Eunos,EW7,WEEKDAY,0,5.9,53.4
Eunos,EW7,WEEKDAY,5,180.65,36.8
Eunos,EW7,WEEKDAY,6,888.8,353.2
Eunos,EW7,WEEKDAY,7,1723.85,896.9
Eunos,EW7,WEEKDAY,8,2282.7,1166.35
Eunos,EW7,WEEKDAY,9,1284.7,700.95
Eunos,EW7,WEEKDAY,10,775.6,442.75
Eunos,EW7,WEEKDAY,11,710.9,476.0
Eunos,EW7,WEEKDAY,12,760.15,629.2
Eunos,EW7,WEEKDAY,13,680.15,660.85
Eunos,EW7,WEEKDAY,14,552.7,654.9
Eunos,EW7,WEEKDAY,15,504.65,663.2
Eunos,EW7,WEEKDAY,16,657.45,819.45
Eunos,EW7,WEEKDAY,17,1036.15,1294.95
Eunos,EW7,WEEKDAY,18,1235.15,2343.2
Eunos,EW7,WEEKDAY,19,667.3,1831.05
Eunos,EW7,WEEKDAY,20,361.0,1264.65
Eunos,EW7,WEEKDAY,21,288.0,1170.75
Eunos,EW7,WEEKDAY,22,216.9,844.05
Eunos,EW7,WEEKDAY,23,75.6,409.65
Eunos,EW7,WEEKENDS/HOLIDAY,0,6.7,59.1
Eunos,EW7,WEEKENDS/HOLIDAY,5,72.3,12.9
Eunos,EW7,WEEKENDS/HOLIDAY,6,440.8,172.7
Eunos,EW7,WEEKENDS/HOLIDAY,7,678.0,391.1
Eunos,EW7,WEEKENDS/HOLIDAY,8,844.0,538.4
Eunos,EW7,WEEKENDS/HOLIDAY,9,986.5,605.3
Eunos,EW7,WEEKENDS/HOLIDAY,10,951.6,605.5
Eunos,EW7,WEEKENDS/HOLIDAY,11,943.9,618.6
Eunos,EW7,WEEKENDS/HOLIDAY,12,948.6,701.8
Eunos,EW7,WEEKENDS/HOLIDAY,13,854.8,782.2
Eunos,EW7,WEEKENDS/HOLIDAY,14,728.4,759.5
Eunos,EW7,WEEKENDS/HOLIDAY,15,649.4,785.6
Eunos,EW7,WEEKENDS/HOLIDAY,16,745.2,836.8
Eunos,EW7,WEEKENDS/HOLIDAY,17,868.0,940.4
Eunos,EW7,WEEKENDS/HOLIDAY,18,840.0,1055.6
Eunos,EW7,WEEKENDS/HOLIDAY,19,625.0,1038.4
Eunos,EW7,WEEKENDS/HOLIDAY,20,387.0,1000.0
Eunos,EW7,WEEKENDS/HOLIDAY,21,301.5,987.7
Eunos,EW7,WEEKENDS/HOLIDAY,22,213.4,816.2
Eunos,EW7,WEEKENDS/HOLIDAY,23,79.4,432.2
Expo,CG1/DT35,WEEKDAY,0,0.8,16.6
Expo,CG1/DT35,WEEKDAY,5,18.8,19.35
Expo,CG1/DT35,WEEKDAY,6,112.55,546.3
Expo,CG1/DT35,WEEKDAY,7,142.0,1599.95
Expo,CG1/DT35,WEEKDAY,8,160.15,4019.15
Expo,CG1/DT35,WEEKDAY,9,131.4,3095.75
Expo,CG1/DT35,WEEKDAY,10,167.05,1375.6
Expo,CG1/DT35,WEEKDAY,11,396.5,748.25
Expo,CG1/DT35,WEEKDAY,12,639.05,728.1
Expo,CG1/DT35,WEEKDAY,13,593.6,788.7
Expo,CG1/DT35,WEEKDAY,14,598.65,622.4
Expo,CG1/DT35,WEEKDAY,15,844.5,457.45
Expo,CG1/DT35,WEEKDAY,16,1247.55,414.9
Expo,CG1/DT35,WEEKDAY,17,2746.85,528.4
Expo,CG1/DT35,WEEKDAY,18,4123.55,707.65
Expo,CG1/DT35,WEEKDAY,19,2087.75,532.8
Expo,CG1/DT35,WEEKDAY,20,1278.2,233.45
Expo,CG1/DT35,WEEKDAY,21,885.75,165.15
Expo,CG1/DT35,WEEKDAY,22,491.15,94.45
Expo,CG1/DT35,WEEKDAY,23,126.15,60.85
Expo,CG1/DT35,WEEKENDS/HOLIDAY,0,2.3,31.4
Expo,CG1/DT35,WEEKENDS/HOLIDAY,5,28.9,9.8
Expo,CG1/DT35,WEEKENDS/HOLIDAY,6,100.5,182.2
Expo,CG1/DT35,WEEKENDS/HOLIDAY,7,154.2,534.6
Expo,CG1/DT35,WEEKENDS/HOLIDAY,8,151.8,690.5
Expo,CG1/DT35,WEEKENDS/HOLIDAY,9,166.3,693.5
Expo,CG1/DT35,WEEKENDS/HOLIDAY,10,266.1,718.6
Expo,CG1/DT35,WEEKENDS/HOLIDAY,11,368.4,780.3
Expo,CG1/DT35,WEEKENDS/HOLIDAY,12,561.0,927.6
Expo,CG1/DT35,WEEKENDS/HOLIDAY,13,749.7,994.2
Expo,CG1/DT35,WEEKENDS/HOLIDAY,14,854.4,1017.6
Expo,CG1/DT35,WEEKENDS/HOLIDAY,15,1018.7,1009.2
Expo,CG1/DT35,WEEKENDS/HOLIDAY,16,1123.0,969.7
Expo,CG1/DT35,WEEKENDS/HOLIDAY,17,1180.4,1003.9
Expo,CG1/DT35,WEEKENDS/HOLIDAY,18,1194.5,895.9
Expo,CG1/DT35,WEEKENDS/HOLIDAY,19,1099.6,761.0
Expo,CG1/DT35,WEEKENDS/HOLIDAY,20,1059.8,435.3
Expo,CG1/DT35,WEEKENDS/HOLIDAY,21,1055.2,284.9
Expo,CG1/DT35,WEEKENDS/HOLIDAY,22,645.3,211.3
Expo,CG1/DT35,WEEKENDS/HOLIDAY,23,135.8,114.2
Farrer Park,NE8,WEEKDAY,0,12.0,20.5
Farrer Park,NE8,WEEKDAY,5,56.1,4.9
Farrer Park,NE8,WEEKDAY,6,854.85,492.1
Farrer Park,NE8,WEEKDAY,7,1863.95,1300.3
Farrer Park,NE8,WEEKDAY,8,1957.8,2088.1
Farrer Park,NE8,WEEKDAY,9,1194.1,1461.5
Farrer Park,NE8,WEEKDAY,10,884.9,1255.5
Farrer Park,NE8,WEEKDAY,11,987.1,1301.35
Farrer Park,NE8,WEEKDAY,12,1160.1,1672.8
Farrer Park,NE8,WEEKDAY,13,1621.95,1403.0
Farrer Park,NE8,WEEKDAY,14,1311.5,1304.45
Farrer Park,NE8,WEEKDAY,15,1380.45,1313.25
Farrer Park,NE8,WEEKDAY,16,1418.95,1495.45
Farrer Park,NE8,WEEKDAY,17,2053.9,2322.95
Farrer Park,NE8,WEEKDAY,18,2248.6,3763.9
Farrer Park,NE8,WEEKDAY,19,1866.6,3257.35
Farrer Park,NE8,WEEKDAY,20,1837.7,1909.1
Farrer Park,NE8,WEEKDAY,21,1988.25,1341.25
Farrer Park,NE8,WEEKDAY,22,1348.35,995.95
Farrer Park,NE8,WEEKDAY,23,490.1,439.1
Farrer Park,NE8,WEEKENDS/HOLIDAY,0,13.6,30.1
Farrer Park,NE8,WEEKENDS/HOLIDAY,5,31.8,4.1
Farrer Park,NE8,WEEKENDS/HOLIDAY,6,544.2,353.2
Farrer Park,NE8,WEEKENDS/HOLIDAY,7,1051.3,724.4
Farrer Park,NE8,WEEKENDS/HOLIDAY,8,957.4,1173.4
Farrer Park,NE8,WEEKENDS/HOLIDAY,9,966.6,1585.9
Farrer Park,NE8,WEEKENDS/HOLIDAY,10,1140.5,2123.4
Farrer Park,NE8,WEEKENDS/HOLIDAY,11,1415.6,2350.9
Farrer Park,NE8,WEEKENDS/HOLIDAY,12,1844.6,2467.3
Farrer Park,NE8,WEEKENDS/HOLIDAY,13,2052.9,2519.1
Farrer Park,NE8,WEEKENDS/HOLIDAY,14,2162.6,2440.9
Farrer Park,NE8,WEEKENDS/HOLIDAY,15,2308.4,2464.2
Farrer Park,NE8,WEEKENDS/HOLIDAY,16,2476.3,2742.1
Farrer Park,NE8,WEEKENDS/HOLIDAY,17,2616.8,3586.9
Farrer Park,NE8,WEEKENDS/HOLIDAY,18,2862.2,3853.2
Farrer Park,NE8,WEEKENDS/HOLIDAY,19,3089.0,3289.9
Farrer Park,NE8,WEEKENDS/HOLIDAY,20,3125.8,2085.4
Farrer Park,NE8,WEEKENDS/HOLIDAY,21,3084.6,1374.9
Farrer Park,NE8,WEEKENDS/HOLIDAY,22,2069.9,1048.7
Farrer Park,NE8,WEEKENDS/HOLIDAY,23,719.4,496.7
Farrer Road,CC20,WEEKDAY,0,0.9,5.5
Farrer Road,CC20,WEEKDAY,5,27.1,11.65
Farrer Road,CC20,WEEKDAY,6,194.85,130.55
Farrer Road,CC20,WEEKDAY,7,590.55,381.2
Farrer Road,CC20,WEEKDAY,8,735.05,382.75
Farrer Road,CC20,WEEKDAY,9,446.5,268.2
Farrer Road,CC20,WEEKDAY,10,241.9,167.8
Farrer Road,CC20,WEEKDAY,11,245.0,161.15
Farrer Road,CC20,WEEKDAY,12,249.35,222.1
Farrer Road,CC20,WEEKDAY,13,316.1,243.45
Farrer Road,CC20,WEEKDAY,14,231.3,239.45
Farrer Road,CC20,WEEKDAY,15,209.0,262.95
Farrer Road,CC20,WEEKDAY,16,303.3,381.55
Farrer Road,CC20,WEEKDAY,17,418.9,508.3
Farrer Road,CC20,WEEKDAY,18,456.8,696.65
Farrer Road,CC20,WEEKDAY,19,269.65,533.9
Farrer Road,CC20,WEEKDAY,20,138.6,300.2
Farrer Road,CC20,WEEKDAY,21,124.7,233.95
Farrer Road,CC20,WEEKDAY,22,68.8,165.25
Farrer Road,CC20,WEEKDAY,23,12.75,63.3
Farrer Road,CC20,WEEKENDS/HOLIDAY,0,0.7,3.8
Farrer Road,CC20,WEEKENDS/HOLIDAY,5,1.9,1.0
Farrer Road,CC20,WEEKENDS/HOLIDAY,6,8.5,6.9
Farrer Road,CC20,WEEKENDS/HOLIDAY,7,25.6,28.6
Farrer Road,CC20,WEEKENDS/HOLIDAY,8,105.2,62.5
Farrer Road,CC20,WEEKENDS/HOLIDAY,9,359.0,236.3
Farrer Road,CC20,WEEKENDS/HOLIDAY,10,331.3,266.0
Farrer Road,CC20,WEEKENDS/HOLIDAY,11,341.9,248.3
Farrer Road,CC20,WEEKENDS/HOLIDAY,12,360.6,244.9
Farrer Road,CC20,WEEKENDS/HOLIDAY,13,323.9,282.8
Farrer Road,CC20,WEEKENDS/HOLIDAY,14,243.1,273.9
Farrer Road,CC20,WEEKENDS/HOLIDAY,15,232.2,261.5
Farrer Road,CC20,WEEKENDS/HOLIDAY,16,243.4,291.3
Farrer Road,CC20,WEEKENDS/HOLIDAY,17,335.0,333.3
Farrer Road,CC20,WEEKENDS/HOLIDAY,18,290.0,325.4
Farrer Road,CC20,WEEKENDS/HOLIDAY,19,272.5,325.7
Farrer Road,CC20,WEEKENDS/HOLIDAY,20,132.0,256.1
Farrer Road,CC20,WEEKENDS/HOLIDAY,21,104.1,222.5
Farrer Road,CC20,WEEKENDS/HOLIDAY,22,75.7,154.9
Farrer Road,CC20,WEEKENDS/HOLIDAY,23,11.8,53.3
Fort Canning,DT20,WEEKDAY,0,8.75,12.45
Fort Canning,DT20,WEEKDAY,5,2.15,0.0
Fort Canning,DT20,WEEKDAY,6,58.65,225.3
Fort Canning,DT20,WEEKDAY,7,289.25,651.6
Fort Canning,DT20,WEEKDAY,8,589.4,899.5
Fort Canning,DT20,WEEKDAY,9,425.7,595.0
Fort Canning,DT20,WEEKDAY,10,248.9,322.25
Fort Canning,DT20,WEEKDAY,11,311.15,261.7
Fort Canning,DT20,WEEKDAY,12,364.8,304.25
Fort Canning,DT20,WEEKDAY,13,224.9,389.85
Fort Canning,DT20,WEEKDAY,14,193.05,292.55
Fort Canning,DT20,WEEKDAY,15,227.6,254.2
Fort Canning,DT20,WEEKDAY,16,296.3,314.15
Fort Canning,DT20,WEEKDAY,17,664.25,452.3
Fort Canning,DT20,WEEKDAY,18,916.55,780.85
Fort Canning,DT20,WEEKDAY,19,508.3,539.1
Fort Canning,DT20,WEEKDAY,20,437.55,327.5
Fort Canning,DT20,WEEKDAY,21,350.2,270.1
Fort Canning,DT20,WEEKDAY,22,318.8,200.45
Fort Canning,DT20,WEEKDAY,23,174.9,104.6
Fort Canning,DT20,WEEKENDS/HOLIDAY,0,8.6,17.5
Fort Canning,DT20,WEEKENDS/HOLIDAY,5,3.1,0.0
Fort Canning,DT20,WEEKENDS/HOLIDAY,6,37.9,122.2
Fort Canning,DT20,WEEKENDS/HOLIDAY,7,82.5,413.6
Fort Canning,DT20,WEEKENDS/HOLIDAY,8,130.9,279.7
Fort Canning,DT20,WEEKENDS/HOLIDAY,9,209.7,325.2
Fort Canning,DT20,WEEKENDS/HOLIDAY,10,270.3,361.5
Fort Canning,DT20,WEEKENDS/HOLIDAY,11,330.3,358.0
Fort Canning,DT20,WEEKENDS/HOLIDAY,12,325.6,321.1
Fort Canning,DT20,WEEKENDS/HOLIDAY,13,265.5,310.0
Fort Canning,DT20,WEEKENDS/HOLIDAY,14,283.8,315.0
Fort Canning,DT20,WEEKENDS/HOLIDAY,15,307.6,333.4
Fort Canning,DT20,WEEKENDS/HOLIDAY,16,358.3,348.3
Fort Canning,DT20,WEEKENDS/HOLIDAY,17,389.3,384.0
Fort Canning,DT20,WEEKENDS/HOLIDAY,18,450.4,365.9
Fort Canning,DT20,WEEKENDS/HOLIDAY,19,384.6,316.5
Fort Canning,DT20,WEEKENDS/HOLIDAY,20,328.7,320.6
Fort Canning,DT20,WEEKENDS/HOLIDAY,21,276.1,272.9
Fort Canning,DT20,WEEKENDS/HOLIDAY,22,302.4,225.8
Fort Canning,DT20,WEEKENDS/HOLIDAY,23,182.2,133.5
Gardens by the Bay,TE22,WEEKDAY,0,1.75,2.75
Gardens by the Bay,TE22,WEEKDAY,5,1.2,0.05
Gardens by the Bay,TE22,WEEKDAY,6,6.2,32.9
Gardens by the Bay,TE22,WEEKDAY,7,12.8,80.05
Gardens by the Bay,TE22,WEEKDAY,8,17.9,137.95
Gardens by the Bay,TE22,WEEKDAY,9,22.9,155.45
Gardens by the Bay,TE22,WEEKDAY,10,40.0,206.9
Gardens by the Bay,TE22,WEEKDAY,11,72.25,189.85
Gardens by the Bay,TE22,WEEKDAY,12,100.05,180.8
Gardens by the Bay,TE22,WEEKDAY,13,98.2,192.15
Gardens by the Bay,TE22,WEEKDAY,14,113.95,216.6
Gardens by the Bay,TE22,WEEKDAY,15,134.85,216.7
Gardens by the Bay,TE22,WEEKDAY,16,124.45,297.4
Gardens by the Bay,TE22,WEEKDAY,17,170.6,368.4
Gardens by the Bay,TE22,WEEKDAY,18,216.0,417.4
Gardens by the Bay,TE22,WEEKDAY,19,285.6,447.4
Gardens by the Bay,TE22,WEEKDAY,20,498.65,199.4
Gardens by the Bay,TE22,WEEKDAY,21,373.1,59.55
Gardens by the Bay,TE22,WEEKDAY,22,158.95,22.55
Gardens by the Bay,TE22,WEEKDAY,23,50.25,7.0
Gardens by the Bay,TE22,WEEKENDS/HOLIDAY,0,3.0,3.9
Gardens by the Bay,TE22,WEEKENDS/HOLIDAY,5,0.3,0.0
Gardens by the Bay,TE22,WEEKENDS/HOLIDAY,6,9.7,75.7
Gardens by the Bay,TE22,WEEKENDS/HOLIDAY,7,22.5,207.9
Gardens by the Bay,TE22,WEEKENDS/HOLIDAY,8,51.6,193.5
Gardens by the Bay,TE22,WEEKENDS/HOLIDAY,9,153.6,264.3
Gardens by the Bay,TE22,WEEKENDS/HOLIDAY,10,162.5,393.0
Gardens by the Bay,TE22,WEEKENDS/HOLIDAY,11,154.6,409.1
Gardens by the Bay,TE22,WEEKENDS/HOLIDAY,12,175.0,376.2
Gardens by the Bay,TE22,WEEKENDS/HOLIDAY,13,173.9,366.6
Gardens by the Bay,TE22,WEEKENDS/HOLIDAY,14,203.5,454.7
Gardens by the Bay,TE22,WEEKENDS/HOLIDAY,15,264.3,463.4
Gardens by the Bay,TE22,WEEKENDS/HOLIDAY,16,310.9,602.9
Gardens by the Bay,TE22,WEEKENDS/HOLIDAY,17,351.7,739.6
Gardens by the Bay,TE22,WEEKENDS/HOLIDAY,18,373.4,748.9
Gardens by the Bay,TE22,WEEKENDS/HOLIDAY,19,518.5,633.2
Gardens by the Bay,TE22,WEEKENDS/HOLIDAY,20,777.8,322.0
Gardens by the Bay,TE22,WEEKENDS/HOLIDAY,21,603.4,88.8
Gardens by the Bay,TE22,WEEKENDS/HOLIDAY,22,313.4,45.4
Gardens by the Bay,TE22,WEEKENDS/HOLIDAY,23,96.4,16.1
Geylang Bahru,DT24,WEEKDAY,0,2.6,21.35
Geylang Bahru,DT24,WEEKDAY,5,79.3,0.05
Geylang Bahru,DT24,WEEKDAY,6,332.95,164.2
Geylang Bahru,DT24,WEEKDAY,7,708.75,363.7
Geylang Bahru,DT24,WEEKDAY,8,883.9,647.25
Geylang Bahru,DT24,WEEKDAY,9,491.05,332.2
Geylang Bahru,DT24,WEEKDAY,10,284.6,139.65
Geylang Bahru,DT24,WEEKDAY,11,244.4,143.3
Geylang Bahru,DT24,WEEKDAY,12,245.95,176.25
Geylang Bahru,DT24,WEEKDAY,13,223.8,186.4
Geylang Bahru,DT24,WEEKDAY,14,184.15,177.3
Geylang Bahru,DT24,WEEKDAY,15,190.25,191.85
Geylang Bahru,DT24,WEEKDAY,16,235.35,234.35
Geylang Bahru,DT24,WEEKDAY,17,570.4,451.65
Geylang Bahru,DT24,WEEKDAY,18,641.05,765.05
Geylang Bahru,DT24,WEEKDAY,19,310.15,503.95
Geylang Bahru,DT24,WEEKDAY,20,163.25,346.35
Geylang Bahru,DT24,WEEKDAY,21,120.15,331.65
Geylang Bahru,DT24,WEEKDAY,22,80.9,305.05
Geylang Bahru,DT24,WEEKDAY,23,30.6,190.7
Geylang Bahru,DT24,WEEKENDS/HOLIDAY,0,2.7,23.4
Geylang Bahru,DT24,WEEKENDS/HOLIDAY,5,28.1,0.0
Geylang Bahru,DT24,WEEKENDS/HOLIDAY,6,176.6,79.6
Geylang Bahru,DT24,WEEKENDS/HOLIDAY,7,261.2,118.0
Geylang Bahru,DT24,WEEKENDS/HOLIDAY,8,280.2,144.1
Geylang Bahru,DT24,WEEKENDS/HOLIDAY,9,305.7,145.9
Geylang Bahru,DT24,WEEKENDS/HOLIDAY,10,284.0,138.8
Geylang Bahru,DT24,WEEKENDS/HOLIDAY,11,274.9,153.7
Geylang Bahru,DT24,WEEKENDS/HOLIDAY,12,252.1,179.3
Geylang Bahru,DT24,WEEKENDS/HOLIDAY,13,245.5,211.4
Geylang Bahru,DT24,WEEKENDS/HOLIDAY,14,239.0,191.6
Geylang Bahru,DT24,WEEKENDS/HOLIDAY,15,196.0,215.2
Geylang Bahru,DT24,WEEKENDS/HOLIDAY,16,215.6,228.1
Geylang Bahru,DT24,WEEKENDS/HOLIDAY,17,244.7,276.9
Geylang Bahru,DT24,WEEKENDS/HOLIDAY,18,259.1,295.5
Geylang Bahru,DT24,WEEKENDS/HOLIDAY,19,205.9,276.5
Geylang Bahru,DT24,WEEKENDS/HOLIDAY,20,138.2,290.8
Geylang Bahru,DT24,WEEKENDS/HOLIDAY,21,111.9,303.6
Geylang Bahru,DT24,WEEKENDS/HOLIDAY,22,87.4,324.2
Geylang Bahru,DT24,WEEKENDS/HOLIDAY,23,34.7,214.3
Great World,TE15,WEEKDAY,0,3.0,11.75
Great World,TE15,WEEKDAY,5,12.1,1.2
Great World,TE15,WEEKDAY,6,110.35,177.0
Great World,TE15,WEEKDAY,7,538.1,483.45
Great World,TE15,WEEKDAY,8,891.6,797.45
Great World,TE15,WEEKDAY,9,589.4,738.1
Great World,TE15,WEEKDAY,10,346.2,479.55
Great World,TE15,WEEKDAY,11,363.6,461.85
Great World,TE15,WEEKDAY,12,429.0,606.2
Great World,TE15,WEEKDAY,13,639.05,527.45
Great World,TE15,WEEKDAY,14,486.55,476.75
Great World,TE15,WEEKDAY,15,423.2,504.15
Great World,TE15,WEEKDAY,16,539.8,625.45
Great World,TE15,WEEKDAY,17,752.0,824.8
Great World,TE15,WEEKDAY,18,928.1,1232.5
Great World,TE15,WEEKDAY,19,587.85,808.7
Great World,TE15,WEEKDAY,20,517.3,414.95
Great World,TE15,WEEKDAY,21,562.4,290.85
Great World,TE15,WEEKDAY,22,365.4,195.0
Great World,TE15,WEEKDAY,23,88.6,89.5
Great World,TE15,WEEKENDS/HOLIDAY,0,2.6,12.0
Great World,TE15,WEEKENDS/HOLIDAY,5,4.4,1.2
Great World,TE15,WEEKENDS/HOLIDAY,6,48.6,93.7
Great World,TE15,WEEKENDS/HOLIDAY,7,121.0,247.0
Great World,TE15,WEEKENDS/HOLIDAY,8,250.7,325.7
Great World,TE15,WEEKENDS/HOLIDAY,9,356.3,554.5
Great World,TE15,WEEKENDS/HOLIDAY,10,428.6,586.6
Great World,TE15,WEEKENDS/HOLIDAY,11,505.1,607.1
Great World,TE15,WEEKENDS/HOLIDAY,12,557.6,653.0
Great World,TE15,WEEKENDS/HOLIDAY,13,601.1,666.7
Great World,TE15,WEEKENDS/HOLIDAY,14,613.9,630.3
Great World,TE15,WEEKENDS/HOLIDAY,15,624.9,597.7
Great World,TE15,WEEKENDS/HOLIDAY,16,634.7,634.3
Great World,TE15,WEEKENDS/HOLIDAY,17,660.6,731.7
Great World,TE15,WEEKENDS/HOLIDAY,18,645.8,629.8
Great World,TE15,WEEKENDS/HOLIDAY,19,583.9,568.9
Great World,TE15,WEEKENDS/HOLIDAY,20,509.8,407.6
Great World,TE15,WEEKENDS/HOLIDAY,21,585.2,303.5
Great World,TE15,WEEKENDS/HOLIDAY,22,414.3,213.5
Great World,TE15,WEEKENDS/HOLIDAY,23,113.3,107.5
Gul Circle,EW30,WEEKDAY,0,0.0,7.6
Gul Circle,EW30,WEEKDAY,5,51.65,90.8
Gul Circle,EW30,WEEKDAY,6,113.3,487.75
Gul Circle,EW30,WEEKDAY,7,174.35,1498.1
Gul Circle,EW30,WEEKDAY,8,110.85,1107.35
Gul Circle,EW30,WEEKDAY,9,44.45,216.55
Gul Circle,EW30,WEEKDAY,10,65.3,69.3
Gul Circle,EW30,WEEKDAY,11,99.85,56.35
Gul Circle,EW30,WEEKDAY,12,119.6,67.85
Gul Circle,EW30,WEEKDAY,13,65.9,68.55
Gul Circle,EW30,WEEKDAY,14,99.55,59.4
Gul Circle,EW30,WEEKDAY,15,144.25,37.25
Gul Circle,EW30,WEEKDAY,16,392.7,39.3
Gul Circle,EW30,WEEKDAY,17,1354.75,92.9
Gul Circle,EW30,WEEKDAY,18,959.25,162.65
Gul Circle,EW30,WEEKDAY,19,582.15,127.05
Gul Circle,EW30,WEEKDAY,20,322.15,75.35
Gul Circle,EW30,WEEKDAY,21,128.95,57.35
Gul Circle,EW30,WEEKDAY,22,71.75,36.3
Gul Circle,EW30,WEEKDAY,23,11.15,28.0
Gul Circle,EW30,WEEKENDS/HOLIDAY,0,0.0,19.8
Gul Circle,EW30,WEEKENDS/HOLIDAY,5,29.7,20.2
Gul Circle,EW30,WEEKENDS/HOLIDAY,6,87.2,171.0
Gul Circle,EW30,WEEKENDS/HOLIDAY,7,146.8,499.4
Gul Circle,EW30,WEEKENDS/HOLIDAY,8,123.3,357.1
Gul Circle,EW30,WEEKENDS/HOLIDAY,9,94.0,67.6
Gul Circle,EW30,WEEKENDS/HOLIDAY,10,100.4,44.2
Gul Circle,EW30,WEEKENDS/HOLIDAY,11,109.9,44.3
Gul Circle,EW30,WEEKENDS/HOLIDAY,12,159.3,72.6
Gul Circle,EW30,WEEKENDS/HOLIDAY,13,131.7,66.0
Gul Circle,EW30,WEEKENDS/HOLIDAY,14,122.3,65.1
Gul Circle,EW30,WEEKENDS/HOLIDAY,15,161.8,72.5
Gul Circle,EW30,WEEKENDS/HOLIDAY,16,324.7,61.3
Gul Circle,EW30,WEEKENDS/HOLIDAY,17,430.4,129.2
Gul Circle,EW30,WEEKENDS/HOLIDAY,18,315.6,163.8
Gul Circle,EW30,WEEKENDS/HOLIDAY,19,246.0,172.9
Gul Circle,EW30,WEEKENDS/HOLIDAY,20,146.6,161.0
Gul Circle,EW30,WEEKENDS/HOLIDAY,21,59.7,145.7
Gul Circle,EW30,WEEKENDS/HOLIDAY,22,49.6,103.7
Gul Circle,EW30,WEEKENDS/HOLIDAY,23,14.0,70.2
HarbourFront,NE1/CC29,WEEKDAY,0,1.95,12.25
HarbourFront,NE1/CC29,WEEKDAY,5,95.7,9.05
HarbourFront,NE1/CC29,WEEKDAY,6,323.15,1372.0
HarbourFront,NE1/CC29,WEEKDAY,7,966.85,3059.25
HarbourFront,NE1/CC29,WEEKDAY,8,1468.75,5508.75
HarbourFront,NE1/CC29,WEEKDAY,9,956.75,4930.05
HarbourFront,NE1/CC29,WEEKDAY,10,810.05,3602.9
HarbourFront,NE1/CC29,WEEKDAY,11,1055.0,3268.85
HarbourFront,NE1/CC29,WEEKDAY,12,1623.55,3534.15
HarbourFront,NE1/CC29,WEEKDAY,13,2476.5,2650.6
HarbourFront,NE1/CC29,WEEKDAY,14,2148.45,2405.7
HarbourFront,NE1/CC29,WEEKDAY,15,2499.55,2126.95
HarbourFront,NE1/CC29,WEEKDAY,16,3142.8,2191.15
HarbourFront,NE1/CC29,WEEKDAY,17,5194.7,2968.45
HarbourFront,NE1/CC29,WEEKDAY,18,7145.4,4160.5
HarbourFront,NE1/CC29,WEEKDAY,19,5120.8,2577.15
HarbourFront,NE1/CC29,WEEKDAY,20,4260.6,1264.45
HarbourFront,NE1/CC29,WEEKDAY,21,3995.35,876.1
HarbourFront,NE1/CC29,WEEKDAY,22,3034.05,549.35
HarbourFront,NE1/CC29,WEEKDAY,23,1074.25,234.3
HarbourFront,NE1/CC29,WEEKENDS/HOLIDAY,0,3.8,20.4
HarbourFront,NE1/CC29,WEEKENDS/HOLIDAY,5,78.7,0.7
HarbourFront,NE1/CC29,WEEKENDS/HOLIDAY,6,333.6,1149.6
HarbourFront,NE1/CC29,WEEKENDS/HOLIDAY,7,709.4,1990.2
HarbourFront,NE1/CC29,WEEKENDS/HOLIDAY,8,1028.0,2210.2
HarbourFront,NE1/CC29,WEEKENDS/HOLIDAY,9,920.0,3619.4
HarbourFront,NE1/CC29,WEEKENDS/HOLIDAY,10,1056.1,4319.6
HarbourFront,NE1/CC29,WEEKENDS/HOLIDAY,11,1349.5,4349.2
HarbourFront,NE1/CC29,WEEKENDS/HOLIDAY,12,1858.7,4218.5
HarbourFront,NE1/CC29,WEEKENDS/HOLIDAY,13,2444.1,4116.0
HarbourFront,NE1/CC29,WEEKENDS/HOLIDAY,14,2929.2,4073.1
HarbourFront,NE1/CC29,WEEKENDS/HOLIDAY,15,3740.7,3819.9
HarbourFront,NE1/CC29,WEEKENDS/HOLIDAY,16,4238.5,3635.2
HarbourFront,NE1/CC29,WEEKENDS/HOLIDAY,17,4914.3,3610.2
HarbourFront,NE1/CC29,WEEKENDS/HOLIDAY,18,4913.5,3327.0
HarbourFront,NE1/CC29,WEEKENDS/HOLIDAY,19,4956.8,2381.2
HarbourFront,NE1/CC29,WEEKENDS/HOLIDAY,20,5056.6,1407.8
HarbourFront,NE1/CC29,WEEKENDS/HOLIDAY,21,5136.7,961.8
HarbourFront,NE1/CC29,WEEKENDS/HOLIDAY,22,4000.4,664.4
HarbourFront,NE1/CC29,WEEKENDS/HOLIDAY,23,1405.3,299.4
Havelock,TE16,WEEKDAY,0,4.05,15.85
Havelock,TE16,WEEKDAY,5,17.15,2.4
Havelock,TE16,WEEKDAY,6,220.35,158.15
Havelock,TE16,WEEKDAY,7,544.5,433.55
Havelock,TE16,WEEKDAY,8,739.75,855.75
Havelock,TE16,WEEKDAY,9,576.05,484.05
Havelock,TE16,WEEKDAY,10,408.7,266.65
Havelock,TE16,WEEKDAY,11,357.15,261.55
Havelock,TE16,WEEKDAY,12,356.95,284.25
Havelock,TE16,WEEKDAY,13,320.05,325.85
Havelock,TE16,WEEKDAY,14,301.3,306.2
Havelock,TE16,WEEKDAY,15,305.9,308.8
Havelock,TE16,WEEKDAY,16,399.55,375.4
Havelock,TE16,WEEKDAY,17,742.45,539.2
Havelock,TE16,WEEKDAY,18,1044.5,839.4
Havelock,TE16,WEEKDAY,19,511.55,553.95
Havelock,TE16,WEEKDAY,20,318.9,419.9
Havelock,TE16,WEEKDAY,21,301.1,440.9
Havelock,TE16,WEEKDAY,22,292.65,392.8
Havelock,TE16,WEEKDAY,23,137.75,177.9
Havelock,TE16,WEEKENDS/HOLIDAY,0,5.3,21.1
Havelock,TE16,WEEKENDS/HOLIDAY,5,7.8,3.1
Havelock,TE16,WEEKENDS/HOLIDAY,6,122.8,115.4
Havelock,TE16,WEEKENDS/HOLIDAY,7,218.3,184.5
Havelock,TE16,WEEKENDS/HOLIDAY,8,333.6,253.8
Havelock,TE16,WEEKENDS/HOLIDAY,9,436.1,325.4
Havelock,TE16,WEEKENDS/HOLIDAY,10,518.4,366.6
Havelock,TE16,WEEKENDS/HOLIDAY,11,508.4,388.7
Havelock,TE16,WEEKENDS/HOLIDAY,12,498.6,408.5
Havelock,TE16,WEEKENDS/HOLIDAY,13,435.3,406.8
Havelock,TE16,WEEKENDS/HOLIDAY,14,461.8,421.7
Havelock,TE16,WEEKENDS/HOLIDAY,15,438.5,393.6
Havelock,TE16,WEEKENDS/HOLIDAY,16,459.7,421.6
Havelock,TE16,WEEKENDS/HOLIDAY,17,519.3,460.4
Havelock,TE16,WEEKENDS/HOLIDAY,18,532.3,517.9
Havelock,TE16,WEEKENDS/HOLIDAY,19,400.6,417.3
Havelock,TE16,WEEKENDS/HOLIDAY,20,256.2,424.0
Havelock,TE16,WEEKENDS/HOLIDAY,21,251.4,470.3
Havelock,TE16,WEEKENDS/HOLIDAY,22,296.1,448.5
Havelock,TE16,WEEKENDS/HOLIDAY,23,142.8,218.4
Haw Par Villa,CC25,WEEKDAY,0,1.2,6.65
Haw Par Villa,CC25,WEEKDAY,5,37.75,15.4
Haw Par Villa,CC25,WEEKDAY,6,212.15,401.7
Haw Par Villa,CC25,WEEKDAY,7,496.2,771.9
Haw Par Villa,CC25,WEEKDAY,8,588.7,1252.85
Haw Par Villa,CC25,WEEKDAY,9,421.4,616.9
Haw Par Villa,CC25,WEEKDAY,10,294.95,262.75
Haw Par Villa,CC25,WEEKDAY,11,310.25,167.2
Haw Par Villa,CC25,WEEKDAY,12,317.75,223.2
Haw Par Villa,CC25,WEEKDAY,13,285.5,263.3
Haw Par Villa,CC25,WEEKDAY,14,246.2,233.95
Haw Par Villa,CC25,WEEKDAY,15,286.5,219.5
Haw Par Villa,CC25,WEEKDAY,16,473.05,295.7
Haw Par Villa,CC25,WEEKDAY,17,1127.75,404.25
Haw Par Villa,CC25,WEEKDAY,18,1225.2,586.85
Haw Par Villa,CC25,WEEKDAY,19,650.75,479.2
Haw Par Villa,CC25,WEEKDAY,20,244.65,317.2
Haw Par Villa,CC25,WEEKDAY,21,182.5,283.25
Haw Par Villa,CC25,WEEKDAY,22,119.65,210.75
Haw Par Villa,CC25,WEEKDAY,23,35.6,77.05
Haw Par Villa,CC25,WEEKENDS/HOLIDAY,0,0.8,4.6
Haw Par Villa,CC25,WEEKENDS/HOLIDAY,5,4.5,0.5
Haw Par Villa,CC25,WEEKENDS/HOLIDAY,6,14.7,31.0
Haw Par Villa,CC25,WEEKENDS/HOLIDAY,7,42.9,51.9
Haw Par Villa,CC25,WEEKENDS/HOLIDAY,8,110.4,50.9
Haw Par Villa,CC25,WEEKENDS/HOLIDAY,9,266.5,221.1
Haw Par Villa,CC25,WEEKENDS/HOLIDAY,10,333.6,216.6
Haw Par Villa,CC25,WEEKENDS/HOLIDAY,11,362.5,204.4
Haw Par Villa,CC25,WEEKENDS/HOLIDAY,12,425.8,232.5
Haw Par Villa,CC25,WEEKENDS/HOLIDAY,13,333.3,263.1
Haw Par Villa,CC25,WEEKENDS/HOLIDAY,14,316.6,288.5
Haw Par Villa,CC25,WEEKENDS/HOLIDAY,15,334.8,271.7
Haw Par Villa,CC25,WEEKENDS/HOLIDAY,16,365.2,272.5
Haw Par Villa,CC25,WEEKENDS/HOLIDAY,17,412.7,288.8
Haw Par Villa,CC25,WEEKENDS/HOLIDAY,18,386.9,373.1
Haw Par Villa,CC25,WEEKENDS/HOLIDAY,19,423.5,343.1
Haw Par Villa,CC25,WEEKENDS/HOLIDAY,20,187.5,269.5
Haw Par Villa,CC25,WEEKENDS/HOLIDAY,21,146.7,280.9
Haw Par Villa,CC25,WEEKENDS/HOLIDAY,22,125.6,222.2
Haw Par Villa,CC25,WEEKENDS/HOLIDAY,23,16.6,77.5
Hillview,DT3,WEEKDAY,0,1.35,33.55
Hillview,DT3,WEEKDAY,5,38.2,4.85
Hillview,DT3,WEEKDAY,6,284.25,90.45
Hillview,DT3,WEEKDAY,7,890.8,448.85
Hillview,DT3,WEEKDAY,8,1332.0,247.7
Hillview,DT3,WEEKDAY,9,664.7,137.0
Hillview,DT3,WEEKDAY,10,354.15,123.1
Hillview,DT3,WEEKDAY,11,328.6,127.1
Hillview,DT3,WEEKDAY,12,335.4,188.9
Hillview,DT3,WEEKDAY,13,313.1,231.0
Hillview,DT3,WEEKDAY,14,285.6,265.3
Hillview,DT3,WEEKDAY,15,338.4,266.1
Hillview,DT3,WEEKDAY,16,345.1,353.1
Hillview,DT3,WEEKDAY,17,457.35,539.9
Hillview,DT3,WEEKDAY,18,437.55,915.3
Hillview,DT3,WEEKDAY,19,252.5,832.9
Hillview,DT3,WEEKDAY,20,134.7,489.0
Hillview,DT3,WEEKDAY,21,116.1,428.95
Hillview,DT3,WEEKDAY,22,67.5,355.95
Hillview,DT3,WEEKDAY,23,20.55,166.7
Hillview,DT3,WEEKENDS/HOLIDAY,0,1.7,34.2
Hillview,DT3,WEEKENDS/HOLIDAY,5,13.4,0.6
Hillview,DT3,WEEKENDS/HOLIDAY,6,95.2,55.0
Hillview,DT3,WEEKENDS/HOLIDAY,7,207.4,179.0
Hillview,DT3,WEEKENDS/HOLIDAY,8,403.3,198.3
Hillview,DT3,WEEKENDS/HOLIDAY,9,504.2,209.1
Hillview,DT3,WEEKENDS/HOLIDAY,10,529.0,194.1
Hillview,DT3,WEEKENDS/HOLIDAY,11,518.1,221.9
Hillview,DT3,WEEKENDS/HOLIDAY,12,482.4,251.6
Hillview,DT3,WEEKENDS/HOLIDAY,13,405.0,303.1
Hillview,DT3,WEEKENDS/HOLIDAY,14,336.8,300.4
Hillview,DT3,WEEKENDS/HOLIDAY,15,328.9,316.5
Hillview,DT3,WEEKENDS/HOLIDAY,16,361.2,344.9
Hillview,DT3,WEEKENDS/HOLIDAY,17,384.0,403.8
Hillview,DT3,WEEKENDS/HOLIDAY,18,379.1,432.9
Hillview,DT3,WEEKENDS/HOLIDAY,19,235.1,414.3
Hillview,DT3,WEEKENDS/HOLIDAY,20,143.7,368.6
Hillview,DT3,WEEKENDS/HOLIDAY,21,117.2,359.0
Hillview,DT3,WEEKENDS/HOLIDAY,22,88.5,319.1
Hillview,DT3,WEEKENDS/HOLIDAY,23,27.9,167.4
Holland Village,CC21,WEEKDAY,0,1.35,6.35
Holland Village,CC21,WEEKDAY,5,47.5,9.6
Holland Village,CC21,WEEKDAY,6,198.4,169.5
Holland Village,CC21,WEEKDAY,7,533.75,499.15
Holland Village,CC21,WEEKDAY,8,793.9,693.25
Holland Village,CC21,WEEKDAY,9,543.95,626.45
Holland Village,CC21,WEEKDAY,10,361.8,520.5
Holland Village,CC21,WEEKDAY,11,378.45,605.25
Holland Village,CC21,WEEKDAY,12,522.2,782.5
Holland Village,CC21,WEEKDAY,13,791.6,472.45
Holland Village,CC21,WEEKDAY,14,524.8,440.55
Holland Village,CC21,WEEKDAY,15,484.0,487.65
Holland Village,CC21,WEEKDAY,16,584.05,662.7
Holland Village,CC21,WEEKDAY,17,678.85,960.65
Holland Village,CC21,WEEKDAY,18,759.3,1513.45
Holland Village,CC21,WEEKDAY,19,721.6,1000.95
Holland Village,CC21,WEEKDAY,20,671.2,443.8
Holland Village,CC21,WEEKDAY,21,714.3,352.75
Holland Village,CC21,WEEKDAY,22,499.45,241.3
Holland Village,CC21,WEEKDAY,23,98.2,82.65
Holland Village,CC21,WEEKENDS/HOLIDAY,0,1.8,5.4
Holland Village,CC21,WEEKENDS/HOLIDAY,5,3.3,0.9
Holland Village,CC21,WEEKENDS/HOLIDAY,6,7.0,12.0
Holland Village,CC21,WEEKENDS/HOLIDAY,7,21.0,48.9
Holland Village,CC21,WEEKENDS/HOLIDAY,8,108.8,117.7
Holland Village,CC21,WEEKENDS/HOLIDAY,9,369.1,661.3
Holland Village,CC21,WEEKENDS/HOLIDAY,10,410.8,695.6
Holland Village,CC21,WEEKENDS/HOLIDAY,11,482.2,707.7
Holland Village,CC21,WEEKENDS/HOLIDAY,12,610.5,714.4
Holland Village,CC21,WEEKENDS/HOLIDAY,13,695.3,711.5
Holland Village,CC21,WEEKENDS/HOLIDAY,14,704.3,584.1
Holland Village,CC21,WEEKENDS/HOLIDAY,15,679.9,551.9
Holland Village,CC21,WEEKENDS/HOLIDAY,16,619.0,538.5
Holland Village,CC21,WEEKENDS/HOLIDAY,17,651.6,691.7
Holland Village,CC21,WEEKENDS/HOLIDAY,18,649.7,765.3
Holland Village,CC21,WEEKENDS/HOLIDAY,19,664.6,664.1
Holland Village,CC21,WEEKENDS/HOLIDAY,20,595.1,391.9
Holland Village,CC21,WEEKENDS/HOLIDAY,21,616.5,331.3
Holland Village,CC21,WEEKENDS/HOLIDAY,22,508.2,261.1
Holland Village,CC21,WEEKENDS/HOLIDAY,23,98.0,90.7
Hougang,NE14,WEEKDAY,0,4.8,127.15
Hougang,NE14,WEEKDAY,5,364.05,42.85
Hougang,NE14,WEEKDAY,6,1836.75,526.55
Hougang,NE14,WEEKDAY,7,4336.1,1242.65
Hougang,NE14,WEEKDAY,8,5230.6,1054.75
Hougang,NE14,WEEKDAY,9,2826.65,750.1
Hougang,NE14,WEEKDAY,10,1791.7,685.1
Hougang,NE14,WEEKDAY,11,1547.6,760.5
Hougang,NE14,WEEKDAY,12,1492.65,942.6
Hougang,NE14,WEEKDAY,13,1390.55,1128.85
Hougang,NE14,WEEKDAY,14,1151.25,1129.8
Hougang,NE14,WEEKDAY,15,1024.25,1225.2
Hougang,NE14,WEEKDAY,16,1119.55,1634.0
Hougang,NE14,WEEKDAY,17,1608.95,2695.8
Hougang,NE14,WEEKDAY,18,1994.65,4611.55
Hougang,NE14,WEEKDAY,19,1279.55,3655.9
Hougang,NE14,WEEKDAY,20,790.75,2408.1
Hougang,NE14,WEEKDAY,21,610.1,2223.35
Hougang,NE14,WEEKDAY,22,355.9,1951.05
Hougang,NE14,WEEKDAY,23,109.55,911.9
Hougang,NE14,WEEKENDS/HOLIDAY,0,4.6,144.6
Hougang,NE14,WEEKENDS/HOLIDAY,5,129.6,12.3
Hougang,NE14,WEEKENDS/HOLIDAY,6,804.8,228.8
Hougang,NE14,WEEKENDS/HOLIDAY,7,1248.4,526.9
Hougang,NE14,WEEKENDS/HOLIDAY,8,1823.1,705.0
Hougang,NE14,WEEKENDS/HOLIDAY,9,2246.6,819.9
Hougang,NE14,WEEKENDS/HOLIDAY,10,2126.1,867.2
Hougang,NE14,WEEKENDS/HOLIDAY,11,2037.9,937.2
Hougang,NE14,WEEKENDS/HOLIDAY,12,1969.9,1118.7
Hougang,NE14,WEEKENDS/HOLIDAY,13,1719.2,1354.1
Hougang,NE14,WEEKENDS/HOLIDAY,14,1485.0,1355.4
Hougang,NE14,WEEKENDS/HOLIDAY,15,1463.2,1480.0
Hougang,NE14,WEEKENDS/HOLIDAY,16,1481.6,1633.0
Hougang,NE14,WEEKENDS/HOLIDAY,17,1639.3,1766.4
Hougang,NE14,WEEKENDS/HOLIDAY,18,1618.2,1920.9
Hougang,NE14,WEEKENDS/HOLIDAY,19,1124.3,1962.4
Hougang,NE14,WEEKENDS/HOLIDAY,20,774.8,1899.2
Hougang,NE14,WEEKENDS/HOLIDAY,21,598.5,2030.4
Hougang,NE14,WEEKENDS/HOLIDAY,22,371.3,1914.1
Hougang,NE14,WEEKENDS/HOLIDAY,23,122.2,958.1
Hume,DT4,WEEKDAY,0,0.2,16.35
Hume,DT4,WEEKDAY,5,11.0,0.1
Hume,DT4,WEEKDAY,6,81.1,12.25
Hume,DT4,WEEKDAY,7,298.05,79.1
Hume,DT4,WEEKDAY,8,438.25,47.4
Hume,DT4,WEEKDAY,9,215.85,43.05
Hume,DT4,WEEKDAY,10,140.05,39.1
Hume,DT4,WEEKDAY,11,127.85,48.9
Hume,DT4,WEEKDAY,12,107.75,65.3
Hume,DT4,WEEKDAY,13,91.2,84.85
Hume,DT4,WEEKDAY,14,76.0,88.75
Hume,DT4,WEEKDAY,15,65.3,99.45
Hume,DT4,WEEKDAY,16,88.05,131.4
Hume,DT4,WEEKDAY,17,115.55,197.3
Hume,DT4,WEEKDAY,18,110.4,323.0
Hume,DT4,WEEKDAY,19,60.1,279.55
Hume,DT4,WEEKDAY,20,28.75,174.7
Hume,DT4,WEEKDAY,21,17.65,143.2
Hume,DT4,WEEKDAY,22,16.05,119.55
Hume,DT4,WEEKDAY,23,3.75,65.65
Hume,DT4,WEEKENDS/HOLIDAY,0,0.2,15.2
Hume,DT4,WEEKENDS/HOLIDAY,5,4.4,0.0
Hume,DT4,WEEKENDS/HOLIDAY,6,22.1,6.8
Hume,DT4,WEEKENDS/HOLIDAY,7,77.3,25.3
Hume,DT4,WEEKENDS/HOLIDAY,8,145.0,30.7
Hume,DT4,WEEKENDS/HOLIDAY,9,165.7,39.9
Hume,DT4,WEEKENDS/HOLIDAY,10,174.6,49.5
Hume,DT4,WEEKENDS/HOLIDAY,11,155.8,62.2
Hume,DT4,WEEKENDS/HOLIDAY,12,146.1,81.5
Hume,DT4,WEEKENDS/HOLIDAY,13,122.6,95.8
Hume,DT4,WEEKENDS/HOLIDAY,14,106.3,111.7
Hume,DT4,WEEKENDS/HOLIDAY,15,95.9,107.5
Hume,DT4,WEEKENDS/HOLIDAY,16,113.6,124.3
Hume,DT4,WEEKENDS/HOLIDAY,17,126.0,130.4
Hume,DT4,WEEKENDS/HOLIDAY,18,105.0,146.0
Hume,DT4,WEEKENDS/HOLIDAY,19,52.1,149.4
Hume,DT4,WEEKENDS/HOLIDAY,20,35.3,133.8
Hume,DT4,WEEKENDS/HOLIDAY,21,25.4,115.6
Hume,DT4,WEEKENDS/HOLIDAY,22,23.0,107.3
Hume,DT4,WEEKENDS/HOLIDAY,23,6.3,64.2
Jalan Besar,DT22,WEEKDAY,0,16.9,34.6
Jalan Besar,DT22,WEEKDAY,5,71.55,0.05
Jalan Besar,DT22,WEEKDAY,6,516.35,187.2
Jalan Besar,DT22,WEEKDAY,7,857.45,464.9
Jalan Besar,DT22,WEEKDAY,8,865.8,565.65
Jalan Besar,DT22,WEEKDAY,9,577.15,511.75
Jalan Besar,DT22,WEEKDAY,10,418.4,445.35
Jalan Besar,DT22,WEEKDAY,11,387.5,417.95
Jalan Besar,DT22,WEEKDAY,12,401.15,469.85
Jalan Besar,DT22,WEEKDAY,13,430.65,380.5
Jalan Besar,DT22,WEEKDAY,14,366.05,355.25
Jalan Besar,DT22,WEEKDAY,15,323.05,382.95
Jalan Besar,DT22,WEEKDAY,16,381.9,520.05
Jalan Besar,DT22,WEEKDAY,17,511.35,800.25
Jalan Besar,DT22,WEEKDAY,18,679.85,1299.2
Jalan Besar,DT22,WEEKDAY,19,632.55,1053.35
Jalan Besar,DT22,WEEKDAY,20,584.9,685.6
Jalan Besar,DT22,WEEKDAY,21,552.1,551.25
Jalan Besar,DT22,WEEKDAY,22,429.15,473.1
Jalan Besar,DT22,WEEKDAY,23,210.8,266.2
Jalan Besar,DT22,WEEKENDS/HOLIDAY,0,28.0,37.3
Jalan Besar,DT22,WEEKENDS/HOLIDAY,5,21.8,0.2
Jalan Besar,DT22,WEEKENDS/HOLIDAY,6,330.1,218.3
Jalan Besar,DT22,WEEKENDS/HOLIDAY,7,512.2,397.1
Jalan Besar,DT22,WEEKENDS/HOLIDAY,8,481.6,522.7
Jalan Besar,DT22,WEEKENDS/HOLIDAY,9,429.1,644.2
Jalan Besar,DT22,WEEKENDS/HOLIDAY,10,430.1,758.7
Jalan Besar,DT22,WEEKENDS/HOLIDAY,11,472.8,779.6
Jalan Besar,DT22,WEEKENDS/HOLIDAY,12,524.6,777.4
Jalan Besar,DT22,WEEKENDS/HOLIDAY,13,565.3,773.1
Jalan Besar,DT22,WEEKENDS/HOLIDAY,14,608.5,676.5
Jalan Besar,DT22,WEEKENDS/HOLIDAY,15,632.7,704.8
Jalan Besar,DT22,WEEKENDS/HOLIDAY,16,660.7,852.1
Jalan Besar,DT22,WEEKENDS/HOLIDAY,17,718.5,1104.8
Jalan Besar,DT22,WEEKENDS/HOLIDAY,18,881.1,1292.8
Jalan Besar,DT22,WEEKENDS/HOLIDAY,19,1036.9,1062.7
Jalan Besar,DT22,WEEKENDS/HOLIDAY,20,1095.4,687.5
Jalan Besar,DT22,WEEKENDS/HOLIDAY,21,1078.6,527.4
Jalan Besar,DT22,WEEKENDS/HOLIDAY,22,842.7,518.0
Jalan Besar,DT22,WEEKENDS/HOLIDAY,23,410.7,291.4
Joo Koon,EW29,WEEKDAY,0,0.3,14.4
Joo Koon,EW29,WEEKDAY,5,73.95,409.3
Joo Koon,EW29,WEEKDAY,6,456.65,2511.2
Joo Koon,EW29,WEEKDAY,7,667.8,5968.95
Joo Koon,EW29,WEEKDAY,8,608.15,3638.1
Joo Koon,EW29,WEEKDAY,9,194.65,817.8
Joo Koon,EW29,WEEKDAY,10,194.7,305.35
Joo Koon,EW29,WEEKDAY,11,336.7,295.6
Joo Koon,EW29,WEEKDAY,12,540.5,350.95
Joo Koon,EW29,WEEKDAY,13,389.5,349.15
Joo Koon,EW29,WEEKDAY,14,403.6,241.05
Joo Koon,EW29,WEEKDAY,15,566.15,224.6
Joo Koon,EW29,WEEKDAY,16,1351.95,267.4
Joo Koon,EW29,WEEKDAY,17,4516.85,569.95
Joo Koon,EW29,WEEKDAY,18,3492.85,788.8
Joo Koon,EW29,WEEKDAY,19,1839.25,789.95
Joo Koon,EW29,WEEKDAY,20,1424.1,426.0
Joo Koon,EW29,WEEKDAY,21,592.7,237.75
Joo Koon,EW29,WEEKDAY,22,244.85,172.05
Joo Koon,EW29,WEEKDAY,23,41.75,58.35
Joo Koon,EW29,WEEKENDS/HOLIDAY,0,1.4,26.1
Joo Koon,EW29,WEEKENDS/HOLIDAY,5,32.4,105.5
Joo Koon,EW29,WEEKENDS/HOLIDAY,6,287.4,943.5
Joo Koon,EW29,WEEKENDS/HOLIDAY,7,447.1,2024.3
Joo Koon,EW29,WEEKENDS/HOLIDAY,8,573.3,1013.3
Joo Koon,EW29,WEEKENDS/HOLIDAY,9,296.8,346.0
Joo Koon,EW29,WEEKENDS/HOLIDAY,10,343.4,292.4
Joo Koon,EW29,WEEKENDS/HOLIDAY,11,428.0,381.9
Joo Koon,EW29,WEEKENDS/HOLIDAY,12,756.7,429.3
Joo Koon,EW29,WEEKENDS/HOLIDAY,13,640.1,435.7
Joo Koon,EW29,WEEKENDS/HOLIDAY,14,572.6,445.5
Joo Koon,EW29,WEEKENDS/HOLIDAY,15,661.3,449.7
Joo Koon,EW29,WEEKENDS/HOLIDAY,16,905.5,532.1
Joo Koon,EW29,WEEKENDS/HOLIDAY,17,1622.8,737.1
Joo Koon,EW29,WEEKENDS/HOLIDAY,18,1170.4,918.9
Joo Koon,EW29,WEEKENDS/HOLIDAY,19,864.3,1058.4
Joo Koon,EW29,WEEKENDS/HOLIDAY,20,877.1,846.5
Joo Koon,EW29,WEEKENDS/HOLIDAY,21,417.1,553.7
Joo Koon,EW29,WEEKENDS/HOLIDAY,22,224.1,358.4
Joo Koon,EW29,WEEKENDS/HOLIDAY,23,47.3,138.8
Jurong East,EW24/NS1,WEEKDAY,0,43.3,127.55
Jurong East,EW24/NS1,WEEKDAY,5,564.8,303.85
Jurong East,EW24/NS1,WEEKDAY,6,1528.5,3456.25
Jurong East,EW24/NS1,WEEKDAY,7,3082.55,8370.9
Jurong East,EW24/NS1,WEEKDAY,8,2911.4,8583.0
Jurong East,EW24/NS1,WEEKDAY,9,1785.0,4395.45
Jurong East,EW24/NS1,WEEKDAY,10,1429.7,3023.15
Jurong East,EW24/NS1,WEEKDAY,11,1692.35,3208.2
Jurong East,EW24/NS1,WEEKDAY,12,2371.0,3438.75
Jurong East,EW24/NS1,WEEKDAY,13,2789.4,3143.35
Jurong East,EW24/NS1,WEEKDAY,14,2828.8,2791.2
Jurong East,EW24/NS1,WEEKDAY,15,3129.95,2723.95
Jurong East,EW24/NS1,WEEKDAY,16,4341.75,3272.5
Jurong East,EW24/NS1,WEEKDAY,17,9243.95,5321.65
Jurong East,EW24/NS1,WEEKDAY,18,11337.05,8291.65
Jurong East,EW24/NS1,WEEKDAY,19,6726.15,5049.55
Jurong East,EW24/NS1,WEEKDAY,20,5760.55,2389.7
Jurong East,EW24/NS1,WEEKDAY,21,5109.55,1470.0
Jurong East,EW24/NS1,WEEKDAY,22,2570.25,1138.6
Jurong East,EW24/NS1,WEEKDAY,23,619.85,526.25
Jurong East,EW24/NS1,WEEKENDS/HOLIDAY,0,55.6,202.4
Jurong East,EW24/NS1,WEEKENDS/HOLIDAY,5,285.6,54.8
Jurong East,EW24/NS1,WEEKENDS/HOLIDAY,6,881.0,1449.9
Jurong East,EW24/NS1,WEEKENDS/HOLIDAY,7,1496.1,2164.4
Jurong East,EW24/NS1,WEEKENDS/HOLIDAY,8,1659.2,2533.4
Jurong East,EW24/NS1,WEEKENDS/HOLIDAY,9,1502.3,2767.2
Jurong East,EW24/NS1,WEEKENDS/HOLIDAY,10,1690.6,3655.7
Jurong East,EW24/NS1,WEEKENDS/HOLIDAY,11,2237.1,4637.9
Jurong East,EW24/NS1,WEEKENDS/HOLIDAY,12,3258.8,5147.5
Jurong East,EW24/NS1,WEEKENDS/HOLIDAY,13,4017.4,4993.9
Jurong East,EW24/NS1,WEEKENDS/HOLIDAY,14,4410.3,4399.0
Jurong East,EW24/NS1,WEEKENDS/HOLIDAY,15,4743.4,4174.3
Jurong East,EW24/NS1,WEEKENDS/HOLIDAY,16,4910.2,4270.0
Jurong East,EW24/NS1,WEEKENDS/HOLIDAY,17,5483.1,5179.7
Jurong East,EW24/NS1,WEEKENDS/HOLIDAY,18,5565.4,5464.9
Jurong East,EW24/NS1,WEEKENDS/HOLIDAY,19,5604.3,4069.5
Jurong East,EW24/NS1,WEEKENDS/HOLIDAY,20,5581.4,2469.6
Jurong East,EW24/NS1,WEEKENDS/HOLIDAY,21,5286.3,1566.9
Jurong East,EW24/NS1,WEEKENDS/HOLIDAY,22,2972.3,1277.1
Jurong East,EW24/NS1,WEEKENDS/HOLIDAY,23,725.3,725.2
Kaki Bukit,DT28,WEEKDAY,0,1.1,40.55
Kaki Bukit,DT28,WEEKDAY,5,105.15,22.05
Kaki Bukit,DT28,WEEKDAY,6,694.05,469.9
Kaki Bukit,DT28,WEEKDAY,7,1499.1,1376.65
Kaki Bukit,DT28,WEEKDAY,8,1521.1,1839.2
Kaki Bukit,DT28,WEEKDAY,9,839.15,707.75
Kaki Bukit,DT28,WEEKDAY,10,500.35,271.0
Kaki Bukit,DT28,WEEKDAY,11,443.45,218.05
Kaki Bukit,DT28,WEEKDAY,12,438.35,288.55
Kaki Bukit,DT28,WEEKDAY,13,379.45,354.5
Kaki Bukit,DT28,WEEKDAY,14,317.45,309.0
Kaki Bukit,DT28,WEEKDAY,15,349.25,299.35
Kaki Bukit,DT28,WEEKDAY,16,472.6,401.35
Kaki Bukit,DT28,WEEKDAY,17,1448.85,699.25
Kaki Bukit,DT28,WEEKDAY,18,1878.9,1293.45
Kaki Bukit,DT28,WEEKDAY,19,773.05,1101.65
Kaki Bukit,DT28,WEEKDAY,20,368.3,741.2
Kaki Bukit,DT28,WEEKDAY,21,221.8,698.25
Kaki Bukit,DT28,WEEKDAY,22,149.4,562.5
Kaki Bukit,DT28,WEEKDAY,23,60.4,304.15
Kaki Bukit,DT28,WEEKENDS/HOLIDAY,0,2.6,67.5
Kaki Bukit,DT28,WEEKENDS/HOLIDAY,5,53.0,4.3
Kaki Bukit,DT28,WEEKENDS/HOLIDAY,6,333.6,175.3
Kaki Bukit,DT28,WEEKENDS/HOLIDAY,7,605.4,381.4
Kaki Bukit,DT28,WEEKENDS/HOLIDAY,8,607.3,366.6
Kaki Bukit,DT28,WEEKENDS/HOLIDAY,9,574.8,268.6
Kaki Bukit,DT28,WEEKENDS/HOLIDAY,10,606.4,225.1
Kaki Bukit,DT28,WEEKENDS/HOLIDAY,11,574.4,249.1
Kaki Bukit,DT28,WEEKENDS/HOLIDAY,12,605.9,302.5
Kaki Bukit,DT28,WEEKENDS/HOLIDAY,13,560.0,384.1
Kaki Bukit,DT28,WEEKENDS/HOLIDAY,14,467.5,392.5
Kaki Bukit,DT28,WEEKENDS/HOLIDAY,15,462.9,400.9
Kaki Bukit,DT28,WEEKENDS/HOLIDAY,16,539.8,461.0
Kaki Bukit,DT28,WEEKENDS/HOLIDAY,17,734.4,589.4
Kaki Bukit,DT28,WEEKENDS/HOLIDAY,18,734.8,696.0
Kaki Bukit,DT28,WEEKENDS/HOLIDAY,19,514.8,771.1
Kaki Bukit,DT28,WEEKENDS/HOLIDAY,20,299.6,774.2
Kaki Bukit,DT28,WEEKENDS/HOLIDAY,21,202.9,810.3
Kaki Bukit,DT28,WEEKENDS/HOLIDAY,22,141.7,718.0
Kaki Bukit,DT28,WEEKENDS/HOLIDAY,23,63.2,414.2
Kallang,EW10,WEEKDAY,0,3.15,24.4
Kallang,EW10,WEEKDAY,5,155.2,18.75
Kallang,EW10,WEEKDAY,6,1008.25,196.8
Kallang,EW10,WEEKDAY,7,1482.05,470.5
Kallang,EW10,WEEKDAY,8,1633.3,696.05
Kallang,EW10,WEEKDAY,9,899.15,483.1
Kallang,EW10,WEEKDAY,10,540.55,301.15
Kallang,EW10,WEEKDAY,11,455.8,266.75
Kallang,EW10,WEEKDAY,12,433.9,361.9
Kallang,EW10,WEEKDAY,13,412.15,474.95
Kallang,EW10,WEEKDAY,14,347.7,408.45
Kallang,EW10,WEEKDAY,15,341.4,417.15
Kallang,EW10,WEEKDAY,16,423.6,562.4
Kallang,EW10,WEEKDAY,17,760.2,946.65
Kallang,EW10,WEEKDAY,18,937.45,1695.25
Kallang,EW10,WEEKDAY,19,553.4,1424.4
Kallang,EW10,WEEKDAY,20,350.0,955.0
Kallang,EW10,WEEKDAY,21,312.85,873.95
Kallang,EW10,WEEKDAY,22,305.75,704.9
Kallang,EW10,WEEKDAY,23,126.65,336.55
Kallang,EW10,WEEKENDS/HOLIDAY,0,6.0,32.7
Kallang,EW10,WEEKENDS/HOLIDAY,5,53.2,8.3
Kallang,EW10,WEEKENDS/HOLIDAY,6,596.6,198.2
Kallang,EW10,WEEKENDS/HOLIDAY,7,745.5,355.1
Kallang,EW10,WEEKENDS/HOLIDAY,8,738.1,462.2
Kallang,EW10,WEEKENDS/HOLIDAY,9,720.2,542.5
Kallang,EW10,WEEKENDS/HOLIDAY,10,690.6,610.3
Kallang,EW10,WEEKENDS/HOLIDAY,11,684.8,625.8
Kallang,EW10,WEEKENDS/HOLIDAY,12,653.6,682.9
Kallang,EW10,WEEKENDS/HOLIDAY,13,672.2,752.0
Kallang,EW10,WEEKENDS/HOLIDAY,14,639.0,762.9
Kallang,EW10,WEEKENDS/HOLIDAY,15,677.2,737.4
Kallang,EW10,WEEKENDS/HOLIDAY,16,787.1,828.9
Kallang,EW10,WEEKENDS/HOLIDAY,17,876.4,988.9
Kallang,EW10,WEEKENDS/HOLIDAY,18,890.0,1042.2
Kallang,EW10,WEEKENDS/HOLIDAY,19,762.7,1003.1
Kallang,EW10,WEEKENDS/HOLIDAY,20,550.0,863.7
Kallang,EW10,WEEKENDS/HOLIDAY,21,534.2,794.0
Kallang,EW10,WEEKENDS/HOLIDAY,22,677.9,709.7
Kallang,EW10,WEEKENDS/HOLIDAY,23,197.4,378.5
Katong Park,TE24,WEEKDAY,0,1.3,8.9
Katong Park,TE24,WEEKDAY,5,8.85,0.25
Katong Park,TE24,WEEKDAY,6,79.4,35.45
Katong Park,TE24,WEEKDAY,7,227.0,150.15
Katong Park,TE24,WEEKDAY,8,424.4,163.05
Katong Park,TE24,WEEKDAY,9,301.35,107.2
Katong Park,TE24,WEEKDAY,10,193.85,80.35
Katong Park,TE24,WEEKDAY,11,176.5,101.25
Katong Park,TE24,WEEKDAY,12,187.2,140.2
Katong Park,TE24,WEEKDAY,13,137.35,160.75
Katong Park,TE24,WEEKDAY,14,121.7,145.6
Katong Park,TE24,WEEKDAY,15,121.85,165.95
Katong Park,TE24,WEEKDAY,16,182.65,202.3
Katong Park,TE24,WEEKDAY,17,216.35,260.2
Katong Park,TE24,WEEKDAY,18,216.3,410.0
Katong Park,TE24,WEEKDAY,19,149.55,322.7
Katong Park,TE24,WEEKDAY,20,71.6,196.0
Katong Park,TE24,WEEKDAY,21,45.45,155.35
Katong Park,TE24,WEEKDAY,22,37.45,105.0
Katong Park,TE24,WEEKDAY,23,13.9,48.05
Katong Park,TE24,WEEKENDS/HOLIDAY,0,1.3,12.1
Katong Park,TE24,WEEKENDS/HOLIDAY,5,3.0,0.3
Katong Park,TE24,WEEKENDS/HOLIDAY,6,32.9,26.2
Katong Park,TE24,WEEKENDS/HOLIDAY,7,87.0,97.7
Katong Park,TE24,WEEKENDS/HOLIDAY,8,168.3,126.3
Katong Park,TE24,WEEKENDS/HOLIDAY,9,220.0,118.4
Katong Park,TE24,WEEKENDS/HOLIDAY,10,255.0,125.1
Katong Park,TE24,WEEKENDS/HOLIDAY,11,251.2,148.5
Katong Park,TE24,WEEKENDS/HOLIDAY,12,210.9,162.4
Katong Park,TE24,WEEKENDS/HOLIDAY,13,189.6,170.1
Katong Park,TE24,WEEKENDS/HOLIDAY,14,144.8,179.5
Katong Park,TE24,WEEKENDS/HOLIDAY,15,150.2,199.6
Katong Park,TE24,WEEKENDS/HOLIDAY,16,164.6,209.1
Katong Park,TE24,WEEKENDS/HOLIDAY,17,198.0,230.9
Katong Park,TE24,WEEKENDS/HOLIDAY,18,195.7,242.3
Katong Park,TE24,WEEKENDS/HOLIDAY,19,156.4,236.3
Katong Park,TE24,WEEKENDS/HOLIDAY,20,79.1,190.0
Katong Park,TE24,WEEKENDS/HOLIDAY,21,60.2,163.4
Katong Park,TE24,WEEKENDS/HOLIDAY,22,52.9,108.4
Katong Park,TE24,WEEKENDS/HOLIDAY,23,19.8,56.6
Kembangan,EW6,WEEKDAY,0,2.95,43.5
Kembangan,EW6,WEEKDAY,5,54.0,10.3
Kembangan,EW6,WEEKDAY,6,523.55,202.25
Kembangan,EW6,WEEKDAY,7,1238.7,630.05
Kembangan,EW6,WEEKDAY,8,1820.9,872.5
Kembangan,EW6,WEEKDAY,9,996.3,491.4
Kembangan,EW6,WEEKDAY,10,581.55,313.75
Kembangan,EW6,WEEKDAY,11,564.0,313.05
Kembangan,EW6,WEEKDAY,12,542.85,455.25
Kembangan,EW6,WEEKDAY,13,508.45,496.45
Kembangan,EW6,WEEKDAY,14,398.65,478.7
Kembangan,EW6,WEEKDAY,15,344.55,499.2
Kembangan,EW6,WEEKDAY,16,414.2,651.1
Kembangan,EW6,WEEKDAY,17,729.25,958.7
Kembangan,EW6,WEEKDAY,18,856.6,1739.8
Kembangan,EW6,WEEKDAY,19,424.75,1402.35
Kembangan,EW6,WEEKDAY,20,255.6,887.45
Kembangan,EW6,WEEKDAY,21,232.6,843.0
Kembangan,EW6,WEEKDAY,22,136.8,646.8
Kembangan,EW6,WEEKDAY,23,59.9,314.05
Kembangan,EW6,WEEKENDS/HOLIDAY,0,2.9,45.0
Kembangan,EW6,WEEKENDS/HOLIDAY,5,19.6,2.5
Kembangan,EW6,WEEKENDS/HOLIDAY,6,203.4,77.6
Kembangan,EW6,WEEKENDS/HOLIDAY,7,436.9,247.9
Kembangan,EW6,WEEKENDS/HOLIDAY,8,607.8,358.5
Kembangan,EW6,WEEKENDS/HOLIDAY,9,728.9,365.9
Kembangan,EW6,WEEKENDS/HOLIDAY,10,704.2,406.6
Kembangan,EW6,WEEKENDS/HOLIDAY,11,714.6,414.9
Kembangan,EW6,WEEKENDS/HOLIDAY,12,686.1,490.2
Kembangan,EW6,WEEKENDS/HOLIDAY,13,607.0,549.9
Kembangan,EW6,WEEKENDS/HOLIDAY,14,490.8,564.2
Kembangan,EW6,WEEKENDS/HOLIDAY,15,472.2,576.8
Kembangan,EW6,WEEKENDS/HOLIDAY,16,519.8,630.9
Kembangan,EW6,WEEKENDS/HOLIDAY,17,631.4,755.6
Kembangan,EW6,WEEKENDS/HOLIDAY,18,628.5,811.9
Kembangan,EW6,WEEKENDS/HOLIDAY,19,413.3,774.9
Kembangan,EW6,WEEKENDS/HOLIDAY,20,259.5,671.4
Kembangan,EW6,WEEKENDS/HOLIDAY,21,206.3,684.9
Kembangan,EW6,WEEKENDS/HOLIDAY,22,151.1,586.2
Kembangan,EW6,WEEKENDS/HOLIDAY,23,58.6,309.7
Kent Ridge,CC24,WEEKDAY,0,3.6,3.45
Kent Ridge,CC24,WEEKDAY,5,11.6,33.75
Kent Ridge,CC24,WEEKDAY,6,51.7,987.55
Kent Ridge,CC24,WEEKDAY,7,284.55,2988.5
Kent Ridge,CC24,WEEKDAY,8,459.2,5646.8
Kent Ridge,CC24,WEEKDAY,9,490.7,4063.35
Kent Ridge,CC24,WEEKDAY,10,733.75,1838.95
Kent Ridge,CC24,WEEKDAY,11,1251.15,1591.7
Kent Ridge,CC24,WEEKDAY,12,1420.55,1402.55
Kent Ridge,CC24,WEEKDAY,13,1198.5,1533.5
Kent Ridge,CC24,WEEKDAY,14,1145.55,1178.2
Kent Ridge,CC24,WEEKDAY,15,1643.1,869.8
Kent Ridge,CC24,WEEKDAY,16,2383.3,647.7
Kent Ridge,CC24,WEEKDAY,17,4939.6,723.65
Kent Ridge,CC24,WEEKDAY,18,5063.5,883.65
Kent Ridge,CC24,WEEKDAY,19,2523.0,522.25
Kent Ridge,CC24,WEEKDAY,20,1551.7,295.0
Kent Ridge,CC24,WEEKDAY,21,1085.85,225.8
Kent Ridge,CC24,WEEKDAY,22,478.8,168.05
Kent Ridge,CC24,WEEKDAY,23,103.45,56.45
Kent Ridge,CC24,WEEKENDS/HOLIDAY,0,0.7,3.2
Kent Ridge,CC24,WEEKENDS/HOLIDAY,5,1.5,1.2
Kent Ridge,CC24,WEEKENDS/HOLIDAY,6,4.0,51.8
Kent Ridge,CC24,WEEKENDS/HOLIDAY,7,40.7,106.3
Kent Ridge,CC24,WEEKENDS/HOLIDAY,8,97.4,220.6
Kent Ridge,CC24,WEEKENDS/HOLIDAY,9,192.7,468.2
Kent Ridge,CC24,WEEKENDS/HOLIDAY,10,261.0,397.1
Kent Ridge,CC24,WEEKENDS/HOLIDAY,11,469.7,549.2
Kent Ridge,CC24,WEEKENDS/HOLIDAY,12,533.7,658.7
Kent Ridge,CC24,WEEKENDS/HOLIDAY,13,533.3,485.5
Kent Ridge,CC24,WEEKENDS/HOLIDAY,14,545.2,434.4
Kent Ridge,CC24,WEEKENDS/HOLIDAY,15,706.7,399.0
Kent Ridge,CC24,WEEKENDS/HOLIDAY,16,642.7,359.6
Kent Ridge,CC24,WEEKENDS/HOLIDAY,17,716.0,371.0
Kent Ridge,CC24,WEEKENDS/HOLIDAY,18,645.3,411.5
Kent Ridge,CC24,WEEKENDS/HOLIDAY,19,598.3,367.3
Kent Ridge,CC24,WEEKENDS/HOLIDAY,20,584.3,294.1
Kent Ridge,CC24,WEEKENDS/HOLIDAY,21,449.8,245.1
Kent Ridge,CC24,WEEKENDS/HOLIDAY,22,202.4,181.2
Kent Ridge,CC24,WEEKENDS/HOLIDAY,23,34.4,57.1
Khatib,NS14,WEEKDAY,0,51.5,253.85
Khatib,NS14,WEEKDAY,5,753.25,143.05
Khatib,NS14,WEEKDAY,6,2797.7,745.35
Khatib,NS14,WEEKDAY,7,5822.55,1617.4
Khatib,NS14,WEEKDAY,8,5874.4,1484.35
Khatib,NS14,WEEKDAY,9,3088.95,898.95
Khatib,NS14,WEEKDAY,10,1883.0,705.95
Khatib,NS14,WEEKDAY,11,1486.75,732.8
Khatib,NS14,WEEKDAY,12,1453.25,915.75
Khatib,NS14,WEEKDAY,13,1271.9,1019.4
Khatib,NS14,WEEKDAY,14,1025.1,1012.9
Khatib,NS14,WEEKDAY,15,1030.0,1154.2
Khatib,NS14,WEEKDAY,16,1242.05,1614.0
Khatib,NS14,WEEKDAY,17,1934.75,2910.45
Khatib,NS14,WEEKDAY,18,2268.0,5121.2
Khatib,NS14,WEEKDAY,19,1387.1,3723.45
Khatib,NS14,WEEKDAY,20,853.8,2434.05
Khatib,NS14,WEEKDAY,21,877.05,2245.2
Khatib,NS14,WEEKDAY,22,697.15,2070.3
Khatib,NS14,WEEKDAY,23,316.2,1084.15
Khatib,NS14,WEEKENDS/HOLIDAY,0,60.5,291.9
Khatib,NS14,WEEKENDS/HOLIDAY,5,376.3,74.0
Khatib,NS14,WEEKENDS/HOLIDAY,6,1151.1,392.4
Khatib,NS14,WEEKENDS/HOLIDAY,7,1770.2,758.3
Khatib,NS14,WEEKENDS/HOLIDAY,8,2173.5,1016.4
Khatib,NS14,WEEKENDS/HOLIDAY,9,2456.1,1037.2
Khatib,NS14,WEEKENDS/HOLIDAY,10,2131.8,1002.8
Khatib,NS14,WEEKENDS/HOLIDAY,11,1913.2,961.6
Khatib,NS14,WEEKENDS/HOLIDAY,12,1861.2,1186.4
Khatib,NS14,WEEKENDS/HOLIDAY,13,1684.5,1308.8
Khatib,NS14,WEEKENDS/HOLIDAY,14,1500.8,1243.7
Khatib,NS14,WEEKENDS/HOLIDAY,15,1497.0,1308.3
Khatib,NS14,WEEKENDS/HOLIDAY,16,1628.0,1469.1
Khatib,NS14,WEEKENDS/HOLIDAY,17,1739.0,1749.4
Khatib,NS14,WEEKENDS/HOLIDAY,18,1615.4,1967.3
Khatib,NS14,WEEKENDS/HOLIDAY,19,1162.2,1878.3
Khatib,NS14,WEEKENDS/HOLIDAY,20,872.9,1848.6
Khatib,NS14,WEEKENDS/HOLIDAY,21,908.7,1941.8
Khatib,NS14,WEEKENDS/HOLIDAY,22,821.1,1987.5
Khatib,NS14,WEEKENDS/HOLIDAY,23,389.1,1233.9
King Albert Park,DT6,WEEKDAY,0,1.75,16.55
King Albert Park,DT6,WEEKDAY,5,16.35,10.6
King Albert Park,DT6,WEEKDAY,6,132.55,169.85
King Albert Park,DT6,WEEKDAY,7,497.1,781.05
King Albert Park,DT6,WEEKDAY,8,739.7,1001.3
King Albert Park,DT6,WEEKDAY,9,426.1,501.45
King Albert Park,DT6,WEEKDAY,10,294.35,264.35
King Albert Park,DT6,WEEKDAY,11,426.55,380.75
King Albert Park,DT6,WEEKDAY,12,517.35,387.6
King Albert Park,DT6,WEEKDAY,13,517.5,355.25
King Albert Park,DT6,WEEKDAY,14,372.2,324.4
King Albert Park,DT6,WEEKDAY,15,593.05,354.25
King Albert Park,DT6,WEEKDAY,16,662.85,301.9
King Albert Park,DT6,WEEKDAY,17,975.25,492.35
King Albert Park,DT6,WEEKDAY,18,965.4,696.45
King Albert Park,DT6,WEEKDAY,19,444.7,494.7
King Albert Park,DT6,WEEKDAY,20,234.4,303.75
King Albert Park,DT6,WEEKDAY,21,226.15,264.15
King Albert Park,DT6,WEEKDAY,22,148.35,217.05
King Albert Park,DT6,WEEKDAY,23,39.8,110.75
King Albert Park,DT6,WEEKENDS/HOLIDAY,0,1.7,21.8
King Albert Park,DT6,WEEKENDS/HOLIDAY,5,7.7,3.9
King Albert Park,DT6,WEEKENDS/HOLIDAY,6,54.8,59.3
King Albert Park,DT6,WEEKENDS/HOLIDAY,7,139.5,246.6
King Albert Park,DT6,WEEKENDS/HOLIDAY,8,286.9,292.6
King Albert Park,DT6,WEEKENDS/HOLIDAY,9,381.6,238.1
King Albert Park,DT6,WEEKENDS/HOLIDAY,10,389.8,204.6
King Albert Park,DT6,WEEKENDS/HOLIDAY,11,415.8,233.9
King Albert Park,DT6,WEEKENDS/HOLIDAY,12,439.9,235.6
King Albert Park,DT6,WEEKENDS/HOLIDAY,13,365.0,290.7
King Albert Park,DT6,WEEKENDS/HOLIDAY,14,302.3,273.4
King Albert Park,DT6,WEEKENDS/HOLIDAY,15,300.3,280.2
King Albert Park,DT6,WEEKENDS/HOLIDAY,16,355.7,282.3
King Albert Park,DT6,WEEKENDS/HOLIDAY,17,434.5,316.7
King Albert Park,DT6,WEEKENDS/HOLIDAY,18,370.9,330.8
King Albert Park,DT6,WEEKENDS/HOLIDAY,19,241.3,316.5
King Albert Park,DT6,WEEKENDS/HOLIDAY,20,122.5,272.2
King Albert Park,DT6,WEEKENDS/HOLIDAY,21,98.8,262.9
King Albert Park,DT6,WEEKENDS/HOLIDAY,22,75.2,243.0
King Albert Park,DT6,WEEKENDS/HOLIDAY,23,27.0,124.8
Kovan,NE13,WEEKDAY,0,7.55,73.15
Kovan,NE13,WEEKDAY,5,193.35,27.7
Kovan,NE13,WEEKDAY,6,886.95,391.1
Kovan,NE13,WEEKDAY,7,2102.0,1041.7
Kovan,NE13,WEEKDAY,8,2789.9,1435.1
Kovan,NE13,WEEKDAY,9,1761.0,1007.3
Kovan,NE13,WEEKDAY,10,1223.05,768.85
Kovan,NE13,WEEKDAY,11,1201.85,725.7
Kovan,NE13,WEEKDAY,12,1146.45,881.15
Kovan,NE13,WEEKDAY,13,1053.65,963.65
Kovan,NE13,WEEKDAY,14,906.75,1007.45
Kovan,NE13,WEEKDAY,15,1095.9,1052.95
Kovan,NE13,WEEKDAY,16,1066.95,1251.1
Kovan,NE13,WEEKDAY,17,1408.1,1807.85
Kovan,NE13,WEEKDAY,18,1690.4,2959.9
Kovan,NE13,WEEKDAY,19,1145.9,2357.05
Kovan,NE13,WEEKDAY,20,837.6,1442.95
Kovan,NE13,WEEKDAY,21,724.0,1296.45
Kovan,NE13,WEEKDAY,22,387.75,1092.3
Kovan,NE13,WEEKDAY,23,124.1,555.6
Kovan,NE13,WEEKENDS/HOLIDAY,0,12.7,77.4
Kovan,NE13,WEEKENDS/HOLIDAY,5,80.2,17.5
Kovan,NE13,WEEKENDS/HOLIDAY,6,398.6,283.2
Kovan,NE13,WEEKENDS/HOLIDAY,7,693.7,653.3
Kovan,NE13,WEEKENDS/HOLIDAY,8,1132.3,1027.2
Kovan,NE13,WEEKENDS/HOLIDAY,9,1466.1,1216.5
Kovan,NE13,WEEKENDS/HOLIDAY,10,1563.8,1221.6
Kovan,NE13,WEEKENDS/HOLIDAY,11,1682.3,1048.5
Kovan,NE13,WEEKENDS/HOLIDAY,12,1713.0,1168.3
Kovan,NE13,WEEKENDS/HOLIDAY,13,1648.2,1240.0
Kovan,NE13,WEEKENDS/HOLIDAY,14,1327.7,1158.5
Kovan,NE13,WEEKENDS/HOLIDAY,15,1224.0,1149.0
Kovan,NE13,WEEKENDS/HOLIDAY,16,1250.4,1229.9
Kovan,NE13,WEEKENDS/HOLIDAY,17,1375.4,1438.6
Kovan,NE13,WEEKENDS/HOLIDAY,18,1410.6,1501.1
Kovan,NE13,WEEKENDS/HOLIDAY,19,1098.4,1364.2
Kovan,NE13,WEEKENDS/HOLIDAY,20,768.3,1182.7
Kovan,NE13,WEEKENDS/HOLIDAY,21,623.0,1176.6
Kovan,NE13,WEEKENDS/HOLIDAY,22,415.4,1078.3
Kovan,NE13,WEEKENDS/HOLIDAY,23,151.1,568.5
Kranji,NS7,WEEKDAY,0,32.85,127.95
Kranji,NS7,WEEKDAY,5,2204.75,100.7
Kranji,NS7,WEEKDAY,6,2899.25,754.6
Kranji,NS7,WEEKDAY,7,3651.0,2173.85
Kranji,NS7,WEEKDAY,8,2215.85,2094.35
Kranji,NS7,WEEKDAY,9,1944.85,1373.0
Kranji,NS7,WEEKDAY,10,1479.6,1023.2
Kranji,NS7,WEEKDAY,11,1051.9,807.3
Kranji,NS7,WEEKDAY,12,805.15,734.7
Kranji,NS7,WEEKDAY,13,786.8,683.45
Kranji,NS7,WEEKDAY,14,774.1,657.6
Kranji,NS7,WEEKDAY,15,811.3,776.7
Kranji,NS7,WEEKDAY,16,1064.5,1172.35
Kranji,NS7,WEEKDAY,17,1998.05,1977.75
Kranji,NS7,WEEKDAY,18,1840.8,2640.35
Kranji,NS7,WEEKDAY,19,1265.55,2187.3
Kranji,NS7,WEEKDAY,20,1019.25,1911.35
Kranji,NS7,WEEKDAY,21,974.35,1854.45
Kranji,NS7,WEEKDAY,22,695.0,1823.8
Kranji,NS7,WEEKDAY,23,262.6,948.45
Kranji,NS7,WEEKENDS/HOLIDAY,0,131.8,172.2
Kranji,NS7,WEEKENDS/HOLIDAY,5,917.6,152.0
Kranji,NS7,WEEKENDS/HOLIDAY,6,1947.6,943.3
Kranji,NS7,WEEKENDS/HOLIDAY,7,2202.2,1738.4
Kranji,NS7,WEEKENDS/HOLIDAY,8,1774.0,1868.1
Kranji,NS7,WEEKENDS/HOLIDAY,9,2057.0,1648.4
Kranji,NS7,WEEKENDS/HOLIDAY,10,1514.1,1373.8
Kranji,NS7,WEEKENDS/HOLIDAY,11,1198.8,1270.7
Kranji,NS7,WEEKENDS/HOLIDAY,12,1227.4,1232.2
Kranji,NS7,WEEKENDS/HOLIDAY,13,1416.9,1260.5
Kranji,NS7,WEEKENDS/HOLIDAY,14,1297.3,1050.7
Kranji,NS7,WEEKENDS/HOLIDAY,15,1490.4,1112.1
Kranji,NS7,WEEKENDS/HOLIDAY,16,1519.1,1231.8
Kranji,NS7,WEEKENDS/HOLIDAY,17,1667.6,1488.1
Kranji,NS7,WEEKENDS/HOLIDAY,18,2108.0,1728.0
Kranji,NS7,WEEKENDS/HOLIDAY,19,1989.7,1758.0
Kranji,NS7,WEEKENDS/HOLIDAY,20,1907.6,1747.3
Kranji,NS7,WEEKENDS/HOLIDAY,21,2030.9,1746.6
Kranji,NS7,WEEKENDS/HOLIDAY,22,1840.7,1872.8
Kranji,NS7,WEEKENDS/HOLIDAY,23,1087.0,1087.4
Labrador Park,CC27,WEEKDAY,0,0.1,0.25
Labrador Park,CC27,WEEKDAY,5,6.85,5.0
Labrador Park,CC27,WEEKDAY,6,16.75,257.75
Labrador Park,CC27,WEEKDAY,7,72.65,789.95
Labrador Park,CC27,WEEKDAY,8,62.75,3092.5
Labrador Park,CC27,WEEKDAY,9,58.8,2211.3
Labrador Park,CC27,WEEKDAY,10,70.2,513.65
Labrador Park,CC27,WEEKDAY,11,237.35,251.45
Labrador Park,CC27,WEEKDAY,12,349.8,249.75
Labrador Park,CC27,WEEKDAY,13,228.8,417.25
Labrador Park,CC27,WEEKDAY,14,218.65,240.15
Labrador Park,CC27,WEEKDAY,15,284.5,117.75
Labrador Park,CC27,WEEKDAY,16,572.95,104.4
Labrador Park,CC27,WEEKDAY,17,1885.95,148.4
Labrador Park,CC27,WEEKDAY,18,2806.35,197.35
Labrador Park,CC27,WEEKDAY,19,1164.3,121.55
Labrador Park,CC27,WEEKDAY,20,467.55,50.95
Labrador Park,CC27,WEEKDAY,21,281.6,40.25
Labrador Park,CC27,WEEKDAY,22,143.4,29.2
Labrador Park,CC27,WEEKDAY,23,21.75,7.1
Labrador Park,CC27,WEEKENDS/HOLIDAY,0,0.0,0.3
Labrador Park,CC27,WEEKENDS/HOLIDAY,5,0.5,0.1
Labrador Park,CC27,WEEKENDS/HOLIDAY,6,0.8,3.9
Labrador Park,CC27,WEEKENDS/HOLIDAY,7,4.0,19.4
Labrador Park,CC27,WEEKENDS/HOLIDAY,8,13.3,56.7
Labrador Park,CC27,WEEKENDS/HOLIDAY,9,33.2,164.0
Labrador Park,CC27,WEEKENDS/HOLIDAY,10,63.9,122.5
Labrador Park,CC27,WEEKENDS/HOLIDAY,11,85.4,120.9
Labrador Park,CC27,WEEKENDS/HOLIDAY,12,102.3,115.8
Labrador Park,CC27,WEEKENDS/HOLIDAY,13,107.5,105.1
Labrador Park,CC27,WEEKENDS/HOLIDAY,14,122.7,93.6
Labrador Park,CC27,WEEKENDS/HOLIDAY,15,124.7,87.5
Labrador Park,CC27,WEEKENDS/HOLIDAY,16,129.8,98.8
Labrador Park,CC27,WEEKENDS/HOLIDAY,17,158.0,112.7
Labrador Park,CC27,WEEKENDS/HOLIDAY,18,144.3,115.4
Labrador Park,CC27,WEEKENDS/HOLIDAY,19,139.1,77.2
Labrador Park,CC27,WEEKENDS/HOLIDAY,20,102.9,42.1
Labrador Park,CC27,WEEKENDS/HOLIDAY,21,107.9,35.4
Labrador Park,CC27,WEEKENDS/HOLIDAY,22,83.5,24.4
Labrador Park,CC27,WEEKENDS/HOLIDAY,23,5.2,5.5
Lakeside,EW26,WEEKDAY,0,2.25,196.25
Lakeside,EW26,WEEKDAY,5,878.85,106.8
Lakeside,EW26,WEEKDAY,6,3151.4,1293.65
Lakeside,EW26,WEEKDAY,7,6344.45,2358.5
Lakeside,EW26,WEEKDAY,8,5635.95,1727.9
Lakeside,EW26,WEEKDAY,9,2569.45,721.25
Lakeside,EW26,WEEKDAY,10,1627.25,517.55
Lakeside,EW26,WEEKDAY,11,1436.3,561.45
Lakeside,EW26,WEEKDAY,12,1383.15,768.6
Lakeside,EW26,WEEKDAY,13,1307.7,927.95
Lakeside,EW26,WEEKDAY,14,975.05,946.0
Lakeside,EW26,WEEKDAY,15,963.4,1064.65
Lakeside,EW26,WEEKDAY,16,1289.8,1563.45
Lakeside,EW26,WEEKDAY,17,2571.0,2996.55
Lakeside,EW26,WEEKDAY,18,2657.3,4846.2
Lakeside,EW26,WEEKDAY,19,1344.05,3791.5
Lakeside,EW26,WEEKDAY,20,869.4,2667.75
Lakeside,EW26,WEEKDAY,21,541.35,2230.5
Lakeside,EW26,WEEKDAY,22,381.55,1834.1
Lakeside,EW26,WEEKDAY,23,126.15,950.55
Lakeside,EW26,WEEKENDS/HOLIDAY,0,3.4,242.8
Lakeside,EW26,WEEKENDS/HOLIDAY,5,366.0,21.3
Lakeside,EW26,WEEKENDS/HOLIDAY,6,1422.6,564.7
Lakeside,EW26,WEEKENDS/HOLIDAY,7,1962.4,992.1
Lakeside,EW26,WEEKENDS/HOLIDAY,8,2126.2,841.3
Lakeside,EW26,WEEKENDS/HOLIDAY,9,2169.1,773.5
Lakeside,EW26,WEEKENDS/HOLIDAY,10,2174.4,690.7
Lakeside,EW26,WEEKENDS/HOLIDAY,11,2058.4,769.6
Lakeside,EW26,WEEKENDS/HOLIDAY,12,2039.6,997.1
Lakeside,EW26,WEEKENDS/HOLIDAY,13,1797.7,1206.0
Lakeside,EW26,WEEKENDS/HOLIDAY,14,1450.2,1317.2
Lakeside,EW26,WEEKENDS/HOLIDAY,15,1434.1,1419.8
Lakeside,EW26,WEEKENDS/HOLIDAY,16,1503.7,1551.4
Lakeside,EW26,WEEKENDS/HOLIDAY,17,1877.3,2004.7
Lakeside,EW26,WEEKENDS/HOLIDAY,18,1708.2,2188.6
Lakeside,EW26,WEEKENDS/HOLIDAY,19,1341.5,2147.1
Lakeside,EW26,WEEKENDS/HOLIDAY,20,875.0,2066.5
Lakeside,EW26,WEEKENDS/HOLIDAY,21,636.2,2022.9
Lakeside,EW26,WEEKENDS/HOLIDAY,22,432.2,1842.5
Lakeside,EW26,WEEKENDS/HOLIDAY,23,138.7,1131.7
Lavender,EW11,WEEKDAY,0,8.15,25.65
Lavender,EW11,WEEKDAY,5,122.8,20.5
Lavender,EW11,WEEKDAY,6,718.2,347.5
Lavender,EW11,WEEKDAY,7,1043.45,1209.8
Lavender,EW11,WEEKDAY,8,1279.2,2118.5
Lavender,EW11,WEEKDAY,9,1044.8,1552.95
Lavender,EW11,WEEKDAY,10,864.7,846.55
Lavender,EW11,WEEKDAY,11,845.55,702.15
Lavender,EW11,WEEKDAY,12,845.25,787.35
Lavender,EW11,WEEKDAY,13,773.9,902.85
Lavender,EW11,WEEKDAY,14,720.85,840.6
Lavender,EW11,WEEKDAY,15,758.95,808.6
Lavender,EW11,WEEKDAY,16,846.75,807.5
Lavender,EW11,WEEKDAY,17,1795.25,1228.1
Lavender,EW11,WEEKDAY,18,2280.05,1957.25
Lavender,EW11,WEEKDAY,19,1292.9,1473.55
Lavender,EW11,WEEKDAY,20,776.85,942.55
Lavender,EW11,WEEKDAY,21,723.9,958.5
Lavender,EW11,WEEKDAY,22,587.2,715.4
Lavender,EW11,WEEKDAY,23,238.25,351.45
Lavender,EW11,WEEKENDS/HOLIDAY,0,7.9,34.2
Lavender,EW11,WEEKENDS/HOLIDAY,5,48.9,5.1
Lavender,EW11,WEEKENDS/HOLIDAY,6,448.0,199.8
Lavender,EW11,WEEKENDS/HOLIDAY,7,595.2,506.0
Lavender,EW11,WEEKENDS/HOLIDAY,8,609.5,713.3
Lavender,EW11,WEEKENDS/HOLIDAY,9,793.0,854.7
Lavender,EW11,WEEKENDS/HOLIDAY,10,931.0,895.4
Lavender,EW11,WEEKENDS/HOLIDAY,11,949.3,972.5
Lavender,EW11,WEEKENDS/HOLIDAY,12,976.6,1061.0
Lavender,EW11,WEEKENDS/HOLIDAY,13,974.7,1161.3
Lavender,EW11,WEEKENDS/HOLIDAY,14,968.0,1164.1
Lavender,EW11,WEEKENDS/HOLIDAY,15,939.6,1121.1
Lavender,EW11,WEEKENDS/HOLIDAY,16,1095.4,1067.1
Lavender,EW11,WEEKENDS/HOLIDAY,17,1323.2,1104.0
Lavender,EW11,WEEKENDS/HOLIDAY,18,1288.5,1084.3
Lavender,EW11,WEEKENDS/HOLIDAY,19,1063.1,962.9
Lavender,EW11,WEEKENDS/HOLIDAY,20,782.2,823.8
Lavender,EW11,WEEKENDS/HOLIDAY,21,708.3,852.8
Lavender,EW11,WEEKENDS/HOLIDAY,22,483.0,838.8
Lavender,EW11,WEEKENDS/HOLIDAY,23,243.0,412.9
Lentor,TE5,WEEKDAY,0,1.15,31.15
Lentor,TE5,WEEKDAY,5,48.35,5.1
Lentor,TE5,WEEKDAY,6,291.9,105.65
Lentor,TE5,WEEKDAY,7,754.35,567.55
Lentor,TE5,WEEKDAY,8,931.45,427.8
Lentor,TE5,WEEKDAY,9,449.65,174.15
Lentor,TE5,WEEKDAY,10,253.7,103.35
Lentor,TE5,WEEKDAY,11,247.25,88.35
Lentor,TE5,WEEKDAY,12,244.15,146.05
Lentor,TE5,WEEKDAY,13,197.95,211.1
Lentor,TE5,WEEKDAY,14,145.8,194.9
Lentor,TE5,WEEKDAY,15,135.05,201.7
Lentor,TE5,WEEKDAY,16,203.45,259.85
Lentor,TE5,WEEKDAY,17,421.7,458.05
Lentor,TE5,WEEKDAY,18,634.85,736.3
Lentor,TE5,WEEKDAY,19,333.15,613.75
Lentor,TE5,WEEKDAY,20,189.2,390.4
Lentor,TE5,WEEKDAY,21,113.55,339.35
Lentor,TE5,WEEKDAY,22,58.15,311.5
Lentor,TE5,WEEKDAY,23,18.25,157.3
Lentor,TE5,WEEKENDS/HOLIDAY,0,2.0,34.5
Lentor,TE5,WEEKENDS/HOLIDAY,5,23.6,1.2
Lentor,TE5,WEEKENDS/HOLIDAY,6,124.5,52.2
Lentor,TE5,WEEKENDS/HOLIDAY,7,210.0,294.6
Lentor,TE5,WEEKENDS/HOLIDAY,8,309.3,180.4
Lentor,TE5,WEEKENDS/HOLIDAY,9,352.5,126.4
Lentor,TE5,WEEKENDS/HOLIDAY,10,339.6,108.9
Lentor,TE5,WEEKENDS/HOLIDAY,11,329.4,133.1
Lentor,TE5,WEEKENDS/HOLIDAY,12,301.5,172.4
Lentor,TE5,WEEKENDS/HOLIDAY,13,243.4,206.2
Lentor,TE5,WEEKENDS/HOLIDAY,14,211.2,229.6
Lentor,TE5,WEEKENDS/HOLIDAY,15,210.9,231.6
Lentor,TE5,WEEKENDS/HOLIDAY,16,267.8,247.8
Lentor,TE5,WEEKENDS/HOLIDAY,17,318.8,293.7
Lentor,TE5,WEEKENDS/HOLIDAY,18,355.2,344.0
Lentor,TE5,WEEKENDS/HOLIDAY,19,239.9,330.0
Lentor,TE5,WEEKENDS/HOLIDAY,20,141.7,326.5
Lentor,TE5,WEEKENDS/HOLIDAY,21,101.0,320.2
Lentor,TE5,WEEKENDS/HOLIDAY,22,63.8,301.5
Lentor,TE5,WEEKENDS/HOLIDAY,23,24.7,176.1
Little India,NE7/DT12,WEEKDAY,0,10.5,28.85
Little India,NE7/DT12,WEEKDAY,5,62.85,15.2
Little India,NE7/DT12,WEEKDAY,6,681.2,713.95
Little India,NE7/DT12,WEEKDAY,7,1267.05,1719.35
Little India,NE7/DT12,WEEKDAY,8,1299.55,3060.45
Little India,NE7/DT12,WEEKDAY,9,916.55,1921.05
Little India,NE7/DT12,WEEKDAY,10,902.05,1481.3
Little India,NE7/DT12,WEEKDAY,11,1312.95,1557.45
Little India,NE7/DT12,WEEKDAY,12,1979.85,1695.6
Little India,NE7/DT12,WEEKDAY,13,1454.3,1953.3
Little India,NE7/DT12,WEEKDAY,14,1178.2,1384.15
Little India,NE7/DT12,WEEKDAY,15,1251.75,1172.75
Little India,NE7/DT12,WEEKDAY,16,1425.5,1190.65
Little India,NE7/DT12,WEEKDAY,17,2442.35,1724.75
Little India,NE7/DT12,WEEKDAY,18,3229.7,2590.1
Little India,NE7/DT12,WEEKDAY,19,2026.4,2199.9
Little India,NE7/DT12,WEEKDAY,20,1627.2,1282.35
Little India,NE7/DT12,WEEKDAY,21,1411.45,818.15
Little India,NE7/DT12,WEEKDAY,22,798.15,543.2
Little India,NE7/DT12,WEEKDAY,23,268.0,253.15
Little India,NE7/DT12,WEEKENDS/HOLIDAY,0,13.0,43.9
Little India,NE7/DT12,WEEKENDS/HOLIDAY,5,31.0,6.4
Little India,NE7/DT12,WEEKENDS/HOLIDAY,6,468.0,436.5
Little India,NE7/DT12,WEEKENDS/HOLIDAY,7,765.5,865.5
Little India,NE7/DT12,WEEKENDS/HOLIDAY,8,777.0,1434.0
Little India,NE7/DT12,WEEKENDS/HOLIDAY,9,929.8,2183.3
Little India,NE7/DT12,WEEKENDS/HOLIDAY,10,1244.2,2742.6
Little India,NE7/DT12,WEEKENDS/HOLIDAY,11,1691.6,2874.9
Little India,NE7/DT12,WEEKENDS/HOLIDAY,12,2023.3,2750.8
Little India,NE7/DT12,WEEKENDS/HOLIDAY,13,2129.8,2486.1
Little India,NE7/DT12,WEEKENDS/HOLIDAY,14,2067.3,2239.8
Little India,NE7/DT12,WEEKENDS/HOLIDAY,15,2033.8,2059.6
Little India,NE7/DT12,WEEKENDS/HOLIDAY,16,2159.4,2281.9
Little India,NE7/DT12,WEEKENDS/HOLIDAY,17,2516.1,2697.2
Little India,NE7/DT12,WEEKENDS/HOLIDAY,18,2867.1,2889.6
Little India,NE7/DT12,WEEKENDS/HOLIDAY,19,2723.7,2460.5
Little India,NE7/DT12,WEEKENDS/HOLIDAY,20,2500.7,1559.7
Little India,NE7/DT12,WEEKENDS/HOLIDAY,21,2233.0,962.0
Little India,NE7/DT12,WEEKENDS/HOLIDAY,22,1340.9,632.9
Little India,NE7/DT12,WEEKENDS/HOLIDAY,23,444.0,310.5
Lorong Chuan,CC14,WEEKDAY,0,1.05,9.0
Lorong Chuan,CC14,WEEKDAY,5,31.95,9.95
Lorong Chuan,CC14,WEEKDAY,6,215.75,243.25
Lorong Chuan,CC14,WEEKDAY,7,723.85,889.05
Lorong Chuan,CC14,WEEKDAY,8,1033.1,896.35
Lorong Chuan,CC14,WEEKDAY,9,618.35,448.8
Lorong Chuan,CC14,WEEKDAY,10,385.2,197.95
Lorong Chuan,CC14,WEEKDAY,11,450.1,170.1
Lorong Chuan,CC14,WEEKDAY,12,418.85,269.8
Lorong Chuan,CC14,WEEKDAY,13,434.25,467.8
Lorong Chuan,CC14,WEEKDAY,14,254.65,379.25
Lorong Chuan,CC14,WEEKDAY,15,512.85,335.75
Lorong Chuan,CC14,WEEKDAY,16,712.25,360.65
Lorong Chuan,CC14,WEEKDAY,17,751.55,511.95
Lorong Chuan,CC14,WEEKDAY,18,781.65,801.55
Lorong Chuan,CC14,WEEKDAY,19,418.25,650.25
Lorong Chuan,CC14,WEEKDAY,20,177.85,365.4
Lorong Chuan,CC14,WEEKDAY,21,153.7,308.55
Lorong Chuan,CC14,WEEKDAY,22,113.75,238.85
Lorong Chuan,CC14,WEEKDAY,23,22.15,90.95
Lorong Chuan,CC14,WEEKENDS/HOLIDAY,0,0.5,6.8
Lorong Chuan,CC14,WEEKENDS/HOLIDAY,5,2.9,0.2
Lorong Chuan,CC14,WEEKENDS/HOLIDAY,6,13.0,10.5
Lorong Chuan,CC14,WEEKENDS/HOLIDAY,7,27.4,36.3
Lorong Chuan,CC14,WEEKENDS/HOLIDAY,8,146.4,63.7
Lorong Chuan,CC14,WEEKENDS/HOLIDAY,9,379.5,237.4
Lorong Chuan,CC14,WEEKENDS/HOLIDAY,10,386.8,240.1
Lorong Chuan,CC14,WEEKENDS/HOLIDAY,11,404.9,247.1
Lorong Chuan,CC14,WEEKENDS/HOLIDAY,12,397.0,296.6
Lorong Chuan,CC14,WEEKENDS/HOLIDAY,13,369.2,350.1
Lorong Chuan,CC14,WEEKENDS/HOLIDAY,14,323.7,341.0
Lorong Chuan,CC14,WEEKENDS/HOLIDAY,15,284.7,323.5
Lorong Chuan,CC14,WEEKENDS/HOLIDAY,16,311.7,310.9
Lorong Chuan,CC14,WEEKENDS/HOLIDAY,17,398.0,336.9
Lorong Chuan,CC14,WEEKENDS/HOLIDAY,18,374.3,377.3
Lorong Chuan,CC14,WEEKENDS/HOLIDAY,19,232.4,353.3
Lorong Chuan,CC14,WEEKENDS/HOLIDAY,20,147.2,301.0
Lorong Chuan,CC14,WEEKENDS/HOLIDAY,21,111.0,272.1
Lorong Chuan,CC14,WEEKENDS/HOLIDAY,22,105.5,219.9
Lorong Chuan,CC14,WEEKENDS/HOLIDAY,23,22.1,84.5
MacPherson,CC10/DT26,WEEKDAY,0,8.35,46.85
MacPherson,CC10/DT26,WEEKDAY,5,188.25,20.75
MacPherson,CC10/DT26,WEEKDAY,6,807.3,356.8
MacPherson,CC10/DT26,WEEKDAY,7,1444.45,1233.65
MacPherson,CC10/DT26,WEEKDAY,8,1749.95,2903.1
MacPherson,CC10/DT26,WEEKDAY,9,1040.9,1529.2
MacPherson,CC10/DT26,WEEKDAY,10,698.0,604.95
MacPherson,CC10/DT26,WEEKDAY,11,745.5,453.7
MacPherson,CC10/DT26,WEEKDAY,12,796.2,562.0
MacPherson,CC10/DT26,WEEKDAY,13,660.25,760.65
MacPherson,CC10/DT26,WEEKDAY,14,552.6,605.15
MacPherson,CC10/DT26,WEEKDAY,15,570.7,563.8
MacPherson,CC10/DT26,WEEKDAY,16,832.9,670.0
MacPherson,CC10/DT26,WEEKDAY,17,2109.7,1039.6
MacPherson,CC10/DT26,WEEKDAY,18,3111.45,1726.25
MacPherson,CC10/DT26,WEEKDAY,19,1191.1,1315.8
MacPherson,CC10/DT26,WEEKDAY,20,622.55,870.4
MacPherson,CC10/DT26,WEEKDAY,21,458.0,848.6
MacPherson,CC10/DT26,WEEKDAY,22,343.1,772.3
MacPherson,CC10/DT26,WEEKDAY,23,108.15,358.15
MacPherson,CC10/DT26,WEEKENDS/HOLIDAY,0,6.5,58.4
MacPherson,CC10/DT26,WEEKENDS/HOLIDAY,5,47.0,14.9
MacPherson,CC10/DT26,WEEKENDS/HOLIDAY,6,412.8,321.7
MacPherson,CC10/DT26,WEEKENDS/HOLIDAY,7,658.0,573.5
MacPherson,CC10/DT26,WEEKENDS/HOLIDAY,8,800.7,652.5
MacPherson,CC10/DT26,WEEKENDS/HOLIDAY,9,856.8,743.8
MacPherson,CC10/DT26,WEEKENDS/HOLIDAY,10,837.4,625.3
MacPherson,CC10/DT26,WEEKENDS/HOLIDAY,11,893.5,561.9
MacPherson,CC10/DT26,WEEKENDS/HOLIDAY,12,961.0,667.7
MacPherson,CC10/DT26,WEEKENDS/HOLIDAY,13,957.1,855.7
MacPherson,CC10/DT26,WEEKENDS/HOLIDAY,14,804.3,796.0
MacPherson,CC10/DT26,WEEKENDS/HOLIDAY,15,826.3,793.0
MacPherson,CC10/DT26,WEEKENDS/HOLIDAY,16,924.5,800.9
MacPherson,CC10/DT26,WEEKENDS/HOLIDAY,17,1082.8,842.0
MacPherson,CC10/DT26,WEEKENDS/HOLIDAY,18,1013.3,877.8
MacPherson,CC10/DT26,WEEKENDS/HOLIDAY,19,711.9,817.7
MacPherson,CC10/DT26,WEEKENDS/HOLIDAY,20,477.3,798.6
MacPherson,CC10/DT26,WEEKENDS/HOLIDAY,21,399.6,903.5
MacPherson,CC10/DT26,WEEKENDS/HOLIDAY,22,336.4,835.4
MacPherson,CC10/DT26,WEEKENDS/HOLIDAY,23,113.9,439.5
Marina Bay,NS27/CE2/TE20,WEEKDAY,0,2.4,6.75
Marina Bay,NS27/CE2/TE20,WEEKDAY,5,24.6,13.3
Marina Bay,NS27/CE2/TE20,WEEKDAY,6,54.55,163.95
Marina Bay,NS27/CE2/TE20,WEEKDAY,7,61.15,383.9
Marina Bay,NS27/CE2/TE20,WEEKDAY,8,91.35,1312.8
Marina Bay,NS27/CE2/TE20,WEEKDAY,9,74.05,1223.4
Marina Bay,NS27/CE2/TE20,WEEKDAY,10,91.65,371.8
Marina Bay,NS27/CE2/TE20,WEEKDAY,11,236.65,234.65
Marina Bay,NS27/CE2/TE20,WEEKDAY,12,291.0,240.2
Marina Bay,NS27/CE2/TE20,WEEKDAY,13,183.3,380.25
Marina Bay,NS27/CE2/TE20,WEEKDAY,14,182.85,251.15
Marina Bay,NS27/CE2/TE20,WEEKDAY,15,211.9,175.65
Marina Bay,NS27/CE2/TE20,WEEKDAY,16,358.45,184.25
Marina Bay,NS27/CE2/TE20,WEEKDAY,17,848.2,211.95
Marina Bay,NS27/CE2/TE20,WEEKDAY,18,1831.65,266.6
Marina Bay,NS27/CE2/TE20,WEEKDAY,19,906.3,210.05
Marina Bay,NS27/CE2/TE20,WEEKDAY,20,398.1,154.15
Marina Bay,NS27/CE2/TE20,WEEKDAY,21,238.05,135.25
Marina Bay,NS27/CE2/TE20,WEEKDAY,22,164.15,78.9
Marina Bay,NS27/CE2/TE20,WEEKDAY,23,60.1,48.9
Marina Bay,NS27/CE2/TE20,WEEKENDS/HOLIDAY,0,2.7,8.1
Marina Bay,NS27/CE2/TE20,WEEKENDS/HOLIDAY,5,12.7,2.0
Marina Bay,NS27/CE2/TE20,WEEKENDS/HOLIDAY,6,50.0,52.6
Marina Bay,NS27/CE2/TE20,WEEKENDS/HOLIDAY,7,56.7,120.9
Marina Bay,NS27/CE2/TE20,WEEKENDS/HOLIDAY,8,64.9,145.7
Marina Bay,NS27/CE2/TE20,WEEKENDS/HOLIDAY,9,79.7,151.6
Marina Bay,NS27/CE2/TE20,WEEKENDS/HOLIDAY,10,135.4,209.3
Marina Bay,NS27/CE2/TE20,WEEKENDS/HOLIDAY,11,162.6,248.5
Marina Bay,NS27/CE2/TE20,WEEKENDS/HOLIDAY,12,189.6,281.7
Marina Bay,NS27/CE2/TE20,WEEKENDS/HOLIDAY,13,209.2,313.7
Marina Bay,NS27/CE2/TE20,WEEKENDS/HOLIDAY,14,223.5,326.7
Marina Bay,NS27/CE2/TE20,WEEKENDS/HOLIDAY,15,268.7,352.2
Marina Bay,NS27/CE2/TE20,WEEKENDS/HOLIDAY,16,290.9,357.7
Marina Bay,NS27/CE2/TE20,WEEKENDS/HOLIDAY,17,287.2,349.3
Marina Bay,NS27/CE2/TE20,WEEKENDS/HOLIDAY,18,265.2,349.6
Marina Bay,NS27/CE2/TE20,WEEKENDS/HOLIDAY,19,245.4,325.7
Marina Bay,NS27/CE2/TE20,WEEKENDS/HOLIDAY,20,181.4,223.4
Marina Bay,NS27/CE2/TE20,WEEKENDS/HOLIDAY,21,151.6,164.0
Marina Bay,NS27/CE2/TE20,WEEKENDS/HOLIDAY,22,119.8,114.8
Marina Bay,NS27/CE2/TE20,WEEKENDS/HOLIDAY,23,47.4,67.6
Marina South Pier,NS28,WEEKDAY,0,0.45,1.0
Marina South Pier,NS28,WEEKDAY,5,2.95,0.1
Marina South Pier,NS28,WEEKDAY,6,16.5,97.85
Marina South Pier,NS28,WEEKDAY,7,119.25,166.1
Marina South Pier,NS28,WEEKDAY,8,266.2,241.7
Marina South Pier,NS28,WEEKDAY,9,265.3,197.25
Marina South Pier,NS28,WEEKDAY,10,103.8,222.9
Marina South Pier,NS28,WEEKDAY,11,82.45,189.55
Marina South Pier,NS28,WEEKDAY,12,159.75,151.55
Marina South Pier,NS28,WEEKDAY,13,208.55,115.05
Marina South Pier,NS28,WEEKDAY,14,139.3,106.6
Marina South Pier,NS28,WEEKDAY,15,154.5,107.55
Marina South Pier,NS28,WEEKDAY,16,130.85,123.1
Marina South Pier,NS28,WEEKDAY,17,183.6,105.35
Marina South Pier,NS28,WEEKDAY,18,120.7,62.05
Marina South Pier,NS28,WEEKDAY,19,102.35,45.95
Marina South Pier,NS28,WEEKDAY,20,53.1,35.15
Marina South Pier,NS28,WEEKDAY,21,31.4,24.85
Marina South Pier,NS28,WEEKDAY,22,36.3,14.45
Marina South Pier,NS28,WEEKDAY,23,11.55,10.8
Marina South Pier,NS28,WEEKENDS/HOLIDAY,0,0.3,1.2
Marina South Pier,NS28,WEEKENDS/HOLIDAY,5,2.1,0.0
Marina South Pier,NS28,WEEKENDS/HOLIDAY,6,19.3,64.6
Marina South Pier,NS28,WEEKENDS/HOLIDAY,7,34.7,130.4
Marina South Pier,NS28,WEEKENDS/HOLIDAY,8,96.6,210.0
Marina South Pier,NS28,WEEKENDS/HOLIDAY,9,162.1,239.7
Marina South Pier,NS28,WEEKENDS/HOLIDAY,10,114.7,353.7
Marina South Pier,NS28,WEEKENDS/HOLIDAY,11,98.8,318.1
Marina South Pier,NS28,WEEKENDS/HOLIDAY,12,220.8,301.2
Marina South Pier,NS28,WEEKENDS/HOLIDAY,13,329.4,306.7
Marina South Pier,NS28,WEEKENDS/HOLIDAY,14,419.1,306.0
Marina South Pier,NS28,WEEKENDS/HOLIDAY,15,516.8,269.2
Marina South Pier,NS28,WEEKENDS/HOLIDAY,16,423.1,235.3
Marina South Pier,NS28,WEEKENDS/HOLIDAY,17,321.2,183.7
Marina South Pier,NS28,WEEKENDS/HOLIDAY,18,381.9,120.5
Marina South Pier,NS28,WEEKENDS/HOLIDAY,19,252.7,70.3
Marina South Pier,NS28,WEEKENDS/HOLIDAY,20,133.5,53.7
Marina South Pier,NS28,WEEKENDS/HOLIDAY,21,65.7,46.2
Marina South Pier,NS28,WEEKENDS/HOLIDAY,22,48.2,36.3
Marina South Pier,NS28,WEEKENDS/HOLIDAY,23,18.1,20.2
Marine Parade,TE26,WEEKDAY,0,5.1,24.25
Marine Parade,TE26,WEEKDAY,5,27.55,2.6
Marine Parade,TE26,WEEKDAY,6,147.7,97.2
Marine Parade,TE26,WEEKDAY,7,456.75,280.75
Marine Parade,TE26,WEEKDAY,8,770.15,552.55
Marine Parade,TE26,WEEKDAY,9,572.4,633.0
Marine Parade,TE26,WEEKDAY,10,443.55,588.0
Marine Parade,TE26,WEEKDAY,11,511.95,603.6
Marine Parade,TE26,WEEKDAY,12,611.55,661.15
Marine Parade,TE26,WEEKDAY,13,691.55,665.55
Marine Parade,TE26,WEEKDAY,14,604.15,601.6
Marine Parade,TE26,WEEKDAY,15,582.65,561.55
Marine Parade,TE26,WEEKDAY,16,633.5,681.15
Marine Parade,TE26,WEEKDAY,17,870.05,805.75
Marine Parade,TE26,WEEKDAY,18,971.7,1287.6
Marine Parade,TE26,WEEKDAY,19,795.35,932.45
Marine Parade,TE26,WEEKDAY,20,620.1,459.4
Marine Parade,TE26,WEEKDAY,21,533.05,319.9
Marine Parade,TE26,WEEKDAY,22,292.25,257.4
Marine Parade,TE26,WEEKDAY,23,101.95,124.25
Marine Parade,TE26,WEEKENDS/HOLIDAY,0,8.3,31.5
Marine Parade,TE26,WEEKENDS/HOLIDAY,5,12.1,0.8
Marine Parade,TE26,WEEKENDS/HOLIDAY,6,89.1,59.7
Marine Parade,TE26,WEEKENDS/HOLIDAY,7,175.2,220.8
Marine Parade,TE26,WEEKENDS/HOLIDAY,8,274.8,553.3
Marine Parade,TE26,WEEKENDS/HOLIDAY,9,416.6,830.0
Marine Parade,TE26,WEEKENDS/HOLIDAY,10,604.6,977.4
Marine Parade,TE26,WEEKENDS/HOLIDAY,11,753.4,959.2
Marine Parade,TE26,WEEKENDS/HOLIDAY,12,913.1,891.9
Marine Parade,TE26,WEEKENDS/HOLIDAY,13,953.3,858.6
Marine Parade,TE26,WEEKENDS/HOLIDAY,14,916.5,783.9
Marine Parade,TE26,WEEKENDS/HOLIDAY,15,936.8,758.0
Marine Parade,TE26,WEEKENDS/HOLIDAY,16,976.7,898.9
Marine Parade,TE26,WEEKENDS/HOLIDAY,17,975.6,848.0
Marine Parade,TE26,WEEKENDS/HOLIDAY,18,1044.0,830.1
Marine Parade,TE26,WEEKENDS/HOLIDAY,19,954.8,672.2
Marine Parade,TE26,WEEKENDS/HOLIDAY,20,810.0,418.3
Marine Parade,TE26,WEEKENDS/HOLIDAY,21,711.9,327.8
Marine Parade,TE26,WEEKENDS/HOLIDAY,22,417.8,296.2
Marine Parade,TE26,WEEKENDS/HOLIDAY,23,138.9,148.6
Marine Terrace,TE27,WEEKDAY,0,1.0,32.15
Marine Terrace,TE27,WEEKDAY,5,46.9,0.3
Marine Terrace,TE27,WEEKDAY,6,235.05,63.5
Marine Terrace,TE27,WEEKDAY,7,687.25,278.0
Marine Terrace,TE27,WEEKDAY,8,903.9,188.3
Marine Terrace,TE27,WEEKDAY,9,578.65,165.85
Marine Terrace,TE27,WEEKDAY,10,367.75,147.9
Marine Terrace,TE27,WEEKDAY,11,340.5,177.2
Marine Terrace,TE27,WEEKDAY,12,329.95,237.3
Marine Terrace,TE27,WEEKDAY,13,461.4,315.7
Marine Terrace,TE27,WEEKDAY,14,236.5,245.1
Marine Terrace,TE27,WEEKDAY,15,214.8,275.65
Marine Terrace,TE27,WEEKDAY,16,261.55,342.55
Marine Terrace,TE27,WEEKDAY,17,305.8,473.35
Marine Terrace,TE27,WEEKDAY,18,295.5,755.35
Marine Terrace,TE27,WEEKDAY,19,180.95,631.85
Marine Terrace,TE27,WEEKDAY,20,109.15,418.5
Marine Terrace,TE27,WEEKDAY,21,70.25,344.65
Marine Terrace,TE27,WEEKDAY,22,44.35,278.35
Marine Terrace,TE27,WEEKDAY,23,20.5,155.8
Marine Terrace,TE27,WEEKENDS/HOLIDAY,0,0.9,36.3
Marine Terrace,TE27,WEEKENDS/HOLIDAY,5,17.0,0.1
Marine Terrace,TE27,WEEKENDS/HOLIDAY,6,132.1,27.0
Marine Terrace,TE27,WEEKENDS/HOLIDAY,7,229.9,97.8
Marine Terrace,TE27,WEEKENDS/HOLIDAY,8,361.1,141.0
Marine Terrace,TE27,WEEKENDS/HOLIDAY,9,427.6,182.4
Marine Terrace,TE27,WEEKENDS/HOLIDAY,10,409.6,195.2
Marine Terrace,TE27,WEEKENDS/HOLIDAY,11,396.2,262.5
Marine Terrace,TE27,WEEKENDS/HOLIDAY,12,380.1,303.8
Marine Terrace,TE27,WEEKENDS/HOLIDAY,13,316.8,308.7
Marine Terrace,TE27,WEEKENDS/HOLIDAY,14,259.1,305.4
Marine Terrace,TE27,WEEKENDS/HOLIDAY,15,254.4,333.2
Marine Terrace,TE27,WEEKENDS/HOLIDAY,16,301.3,346.2
Marine Terrace,TE27,WEEKENDS/HOLIDAY,17,342.3,371.8
Marine Terrace,TE27,WEEKENDS/HOLIDAY,18,302.1,374.3
Marine Terrace,TE27,WEEKENDS/HOLIDAY,19,242.6,379.0
Marine Terrace,TE27,WEEKENDS/HOLIDAY,20,150.0,356.0
Marine Terrace,TE27,WEEKENDS/HOLIDAY,21,100.8,342.2
Marine Terrace,TE27,WEEKENDS/HOLIDAY,22,70.4,295.4
Marine Terrace,TE27,WEEKENDS/HOLIDAY,23,27.4,170.1
Marsiling,NS8,WEEKDAY,0,24.85,130.95
Marsiling,NS8,WEEKDAY,5,726.0,111.95
Marsiling,NS8,WEEKDAY,6,2259.65,531.95
Marsiling,NS8,WEEKDAY,7,3842.55,1177.0
Marsiling,NS8,WEEKDAY,8,2721.05,944.05
Marsiling,NS8,WEEKDAY,9,1648.7,630.35
Marsiling,NS8,WEEKDAY,10,1079.5,481.45
Marsiling,NS8,WEEKDAY,11,917.6,455.95
Marsiling,NS8,WEEKDAY,12,891.35,530.05
Marsiling,NS8,WEEKDAY,13,845.1,605.9
Marsiling,NS8,WEEKDAY,14,670.1,611.15
Marsiling,NS8,WEEKDAY,15,790.35,640.1
Marsiling,NS8,WEEKDAY,16,894.1,857.45
Marsiling,NS8,WEEKDAY,17,1461.9,1580.15
Marsiling,NS8,WEEKDAY,18,1504.45,2726.25
Marsiling,NS8,WEEKDAY,19,953.8,1921.85
Marsiling,NS8,WEEKDAY,20,615.55,1250.15
Marsiling,NS8,WEEKDAY,21,553.6,1003.6
Marsiling,NS8,WEEKDAY,22,329.0,786.6
Marsiling,NS8,WEEKDAY,23,167.25,458.0
Marsiling,NS8,WEEKENDS/HOLIDAY,0,51.4,148.9
Marsiling,NS8,WEEKENDS/HOLIDAY,5,308.1,51.8
Marsiling,NS8,WEEKENDS/HOLIDAY,6,865.0,292.1
Marsiling,NS8,WEEKENDS/HOLIDAY,7,1116.1,553.1
Marsiling,NS8,WEEKENDS/HOLIDAY,8,1216.8,683.3
Marsiling,NS8,WEEKENDS/HOLIDAY,9,1339.7,617.7
Marsiling,NS8,WEEKENDS/HOLIDAY,10,1128.4,622.1
Marsiling,NS8,WEEKENDS/HOLIDAY,11,1036.5,611.7
Marsiling,NS8,WEEKENDS/HOLIDAY,12,1043.1,662.1
Marsiling,NS8,WEEKENDS/HOLIDAY,13,1017.7,723.1
Marsiling,NS8,WEEKENDS/HOLIDAY,14,873.5,704.8
Marsiling,NS8,WEEKENDS/HOLIDAY,15,797.4,726.5
Marsiling,NS8,WEEKENDS/HOLIDAY,16,861.6,789.8
Marsiling,NS8,WEEKENDS/HOLIDAY,17,969.0,967.9
Marsiling,NS8,WEEKENDS/HOLIDAY,18,978.7,970.5
Marsiling,NS8,WEEKENDS/HOLIDAY,19,809.4,889.2
Marsiling,NS8,WEEKENDS/HOLIDAY,20,652.6,892.6
Marsiling,NS8,WEEKENDS/HOLIDAY,21,597.1,872.0
Marsiling,NS8,WEEKENDS/HOLIDAY,22,449.3,717.5
Marsiling,NS8,WEEKENDS/HOLIDAY,23,271.4,483.5
Marymount,CC16,WEEKDAY,0,1.05,7.7
Marymount,CC16,WEEKDAY,5,53.3,10.5
Marymount,CC16,WEEKDAY,6,270.9,187.0
Marymount,CC16,WEEKDAY,7,702.45,786.5
Marymount,CC16,WEEKDAY,8,941.0,1046.75
Marymount,CC16,WEEKDAY,9,577.55,653.15
Marymount,CC16,WEEKDAY,10,416.75,262.7
Marymount,CC16,WEEKDAY,11,443.2,208.2
Marymount,CC16,WEEKDAY,12,377.0,270.1
Marymount,CC16,WEEKDAY,13,291.75,438.55
Marymount,CC16,WEEKDAY,14,238.75,314.8
Marymount,CC16,WEEKDAY,15,277.35,270.15
Marymount,CC16,WEEKDAY,16,474.3,354.0
Marymount,CC16,WEEKDAY,17,866.05,505.3
Marymount,CC16,WEEKDAY,18,1042.1,826.75
Marymount,CC16,WEEKDAY,19,427.35,643.4
Marymount,CC16,WEEKDAY,20,271.9,393.45
Marymount,CC16,WEEKDAY,21,195.8,318.35
Marymount,CC16,WEEKDAY,22,173.1,247.7
Marymount,CC16,WEEKDAY,23,33.85,96.25
Marymount,CC16,WEEKENDS/HOLIDAY,0,0.7,5.0
Marymount,CC16,WEEKENDS/HOLIDAY,5,2.8,0.1
Marymount,CC16,WEEKENDS/HOLIDAY,6,11.3,9.3
Marymount,CC16,WEEKENDS/HOLIDAY,7,24.0,60.1
Marymount,CC16,WEEKENDS/HOLIDAY,8,122.8,117.2
Marymount,CC16,WEEKENDS/HOLIDAY,9,330.9,463.5
Marymount,CC16,WEEKENDS/HOLIDAY,10,324.1,357.5
Marymount,CC16,WEEKENDS/HOLIDAY,11,392.6,250.7
Marymount,CC16,WEEKENDS/HOLIDAY,12,465.7,274.7
Marymount,CC16,WEEKENDS/HOLIDAY,13,475.8,316.2
Marymount,CC16,WEEKENDS/HOLIDAY,14,385.2,327.7
Marymount,CC16,WEEKENDS/HOLIDAY,15,337.1,311.6
Marymount,CC16,WEEKENDS/HOLIDAY,16,370.6,308.8
Marymount,CC16,WEEKENDS/HOLIDAY,17,431.1,331.9
Marymount,CC16,WEEKENDS/HOLIDAY,18,398.4,337.8
Marymount,CC16,WEEKENDS/HOLIDAY,19,293.6,325.9
Marymount,CC16,WEEKENDS/HOLIDAY,20,199.9,302.6
Marymount,CC16,WEEKENDS/HOLIDAY,21,152.2,286.3
Marymount,CC16,WEEKENDS/HOLIDAY,22,105.6,242.7
Marymount,CC16,WEEKENDS/HOLIDAY,23,24.1,87.8
Mattar,DT25,WEEKDAY,0,1.75,14.95
Mattar,DT25,WEEKDAY,5,30.3,15.45
Mattar,DT25,WEEKDAY,6,237.2,151.95
Mattar,DT25,WEEKDAY,7,504.4,415.3
Mattar,DT25,WEEKDAY,8,641.95,553.8
Mattar,DT25,WEEKDAY,9,344.1,273.45
Mattar,DT25,WEEKDAY,10,186.25,123.25
Mattar,DT25,WEEKDAY,11,158.55,90.6
Mattar,DT25,WEEKDAY,12,168.7,127.85
Mattar,DT25,WEEKDAY,13,254.85,170.35
Mattar,DT25,WEEKDAY,14,150.9,139.35
Mattar,DT25,WEEKDAY,15,148.1,174.2
Mattar,DT25,WEEKDAY,16,220.95,203.6
Mattar,DT25,WEEKDAY,17,430.7,311.2
Mattar,DT25,WEEKDAY,18,609.95,497.9
Mattar,DT25,WEEKDAY,19,223.1,431.7
Mattar,DT25,WEEKDAY,20,119.2,254.85
Mattar,DT25,WEEKDAY,21,98.5,262.15
Mattar,DT25,WEEKDAY,22,65.5,227.0
Mattar,DT25,WEEKDAY,23,21.7,135.55
Mattar,DT25,WEEKENDS/HOLIDAY,0,0.7,15.8
Mattar,DT25,WEEKENDS/HOLIDAY,5,15.3,3.4
Mattar,DT25,WEEKENDS/HOLIDAY,6,155.9,49.3
Mattar,DT25,WEEKENDS/HOLIDAY,7,213.1,109.5
Mattar,DT25,WEEKENDS/HOLIDAY,8,212.6,192.4
Mattar,DT25,WEEKENDS/HOLIDAY,9,219.4,175.1
Mattar,DT25,WEEKENDS/HOLIDAY,10,254.9,149.8
Mattar,DT25,WEEKENDS/HOLIDAY,11,241.9,120.9
Mattar,DT25,WEEKENDS/HOLIDAY,12,258.6,126.6
Mattar,DT25,WEEKENDS/HOLIDAY,13,231.4,164.5
Mattar,DT25,WEEKENDS/HOLIDAY,14,196.6,184.4
Mattar,DT25,WEEKENDS/HOLIDAY,15,163.5,189.3
Mattar,DT25,WEEKENDS/HOLIDAY,16,216.7,199.4
Mattar,DT25,WEEKENDS/HOLIDAY,17,223.9,260.5
Mattar,DT25,WEEKENDS/HOLIDAY,18,289.2,221.9
Mattar,DT25,WEEKENDS/HOLIDAY,19,157.5,238.6
Mattar,DT25,WEEKENDS/HOLIDAY,20,117.9,234.6
Mattar,DT25,WEEKENDS/HOLIDAY,21,85.0,270.2
Mattar,DT25,WEEKENDS/HOLIDAY,22,66.8,224.4
Mattar,DT25,WEEKENDS/HOLIDAY,23,23.4,144.3
Maxwell,TE18,WEEKDAY,0,14.95,8.55
Maxwell,TE18,WEEKDAY,5,6.55,1.45
Maxwell,TE18,WEEKDAY,6,54.3,156.15
Maxwell,TE18,WEEKDAY,7,123.1,421.25
Maxwell,TE18,WEEKDAY,8,194.0,1163.2
Maxwell,TE18,WEEKDAY,9,235.8,1204.95
Maxwell,TE18,WEEKDAY,10,279.3,805.95
Maxwell,TE18,WEEKDAY,11,405.2,791.6
Maxwell,TE18,WEEKDAY,12,604.8,808.4
Maxwell,TE18,WEEKDAY,13,761.0,621.05
Maxwell,TE18,WEEKDAY,14,657.05,491.9
Maxwell,TE18,WEEKDAY,15,579.15,408.6
Maxwell,TE18,WEEKDAY,16,621.6,435.25
Maxwell,TE18,WEEKDAY,17,993.55,583.35
Maxwell,TE18,WEEKDAY,18,1461.1,977.6
Maxwell,TE18,WEEKDAY,19,953.85,628.7
Maxwell,TE18,WEEKDAY,20,759.25,319.8
Maxwell,TE18,WEEKDAY,21,750.75,225.9
Maxwell,TE18,WEEKDAY,22,627.5,159.3
Maxwell,TE18,WEEKDAY,23,289.8,75.4
Maxwell,TE18,WEEKENDS/HOLIDAY,0,14.7,14.8
Maxwell,TE18,WEEKENDS/HOLIDAY,5,3.5,0.2
Maxwell,TE18,WEEKENDS/HOLIDAY,6,40.7,96.7
Maxwell,TE18,WEEKENDS/HOLIDAY,7,73.9,181.9
Maxwell,TE18,WEEKENDS/HOLIDAY,8,136.4,409.5
Maxwell,TE18,WEEKENDS/HOLIDAY,9,244.7,620.7
Maxwell,TE18,WEEKENDS/HOLIDAY,10,404.7,853.7
Maxwell,TE18,WEEKENDS/HOLIDAY,11,547.4,943.0
Maxwell,TE18,WEEKENDS/HOLIDAY,12,703.5,1010.1
Maxwell,TE18,WEEKENDS/HOLIDAY,13,891.3,912.4
Maxwell,TE18,WEEKENDS/HOLIDAY,14,997.7,721.8
Maxwell,TE18,WEEKENDS/HOLIDAY,15,923.8,640.7
Maxwell,TE18,WEEKENDS/HOLIDAY,16,879.7,595.1
Maxwell,TE18,WEEKENDS/HOLIDAY,17,823.8,749.5
Maxwell,TE18,WEEKENDS/HOLIDAY,18,790.1,826.6
Maxwell,TE18,WEEKENDS/HOLIDAY,19,748.2,603.1
Maxwell,TE18,WEEKENDS/HOLIDAY,20,726.0,382.2
Maxwell,TE18,WEEKENDS/HOLIDAY,21,609.6,283.8
Maxwell,TE18,WEEKENDS/HOLIDAY,22,539.9,251.7
Maxwell,TE18,WEEKENDS/HOLIDAY,23,267.2,102.8
Mayflower,TE6,WEEKDAY,0,6.5,77.1
Mayflower,TE6,WEEKDAY,5,217.95,17.15
Mayflower,TE6,WEEKDAY,6,861.25,161.85
Mayflower,TE6,WEEKDAY,7,1982.5,494.9
Mayflower,TE6,WEEKDAY,8,2265.15,440.25
Mayflower,TE6,WEEKDAY,9,1170.55,274.35
Mayflower,TE6,WEEKDAY,10,657.85,209.8
Mayflower,TE6,WEEKDAY,11,576.65,246.95
Mayflower,TE6,WEEKDAY,12,537.45,311.95
Mayflower,TE6,WEEKDAY,13,571.0,413.7
Mayflower,TE6,WEEKDAY,14,397.15,378.6
Mayflower,TE6,WEEKDAY,15,318.35,455.45
Mayflower,TE6,WEEKDAY,16,390.3,587.15
Mayflower,TE6,WEEKDAY,17,573.65,1111.2
Mayflower,TE6,WEEKDAY,18,680.6,1820.05
Mayflower,TE6,WEEKDAY,19,385.0,1414.65
Mayflower,TE6,WEEKDAY,20,223.85,953.0
Mayflower,TE6,WEEKDAY,21,200.95,913.45
Mayflower,TE6,WEEKDAY,22,137.65,812.5
Mayflower,TE6,WEEKDAY,23,51.75,438.7
Mayflower,TE6,WEEKENDS/HOLIDAY,0,9.5,71.6
Mayflower,TE6,WEEKENDS/HOLIDAY,5,93.2,4.8
Mayflower,TE6,WEEKENDS/HOLIDAY,6,395.8,74.3
Mayflower,TE6,WEEKENDS/HOLIDAY,7,602.7,198.0
Mayflower,TE6,WEEKENDS/HOLIDAY,8,787.0,276.9
Mayflower,TE6,WEEKENDS/HOLIDAY,9,896.9,304.5
Mayflower,TE6,WEEKENDS/HOLIDAY,10,799.5,305.5
Mayflower,TE6,WEEKENDS/HOLIDAY,11,752.9,332.0
Mayflower,TE6,WEEKENDS/HOLIDAY,12,712.1,410.4
Mayflower,TE6,WEEKENDS/HOLIDAY,13,624.2,481.1
Mayflower,TE6,WEEKENDS/HOLIDAY,14,535.6,458.8
Mayflower,TE6,WEEKENDS/HOLIDAY,15,489.6,540.0
Mayflower,TE6,WEEKENDS/HOLIDAY,16,544.8,536.9
Mayflower,TE6,WEEKENDS/HOLIDAY,17,573.9,676.5
Mayflower,TE6,WEEKENDS/HOLIDAY,18,551.2,747.8
Mayflower,TE6,WEEKENDS/HOLIDAY,19,362.2,746.8
Mayflower,TE6,WEEKENDS/HOLIDAY,20,257.3,757.4
Mayflower,TE6,WEEKENDS/HOLIDAY,21,218.5,833.0
Mayflower,TE6,WEEKENDS/HOLIDAY,22,165.6,866.0
Mayflower,TE6,WEEKENDS/HOLIDAY,23,63.1,490.5
Mountbatten,CC7,WEEKDAY,0,1.1,14.65
Mountbatten,CC7,WEEKDAY,5,72.0,8.0
Mountbatten,CC7,WEEKDAY,6,278.2,114.9
Mountbatten,CC7,WEEKDAY,7,575.7,396.4
Mountbatten,CC7,WEEKDAY,8,734.7,662.35
Mountbatten,CC7,WEEKDAY,9,436.8,394.1
Mountbatten,CC7,WEEKDAY,10,285.95,194.75
Mountbatten,CC7,WEEKDAY,11,323.75,182.4
Mountbatten,CC7,WEEKDAY,12,416.2,278.85
Mountbatten,CC7,WEEKDAY,13,325.75,358.6
Mountbatten,CC7,WEEKDAY,14,234.3,311.25
Mountbatten,CC7,WEEKDAY,15,258.45,281.8
Mountbatten,CC7,WEEKDAY,16,333.8,350.15
Mountbatten,CC7,WEEKDAY,17,604.5,485.0
Mountbatten,CC7,WEEKDAY,18,654.25,841.95
Mountbatten,CC7,WEEKDAY,19,355.7,668.8
Mountbatten,CC7,WEEKDAY,20,203.9,432.1
Mountbatten,CC7,WEEKDAY,21,199.05,386.6
Mountbatten,CC7,WEEKDAY,22,214.1,336.45
Mountbatten,CC7,WEEKDAY,23,59.8,159.2
Mountbatten,CC7,WEEKENDS/HOLIDAY,0,1.8,12.5
Mountbatten,CC7,WEEKENDS/HOLIDAY,5,3.7,0.3
Mountbatten,CC7,WEEKENDS/HOLIDAY,6,18.2,12.5
Mountbatten,CC7,WEEKENDS/HOLIDAY,7,41.1,36.4
Mountbatten,CC7,WEEKENDS/HOLIDAY,8,122.6,69.0
Mountbatten,CC7,WEEKENDS/HOLIDAY,9,351.4,238.0
Mountbatten,CC7,WEEKENDS/HOLIDAY,10,370.1,255.3
Mountbatten,CC7,WEEKENDS/HOLIDAY,11,385.7,254.6
Mountbatten,CC7,WEEKENDS/HOLIDAY,12,351.8,281.3
Mountbatten,CC7,WEEKENDS/HOLIDAY,13,331.2,350.3
Mountbatten,CC7,WEEKENDS/HOLIDAY,14,306.2,359.8
Mountbatten,CC7,WEEKENDS/HOLIDAY,15,288.8,379.3
Mountbatten,CC7,WEEKENDS/HOLIDAY,16,338.1,364.7
Mountbatten,CC7,WEEKENDS/HOLIDAY,17,451.7,406.0
Mountbatten,CC7,WEEKENDS/HOLIDAY,18,458.2,442.0
Mountbatten,CC7,WEEKENDS/HOLIDAY,19,339.7,416.7
Mountbatten,CC7,WEEKENDS/HOLIDAY,20,204.1,381.6
Mountbatten,CC7,WEEKENDS/HOLIDAY,21,188.3,400.1
Mountbatten,CC7,WEEKENDS/HOLIDAY,22,305.4,400.9
Mountbatten,CC7,WEEKENDS/HOLIDAY,23,66.6,179.4
Napier,TE12,WEEKDAY,0,0.95,4.3
Napier,TE12,WEEKDAY,5,6.8,11.65
Napier,TE12,WEEKDAY,6,49.45,253.95
Napier,TE12,WEEKDAY,7,176.5,539.4
Napier,TE12,WEEKDAY,8,350.15,1084.05
Napier,TE12,WEEKDAY,9,274.95,566.5
Napier,TE12,WEEKDAY,10,250.05,343.9
Napier,TE12,WEEKDAY,11,306.95,285.8
Napier,TE12,WEEKDAY,12,363.0,237.25
Napier,TE12,WEEKDAY,13,245.45,314.1
Napier,TE12,WEEKDAY,14,220.4,308.2
Napier,TE12,WEEKDAY,15,302.65,219.8
Napier,TE12,WEEKDAY,16,415.75,201.0
Napier,TE12,WEEKDAY,17,767.9,211.7
Napier,TE12,WEEKDAY,18,586.1,288.3
Napier,TE12,WEEKDAY,19,271.6,203.3
Napier,TE12,WEEKDAY,20,162.8,138.2
Napier,TE12,WEEKDAY,21,153.7,85.6
Napier,TE12,WEEKDAY,22,136.0,60.55
Napier,TE12,WEEKDAY,23,38.65,29.2
Napier,TE12,WEEKENDS/HOLIDAY,0,1.1,4.7
Napier,TE12,WEEKENDS/HOLIDAY,5,2.9,3.4
Napier,TE12,WEEKENDS/HOLIDAY,6,27.2,174.6
Napier,TE12,WEEKENDS/HOLIDAY,7,65.3,253.8
Napier,TE12,WEEKENDS/HOLIDAY,8,126.3,394.1
Napier,TE12,WEEKENDS/HOLIDAY,9,157.3,312.7
Napier,TE12,WEEKENDS/HOLIDAY,10,237.6,335.6
Napier,TE12,WEEKENDS/HOLIDAY,11,287.3,273.9
Napier,TE12,WEEKENDS/HOLIDAY,12,335.0,254.3
Napier,TE12,WEEKENDS/HOLIDAY,13,305.6,225.6
Napier,TE12,WEEKENDS/HOLIDAY,14,205.0,189.4
Napier,TE12,WEEKENDS/HOLIDAY,15,265.5,167.4
Napier,TE12,WEEKENDS/HOLIDAY,16,269.0,167.1
Napier,TE12,WEEKENDS/HOLIDAY,17,283.6,169.8
Napier,TE12,WEEKENDS/HOLIDAY,18,253.1,166.5
Napier,TE12,WEEKENDS/HOLIDAY,19,209.0,143.4
Napier,TE12,WEEKENDS/HOLIDAY,20,120.8,125.5
Napier,TE12,WEEKENDS/HOLIDAY,21,124.7,85.5
Napier,TE12,WEEKENDS/HOLIDAY,22,133.3,64.7
Napier,TE12,WEEKENDS/HOLIDAY,23,46.7,33.2
Newton,NS21/DT11,WEEKDAY,0,81.45,86.9
Newton,NS21/DT11,WEEKDAY,5,189.0,124.95
Newton,NS21/DT11,WEEKDAY,6,1206.6,1376.05
Newton,NS21/DT11,WEEKDAY,7,3291.35,3601.65
Newton,NS21/DT11,WEEKDAY,8,5640.0,6009.55
Newton,NS21/DT11,WEEKDAY,9,3787.9,3759.9
Newton,NS21/DT11,WEEKDAY,10,2327.25,2335.5
Newton,NS21/DT11,WEEKDAY,11,2404.0,2142.35
Newton,NS21/DT11,WEEKDAY,12,2753.25,2438.6
Newton,NS21/DT11,WEEKDAY,13,2547.2,2922.75
Newton,NS21/DT11,WEEKDAY,14,2308.6,2538.55
Newton,NS21/DT11,WEEKDAY,15,2344.45,2497.15
Newton,NS21/DT11,WEEKDAY,16,2850.8,2992.4
Newton,NS21/DT11,WEEKDAY,17,4847.4,4741.6
Newton,NS21/DT11,WEEKDAY,18,6851.65,6832.85
Newton,NS21/DT11,WEEKDAY,19,3942.95,4274.4
Newton,NS21/DT11,WEEKDAY,20,2511.9,2832.85
Newton,NS21/DT11,WEEKDAY,21,2430.1,2764.55
Newton,NS21/DT11,WEEKDAY,22,1880.4,2164.3
Newton,NS21/DT11,WEEKDAY,23,1031.7,1036.4
Newton,NS21/DT11,WEEKENDS/HOLIDAY,0,93.8,106.7
Newton,NS21/DT11,WEEKENDS/HOLIDAY,5,73.4,51.8
Newton,NS21/DT11,WEEKENDS/HOLIDAY,6,856.7,919.2
Newton,NS21/DT11,WEEKENDS/HOLIDAY,7,1569.5,1847.8
Newton,NS21/DT11,WEEKENDS/HOLIDAY,8,2315.8,2488.4
Newton,NS21/DT11,WEEKENDS/HOLIDAY,9,2807.3,2850.6
Newton,NS21/DT11,WEEKENDS/HOLIDAY,10,2936.9,2989.9
Newton,NS21/DT11,WEEKENDS/HOLIDAY,11,3171.6,3060.1
Newton,NS21/DT11,WEEKENDS/HOLIDAY,12,3332.2,3167.4
Newton,NS21/DT11,WEEKENDS/HOLIDAY,13,3446.5,3420.6
Newton,NS21/DT11,WEEKENDS/HOLIDAY,14,3183.1,3281.6
Newton,NS21/DT11,WEEKENDS/HOLIDAY,15,3169.9,3242.3
Newton,NS21/DT11,WEEKENDS/HOLIDAY,16,3455.9,3526.1
Newton,NS21/DT11,WEEKENDS/HOLIDAY,17,3777.9,3949.4
Newton,NS21/DT11,WEEKENDS/HOLIDAY,18,3803.1,3965.5
Newton,NS21/DT11,WEEKENDS/HOLIDAY,19,3132.5,3377.7
Newton,NS21/DT11,WEEKENDS/HOLIDAY,20,2493.7,2779.4
Newton,NS21/DT11,WEEKENDS/HOLIDAY,21,2366.5,2688.9
Newton,NS21/DT11,WEEKENDS/HOLIDAY,22,2107.9,2300.9
Newton,NS21/DT11,WEEKENDS/HOLIDAY,23,1251.6,1234.4
Nicoll Highway,CC5,WEEKDAY,0,0.8,4.65
Nicoll Highway,CC5,WEEKDAY,5,40.05,1.2
Nicoll Highway,CC5,WEEKDAY,6,114.2,102.55
Nicoll Highway,CC5,WEEKDAY,7,146.25,329.6
Nicoll Highway,CC5,WEEKDAY,8,190.45,788.8
Nicoll Highway,CC5,WEEKDAY,9,149.35,596.2
Nicoll Highway,CC5,WEEKDAY,10,112.0,256.75
Nicoll Highway,CC5,WEEKDAY,11,179.9,208.45
Nicoll Highway,CC5,WEEKDAY,12,231.6,283.8
Nicoll Highway,CC5,WEEKDAY,13,283.05,264.15
Nicoll Highway,CC5,WEEKDAY,14,198.45,203.05
Nicoll Highway,CC5,WEEKDAY,15,188.6,163.75
Nicoll Highway,CC5,WEEKDAY,16,255.95,174.3
Nicoll Highway,CC5,WEEKDAY,17,646.5,263.7
Nicoll Highway,CC5,WEEKDAY,18,873.4,384.95
Nicoll Highway,CC5,WEEKDAY,19,435.15,299.4
Nicoll Highway,CC5,WEEKDAY,20,256.9,201.95
Nicoll Highway,CC5,WEEKDAY,21,219.8,170.1
Nicoll Highway,CC5,WEEKDAY,22,192.6,162.95
Nicoll Highway,CC5,WEEKDAY,23,45.8,68.1
Nicoll Highway,CC5,WEEKENDS/HOLIDAY,0,1.4,3.0
Nicoll Highway,CC5,WEEKENDS/HOLIDAY,5,1.8,0.2
Nicoll Highway,CC5,WEEKENDS/HOLIDAY,6,12.7,8.2
Nicoll Highway,CC5,WEEKENDS/HOLIDAY,7,19.5,15.0
Nicoll Highway,CC5,WEEKENDS/HOLIDAY,8,45.7,39.6
Nicoll Highway,CC5,WEEKENDS/HOLIDAY,9,112.7,197.2
Nicoll Highway,CC5,WEEKENDS/HOLIDAY,10,144.8,265.5
Nicoll Highway,CC5,WEEKENDS/HOLIDAY,11,178.9,287.2
Nicoll Highway,CC5,WEEKENDS/HOLIDAY,12,233.4,345.1
Nicoll Highway,CC5,WEEKENDS/HOLIDAY,13,329.5,371.8
Nicoll Highway,CC5,WEEKENDS/HOLIDAY,14,292.3,342.7
Nicoll Highway,CC5,WEEKENDS/HOLIDAY,15,309.4,298.8
Nicoll Highway,CC5,WEEKENDS/HOLIDAY,16,395.9,287.3
Nicoll Highway,CC5,WEEKENDS/HOLIDAY,17,475.7,304.5
Nicoll Highway,CC5,WEEKENDS/HOLIDAY,18,454.9,281.4
Nicoll Highway,CC5,WEEKENDS/HOLIDAY,19,393.5,232.5
Nicoll Highway,CC5,WEEKENDS/HOLIDAY,20,268.8,207.6
Nicoll Highway,CC5,WEEKENDS/HOLIDAY,21,222.1,193.4
Nicoll Highway,CC5,WEEKENDS/HOLIDAY,22,210.0,251.3
Nicoll Highway,CC5,WEEKENDS/HOLIDAY,23,42.8,80.7
Novena,NS20,WEEKDAY,0,7.7,18.6
Novena,NS20,WEEKDAY,5,48.25,95.85
Novena,NS20,WEEKDAY,6,252.25,1652.65
Novena,NS20,WEEKDAY,7,911.55,4626.7
Novena,NS20,WEEKDAY,8,1657.4,7321.85
Novena,NS20,WEEKDAY,9,1288.25,3889.0
Novena,NS20,WEEKDAY,10,1367.15,2209.1
Novena,NS20,WEEKDAY,11,1874.4,2089.6
Novena,NS20,WEEKDAY,12,2351.5,2372.0
Novena,NS20,WEEKDAY,13,2175.45,2388.05
Novena,NS20,WEEKDAY,14,1908.85,1920.4
Novena,NS20,WEEKDAY,15,2354.95,1528.75
Novena,NS20,WEEKDAY,16,3054.05,1407.05
Novena,NS20,WEEKDAY,17,6240.4,1663.85
Novena,NS20,WEEKDAY,18,6251.85,2480.15
Novena,NS20,WEEKDAY,19,3172.6,1742.7
Novena,NS20,WEEKDAY,20,2159.6,804.55
Novena,NS20,WEEKDAY,21,2010.75,561.15
Novena,NS20,WEEKDAY,22,720.35,392.4
Novena,NS20,WEEKDAY,23,156.8,170.25
Novena,NS20,WEEKENDS/HOLIDAY,0,8.9,22.3
Novena,NS20,WEEKENDS/HOLIDAY,5,15.8,32.0
Novena,NS20,WEEKENDS/HOLIDAY,6,129.4,979.4
Novena,NS20,WEEKENDS/HOLIDAY,7,400.0,1259.1
Novena,NS20,WEEKENDS/HOLIDAY,8,849.7,1855.5
Novena,NS20,WEEKENDS/HOLIDAY,9,1172.2,2207.5
Novena,NS20,WEEKENDS/HOLIDAY,10,1224.1,2015.6
Novena,NS20,WEEKENDS/HOLIDAY,11,2007.3,2157.5
Novena,NS20,WEEKENDS/HOLIDAY,12,2021.5,1983.2
Novena,NS20,WEEKENDS/HOLIDAY,13,2445.4,1597.7
Novena,NS20,WEEKENDS/HOLIDAY,14,1963.1,1288.0
Novena,NS20,WEEKENDS/HOLIDAY,15,1873.1,1398.0
Novena,NS20,WEEKENDS/HOLIDAY,16,1852.8,1531.6
Novena,NS20,WEEKENDS/HOLIDAY,17,1680.7,1660.5
Novena,NS20,WEEKENDS/HOLIDAY,18,1827.2,1421.6
Novena,NS20,WEEKENDS/HOLIDAY,19,1825.0,1270.6
Novena,NS20,WEEKENDS/HOLIDAY,20,1641.6,748.8
Novena,NS20,WEEKENDS/HOLIDAY,21,1492.6,544.1
Novena,NS20,WEEKENDS/HOLIDAY,22,629.5,431.5
Novena,NS20,WEEKENDS/HOLIDAY,23,151.4,207.3
Orchard,TE14/NS22,WEEKDAY,0,33.0,27.95
Orchard,TE14/NS22,WEEKDAY,5,37.25,71.25
Orchard,TE14/NS22,WEEKDAY,6,240.75,1167.4
Orchard,TE14/NS22,WEEKDAY,7,713.1,2905.9
Orchard,TE14/NS22,WEEKDAY,8,1210.45,6300.65
Orchard,TE14/NS22,WEEKDAY,9,1092.6,5909.35
Orchard,TE14/NS22,WEEKDAY,10,1344.0,4466.4
Orchard,TE14/NS22,WEEKDAY,11,1825.5,4578.2
Orchard,TE14/NS22,WEEKDAY,12,2644.4,4984.45
Orchard,TE14/NS22,WEEKDAY,13,3837.05,4035.7
Orchard,TE14/NS22,WEEKDAY,14,3509.4,3556.5
Orchard,TE14/NS22,WEEKDAY,15,3907.05,3538.35
Orchard,TE14/NS22,WEEKDAY,16,4356.25,3601.25
Orchard,TE14/NS22,WEEKDAY,17,5924.45,4638.65
Orchard,TE14/NS22,WEEKDAY,18,7481.9,6536.85
Orchard,TE14/NS22,WEEKDAY,19,5691.3,3801.05
Orchard,TE14/NS22,WEEKDAY,20,5397.55,1832.55
Orchard,TE14/NS22,WEEKDAY,21,6195.8,1079.1
Orchard,TE14/NS22,WEEKDAY,22,3720.65,625.35
Orchard,TE14/NS22,WEEKDAY,23,1015.3,258.75
Orchard,TE14/NS22,WEEKENDS/HOLIDAY,0,40.6,37.0
Orchard,TE14/NS22,WEEKENDS/HOLIDAY,5,24.7,26.1
Orchard,TE14/NS22,WEEKENDS/HOLIDAY,6,173.0,795.4
Orchard,TE14/NS22,WEEKENDS/HOLIDAY,7,371.7,1678.6
Orchard,TE14/NS22,WEEKENDS/HOLIDAY,8,644.2,3504.7
Orchard,TE14/NS22,WEEKENDS/HOLIDAY,9,1222.6,6184.3
Orchard,TE14/NS22,WEEKENDS/HOLIDAY,10,2106.0,6576.9
Orchard,TE14/NS22,WEEKENDS/HOLIDAY,11,3012.0,7122.1
Orchard,TE14/NS22,WEEKENDS/HOLIDAY,12,3934.0,6863.1
Orchard,TE14/NS22,WEEKENDS/HOLIDAY,13,4761.8,6873.7
Orchard,TE14/NS22,WEEKENDS/HOLIDAY,14,5341.2,6474.9
Orchard,TE14/NS22,WEEKENDS/HOLIDAY,15,6332.5,6279.9
Orchard,TE14/NS22,WEEKENDS/HOLIDAY,16,7146.7,6161.2
Orchard,TE14/NS22,WEEKENDS/HOLIDAY,17,7600.9,5992.4
Orchard,TE14/NS22,WEEKENDS/HOLIDAY,18,7277.7,5333.9
Orchard,TE14/NS22,WEEKENDS/HOLIDAY,19,6794.0,3978.6
Orchard,TE14/NS22,WEEKENDS/HOLIDAY,20,6424.9,2338.5
Orchard,TE14/NS22,WEEKENDS/HOLIDAY,21,6990.4,1234.8
Orchard,TE14/NS22,WEEKENDS/HOLIDAY,22,4542.1,823.0
Orchard,TE14/NS22,WEEKENDS/HOLIDAY,23,1197.3,335.3
Orchard Boulevard,TE13,WEEKDAY,0,1.5,5.75
Orchard Boulevard,TE13,WEEKDAY,5,1.8,5.15
Orchard Boulevard,TE13,WEEKDAY,6,25.1,138.3
Orchard Boulevard,TE13,WEEKDAY,7,115.3,362.8
Orchard Boulevard,TE13,WEEKDAY,8,184.05,656.6
Orchard Boulevard,TE13,WEEKDAY,9,183.3,472.95
Orchard Boulevard,TE13,WEEKDAY,10,204.25,255.0
Orchard Boulevard,TE13,WEEKDAY,11,245.3,222.95
Orchard Boulevard,TE13,WEEKDAY,12,304.25,216.6
Orchard Boulevard,TE13,WEEKDAY,13,195.6,290.1
Orchard Boulevard,TE13,WEEKDAY,14,204.9,284.4
Orchard Boulevard,TE13,WEEKDAY,15,247.6,239.95
Orchard Boulevard,TE13,WEEKDAY,16,293.1,241.25
Orchard Boulevard,TE13,WEEKDAY,17,514.5,261.15
Orchard Boulevard,TE13,WEEKDAY,18,546.35,364.35
Orchard Boulevard,TE13,WEEKDAY,19,301.1,283.75
Orchard Boulevard,TE13,WEEKDAY,20,293.7,133.1
Orchard Boulevard,TE13,WEEKDAY,21,187.85,133.1
Orchard Boulevard,TE13,WEEKDAY,22,155.35,101.05
Orchard Boulevard,TE13,WEEKDAY,23,70.1,48.95
Orchard Boulevard,TE13,WEEKENDS/HOLIDAY,0,2.4,8.7
Orchard Boulevard,TE13,WEEKENDS/HOLIDAY,5,1.0,1.0
Orchard Boulevard,TE13,WEEKENDS/HOLIDAY,6,20.9,87.0
Orchard Boulevard,TE13,WEEKENDS/HOLIDAY,7,46.7,205.7
Orchard Boulevard,TE13,WEEKENDS/HOLIDAY,8,99.6,254.5
Orchard Boulevard,TE13,WEEKENDS/HOLIDAY,9,158.0,267.0
Orchard Boulevard,TE13,WEEKENDS/HOLIDAY,10,214.5,281.5
Orchard Boulevard,TE13,WEEKENDS/HOLIDAY,11,242.3,279.8
Orchard Boulevard,TE13,WEEKENDS/HOLIDAY,12,272.4,267.6
Orchard Boulevard,TE13,WEEKENDS/HOLIDAY,13,241.8,223.0
Orchard Boulevard,TE13,WEEKENDS/HOLIDAY,14,208.9,243.9
Orchard Boulevard,TE13,WEEKENDS/HOLIDAY,15,262.3,216.3
Orchard Boulevard,TE13,WEEKENDS/HOLIDAY,16,276.7,227.3
Orchard Boulevard,TE13,WEEKENDS/HOLIDAY,17,271.2,252.6
Orchard Boulevard,TE13,WEEKENDS/HOLIDAY,18,266.7,364.2
Orchard Boulevard,TE13,WEEKENDS/HOLIDAY,19,262.6,391.4
Orchard Boulevard,TE13,WEEKENDS/HOLIDAY,20,395.3,222.6
Orchard Boulevard,TE13,WEEKENDS/HOLIDAY,21,263.4,163.0
Orchard Boulevard,TE13,WEEKENDS/HOLIDAY,22,189.5,138.7
Orchard Boulevard,TE13,WEEKENDS/HOLIDAY,23,103.6,67.4
Outram Park,EW16/NE3/TE17,WEEKDAY,0,4.0,37.4
Outram Park,EW16/NE3/TE17,WEEKDAY,5,89.05,15.25
Outram Park,EW16/NE3/TE17,WEEKDAY,6,512.05,1918.45
Outram Park,EW16/NE3/TE17,WEEKDAY,7,1193.3,5427.2
Outram Park,EW16/NE3/TE17,WEEKDAY,8,1813.65,6418.55
Outram Park,EW16/NE3/TE17,WEEKDAY,9,1442.95,3541.15
Outram Park,EW16/NE3/TE17,WEEKDAY,10,1373.1,1969.85
Outram Park,EW16/NE3/TE17,WEEKDAY,11,1952.5,1522.3
Outram Park,EW16/NE3/TE17,WEEKDAY,12,2353.9,1890.9
Outram Park,EW16/NE3/TE17,WEEKDAY,13,1569.6,2467.05
Outram Park,EW16/NE3/TE17,WEEKDAY,14,1482.4,1813.2
Outram Park,EW16/NE3/TE17,WEEKDAY,15,1913.3,1201.3
Outram Park,EW16/NE3/TE17,WEEKDAY,16,2864.1,981.65
Outram Park,EW16/NE3/TE17,WEEKDAY,17,6083.85,1358.5
Outram Park,EW16/NE3/TE17,WEEKDAY,18,6206.15,2004.7
Outram Park,EW16/NE3/TE17,WEEKDAY,19,2622.2,1465.7
Outram Park,EW16/NE3/TE17,WEEKDAY,20,1778.55,936.25
Outram Park,EW16/NE3/TE17,WEEKDAY,21,1693.25,735.4
Outram Park,EW16/NE3/TE17,WEEKDAY,22,950.95,580.85
Outram Park,EW16/NE3/TE17,WEEKDAY,23,335.45,283.9
Outram Park,EW16/NE3/TE17,WEEKENDS/HOLIDAY,0,5.4,57.5
Outram Park,EW16/NE3/TE17,WEEKENDS/HOLIDAY,5,32.4,5.3
Outram Park,EW16/NE3/TE17,WEEKENDS/HOLIDAY,6,289.6,851.6
Outram Park,EW16/NE3/TE17,WEEKENDS/HOLIDAY,7,640.9,1324.4
Outram Park,EW16/NE3/TE17,WEEKENDS/HOLIDAY,8,863.7,1172.6
Outram Park,EW16/NE3/TE17,WEEKENDS/HOLIDAY,9,899.8,1161.5
Outram Park,EW16/NE3/TE17,WEEKENDS/HOLIDAY,10,1038.5,1230.9
Outram Park,EW16/NE3/TE17,WEEKENDS/HOLIDAY,11,1241.2,1359.2
Outram Park,EW16/NE3/TE17,WEEKENDS/HOLIDAY,12,1563.8,1421.4
Outram Park,EW16/NE3/TE17,WEEKENDS/HOLIDAY,13,1431.7,1281.7
Outram Park,EW16/NE3/TE17,WEEKENDS/HOLIDAY,14,1334.4,1112.3
Outram Park,EW16/NE3/TE17,WEEKENDS/HOLIDAY,15,1368.5,1027.6
Outram Park,EW16/NE3/TE17,WEEKENDS/HOLIDAY,16,1548.1,1021.5
Outram Park,EW16/NE3/TE17,WEEKENDS/HOLIDAY,17,1583.8,1138.7
Outram Park,EW16/NE3/TE17,WEEKENDS/HOLIDAY,18,1362.2,1174.5
Outram Park,EW16/NE3/TE17,WEEKENDS/HOLIDAY,19,1306.1,1140.1
Outram Park,EW16/NE3/TE17,WEEKENDS/HOLIDAY,20,1147.6,913.6
Outram Park,EW16/NE3/TE17,WEEKENDS/HOLIDAY,21,1167.4,726.3
Outram Park,EW16/NE3/TE17,WEEKENDS/HOLIDAY,22,745.2,643.5
Outram Park,EW16/NE3/TE17,WEEKENDS/HOLIDAY,23,297.3,342.3
Pasir Panjang,CC26,WEEKDAY,0,0.25,3.0
Pasir Panjang,CC26,WEEKDAY,5,10.35,11.35
Pasir Panjang,CC26,WEEKDAY,6,82.55,688.6
Pasir Panjang,CC26,WEEKDAY,7,360.35,1070.75
Pasir Panjang,CC26,WEEKDAY,8,327.4,1373.95
Pasir Panjang,CC26,WEEKDAY,9,204.5,708.25
Pasir Panjang,CC26,WEEKDAY,10,142.7,195.9
Pasir Panjang,CC26,WEEKDAY,11,208.15,138.7
Pasir Panjang,CC26,WEEKDAY,12,275.15,185.2
Pasir Panjang,CC26,WEEKDAY,13,196.1,267.35
Pasir Panjang,CC26,WEEKDAY,14,137.7,172.95
Pasir Panjang,CC26,WEEKDAY,15,189.5,134.75
Pasir Panjang,CC26,WEEKDAY,16,372.2,160.7
Pasir Panjang,CC26,WEEKDAY,17,1331.55,263.85
Pasir Panjang,CC26,WEEKDAY,18,1319.55,495.35
Pasir Panjang,CC26,WEEKDAY,19,703.95,328.05
Pasir Panjang,CC26,WEEKDAY,20,295.2,191.75
Pasir Panjang,CC26,WEEKDAY,21,144.3,159.05
Pasir Panjang,CC26,WEEKDAY,22,138.5,88.3
Pasir Panjang,CC26,WEEKDAY,23,27.85,32.05
Pasir Panjang,CC26,WEEKENDS/HOLIDAY,0,0.1,3.4
Pasir Panjang,CC26,WEEKENDS/HOLIDAY,5,0.9,0.9
Pasir Panjang,CC26,WEEKENDS/HOLIDAY,6,4.0,40.3
Pasir Panjang,CC26,WEEKENDS/HOLIDAY,7,54.8,51.5
Pasir Panjang,CC26,WEEKENDS/HOLIDAY,8,97.1,46.1
Pasir Panjang,CC26,WEEKENDS/HOLIDAY,9,150.1,186.8
Pasir Panjang,CC26,WEEKENDS/HOLIDAY,10,144.1,108.4
Pasir Panjang,CC26,WEEKENDS/HOLIDAY,11,146.9,99.0
Pasir Panjang,CC26,WEEKENDS/HOLIDAY,12,170.9,124.6
Pasir Panjang,CC26,WEEKENDS/HOLIDAY,13,161.3,154.3
Pasir Panjang,CC26,WEEKENDS/HOLIDAY,14,137.7,148.3
Pasir Panjang,CC26,WEEKENDS/HOLIDAY,15,171.8,135.2
Pasir Panjang,CC26,WEEKENDS/HOLIDAY,16,176.8,146.5
Pasir Panjang,CC26,WEEKENDS/HOLIDAY,17,272.8,208.6
Pasir Panjang,CC26,WEEKENDS/HOLIDAY,18,233.1,317.4
Pasir Panjang,CC26,WEEKENDS/HOLIDAY,19,405.1,239.6
Pasir Panjang,CC26,WEEKENDS/HOLIDAY,20,152.2,180.2
Pasir Panjang,CC26,WEEKENDS/HOLIDAY,21,69.4,158.3
Pasir Panjang,CC26,WEEKENDS/HOLIDAY,22,81.8,95.9
Pasir Panjang,CC26,WEEKENDS/HOLIDAY,23,21.9,33.4
Pasir Ris,EW1,WEEKDAY,0,0.1,212.4
Pasir Ris,EW1,WEEKDAY,5,456.8,27.3
Pasir Ris,EW1,WEEKDAY,6,1736.4,505.3
Pasir Ris,EW1,WEEKDAY,7,4393.0,1360.0
Pasir Ris,EW1,WEEKDAY,8,5121.65,1306.05
Pasir Ris,EW1,WEEKDAY,9,2356.4,695.35
Pasir Ris,EW1,WEEKDAY,10,1537.3,631.75
Pasir Ris,EW1,WEEKDAY,11,1417.6,694.15
Pasir Ris,EW1,WEEKDAY,12,1337.75,916.2
Pasir Ris,EW1,WEEKDAY,13,1191.3,1057.95
Pasir Ris,EW1,WEEKDAY,14,1065.9,1131.8
Pasir Ris,EW1,WEEKDAY,15,1064.25,1184.45
Pasir Ris,EW1,WEEKDAY,16,1214.6,1469.35
Pasir Ris,EW1,WEEKDAY,17,1901.55,2484.85
Pasir Ris,EW1,WEEKDAY,18,1972.9,4642.25
Pasir Ris,EW1,WEEKDAY,19,1118.55,3829.15
Pasir Ris,EW1,WEEKDAY,20,723.9,2185.95
Pasir Ris,EW1,WEEKDAY,21,651.85,1899.3
Pasir Ris,EW1,WEEKDAY,22,470.45,1583.8
Pasir Ris,EW1,WEEKDAY,23,84.15,803.25
Pasir Ris,EW1,WEEKENDS/HOLIDAY,0,0.0,198.4
Pasir Ris,EW1,WEEKENDS/HOLIDAY,5,172.9,13.0
Pasir Ris,EW1,WEEKENDS/HOLIDAY,6,551.4,196.0
Pasir Ris,EW1,WEEKENDS/HOLIDAY,7,1071.1,608.3
Pasir Ris,EW1,WEEKENDS/HOLIDAY,8,1506.8,684.1
Pasir Ris,EW1,WEEKENDS/HOLIDAY,9,1774.6,723.4
Pasir Ris,EW1,WEEKENDS/HOLIDAY,10,1747.2,776.0
Pasir Ris,EW1,WEEKENDS/HOLIDAY,11,1730.6,883.8
Pasir Ris,EW1,WEEKENDS/HOLIDAY,12,1665.0,1050.6
Pasir Ris,EW1,WEEKENDS/HOLIDAY,13,1518.2,1237.6
Pasir Ris,EW1,WEEKENDS/HOLIDAY,14,1422.8,1334.5
Pasir Ris,EW1,WEEKENDS/HOLIDAY,15,1315.0,1342.8
Pasir Ris,EW1,WEEKENDS/HOLIDAY,16,1403.3,1560.4
Pasir Ris,EW1,WEEKENDS/HOLIDAY,17,1562.5,1789.0
Pasir Ris,EW1,WEEKENDS/HOLIDAY,18,1380.6,1929.5
Pasir Ris,EW1,WEEKENDS/HOLIDAY,19,1063.8,1797.6
Pasir Ris,EW1,WEEKENDS/HOLIDAY,20,754.7,1577.8
Pasir Ris,EW1,WEEKENDS/HOLIDAY,21,654.3,1458.2
Pasir Ris,EW1,WEEKENDS/HOLIDAY,22,517.8,1341.0
Pasir Ris,EW1,WEEKENDS/HOLIDAY,23,97.9,788.6
Paya Lebar,EW8/CC9,WEEKDAY,0,26.3,69.6
Paya Lebar,EW8/CC9,WEEKDAY,5,144.1,58.95
Paya Lebar,EW8/CC9,WEEKDAY,6,1181.9,753.75
Paya Lebar,EW8/CC9,WEEKDAY,7,2257.75,2229.35
Paya Lebar,EW8/CC9,WEEKDAY,8,2641.35,4915.5
Paya Lebar,EW8/CC9,WEEKDAY,9,1689.85,3789.1
Paya Lebar,EW8/CC9,WEEKDAY,10,1194.85,2370.05
Paya Lebar,EW8/CC9,WEEKDAY,11,1516.55,2228.55
Paya Lebar,EW8/CC9,WEEKDAY,12,2199.25,2710.05
Paya Lebar,EW8/CC9,WEEKDAY,13,2546.35,2367.95
Paya Lebar,EW8/CC9,WEEKDAY,14,2196.3,1976.0
Paya Lebar,EW8/CC9,WEEKDAY,15,2095.8,1891.55
Paya Lebar,EW8/CC9,WEEKDAY,16,2606.9,2165.85
Paya Lebar,EW8/CC9,WEEKDAY,17,4862.35,3399.8
Paya Lebar,EW8/CC9,WEEKDAY,18,6290.3,5885.2
Paya Lebar,EW8/CC9,WEEKDAY,19,3957.8,3983.2
Paya Lebar,EW8/CC9,WEEKDAY,20,3008.45,1980.15
Paya Lebar,EW8/CC9,WEEKDAY,21,2803.25,1397.25
Paya Lebar,EW8/CC9,WEEKDAY,22,1545.8,1085.55
Paya Lebar,EW8/CC9,WEEKDAY,23,476.95,524.75
Paya Lebar,EW8/CC9,WEEKENDS/HOLIDAY,0,33.7,82.3
Paya Lebar,EW8/CC9,WEEKENDS/HOLIDAY,5,68.1,26.3
Paya Lebar,EW8/CC9,WEEKENDS/HOLIDAY,6,725.5,520.8
Paya Lebar,EW8/CC9,WEEKENDS/HOLIDAY,7,1066.3,1157.8
Paya Lebar,EW8/CC9,WEEKENDS/HOLIDAY,8,1145.2,2019.2
Paya Lebar,EW8/CC9,WEEKENDS/HOLIDAY,9,1490.9,4042.9
Paya Lebar,EW8/CC9,WEEKENDS/HOLIDAY,10,2183.7,4704.8
Paya Lebar,EW8/CC9,WEEKENDS/HOLIDAY,11,2814.8,3916.7
Paya Lebar,EW8/CC9,WEEKENDS/HOLIDAY,12,3400.6,3802.4
Paya Lebar,EW8/CC9,WEEKENDS/HOLIDAY,13,3601.8,3734.2
Paya Lebar,EW8/CC9,WEEKENDS/HOLIDAY,14,3480.8,3360.8
Paya Lebar,EW8/CC9,WEEKENDS/HOLIDAY,15,3469.3,3432.3
Paya Lebar,EW8/CC9,WEEKENDS/HOLIDAY,16,4178.8,3595.7
Paya Lebar,EW8/CC9,WEEKENDS/HOLIDAY,17,4859.8,3700.0
Paya Lebar,EW8/CC9,WEEKENDS/HOLIDAY,18,4631.4,3573.3
Paya Lebar,EW8/CC9,WEEKENDS/HOLIDAY,19,3741.5,2882.5
Paya Lebar,EW8/CC9,WEEKENDS/HOLIDAY,20,2870.9,1824.3
Paya Lebar,EW8/CC9,WEEKENDS/HOLIDAY,21,2619.1,1394.0
Paya Lebar,EW8/CC9,WEEKENDS/HOLIDAY,22,1601.4,1292.2
Paya Lebar,EW8/CC9,WEEKENDS/HOLIDAY,23,540.7,659.9
Pioneer,EW28,WEEKDAY,0,0.8,182.2
Pioneer,EW28,WEEKDAY,5,858.3,53.25
Pioneer,EW28,WEEKDAY,6,2985.6,695.5
Pioneer,EW28,WEEKDAY,7,6007.6,2050.95
Pioneer,EW28,WEEKDAY,8,4279.1,2236.25
Pioneer,EW28,WEEKDAY,9,1759.45,1152.6
Pioneer,EW28,WEEKDAY,10,1211.4,724.8
Pioneer,EW28,WEEKDAY,11,1223.75,699.95
Pioneer,EW28,WEEKDAY,12,1322.65,839.25
Pioneer,EW28,WEEKDAY,13,1158.35,886.05
Pioneer,EW28,WEEKDAY,14,976.0,783.4
Pioneer,EW28,WEEKDAY,15,1070.65,812.85
Pioneer,EW28,WEEKDAY,16,1586.0,1118.3
Pioneer,EW28,WEEKDAY,17,3147.6,2295.55
Pioneer,EW28,WEEKDAY,18,3045.2,3443.5
Pioneer,EW28,WEEKDAY,19,1550.4,2720.85
Pioneer,EW28,WEEKDAY,20,1081.05,2096.8
Pioneer,EW28,WEEKDAY,21,856.0,1651.5
Pioneer,EW28,WEEKDAY,22,527.25,1351.45
Pioneer,EW28,WEEKDAY,23,145.15,702.5
Pioneer,EW28,WEEKENDS/HOLIDAY,0,2.9,254.2
Pioneer,EW28,WEEKENDS/HOLIDAY,5,377.8,22.9
Pioneer,EW28,WEEKENDS/HOLIDAY,6,1363.7,255.1
Pioneer,EW28,WEEKENDS/HOLIDAY,7,2023.8,828.1
Pioneer,EW28,WEEKENDS/HOLIDAY,8,1798.5,971.3
Pioneer,EW28,WEEKENDS/HOLIDAY,9,1717.3,661.8
Pioneer,EW28,WEEKENDS/HOLIDAY,10,1715.6,588.3
Pioneer,EW28,WEEKENDS/HOLIDAY,11,1804.8,666.8
Pioneer,EW28,WEEKENDS/HOLIDAY,12,1690.2,852.9
Pioneer,EW28,WEEKENDS/HOLIDAY,13,1519.8,995.4
Pioneer,EW28,WEEKENDS/HOLIDAY,14,1256.9,1001.1
Pioneer,EW28,WEEKENDS/HOLIDAY,15,1226.2,1065.1
Pioneer,EW28,WEEKENDS/HOLIDAY,16,1402.3,1173.0
Pioneer,EW28,WEEKENDS/HOLIDAY,17,1834.4,1544.1
Pioneer,EW28,WEEKENDS/HOLIDAY,18,1736.4,1686.4
Pioneer,EW28,WEEKENDS/HOLIDAY,19,1210.6,1784.0
Pioneer,EW28,WEEKENDS/HOLIDAY,20,786.3,1870.2
Pioneer,EW28,WEEKENDS/HOLIDAY,21,601.8,1806.2
Pioneer,EW28,WEEKENDS/HOLIDAY,22,377.1,1552.2
Pioneer,EW28,WEEKENDS/HOLIDAY,23,131.6,970.1
Potong Pasir,NE10,WEEKDAY,0,3.95,19.55
Potong Pasir,NE10,WEEKDAY,5,83.4,28.2
Potong Pasir,NE10,WEEKDAY,6,571.6,454.45
Potong Pasir,NE10,WEEKDAY,7,1405.6,1401.1
Potong Pasir,NE10,WEEKDAY,8,2153.35,1767.0
Potong Pasir,NE10,WEEKDAY,9,1315.3,937.6
Potong Pasir,NE10,WEEKDAY,10,874.9,531.8
Potong Pasir,NE10,WEEKDAY,11,882.05,507.65
Potong Pasir,NE10,WEEKDAY,12,872.4,640.55
Potong Pasir,NE10,WEEKDAY,13,847.35,816.75
Potong Pasir,NE10,WEEKDAY,14,676.6,729.1
Potong Pasir,NE10,WEEKDAY,15,626.3,731.05
Potong Pasir,NE10,WEEKDAY,16,815.9,828.6
Potong Pasir,NE10,WEEKDAY,17,1443.65,1181.5
Potong Pasir,NE10,WEEKDAY,18,1793.95,1882.6
Potong Pasir,NE10,WEEKDAY,19,973.4,1487.7
Potong Pasir,NE10,WEEKDAY,20,571.4,987.3
Potong Pasir,NE10,WEEKDAY,21,443.9,888.75
Potong Pasir,NE10,WEEKDAY,22,251.4,646.7
Potong Pasir,NE10,WEEKDAY,23,105.5,316.65
Potong Pasir,NE10,WEEKENDS/HOLIDAY,0,8.7,27.5
Potong Pasir,NE10,WEEKENDS/HOLIDAY,5,29.1,7.0
Potong Pasir,NE10,WEEKENDS/HOLIDAY,6,261.2,165.3
Potong Pasir,NE10,WEEKENDS/HOLIDAY,7,464.9,361.6
Potong Pasir,NE10,WEEKENDS/HOLIDAY,8,710.1,542.1
Potong Pasir,NE10,WEEKENDS/HOLIDAY,9,855.3,587.6
Potong Pasir,NE10,WEEKENDS/HOLIDAY,10,967.0,620.3
Potong Pasir,NE10,WEEKENDS/HOLIDAY,11,962.4,623.2
Potong Pasir,NE10,WEEKENDS/HOLIDAY,12,1044.7,720.3
Potong Pasir,NE10,WEEKENDS/HOLIDAY,13,960.2,797.9
Potong Pasir,NE10,WEEKENDS/HOLIDAY,14,774.6,805.8
Potong Pasir,NE10,WEEKENDS/HOLIDAY,15,756.5,799.5
Potong Pasir,NE10,WEEKENDS/HOLIDAY,16,808.1,813.0
Potong Pasir,NE10,WEEKENDS/HOLIDAY,17,961.2,891.3
Potong Pasir,NE10,WEEKENDS/HOLIDAY,18,947.2,920.3
Potong Pasir,NE10,WEEKENDS/HOLIDAY,19,676.9,875.5
Potong Pasir,NE10,WEEKENDS/HOLIDAY,20,494.5,873.9
Potong Pasir,NE10,WEEKENDS/HOLIDAY,21,379.2,845.8
Potong Pasir,NE10,WEEKENDS/HOLIDAY,22,260.9,685.7
Potong Pasir,NE10,WEEKENDS/HOLIDAY,23,117.1,316.6
Promenade,CC4/DT15,WEEKDAY,0,14.85,5.2
Promenade,CC4/DT15,WEEKDAY,5,7.55,11.85
Promenade,CC4/DT15,WEEKDAY,6,31.85,438.95
Promenade,CC4/DT15,WEEKDAY,7,86.6,1185.75
Promenade,CC4/DT15,WEEKDAY,8,218.3,3712.75
Promenade,CC4/DT15,WEEKDAY,9,219.15,3719.9
Promenade,CC4/DT15,WEEKDAY,10,283.6,1476.9
Promenade,CC4/DT15,WEEKDAY,11,639.2,1359.55
Promenade,CC4/DT15,WEEKDAY,12,939.2,1549.3
Promenade,CC4/DT15,WEEKDAY,13,1200.15,1365.8
Promenade,CC4/DT15,WEEKDAY,14,967.05,1027.1
Promenade,CC4/DT15,WEEKDAY,15,1032.1,880.75
Promenade,CC4/DT15,WEEKDAY,16,1285.95,846.0
Promenade,CC4/DT15,WEEKDAY,17,2781.25,1104.9
Promenade,CC4/DT15,WEEKDAY,18,4440.4,1794.4
Promenade,CC4/DT15,WEEKDAY,19,2254.75,966.6
Promenade,CC4/DT15,WEEKDAY,20,1658.45,362.35
Promenade,CC4/DT15,WEEKDAY,21,1884.65,196.9
Promenade,CC4/DT15,WEEKDAY,22,1260.55,167.55
Promenade,CC4/DT15,WEEKDAY,23,386.75,78.05
Promenade,CC4/DT15,WEEKENDS/HOLIDAY,0,19.5,7.9
Promenade,CC4/DT15,WEEKENDS/HOLIDAY,5,3.9,0.8
Promenade,CC4/DT15,WEEKENDS/HOLIDAY,6,52.1,208.3
Promenade,CC4/DT15,WEEKENDS/HOLIDAY,7,87.0,456.6
Promenade,CC4/DT15,WEEKENDS/HOLIDAY,8,117.3,655.7
Promenade,CC4/DT15,WEEKENDS/HOLIDAY,9,138.7,1047.4
Promenade,CC4/DT15,WEEKENDS/HOLIDAY,10,236.4,1409.5
Promenade,CC4/DT15,WEEKENDS/HOLIDAY,11,383.7,1593.6
Promenade,CC4/DT15,WEEKENDS/HOLIDAY,12,606.4,1677.2
Promenade,CC4/DT15,WEEKENDS/HOLIDAY,13,833.4,1780.2
Promenade,CC4/DT15,WEEKENDS/HOLIDAY,14,1128.5,1697.4
Promenade,CC4/DT15,WEEKENDS/HOLIDAY,15,1432.1,1497.5
Promenade,CC4/DT15,WEEKENDS/HOLIDAY,16,1687.0,1598.3
Promenade,CC4/DT15,WEEKENDS/HOLIDAY,17,1774.3,1540.5
Promenade,CC4/DT15,WEEKENDS/HOLIDAY,18,1886.4,1332.0
Promenade,CC4/DT15,WEEKENDS/HOLIDAY,19,1711.3,829.7
Promenade,CC4/DT15,WEEKENDS/HOLIDAY,20,1715.0,426.9
Promenade,CC4/DT15,WEEKENDS/HOLIDAY,21,2086.5,260.4
Promenade,CC4/DT15,WEEKENDS/HOLIDAY,22,1371.4,279.3
Promenade,CC4/DT15,WEEKENDS/HOLIDAY,23,474.1,127.8
Punggol,NE17/PTC,WEEKDAY,0,23.85,187.5
Punggol,NE17/PTC,WEEKDAY,5,436.95,98.9
Punggol,NE17/PTC,WEEKDAY,6,1972.0,615.05
Punggol,NE17/PTC,WEEKDAY,7,5181.7,1254.25
Punggol,NE17/PTC,WEEKDAY,8,5980.4,1222.3
Punggol,NE17/PTC,WEEKDAY,9,2798.4,1125.4
Punggol,NE17/PTC,WEEKDAY,10,1905.1,1258.3
Punggol,NE17/PTC,WEEKDAY,11,1873.85,1543.1
Punggol,NE17/PTC,WEEKDAY,12,2080.8,2022.1
Punggol,NE17/PTC,WEEKDAY,13,2362.9,2161.6
Punggol,NE17/PTC,WEEKDAY,14,1950.55,2106.45
Punggol,NE17/PTC,WEEKDAY,15,1835.25,2057.8
Punggol,NE17/PTC,WEEKDAY,16,2037.05,2581.65
Punggol,NE17/PTC,WEEKDAY,17,2520.0,3770.1
Punggol,NE17/PTC,WEEKDAY,18,2796.5,6216.9
Punggol,NE17/PTC,WEEKDAY,19,2363.35,4988.75
Punggol,NE17/PTC,WEEKDAY,20,1772.6,2848.55
Punggol,NE17/PTC,WEEKDAY,21,1539.2,2202.85
Punggol,NE17/PTC,WEEKDAY,22,777.3,1695.7
Punggol,NE17/PTC,WEEKDAY,23,222.4,909.5
Punggol,NE17/PTC,WEEKENDS/HOLIDAY,0,29.2,194.6
Punggol,NE17/PTC,WEEKENDS/HOLIDAY,5,193.1,51.6
Punggol,NE17/PTC,WEEKENDS/HOLIDAY,6,696.1,261.7
Punggol,NE17/PTC,WEEKENDS/HOLIDAY,7,1206.5,563.3
Punggol,NE17/PTC,WEEKENDS/HOLIDAY,8,1937.1,1011.4
Punggol,NE17/PTC,WEEKENDS/HOLIDAY,9,2299.5,1308.5
Punggol,NE17/PTC,WEEKENDS/HOLIDAY,10,2481.8,1790.8
Punggol,NE17/PTC,WEEKENDS/HOLIDAY,11,2657.5,2219.7
Punggol,NE17/PTC,WEEKENDS/HOLIDAY,12,2844.0,2467.0
Punggol,NE17/PTC,WEEKENDS/HOLIDAY,13,2894.8,2584.2
Punggol,NE17/PTC,WEEKENDS/HOLIDAY,14,2648.7,2516.1
Punggol,NE17/PTC,WEEKENDS/HOLIDAY,15,2541.0,2556.9
Punggol,NE17/PTC,WEEKENDS/HOLIDAY,16,2544.6,2668.6
Punggol,NE17/PTC,WEEKENDS/HOLIDAY,17,2767.8,3047.2
Punggol,NE17/PTC,WEEKENDS/HOLIDAY,18,2731.8,3125.2
Punggol,NE17/PTC,WEEKENDS/HOLIDAY,19,2389.4,2908.4
Punggol,NE17/PTC,WEEKENDS/HOLIDAY,20,1978.6,2384.0
Punggol,NE17/PTC,WEEKENDS/HOLIDAY,21,1740.4,1984.0
Punggol,NE17/PTC,WEEKENDS/HOLIDAY,22,912.1,1681.8
Punggol,NE17/PTC,WEEKENDS/HOLIDAY,23,254.0,995.6
Punggol Coast,NE18,WEEKDAY,0,0.0,31.9
Punggol Coast,NE18,WEEKDAY,5,122.45,12.25
Punggol Coast,NE18,WEEKDAY,6,440.7,176.35
Punggol Coast,NE18,WEEKDAY,7,1014.9,432.15
Punggol Coast,NE18,WEEKDAY,8,994.2,1826.3
Punggol Coast,NE18,WEEKDAY,9,480.7,1313.3
Punggol Coast,NE18,WEEKDAY,10,424.0,951.9
Punggol Coast,NE18,WEEKDAY,11,550.3,757.6
Punggol Coast,NE18,WEEKDAY,12,688.35,778.75
Punggol Coast,NE18,WEEKDAY,13,716.4,994.0
Punggol Coast,NE18,WEEKDAY,14,645.35,726.45
Punggol Coast,NE18,WEEKDAY,15,722.55,551.1
Punggol Coast,NE18,WEEKDAY,16,999.8,559.5
Punggol Coast,NE18,WEEKDAY,17,1349.95,840.95
Punggol Coast,NE18,WEEKDAY,18,1510.55,1257.65
Punggol Coast,NE18,WEEKDAY,19,924.45,964.65
Punggol Coast,NE18,WEEKDAY,20,750.9,495.25
Punggol Coast,NE18,WEEKDAY,21,692.25,360.3
Punggol Coast,NE18,WEEKDAY,22,649.75,269.9
Punggol Coast,NE18,WEEKDAY,23,125.8,135.95
Punggol Coast,NE18,WEEKENDS/HOLIDAY,0,0.0,40.5
Punggol Coast,NE18,WEEKENDS/HOLIDAY,5,58.1,7.6
Punggol Coast,NE18,WEEKENDS/HOLIDAY,6,161.6,107.8
Punggol Coast,NE18,WEEKENDS/HOLIDAY,7,268.4,260.7
Punggol Coast,NE18,WEEKENDS/HOLIDAY,8,359.9,461.8
Punggol Coast,NE18,WEEKENDS/HOLIDAY,9,448.8,522.1
Punggol Coast,NE18,WEEKENDS/HOLIDAY,10,561.4,636.2
Punggol Coast,NE18,WEEKENDS/HOLIDAY,11,593.4,748.0
Punggol Coast,NE18,WEEKENDS/HOLIDAY,12,679.4,784.4
Punggol Coast,NE18,WEEKENDS/HOLIDAY,13,748.2,772.1
Punggol Coast,NE18,WEEKENDS/HOLIDAY,14,740.5,671.5
Punggol Coast,NE18,WEEKENDS/HOLIDAY,15,774.4,669.7
Punggol Coast,NE18,WEEKENDS/HOLIDAY,16,747.4,712.8
Punggol Coast,NE18,WEEKENDS/HOLIDAY,17,781.9,848.2
Punggol Coast,NE18,WEEKENDS/HOLIDAY,18,753.4,822.2
Punggol Coast,NE18,WEEKENDS/HOLIDAY,19,815.7,687.9
Punggol Coast,NE18,WEEKENDS/HOLIDAY,20,723.5,472.1
Punggol Coast,NE18,WEEKENDS/HOLIDAY,21,574.2,370.1
Punggol Coast,NE18,WEEKENDS/HOLIDAY,22,377.0,291.3
Punggol Coast,NE18,WEEKENDS/HOLIDAY,23,76.3,152.5
Queenstown,EW19,WEEKDAY,0,5.85,33.85
Queenstown,EW19,WEEKDAY,5,170.6,20.1
Queenstown,EW19,WEEKDAY,6,760.65,355.9
Queenstown,EW19,WEEKDAY,7,1928.35,1106.3
Queenstown,EW19,WEEKDAY,8,2803.6,1373.1
Queenstown,EW19,WEEKDAY,9,1729.45,642.4
Queenstown,EW19,WEEKDAY,10,940.85,406.35
Queenstown,EW19,WEEKDAY,11,809.35,445.8
Queenstown,EW19,WEEKDAY,12,786.35,611.8
Queenstown,EW19,WEEKDAY,13,737.0,674.65
Queenstown,EW19,WEEKDAY,14,576.6,676.15
Queenstown,EW19,WEEKDAY,15,617.25,678.8
Queenstown,EW19,WEEKDAY,16,825.95,899.5
Queenstown,EW19,WEEKDAY,17,1605.0,1417.5
Queenstown,EW19,WEEKDAY,18,1827.2,2410.1
Queenstown,EW19,WEEKDAY,19,883.85,1786.45
Queenstown,EW19,WEEKDAY,20,431.1,1170.45
Queenstown,EW19,WEEKDAY,21,392.7,1001.75
Queenstown,EW19,WEEKDAY,22,266.0,768.3
Queenstown,EW19,WEEKDAY,23,83.4,371.7
Queenstown,EW19,WEEKENDS/HOLIDAY,0,6.1,38.2
Queenstown,EW19,WEEKENDS/HOLIDAY,5,45.3,7.4
Queenstown,EW19,WEEKENDS/HOLIDAY,6,314.1,159.1
Queenstown,EW19,WEEKENDS/HOLIDAY,7,521.1,385.9
Queenstown,EW19,WEEKENDS/HOLIDAY,8,837.0,520.1
Queenstown,EW19,WEEKENDS/HOLIDAY,9,944.9,504.4
Queenstown,EW19,WEEKENDS/HOLIDAY,10,1010.6,573.6
Queenstown,EW19,WEEKENDS/HOLIDAY,11,988.7,535.2
Queenstown,EW19,WEEKENDS/HOLIDAY,12,1082.0,685.3
Queenstown,EW19,WEEKENDS/HOLIDAY,13,915.1,808.7
Queenstown,EW19,WEEKENDS/HOLIDAY,14,753.1,859.7
Queenstown,EW19,WEEKENDS/HOLIDAY,15,760.7,863.4
Queenstown,EW19,WEEKENDS/HOLIDAY,16,870.0,923.9
Queenstown,EW19,WEEKENDS/HOLIDAY,17,966.4,911.8
Queenstown,EW19,WEEKENDS/HOLIDAY,18,932.0,931.1
Queenstown,EW19,WEEKENDS/HOLIDAY,19,750.5,935.1
Queenstown,EW19,WEEKENDS/HOLIDAY,20,446.6,911.4
Queenstown,EW19,WEEKENDS/HOLIDAY,21,382.8,894.4
Queenstown,EW19,WEEKENDS/HOLIDAY,22,256.9,751.2
Queenstown,EW19,WEEKENDS/HOLIDAY,23,98.6,402.0
Raffles Place,EW14/NS26,WEEKDAY,0,24.25,4.6
Raffles Place,EW14/NS26,WEEKDAY,5,30.9,122.65
Raffles Place,EW14/NS26,WEEKDAY,6,96.45,1778.95
Raffles Place,EW14/NS26,WEEKDAY,7,264.75,4351.95
Raffles Place,EW14/NS26,WEEKDAY,8,508.55,16233.3
Raffles Place,EW14/NS26,WEEKDAY,9,654.25,14298.75
Raffles Place,EW14/NS26,WEEKDAY,10,948.0,4336.5
Raffles Place,EW14/NS26,WEEKDAY,11,2726.0,2561.05
Raffles Place,EW14/NS26,WEEKDAY,12,3290.85,2575.5
Raffles Place,EW14/NS26,WEEKDAY,13,2226.1,4033.0
Raffles Place,EW14/NS26,WEEKDAY,14,2070.25,2402.1
Raffles Place,EW14/NS26,WEEKDAY,15,2504.6,1451.05
Raffles Place,EW14/NS26,WEEKDAY,16,3527.55,1447.5
Raffles Place,EW14/NS26,WEEKDAY,17,9014.85,1685.8
Raffles Place,EW14/NS26,WEEKDAY,18,16989.9,2221.65
Raffles Place,EW14/NS26,WEEKDAY,19,7830.3,1343.35
Raffles Place,EW14/NS26,WEEKDAY,20,4166.9,614.1
Raffles Place,EW14/NS26,WEEKDAY,21,2760.1,436.65
Raffles Place,EW14/NS26,WEEKDAY,22,1917.6,286.55
Raffles Place,EW14/NS26,WEEKDAY,23,981.35,121.65
Raffles Place,EW14/NS26,WEEKENDS/HOLIDAY,0,19.8,12.0
Raffles Place,EW14/NS26,WEEKENDS/HOLIDAY,5,34.3,17.5
Raffles Place,EW14/NS26,WEEKENDS/HOLIDAY,6,111.4,428.3
Raffles Place,EW14/NS26,WEEKENDS/HOLIDAY,7,174.1,776.2
Raffles Place,EW14/NS26,WEEKENDS/HOLIDAY,8,259.6,1086.1
Raffles Place,EW14/NS26,WEEKENDS/HOLIDAY,9,364.3,1469.4
Raffles Place,EW14/NS26,WEEKENDS/HOLIDAY,10,656.4,1562.1
Raffles Place,EW14/NS26,WEEKENDS/HOLIDAY,11,1022.2,1541.3
Raffles Place,EW14/NS26,WEEKENDS/HOLIDAY,12,1262.1,1403.8
Raffles Place,EW14/NS26,WEEKENDS/HOLIDAY,13,1299.9,1347.6
Raffles Place,EW14/NS26,WEEKENDS/HOLIDAY,14,1326.9,1277.4
Raffles Place,EW14/NS26,WEEKENDS/HOLIDAY,15,1394.8,1202.4
Raffles Place,EW14/NS26,WEEKENDS/HOLIDAY,16,1442.1,1192.3
Raffles Place,EW14/NS26,WEEKENDS/HOLIDAY,17,1404.9,1297.2
Raffles Place,EW14/NS26,WEEKENDS/HOLIDAY,18,1332.9,1398.0
Raffles Place,EW14/NS26,WEEKENDS/HOLIDAY,19,1257.9,1038.9
Raffles Place,EW14/NS26,WEEKENDS/HOLIDAY,20,1220.3,663.5
Raffles Place,EW14/NS26,WEEKENDS/HOLIDAY,21,1194.5,488.6
Raffles Place,EW14/NS26,WEEKENDS/HOLIDAY,22,1280.1,356.1
Raffles Place,EW14/NS26,WEEKENDS/HOLIDAY,23,782.6,164.3
Redhill,EW18,WEEKDAY,0,2.4,19.5
Redhill,EW18,WEEKDAY,5,125.15,25.75
Redhill,EW18,WEEKDAY,6,706.75,517.15
Redhill,EW18,WEEKDAY,7,1572.45,1505.2
Redhill,EW18,WEEKDAY,8,2191.0,2698.3
Redhill,EW18,WEEKDAY,9,1414.75,1284.0
Redhill,EW18,WEEKDAY,10,794.85,637.25
Redhill,EW18,WEEKDAY,11,788.45,567.95
Redhill,EW18,WEEKDAY,12,842.35,681.05
Redhill,EW18,WEEKDAY,13,759.9,804.75
Redhill,EW18,WEEKDAY,14,635.8,768.25
Redhill,EW18,WEEKDAY,15,653.65,733.55
Redhill,EW18,WEEKDAY,16,860.15,957.0
Redhill,EW18,WEEKDAY,17,1732.2,1391.95
Redhill,EW18,WEEKDAY,18,2601.1,2174.45
Redhill,EW18,WEEKDAY,19,1147.3,1562.05
Redhill,EW18,WEEKDAY,20,598.85,994.85
Redhill,EW18,WEEKDAY,21,510.35,873.45
Redhill,EW18,WEEKDAY,22,358.75,699.6
Redhill,EW18,WEEKDAY,23,121.1,353.3
Redhill,EW18,WEEKENDS/HOLIDAY,0,3.0,28.1
Redhill,EW18,WEEKENDS/HOLIDAY,5,38.2,7.6
Redhill,EW18,WEEKENDS/HOLIDAY,6,306.0,252.2
Redhill,EW18,WEEKENDS/HOLIDAY,7,473.8,517.0
Redhill,EW18,WEEKENDS/HOLIDAY,8,725.1,709.5
Redhill,EW18,WEEKENDS/HOLIDAY,9,850.0,747.8
Redhill,EW18,WEEKENDS/HOLIDAY,10,945.2,655.2
Redhill,EW18,WEEKENDS/HOLIDAY,11,985.1,673.2
Redhill,EW18,WEEKENDS/HOLIDAY,12,1024.4,775.0
Redhill,EW18,WEEKENDS/HOLIDAY,13,901.0,882.2
Redhill,EW18,WEEKENDS/HOLIDAY,14,746.1,872.8
Redhill,EW18,WEEKENDS/HOLIDAY,15,783.1,832.1
Redhill,EW18,WEEKENDS/HOLIDAY,16,839.9,883.3
Redhill,EW18,WEEKENDS/HOLIDAY,17,1043.8,888.2
Redhill,EW18,WEEKENDS/HOLIDAY,18,965.1,932.2
Redhill,EW18,WEEKENDS/HOLIDAY,19,703.6,909.4
Redhill,EW18,WEEKENDS/HOLIDAY,20,469.0,846.7
Redhill,EW18,WEEKENDS/HOLIDAY,21,409.9,805.8
Redhill,EW18,WEEKENDS/HOLIDAY,22,301.2,689.0
Redhill,EW18,WEEKENDS/HOLIDAY,23,118.4,388.9
Rochor,DT13,WEEKDAY,0,15.55,27.05
Rochor,DT13,WEEKDAY,5,37.7,3.9
Rochor,DT13,WEEKDAY,6,269.65,135.8
Rochor,DT13,WEEKDAY,7,448.35,447.05
Rochor,DT13,WEEKDAY,8,570.0,1212.55
Rochor,DT13,WEEKDAY,9,408.7,986.9
Rochor,DT13,WEEKDAY,10,384.75,809.55
Rochor,DT13,WEEKDAY,11,488.5,764.15
Rochor,DT13,WEEKDAY,12,613.85,888.35
Rochor,DT13,WEEKDAY,13,800.15,668.6
Rochor,DT13,WEEKDAY,14,558.65,605.35
Rochor,DT13,WEEKDAY,15,577.7,521.5
Rochor,DT13,WEEKDAY,16,673.9,537.95
Rochor,DT13,WEEKDAY,17,1138.8,688.45
Rochor,DT13,WEEKDAY,18,1387.55,993.15
Rochor,DT13,WEEKDAY,19,1013.55,729.7
Rochor,DT13,WEEKDAY,20,670.55,441.65
Rochor,DT13,WEEKDAY,21,554.15,463.2
Rochor,DT13,WEEKDAY,22,418.2,364.35
Rochor,DT13,WEEKDAY,23,215.05,191.9
Rochor,DT13,WEEKENDS/HOLIDAY,0,16.5,32.6
Rochor,DT13,WEEKENDS/HOLIDAY,5,13.5,2.1
Rochor,DT13,WEEKENDS/HOLIDAY,6,201.8,108.4
Rochor,DT13,WEEKENDS/HOLIDAY,7,272.0,269.7
Rochor,DT13,WEEKENDS/HOLIDAY,8,306.5,632.9
Rochor,DT13,WEEKENDS/HOLIDAY,9,360.7,718.2
Rochor,DT13,WEEKENDS/HOLIDAY,10,496.1,824.9
Rochor,DT13,WEEKENDS/HOLIDAY,11,680.1,855.4
Rochor,DT13,WEEKENDS/HOLIDAY,12,727.3,834.0
Rochor,DT13,WEEKENDS/HOLIDAY,13,804.1,900.8
Rochor,DT13,WEEKENDS/HOLIDAY,14,741.8,916.1
Rochor,DT13,WEEKENDS/HOLIDAY,15,779.5,763.3
Rochor,DT13,WEEKENDS/HOLIDAY,16,940.5,745.6
Rochor,DT13,WEEKENDS/HOLIDAY,17,987.3,720.3
Rochor,DT13,WEEKENDS/HOLIDAY,18,1021.4,677.1
Rochor,DT13,WEEKENDS/HOLIDAY,19,792.0,561.3
Rochor,DT13,WEEKENDS/HOLIDAY,20,653.0,468.3
Rochor,DT13,WEEKENDS/HOLIDAY,21,489.1,470.1
Rochor,DT13,WEEKENDS/HOLIDAY,22,372.3,459.9
Rochor,DT13,WEEKENDS/HOLIDAY,23,202.8,245.7
Sembawang,NS11,WEEKDAY,0,39.1,340.2
Sembawang,NS11,WEEKDAY,5,994.1,140.9
Sembawang,NS11,WEEKDAY,6,3344.0,1102.45
Sembawang,NS11,WEEKDAY,7,6947.35,2692.95
Sembawang,NS11,WEEKDAY,8,5682.7,1930.25
Sembawang,NS11,WEEKDAY,9,2781.7,972.25
Sembawang,NS11,WEEKDAY,10,1870.2,803.25
Sembawang,NS11,WEEKDAY,11,1665.05,883.75
Sembawang,NS11,WEEKDAY,12,1631.0,1137.0
Sembawang,NS11,WEEKDAY,13,1544.45,1360.9
Sembawang,NS11,WEEKDAY,14,1337.35,1361.85
Sembawang,NS11,WEEKDAY,15,1174.65,1519.95
Sembawang,NS11,WEEKDAY,16,1424.65,2066.45
Sembawang,NS11,WEEKDAY,17,2697.15,3415.7
Sembawang,NS11,WEEKDAY,18,2811.55,6144.05
Sembawang,NS11,WEEKDAY,19,1649.25,5034.15
Sembawang,NS11,WEEKDAY,20,1075.9,3054.2
Sembawang,NS11,WEEKDAY,21,901.3,2702.05
Sembawang,NS11,WEEKDAY,22,591.15,2347.55
Sembawang,NS11,WEEKDAY,23,194.7,1304.1
Sembawang,NS11,WEEKENDS/HOLIDAY,0,50.4,461.5
Sembawang,NS11,WEEKENDS/HOLIDAY,5,550.6,69.6
Sembawang,NS11,WEEKENDS/HOLIDAY,6,1403.8,437.1
Sembawang,NS11,WEEKENDS/HOLIDAY,7,2028.4,1050.4
Sembawang,NS11,WEEKENDS/HOLIDAY,8,2514.1,1100.2
Sembawang,NS11,WEEKENDS/HOLIDAY,9,2619.5,1076.0
Sembawang,NS11,WEEKENDS/HOLIDAY,10,2475.6,1128.0
Sembawang,NS11,WEEKENDS/HOLIDAY,11,2361.2,1257.0
Sembawang,NS11,WEEKENDS/HOLIDAY,12,2331.6,1458.7
Sembawang,NS11,WEEKENDS/HOLIDAY,13,2203.7,1850.1
Sembawang,NS11,WEEKENDS/HOLIDAY,14,1920.4,1908.3
Sembawang,NS11,WEEKENDS/HOLIDAY,15,1830.8,1950.1
Sembawang,NS11,WEEKENDS/HOLIDAY,16,1865.2,2113.3
Sembawang,NS11,WEEKENDS/HOLIDAY,17,2170.4,2365.3
Sembawang,NS11,WEEKENDS/HOLIDAY,18,1985.0,2660.8
Sembawang,NS11,WEEKENDS/HOLIDAY,19,1530.9,2654.9
Sembawang,NS11,WEEKENDS/HOLIDAY,20,1098.3,2610.2
Sembawang,NS11,WEEKENDS/HOLIDAY,21,910.4,2567.0
Sembawang,NS11,WEEKENDS/HOLIDAY,22,688.5,2416.9
Sembawang,NS11,WEEKENDS/HOLIDAY,23,242.3,1545.5
Sengkang,NE16/STC,WEEKDAY,0,24.1,203.15
Sengkang,NE16/STC,WEEKDAY,5,494.6,123.35
Sengkang,NE16/STC,WEEKDAY,6,2117.35,874.2
Sengkang,NE16/STC,WEEKDAY,7,5442.85,1657.9
Sengkang,NE16/STC,WEEKDAY,8,6144.15,1379.55
Sengkang,NE16/STC,WEEKDAY,9,3174.9,1106.95
Sengkang,NE16/STC,WEEKDAY,10,2217.7,1224.4
Sengkang,NE16/STC,WEEKDAY,11,2176.8,1588.1
Sengkang,NE16/STC,WEEKDAY,12,2269.95,2022.0
Sengkang,NE16/STC,WEEKDAY,13,2317.15,2155.55
Sengkang,NE16/STC,WEEKDAY,14,2006.1,2084.7
Sengkang,NE16/STC,WEEKDAY,15,1822.95,2105.35
Sengkang,NE16/STC,WEEKDAY,16,2012.9,2684.1
Sengkang,NE16/STC,WEEKDAY,17,2583.25,4233.55
Sengkang,NE16/STC,WEEKDAY,18,3141.0,7085.7
Sengkang,NE16/STC,WEEKDAY,19,2366.3,5592.4
Sengkang,NE16/STC,WEEKDAY,20,1623.0,3293.75
Sengkang,NE16/STC,WEEKDAY,21,1249.55,2647.8
Sengkang,NE16/STC,WEEKDAY,22,644.0,2345.95
Sengkang,NE16/STC,WEEKDAY,23,220.95,1070.95
Sengkang,NE16/STC,WEEKENDS/HOLIDAY,0,26.9,204.6
Sengkang,NE16/STC,WEEKENDS/HOLIDAY,5,208.2,56.0
Sengkang,NE16/STC,WEEKENDS/HOLIDAY,6,808.1,315.1
Sengkang,NE16/STC,WEEKENDS/HOLIDAY,7,1408.5,599.5
Sengkang,NE16/STC,WEEKENDS/HOLIDAY,8,2074.4,894.4
Sengkang,NE16/STC,WEEKENDS/HOLIDAY,9,2519.2,1142.9
Sengkang,NE16/STC,WEEKENDS/HOLIDAY,10,2582.9,1530.0
Sengkang,NE16/STC,WEEKENDS/HOLIDAY,11,2738.1,1967.7
Sengkang,NE16/STC,WEEKENDS/HOLIDAY,12,2779.1,2252.9
Sengkang,NE16/STC,WEEKENDS/HOLIDAY,13,2798.4,2494.9
Sengkang,NE16/STC,WEEKENDS/HOLIDAY,14,2497.4,2408.2
Sengkang,NE16/STC,WEEKENDS/HOLIDAY,15,2362.0,2496.8
Sengkang,NE16/STC,WEEKENDS/HOLIDAY,16,2362.9,2759.2
Sengkang,NE16/STC,WEEKENDS/HOLIDAY,17,2554.3,3023.5
Sengkang,NE16/STC,WEEKENDS/HOLIDAY,18,2423.2,3190.6
Sengkang,NE16/STC,WEEKENDS/HOLIDAY,19,2016.0,3080.5
Sengkang,NE16/STC,WEEKENDS/HOLIDAY,20,1516.4,2666.6
Sengkang,NE16/STC,WEEKENDS/HOLIDAY,21,1256.4,2456.4
Sengkang,NE16/STC,WEEKENDS/HOLIDAY,22,718.0,2191.8
Sengkang,NE16/STC,WEEKENDS/HOLIDAY,23,252.5,1160.2
Serangoon,NE12/CC13,WEEKDAY,0,20.75,146.55
Serangoon,NE12/CC13,WEEKDAY,5,425.55,44.45
Serangoon,NE12/CC13,WEEKDAY,6,2301.0,939.6
Serangoon,NE12/CC13,WEEKDAY,7,5500.4,2117.0
Serangoon,NE12/CC13,WEEKDAY,8,7819.1,2306.8
Serangoon,NE12/CC13,WEEKDAY,9,4298.75,1733.55
Serangoon,NE12/CC13,WEEKDAY,10,2561.5,1877.0
Serangoon,NE12/CC13,WEEKDAY,11,2390.5,2284.15
Serangoon,NE12/CC13,WEEKDAY,12,2588.95,2782.25
Serangoon,NE12/CC13,WEEKDAY,13,2871.5,2782.35
Serangoon,NE12/CC13,WEEKDAY,14,2552.6,2582.05
Serangoon,NE12/CC13,WEEKDAY,15,2315.75,2830.0
Serangoon,NE12/CC13,WEEKDAY,16,2546.5,3481.35
Serangoon,NE12/CC13,WEEKDAY,17,3426.5,5719.5
Serangoon,NE12/CC13,WEEKDAY,18,4416.95,9326.05
Serangoon,NE12/CC13,WEEKDAY,19,3238.05,6531.15
Serangoon,NE12/CC13,WEEKDAY,20,2570.95,3749.7
Serangoon,NE12/CC13,WEEKDAY,21,2463.9,3169.5
Serangoon,NE12/CC13,WEEKDAY,22,1421.15,2567.6
Serangoon,NE12/CC13,WEEKDAY,23,399.75,1247.7
Serangoon,NE12/CC13,WEEKENDS/HOLIDAY,0,24.3,158.9
Serangoon,NE12/CC13,WEEKENDS/HOLIDAY,5,112.7,32.5
Serangoon,NE12/CC13,WEEKENDS/HOLIDAY,6,958.1,638.0
Serangoon,NE12/CC13,WEEKENDS/HOLIDAY,7,1577.0,1377.7
Serangoon,NE12/CC13,WEEKENDS/HOLIDAY,8,2452.2,1741.2
Serangoon,NE12/CC13,WEEKENDS/HOLIDAY,9,3180.3,2050.7
Serangoon,NE12/CC13,WEEKENDS/HOLIDAY,10,3126.4,2484.1
Serangoon,NE12/CC13,WEEKENDS/HOLIDAY,11,3171.8,2921.3
Serangoon,NE12/CC13,WEEKENDS/HOLIDAY,12,3455.4,3428.8
Serangoon,NE12/CC13,WEEKENDS/HOLIDAY,13,3690.5,3814.2
Serangoon,NE12/CC13,WEEKENDS/HOLIDAY,14,3575.6,3442.3
Serangoon,NE12/CC13,WEEKENDS/HOLIDAY,15,3396.6,3474.1
Serangoon,NE12/CC13,WEEKENDS/HOLIDAY,16,3558.5,3878.2
Serangoon,NE12/CC13,WEEKENDS/HOLIDAY,17,3761.1,4436.0
Serangoon,NE12/CC13,WEEKENDS/HOLIDAY,18,3732.6,4457.7
Serangoon,NE12/CC13,WEEKENDS/HOLIDAY,19,3098.6,3877.5
Serangoon,NE12/CC13,WEEKENDS/HOLIDAY,20,2628.2,3164.9
Serangoon,NE12/CC13,WEEKENDS/HOLIDAY,21,2438.5,2783.6
Serangoon,NE12/CC13,WEEKENDS/HOLIDAY,22,1501.6,2702.7
Serangoon,NE12/CC13,WEEKENDS/HOLIDAY,23,431.6,1340.7
Shenton Way,TE19,WEEKDAY,0,7.35,3.95
Shenton Way,TE19,WEEKDAY,5,0.85,0.15
Shenton Way,TE19,WEEKDAY,6,56.75,333.05
Shenton Way,TE19,WEEKDAY,7,78.4,1103.3
Shenton Way,TE19,WEEKDAY,8,115.85,4303.05
Shenton Way,TE19,WEEKDAY,9,111.6,3956.25
Shenton Way,TE19,WEEKDAY,10,138.5,1050.5
Shenton Way,TE19,WEEKDAY,11,443.05,562.1
Shenton Way,TE19,WEEKDAY,12,500.6,452.85
Shenton Way,TE19,WEEKDAY,13,362.9,628.1
Shenton Way,TE19,WEEKDAY,14,412.05,412.35
Shenton Way,TE19,WEEKDAY,15,472.95,223.75
Shenton Way,TE19,WEEKDAY,16,805.35,206.75
Shenton Way,TE19,WEEKDAY,17,2399.8,278.25
Shenton Way,TE19,WEEKDAY,18,4200.95,356.4
Shenton Way,TE19,WEEKDAY,19,1905.65,225.6
Shenton Way,TE19,WEEKDAY,20,892.6,127.5
Shenton Way,TE19,WEEKDAY,21,546.5,93.55
Shenton Way,TE19,WEEKDAY,22,312.7,73.3
Shenton Way,TE19,WEEKDAY,23,130.55,31.45
Shenton Way,TE19,WEEKENDS/HOLIDAY,0,4.0,7.3
Shenton Way,TE19,WEEKENDS/HOLIDAY,5,1.8,0.2
Shenton Way,TE19,WEEKENDS/HOLIDAY,6,38.5,63.9
Shenton Way,TE19,WEEKENDS/HOLIDAY,7,51.7,128.3
Shenton Way,TE19,WEEKENDS/HOLIDAY,8,74.0,218.7
Shenton Way,TE19,WEEKENDS/HOLIDAY,9,91.0,237.4
Shenton Way,TE19,WEEKENDS/HOLIDAY,10,141.7,230.5
Shenton Way,TE19,WEEKENDS/HOLIDAY,11,188.4,241.9
Shenton Way,TE19,WEEKENDS/HOLIDAY,12,240.3,245.4
Shenton Way,TE19,WEEKENDS/HOLIDAY,13,228.0,232.5
Shenton Way,TE19,WEEKENDS/HOLIDAY,14,257.6,232.0
Shenton Way,TE19,WEEKENDS/HOLIDAY,15,257.0,192.1
Shenton Way,TE19,WEEKENDS/HOLIDAY,16,305.0,214.2
Shenton Way,TE19,WEEKENDS/HOLIDAY,17,288.8,216.1
Shenton Way,TE19,WEEKENDS/HOLIDAY,18,273.9,241.5
Shenton Way,TE19,WEEKENDS/HOLIDAY,19,242.8,194.2
Shenton Way,TE19,WEEKENDS/HOLIDAY,20,194.5,145.0
Shenton Way,TE19,WEEKENDS/HOLIDAY,21,238.8,101.3
Shenton Way,TE19,WEEKENDS/HOLIDAY,22,170.2,90.6
Shenton Way,TE19,WEEKENDS/HOLIDAY,23,89.4,37.7
Siglap,TE28,WEEKDAY,0,0.85,17.95
Siglap,TE28,WEEKDAY,5,16.6,0.35
Siglap,TE28,WEEKDAY,6,129.75,29.7
Siglap,TE28,WEEKDAY,7,427.55,141.0
Siglap,TE28,WEEKDAY,8,636.4,193.85
Siglap,TE28,WEEKDAY,9,360.4,122.1
Siglap,TE28,WEEKDAY,10,217.45,98.2
Siglap,TE28,WEEKDAY,11,204.7,121.25
Siglap,TE28,WEEKDAY,12,205.25,192.75
Siglap,TE28,WEEKDAY,13,213.85,258.0
Siglap,TE28,WEEKDAY,14,149.05,201.75
Siglap,TE28,WEEKDAY,15,134.85,205.05
Siglap,TE28,WEEKDAY,16,163.45,246.75
Siglap,TE28,WEEKDAY,17,233.2,374.85
Siglap,TE28,WEEKDAY,18,239.6,577.15
Siglap,TE28,WEEKDAY,19,138.25,502.1
Siglap,TE28,WEEKDAY,20,87.2,283.35
Siglap,TE28,WEEKDAY,21,59.85,229.05
Siglap,TE28,WEEKDAY,22,43.0,179.1
Siglap,TE28,WEEKDAY,23,15.7,85.45
Siglap,TE28,WEEKENDS/HOLIDAY,0,0.4,24.8
Siglap,TE28,WEEKENDS/HOLIDAY,5,6.3,0.3
Siglap,TE28,WEEKENDS/HOLIDAY,6,57.1,11.9
Siglap,TE28,WEEKENDS/HOLIDAY,7,127.1,65.7
Siglap,TE28,WEEKENDS/HOLIDAY,8,198.7,91.7
Siglap,TE28,WEEKENDS/HOLIDAY,9,232.7,128.9
Siglap,TE28,WEEKENDS/HOLIDAY,10,262.3,125.6
Siglap,TE28,WEEKENDS/HOLIDAY,11,243.1,163.0
Siglap,TE28,WEEKENDS/HOLIDAY,12,233.2,179.8
Siglap,TE28,WEEKENDS/HOLIDAY,13,198.4,214.4
Siglap,TE28,WEEKENDS/HOLIDAY,14,171.4,263.0
Siglap,TE28,WEEKENDS/HOLIDAY,15,173.2,259.9
Siglap,TE28,WEEKENDS/HOLIDAY,16,196.4,262.3
Siglap,TE28,WEEKENDS/HOLIDAY,17,219.0,277.9
Siglap,TE28,WEEKENDS/HOLIDAY,18,217.2,320.1
Siglap,TE28,WEEKENDS/HOLIDAY,19,178.8,286.0
Siglap,TE28,WEEKENDS/HOLIDAY,20,147.1,250.6
Siglap,TE28,WEEKENDS/HOLIDAY,21,103.4,226.8
Siglap,TE28,WEEKENDS/HOLIDAY,22,87.1,178.2
Siglap,TE28,WEEKENDS/HOLIDAY,23,35.9,90.3
Simei,EW3,WEEKDAY,0,5.5,100.15
Simei,EW3,WEEKDAY,5,214.4,16.2
Simei,EW3,WEEKDAY,6,780.55,337.55
Simei,EW3,WEEKDAY,7,1886.5,903.95
Simei,EW3,WEEKDAY,8,2392.15,971.0
Simei,EW3,WEEKDAY,9,1256.0,578.25
Simei,EW3,WEEKDAY,10,880.2,522.45
Simei,EW3,WEEKDAY,11,884.95,544.75
Simei,EW3,WEEKDAY,12,877.6,760.85
Simei,EW3,WEEKDAY,13,840.3,816.0
Simei,EW3,WEEKDAY,14,742.5,807.05
Simei,EW3,WEEKDAY,15,772.2,796.15
Simei,EW3,WEEKDAY,16,872.35,995.7
Simei,EW3,WEEKDAY,17,1331.85,1493.9
Simei,EW3,WEEKDAY,18,1457.5,2570.45
Simei,EW3,WEEKDAY,19,861.7,2111.6
Simei,EW3,WEEKDAY,20,572.8,1286.4
Simei,EW3,WEEKDAY,21,487.5,1115.95
Simei,EW3,WEEKDAY,22,277.3,885.95
Simei,EW3,WEEKDAY,23,80.7,435.6
Simei,EW3,WEEKENDS/HOLIDAY,0,4.4,90.7
Simei,EW3,WEEKENDS/HOLIDAY,5,88.1,4.8
Simei,EW3,WEEKENDS/HOLIDAY,6,270.0,130.0
Simei,EW3,WEEKENDS/HOLIDAY,7,477.8,333.0
Simei,EW3,WEEKENDS/HOLIDAY,8,753.3,367.1
Simei,EW3,WEEKENDS/HOLIDAY,9,847.1,400.4
Simei,EW3,WEEKENDS/HOLIDAY,10,840.3,463.8
Simei,EW3,WEEKENDS/HOLIDAY,11,852.1,544.7
Simei,EW3,WEEKENDS/HOLIDAY,12,829.2,653.7
Simei,EW3,WEEKENDS/HOLIDAY,13,809.1,736.1
Simei,EW3,WEEKENDS/HOLIDAY,14,718.2,760.5
Simei,EW3,WEEKENDS/HOLIDAY,15,690.5,728.1
Simei,EW3,WEEKENDS/HOLIDAY,16,721.6,800.4
Simei,EW3,WEEKENDS/HOLIDAY,17,852.4,948.9
Simei,EW3,WEEKENDS/HOLIDAY,18,808.1,1038.6
Simei,EW3,WEEKENDS/HOLIDAY,19,649.1,998.2
Simei,EW3,WEEKENDS/HOLIDAY,20,462.0,880.2
Simei,EW3,WEEKENDS/HOLIDAY,21,388.1,802.1
Simei,EW3,WEEKENDS/HOLIDAY,22,245.8,700.8
Simei,EW3,WEEKENDS/HOLIDAY,23,73.7,367.6
Sixth Avenue,DT7,WEEKDAY,0,1.35,13.2
Sixth Avenue,DT7,WEEKDAY,5,11.95,2.05
Sixth Avenue,DT7,WEEKDAY,6,78.3,141.2
Sixth Avenue,DT7,WEEKDAY,7,274.35,575.3
Sixth Avenue,DT7,WEEKDAY,8,436.4,858.5
Sixth Avenue,DT7,WEEKDAY,9,262.1,267.7
Sixth Avenue,DT7,WEEKDAY,10,166.45,149.65
Sixth Avenue,DT7,WEEKDAY,11,170.55,169.2
Sixth Avenue,DT7,WEEKDAY,12,174.2,179.15
Sixth Avenue,DT7,WEEKDAY,13,167.6,227.6
Sixth Avenue,DT7,WEEKDAY,14,150.0,237.1
Sixth Avenue,DT7,WEEKDAY,15,266.55,249.7
Sixth Avenue,DT7,WEEKDAY,16,371.0,274.4
Sixth Avenue,DT7,WEEKDAY,17,485.65,386.3
Sixth Avenue,DT7,WEEKDAY,18,485.8,557.85
Sixth Avenue,DT7,WEEKDAY,19,265.65,393.25
Sixth Avenue,DT7,WEEKDAY,20,112.1,209.1
Sixth Avenue,DT7,WEEKDAY,21,75.35,191.7
Sixth Avenue,DT7,WEEKDAY,22,72.65,140.8
Sixth Avenue,DT7,WEEKDAY,23,27.4,68.35
Sixth Avenue,DT7,WEEKENDS/HOLIDAY,0,1.1,14.1
Sixth Avenue,DT7,WEEKENDS/HOLIDAY,5,4.7,0.5
Sixth Avenue,DT7,WEEKENDS/HOLIDAY,6,32.3,57.3
Sixth Avenue,DT7,WEEKENDS/HOLIDAY,7,93.3,181.6
Sixth Avenue,DT7,WEEKENDS/HOLIDAY,8,186.3,181.1
Sixth Avenue,DT7,WEEKENDS/HOLIDAY,9,272.8,157.6
Sixth Avenue,DT7,WEEKENDS/HOLIDAY,10,262.8,154.8
Sixth Avenue,DT7,WEEKENDS/HOLIDAY,11,212.0,160.8
Sixth Avenue,DT7,WEEKENDS/HOLIDAY,12,233.4,169.8
Sixth Avenue,DT7,WEEKENDS/HOLIDAY,13,214.0,191.2
Sixth Avenue,DT7,WEEKENDS/HOLIDAY,14,170.8,191.5
Sixth Avenue,DT7,WEEKENDS/HOLIDAY,15,174.4,209.2
Sixth Avenue,DT7,WEEKENDS/HOLIDAY,16,188.8,238.3
Sixth Avenue,DT7,WEEKENDS/HOLIDAY,17,237.3,275.2
Sixth Avenue,DT7,WEEKENDS/HOLIDAY,18,250.7,312.8
Sixth Avenue,DT7,WEEKENDS/HOLIDAY,19,162.5,265.5
Sixth Avenue,DT7,WEEKENDS/HOLIDAY,20,94.3,211.5
Sixth Avenue,DT7,WEEKENDS/HOLIDAY,21,74.4,193.3
Sixth Avenue,DT7,WEEKENDS/HOLIDAY,22,81.9,148.1
Sixth Avenue,DT7,WEEKENDS/HOLIDAY,23,28.6,76.3
Somerset,NS23,WEEKDAY,0,20.5,9.8
Somerset,NS23,WEEKDAY,5,21.5,26.05
Somerset,NS23,WEEKDAY,6,153.6,496.65
Somerset,NS23,WEEKDAY,7,468.7,1261.6
Somerset,NS23,WEEKDAY,8,821.9,2649.45
Somerset,NS23,WEEKDAY,9,674.75,2727.45
Somerset,NS23,WEEKDAY,10,610.0,2149.2
Somerset,NS23,WEEKDAY,11,910.2,2252.0
Somerset,NS23,WEEKDAY,12,1284.05,2590.05
Somerset,NS23,WEEKDAY,13,2048.0,2188.35
Somerset,NS23,WEEKDAY,14,1817.75,2126.55
Somerset,NS23,WEEKDAY,15,2097.6,2035.1
Somerset,NS23,WEEKDAY,16,2390.75,2197.9
Somerset,NS23,WEEKDAY,17,3275.75,2758.35
Somerset,NS23,WEEKDAY,18,4003.8,4502.4
Somerset,NS23,WEEKDAY,19,2937.85,2670.2
Somerset,NS23,WEEKDAY,20,2943.9,1235.2
Somerset,NS23,WEEKDAY,21,3365.9,773.25
Somerset,NS23,WEEKDAY,22,2484.65,470.65
Somerset,NS23,WEEKDAY,23,903.4,190.5
Somerset,NS23,WEEKENDS/HOLIDAY,0,25.9,11.4
Somerset,NS23,WEEKENDS/HOLIDAY,5,15.2,11.2
Somerset,NS23,WEEKENDS/HOLIDAY,6,127.6,298.9
Somerset,NS23,WEEKENDS/HOLIDAY,7,187.7,761.0
Somerset,NS23,WEEKENDS/HOLIDAY,8,287.5,1088.4
Somerset,NS23,WEEKENDS/HOLIDAY,9,441.3,1988.1
Somerset,NS23,WEEKENDS/HOLIDAY,10,676.2,2410.2
Somerset,NS23,WEEKENDS/HOLIDAY,11,1014.3,2779.3
Somerset,NS23,WEEKENDS/HOLIDAY,12,1520.3,3219.1
Somerset,NS23,WEEKENDS/HOLIDAY,13,1984.7,3442.6
Somerset,NS23,WEEKENDS/HOLIDAY,14,2479.2,3293.8
Somerset,NS23,WEEKENDS/HOLIDAY,15,3027.6,3262.2
Somerset,NS23,WEEKENDS/HOLIDAY,16,3271.3,3134.4
Somerset,NS23,WEEKENDS/HOLIDAY,17,3505.3,3239.9
Somerset,NS23,WEEKENDS/HOLIDAY,18,3349.6,3009.1
Somerset,NS23,WEEKENDS/HOLIDAY,19,3221.9,2162.3
Somerset,NS23,WEEKENDS/HOLIDAY,20,3150.3,1267.8
Somerset,NS23,WEEKENDS/HOLIDAY,21,3427.4,824.5
Somerset,NS23,WEEKENDS/HOLIDAY,22,2740.1,572.9
Somerset,NS23,WEEKENDS/HOLIDAY,23,995.8,233.6
Springleaf,TE4,WEEKDAY,0,7.2,16.35
Springleaf,TE4,WEEKDAY,5,30.2,20.5
Springleaf,TE4,WEEKDAY,6,221.55,187.3
Springleaf,TE4,WEEKDAY,7,412.7,773.05
Springleaf,TE4,WEEKDAY,8,511.5,693.2
Springleaf,TE4,WEEKDAY,9,257.0,250.4
Springleaf,TE4,WEEKDAY,10,166.3,170.2
Springleaf,TE4,WEEKDAY,11,188.65,153.8
Springleaf,TE4,WEEKDAY,12,238.5,185.3
Springleaf,TE4,WEEKDAY,13,238.65,179.9
Springleaf,TE4,WEEKDAY,14,183.75,165.6
Springleaf,TE4,WEEKDAY,15,214.6,153.8
Springleaf,TE4,WEEKDAY,16,330.75,190.5
Springleaf,TE4,WEEKDAY,17,793.4,342.35
Springleaf,TE4,WEEKDAY,18,735.7,569.05
Springleaf,TE4,WEEKDAY,19,369.6,434.3
Springleaf,TE4,WEEKDAY,20,216.3,266.25
Springleaf,TE4,WEEKDAY,21,173.3,213.75
Springleaf,TE4,WEEKDAY,22,137.1,157.25
Springleaf,TE4,WEEKDAY,23,61.1,89.1
Springleaf,TE4,WEEKENDS/HOLIDAY,0,8.1,22.1
Springleaf,TE4,WEEKENDS/HOLIDAY,5,9.0,4.2
Springleaf,TE4,WEEKENDS/HOLIDAY,6,100.6,91.3
Springleaf,TE4,WEEKENDS/HOLIDAY,7,156.2,239.5
Springleaf,TE4,WEEKENDS/HOLIDAY,8,222.7,278.7
Springleaf,TE4,WEEKENDS/HOLIDAY,9,231.5,250.6
Springleaf,TE4,WEEKENDS/HOLIDAY,10,240.9,258.5
Springleaf,TE4,WEEKENDS/HOLIDAY,11,290.7,252.1
Springleaf,TE4,WEEKENDS/HOLIDAY,12,319.9,251.4
Springleaf,TE4,WEEKENDS/HOLIDAY,13,319.7,235.8
Springleaf,TE4,WEEKENDS/HOLIDAY,14,311.5,214.1
Springleaf,TE4,WEEKENDS/HOLIDAY,15,327.8,197.3
Springleaf,TE4,WEEKENDS/HOLIDAY,16,320.7,214.5
Springleaf,TE4,WEEKENDS/HOLIDAY,17,336.6,291.1
Springleaf,TE4,WEEKENDS/HOLIDAY,18,373.3,372.2
Springleaf,TE4,WEEKENDS/HOLIDAY,19,296.7,318.3
Springleaf,TE4,WEEKENDS/HOLIDAY,20,223.4,247.0
Springleaf,TE4,WEEKENDS/HOLIDAY,21,180.5,238.2
Springleaf,TE4,WEEKENDS/HOLIDAY,22,164.0,174.3
Springleaf,TE4,WEEKENDS/HOLIDAY,23,69.6,106.8
Stadium,CC6,WEEKDAY,0,5.75,2.4
Stadium,CC6,WEEKDAY,5,3.4,2.6
Stadium,CC6,WEEKDAY,6,36.0,167.35
Stadium,CC6,WEEKDAY,7,97.6,295.65
Stadium,CC6,WEEKDAY,8,218.0,634.7
Stadium,CC6,WEEKDAY,9,186.5,599.85
Stadium,CC6,WEEKDAY,10,203.55,381.95
Stadium,CC6,WEEKDAY,11,302.25,381.4
Stadium,CC6,WEEKDAY,12,403.8,500.85
Stadium,CC6,WEEKDAY,13,437.75,526.55
Stadium,CC6,WEEKDAY,14,350.95,544.95
Stadium,CC6,WEEKDAY,15,343.7,560.45
Stadium,CC6,WEEKDAY,16,502.5,722.8
Stadium,CC6,WEEKDAY,17,616.25,1024.65
Stadium,CC6,WEEKDAY,18,843.95,1680.75
Stadium,CC6,WEEKDAY,19,651.55,862.65
Stadium,CC6,WEEKDAY,20,796.2,251.25
Stadium,CC6,WEEKDAY,21,1044.15,121.05
Stadium,CC6,WEEKDAY,22,1559.8,62.75
Stadium,CC6,WEEKDAY,23,479.6,21.15
Stadium,CC6,WEEKENDS/HOLIDAY,0,5.1,2.5
Stadium,CC6,WEEKENDS/HOLIDAY,5,0.9,0.5
Stadium,CC6,WEEKENDS/HOLIDAY,6,6.4,27.7
Stadium,CC6,WEEKENDS/HOLIDAY,7,8.9,70.4
Stadium,CC6,WEEKENDS/HOLIDAY,8,88.2,171.1
Stadium,CC6,WEEKENDS/HOLIDAY,9,487.1,680.1
Stadium,CC6,WEEKENDS/HOLIDAY,10,547.3,715.3
Stadium,CC6,WEEKENDS/HOLIDAY,11,624.1,858.1
Stadium,CC6,WEEKENDS/HOLIDAY,12,712.0,960.9
Stadium,CC6,WEEKENDS/HOLIDAY,13,691.0,1128.1
Stadium,CC6,WEEKENDS/HOLIDAY,14,699.0,1269.1
Stadium,CC6,WEEKENDS/HOLIDAY,15,819.4,1423.4
Stadium,CC6,WEEKENDS/HOLIDAY,16,1010.0,1976.6
Stadium,CC6,WEEKENDS/HOLIDAY,17,1031.6,2811.2
Stadium,CC6,WEEKENDS/HOLIDAY,18,1104.3,2949.3
Stadium,CC6,WEEKENDS/HOLIDAY,19,1099.9,1317.0
Stadium,CC6,WEEKENDS/HOLIDAY,20,976.1,323.7
Stadium,CC6,WEEKENDS/HOLIDAY,21,2518.0,197.0
Stadium,CC6,WEEKENDS/HOLIDAY,22,4667.2,110.7
Stadium,CC6,WEEKENDS/HOLIDAY,23,844.7,34.4
Stevens,DT10,WEEKDAY,0,1.7,8.35
Stevens,TE11,WEEKDAY,0,3.25,14.05
Stevens,DT10,WEEKDAY,5,4.05,2.7
Stevens,TE11,WEEKDAY,5,8.1,2.45
Stevens,DT10,WEEKDAY,6,147.95,115.05
Stevens,TE11,WEEKDAY,6,135.65,96.25
Stevens,DT10,WEEKDAY,7,395.9,316.35
Stevens,TE11,WEEKDAY,7,365.25,327.55
Stevens,DT10,WEEKDAY,8,618.05,273.2
Stevens,TE11,WEEKDAY,8,591.3,324.9
Stevens,DT10,WEEKDAY,9,388.4,131.9
Stevens,TE11,WEEKDAY,9,333.65,157.85
Stevens,DT10,WEEKDAY,10,244.7,91.8
Stevens,TE11,WEEKDAY,10,213.75,119.95
Stevens,DT10,WEEKDAY,11,223.5,86.5
Stevens,TE11,WEEKDAY,11,217.8,115.6
Stevens,DT10,WEEKDAY,12,211.05,125.3
Stevens,TE11,WEEKDAY,12,209.55,150.1
Stevens,DT10,WEEKDAY,13,294.15,154.65
Stevens,TE11,WEEKDAY,13,253.0,189.15
Stevens,DT10,WEEKDAY,14,185.95,133.4
Stevens,TE11,WEEKDAY,14,175.95,164.9
Stevens,DT10,WEEKDAY,15,180.95,140.5
Stevens,TE11,WEEKDAY,15,186.35,203.95
Stevens,DT10,WEEKDAY,16,229.35,192.55
Stevens,TE11,WEEKDAY,16,242.8,237.4
Stevens,DT10,WEEKDAY,17,310.5,275.85
Stevens,TE11,WEEKDAY,17,330.3,337.4
Stevens,DT10,WEEKDAY,18,362.05,399.25
Stevens,TE11,WEEKDAY,18,410.65,499.7
Stevens,DT10,WEEKDAY,19,189.5,280.3
Stevens,TE11,WEEKDAY,19,238.0,339.3
Stevens,DT10,WEEKDAY,20,96.3,158.4
Stevens,TE11,WEEKDAY,20,136.7,221.1
Stevens,DT10,WEEKDAY,21,100.1,140.4
Stevens,TE11,WEEKDAY,21,107.65,223.65
Stevens,DT10,WEEKDAY,22,76.45,119.7
Stevens,TE11,WEEKDAY,22,93.4,186.95
Stevens,DT10,WEEKDAY,23,28.65,73.35
Stevens,TE11,WEEKDAY,23,52.55,113.05
Stevens,DT10,WEEKENDS/HOLIDAY,0,2.1,9.2
Stevens,TE11,WEEKENDS/HOLIDAY,0,4.5,17.3
Stevens,DT10,WEEKENDS/HOLIDAY,5,1.8,1.0
Stevens,TE11,WEEKENDS/HOLIDAY,5,2.9,0.6
Stevens,DT10,WEEKENDS/HOLIDAY,6,63.7,41.4
Stevens,TE11,WEEKENDS/HOLIDAY,6,77.0,44.8
Stevens,DT10,WEEKENDS/HOLIDAY,7,130.5,124.0
Stevens,TE11,WEEKENDS/HOLIDAY,7,132.0,136.5
Stevens,DT10,WEEKENDS/HOLIDAY,8,194.0,125.2
Stevens,TE11,WEEKENDS/HOLIDAY,8,186.1,164.6
Stevens,DT10,WEEKENDS/HOLIDAY,9,243.9,147.7
Stevens,TE11,WEEKENDS/HOLIDAY,9,224.0,175.3
Stevens,DT10,WEEKENDS/HOLIDAY,10,267.2,126.9
Stevens,TE11,WEEKENDS/HOLIDAY,10,233.0,158.9
Stevens,DT10,WEEKENDS/HOLIDAY,11,279.3,125.8
Stevens,TE11,WEEKENDS/HOLIDAY,11,250.5,157.5
Stevens,DT10,WEEKENDS/HOLIDAY,12,297.6,142.9
Stevens,TE11,WEEKENDS/HOLIDAY,12,284.5,163.3
Stevens,DT10,WEEKENDS/HOLIDAY,13,253.7,151.4
Stevens,TE11,WEEKENDS/HOLIDAY,13,237.2,199.8
Stevens,DT10,WEEKENDS/HOLIDAY,14,215.5,142.9
Stevens,TE11,WEEKENDS/HOLIDAY,14,186.4,197.0
Stevens,DT10,WEEKENDS/HOLIDAY,15,197.1,156.5
Stevens,TE11,WEEKENDS/HOLIDAY,15,185.2,203.3
Stevens,DT10,WEEKENDS/HOLIDAY,16,220.7,160.0
Stevens,TE11,WEEKENDS/HOLIDAY,16,209.5,218.2
Stevens,DT10,WEEKENDS/HOLIDAY,17,247.9,170.4
Stevens,TE11,WEEKENDS/HOLIDAY,17,248.3,241.8
Stevens,DT10,WEEKENDS/HOLIDAY,18,250.0,184.0
Stevens,TE11,WEEKENDS/HOLIDAY,18,253.0,244.6
Stevens,DT10,WEEKENDS/HOLIDAY,19,154.5,162.9
Stevens,TE11,WEEKENDS/HOLIDAY,19,190.3,233.1
Stevens,DT10,WEEKENDS/HOLIDAY,20,99.1,130.1
Stevens,TE11,WEEKENDS/HOLIDAY,20,114.3,194.0
Stevens,DT10,WEEKENDS/HOLIDAY,21,91.6,129.2
Stevens,TE11,WEEKENDS/HOLIDAY,21,90.5,202.0
Stevens,DT10,WEEKENDS/HOLIDAY,22,86.7,118.9
Stevens,TE11,WEEKENDS/HOLIDAY,22,94.2,192.8
Stevens,DT10,WEEKENDS/HOLIDAY,23,34.8,79.3
Stevens,TE11,WEEKENDS/HOLIDAY,23,58.1,130.6
Tai Seng,CC11,WEEKDAY,0,3.85,14.3
Tai Seng,CC11,WEEKDAY,5,66.35,53.1
Tai Seng,CC11,WEEKDAY,6,470.1,1111.85
Tai Seng,CC11,WEEKDAY,7,683.2,3026.15
Tai Seng,CC11,WEEKDAY,8,570.1,5875.25
Tai Seng,CC11,WEEKDAY,9,341.3,3388.65
Tai Seng,CC11,WEEKDAY,10,291.4,1019.85
Tai Seng,CC11,WEEKDAY,11,526.25,620.45
Tai Seng,CC11,WEEKDAY,12,799.85,640.8
Tai Seng,CC11,WEEKDAY,13,673.35,820.7
Tai Seng,CC11,WEEKDAY,14,639.6,592.15
Tai Seng,CC11,WEEKDAY,15,825.35,454.75
Tai Seng,CC11,WEEKDAY,16,1356.05,485.45
Tai Seng,CC11,WEEKDAY,17,4152.55,744.9
Tai Seng,CC11,WEEKDAY,18,5572.35,1201.2
Tai Seng,CC11,WEEKDAY,19,2348.95,979.75
Tai Seng,CC11,WEEKDAY,20,1198.15,505.25
Tai Seng,CC11,WEEKDAY,21,807.85,413.65
Tai Seng,CC11,WEEKDAY,22,458.95,315.1
Tai Seng,CC11,WEEKDAY,23,122.7,133.75
Tai Seng,CC11,WEEKENDS/HOLIDAY,0,2.8,14.8
Tai Seng,CC11,WEEKENDS/HOLIDAY,5,4.4,2.6
Tai Seng,CC11,WEEKENDS/HOLIDAY,6,48.6,58.5
Tai Seng,CC11,WEEKENDS/HOLIDAY,7,73.9,146.1
Tai Seng,CC11,WEEKENDS/HOLIDAY,8,143.8,249.2
Tai Seng,CC11,WEEKENDS/HOLIDAY,9,263.7,1100.2
Tai Seng,CC11,WEEKENDS/HOLIDAY,10,324.5,793.2
Tai Seng,CC11,WEEKENDS/HOLIDAY,11,475.5,584.3
Tai Seng,CC11,WEEKENDS/HOLIDAY,12,763.7,699.7
Tai Seng,CC11,WEEKENDS/HOLIDAY,13,897.5,731.8
Tai Seng,CC11,WEEKENDS/HOLIDAY,14,832.0,612.8
Tai Seng,CC11,WEEKENDS/HOLIDAY,15,867.9,549.4
Tai Seng,CC11,WEEKENDS/HOLIDAY,16,1025.9,600.0
Tai Seng,CC11,WEEKENDS/HOLIDAY,17,1243.1,674.9
Tai Seng,CC11,WEEKENDS/HOLIDAY,18,1064.8,724.1
Tai Seng,CC11,WEEKENDS/HOLIDAY,19,865.7,663.5
Tai Seng,CC11,WEEKENDS/HOLIDAY,20,678.5,499.5
Tai Seng,CC11,WEEKENDS/HOLIDAY,21,536.4,410.5
Tai Seng,CC11,WEEKENDS/HOLIDAY,22,306.0,322.9
Tai Seng,CC11,WEEKENDS/HOLIDAY,23,66.0,185.1
Tampines,EW2/DT32,WEEKDAY,0,39.4,259.9
Tampines,EW2/DT32,WEEKDAY,5,672.45,94.55
Tampines,EW2/DT32,WEEKDAY,6,2382.5,1090.5
Tampines,EW2/DT32,WEEKDAY,7,5647.55,2586.75
Tampines,EW2/DT32,WEEKDAY,8,7198.15,2892.6
Tampines,EW2/DT32,WEEKDAY,9,3609.8,2135.3
Tampines,EW2/DT32,WEEKDAY,10,2353.35,1740.0
Tampines,EW2/DT32,WEEKDAY,11,2139.75,1941.95
Tampines,EW2/DT32,WEEKDAY,12,2466.2,2399.6
Tampines,EW2/DT32,WEEKDAY,13,2593.4,2466.2
Tampines,EW2/DT32,WEEKDAY,14,2240.6,2421.15
Tampines,EW2/DT32,WEEKDAY,15,2163.3,2501.05
Tampines,EW2/DT32,WEEKDAY,16,2466.35,3266.25
Tampines,EW2/DT32,WEEKDAY,17,3599.8,5432.35
Tampines,EW2/DT32,WEEKDAY,18,4884.0,9219.6
Tampines,EW2/DT32,WEEKDAY,19,3350.65,6155.55
Tampines,EW2/DT32,WEEKDAY,20,2411.55,3332.55
Tampines,EW2/DT32,WEEKDAY,21,2168.9,2537.55
Tampines,EW2/DT32,WEEKDAY,22,1184.8,2190.25
Tampines,EW2/DT32,WEEKDAY,23,338.95,1126.3
Tampines,EW2/DT32,WEEKENDS/HOLIDAY,0,56.5,274.0
Tampines,EW2/DT32,WEEKENDS/HOLIDAY,5,273.5,61.3
Tampines,EW2/DT32,WEEKENDS/HOLIDAY,6,1001.3,541.7
Tampines,EW2/DT32,WEEKENDS/HOLIDAY,7,1719.8,1202.3
Tampines,EW2/DT32,WEEKENDS/HOLIDAY,8,2397.3,1655.4
Tampines,EW2/DT32,WEEKENDS/HOLIDAY,9,2841.7,1934.1
Tampines,EW2/DT32,WEEKENDS/HOLIDAY,10,2854.1,2261.0
Tampines,EW2/DT32,WEEKENDS/HOLIDAY,11,2970.2,2528.6
Tampines,EW2/DT32,WEEKENDS/HOLIDAY,12,3137.8,2821.6
Tampines,EW2/DT32,WEEKENDS/HOLIDAY,13,3310.3,3088.5
Tampines,EW2/DT32,WEEKENDS/HOLIDAY,14,3210.8,3021.8
Tampines,EW2/DT32,WEEKENDS/HOLIDAY,15,3047.6,3135.7
Tampines,EW2/DT32,WEEKENDS/HOLIDAY,16,3261.3,3439.5
Tampines,EW2/DT32,WEEKENDS/HOLIDAY,17,3410.0,4016.4
Tampines,EW2/DT32,WEEKENDS/HOLIDAY,18,3431.8,4108.4
Tampines,EW2/DT32,WEEKENDS/HOLIDAY,19,2932.6,3656.2
Tampines,EW2/DT32,WEEKENDS/HOLIDAY,20,2387.3,2845.6
Tampines,EW2/DT32,WEEKENDS/HOLIDAY,21,2233.0,2432.7
Tampines,EW2/DT32,WEEKENDS/HOLIDAY,22,1336.3,2277.0
Tampines,EW2/DT32,WEEKENDS/HOLIDAY,23,434.7,1273.6
Tampines East,DT33,WEEKDAY,0,1.25,143.25
Tampines East,DT33,WEEKDAY,5,305.3,4.15
Tampines East,DT33,WEEKDAY,6,1331.25,358.55
Tampines East,DT33,WEEKDAY,7,3332.05,1021.85
Tampines East,DT33,WEEKDAY,8,4037.25,685.85
Tampines East,DT33,WEEKDAY,9,1889.75,324.4
Tampines East,DT33,WEEKDAY,10,1049.9,229.55
Tampines East,DT33,WEEKDAY,11,810.65,266.85
Tampines East,DT33,WEEKDAY,12,768.65,428.65
Tampines East,DT33,WEEKDAY,13,667.25,537.6
Tampines East,DT33,WEEKDAY,14,535.45,534.4
Tampines East,DT33,WEEKDAY,15,456.65,598.5
Tampines East,DT33,WEEKDAY,16,602.85,803.0
Tampines East,DT33,WEEKDAY,17,966.6,1565.85
Tampines East,DT33,WEEKDAY,18,1181.6,3093.15
Tampines East,DT33,WEEKDAY,19,644.65,2360.45
Tampines East,DT33,WEEKDAY,20,363.65,1536.95
Tampines East,DT33,WEEKDAY,21,264.5,1275.75
Tampines East,DT33,WEEKDAY,22,172.15,1138.15
Tampines East,DT33,WEEKDAY,23,66.3,667.1
Tampines East,DT33,WEEKENDS/HOLIDAY,0,1.0,189.0
Tampines East,DT33,WEEKENDS/HOLIDAY,5,128.9,1.9
Tampines East,DT33,WEEKENDS/HOLIDAY,6,469.7,145.5
Tampines East,DT33,WEEKENDS/HOLIDAY,7,823.4,355.4
Tampines East,DT33,WEEKENDS/HOLIDAY,8,1020.1,322.5
Tampines East,DT33,WEEKENDS/HOLIDAY,9,1132.9,315.7
Tampines East,DT33,WEEKENDS/HOLIDAY,10,1102.6,302.9
Tampines East,DT33,WEEKENDS/HOLIDAY,11,1034.1,354.6
Tampines East,DT33,WEEKENDS/HOLIDAY,12,990.4,480.4
Tampines East,DT33,WEEKENDS/HOLIDAY,13,903.6,625.5
Tampines East,DT33,WEEKENDS/HOLIDAY,14,774.1,668.4
Tampines East,DT33,WEEKENDS/HOLIDAY,15,732.8,724.2
Tampines East,DT33,WEEKENDS/HOLIDAY,16,844.1,758.3
Tampines East,DT33,WEEKENDS/HOLIDAY,17,990.8,875.5
Tampines East,DT33,WEEKENDS/HOLIDAY,18,871.4,1003.9
Tampines East,DT33,WEEKENDS/HOLIDAY,19,616.4,1068.9
Tampines East,DT33,WEEKENDS/HOLIDAY,20,349.7,1108.0
Tampines East,DT33,WEEKENDS/HOLIDAY,21,270.8,1231.3
Tampines East,DT33,WEEKENDS/HOLIDAY,22,201.6,1171.7
Tampines East,DT33,WEEKENDS/HOLIDAY,23,78.8,710.3
Tampines West,DT31,WEEKDAY,0,2.5,44.75
Tampines West,DT31,WEEKDAY,5,119.7,3.8
Tampines West,DT31,WEEKDAY,6,571.95,182.8
Tampines West,DT31,WEEKDAY,7,1374.85,533.95
Tampines West,DT31,WEEKDAY,8,1795.6,948.15
Tampines West,DT31,WEEKDAY,9,808.5,397.8
Tampines West,DT31,WEEKDAY,10,408.8,233.85
Tampines West,DT31,WEEKDAY,11,382.75,229.75
Tampines West,DT31,WEEKDAY,12,404.9,380.95
Tampines West,DT31,WEEKDAY,13,416.6,376.95
Tampines West,DT31,WEEKDAY,14,295.3,319.1
Tampines West,DT31,WEEKDAY,15,406.7,333.0
Tampines West,DT31,WEEKDAY,16,470.8,447.85
Tampines West,DT31,WEEKDAY,17,661.05,841.5
Tampines West,DT31,WEEKDAY,18,688.5,1718.15
Tampines West,DT31,WEEKDAY,19,360.4,1200.1
Tampines West,DT31,WEEKDAY,20,240.55,713.45
Tampines West,DT31,WEEKDAY,21,245.65,603.05
Tampines West,DT31,WEEKDAY,22,171.85,516.0
Tampines West,DT31,WEEKDAY,23,54.95,273.8
Tampines West,DT31,WEEKENDS/HOLIDAY,0,1.8,57.6
Tampines West,DT31,WEEKENDS/HOLIDAY,5,47.4,0.9
Tampines West,DT31,WEEKENDS/HOLIDAY,6,249.3,92.7
Tampines West,DT31,WEEKENDS/HOLIDAY,7,363.9,186.6
Tampines West,DT31,WEEKENDS/HOLIDAY,8,470.8,244.2
Tampines West,DT31,WEEKENDS/HOLIDAY,9,496.3,245.0
Tampines West,DT31,WEEKENDS/HOLIDAY,10,476.7,231.4
Tampines West,DT31,WEEKENDS/HOLIDAY,11,482.8,279.9
Tampines West,DT31,WEEKENDS/HOLIDAY,12,509.4,339.8
Tampines West,DT31,WEEKENDS/HOLIDAY,13,467.5,383.9
Tampines West,DT31,WEEKENDS/HOLIDAY,14,397.0,394.2
Tampines West,DT31,WEEKENDS/HOLIDAY,15,394.3,403.3
Tampines West,DT31,WEEKENDS/HOLIDAY,16,443.0,457.4
Tampines West,DT31,WEEKENDS/HOLIDAY,17,502.9,532.2
Tampines West,DT31,WEEKENDS/HOLIDAY,18,459.3,582.9
Tampines West,DT31,WEEKENDS/HOLIDAY,19,324.3,577.6
Tampines West,DT31,WEEKENDS/HOLIDAY,20,219.0,565.7
Tampines West,DT31,WEEKENDS/HOLIDAY,21,240.0,530.4
Tampines West,DT31,WEEKENDS/HOLIDAY,22,140.3,518.7
Tampines West,DT31,WEEKENDS/HOLIDAY,23,58.0,301.5
Tan Kah Kee,DT8,WEEKDAY,0,0.75,7.4
Tan Kah Kee,DT8,WEEKDAY,5,7.75,8.1
Tan Kah Kee,DT8,WEEKDAY,6,72.75,176.95
Tan Kah Kee,DT8,WEEKDAY,7,348.75,749.2
Tan Kah Kee,DT8,WEEKDAY,8,441.75,448.35
Tan Kah Kee,DT8,WEEKDAY,9,332.5,216.2
Tan Kah Kee,DT8,WEEKDAY,10,289.65,168.75
Tan Kah Kee,DT8,WEEKDAY,11,347.8,131.3
Tan Kah Kee,DT8,WEEKDAY,12,269.25,195.8
Tan Kah Kee,DT8,WEEKDAY,13,390.3,320.85
Tan Kah Kee,DT8,WEEKDAY,14,227.8,207.2
Tan Kah Kee,DT8,WEEKDAY,15,238.2,217.6
Tan Kah Kee,DT8,WEEKDAY,16,403.65,241.6
Tan Kah Kee,DT8,WEEKDAY,17,442.25,320.3
Tan Kah Kee,DT8,WEEKDAY,18,433.15,419.2
Tan Kah Kee,DT8,WEEKDAY,19,251.05,317.25
Tan Kah Kee,DT8,WEEKDAY,20,104.65,151.05
Tan Kah Kee,DT8,WEEKDAY,21,92.0,143.35
Tan Kah Kee,DT8,WEEKDAY,22,55.45,106.3
Tan Kah Kee,DT8,WEEKDAY,23,16.4,48.1
Tan Kah Kee,DT8,WEEKENDS/HOLIDAY,0,1.0,11.0
Tan Kah Kee,DT8,WEEKENDS/HOLIDAY,5,4.7,1.6
Tan Kah Kee,DT8,WEEKENDS/HOLIDAY,6,33.5,45.0
Tan Kah Kee,DT8,WEEKENDS/HOLIDAY,7,83.4,134.6
Tan Kah Kee,DT8,WEEKENDS/HOLIDAY,8,200.2,163.5
Tan Kah Kee,DT8,WEEKENDS/HOLIDAY,9,276.0,142.2
Tan Kah Kee,DT8,WEEKENDS/HOLIDAY,10,237.2,143.4
Tan Kah Kee,DT8,WEEKENDS/HOLIDAY,11,222.8,151.0
Tan Kah Kee,DT8,WEEKENDS/HOLIDAY,12,216.8,148.4
Tan Kah Kee,DT8,WEEKENDS/HOLIDAY,13,201.7,180.0
Tan Kah Kee,DT8,WEEKENDS/HOLIDAY,14,166.7,184.4
Tan Kah Kee,DT8,WEEKENDS/HOLIDAY,15,163.4,175.8
Tan Kah Kee,DT8,WEEKENDS/HOLIDAY,16,191.2,210.4
Tan Kah Kee,DT8,WEEKENDS/HOLIDAY,17,216.8,249.6
Tan Kah Kee,DT8,WEEKENDS/HOLIDAY,18,222.3,269.5
Tan Kah Kee,DT8,WEEKENDS/HOLIDAY,19,147.7,233.1
Tan Kah Kee,DT8,WEEKENDS/HOLIDAY,20,80.5,179.8
Tan Kah Kee,DT8,WEEKENDS/HOLIDAY,21,75.7,147.7
Tan Kah Kee,DT8,WEEKENDS/HOLIDAY,22,56.5,108.7
Tan Kah Kee,DT8,WEEKENDS/HOLIDAY,23,19.1,56.1
Tanah Merah,EW4,WEEKDAY,0,2.95,120.45
Tanah Merah,EW4,WEEKDAY,5,217.3,24.75
Tanah Merah,EW4,WEEKDAY,6,735.1,434.7
Tanah Merah,EW4,WEEKDAY,7,1704.95,1803.1
Tanah Merah,EW4,WEEKDAY,8,2334.85,1132.35
Tanah Merah,EW4,WEEKDAY,9,1151.5,558.2
Tanah Merah,EW4,WEEKDAY,10,751.0,312.75
Tanah Merah,EW4,WEEKDAY,11,702.95,310.2
Tanah Merah,EW4,WEEKDAY,12,735.4,438.05
Tanah Merah,EW4,WEEKDAY,13,602.8,514.5
Tanah Merah,EW4,WEEKDAY,14,559.9,508.25
Tanah Merah,EW4,WEEKDAY,15,598.65,555.65
Tanah Merah,EW4,WEEKDAY,16,788.5,704.75
Tanah Merah,EW4,WEEKDAY,17,1613.95,944.15
Tanah Merah,EW4,WEEKDAY,18,1821.3,1721.9
Tanah Merah,EW4,WEEKDAY,19,827.75,1557.7
Tanah Merah,EW4,WEEKDAY,20,455.9,1002.2
Tanah Merah,EW4,WEEKDAY,21,287.0,968.85
Tanah Merah,EW4,WEEKDAY,22,212.8,799.7
Tanah Merah,EW4,WEEKDAY,23,66.75,451.5
Tanah Merah,EW4,WEEKENDS/HOLIDAY,0,4.0,105.6
Tanah Merah,EW4,WEEKENDS/HOLIDAY,5,92.2,7.8
Tanah Merah,EW4,WEEKENDS/HOLIDAY,6,333.6,147.4
Tanah Merah,EW4,WEEKENDS/HOLIDAY,7,484.0,510.1
Tanah Merah,EW4,WEEKENDS/HOLIDAY,8,732.7,395.3
Tanah Merah,EW4,WEEKENDS/HOLIDAY,9,801.8,347.6
Tanah Merah,EW4,WEEKENDS/HOLIDAY,10,786.5,327.0
Tanah Merah,EW4,WEEKENDS/HOLIDAY,11,740.6,320.8
Tanah Merah,EW4,WEEKENDS/HOLIDAY,12,748.6,391.0
Tanah Merah,EW4,WEEKENDS/HOLIDAY,13,629.7,454.6
Tanah Merah,EW4,WEEKENDS/HOLIDAY,14,558.0,495.6
Tanah Merah,EW4,WEEKENDS/HOLIDAY,15,542.5,538.1
Tanah Merah,EW4,WEEKENDS/HOLIDAY,16,607.1,579.7
Tanah Merah,EW4,WEEKENDS/HOLIDAY,17,776.2,698.8
Tanah Merah,EW4,WEEKENDS/HOLIDAY,18,694.9,798.0
Tanah Merah,EW4,WEEKENDS/HOLIDAY,19,518.1,765.6
Tanah Merah,EW4,WEEKENDS/HOLIDAY,20,349.7,728.5
Tanah Merah,EW4,WEEKENDS/HOLIDAY,21,235.1,720.3
Tanah Merah,EW4,WEEKENDS/HOLIDAY,22,196.8,639.7
Tanah Merah,EW4,WEEKENDS/HOLIDAY,23,64.0,385.4
Tanjong Katong,TE25,WEEKDAY,0,1.15,11.5
Tanjong Katong,TE25,WEEKDAY,5,5.05,0.05
Tanjong Katong,TE25,WEEKDAY,6,61.65,23.5
Tanjong Katong,TE25,WEEKDAY,7,253.9,87.9
Tanjong Katong,TE25,WEEKDAY,8,444.05,117.6
Tanjong Katong,TE25,WEEKDAY,9,302.0,96.4
Tanjong Katong,TE25,WEEKDAY,10,153.5,75.7
Tanjong Katong,TE25,WEEKDAY,11,146.95,92.0
Tanjong Katong,TE25,WEEKDAY,12,147.2,123.3
Tanjong Katong,TE25,WEEKDAY,13,117.6,147.85
Tanjong Katong,TE25,WEEKDAY,14,107.75,141.1
Tanjong Katong,TE25,WEEKDAY,15,100.85,159.05
Tanjong Katong,TE25,WEEKDAY,16,141.15,191.1
Tanjong Katong,TE25,WEEKDAY,17,165.95,267.9
Tanjong Katong,TE25,WEEKDAY,18,209.25,418.9
Tanjong Katong,TE25,WEEKDAY,19,119.45,329.95
Tanjong Katong,TE25,WEEKDAY,20,73.65,183.05
Tanjong Katong,TE25,WEEKDAY,21,48.35,139.05
Tanjong Katong,TE25,WEEKDAY,22,37.45,101.95
Tanjong Katong,TE25,WEEKDAY,23,13.4,49.95
Tanjong Katong,TE25,WEEKENDS/HOLIDAY,0,0.5,11.7
Tanjong Katong,TE25,WEEKENDS/HOLIDAY,5,1.1,0.0
Tanjong Katong,TE25,WEEKENDS/HOLIDAY,6,30.7,12.6
Tanjong Katong,TE25,WEEKENDS/HOLIDAY,7,83.9,66.4
Tanjong Katong,TE25,WEEKENDS/HOLIDAY,8,160.6,81.2
Tanjong Katong,TE25,WEEKENDS/HOLIDAY,9,205.1,97.1
Tanjong Katong,TE25,WEEKENDS/HOLIDAY,10,212.5,108.4
Tanjong Katong,TE25,WEEKENDS/HOLIDAY,11,212.2,138.3
Tanjong Katong,TE25,WEEKENDS/HOLIDAY,12,180.5,163.0
Tanjong Katong,TE25,WEEKENDS/HOLIDAY,13,162.2,159.4
Tanjong Katong,TE25,WEEKENDS/HOLIDAY,14,139.8,157.0
Tanjong Katong,TE25,WEEKENDS/HOLIDAY,15,140.6,174.5
Tanjong Katong,TE25,WEEKENDS/HOLIDAY,16,157.4,172.2
Tanjong Katong,TE25,WEEKENDS/HOLIDAY,17,175.8,193.1
Tanjong Katong,TE25,WEEKENDS/HOLIDAY,18,189.1,197.4
Tanjong Katong,TE25,WEEKENDS/HOLIDAY,19,150.8,200.4
Tanjong Katong,TE25,WEEKENDS/HOLIDAY,20,90.0,174.5
Tanjong Katong,TE25,WEEKENDS/HOLIDAY,21,59.5,131.2
Tanjong Katong,TE25,WEEKENDS/HOLIDAY,22,46.5,103.8
Tanjong Katong,TE25,WEEKENDS/HOLIDAY,23,16.1,49.9
Tanjong Pagar,EW15,WEEKDAY,0,8.0,9.5
Tanjong Pagar,EW15,WEEKDAY,5,42.25,34.1
Tanjong Pagar,EW15,WEEKDAY,6,200.15,1409.75
Tanjong Pagar,EW15,WEEKDAY,7,507.6,3303.4
Tanjong Pagar,EW15,WEEKDAY,8,887.45,10144.8
Tanjong Pagar,EW15,WEEKDAY,9,707.7,8275.1
Tanjong Pagar,EW15,WEEKDAY,10,688.4,3202.3
Tanjong Pagar,EW15,WEEKDAY,11,1190.55,1976.7
Tanjong Pagar,EW15,WEEKDAY,12,1566.5,1777.15
Tanjong Pagar,EW15,WEEKDAY,13,1639.95,1853.55
Tanjong Pagar,EW15,WEEKDAY,14,1472.2,1347.5
Tanjong Pagar,EW15,WEEKDAY,15,1534.2,943.55
Tanjong Pagar,EW15,WEEKDAY,16,2113.5,943.1
Tanjong Pagar,EW15,WEEKDAY,17,5860.85,1461.85
Tanjong Pagar,EW15,WEEKDAY,18,10446.95,2564.55
Tanjong Pagar,EW15,WEEKDAY,19,4787.7,1390.4
Tanjong Pagar,EW15,WEEKDAY,20,2980.95,569.7
Tanjong Pagar,EW15,WEEKDAY,21,2437.25,436.05
Tanjong Pagar,EW15,WEEKDAY,22,1518.85,350.0
Tanjong Pagar,EW15,WEEKDAY,23,597.6,155.4
Tanjong Pagar,EW15,WEEKENDS/HOLIDAY,0,6.2,9.8
Tanjong Pagar,EW15,WEEKENDS/HOLIDAY,5,23.0,8.0
Tanjong Pagar,EW15,WEEKENDS/HOLIDAY,6,126.5,395.3
Tanjong Pagar,EW15,WEEKENDS/HOLIDAY,7,232.4,836.4
Tanjong Pagar,EW15,WEEKENDS/HOLIDAY,8,285.5,1203.5
Tanjong Pagar,EW15,WEEKENDS/HOLIDAY,9,402.9,1348.2
Tanjong Pagar,EW15,WEEKENDS/HOLIDAY,10,562.6,1371.0
Tanjong Pagar,EW15,WEEKENDS/HOLIDAY,11,767.6,1400.6
Tanjong Pagar,EW15,WEEKENDS/HOLIDAY,12,1061.6,1431.8
Tanjong Pagar,EW15,WEEKENDS/HOLIDAY,13,1155.4,1252.1
Tanjong Pagar,EW15,WEEKENDS/HOLIDAY,14,1336.2,1056.3
Tanjong Pagar,EW15,WEEKENDS/HOLIDAY,15,1291.3,975.9
Tanjong Pagar,EW15,WEEKENDS/HOLIDAY,16,1377.0,904.6
Tanjong Pagar,EW15,WEEKENDS/HOLIDAY,17,1484.5,1046.6
Tanjong Pagar,EW15,WEEKENDS/HOLIDAY,18,1289.7,1150.6
Tanjong Pagar,EW15,WEEKENDS/HOLIDAY,19,1163.4,794.2
Tanjong Pagar,EW15,WEEKENDS/HOLIDAY,20,1010.9,490.3
Tanjong Pagar,EW15,WEEKENDS/HOLIDAY,21,1037.4,441.7
Tanjong Pagar,EW15,WEEKENDS/HOLIDAY,22,902.2,368.3
Tanjong Pagar,EW15,WEEKENDS/HOLIDAY,23,443.4,173.3
Tanjong Rhu,TE23,WEEKDAY,0,1.8,12.35
Tanjong Rhu,TE23,WEEKDAY,5,4.1,0.75
Tanjong Rhu,TE23,WEEKDAY,6,79.5,44.3
Tanjong Rhu,TE23,WEEKDAY,7,228.4,93.5
Tanjong Rhu,TE23,WEEKDAY,8,376.95,108.55
Tanjong Rhu,TE23,WEEKDAY,9,285.5,81.05
Tanjong Rhu,TE23,WEEKDAY,10,175.9,69.85
Tanjong Rhu,TE23,WEEKDAY,11,149.95,69.9
Tanjong Rhu,TE23,WEEKDAY,12,132.4,118.65
Tanjong Rhu,TE23,WEEKDAY,13,109.35,125.2
Tanjong Rhu,TE23,WEEKDAY,14,87.6,139.15
Tanjong Rhu,TE23,WEEKDAY,15,83.2,162.55
Tanjong Rhu,TE23,WEEKDAY,16,120.95,199.15
Tanjong Rhu,TE23,WEEKDAY,17,162.8,256.95
Tanjong Rhu,TE23,WEEKDAY,18,178.75,414.45
Tanjong Rhu,TE23,WEEKDAY,19,134.05,321.35
Tanjong Rhu,TE23,WEEKDAY,20,90.75,188.8
Tanjong Rhu,TE23,WEEKDAY,21,78.1,136.7
Tanjong Rhu,TE23,WEEKDAY,22,144.45,94.65
Tanjong Rhu,TE23,WEEKDAY,23,90.55,47.85
Tanjong Rhu,TE23,WEEKENDS/HOLIDAY,0,3.0,14.2
Tanjong Rhu,TE23,WEEKENDS/HOLIDAY,5,2.1,0.4
Tanjong Rhu,TE23,WEEKENDS/HOLIDAY,6,51.1,89.7
Tanjong Rhu,TE23,WEEKENDS/HOLIDAY,7,78.9,211.1
Tanjong Rhu,TE23,WEEKENDS/HOLIDAY,8,165.3,206.6
Tanjong Rhu,TE23,WEEKENDS/HOLIDAY,9,197.7,117.2
Tanjong Rhu,TE23,WEEKENDS/HOLIDAY,10,222.4,107.9
Tanjong Rhu,TE23,WEEKENDS/HOLIDAY,11,218.0,131.7
Tanjong Rhu,TE23,WEEKENDS/HOLIDAY,12,199.5,151.1
Tanjong Rhu,TE23,WEEKENDS/HOLIDAY,13,180.9,170.3
Tanjong Rhu,TE23,WEEKENDS/HOLIDAY,14,155.2,191.8
Tanjong Rhu,TE23,WEEKENDS/HOLIDAY,15,155.5,200.2
Tanjong Rhu,TE23,WEEKENDS/HOLIDAY,16,164.6,226.7
Tanjong Rhu,TE23,WEEKENDS/HOLIDAY,17,209.8,276.7
Tanjong Rhu,TE23,WEEKENDS/HOLIDAY,18,218.5,332.8
Tanjong Rhu,TE23,WEEKENDS/HOLIDAY,19,203.8,297.2
Tanjong Rhu,TE23,WEEKENDS/HOLIDAY,20,123.5,198.8
Tanjong Rhu,TE23,WEEKENDS/HOLIDAY,21,206.5,167.5
Tanjong Rhu,TE23,WEEKENDS/HOLIDAY,22,694.9,118.1
Tanjong Rhu,TE23,WEEKENDS/HOLIDAY,23,211.0,62.2
Telok Ayer,DT18,WEEKDAY,0,20.0,8.55
Telok Ayer,DT18,WEEKDAY,5,1.65,0.0
Telok Ayer,DT18,WEEKDAY,6,36.05,461.8
Telok Ayer,DT18,WEEKDAY,7,90.65,1337.3
Telok Ayer,DT18,WEEKDAY,8,250.5,4655.35
Telok Ayer,DT18,WEEKDAY,9,255.35,4208.8
Telok Ayer,DT18,WEEKDAY,10,274.6,1364.85
Telok Ayer,DT18,WEEKDAY,11,611.25,902.8
Telok Ayer,DT18,WEEKDAY,12,785.45,987.7
Telok Ayer,DT18,WEEKDAY,13,895.8,860.25
Telok Ayer,DT18,WEEKDAY,14,604.7,553.75
Telok Ayer,DT18,WEEKDAY,15,634.05,388.7
Telok Ayer,DT18,WEEKDAY,16,890.45,381.9
Telok Ayer,DT18,WEEKDAY,17,2621.4,567.35
Telok Ayer,DT18,WEEKDAY,18,4529.05,1018.6
Telok Ayer,DT18,WEEKDAY,19,2197.5,571.2
Telok Ayer,DT18,WEEKDAY,20,1214.3,305.2
Telok Ayer,DT18,WEEKDAY,21,961.1,227.2
Telok Ayer,DT18,WEEKDAY,22,729.85,145.7
Telok Ayer,DT18,WEEKDAY,23,355.95,80.65
Telok Ayer,DT18,WEEKENDS/HOLIDAY,0,14.9,16.4
Telok Ayer,DT18,WEEKENDS/HOLIDAY,5,2.4,0.0
Telok Ayer,DT18,WEEKENDS/HOLIDAY,6,32.9,109.7
Telok Ayer,DT18,WEEKENDS/HOLIDAY,7,46.9,204.1
Telok Ayer,DT18,WEEKENDS/HOLIDAY,8,81.7,318.8
Telok Ayer,DT18,WEEKENDS/HOLIDAY,9,140.6,419.8
Telok Ayer,DT18,WEEKENDS/HOLIDAY,10,218.2,483.4
Telok Ayer,DT18,WEEKENDS/HOLIDAY,11,315.5,519.6
Telok Ayer,DT18,WEEKENDS/HOLIDAY,12,374.4,504.5
Telok Ayer,DT18,WEEKENDS/HOLIDAY,13,428.9,419.1
Telok Ayer,DT18,WEEKENDS/HOLIDAY,14,460.6,336.5
Telok Ayer,DT18,WEEKENDS/HOLIDAY,15,435.7,302.7
Telok Ayer,DT18,WEEKENDS/HOLIDAY,16,396.8,303.0
Telok Ayer,DT18,WEEKENDS/HOLIDAY,17,390.5,382.0
Telok Ayer,DT18,WEEKENDS/HOLIDAY,18,377.4,481.9
Telok Ayer,DT18,WEEKENDS/HOLIDAY,19,385.5,396.3
Telok Ayer,DT18,WEEKENDS/HOLIDAY,20,352.9,320.1
Telok Ayer,DT18,WEEKENDS/HOLIDAY,21,376.7,259.0
Telok Ayer,DT18,WEEKENDS/HOLIDAY,22,421.7,238.4
Telok Ayer,DT18,WEEKENDS/HOLIDAY,23,256.6,111.2
Telok Blangah,CC28,WEEKDAY,0,0.15,3.9
Telok Blangah,CC28,WEEKDAY,5,60.5,1.1
Telok Blangah,CC28,WEEKDAY,6,243.0,81.15
Telok Blangah,CC28,WEEKDAY,7,463.65,244.65
Telok Blangah,CC28,WEEKDAY,8,574.2,448.45
Telok Blangah,CC28,WEEKDAY,9,360.3,390.3
Telok Blangah,CC28,WEEKDAY,10,196.35,156.05
Telok Blangah,CC28,WEEKDAY,11,188.5,102.65
Telok Blangah,CC28,WEEKDAY,12,188.35,136.7
Telok Blangah,CC28,WEEKDAY,13,178.2,143.15
Telok Blangah,CC28,WEEKDAY,14,137.3,145.1
Telok Blangah,CC28,WEEKDAY,15,127.3,157.15
Telok Blangah,CC28,WEEKDAY,16,162.6,206.8
Telok Blangah,CC28,WEEKDAY,17,281.0,332.9
Telok Blangah,CC28,WEEKDAY,18,353.35,522.85
Telok Blangah,CC28,WEEKDAY,19,181.95,411.3
Telok Blangah,CC28,WEEKDAY,20,92.2,289.15
Telok Blangah,CC28,WEEKDAY,21,72.7,257.65
Telok Blangah,CC28,WEEKDAY,22,53.8,205.6
Telok Blangah,CC28,WEEKDAY,23,11.05,65.4
Telok Blangah,CC28,WEEKENDS/HOLIDAY,0,0.0,1.5
Telok Blangah,CC28,WEEKENDS/HOLIDAY,5,3.1,0.1
Telok Blangah,CC28,WEEKENDS/HOLIDAY,6,7.3,4.6
Telok Blangah,CC28,WEEKENDS/HOLIDAY,7,22.9,20.7
Telok Blangah,CC28,WEEKENDS/HOLIDAY,8,89.0,42.0
Telok Blangah,CC28,WEEKENDS/HOLIDAY,9,240.9,100.4
Telok Blangah,CC28,WEEKENDS/HOLIDAY,10,249.6,109.4
Telok Blangah,CC28,WEEKENDS/HOLIDAY,11,238.2,130.1
Telok Blangah,CC28,WEEKENDS/HOLIDAY,12,232.8,157.9
Telok Blangah,CC28,WEEKENDS/HOLIDAY,13,199.3,180.4
Telok Blangah,CC28,WEEKENDS/HOLIDAY,14,177.4,176.8
Telok Blangah,CC28,WEEKENDS/HOLIDAY,15,172.7,184.6
Telok Blangah,CC28,WEEKENDS/HOLIDAY,16,194.7,193.9
Telok Blangah,CC28,WEEKENDS/HOLIDAY,17,232.5,209.9
Telok Blangah,CC28,WEEKENDS/HOLIDAY,18,213.9,237.5
Telok Blangah,CC28,WEEKENDS/HOLIDAY,19,154.9,246.9
Telok Blangah,CC28,WEEKENDS/HOLIDAY,20,103.1,250.5
Telok Blangah,CC28,WEEKENDS/HOLIDAY,21,76.5,237.4
Telok Blangah,CC28,WEEKENDS/HOLIDAY,22,61.4,210.4
Telok Blangah,CC28,WEEKENDS/HOLIDAY,23,7.3,60.8
Tiong Bahru,EW17,WEEKDAY,0,2.45,37.0
Tiong Bahru,EW17,WEEKDAY,5,217.7,17.8
Tiong Bahru,EW17,WEEKDAY,6,1217.75,501.7
Tiong Bahru,EW17,WEEKDAY,7,2396.25,1217.6
Tiong Bahru,EW17,WEEKDAY,8,3328.85,1895.85
Tiong Bahru,EW17,WEEKDAY,9,2094.25,1333.25
Tiong Bahru,EW17,WEEKDAY,10,1192.1,1010.75
Tiong Bahru,EW17,WEEKDAY,11,1086.65,986.6
Tiong Bahru,EW17,WEEKDAY,12,1188.4,1254.25
Tiong Bahru,EW17,WEEKDAY,13,1356.6,1173.95
Tiong Bahru,EW17,WEEKDAY,14,1054.2,1097.85
Tiong Bahru,EW17,WEEKDAY,15,976.05,1128.9
Tiong Bahru,EW17,WEEKDAY,16,1193.2,1422.55
Tiong Bahru,EW17,WEEKDAY,17,1907.9,2335.1
Tiong Bahru,EW17,WEEKDAY,18,2343.4,3857.75
Tiong Bahru,EW17,WEEKDAY,19,1408.0,2577.25
Tiong Bahru,EW17,WEEKDAY,20,970.35,1615.3
Tiong Bahru,EW17,WEEKDAY,21,882.05,1467.0
Tiong Bahru,EW17,WEEKDAY,22,551.3,1210.2
Tiong Bahru,EW17,WEEKDAY,23,159.6,614.75
Tiong Bahru,EW17,WEEKENDS/HOLIDAY,0,3.2,55.4
Tiong Bahru,EW17,WEEKENDS/HOLIDAY,5,65.4,8.1
Tiong Bahru,EW17,WEEKENDS/HOLIDAY,6,502.3,262.3
Tiong Bahru,EW17,WEEKENDS/HOLIDAY,7,752.1,482.5
Tiong Bahru,EW17,WEEKENDS/HOLIDAY,8,1097.4,863.6
Tiong Bahru,EW17,WEEKENDS/HOLIDAY,9,1356.0,1042.8
Tiong Bahru,EW17,WEEKENDS/HOLIDAY,10,1326.3,1108.2
Tiong Bahru,EW17,WEEKENDS/HOLIDAY,11,1356.5,1230.3
Tiong Bahru,EW17,WEEKENDS/HOLIDAY,12,1415.8,1308.4
Tiong Bahru,EW17,WEEKENDS/HOLIDAY,13,1417.3,1421.6
Tiong Bahru,EW17,WEEKENDS/HOLIDAY,14,1308.3,1326.5
Tiong Bahru,EW17,WEEKENDS/HOLIDAY,15,1216.7,1310.0
Tiong Bahru,EW17,WEEKENDS/HOLIDAY,16,1240.4,1420.6
Tiong Bahru,EW17,WEEKENDS/HOLIDAY,17,1347.8,1567.6
Tiong Bahru,EW17,WEEKENDS/HOLIDAY,18,1371.1,1568.6
Tiong Bahru,EW17,WEEKENDS/HOLIDAY,19,1100.7,1398.4
Tiong Bahru,EW17,WEEKENDS/HOLIDAY,20,878.8,1254.3
Tiong Bahru,EW17,WEEKENDS/HOLIDAY,21,806.7,1265.0
Tiong Bahru,EW17,WEEKENDS/HOLIDAY,22,575.4,1145.7
Tiong Bahru,EW17,WEEKENDS/HOLIDAY,23,183.5,622.0
Toa Payoh,NS19,WEEKDAY,0,22.4,108.55
Toa Payoh,NS19,WEEKDAY,5,297.15,142.15
Toa Payoh,NS19,WEEKDAY,6,1429.5,868.8
Toa Payoh,NS19,WEEKDAY,7,2962.35,2355.75
Toa Payoh,NS19,WEEKDAY,8,4358.05,3361.45
Toa Payoh,NS19,WEEKDAY,9,2728.6,1861.9
Toa Payoh,NS19,WEEKDAY,10,1882.05,1307.0
Toa Payoh,NS19,WEEKDAY,11,1843.35,1310.95
Toa Payoh,NS19,WEEKDAY,12,1992.4,1613.2
Toa Payoh,NS19,WEEKDAY,13,1894.7,1758.3
Toa Payoh,NS19,WEEKDAY,14,1583.9,1697.3
Toa Payoh,NS19,WEEKDAY,15,1503.9,1660.45
Toa Payoh,NS19,WEEKDAY,16,1785.15,2020.7
Toa Payoh,NS19,WEEKDAY,17,3022.55,2932.5
Toa Payoh,NS19,WEEKDAY,18,4072.85,4467.7
Toa Payoh,NS19,WEEKDAY,19,2157.2,3137.85
Toa Payoh,NS19,WEEKDAY,20,1273.3,2214.0
Toa Payoh,NS19,WEEKDAY,21,1037.7,2196.4
Toa Payoh,NS19,WEEKDAY,22,620.55,1712.9
Toa Payoh,NS19,WEEKDAY,23,227.55,822.75
Toa Payoh,NS19,WEEKENDS/HOLIDAY,0,26.8,125.6
Toa Payoh,NS19,WEEKENDS/HOLIDAY,5,115.0,49.9
Toa Payoh,NS19,WEEKENDS/HOLIDAY,6,803.9,416.0
Toa Payoh,NS19,WEEKENDS/HOLIDAY,7,1204.5,780.3
Toa Payoh,NS19,WEEKENDS/HOLIDAY,8,1730.2,1177.8
Toa Payoh,NS19,WEEKENDS/HOLIDAY,9,2167.1,1511.6
Toa Payoh,NS19,WEEKENDS/HOLIDAY,10,2193.2,1526.7
Toa Payoh,NS19,WEEKENDS/HOLIDAY,11,2279.4,1552.9
Toa Payoh,NS19,WEEKENDS/HOLIDAY,12,2360.9,1759.4
Toa Payoh,NS19,WEEKENDS/HOLIDAY,13,2303.2,1996.8
Toa Payoh,NS19,WEEKENDS/HOLIDAY,14,1969.0,1874.1
Toa Payoh,NS19,WEEKENDS/HOLIDAY,15,1949.1,2034.8
Toa Payoh,NS19,WEEKENDS/HOLIDAY,16,2038.5,2144.1
Toa Payoh,NS19,WEEKENDS/HOLIDAY,17,2248.2,2251.0
Toa Payoh,NS19,WEEKENDS/HOLIDAY,18,2087.0,2281.6
Toa Payoh,NS19,WEEKENDS/HOLIDAY,19,1630.5,2157.9
Toa Payoh,NS19,WEEKENDS/HOLIDAY,20,1157.7,2026.2
Toa Payoh,NS19,WEEKENDS/HOLIDAY,21,916.3,2050.9
Toa Payoh,NS19,WEEKENDS/HOLIDAY,22,630.8,1779.5
Toa Payoh,NS19,WEEKENDS/HOLIDAY,23,246.3,978.2
Tuas Crescent,EW31,WEEKDAY,0,0.15,6.8
Tuas Crescent,EW31,WEEKDAY,5,127.05,75.4
Tuas Crescent,EW31,WEEKDAY,6,330.5,583.6
Tuas Crescent,EW31,WEEKDAY,7,190.2,1785.1
Tuas Crescent,EW31,WEEKDAY,8,149.45,1115.85
Tuas Crescent,EW31,WEEKDAY,9,80.25,246.1
Tuas Crescent,EW31,WEEKDAY,10,60.85,68.75
Tuas Crescent,EW31,WEEKDAY,11,86.0,47.65
Tuas Crescent,EW31,WEEKDAY,12,113.35,67.6
Tuas Crescent,EW31,WEEKDAY,13,84.45,52.1
Tuas Crescent,EW31,WEEKDAY,14,95.85,47.9
Tuas Crescent,EW31,WEEKDAY,15,152.8,30.65
Tuas Crescent,EW31,WEEKDAY,16,370.05,49.15
Tuas Crescent,EW31,WEEKDAY,17,1526.0,86.05
Tuas Crescent,EW31,WEEKDAY,18,1044.25,158.15
Tuas Crescent,EW31,WEEKDAY,19,614.5,227.5
Tuas Crescent,EW31,WEEKDAY,20,342.75,141.85
Tuas Crescent,EW31,WEEKDAY,21,140.2,94.25
Tuas Crescent,EW31,WEEKDAY,22,59.2,60.6
Tuas Crescent,EW31,WEEKDAY,23,4.45,26.1
Tuas Crescent,EW31,WEEKENDS/HOLIDAY,0,0.2,18.7
Tuas Crescent,EW31,WEEKENDS/HOLIDAY,5,87.9,18.0
Tuas Crescent,EW31,WEEKENDS/HOLIDAY,6,221.8,275.9
Tuas Crescent,EW31,WEEKENDS/HOLIDAY,7,207.8,577.5
Tuas Crescent,EW31,WEEKENDS/HOLIDAY,8,199.0,270.2
Tuas Crescent,EW31,WEEKENDS/HOLIDAY,9,131.0,106.8
Tuas Crescent,EW31,WEEKENDS/HOLIDAY,10,120.2,36.7
Tuas Crescent,EW31,WEEKENDS/HOLIDAY,11,140.9,50.0
Tuas Crescent,EW31,WEEKENDS/HOLIDAY,12,228.2,58.8
Tuas Crescent,EW31,WEEKENDS/HOLIDAY,13,169.1,51.0
Tuas Crescent,EW31,WEEKENDS/HOLIDAY,14,147.4,64.8
Tuas Crescent,EW31,WEEKENDS/HOLIDAY,15,194.5,59.9
Tuas Crescent,EW31,WEEKENDS/HOLIDAY,16,286.7,76.8
Tuas Crescent,EW31,WEEKENDS/HOLIDAY,17,556.4,140.0
Tuas Crescent,EW31,WEEKENDS/HOLIDAY,18,321.9,208.1
Tuas Crescent,EW31,WEEKENDS/HOLIDAY,19,265.0,257.2
Tuas Crescent,EW31,WEEKENDS/HOLIDAY,20,184.7,249.7
Tuas Crescent,EW31,WEEKENDS/HOLIDAY,21,85.3,171.5
Tuas Crescent,EW31,WEEKENDS/HOLIDAY,22,48.3,146.4
Tuas Crescent,EW31,WEEKENDS/HOLIDAY,23,9.7,71.2
Tuas Link,EW33,WEEKDAY,0,0.05,12.0
Tuas Link,EW33,WEEKDAY,5,454.75,37.75
Tuas Link,EW33,WEEKDAY,6,906.7,332.45
Tuas Link,EW33,WEEKDAY,7,854.15,741.2
Tuas Link,EW33,WEEKDAY,8,487.85,667.35
Tuas Link,EW33,WEEKDAY,9,245.95,214.95
Tuas Link,EW33,WEEKDAY,10,167.25,101.6
Tuas Link,EW33,WEEKDAY,11,160.4,86.0
Tuas Link,EW33,WEEKDAY,12,171.6,77.05
Tuas Link,EW33,WEEKDAY,13,108.5,118.75
Tuas Link,EW33,WEEKDAY,14,121.65,108.2
Tuas Link,EW33,WEEKDAY,15,161.55,114.65
Tuas Link,EW33,WEEKDAY,16,292.4,205.5
Tuas Link,EW33,WEEKDAY,17,869.65,581.35
Tuas Link,EW33,WEEKDAY,18,590.75,745.9
Tuas Link,EW33,WEEKDAY,19,350.9,630.45
Tuas Link,EW33,WEEKDAY,20,232.2,489.3
Tuas Link,EW33,WEEKDAY,21,87.75,259.8
Tuas Link,EW33,WEEKDAY,22,64.55,180.8
Tuas Link,EW33,WEEKDAY,23,19.6,59.5
Tuas Link,EW33,WEEKENDS/HOLIDAY,0,0.0,35.8
Tuas Link,EW33,WEEKENDS/HOLIDAY,5,125.8,17.7
Tuas Link,EW33,WEEKENDS/HOLIDAY,6,357.3,132.6
Tuas Link,EW33,WEEKENDS/HOLIDAY,7,435.3,313.7
Tuas Link,EW33,WEEKENDS/HOLIDAY,8,343.4,324.6
Tuas Link,EW33,WEEKENDS/HOLIDAY,9,285.2,162.7
Tuas Link,EW33,WEEKENDS/HOLIDAY,10,258.7,139.1
Tuas Link,EW33,WEEKENDS/HOLIDAY,11,253.8,133.1
Tuas Link,EW33,WEEKENDS/HOLIDAY,12,289.2,144.4
Tuas Link,EW33,WEEKENDS/HOLIDAY,13,244.9,202.4
Tuas Link,EW33,WEEKENDS/HOLIDAY,14,258.1,195.0
Tuas Link,EW33,WEEKENDS/HOLIDAY,15,271.2,153.5
Tuas Link,EW33,WEEKENDS/HOLIDAY,16,314.1,239.8
Tuas Link,EW33,WEEKENDS/HOLIDAY,17,402.8,325.5
Tuas Link,EW33,WEEKENDS/HOLIDAY,18,419.2,384.0
Tuas Link,EW33,WEEKENDS/HOLIDAY,19,386.1,430.7
Tuas Link,EW33,WEEKENDS/HOLIDAY,20,262.8,399.1
Tuas Link,EW33,WEEKENDS/HOLIDAY,21,173.7,352.9
Tuas Link,EW33,WEEKENDS/HOLIDAY,22,113.6,259.8
Tuas Link,EW33,WEEKENDS/HOLIDAY,23,17.6,113.9
Tuas West Road,EW32,WEEKDAY,0,0.0,17.55
Tuas West Road,EW32,WEEKDAY,5,65.45,60.1
Tuas West Road,EW32,WEEKDAY,6,330.3,528.7
Tuas West Road,EW32,WEEKDAY,7,261.5,1728.65
Tuas West Road,EW32,WEEKDAY,8,194.9,1259.15
Tuas West Road,EW32,WEEKDAY,9,89.0,233.85
Tuas West Road,EW32,WEEKDAY,10,84.25,100.7
Tuas West Road,EW32,WEEKDAY,11,106.8,84.3
Tuas West Road,EW32,WEEKDAY,12,137.35,82.8
Tuas West Road,EW32,WEEKDAY,13,111.9,104.55
Tuas West Road,EW32,WEEKDAY,14,122.6,80.5
Tuas West Road,EW32,WEEKDAY,15,160.4,67.7
Tuas West Road,EW32,WEEKDAY,16,394.45,115.65
Tuas West Road,EW32,WEEKDAY,17,1610.3,177.0
Tuas West Road,EW32,WEEKDAY,18,1065.4,276.9
Tuas West Road,EW32,WEEKDAY,19,564.55,337.45
Tuas West Road,EW32,WEEKDAY,20,515.15,205.6
Tuas West Road,EW32,WEEKDAY,21,159.45,142.8
Tuas West Road,EW32,WEEKDAY,22,78.85,98.85
Tuas West Road,EW32,WEEKDAY,23,8.8,60.15
Tuas West Road,EW32,WEEKENDS/HOLIDAY,0,0.0,58.4
Tuas West Road,EW32,WEEKENDS/HOLIDAY,5,38.6,15.2
Tuas West Road,EW32,WEEKENDS/HOLIDAY,6,270.2,245.9
Tuas West Road,EW32,WEEKENDS/HOLIDAY,7,331.1,705.8
Tuas West Road,EW32,WEEKENDS/HOLIDAY,8,286.8,320.7
Tuas West Road,EW32,WEEKENDS/HOLIDAY,9,252.6,98.1
Tuas West Road,EW32,WEEKENDS/HOLIDAY,10,312.5,72.4
Tuas West Road,EW32,WEEKENDS/HOLIDAY,11,307.2,95.0
Tuas West Road,EW32,WEEKENDS/HOLIDAY,12,368.4,109.2
Tuas West Road,EW32,WEEKENDS/HOLIDAY,13,265.5,127.3
Tuas West Road,EW32,WEEKENDS/HOLIDAY,14,235.5,157.9
Tuas West Road,EW32,WEEKENDS/HOLIDAY,15,238.7,149.1
Tuas West Road,EW32,WEEKENDS/HOLIDAY,16,334.3,236.5
Tuas West Road,EW32,WEEKENDS/HOLIDAY,17,597.6,318.5
Tuas West Road,EW32,WEEKENDS/HOLIDAY,18,483.3,399.2
Tuas West Road,EW32,WEEKENDS/HOLIDAY,19,325.2,564.9
Tuas West Road,EW32,WEEKENDS/HOLIDAY,20,231.8,490.4
Tuas West Road,EW32,WEEKENDS/HOLIDAY,21,94.2,492.5
Tuas West Road,EW32,WEEKENDS/HOLIDAY,22,72.9,333.8
Tuas West Road,EW32,WEEKENDS/HOLIDAY,23,9.5,177.9
Ubi,DT27,WEEKDAY,0,2.6,28.8
Ubi,DT27,WEEKDAY,5,43.65,17.5
Ubi,DT27,WEEKDAY,6,351.75,330.45
Ubi,DT27,WEEKDAY,7,821.3,1092.8
Ubi,DT27,WEEKDAY,8,943.25,1789.75
Ubi,DT27,WEEKDAY,9,564.25,891.2
Ubi,DT27,WEEKDAY,10,395.0,357.9
Ubi,DT27,WEEKDAY,11,350.35,291.05
Ubi,DT27,WEEKDAY,12,425.3,337.15
Ubi,DT27,WEEKDAY,13,537.75,378.25
Ubi,DT27,WEEKDAY,14,324.4,317.3
Ubi,DT27,WEEKDAY,15,320.45,318.8
Ubi,DT27,WEEKDAY,16,444.65,351.3
Ubi,DT27,WEEKDAY,17,1263.15,601.2
Ubi,DT27,WEEKDAY,18,1881.05,1019.0
Ubi,DT27,WEEKDAY,19,766.2,762.75
Ubi,DT27,WEEKDAY,20,399.7,509.2
Ubi,DT27,WEEKDAY,21,291.5,435.55
Ubi,DT27,WEEKDAY,22,178.1,355.5
Ubi,DT27,WEEKDAY,23,53.6,178.5
Ubi,DT27,WEEKENDS/HOLIDAY,0,4.1,44.6
Ubi,DT27,WEEKENDS/HOLIDAY,5,19.8,4.6
Ubi,DT27,WEEKENDS/HOLIDAY,6,174.6,89.0
Ubi,DT27,WEEKENDS/HOLIDAY,7,301.6,281.7
Ubi,DT27,WEEKENDS/HOLIDAY,8,360.0,372.6
Ubi,DT27,WEEKENDS/HOLIDAY,9,442.3,322.4
Ubi,DT27,WEEKENDS/HOLIDAY,10,466.2,290.7
Ubi,DT27,WEEKENDS/HOLIDAY,11,427.7,296.3
Ubi,DT27,WEEKENDS/HOLIDAY,12,503.6,373.4
Ubi,DT27,WEEKENDS/HOLIDAY,13,483.6,368.7
Ubi,DT27,WEEKENDS/HOLIDAY,14,424.2,408.5
Ubi,DT27,WEEKENDS/HOLIDAY,15,406.9,377.7
Ubi,DT27,WEEKENDS/HOLIDAY,16,496.2,421.1
Ubi,DT27,WEEKENDS/HOLIDAY,17,597.0,491.6
Ubi,DT27,WEEKENDS/HOLIDAY,18,631.6,536.7
Ubi,DT27,WEEKENDS/HOLIDAY,19,436.0,546.9
Ubi,DT27,WEEKENDS/HOLIDAY,20,270.0,527.8
Ubi,DT27,WEEKENDS/HOLIDAY,21,244.3,510.0
Ubi,DT27,WEEKENDS/HOLIDAY,22,155.0,444.6
Ubi,DT27,WEEKENDS/HOLIDAY,23,63.4,227.8
Upper Changi,DT34,WEEKDAY,0,0.7,43.4
Upper Changi,DT34,WEEKDAY,5,41.2,0.7
Upper Changi,DT34,WEEKDAY,6,173.45,121.7
Upper Changi,DT34,WEEKDAY,7,499.5,491.15
Upper Changi,DT34,WEEKDAY,8,740.1,595.7
Upper Changi,DT34,WEEKDAY,9,416.85,302.1
Upper Changi,DT34,WEEKDAY,10,223.85,188.15
Upper Changi,DT34,WEEKDAY,11,238.05,140.55
Upper Changi,DT34,WEEKDAY,12,283.65,201.35
Upper Changi,DT34,WEEKDAY,13,229.85,265.4
Upper Changi,DT34,WEEKDAY,14,181.7,214.55
Upper Changi,DT34,WEEKDAY,15,205.3,174.45
Upper Changi,DT34,WEEKDAY,16,352.1,210.8
Upper Changi,DT34,WEEKDAY,17,789.4,294.95
Upper Changi,DT34,WEEKDAY,18,748.1,578.5
Upper Changi,DT34,WEEKDAY,19,353.65,565.15
Upper Changi,DT34,WEEKDAY,20,210.45,363.05
Upper Changi,DT34,WEEKDAY,21,141.55,257.7
Upper Changi,DT34,WEEKDAY,22,114.3,210.3
Upper Changi,DT34,WEEKDAY,23,54.7,112.55
Upper Changi,DT34,WEEKENDS/HOLIDAY,0,1.1,55.6
Upper Changi,DT34,WEEKENDS/HOLIDAY,5,26.0,0.8
Upper Changi,DT34,WEEKENDS/HOLIDAY,6,63.1,44.7
Upper Changi,DT34,WEEKENDS/HOLIDAY,7,115.3,161.5
Upper Changi,DT34,WEEKENDS/HOLIDAY,8,186.9,151.4
Upper Changi,DT34,WEEKENDS/HOLIDAY,9,222.5,140.4
Upper Changi,DT34,WEEKENDS/HOLIDAY,10,238.7,142.3
Upper Changi,DT34,WEEKENDS/HOLIDAY,11,261.7,131.2
Upper Changi,DT34,WEEKENDS/HOLIDAY,12,328.6,169.6
Upper Changi,DT34,WEEKENDS/HOLIDAY,13,249.5,200.2
Upper Changi,DT34,WEEKENDS/HOLIDAY,14,196.8,198.6
Upper Changi,DT34,WEEKENDS/HOLIDAY,15,205.2,211.7
Upper Changi,DT34,WEEKENDS/HOLIDAY,16,249.3,224.9
Upper Changi,DT34,WEEKENDS/HOLIDAY,17,387.1,217.7
Upper Changi,DT34,WEEKENDS/HOLIDAY,18,303.0,236.9
Upper Changi,DT34,WEEKENDS/HOLIDAY,19,261.4,294.3
Upper Changi,DT34,WEEKENDS/HOLIDAY,20,137.0,287.2
Upper Changi,DT34,WEEKENDS/HOLIDAY,21,99.8,295.6
Upper Changi,DT34,WEEKENDS/HOLIDAY,22,68.8,255.0
Upper Changi,DT34,WEEKENDS/HOLIDAY,23,38.7,150.7
Upper Thomson,TE8,WEEKDAY,0,10.95,24.9
Upper Thomson,TE8,WEEKDAY,5,28.0,15.5
Upper Thomson,TE8,WEEKDAY,6,230.4,151.0
Upper Thomson,TE8,WEEKDAY,7,661.65,412.15
Upper Thomson,TE8,WEEKDAY,8,992.6,682.2
Upper Thomson,TE8,WEEKDAY,9,586.4,542.15
Upper Thomson,TE8,WEEKDAY,10,377.5,402.2
Upper Thomson,TE8,WEEKDAY,11,400.7,413.0
Upper Thomson,TE8,WEEKDAY,12,447.7,475.8
Upper Thomson,TE8,WEEKDAY,13,526.95,477.65
Upper Thomson,TE8,WEEKDAY,14,438.5,430.7
Upper Thomson,TE8,WEEKDAY,15,417.75,436.0
Upper Thomson,TE8,WEEKDAY,16,481.65,516.25
Upper Thomson,TE8,WEEKDAY,17,791.3,792.6
Upper Thomson,TE8,WEEKDAY,18,1095.25,1363.35
Upper Thomson,TE8,WEEKDAY,19,737.25,991.35
Upper Thomson,TE8,WEEKDAY,20,589.4,498.5
Upper Thomson,TE8,WEEKDAY,21,558.4,391.65
Upper Thomson,TE8,WEEKDAY,22,323.3,345.8
Upper Thomson,TE8,WEEKDAY,23,108.05,151.1
Upper Thomson,TE8,WEEKENDS/HOLIDAY,0,16.6,27.5
Upper Thomson,TE8,WEEKENDS/HOLIDAY,5,12.7,5.2
Upper Thomson,TE8,WEEKENDS/HOLIDAY,6,124.8,119.2
Upper Thomson,TE8,WEEKENDS/HOLIDAY,7,245.8,241.1
Upper Thomson,TE8,WEEKENDS/HOLIDAY,8,386.2,484.2
Upper Thomson,TE8,WEEKENDS/HOLIDAY,9,451.4,657.9
Upper Thomson,TE8,WEEKENDS/HOLIDAY,10,597.1,606.0
Upper Thomson,TE8,WEEKENDS/HOLIDAY,11,649.3,621.5
Upper Thomson,TE8,WEEKENDS/HOLIDAY,12,791.9,604.6
Upper Thomson,TE8,WEEKENDS/HOLIDAY,13,826.7,599.1
Upper Thomson,TE8,WEEKENDS/HOLIDAY,14,709.9,521.0
Upper Thomson,TE8,WEEKENDS/HOLIDAY,15,674.4,523.6
Upper Thomson,TE8,WEEKENDS/HOLIDAY,16,678.9,701.2
Upper Thomson,TE8,WEEKENDS/HOLIDAY,17,700.1,678.3
Upper Thomson,TE8,WEEKENDS/HOLIDAY,18,804.7,751.9
Upper Thomson,TE8,WEEKENDS/HOLIDAY,19,629.1,607.6
Upper Thomson,TE8,WEEKENDS/HOLIDAY,20,520.1,406.0
Upper Thomson,TE8,WEEKENDS/HOLIDAY,21,533.1,357.3
Upper Thomson,TE8,WEEKENDS/HOLIDAY,22,321.7,322.9
Upper Thomson,TE8,WEEKENDS/HOLIDAY,23,124.9,180.5
Woodlands,NS9/TE2,WEEKDAY,0,86.4,421.35
Woodlands,NS9/TE2,WEEKDAY,5,1150.45,450.4
Woodlands,NS9/TE2,WEEKDAY,6,3655.35,1820.35
Woodlands,NS9/TE2,WEEKDAY,7,7201.65,3691.7
Woodlands,NS9/TE2,WEEKDAY,8,6313.0,3715.75
Woodlands,NS9/TE2,WEEKDAY,9,3470.3,2425.75
Woodlands,NS9/TE2,WEEKDAY,10,2323.3,2055.05
Woodlands,NS9/TE2,WEEKDAY,11,2179.85,2363.1
Woodlands,NS9/TE2,WEEKDAY,12,2575.4,2672.8
Woodlands,NS9/TE2,WEEKDAY,13,2491.2,2727.75
Woodlands,NS9/TE2,WEEKDAY,14,2205.05,2588.8
Woodlands,NS9/TE2,WEEKDAY,15,2095.5,2809.6
Woodlands,NS9/TE2,WEEKDAY,16,2435.6,3804.95
Woodlands,NS9/TE2,WEEKDAY,17,3696.95,6593.65
Woodlands,NS9/TE2,WEEKDAY,18,4509.9,9977.35
Woodlands,NS9/TE2,WEEKDAY,19,3041.5,7196.05
Woodlands,NS9/TE2,WEEKDAY,20,2283.8,4231.45
Woodlands,NS9/TE2,WEEKDAY,21,2035.1,3638.15
Woodlands,NS9/TE2,WEEKDAY,22,1198.15,3031.0
Woodlands,NS9/TE2,WEEKDAY,23,503.7,1603.3
Woodlands,NS9/TE2,WEEKENDS/HOLIDAY,0,125.8,482.4
Woodlands,NS9/TE2,WEEKENDS/HOLIDAY,5,397.0,264.0
Woodlands,NS9/TE2,WEEKENDS/HOLIDAY,6,1525.7,972.1
Woodlands,NS9/TE2,WEEKENDS/HOLIDAY,7,2154.7,1912.5
Woodlands,NS9/TE2,WEEKENDS/HOLIDAY,8,2526.4,2430.2
Woodlands,NS9/TE2,WEEKENDS/HOLIDAY,9,2763.8,2497.7
Woodlands,NS9/TE2,WEEKENDS/HOLIDAY,10,2753.5,2702.1
Woodlands,NS9/TE2,WEEKENDS/HOLIDAY,11,2870.8,2946.8
Woodlands,NS9/TE2,WEEKENDS/HOLIDAY,12,3141.6,3299.6
Woodlands,NS9/TE2,WEEKENDS/HOLIDAY,13,3300.3,3585.4
Woodlands,NS9/TE2,WEEKENDS/HOLIDAY,14,3185.2,3432.0
Woodlands,NS9/TE2,WEEKENDS/HOLIDAY,15,3164.3,3353.8
Woodlands,NS9/TE2,WEEKENDS/HOLIDAY,16,3179.6,3529.9
Woodlands,NS9/TE2,WEEKENDS/HOLIDAY,17,3475.0,4053.1
Woodlands,NS9/TE2,WEEKENDS/HOLIDAY,18,3479.4,4227.8
Woodlands,NS9/TE2,WEEKENDS/HOLIDAY,19,2939.0,3977.4
Woodlands,NS9/TE2,WEEKENDS/HOLIDAY,20,2626.2,3428.6
Woodlands,NS9/TE2,WEEKENDS/HOLIDAY,21,2295.3,3171.2
Woodlands,NS9/TE2,WEEKENDS/HOLIDAY,22,1555.3,3073.1
Woodlands,NS9/TE2,WEEKENDS/HOLIDAY,23,770.7,1780.9
Woodlands North,TE1,WEEKDAY,0,0.3,13.45
Woodlands North,TE1,WEEKDAY,5,76.2,14.45
Woodlands North,TE1,WEEKDAY,6,540.3,160.95
Woodlands North,TE1,WEEKDAY,7,658.1,807.45
Woodlands North,TE1,WEEKDAY,8,462.05,2189.15
Woodlands North,TE1,WEEKDAY,9,240.2,1849.05
Woodlands North,TE1,WEEKDAY,10,187.25,598.8
Woodlands North,TE1,WEEKDAY,11,381.5,323.2
Woodlands North,TE1,WEEKDAY,12,423.15,581.55
Woodlands North,TE1,WEEKDAY,13,416.8,430.9
Woodlands North,TE1,WEEKDAY,14,358.7,260.7
Woodlands North,TE1,WEEKDAY,15,712.05,131.35
Woodlands North,TE1,WEEKDAY,16,1565.1,148.0
Woodlands North,TE1,WEEKDAY,17,2099.1,263.1
Woodlands North,TE1,WEEKDAY,18,1206.95,374.75
Woodlands North,TE1,WEEKDAY,19,607.35,426.25
Woodlands North,TE1,WEEKDAY,20,452.0,219.0
Woodlands North,TE1,WEEKDAY,21,414.95,150.3
Woodlands North,TE1,WEEKDAY,22,178.05,102.9
Woodlands North,TE1,WEEKDAY,23,30.5,46.9
Woodlands North,TE1,WEEKENDS/HOLIDAY,0,0.9,34.5
Woodlands North,TE1,WEEKENDS/HOLIDAY,5,26.1,4.6
Woodlands North,TE1,WEEKENDS/HOLIDAY,6,315.1,66.6
Woodlands North,TE1,WEEKENDS/HOLIDAY,7,359.4,315.7
Woodlands North,TE1,WEEKENDS/HOLIDAY,8,257.6,280.7
Woodlands North,TE1,WEEKENDS/HOLIDAY,9,231.1,125.4
Woodlands North,TE1,WEEKENDS/HOLIDAY,10,205.0,80.4
Woodlands North,TE1,WEEKENDS/HOLIDAY,11,227.8,81.4
Woodlands North,TE1,WEEKENDS/HOLIDAY,12,242.8,94.6
Woodlands North,TE1,WEEKENDS/HOLIDAY,13,212.6,126.3
Woodlands North,TE1,WEEKENDS/HOLIDAY,14,179.6,128.0
Woodlands North,TE1,WEEKENDS/HOLIDAY,15,201.1,133.4
Woodlands North,TE1,WEEKENDS/HOLIDAY,16,232.1,152.3
Woodlands North,TE1,WEEKENDS/HOLIDAY,17,317.1,220.5
Woodlands North,TE1,WEEKENDS/HOLIDAY,18,288.7,277.3
Woodlands North,TE1,WEEKENDS/HOLIDAY,19,247.9,397.8
Woodlands North,TE1,WEEKENDS/HOLIDAY,20,185.1,313.7
Woodlands North,TE1,WEEKENDS/HOLIDAY,21,106.3,251.7
Woodlands North,TE1,WEEKENDS/HOLIDAY,22,97.3,221.2
Woodlands North,TE1,WEEKENDS/HOLIDAY,23,31.7,122.3
Woodlands South,TE3,WEEKDAY,0,4.3,84.3
Woodlands South,TE3,WEEKDAY,5,204.75,27.35
Woodlands South,TE3,WEEKDAY,6,731.55,400.05
Woodlands South,TE3,WEEKDAY,7,1888.8,902.05
Woodlands South,TE3,WEEKDAY,8,1779.8,949.6
Woodlands South,TE3,WEEKDAY,9,800.85,413.75
Woodlands South,TE3,WEEKDAY,10,529.2,274.55
Woodlands South,TE3,WEEKDAY,11,571.6,335.2
Woodlands South,TE3,WEEKDAY,12,623.55,549.15
Woodlands South,TE3,WEEKDAY,13,602.25,518.5
Woodlands South,TE3,WEEKDAY,14,439.65,412.1
Woodlands South,TE3,WEEKDAY,15,501.05,410.0
Woodlands South,TE3,WEEKDAY,16,570.95,492.5
Woodlands South,TE3,WEEKDAY,17,1101.3,926.25
Woodlands South,TE3,WEEKDAY,18,1031.05,1625.45
Woodlands South,TE3,WEEKDAY,19,499.65,1325.2
Woodlands South,TE3,WEEKDAY,20,378.1,759.9
Woodlands South,TE3,WEEKDAY,21,411.25,647.15
Woodlands South,TE3,WEEKDAY,22,147.8,597.3
Woodlands South,TE3,WEEKDAY,23,39.95,335.9
Woodlands South,TE3,WEEKENDS/HOLIDAY,0,4.9,88.4
Woodlands South,TE3,WEEKENDS/HOLIDAY,5,87.5,8.0
Woodlands South,TE3,WEEKENDS/HOLIDAY,6,265.3,258.7
Woodlands South,TE3,WEEKENDS/HOLIDAY,7,462.9,344.3
Woodlands South,TE3,WEEKENDS/HOLIDAY,8,619.9,331.9
Woodlands South,TE3,WEEKENDS/HOLIDAY,9,591.7,317.9
Woodlands South,TE3,WEEKENDS/HOLIDAY,10,626.2,319.1
Woodlands South,TE3,WEEKENDS/HOLIDAY,11,624.8,336.7
Woodlands South,TE3,WEEKENDS/HOLIDAY,12,681.1,432.0
Woodlands South,TE3,WEEKENDS/HOLIDAY,13,633.7,411.0
Woodlands South,TE3,WEEKENDS/HOLIDAY,14,544.2,439.3
Woodlands South,TE3,WEEKENDS/HOLIDAY,15,537.5,446.0
Woodlands South,TE3,WEEKENDS/HOLIDAY,16,573.9,452.2
Woodlands South,TE3,WEEKENDS/HOLIDAY,17,623.8,497.7
Woodlands South,TE3,WEEKENDS/HOLIDAY,18,541.2,570.7
Woodlands South,TE3,WEEKENDS/HOLIDAY,19,406.6,639.6
Woodlands South,TE3,WEEKENDS/HOLIDAY,20,294.7,565.7
Woodlands South,TE3,WEEKENDS/HOLIDAY,21,333.8,573.2
Woodlands South,TE3,WEEKENDS/HOLIDAY,22,138.2,596.3
Woodlands South,TE3,WEEKENDS/HOLIDAY,23,38.8,351.5
Woodleigh,NE11,WEEKDAY,0,5.25,16.6
Woodleigh,NE11,WEEKDAY,5,37.9,25.7
Woodleigh,NE11,WEEKDAY,6,409.35,339.15
Woodleigh,NE11,WEEKDAY,7,1084.7,987.35
Woodleigh,NE11,WEEKDAY,8,1783.2,1409.75
Woodleigh,NE11,WEEKDAY,9,980.9,669.05
Woodleigh,NE11,WEEKDAY,10,606.25,488.35
Woodleigh,NE11,WEEKDAY,11,631.8,578.25
Woodleigh,NE11,WEEKDAY,12,686.75,703.85
Woodleigh,NE11,WEEKDAY,13,779.4,696.15
Woodleigh,NE11,WEEKDAY,14,676.25,773.4
Woodleigh,NE11,WEEKDAY,15,806.35,714.05
Woodleigh,NE11,WEEKDAY,16,1158.7,819.3
Woodleigh,NE11,WEEKDAY,17,1240.75,1265.35
Woodleigh,NE11,WEEKDAY,18,1395.75,2111.15
Woodleigh,NE11,WEEKDAY,19,962.9,1521.8
Woodleigh,NE11,WEEKDAY,20,648.5,823.65
Woodleigh,NE11,WEEKDAY,21,604.6,685.55
Woodleigh,NE11,WEEKDAY,22,342.6,518.4
Woodleigh,NE11,WEEKDAY,23,101.4,219.15
Woodleigh,NE11,WEEKENDS/HOLIDAY,0,6.3,13.4
Woodleigh,NE11,WEEKENDS/HOLIDAY,5,10.2,7.4
Woodleigh,NE11,WEEKENDS/HOLIDAY,6,155.3,154.2
Woodleigh,NE11,WEEKENDS/HOLIDAY,7,358.9,331.7
Woodleigh,NE11,WEEKENDS/HOLIDAY,8,587.9,574.6
Woodleigh,NE11,WEEKENDS/HOLIDAY,9,704.3,614.4
Woodleigh,NE11,WEEKENDS/HOLIDAY,10,821.9,661.3
Woodleigh,NE11,WEEKENDS/HOLIDAY,11,896.1,719.0
Woodleigh,NE11,WEEKENDS/HOLIDAY,12,955.8,859.9
Woodleigh,NE11,WEEKENDS/HOLIDAY,13,990.0,931.4
Woodleigh,NE11,WEEKENDS/HOLIDAY,14,898.4,804.4
Woodleigh,NE11,WEEKENDS/HOLIDAY,15,844.1,820.1
Woodleigh,NE11,WEEKENDS/HOLIDAY,16,903.3,860.4
Woodleigh,NE11,WEEKENDS/HOLIDAY,17,998.1,974.3
Woodleigh,NE11,WEEKENDS/HOLIDAY,18,935.3,1061.5
Woodleigh,NE11,WEEKENDS/HOLIDAY,19,747.4,917.2
Woodleigh,NE11,WEEKENDS/HOLIDAY,20,620.5,769.2
Woodleigh,NE11,WEEKENDS/HOLIDAY,21,529.1,708.3
Woodleigh,NE11,WEEKENDS/HOLIDAY,22,359.4,517.5
Woodleigh,NE11,WEEKENDS/HOLIDAY,23,101.4,234.8
Yew Tee,NS5,WEEKDAY,0,22.15,235.05
Yew Tee,NS5,WEEKDAY,5,783.35,109.55
Yew Tee,NS5,WEEKDAY,6,2979.95,742.5
Yew Tee,NS5,WEEKDAY,7,5622.1,1599.65
Yew Tee,NS5,WEEKDAY,8,4296.5,1164.7
Yew Tee,NS5,WEEKDAY,9,1948.45,715.2
Yew Tee,NS5,WEEKDAY,10,1358.95,631.3
Yew Tee,NS5,WEEKDAY,11,1292.05,676.0
Yew Tee,NS5,WEEKDAY,12,1268.55,850.1
Yew Tee,NS5,WEEKDAY,13,1211.3,1034.3
Yew Tee,NS5,WEEKDAY,14,947.5,1039.65
Yew Tee,NS5,WEEKDAY,15,887.1,1139.5
Yew Tee,NS5,WEEKDAY,16,1109.3,1499.3
Yew Tee,NS5,WEEKDAY,17,1924.45,2761.05
Yew Tee,NS5,WEEKDAY,18,1851.2,4684.75
Yew Tee,NS5,WEEKDAY,19,992.6,3671.8
Yew Tee,NS5,WEEKDAY,20,733.25,2306.3
Yew Tee,NS5,WEEKDAY,21,587.2,1856.3
Yew Tee,NS5,WEEKDAY,22,410.2,1482.3
Yew Tee,NS5,WEEKDAY,23,132.9,741.1
Yew Tee,NS5,WEEKENDS/HOLIDAY,0,27.1,291.6
Yew Tee,NS5,WEEKENDS/HOLIDAY,5,385.7,36.8
Yew Tee,NS5,WEEKENDS/HOLIDAY,6,1180.8,253.9
Yew Tee,NS5,WEEKENDS/HOLIDAY,7,1572.8,558.7
Yew Tee,NS5,WEEKENDS/HOLIDAY,8,1796.0,698.4
Yew Tee,NS5,WEEKENDS/HOLIDAY,9,1734.9,760.3
Yew Tee,NS5,WEEKENDS/HOLIDAY,10,1791.5,783.9
Yew Tee,NS5,WEEKENDS/HOLIDAY,11,1748.7,873.1
Yew Tee,NS5,WEEKENDS/HOLIDAY,12,1604.2,1137.2
Yew Tee,NS5,WEEKENDS/HOLIDAY,13,1422.1,1354.9
Yew Tee,NS5,WEEKENDS/HOLIDAY,14,1287.3,1357.0
Yew Tee,NS5,WEEKENDS/HOLIDAY,15,1209.7,1399.1
Yew Tee,NS5,WEEKENDS/HOLIDAY,16,1246.5,1501.0
Yew Tee,NS5,WEEKENDS/HOLIDAY,17,1468.3,1710.1
Yew Tee,NS5,WEEKENDS/HOLIDAY,18,1333.4,1931.0
Yew Tee,NS5,WEEKENDS/HOLIDAY,19,1043.1,1893.9
Yew Tee,NS5,WEEKENDS/HOLIDAY,20,750.9,1915.6
Yew Tee,NS5,WEEKENDS/HOLIDAY,21,635.7,1802.2
Yew Tee,NS5,WEEKENDS/HOLIDAY,22,432.6,1501.1
Yew Tee,NS5,WEEKENDS/HOLIDAY,23,154.9,909.2
Yio Chu Kang,NS15,WEEKDAY,0,18.0,58.7
Yio Chu Kang,NS15,WEEKDAY,5,206.15,133.45
Yio Chu Kang,NS15,WEEKDAY,6,824.2,915.75
Yio Chu Kang,NS15,WEEKDAY,7,1737.2,2751.3
Yio Chu Kang,NS15,WEEKDAY,8,1646.45,4966.0
Yio Chu Kang,NS15,WEEKDAY,9,992.85,2302.65
Yio Chu Kang,NS15,WEEKDAY,10,753.85,1074.95
Yio Chu Kang,NS15,WEEKDAY,11,944.1,851.15
Yio Chu Kang,NS15,WEEKDAY,12,1213.8,944.9
Yio Chu Kang,NS15,WEEKDAY,13,987.95,927.8
Yio Chu Kang,NS15,WEEKDAY,14,946.85,682.65
Yio Chu Kang,NS15,WEEKDAY,15,1400.65,590.65
Yio Chu Kang,NS15,WEEKDAY,16,2094.25,690.0
Yio Chu Kang,NS15,WEEKDAY,17,3457.05,1144.2
Yio Chu Kang,NS15,WEEKDAY,18,3927.7,1780.35
Yio Chu Kang,NS15,WEEKDAY,19,1553.05,1202.2
Yio Chu Kang,NS15,WEEKDAY,20,913.9,747.0
Yio Chu Kang,NS15,WEEKDAY,21,795.75,688.35
Yio Chu Kang,NS15,WEEKDAY,22,525.1,618.4
Yio Chu Kang,NS15,WEEKDAY,23,168.45,252.6
Yio Chu Kang,NS15,WEEKENDS/HOLIDAY,0,17.5,70.1
Yio Chu Kang,NS15,WEEKENDS/HOLIDAY,5,100.1,35.6
Yio Chu Kang,NS15,WEEKENDS/HOLIDAY,6,380.9,401.9
Yio Chu Kang,NS15,WEEKENDS/HOLIDAY,7,628.8,594.0
Yio Chu Kang,NS15,WEEKENDS/HOLIDAY,8,752.0,601.7
Yio Chu Kang,NS15,WEEKENDS/HOLIDAY,9,910.9,500.8
Yio Chu Kang,NS15,WEEKENDS/HOLIDAY,10,841.9,400.2
Yio Chu Kang,NS15,WEEKENDS/HOLIDAY,11,732.6,383.3
Yio Chu Kang,NS15,WEEKENDS/HOLIDAY,12,845.3,433.3
Yio Chu Kang,NS15,WEEKENDS/HOLIDAY,13,727.4,490.5
Yio Chu Kang,NS15,WEEKENDS/HOLIDAY,14,620.8,503.3
Yio Chu Kang,NS15,WEEKENDS/HOLIDAY,15,579.1,514.8
Yio Chu Kang,NS15,WEEKENDS/HOLIDAY,16,665.4,576.2
Yio Chu Kang,NS15,WEEKENDS/HOLIDAY,17,717.1,708.5
Yio Chu Kang,NS15,WEEKENDS/HOLIDAY,18,712.2,821.7
Yio Chu Kang,NS15,WEEKENDS/HOLIDAY,19,629.6,686.8
Yio Chu Kang,NS15,WEEKENDS/HOLIDAY,20,456.5,628.4
Yio Chu Kang,NS15,WEEKENDS/HOLIDAY,21,322.5,636.0
Yio Chu Kang,NS15,WEEKENDS/HOLIDAY,22,266.0,620.1
Yio Chu Kang,NS15,WEEKENDS/HOLIDAY,23,112.6,290.1
Yishun,NS13,WEEKDAY,0,58.75,381.8
Yishun,NS13,WEEKDAY,5,1309.6,209.2
Yishun,NS13,WEEKDAY,6,3810.55,927.55
Yishun,NS13,WEEKDAY,7,7525.7,2311.9
Yishun,NS13,WEEKDAY,8,6819.25,2316.3
Yishun,NS13,WEEKDAY,9,3481.3,1614.35
Yishun,NS13,WEEKDAY,10,2322.8,1453.7
Yishun,NS13,WEEKDAY,11,2055.0,1600.4
Yishun,NS13,WEEKDAY,12,2126.25,1976.6
Yishun,NS13,WEEKDAY,13,2150.1,2090.35
Yishun,NS13,WEEKDAY,14,1878.7,2099.5
Yishun,NS13,WEEKDAY,15,1875.1,2292.15
Yishun,NS13,WEEKDAY,16,2022.2,3182.65
Yishun,NS13,WEEKDAY,17,3046.0,5455.4
Yishun,NS13,WEEKDAY,18,3201.2,9204.8
Yishun,NS13,WEEKDAY,19,2169.5,6615.15
Yishun,NS13,WEEKDAY,20,1776.65,3835.0
Yishun,NS13,WEEKDAY,21,1828.45,3148.6
Yishun,NS13,WEEKDAY,22,1059.95,2961.25
Yishun,NS13,WEEKDAY,23,353.85,1580.6
Yishun,NS13,WEEKENDS/HOLIDAY,0,78.8,506.6
Yishun,NS13,WEEKENDS/HOLIDAY,5,671.8,97.3
Yishun,NS13,WEEKENDS/HOLIDAY,6,1635.5,444.8
Yishun,NS13,WEEKENDS/HOLIDAY,7,2245.8,983.2
Yishun,NS13,WEEKENDS/HOLIDAY,8,2721.3,1494.5
Yishun,NS13,WEEKENDS/HOLIDAY,9,2998.5,1723.7
Yishun,NS13,WEEKENDS/HOLIDAY,10,2704.9,1915.6
Yishun,NS13,WEEKENDS/HOLIDAY,11,2637.0,2121.1
Yishun,NS13,WEEKENDS/HOLIDAY,12,2759.3,2415.5
Yishun,NS13,WEEKENDS/HOLIDAY,13,2861.4,2698.2
Yishun,NS13,WEEKENDS/HOLIDAY,14,2695.4,2586.9
Yishun,NS13,WEEKENDS/HOLIDAY,15,2527.0,2733.8
Yishun,NS13,WEEKENDS/HOLIDAY,16,2451.1,3119.6
Yishun,NS13,WEEKENDS/HOLIDAY,17,2639.7,3638.3
Yishun,NS13,WEEKENDS/HOLIDAY,18,2472.2,3790.2
Yishun,NS13,WEEKENDS/HOLIDAY,19,2109.6,3427.3
Yishun,NS13,WEEKENDS/HOLIDAY,20,1879.7,3009.4
Yishun,NS13,WEEKENDS/HOLIDAY,21,1930.4,2832.7
Yishun,NS13,WEEKENDS/HOLIDAY,22,1196.8,2976.4
Yishun,NS13,WEEKENDS/HOLIDAY,23,435.1,1762.9
one-north,CC23,WEEKDAY,0,1.35,4.25
one-north,CC23,WEEKDAY,5,15.25,39.2
one-north,CC23,WEEKDAY,6,34.45,630.1
one-north,CC23,WEEKDAY,7,160.05,1588.7
one-north,CC23,WEEKDAY,8,252.05,3914.7
one-north,CC23,WEEKDAY,9,183.9,4133.05
one-north,CC23,WEEKDAY,10,189.45,1406.55
one-north,CC23,WEEKDAY,11,520.8,654.25
one-north,CC23,WEEKDAY,12,867.6,742.8
one-north,CC23,WEEKDAY,13,639.95,894.8
one-north,CC23,WEEKDAY,14,452.35,503.65
one-north,CC23,WEEKDAY,15,589.95,272.05
one-north,CC23,WEEKDAY,16,1342.35,278.6
one-north,CC23,WEEKDAY,17,3319.05,345.5
one-north,CC23,WEEKDAY,18,4329.4,520.15
one-north,CC23,WEEKDAY,19,2056.45,288.7
one-north,CC23,WEEKDAY,20,889.45,110.15
one-north,CC23,WEEKDAY,21,507.3,95.4
one-north,CC23,WEEKDAY,22,221.1,65.85
one-north,CC23,WEEKDAY,23,60.7,23.45
one-north,CC23,WEEKENDS/HOLIDAY,0,0.2,6.2
one-north,CC23,WEEKENDS/HOLIDAY,5,1.6,0.5
one-north,CC23,WEEKENDS/HOLIDAY,6,1.5,23.8
one-north,CC23,WEEKENDS/HOLIDAY,7,12.6,57.8
one-north,CC23,WEEKENDS/HOLIDAY,8,36.9,87.7
one-north,CC23,WEEKENDS/HOLIDAY,9,115.7,334.2
one-north,CC23,WEEKENDS/HOLIDAY,10,158.8,276.8
one-north,CC23,WEEKENDS/HOLIDAY,11,243.0,243.3
one-north,CC23,WEEKENDS/HOLIDAY,12,321.1,250.9
one-north,CC23,WEEKENDS/HOLIDAY,13,284.8,278.2
one-north,CC23,WEEKENDS/HOLIDAY,14,273.9,243.7
one-north,CC23,WEEKENDS/HOLIDAY,15,262.9,205.7
one-north,CC23,WEEKENDS/HOLIDAY,16,299.9,186.5
one-north,CC23,WEEKENDS/HOLIDAY,17,404.2,191.9
one-north,CC23,WEEKENDS/HOLIDAY,18,295.2,232.0
one-north,CC23,WEEKENDS/HOLIDAY,19,242.8,163.0
one-north,CC23,WEEKENDS/HOLIDAY,20,205.5,103.0
one-north,CC23,WEEKENDS/HOLIDAY,21,266.1,112.9
one-north,CC23,WEEKENDS/HOLIDAY,22,184.5,76.6
one-north,CC23,WEEKENDS/HOLIDAY,23,28.4,28.3
