STATION_NAME,station_codes,DAY_TYPE,TIME_PER_HOUR,daily_avg_tap_in,daily_avg_tap_out
Admiralty,NS10,WEEKDAY,0,49.90909090909091,418.09090909090907
Admiralty,NS10,WEEKDAY,5,1060.090909090909,148.45454545454547
Admiralty,NS10,WEEKDAY,6,3324.7727272727275,855.6818181818181
Admiralty,NS10,WEEKDAY,7,6495.227272727273,2259.2272727272725
Admiralty,NS10,WEEKDAY,8,5047.727272727273,2272.181818181818
Admiralty,NS10,WEEKDAY,9,2659.7272727272725,1206.9545454545455
Admiralty,NS10,WEEKDAY,10,1981.909090909091,808.0909090909091
Admiralty,NS10,WEEKDAY,11,1782.7727272727273,858.9545454545455
Admiralty,NS10,WEEKDAY,12,1708.3636363636363,1052.5454545454545
Admiralty,NS10,WEEKDAY,13,1538.1818181818182,1240.590909090909
Admiralty,NS10,WEEKDAY,14,1325.6818181818182,1288.8181818181818
Admiralty,NS10,WEEKDAY,15,1233.8636363636363,1390.7727272727273
Admiralty,NS10,WEEKDAY,16,1520.6818181818182,1760.2727272727273
Admiralty,NS10,WEEKDAY,17,2980.1363636363635,2771.818181818182
Admiralty,NS10,WEEKDAY,18,3209.0,4833.545454545455
Admiralty,NS10,WEEKDAY,19,1649.090909090909,3923.0454545454545
Admiralty,NS10,WEEKDAY,20,1167.7272727272727,2660.6363636363635
Admiralty,NS10,WEEKDAY,21,777.6818181818181,2403.0454545454545
Admiralty,NS10,WEEKDAY,22,518.6818181818181,2150.1363636363635
Admiralty,NS10,WEEKDAY,23,203.0,1171.7727272727273
Admiralty,NS10,WEEKENDS/HOLIDAY,0,39.888888888888886,455.44444444444446
Admiralty,NS10,WEEKENDS/HOLIDAY,5,549.7777777777778,72.0
Admiralty,NS10,WEEKENDS/HOLIDAY,6,1421.5555555555557,398.77777777777777
Admiralty,NS10,WEEKENDS/HOLIDAY,7,1907.5555555555557,904.7777777777778
Admiralty,NS10,WEEKENDS/HOLIDAY,8,2181.222222222222,1149.0
Admiralty,NS10,WEEKENDS/HOLIDAY,9,2395.1111111111113,1129.2222222222222
Admiralty,NS10,WEEKENDS/HOLIDAY,10,2317.222222222222,956.7777777777778
Admiralty,NS10,WEEKENDS/HOLIDAY,11,2319.3333333333335,1012.8888888888889
Admiralty,NS10,WEEKENDS/HOLIDAY,12,2231.3333333333335,1162.888888888889
Admiralty,NS10,WEEKENDS/HOLIDAY,13,1946.0,1386.5555555555557
Admiralty,NS10,WEEKENDS/HOLIDAY,14,1713.4444444444443,1398.111111111111
Admiralty,NS10,WEEKENDS/HOLIDAY,15,1593.888888888889,1507.2222222222222
Admiralty,NS10,WEEKENDS/HOLIDAY,16,1693.2222222222222,1613.4444444444443
Admiralty,NS10,WEEKENDS/HOLIDAY,17,2036.4444444444443,1884.111111111111
Admiralty,NS10,WEEKENDS/HOLIDAY,18,1714.888888888889,2118.5555555555557
Admiralty,NS10,WEEKENDS/HOLIDAY,19,1231.3333333333333,2110.777777777778
Admiralty,NS10,WEEKENDS/HOLIDAY,20,928.3333333333334,2143.1111111111113
Admiralty,NS10,WEEKENDS/HOLIDAY,21,687.8888888888889,2275.777777777778
Admiralty,NS10,WEEKENDS/HOLIDAY,22,492.1111111111111,2113.8888888888887
Admiralty,NS10,WEEKENDS/HOLIDAY,23,201.44444444444446,1325.4444444444443
Aljunied,EW9,WEEKDAY,0,32.0,150.45454545454547
Aljunied,EW9,WEEKDAY,5,294.59090909090907,30.272727272727273
Aljunied,EW9,WEEKDAY,6,2020.409090909091,344.27272727272725
Aljunied,EW9,WEEKDAY,7,2340.318181818182,847.6363636363636
Aljunied,EW9,WEEKDAY,8,2137.8636363636365,1491.1818181818182
Aljunied,EW9,WEEKDAY,9,1283.7272727272727,953.3636363636364
Aljunied,EW9,WEEKDAY,10,863.6363636363636,567.2727272727273
Aljunied,EW9,WEEKDAY,11,765.5909090909091,552.3181818181819
Aljunied,EW9,WEEKDAY,12,825.9545454545455,636.3181818181819
Aljunied,EW9,WEEKDAY,13,771.6363636363636,711.7272727272727
Aljunied,EW9,WEEKDAY,14,688.6818181818181,700.9545454545455
Aljunied,EW9,WEEKDAY,15,767.8636363636364,753.0909090909091
Aljunied,EW9,WEEKDAY,16,847.0909090909091,858.6363636363636
Aljunied,EW9,WEEKDAY,17,1440.409090909091,1444.1818181818182
Aljunied,EW9,WEEKDAY,18,1806.0,2716.2727272727275
Aljunied,EW9,WEEKDAY,19,1023.5,2676.409090909091
Aljunied,EW9,WEEKDAY,20,747.0454545454545,1604.3181818181818
Aljunied,EW9,WEEKDAY,21,723.3636363636364,1467.0454545454545
Aljunied,EW9,WEEKDAY,22,519.1363636363636,1188.1363636363637
Aljunied,EW9,WEEKDAY,23,252.5909090909091,588.2272727272727
Aljunied,EW9,WEEKENDS/HOLIDAY,0,14.11111111111111,80.33333333333333
Aljunied,EW9,WEEKENDS/HOLIDAY,5,149.44444444444446,7.0
Aljunied,EW9,WEEKENDS/HOLIDAY,6,1336.6666666666667,243.44444444444446
Aljunied,EW9,WEEKENDS/HOLIDAY,7,1389.0,485.1111111111111
Aljunied,EW9,WEEKENDS/HOLIDAY,8,1123.0,948.4444444444445
Aljunied,EW9,WEEKENDS/HOLIDAY,9,1080.111111111111,1360.5555555555557
Aljunied,EW9,WEEKENDS/HOLIDAY,10,1063.0,1184.7777777777778
Aljunied,EW9,WEEKENDS/HOLIDAY,11,1206.4444444444443,1049.111111111111
Aljunied,EW9,WEEKENDS/HOLIDAY,12,1423.7777777777778,1060.7777777777778
Aljunied,EW9,WEEKENDS/HOLIDAY,13,1425.111111111111,1210.5555555555557
Aljunied,EW9,WEEKENDS/HOLIDAY,14,1227.2222222222222,1126.111111111111
Aljunied,EW9,WEEKENDS/HOLIDAY,15,1211.4444444444443,1139.6666666666667
Aljunied,EW9,WEEKENDS/HOLIDAY,16,1416.5555555555557,1254.6666666666667
Aljunied,EW9,WEEKENDS/HOLIDAY,17,1482.0,1689.0
Aljunied,EW9,WEEKENDS/HOLIDAY,18,1417.4444444444443,1960.0
Aljunied,EW9,WEEKENDS/HOLIDAY,19,1216.5555555555557,2001.5555555555557
Aljunied,EW9,WEEKENDS/HOLIDAY,20,1018.7777777777778,1520.5555555555557
Aljunied,EW9,WEEKENDS/HOLIDAY,21,868.2222222222222,1339.7777777777778
Aljunied,EW9,WEEKENDS/HOLIDAY,22,639.8888888888889,1157.2222222222222
Aljunied,EW9,WEEKENDS/HOLIDAY,23,312.44444444444446,627.2222222222222
Ang Mo Kio,NS16,WEEKDAY,0,60.45454545454545,401.95454545454544
Ang Mo Kio,NS16,WEEKDAY,5,761.7727272727273,133.77272727272728
Ang Mo Kio,NS16,WEEKDAY,6,2212.9545454545455,1203.0454545454545
Ang Mo Kio,NS16,WEEKDAY,7,4085.681818181818,2515.5454545454545
Ang Mo Kio,NS16,WEEKDAY,8,4673.818181818182,2658.4545454545455
Ang Mo Kio,NS16,WEEKDAY,9,2940.681818181818,1607.4545454545455
Ang Mo Kio,NS16,WEEKDAY,10,2023.0,1415.9545454545455
Ang Mo Kio,NS16,WEEKDAY,11,1834.1363636363637,1351.6818181818182
Ang Mo Kio,NS16,WEEKDAY,12,1898.8636363636363,1641.7272727272727
Ang Mo Kio,NS16,WEEKDAY,13,1844.909090909091,1772.2727272727273
Ang Mo Kio,NS16,WEEKDAY,14,1658.2272727272727,1760.9545454545455
Ang Mo Kio,NS16,WEEKDAY,15,1647.3181818181818,1996.4545454545455
Ang Mo Kio,NS16,WEEKDAY,16,1774.7727272727273,2318.4545454545455
Ang Mo Kio,NS16,WEEKDAY,17,2664.181818181818,3575.2272727272725
Ang Mo Kio,NS16,WEEKDAY,18,3328.409090909091,5710.818181818182
Ang Mo Kio,NS16,WEEKDAY,19,2146.5454545454545,4149.545454545455
Ang Mo Kio,NS16,WEEKDAY,20,1604.0454545454545,2896.2727272727275
Ang Mo Kio,NS16,WEEKDAY,21,1396.1363636363637,2794.5454545454545
Ang Mo Kio,NS16,WEEKDAY,22,872.0,2563.6363636363635
Ang Mo Kio,NS16,WEEKDAY,23,353.95454545454544,1372.409090909091
Ang Mo Kio,NS16,WEEKENDS/HOLIDAY,0,53.22222222222222,487.22222222222223
Ang Mo Kio,NS16,WEEKENDS/HOLIDAY,5,406.1111111111111,50.0
Ang Mo Kio,NS16,WEEKENDS/HOLIDAY,6,1225.111111111111,613.3333333333334
Ang Mo Kio,NS16,WEEKENDS/HOLIDAY,7,1635.3333333333333,1047.3333333333333
Ang Mo Kio,NS16,WEEKENDS/HOLIDAY,8,2141.5555555555557,1300.888888888889
Ang Mo Kio,NS16,WEEKENDS/HOLIDAY,9,2639.1111111111113,1525.7777777777778
Ang Mo Kio,NS16,WEEKENDS/HOLIDAY,10,2334.3333333333335,1502.3333333333333
Ang Mo Kio,NS16,WEEKENDS/HOLIDAY,11,2269.8888888888887,1529.5555555555557
Ang Mo Kio,NS16,WEEKENDS/HOLIDAY,12,2287.222222222222,1751.3333333333333
Ang Mo Kio,NS16,WEEKENDS/HOLIDAY,13,2148.1111111111113,1931.111111111111
Ang Mo Kio,NS16,WEEKENDS/HOLIDAY,14,2013.888888888889,1977.7777777777778
Ang Mo Kio,NS16,WEEKENDS/HOLIDAY,15,1922.3333333333333,2135.1111111111113
Ang Mo Kio,NS16,WEEKENDS/HOLIDAY,16,2017.0,2332.0
Ang Mo Kio,NS16,WEEKENDS/HOLIDAY,17,2198.5555555555557,2660.8888888888887
Ang Mo Kio,NS16,WEEKENDS/HOLIDAY,18,2014.7777777777778,2794.5555555555557
Ang Mo Kio,NS16,WEEKENDS/HOLIDAY,19,1666.4444444444443,2599.8888888888887
Ang Mo Kio,NS16,WEEKENDS/HOLIDAY,20,1353.0,2485.3333333333335
Ang Mo Kio,NS16,WEEKENDS/HOLIDAY,21,1180.6666666666667,2598.0
Ang Mo Kio,NS16,WEEKENDS/HOLIDAY,22,854.0,2645.8888888888887
Ang Mo Kio,NS16,WEEKENDS/HOLIDAY,23,354.0,1544.0
Bartley,CC12,WEEKDAY,0,4.0,21.272727272727273
Bartley,CC12,WEEKDAY,5,27.954545454545453,3.6363636363636362
Bartley,CC12,WEEKDAY,6,197.77272727272728,101.81818181818181
Bartley,CC12,WEEKDAY,7,655.0,319.1818181818182
Bartley,CC12,WEEKDAY,8,1049.5454545454545,321.5
Bartley,CC12,WEEKDAY,9,601.5,198.9090909090909
Bartley,CC12,WEEKDAY,10,320.5,152.6818181818182
Bartley,CC12,WEEKDAY,11,339.6818181818182,157.5909090909091
Bartley,CC12,WEEKDAY,12,323.27272727272725,218.13636363636363
Bartley,CC12,WEEKDAY,13,289.77272727272725,286.27272727272725
Bartley,CC12,WEEKDAY,14,234.13636363636363,266.0
Bartley,CC12,WEEKDAY,15,236.36363636363637,259.54545454545456
Bartley,CC12,WEEKDAY,16,324.5,297.22727272727275
Bartley,CC12,WEEKDAY,17,457.95454545454544,477.8636363636364
Bartley,CC12,WEEKDAY,18,537.0454545454545,810.5909090909091
Bartley,CC12,WEEKDAY,19,304.3636363636364,625.7272727272727
Bartley,CC12,WEEKDAY,20,193.5909090909091,410.90909090909093
Bartley,CC12,WEEKDAY,21,131.8181818181818,380.04545454545456
Bartley,CC12,WEEKDAY,22,101.27272727272727,277.45454545454544
Bartley,CC12,WEEKDAY,23,30.40909090909091,108.4090909090909
Bartley,CC12,WEEKENDS/HOLIDAY,0,0.4444444444444444,14.11111111111111
Bartley,CC12,WEEKENDS/HOLIDAY,5,3.111111111111111,0.4444444444444444
Bartley,CC12,WEEKENDS/HOLIDAY,6,21.0,14.444444444444445
Bartley,CC12,WEEKENDS/HOLIDAY,7,34.77777777777778,44.44444444444444
Bartley,CC12,WEEKENDS/HOLIDAY,8,143.33333333333334,61.666666666666664
Bartley,CC12,WEEKENDS/HOLIDAY,9,338.8888888888889,190.0
Bartley,CC12,WEEKENDS/HOLIDAY,10,393.3333333333333,221.11111111111111
Bartley,CC12,WEEKENDS/HOLIDAY,11,414.44444444444446,242.44444444444446
Bartley,CC12,WEEKENDS/HOLIDAY,12,474.22222222222223,278.0
Bartley,CC12,WEEKENDS/HOLIDAY,13,371.3333333333333,305.6666666666667
Bartley,CC12,WEEKENDS/HOLIDAY,14,307.3333333333333,298.6666666666667
Bartley,CC12,WEEKENDS/HOLIDAY,15,304.22222222222223,295.22222222222223
Bartley,CC12,WEEKENDS/HOLIDAY,16,357.8888888888889,298.8888888888889
Bartley,CC12,WEEKENDS/HOLIDAY,17,410.55555555555554,326.22222222222223
Bartley,CC12,WEEKENDS/HOLIDAY,18,361.0,348.55555555555554
Bartley,CC12,WEEKENDS/HOLIDAY,19,234.88888888888889,335.0
Bartley,CC12,WEEKENDS/HOLIDAY,20,151.88888888888889,328.22222222222223
Bartley,CC12,WEEKENDS/HOLIDAY,21,123.77777777777777,314.3333333333333
Bartley,CC12,WEEKENDS/HOLIDAY,22,99.44444444444444,270.55555555555554
Bartley,CC12,WEEKENDS/HOLIDAY,23,28.11111111111111,115.66666666666667
Bayfront,CE1/DT16,WEEKDAY,0,852.0,70.72727272727273
Bayfront,CE1/DT16,WEEKDAY,5,59.40909090909091,0.0
Bayfront,CE1/DT16,WEEKDAY,6,323.54545454545456,1115.909090909091
Bayfront,CE1/DT16,WEEKDAY,7,562.0,1242.8636363636363
Bayfront,CE1/DT16,WEEKDAY,8,515.2727272727273,1599.7727272727273
Bayfront,CE1/DT16,WEEKDAY,9,366.0,1763.2727272727273
Bayfront,CE1/DT16,WEEKDAY,10,474.09090909090907,1732.4545454545455
Bayfront,CE1/DT16,WEEKDAY,11,764.2272727272727,1973.5
Bayfront,CE1/DT16,WEEKDAY,12,956.0,2104.681818181818
Bayfront,CE1/DT16,WEEKDAY,13,1285.8181818181818,2109.090909090909
Bayfront,CE1/DT16,WEEKDAY,14,1440.909090909091,2117.1363636363635
Bayfront,CE1/DT16,WEEKDAY,15,1851.1363636363637,1867.3181818181818
Bayfront,CE1/DT16,WEEKDAY,16,1938.090909090909,1985.1818181818182
Bayfront,CE1/DT16,WEEKDAY,17,2422.5,2571.0454545454545
Bayfront,CE1/DT16,WEEKDAY,18,2805.590909090909,3484.2272727272725
Bayfront,CE1/DT16,WEEKDAY,19,2789.2727272727275,3202.3636363636365
Bayfront,CE1/DT16,WEEKDAY,20,4245.136363636364,2050.5
Bayfront,CE1/DT16,WEEKDAY,21,4270.818181818182,1538.0454545454545
Bayfront,CE1/DT16,WEEKDAY,22,4210.363636363636,1383.7727272727273
Bayfront,CE1/DT16,WEEKDAY,23,2590.0454545454545,568.9545454545455
Bayfront,CE1/DT16,WEEKENDS/HOLIDAY,0,102.22222222222223,31.555555555555557
Bayfront,CE1/DT16,WEEKENDS/HOLIDAY,5,37.22222222222222,0.0
Bayfront,CE1/DT16,WEEKENDS/HOLIDAY,6,598.0,986.8888888888889
Bayfront,CE1/DT16,WEEKENDS/HOLIDAY,7,688.2222222222222,1118.4444444444443
Bayfront,CE1/DT16,WEEKENDS/HOLIDAY,8,519.0,1514.0
Bayfront,CE1/DT16,WEEKENDS/HOLIDAY,9,397.0,1978.3333333333333
Bayfront,CE1/DT16,WEEKENDS/HOLIDAY,10,868.7777777777778,2730.4444444444443
Bayfront,CE1/DT16,WEEKENDS/HOLIDAY,11,1044.2222222222222,3352.0
Bayfront,CE1/DT16,WEEKENDS/HOLIDAY,12,1318.3333333333333,3327.3333333333335
Bayfront,CE1/DT16,WEEKENDS/HOLIDAY,13,2268.6666666666665,3569.222222222222
Bayfront,CE1/DT16,WEEKENDS/HOLIDAY,14,2352.3333333333335,3735.5555555555557
Bayfront,CE1/DT16,WEEKENDS/HOLIDAY,15,3311.777777777778,3441.8888888888887
Bayfront,CE1/DT16,WEEKENDS/HOLIDAY,16,3624.6666666666665,3714.8888888888887
Bayfront,CE1/DT16,WEEKENDS/HOLIDAY,17,3965.3333333333335,4245.666666666667
Bayfront,CE1/DT16,WEEKENDS/HOLIDAY,18,3948.6666666666665,4714.666666666667
Bayfront,CE1/DT16,WEEKENDS/HOLIDAY,19,4520.777777777777,4361.222222222223
Bayfront,CE1/DT16,WEEKENDS/HOLIDAY,20,6844.444444444444,2379.3333333333335
Bayfront,CE1/DT16,WEEKENDS/HOLIDAY,21,6768.222222222223,1348.888888888889
Bayfront,CE1/DT16,WEEKENDS/HOLIDAY,22,6266.444444444444,919.3333333333334
Bayfront,CE1/DT16,WEEKENDS/HOLIDAY,23,3226.6666666666665,331.8888888888889
Bayshore,TE29,WEEKDAY,0,2.6363636363636362,33.04545454545455
Bayshore,TE29,WEEKDAY,5,12.090909090909092,0.09090909090909091
Bayshore,TE29,WEEKDAY,6,95.72727272727273,20.818181818181817
Bayshore,TE29,WEEKDAY,7,328.8636363636364,111.72727272727273
Bayshore,TE29,WEEKDAY,8,595.0909090909091,108.77272727272727
Bayshore,TE29,WEEKDAY,9,320.04545454545456,71.86363636363636
Bayshore,TE29,WEEKDAY,10,202.54545454545453,61.09090909090909
Bayshore,TE29,WEEKDAY,11,196.63636363636363,73.13636363636364
Bayshore,TE29,WEEKDAY,12,167.0,106.54545454545455
Bayshore,TE29,WEEKDAY,13,145.9090909090909,135.04545454545453
Bayshore,TE29,WEEKDAY,14,122.68181818181819,141.63636363636363
Bayshore,TE29,WEEKDAY,15,114.5909090909091,168.45454545454547
Bayshore,TE29,WEEKDAY,16,133.95454545454547,209.72727272727272
Bayshore,TE29,WEEKDAY,17,188.04545454545453,268.45454545454544
Bayshore,TE29,WEEKDAY,18,205.1818181818182,439.8181818181818
Bayshore,TE29,WEEKDAY,19,138.63636363636363,398.09090909090907
Bayshore,TE29,WEEKDAY,20,78.31818181818181,244.4090909090909
Bayshore,TE29,WEEKDAY,21,52.22727272727273,216.54545454545453
Bayshore,TE29,WEEKDAY,22,38.45454545454545,176.3181818181818
Bayshore,TE29,WEEKDAY,23,16.545454545454547,92.0909090909091
Bayshore,TE29,WEEKENDS/HOLIDAY,0,0.8888888888888888,28.444444444444443
Bayshore,TE29,WEEKENDS/HOLIDAY,5,5.111111111111111,0.0
Bayshore,TE29,WEEKENDS/HOLIDAY,6,45.22222222222222,15.88888888888889
Bayshore,TE29,WEEKENDS/HOLIDAY,7,86.77777777777777,75.0
Bayshore,TE29,WEEKENDS/HOLIDAY,8,169.11111111111111,72.33333333333333
Bayshore,TE29,WEEKENDS/HOLIDAY,9,208.88888888888889,83.77777777777777
Bayshore,TE29,WEEKENDS/HOLIDAY,10,229.33333333333334,92.55555555555556
Bayshore,TE29,WEEKENDS/HOLIDAY,11,225.88888888888889,126.11111111111111
Bayshore,TE29,WEEKENDS/HOLIDAY,12,193.88888888888889,132.11111111111111
Bayshore,TE29,WEEKENDS/HOLIDAY,13,171.88888888888889,159.55555555555554
Bayshore,TE29,WEEKENDS/HOLIDAY,14,151.22222222222223,173.44444444444446
Bayshore,TE29,WEEKENDS/HOLIDAY,15,164.77777777777777,175.88888888888889
Bayshore,TE29,WEEKENDS/HOLIDAY,16,178.44444444444446,190.22222222222223
Bayshore,TE29,WEEKENDS/HOLIDAY,17,194.22222222222223,213.33333333333334
Bayshore,TE29,WEEKENDS/HOLIDAY,18,217.44444444444446,230.11111111111111
Bayshore,TE29,WEEKENDS/HOLIDAY,19,159.33333333333334,220.22222222222223
Bayshore,TE29,WEEKENDS/HOLIDAY,20,93.55555555555556,233.33333333333334
Bayshore,TE29,WEEKENDS/HOLIDAY,21,67.0,218.33333333333334
Bayshore,TE29,WEEKENDS/HOLIDAY,22,47.22222222222222,183.0
Bayshore,TE29,WEEKENDS/HOLIDAY,23,22.88888888888889,94.88888888888889
Beauty World,DT5,WEEKDAY,0,10.909090909090908,105.5
Beauty World,DT5,WEEKDAY,5,72.9090909090909,9.409090909090908
Beauty World,DT5,WEEKDAY,6,487.8636363636364,211.1818181818182
Beauty World,DT5,WEEKDAY,7,1227.7272727272727,675.2272727272727
Beauty World,DT5,WEEKDAY,8,1751.6818181818182,834.9090909090909
Beauty World,DT5,WEEKDAY,9,983.0909090909091,569.5454545454545
Beauty World,DT5,WEEKDAY,10,640.3636363636364,469.59090909090907
Beauty World,DT5,WEEKDAY,11,681.5909090909091,478.5
Beauty World,DT5,WEEKDAY,12,732.6818181818181,586.4545454545455
Beauty World,DT5,WEEKDAY,13,716.0,563.9090909090909
Beauty World,DT5,WEEKDAY,14,592.3181818181819,546.7727272727273
Beauty World,DT5,WEEKDAY,15,580.4545454545455,597.0454545454545
Beauty World,DT5,WEEKDAY,16,644.9545454545455,698.1363636363636
Beauty World,DT5,WEEKDAY,17,961.4090909090909,1152.5454545454545
Beauty World,DT5,WEEKDAY,18,1100.5,1849.4545454545455
Beauty World,DT5,WEEKDAY,19,794.0454545454545,1350.2727272727273
Beauty World,DT5,WEEKDAY,20,587.4090909090909,819.7727272727273
Beauty World,DT5,WEEKDAY,21,438.8636363636364,768.0454545454545
Beauty World,DT5,WEEKDAY,22,282.40909090909093,669.6818181818181
Beauty World,DT5,WEEKDAY,23,109.27272727272727,374.77272727272725
Beauty World,DT5,WEEKENDS/HOLIDAY,0,7.777777777777778,78.88888888888889
Beauty World,DT5,WEEKENDS/HOLIDAY,5,40.77777777777778,3.6666666666666665
Beauty World,DT5,WEEKENDS/HOLIDAY,6,247.11111111111111,127.88888888888889
Beauty World,DT5,WEEKENDS/HOLIDAY,7,442.0,396.1111111111111
Beauty World,DT5,WEEKENDS/HOLIDAY,8,603.0,567.7777777777778
Beauty World,DT5,WEEKENDS/HOLIDAY,9,828.8888888888889,702.8888888888889
Beauty World,DT5,WEEKENDS/HOLIDAY,10,916.5555555555555,635.7777777777778
Beauty World,DT5,WEEKENDS/HOLIDAY,11,1065.5555555555557,608.0
Beauty World,DT5,WEEKENDS/HOLIDAY,12,1057.2222222222222,659.8888888888889
Beauty World,DT5,WEEKENDS/HOLIDAY,13,975.7777777777778,651.2222222222222
Beauty World,DT5,WEEKENDS/HOLIDAY,14,829.8888888888889,630.5555555555555
Beauty World,DT5,WEEKENDS/HOLIDAY,15,760.5555555555555,659.1111111111111
Beauty World,DT5,WEEKENDS/HOLIDAY,16,754.5555555555555,714.5555555555555
Beauty World,DT5,WEEKENDS/HOLIDAY,17,837.1111111111111,865.8888888888889
Beauty World,DT5,WEEKENDS/HOLIDAY,18,817.6666666666666,941.0
Beauty World,DT5,WEEKENDS/HOLIDAY,19,639.1111111111111,865.0
Beauty World,DT5,WEEKENDS/HOLIDAY,20,456.22222222222223,789.2222222222222
Beauty World,DT5,WEEKENDS/HOLIDAY,21,339.44444444444446,792.6666666666666
Beauty World,DT5,WEEKENDS/HOLIDAY,22,235.22222222222223,714.4444444444445
Beauty World,DT5,WEEKENDS/HOLIDAY,23,97.0,389.1111111111111
Bedok,EW5,WEEKDAY,0,15.409090909090908,193.45454545454547
Bedok,EW5,WEEKDAY,5,529.8181818181819,35.59090909090909
Bedok,EW5,WEEKDAY,6,1582.5454545454545,668.0909090909091
Bedok,EW5,WEEKDAY,7,2880.5454545454545,1575.1818181818182
Bedok,EW5,WEEKDAY,8,3756.7727272727275,1565.090909090909
Bedok,EW5,WEEKDAY,9,2297.1363636363635,1118.1818181818182
Bedok,EW5,WEEKDAY,10,1581.7727272727273,974.5454545454545
Bedok,EW5,WEEKDAY,11,1468.7727272727273,1005.9545454545455
Bedok,EW5,WEEKDAY,12,1508.590909090909,1179.590909090909
Bedok,EW5,WEEKDAY,13,1509.3636363636363,1275.7727272727273
Bedok,EW5,WEEKDAY,14,1309.909090909091,1275.7727272727273
Bedok,EW5,WEEKDAY,15,1259.8181818181818,1443.3636363636363
Bedok,EW5,WEEKDAY,16,1398.5454545454545,1676.1363636363637
Bedok,EW5,WEEKDAY,17,2343.7727272727275,2517.3636363636365
Bedok,EW5,WEEKDAY,18,2545.1363636363635,4012.4545454545455
Bedok,EW5,WEEKDAY,19,1591.5454545454545,2983.9545454545455
Bedok,EW5,WEEKDAY,20,1198.2727272727273,1951.4545454545455
Bedok,EW5,WEEKDAY,21,917.8181818181819,1807.3181818181818
Bedok,EW5,WEEKDAY,22,612.3636363636364,1726.7272727272727
Bedok,EW5,WEEKDAY,23,201.5,896.1363636363636
Bedok,EW5,WEEKENDS/HOLIDAY,0,7.888888888888889,153.66666666666666
Bedok,EW5,WEEKENDS/HOLIDAY,5,212.22222222222223,7.888888888888889
Bedok,EW5,WEEKENDS/HOLIDAY,6,745.1111111111111,317.3333333333333
Bedok,EW5,WEEKENDS/HOLIDAY,7,1146.4444444444443,730.2222222222222
Bedok,EW5,WEEKENDS/HOLIDAY,8,1623.2222222222222,810.3333333333334
Bedok,EW5,WEEKENDS/HOLIDAY,9,2009.7777777777778,1074.2222222222222
Bedok,EW5,WEEKENDS/HOLIDAY,10,1878.2222222222222,1118.3333333333333
Bedok,EW5,WEEKENDS/HOLIDAY,11,1823.0,1227.3333333333333
Bedok,EW5,WEEKENDS/HOLIDAY,12,1837.7777777777778,1366.111111111111
Bedok,EW5,WEEKENDS/HOLIDAY,13,1796.111111111111,1457.888888888889
Bedok,EW5,WEEKENDS/HOLIDAY,14,1653.3333333333333,1537.4444444444443
Bedok,EW5,WEEKENDS/HOLIDAY,15,1628.3333333333333,1744.2222222222222
Bedok,EW5,WEEKENDS/HOLIDAY,16,1655.5555555555557,1903.4444444444443
Bedok,EW5,WEEKENDS/HOLIDAY,17,1812.7777777777778,2156.8888888888887
Bedok,EW5,WEEKENDS/HOLIDAY,18,1699.888888888889,2201.777777777778
Bedok,EW5,WEEKENDS/HOLIDAY,19,1419.5555555555557,1940.7777777777778
Bedok,EW5,WEEKENDS/HOLIDAY,20,1169.6666666666667,1768.6666666666667
Bedok,EW5,WEEKENDS/HOLIDAY,21,885.5555555555555,1769.6666666666667
Bedok,EW5,WEEKENDS/HOLIDAY,22,613.7777777777778,1772.3333333333333
Bedok,EW5,WEEKENDS/HOLIDAY,23,193.44444444444446,906.2222222222222
Bedok North,DT29,WEEKDAY,0,5.363636363636363,61.27272727272727
Bedok North,DT29,WEEKDAY,5,101.68181818181819,3.590909090909091
Bedok North,DT29,WEEKDAY,6,526.8181818181819,106.54545454545455
Bedok North,DT29,WEEKDAY,7,1155.909090909091,385.8636363636364
Bedok North,DT29,WEEKDAY,8,1354.1363636363637,481.8636363636364
Bedok North,DT29,WEEKDAY,9,748.5,234.3181818181818
Bedok North,DT29,WEEKDAY,10,426.45454545454544,121.68181818181819
Bedok North,DT29,WEEKDAY,11,326.40909090909093,126.0
Bedok North,DT29,WEEKDAY,12,308.77272727272725,172.13636363636363
Bedok North,DT29,WEEKDAY,13,285.40909090909093,222.45454545454547
Bedok North,DT29,WEEKDAY,14,232.4090909090909,223.3181818181818
Bedok North,DT29,WEEKDAY,15,232.9090909090909,273.95454545454544
Bedok North,DT29,WEEKDAY,16,270.8181818181818,364.27272727272725
Bedok North,DT29,WEEKDAY,17,558.5,616.8636363636364
Bedok North,DT29,WEEKDAY,18,618.3181818181819,1105.6363636363637
Bedok North,DT29,WEEKDAY,19,319.59090909090907,804.2727272727273
Bedok North,DT29,WEEKDAY,20,202.13636363636363,569.7272727272727
Bedok North,DT29,WEEKDAY,21,158.9090909090909,555.5
Bedok North,DT29,WEEKDAY,22,102.31818181818181,510.6818181818182
Bedok North,DT29,WEEKDAY,23,42.54545454545455,264.3181818181818
Bedok North,DT29,WEEKENDS/HOLIDAY,0,1.7777777777777777,46.888888888888886
Bedok North,DT29,WEEKENDS/HOLIDAY,5,44.666666666666664,1.5555555555555556
Bedok North,DT29,WEEKENDS/HOLIDAY,6,236.77777777777777,52.111111111111114
Bedok North,DT29,WEEKENDS/HOLIDAY,7,344.55555555555554,133.44444444444446
Bedok North,DT29,WEEKENDS/HOLIDAY,8,400.3333333333333,152.44444444444446
Bedok North,DT29,WEEKENDS/HOLIDAY,9,477.8888888888889,157.88888888888889
Bedok North,DT29,WEEKENDS/HOLIDAY,10,459.55555555555554,130.0
Bedok North,DT29,WEEKENDS/HOLIDAY,11,426.1111111111111,154.77777777777777
Bedok North,DT29,WEEKENDS/HOLIDAY,12,411.22222222222223,206.88888888888889
Bedok North,DT29,WEEKENDS/HOLIDAY,13,352.44444444444446,252.44444444444446
Bedok North,DT29,WEEKENDS/HOLIDAY,14,333.3333333333333,255.44444444444446
Bedok North,DT29,WEEKENDS/HOLIDAY,15,298.1111111111111,301.22222222222223
Bedok North,DT29,WEEKENDS/HOLIDAY,16,344.44444444444446,344.6666666666667
Bedok North,DT29,WEEKENDS/HOLIDAY,17,392.8888888888889,396.1111111111111
Bedok North,DT29,WEEKENDS/HOLIDAY,18,354.22222222222223,411.8888888888889
Bedok North,DT29,WEEKENDS/HOLIDAY,19,245.22222222222223,430.3333333333333
Bedok North,DT29,WEEKENDS/HOLIDAY,20,173.22222222222223,483.44444444444446
Bedok North,DT29,WEEKENDS/HOLIDAY,21,138.11111111111111,531.4444444444445
Bedok North,DT29,WEEKENDS/HOLIDAY,22,92.22222222222223,490.1111111111111
Bedok North,DT29,WEEKENDS/HOLIDAY,23,37.111111111111114,279.0
Bedok Reservoir,DT30,WEEKDAY,0,3.3181818181818183,63.95454545454545
Bedok Reservoir,DT30,WEEKDAY,5,89.45454545454545,6.409090909090909
Bedok Reservoir,DT30,WEEKDAY,6,463.22727272727275,94.31818181818181
Bedok Reservoir,DT30,WEEKDAY,7,1247.7272727272727,214.86363636363637
Bedok Reservoir,DT30,WEEKDAY,8,1774.0,279.27272727272725
Bedok Reservoir,DT30,WEEKDAY,9,934.0,180.1818181818182
Bedok Reservoir,DT30,WEEKDAY,10,504.95454545454544,124.0
Bedok Reservoir,DT30,WEEKDAY,11,428.1363636363636,137.36363636363637
Bedok Reservoir,DT30,WEEKDAY,12,385.40909090909093,198.0
Bedok Reservoir,DT30,WEEKDAY,13,319.77272727272725,270.72727272727275
Bedok Reservoir,DT30,WEEKDAY,14,263.6818181818182,279.04545454545456
Bedok Reservoir,DT30,WEEKDAY,15,241.54545454545453,318.09090909090907
Bedok Reservoir,DT30,WEEKDAY,16,285.8636363636364,447.72727272727275
Bedok Reservoir,DT30,WEEKDAY,17,423.27272727272725,746.7727272727273
Bedok Reservoir,DT30,WEEKDAY,18,477.04545454545456,1369.1818181818182
Bedok Reservoir,DT30,WEEKDAY,19,284.3181818181818,1014.6818181818181
Bedok Reservoir,DT30,WEEKDAY,20,164.6818181818182,672.1363636363636
Bedok Reservoir,DT30,WEEKDAY,21,129.3181818181818,633.7272727272727
Bedok Reservoir,DT30,WEEKDAY,22,101.27272727272727,586.2272727272727
Bedok Reservoir,DT30,WEEKDAY,23,35.68181818181818,324.95454545454544
Bedok Reservoir,DT30,WEEKENDS/HOLIDAY,0,1.6666666666666667,59.666666666666664
Bedok Reservoir,DT30,WEEKENDS/HOLIDAY,5,37.0,0.7777777777777778
Bedok Reservoir,DT30,WEEKENDS/HOLIDAY,6,197.33333333333334,54.0
Bedok Reservoir,DT30,WEEKENDS/HOLIDAY,7,314.0,162.0
Bedok Reservoir,DT30,WEEKENDS/HOLIDAY,8,472.55555555555554,170.11111111111111
Bedok Reservoir,DT30,WEEKENDS/HOLIDAY,9,565.8888888888889,168.88888888888889
Bedok Reservoir,DT30,WEEKENDS/HOLIDAY,10,565.4444444444445,173.33333333333334
Bedok Reservoir,DT30,WEEKENDS/HOLIDAY,11,531.5555555555555,191.88888888888889
Bedok Reservoir,DT30,WEEKENDS/HOLIDAY,12,502.55555555555554,257.44444444444446
Bedok Reservoir,DT30,WEEKENDS/HOLIDAY,13,431.77777777777777,306.3333333333333
Bedok Reservoir,DT30,WEEKENDS/HOLIDAY,14,358.1111111111111,340.22222222222223
Bedok Reservoir,DT30,WEEKENDS/HOLIDAY,15,340.0,372.3333333333333
Bedok Reservoir,DT30,WEEKENDS/HOLIDAY,16,378.77777777777777,422.55555555555554
Bedok Reservoir,DT30,WEEKENDS/HOLIDAY,17,434.0,457.44444444444446
Bedok Reservoir,DT30,WEEKENDS/HOLIDAY,18,393.44444444444446,461.44444444444446
Bedok Reservoir,DT30,WEEKENDS/HOLIDAY,19,284.77777777777777,481.0
Bedok Reservoir,DT30,WEEKENDS/HOLIDAY,20,172.55555555555554,512.5555555555555
Bedok Reservoir,DT30,WEEKENDS/HOLIDAY,21,144.33333333333334,557.0
Bedok Reservoir,DT30,WEEKENDS/HOLIDAY,22,95.66666666666667,577.5555555555555
Bedok Reservoir,DT30,WEEKENDS/HOLIDAY,23,38.333333333333336,306.3333333333333
Bencoolen,DT21,WEEKDAY,0,24.227272727272727,36.77272727272727
Bencoolen,DT21,WEEKDAY,5,2.6363636363636362,0.13636363636363635
Bencoolen,DT21,WEEKDAY,6,50.45454545454545,117.72727272727273
Bencoolen,DT21,WEEKDAY,7,163.95454545454547,376.72727272727275
Bencoolen,DT21,WEEKDAY,8,410.09090909090907,852.9090909090909
Bencoolen,DT21,WEEKDAY,9,335.77272727272725,681.4090909090909
Bencoolen,DT21,WEEKDAY,10,288.59090909090907,411.27272727272725
Bencoolen,DT21,WEEKDAY,11,324.90909090909093,421.59090909090907
Bencoolen,DT21,WEEKDAY,12,353.22727272727275,497.3636363636364
Bencoolen,DT21,WEEKDAY,13,407.90909090909093,417.8181818181818
Bencoolen,DT21,WEEKDAY,14,336.72727272727275,389.77272727272725
Bencoolen,DT21,WEEKDAY,15,407.0,376.95454545454544
Bencoolen,DT21,WEEKDAY,16,473.90909090909093,358.6363636363636
Bencoolen,DT21,WEEKDAY,17,756.6363636363636,464.1818181818182
Bencoolen,DT21,WEEKDAY,18,1016.6363636363636,769.4090909090909
Bencoolen,DT21,WEEKDAY,19,655.2727272727273,450.04545454545456
Bencoolen,DT21,WEEKDAY,20,505.1818181818182,309.77272727272725
Bencoolen,DT21,WEEKDAY,21,555.5909090909091,323.90909090909093
Bencoolen,DT21,WEEKDAY,22,482.0,261.40909090909093
Bencoolen,DT21,WEEKDAY,23,196.45454545454547,126.13636363636364
Bencoolen,DT21,WEEKENDS/HOLIDAY,0,10.555555555555555,17.22222222222222
Bencoolen,DT21,WEEKENDS/HOLIDAY,5,1.0,0.4444444444444444
Bencoolen,DT21,WEEKENDS/HOLIDAY,6,43.44444444444444,101.55555555555556
Bencoolen,DT21,WEEKENDS/HOLIDAY,7,89.44444444444444,184.44444444444446
Bencoolen,DT21,WEEKENDS/HOLIDAY,8,166.44444444444446,353.77777777777777
Bencoolen,DT21,WEEKENDS/HOLIDAY,9,272.0,368.6666666666667
Bencoolen,DT21,WEEKENDS/HOLIDAY,10,335.8888888888889,414.0
Bencoolen,DT21,WEEKENDS/HOLIDAY,11,354.22222222222223,460.55555555555554
Bencoolen,DT21,WEEKENDS/HOLIDAY,12,381.8888888888889,488.1111111111111
Bencoolen,DT21,WEEKENDS/HOLIDAY,13,372.8888888888889,505.0
Bencoolen,DT21,WEEKENDS/HOLIDAY,14,403.0,488.44444444444446
Bencoolen,DT21,WEEKENDS/HOLIDAY,15,440.0,457.3333333333333
Bencoolen,DT21,WEEKENDS/HOLIDAY,16,491.55555555555554,433.44444444444446
Bencoolen,DT21,WEEKENDS/HOLIDAY,17,560.6666666666666,415.6666666666667
Bencoolen,DT21,WEEKENDS/HOLIDAY,18,569.3333333333334,417.3333333333333
Bencoolen,DT21,WEEKENDS/HOLIDAY,19,497.22222222222223,330.1111111111111
Bencoolen,DT21,WEEKENDS/HOLIDAY,20,435.22222222222223,306.44444444444446
Bencoolen,DT21,WEEKENDS/HOLIDAY,21,452.22222222222223,354.8888888888889
Bencoolen,DT21,WEEKENDS/HOLIDAY,22,400.77777777777777,304.22222222222223
Bencoolen,DT21,WEEKENDS/HOLIDAY,23,180.11111111111111,145.66666666666666
Bendemeer,DT23,WEEKDAY,0,7.7272727272727275,20.636363636363637
Bendemeer,DT23,WEEKDAY,5,6.7272727272727275,0.0
Bendemeer,DT23,WEEKDAY,6,159.36363636363637,146.63636363636363
Bendemeer,DT23,WEEKDAY,7,310.6363636363636,402.6363636363636
Bendemeer,DT23,WEEKDAY,8,307.54545454545456,995.3181818181819
Bendemeer,DT23,WEEKDAY,9,187.3181818181818,755.0454545454545
Bendemeer,DT23,WEEKDAY,10,114.63636363636364,265.8181818181818
Bendemeer,DT23,WEEKDAY,11,165.13636363636363,157.13636363636363
Bendemeer,DT23,WEEKDAY,12,196.0,185.72727272727272
Bendemeer,DT23,WEEKDAY,13,165.4090909090909,208.36363636363637
Bendemeer,DT23,WEEKDAY,14,153.72727272727272,158.36363636363637
Bendemeer,DT23,WEEKDAY,15,179.13636363636363,142.63636363636363
Bendemeer,DT23,WEEKDAY,16,276.95454545454544,156.0
Bendemeer,DT23,WEEKDAY,17,702.7727272727273,252.8181818181818
Bendemeer,DT23,WEEKDAY,18,1017.2272727272727,458.09090909090907
Bendemeer,DT23,WEEKDAY,19,430.72727272727275,305.8181818181818
Bendemeer,DT23,WEEKDAY,20,213.86363636363637,200.95454545454547
Bendemeer,DT23,WEEKDAY,21,198.77272727272728,186.0909090909091
Bendemeer,DT23,WEEKDAY,22,149.77272727272728,151.22727272727272
Bendemeer,DT23,WEEKDAY,23,62.77272727272727,67.5909090909091
Bendemeer,DT23,WEEKENDS/HOLIDAY,0,4.888888888888889,10.88888888888889
Bendemeer,DT23,WEEKENDS/HOLIDAY,5,4.0,0.0
Bendemeer,DT23,WEEKENDS/HOLIDAY,6,93.55555555555556,49.111111111111114
Bendemeer,DT23,WEEKENDS/HOLIDAY,7,182.77777777777777,106.44444444444444
Bendemeer,DT23,WEEKENDS/HOLIDAY,8,111.0,187.33333333333334
Bendemeer,DT23,WEEKENDS/HOLIDAY,9,96.66666666666667,173.22222222222223
Bendemeer,DT23,WEEKENDS/HOLIDAY,10,117.33333333333333,211.22222222222223
Bendemeer,DT23,WEEKENDS/HOLIDAY,11,129.22222222222223,156.88888888888889
Bendemeer,DT23,WEEKENDS/HOLIDAY,12,177.88888888888889,164.0
Bendemeer,DT23,WEEKENDS/HOLIDAY,13,165.44444444444446,179.55555555555554
Bendemeer,DT23,WEEKENDS/HOLIDAY,14,174.11111111111111,186.88888888888889
Bendemeer,DT23,WEEKENDS/HOLIDAY,15,163.44444444444446,170.11111111111111
Bendemeer,DT23,WEEKENDS/HOLIDAY,16,179.33333333333334,167.33333333333334
Bendemeer,DT23,WEEKENDS/HOLIDAY,17,240.77777777777777,198.44444444444446
Bendemeer,DT23,WEEKENDS/HOLIDAY,18,220.0,184.77777777777777
Bendemeer,DT23,WEEKENDS/HOLIDAY,19,177.33333333333334,195.33333333333334
Bendemeer,DT23,WEEKENDS/HOLIDAY,20,135.88888888888889,161.66666666666666
Bendemeer,DT23,WEEKENDS/HOLIDAY,21,138.66666666666666,139.77777777777777
Bendemeer,DT23,WEEKENDS/HOLIDAY,22,110.33333333333333,122.33333333333333
Bendemeer,DT23,WEEKENDS/HOLIDAY,23,53.888888888888886,71.11111111111111
Bishan,NS17/CC15,WEEKDAY,0,46.45454545454545,133.0909090909091
Bishan,NS17/CC15,WEEKDAY,5,254.63636363636363,74.63636363636364
Bishan,NS17/CC15,WEEKDAY,6,1495.1818181818182,590.2727272727273
Bishan,NS17/CC15,WEEKDAY,7,3575.909090909091,922.0909090909091
Bishan,NS17/CC15,WEEKDAY,8,5087.181818181818,1070.6363636363637
Bishan,NS17/CC15,WEEKDAY,9,2803.5454545454545,636.5454545454545
Bishan,NS17/CC15,WEEKDAY,10,1815.3636363636363,483.90909090909093
Bishan,NS17/CC15,WEEKDAY,11,1573.6363636363637,486.45454545454544
Bishan,NS17/CC15,WEEKDAY,12,1504.909090909091,641.5454545454545
Bishan,NS17/CC15,WEEKDAY,13,1297.6363636363637,738.1818181818181
Bishan,NS17/CC15,WEEKDAY,14,1081.5454545454545,741.6363636363636
Bishan,NS17/CC15,WEEKDAY,15,1033.7272727272727,823.6363636363636
Bishan,NS17/CC15,WEEKDAY,16,1188.090909090909,1035.0
Bishan,NS17/CC15,WEEKDAY,17,2073.0,1509.2727272727273
Bishan,NS17/CC15,WEEKDAY,18,2421.818181818182,2621.6363636363635
Bishan,NS17/CC15,WEEKDAY,19,1200.4545454545455,1747.5454545454545
Bishan,NS17/CC15,WEEKDAY,20,793.0909090909091,1198.909090909091
Bishan,NS17/CC15,WEEKDAY,21,708.8181818181819,1270.7272727272727
Bishan,NS17/CC15,WEEKDAY,22,526.1818181818181,1236.2727272727273
Bishan,NS17/CC15,WEEKDAY,23,239.63636363636363,637.8181818181819
Bishan,NS17/CC15,WEEKENDS/HOLIDAY,0,45.111111111111114,148.66666666666666
Bishan,NS17/CC15,WEEKENDS/HOLIDAY,5,66.0,22.444444444444443
Bishan,NS17/CC15,WEEKENDS/HOLIDAY,6,582.8888888888889,253.11111111111111
Bishan,NS17/CC15,WEEKENDS/HOLIDAY,7,987.7777777777778,417.55555555555554
Bishan,NS17/CC15,WEEKENDS/HOLIDAY,8,1528.6666666666667,582.4444444444445
Bishan,NS17/CC15,WEEKENDS/HOLIDAY,9,2131.5555555555557,591.5555555555555
Bishan,NS17/CC15,WEEKENDS/HOLIDAY,10,2032.2222222222222,546.8888888888889
Bishan,NS17/CC15,WEEKENDS/HOLIDAY,11,1909.5555555555557,594.4444444444445
Bishan,NS17/CC15,WEEKENDS/HOLIDAY,12,1765.3333333333333,681.5555555555555
Bishan,NS17/CC15,WEEKENDS/HOLIDAY,13,1488.0,806.2222222222222
Bishan,NS17/CC15,WEEKENDS/HOLIDAY,14,1266.2222222222222,809.5555555555555
Bishan,NS17/CC15,WEEKENDS/HOLIDAY,15,1280.6666666666667,876.0
Bishan,NS17/CC15,WEEKENDS/HOLIDAY,16,1351.5555555555557,963.1111111111111
Bishan,NS17/CC15,WEEKENDS/HOLIDAY,17,1480.2222222222222,1028.0
Bishan,NS17/CC15,WEEKENDS/HOLIDAY,18,1394.4444444444443,1086.0
Bishan,NS17/CC15,WEEKENDS/HOLIDAY,19,967.7777777777778,999.1111111111111
Bishan,NS17/CC15,WEEKENDS/HOLIDAY,20,675.5555555555555,1040.6666666666667
Bishan,NS17/CC15,WEEKENDS/HOLIDAY,21,649.7777777777778,1121.3333333333333
Bishan,NS17/CC15,WEEKENDS/HOLIDAY,22,531.5555555555555,1139.5555555555557
Bishan,NS17/CC15,WEEKENDS/HOLIDAY,23,238.66666666666666,662.2222222222222
Boon Keng,NE9,WEEKDAY,0,21.772727272727273,74.36363636363636
Boon Keng,NE9,WEEKDAY,5,161.63636363636363,3.0454545454545454
Boon Keng,NE9,WEEKDAY,6,956.8181818181819,702.4545454545455
Boon Keng,NE9,WEEKDAY,7,1913.8181818181818,1353.2727272727273
Boon Keng,NE9,WEEKDAY,8,2294.090909090909,2276.909090909091
Boon Keng,NE9,WEEKDAY,9,1583.909090909091,1393.1363636363637
Boon Keng,NE9,WEEKDAY,10,1256.2272727272727,809.1363636363636
Boon Keng,NE9,WEEKDAY,11,1305.0454545454545,756.5
Boon Keng,NE9,WEEKDAY,12,1340.909090909091,885.1818181818181
Boon Keng,NE9,WEEKDAY,13,1166.0454545454545,990.1363636363636
Boon Keng,NE9,WEEKDAY,14,1005.6818181818181,846.0909090909091
Boon Keng,NE9,WEEKDAY,15,950.5909090909091,816.5454545454545
Boon Keng,NE9,WEEKDAY,16,1116.2272727272727,997.9545454545455
Boon Keng,NE9,WEEKDAY,17,2169.9545454545455,1405.1363636363637
Boon Keng,NE9,WEEKDAY,18,2698.8636363636365,2164.090909090909
Boon Keng,NE9,WEEKDAY,19,1625.590909090909,1682.0
Boon Keng,NE9,WEEKDAY,20,876.3636363636364,1286.590909090909
Boon Keng,NE9,WEEKDAY,21,625.4090909090909,1223.0454545454545
Boon Keng,NE9,WEEKDAY,22,435.1363636363636,1011.3636363636364
Boon Keng,NE9,WEEKDAY,23,180.27272727272728,484.40909090909093
Boon Keng,NE9,WEEKENDS/HOLIDAY,0,7.666666666666667,38.55555555555556
Boon Keng,NE9,WEEKENDS/HOLIDAY,5,50.77777777777778,0.0
Boon Keng,NE9,WEEKENDS/HOLIDAY,6,582.2222222222222,379.55555555555554
Boon Keng,NE9,WEEKENDS/HOLIDAY,7,946.2222222222222,486.8888888888889
Boon Keng,NE9,WEEKENDS/HOLIDAY,8,1056.888888888889,788.2222222222222
Boon Keng,NE9,WEEKENDS/HOLIDAY,9,1329.6666666666667,839.3333333333334
Boon Keng,NE9,WEEKENDS/HOLIDAY,10,1412.6666666666667,810.4444444444445
Boon Keng,NE9,WEEKENDS/HOLIDAY,11,1411.0,847.2222222222222
Boon Keng,NE9,WEEKENDS/HOLIDAY,12,1418.7777777777778,923.1111111111111
Boon Keng,NE9,WEEKENDS/HOLIDAY,13,1296.888888888889,974.7777777777778
Boon Keng,NE9,WEEKENDS/HOLIDAY,14,1216.3333333333333,920.1111111111111
Boon Keng,NE9,WEEKENDS/HOLIDAY,15,1044.7777777777778,915.4444444444445
Boon Keng,NE9,WEEKENDS/HOLIDAY,16,1070.0,1025.7777777777778
Boon Keng,NE9,WEEKENDS/HOLIDAY,17,1257.888888888889,1158.0
Boon Keng,NE9,WEEKENDS/HOLIDAY,18,1239.3333333333333,1279.4444444444443
Boon Keng,NE9,WEEKENDS/HOLIDAY,19,1096.5555555555557,1160.5555555555557
Boon Keng,NE9,WEEKENDS/HOLIDAY,20,743.3333333333334,1138.0
Boon Keng,NE9,WEEKENDS/HOLIDAY,21,557.4444444444445,1146.0
Boon Keng,NE9,WEEKENDS/HOLIDAY,22,408.77777777777777,968.3333333333334
Boon Keng,NE9,WEEKENDS/HOLIDAY,23,192.33333333333334,532.7777777777778
Boon Lay,EW27,WEEKDAY,0,30.454545454545453,301.72727272727275
Boon Lay,EW27,WEEKDAY,5,907.3181818181819,228.0
Boon Lay,EW27,WEEKDAY,6,2655.818181818182,1879.5454545454545
Boon Lay,EW27,WEEKDAY,7,5234.363636363636,3915.181818181818
Boon Lay,EW27,WEEKDAY,8,4061.818181818182,3247.409090909091
Boon Lay,EW27,WEEKDAY,9,2076.2727272727275,1607.7272727272727
Boon Lay,EW27,WEEKDAY,10,1624.7272727272727,1422.2727272727273
Boon Lay,EW27,WEEKDAY,11,1680.1818181818182,1507.2272727272727
Boon Lay,EW27,WEEKDAY,12,1938.409090909091,1825.090909090909
Boon Lay,EW27,WEEKDAY,13,1858.4545454545455,1954.9545454545455
Boon Lay,EW27,WEEKDAY,14,1621.090909090909,1835.1363636363637
Boon Lay,EW27,WEEKDAY,15,1738.8636363636363,2127.090909090909
Boon Lay,EW27,WEEKDAY,16,2157.590909090909,2601.8636363636365
Boon Lay,EW27,WEEKDAY,17,3837.681818181818,4786.590909090909
Boon Lay,EW27,WEEKDAY,18,4133.909090909091,6825.272727272727
Boon Lay,EW27,WEEKDAY,19,2676.9545454545455,5060.954545454545
Boon Lay,EW27,WEEKDAY,20,1945.5,3509.909090909091
Boon Lay,EW27,WEEKDAY,21,1614.9545454545455,2699.181818181818
Boon Lay,EW27,WEEKDAY,22,912.7727272727273,2232.9545454545455
Boon Lay,EW27,WEEKDAY,23,238.13636363636363,1146.8636363636363
Boon Lay,EW27,WEEKENDS/HOLIDAY,0,8.11111111111111,321.44444444444446
Boon Lay,EW27,WEEKENDS/HOLIDAY,5,387.55555555555554,44.77777777777778
Boon Lay,EW27,WEEKENDS/HOLIDAY,6,1356.4444444444443,749.6666666666666
Boon Lay,EW27,WEEKENDS/HOLIDAY,7,1851.3333333333333,1577.7777777777778
Boon Lay,EW27,WEEKENDS/HOLIDAY,8,1889.111111111111,1296.2222222222222
Boon Lay,EW27,WEEKENDS/HOLIDAY,9,2031.3333333333333,1282.111111111111
Boon Lay,EW27,WEEKENDS/HOLIDAY,10,2212.5555555555557,1595.4444444444443
Boon Lay,EW27,WEEKENDS/HOLIDAY,11,2370.6666666666665,1821.888888888889
Boon Lay,EW27,WEEKENDS/HOLIDAY,12,2615.3333333333335,2143.5555555555557
Boon Lay,EW27,WEEKENDS/HOLIDAY,13,2444.4444444444443,2397.3333333333335
Boon Lay,EW27,WEEKENDS/HOLIDAY,14,2334.222222222222,2306.1111111111113
Boon Lay,EW27,WEEKENDS/HOLIDAY,15,2276.0,2558.1111111111113
Boon Lay,EW27,WEEKENDS/HOLIDAY,16,2484.6666666666665,2931.3333333333335
Boon Lay,EW27,WEEKENDS/HOLIDAY,17,2971.777777777778,3755.222222222222
Boon Lay,EW27,WEEKENDS/HOLIDAY,18,2754.5555555555557,3841.1111111111113
Boon Lay,EW27,WEEKENDS/HOLIDAY,19,2399.777777777778,3505.3333333333335
Boon Lay,EW27,WEEKENDS/HOLIDAY,20,1882.7777777777778,3227.0
Boon Lay,EW27,WEEKENDS/HOLIDAY,21,1669.3333333333333,2799.6666666666665
Boon Lay,EW27,WEEKENDS/HOLIDAY,22,976.8888888888889,2458.8888888888887
Boon Lay,EW27,WEEKENDS/HOLIDAY,23,269.77777777777777,1349.2222222222222
Botanic Gardens,CC19/DT9,WEEKDAY,0,5.909090909090909,15.5
Botanic Gardens,CC19/DT9,WEEKDAY,5,9.727272727272727,21.772727272727273
Botanic Gardens,CC19/DT9,WEEKDAY,6,91.36363636363636,141.13636363636363
Botanic Gardens,CC19/DT9,WEEKDAY,7,254.77272727272728,380.59090909090907
Botanic Gardens,CC19/DT9,WEEKDAY,8,414.8636363636364,547.0
Botanic Gardens,CC19/DT9,WEEKDAY,9,312.3181818181818,425.3181818181818
Botanic Gardens,CC19/DT9,WEEKDAY,10,234.4090909090909,333.6818181818182
Botanic Gardens,CC19/DT9,WEEKDAY,11,295.04545454545456,295.54545454545456
Botanic Gardens,CC19/DT9,WEEKDAY,12,331.6818181818182,307.8181818181818
Botanic Gardens,CC19/DT9,WEEKDAY,13,302.45454545454544,286.0
Botanic Gardens,CC19/DT9,WEEKDAY,14,276.27272727272725,278.6363636363636
Botanic Gardens,CC19/DT9,WEEKDAY,15,287.72727272727275,284.8636363636364
Botanic Gardens,CC19/DT9,WEEKDAY,16,322.1363636363636,279.3636363636364
Botanic Gardens,CC19/DT9,WEEKDAY,17,473.22727272727275,369.54545454545456
Botanic Gardens,CC19/DT9,WEEKDAY,18,585.0454545454545,502.6363636363636
Botanic Gardens,CC19/DT9,WEEKDAY,19,340.8181818181818,338.40909090909093
Botanic Gardens,CC19/DT9,WEEKDAY,20,191.86363636363637,184.77272727272728
Botanic Gardens,CC19/DT9,WEEKDAY,21,187.04545454545453,156.0909090909091
Botanic Gardens,CC19/DT9,WEEKDAY,22,137.36363636363637,113.63636363636364
Botanic Gardens,CC19/DT9,WEEKDAY,23,38.18181818181818,55.95454545454545
Botanic Gardens,CC19/DT9,WEEKENDS/HOLIDAY,0,2.2222222222222223,14.222222222222221
Botanic Gardens,CC19/DT9,WEEKENDS/HOLIDAY,5,5.444444444444445,5.666666666666667
Botanic Gardens,CC19/DT9,WEEKENDS/HOLIDAY,6,40.111111111111114,123.22222222222223
Botanic Gardens,CC19/DT9,WEEKENDS/HOLIDAY,7,97.55555555555556,314.55555555555554
Botanic Gardens,CC19/DT9,WEEKENDS/HOLIDAY,8,203.22222222222223,400.3333333333333
Botanic Gardens,CC19/DT9,WEEKENDS/HOLIDAY,9,275.8888888888889,486.3333333333333
Botanic Gardens,CC19/DT9,WEEKENDS/HOLIDAY,10,327.8888888888889,558.6666666666666
Botanic Gardens,CC19/DT9,WEEKENDS/HOLIDAY,11,451.44444444444446,542.0
Botanic Gardens,CC19/DT9,WEEKENDS/HOLIDAY,12,486.1111111111111,466.1111111111111
Botanic Gardens,CC19/DT9,WEEKENDS/HOLIDAY,13,519.5555555555555,435.3333333333333
Botanic Gardens,CC19/DT9,WEEKENDS/HOLIDAY,14,453.0,438.44444444444446
Botanic Gardens,CC19/DT9,WEEKENDS/HOLIDAY,15,452.44444444444446,432.77777777777777
Botanic Gardens,CC19/DT9,WEEKENDS/HOLIDAY,16,459.77777777777777,440.0
Botanic Gardens,CC19/DT9,WEEKENDS/HOLIDAY,17,478.6666666666667,422.0
Botanic Gardens,CC19/DT9,WEEKENDS/HOLIDAY,18,487.6666666666667,374.22222222222223
Botanic Gardens,CC19/DT9,WEEKENDS/HOLIDAY,19,407.55555555555554,268.3333333333333
Botanic Gardens,CC19/DT9,WEEKENDS/HOLIDAY,20,230.44444444444446,187.44444444444446
Botanic Gardens,CC19/DT9,WEEKENDS/HOLIDAY,21,168.0,147.11111111111111
Botanic Gardens,CC19/DT9,WEEKENDS/HOLIDAY,22,118.33333333333333,111.0
Botanic Gardens,CC19/DT9,WEEKENDS/HOLIDAY,23,40.77777777777778,59.111111111111114
Braddell,NS18,WEEKDAY,0,11.727272727272727,107.5909090909091
Braddell,NS18,WEEKDAY,5,177.0909090909091,31.863636363636363
Braddell,NS18,WEEKDAY,6,616.4545454545455,210.5909090909091
Braddell,NS18,WEEKDAY,7,1304.1818181818182,581.4090909090909
Braddell,NS18,WEEKDAY,8,1691.0,1025.3181818181818
Braddell,NS18,WEEKDAY,9,1116.3181818181818,658.9090909090909
Braddell,NS18,WEEKDAY,10,795.6818181818181,397.77272727272725
Braddell,NS18,WEEKDAY,11,726.0909090909091,378.22727272727275
Braddell,NS18,WEEKDAY,12,701.0454545454545,458.95454545454544
Braddell,NS18,WEEKDAY,13,620.6818181818181,555.2727272727273
Braddell,NS18,WEEKDAY,14,520.2272727272727,562.6818181818181
Braddell,NS18,WEEKDAY,15,509.22727272727275,587.3181818181819
Braddell,NS18,WEEKDAY,16,586.3181818181819,659.6363636363636
Braddell,NS18,WEEKDAY,17,949.3181818181819,966.5454545454545
Braddell,NS18,WEEKDAY,18,1317.0454545454545,1453.0454545454545
Braddell,NS18,WEEKDAY,19,699.5454545454545,1132.909090909091
Braddell,NS18,WEEKDAY,20,396.1363636363636,956.4090909090909
Braddell,NS18,WEEKDAY,21,294.59090909090907,1094.6818181818182
Braddell,NS18,WEEKDAY,22,218.45454545454547,931.1363636363636
Braddell,NS18,WEEKDAY,23,109.4090909090909,467.40909090909093
Braddell,NS18,WEEKENDS/HOLIDAY,0,9.666666666666666,89.33333333333333
Braddell,NS18,WEEKENDS/HOLIDAY,5,76.77777777777777,10.88888888888889
Braddell,NS18,WEEKENDS/HOLIDAY,6,395.8888888888889,118.0
Braddell,NS18,WEEKENDS/HOLIDAY,7,571.5555555555555,242.11111111111111
Braddell,NS18,WEEKENDS/HOLIDAY,8,765.1111111111111,343.6666666666667
Braddell,NS18,WEEKENDS/HOLIDAY,9,948.0,356.55555555555554
Braddell,NS18,WEEKENDS/HOLIDAY,10,876.8888888888889,362.77777777777777
Braddell,NS18,WEEKENDS/HOLIDAY,11,806.2222222222222,414.8888888888889
Braddell,NS18,WEEKENDS/HOLIDAY,12,763.7777777777778,487.0
Braddell,NS18,WEEKENDS/HOLIDAY,13,677.0,575.6666666666666
Braddell,NS18,WEEKENDS/HOLIDAY,14,591.5555555555555,586.4444444444445
Braddell,NS18,WEEKENDS/HOLIDAY,15,576.6666666666666,644.0
Braddell,NS18,WEEKENDS/HOLIDAY,16,595.0,649.3333333333334
Braddell,NS18,WEEKENDS/HOLIDAY,17,691.4444444444445,744.3333333333334
Braddell,NS18,WEEKENDS/HOLIDAY,18,667.7777777777778,782.1111111111111
Braddell,NS18,WEEKENDS/HOLIDAY,19,478.0,814.6666666666666
Braddell,NS18,WEEKENDS/HOLIDAY,20,332.3333333333333,855.6666666666666
Braddell,NS18,WEEKENDS/HOLIDAY,21,277.0,972.4444444444445
Braddell,NS18,WEEKENDS/HOLIDAY,22,214.33333333333334,942.3333333333334
Braddell,NS18,WEEKENDS/HOLIDAY,23,100.22222222222223,503.8888888888889
Bras Basah,CC2,WEEKDAY,0,14.545454545454545,11.818181818181818
Bras Basah,CC2,WEEKDAY,5,4.545454545454546,2.590909090909091
Bras Basah,CC2,WEEKDAY,6,9.318181818181818,71.18181818181819
Bras Basah,CC2,WEEKDAY,7,37.5,205.0
Bras Basah,CC2,WEEKDAY,8,83.0,653.1818181818181
Bras Basah,CC2,WEEKDAY,9,81.04545454545455,508.6363636363636
Bras Basah,CC2,WEEKDAY,10,124.77272727272727,283.3181818181818
Bras Basah,CC2,WEEKDAY,11,198.6818181818182,205.86363636363637
Bras Basah,CC2,WEEKDAY,12,211.04545454545453,284.1363636363636
Bras Basah,CC2,WEEKDAY,13,194.95454545454547,289.3181818181818
Bras Basah,CC2,WEEKDAY,14,181.86363636363637,221.36363636363637
Bras Basah,CC2,WEEKDAY,15,232.0909090909091,173.45454545454547
Bras Basah,CC2,WEEKDAY,16,277.09090909090907,158.27272727272728
Bras Basah,CC2,WEEKDAY,17,521.0454545454545,198.9090909090909
Bras Basah,CC2,WEEKDAY,18,669.7727272727273,273.3636363636364
Bras Basah,CC2,WEEKDAY,19,313.1363636363636,199.8181818181818
Bras Basah,CC2,WEEKDAY,20,195.77272727272728,114.63636363636364
Bras Basah,CC2,WEEKDAY,21,214.77272727272728,103.22727272727273
Bras Basah,CC2,WEEKDAY,22,172.5,78.63636363636364
Bras Basah,CC2,WEEKDAY,23,64.45454545454545,26.954545454545453
Bras Basah,CC2,WEEKENDS/HOLIDAY,0,0.2222222222222222,3.111111111111111
Bras Basah,CC2,WEEKENDS/HOLIDAY,5,3.0,0.3333333333333333
Bras Basah,CC2,WEEKENDS/HOLIDAY,6,7.444444444444445,5.777777777777778
Bras Basah,CC2,WEEKENDS/HOLIDAY,7,13.88888888888889,20.88888888888889
Bras Basah,CC2,WEEKENDS/HOLIDAY,8,35.0,92.33333333333333
Bras Basah,CC2,WEEKENDS/HOLIDAY,9,100.44444444444444,251.66666666666666
Bras Basah,CC2,WEEKENDS/HOLIDAY,10,118.66666666666667,253.88888888888889
Bras Basah,CC2,WEEKENDS/HOLIDAY,11,185.88888888888889,182.11111111111111
Bras Basah,CC2,WEEKENDS/HOLIDAY,12,225.33333333333334,184.88888888888889
Bras Basah,CC2,WEEKENDS/HOLIDAY,13,195.88888888888889,248.11111111111111
Bras Basah,CC2,WEEKENDS/HOLIDAY,14,198.0,233.11111111111111
Bras Basah,CC2,WEEKENDS/HOLIDAY,15,216.0,224.33333333333334
Bras Basah,CC2,WEEKENDS/HOLIDAY,16,258.3333333333333,236.77777777777777
Bras Basah,CC2,WEEKENDS/HOLIDAY,17,315.0,239.55555555555554
Bras Basah,CC2,WEEKENDS/HOLIDAY,18,297.0,145.88888888888889
Bras Basah,CC2,WEEKENDS/HOLIDAY,19,235.22222222222223,136.22222222222223
Bras Basah,CC2,WEEKENDS/HOLIDAY,20,126.0,100.11111111111111
Bras Basah,CC2,WEEKENDS/HOLIDAY,21,114.22222222222223,100.66666666666667
Bras Basah,CC2,WEEKENDS/HOLIDAY,22,90.11111111111111,91.77777777777777
Bras Basah,CC2,WEEKENDS/HOLIDAY,23,26.77777777777778,24.22222222222222
Bright Hill,TE7,WEEKDAY,0,8.5,30.954545454545453
Bright Hill,TE7,WEEKDAY,5,37.04545454545455,15.818181818181818
Bright Hill,TE7,WEEKDAY,6,169.5,86.5909090909091
Bright Hill,TE7,WEEKDAY,7,465.95454545454544,364.27272727272725
Bright Hill,TE7,WEEKDAY,8,676.4545454545455,768.0909090909091
Bright Hill,TE7,WEEKDAY,9,415.5,404.8181818181818
Bright Hill,TE7,WEEKDAY,10,297.1363636363636,187.3181818181818
Bright Hill,TE7,WEEKDAY,11,310.54545454545456,165.22727272727272
Bright Hill,TE7,WEEKDAY,12,310.72727272727275,200.54545454545453
Bright Hill,TE7,WEEKDAY,13,267.3636363636364,239.72727272727272
Bright Hill,TE7,WEEKDAY,14,218.86363636363637,234.0909090909091
Bright Hill,TE7,WEEKDAY,15,229.54545454545453,238.95454545454547
Bright Hill,TE7,WEEKDAY,16,313.22727272727275,257.72727272727275
Bright Hill,TE7,WEEKDAY,17,599.1363636363636,373.8636363636364
Bright Hill,TE7,WEEKDAY,18,797.0909090909091,567.1818181818181
Bright Hill,TE7,WEEKDAY,19,297.27272727272725,438.77272727272725
Bright Hill,TE7,WEEKDAY,20,152.36363636363637,325.22727272727275
Bright Hill,TE7,WEEKDAY,21,104.63636363636364,288.27272727272725
Bright Hill,TE7,WEEKDAY,22,68.0,264.40909090909093
Bright Hill,TE7,WEEKDAY,23,26.818181818181817,134.95454545454547
Bright Hill,TE7,WEEKENDS/HOLIDAY,0,3.888888888888889,20.0
Bright Hill,TE7,WEEKENDS/HOLIDAY,5,13.555555555555555,2.0
Bright Hill,TE7,WEEKENDS/HOLIDAY,6,93.11111111111111,51.111111111111114
Bright Hill,TE7,WEEKENDS/HOLIDAY,7,158.66666666666666,128.77777777777777
Bright Hill,TE7,WEEKENDS/HOLIDAY,8,254.0,202.11111111111111
Bright Hill,TE7,WEEKENDS/HOLIDAY,9,308.77777777777777,229.88888888888889
Bright Hill,TE7,WEEKENDS/HOLIDAY,10,359.55555555555554,206.66666666666666
Bright Hill,TE7,WEEKENDS/HOLIDAY,11,390.0,217.11111111111111
Bright Hill,TE7,WEEKENDS/HOLIDAY,12,372.0,254.66666666666666
Bright Hill,TE7,WEEKENDS/HOLIDAY,13,301.77777777777777,274.22222222222223
Bright Hill,TE7,WEEKENDS/HOLIDAY,14,282.1111111111111,271.22222222222223
Bright Hill,TE7,WEEKENDS/HOLIDAY,15,289.6666666666667,251.22222222222223
Bright Hill,TE7,WEEKENDS/HOLIDAY,16,308.77777777777777,263.3333333333333
Bright Hill,TE7,WEEKENDS/HOLIDAY,17,306.22222222222223,265.44444444444446
Bright Hill,TE7,WEEKENDS/HOLIDAY,18,269.22222222222223,311.8888888888889
Bright Hill,TE7,WEEKENDS/HOLIDAY,19,181.22222222222223,290.0
Bright Hill,TE7,WEEKENDS/HOLIDAY,20,116.77777777777777,293.8888888888889
Bright Hill,TE7,WEEKENDS/HOLIDAY,21,95.55555555555556,277.55555555555554
Bright Hill,TE7,WEEKENDS/HOLIDAY,22,58.55555555555556,225.66666666666666
Bright Hill,TE7,WEEKENDS/HOLIDAY,23,25.666666666666668,127.44444444444444
Buangkok,NE15,WEEKDAY,0,9.909090909090908,142.1818181818182
Buangkok,NE15,WEEKDAY,5,247.3181818181818,10.318181818181818
Buangkok,NE15,WEEKDAY,6,1093.5454545454545,177.45454545454547
Buangkok,NE15,WEEKDAY,7,2698.6363636363635,402.09090909090907
Buangkok,NE15,WEEKDAY,8,3570.318181818182,548.1818181818181
Buangkok,NE15,WEEKDAY,9,1831.0454545454545,437.27272727272725
Buangkok,NE15,WEEKDAY,10,1207.909090909091,406.72727272727275
Buangkok,NE15,WEEKDAY,11,1113.6363636363637,488.6363636363636
Buangkok,NE15,WEEKDAY,12,1085.1363636363637,708.1363636363636
Buangkok,NE15,WEEKDAY,13,976.5454545454545,867.6818181818181
Buangkok,NE15,WEEKDAY,14,826.7727272727273,888.8181818181819
Buangkok,NE15,WEEKDAY,15,717.6818181818181,964.1818181818181
Buangkok,NE15,WEEKDAY,16,756.2727272727273,1192.8636363636363
Buangkok,NE15,WEEKDAY,17,1096.6818181818182,1855.6818181818182
Buangkok,NE15,WEEKDAY,18,1258.1818181818182,3260.5
Buangkok,NE15,WEEKDAY,19,794.4545454545455,2553.090909090909
Buangkok,NE15,WEEKDAY,20,493.3181818181818,1784.4545454545455
Buangkok,NE15,WEEKDAY,21,435.3636363636364,1640.409090909091
Buangkok,NE15,WEEKDAY,22,297.1818181818182,1381.2727272727273
Buangkok,NE15,WEEKDAY,23,100.45454545454545,682.0
Buangkok,NE15,WEEKENDS/HOLIDAY,0,7.333333333333333,99.44444444444444
Buangkok,NE15,WEEKENDS/HOLIDAY,5,96.88888888888889,3.7777777777777777
Buangkok,NE15,WEEKENDS/HOLIDAY,6,402.55555555555554,111.44444444444444
Buangkok,NE15,WEEKENDS/HOLIDAY,7,670.5555555555555,211.22222222222223
Buangkok,NE15,WEEKENDS/HOLIDAY,8,1076.7777777777778,377.44444444444446
Buangkok,NE15,WEEKENDS/HOLIDAY,9,1371.4444444444443,445.77777777777777
Buangkok,NE15,WEEKENDS/HOLIDAY,10,1436.7777777777778,523.0
Buangkok,NE15,WEEKENDS/HOLIDAY,11,1416.0,670.3333333333334
Buangkok,NE15,WEEKENDS/HOLIDAY,12,1370.4444444444443,834.1111111111111
Buangkok,NE15,WEEKENDS/HOLIDAY,13,1182.888888888889,957.7777777777778
Buangkok,NE15,WEEKENDS/HOLIDAY,14,1037.5555555555557,1033.0
Buangkok,NE15,WEEKENDS/HOLIDAY,15,973.8888888888889,1059.111111111111
Buangkok,NE15,WEEKENDS/HOLIDAY,16,1017.2222222222222,1116.0
Buangkok,NE15,WEEKENDS/HOLIDAY,17,1175.888888888889,1389.2222222222222
Buangkok,NE15,WEEKENDS/HOLIDAY,18,1016.7777777777778,1417.2222222222222
Buangkok,NE15,WEEKENDS/HOLIDAY,19,720.5555555555555,1422.2222222222222
Buangkok,NE15,WEEKENDS/HOLIDAY,20,483.6666666666667,1444.3333333333333
Buangkok,NE15,WEEKENDS/HOLIDAY,21,406.3333333333333,1508.111111111111
Buangkok,NE15,WEEKENDS/HOLIDAY,22,294.55555555555554,1343.111111111111
Buangkok,NE15,WEEKENDS/HOLIDAY,23,98.11111111111111,686.4444444444445
Bugis,EW12/DT14,WEEKDAY,0,105.63636363636364,162.45454545454547
Bugis,EW12/DT14,WEEKDAY,5,288.95454545454544,42.45454545454545
Bugis,EW12/DT14,WEEKDAY,6,612.6363636363636,760.6363636363636
Bugis,EW12/DT14,WEEKDAY,7,906.7727272727273,1955.3636363636363
Bugis,EW12/DT14,WEEKDAY,8,1106.6818181818182,4866.772727272727
Bugis,EW12/DT14,WEEKDAY,9,1094.6363636363637,4514.5
Bugis,EW12/DT14,WEEKDAY,10,1208.3636363636363,3268.7727272727275
Bugis,EW12/DT14,WEEKDAY,11,1790.3636363636363,3814.4545454545455
Bugis,EW12/DT14,WEEKDAY,12,2407.590909090909,4327.863636363636
Bugis,EW12/DT14,WEEKDAY,13,3361.6363636363635,3914.7727272727275
Bugis,EW12/DT14,WEEKDAY,14,3275.590909090909,3442.818181818182
Bugis,EW12/DT14,WEEKDAY,15,3470.5,3149.818181818182
Bugis,EW12/DT14,WEEKDAY,16,3878.590909090909,3158.7272727272725
Bugis,EW12/DT14,WEEKDAY,17,5410.090909090909,3783.7272727272725
Bugis,EW12/DT14,WEEKDAY,18,6758.954545454545,5616.863636363636
Bugis,EW12/DT14,WEEKDAY,19,4526.727272727273,3425.6363636363635
Bugis,EW12/DT14,WEEKDAY,20,3987.9545454545455,2118.6363636363635
Bugis,EW12/DT14,WEEKDAY,21,4619.409090909091,1422.8181818181818
Bugis,EW12/DT14,WEEKDAY,22,3011.090909090909,1016.8636363636364
Bugis,EW12/DT14,WEEKDAY,23,1148.7727272727273,517.7727272727273
Bugis,EW12/DT14,WEEKENDS/HOLIDAY,0,47.333333333333336,68.33333333333333
Bugis,EW12/DT14,WEEKENDS/HOLIDAY,5,94.22222222222223,14.88888888888889
Bugis,EW12/DT14,WEEKENDS/HOLIDAY,6,503.1111111111111,531.0
Bugis,EW12/DT14,WEEKENDS/HOLIDAY,7,662.4444444444445,1039.3333333333333
Bugis,EW12/DT14,WEEKENDS/HOLIDAY,8,760.0,1753.3333333333333
Bugis,EW12/DT14,WEEKENDS/HOLIDAY,9,1113.0,2707.6666666666665
Bugis,EW12/DT14,WEEKENDS/HOLIDAY,10,1531.888888888889,3812.3333333333335
Bugis,EW12/DT14,WEEKENDS/HOLIDAY,11,2142.777777777778,4605.333333333333
Bugis,EW12/DT14,WEEKENDS/HOLIDAY,12,2845.4444444444443,5011.111111111111
Bugis,EW12/DT14,WEEKENDS/HOLIDAY,13,3486.222222222222,5191.888888888889
Bugis,EW12/DT14,WEEKENDS/HOLIDAY,14,4149.111111111111,4779.222222222223
Bugis,EW12/DT14,WEEKENDS/HOLIDAY,15,4721.222222222223,4729.666666666667
Bugis,EW12/DT14,WEEKENDS/HOLIDAY,16,5074.444444444444,4497.777777777777
Bugis,EW12/DT14,WEEKENDS/HOLIDAY,17,5219.444444444444,4310.111111111111
Bugis,EW12/DT14,WEEKENDS/HOLIDAY,18,4942.0,3932.3333333333335
Bugis,EW12/DT14,WEEKENDS/HOLIDAY,19,4361.777777777777,2910.3333333333335
Bugis,EW12/DT14,WEEKENDS/HOLIDAY,20,3898.0,2071.222222222222
Bugis,EW12/DT14,WEEKENDS/HOLIDAY,21,4144.666666666667,1459.0
Bugis,EW12/DT14,WEEKENDS/HOLIDAY,22,2807.8888888888887,1105.888888888889
Bugis,EW12/DT14,WEEKENDS/HOLIDAY,23,1148.0,565.4444444444445
Bukit Batok,NS2,WEEKDAY,0,30.227272727272727,209.3181818181818
Bukit Batok,NS2,WEEKDAY,5,553.2727272727273,153.9090909090909
Bukit Batok,NS2,WEEKDAY,6,1952.5,710.2727272727273
Bukit Batok,NS2,WEEKDAY,7,3785.2272727272725,1780.3636363636363
Bukit Batok,NS2,WEEKDAY,8,3100.1363636363635,1846.0454545454545
Bukit Batok,NS2,WEEKDAY,9,1660.0454545454545,973.5909090909091
Bukit Batok,NS2,WEEKDAY,10,1277.0454545454545,819.1818181818181
Bukit Batok,NS2,WEEKDAY,11,1218.409090909091,825.5
Bukit Batok,NS2,WEEKDAY,12,1251.0,997.2727272727273
Bukit Batok,NS2,WEEKDAY,13,1195.409090909091,1166.2272727272727
Bukit Batok,NS2,WEEKDAY,14,1043.1818181818182,1125.9545454545455
Bukit Batok,NS2,WEEKDAY,15,1049.090909090909,1330.7727272727273
Bukit Batok,NS2,WEEKDAY,16,1211.2272727272727,1610.5454545454545
Bukit Batok,NS2,WEEKDAY,17,1951.6363636363637,2704.2727272727275
Bukit Batok,NS2,WEEKDAY,18,2337.681818181818,4325.681818181818
Bukit Batok,NS2,WEEKDAY,19,1375.7272727272727,2898.9545454545455
Bukit Batok,NS2,WEEKDAY,20,909.5909090909091,2030.409090909091
Bukit Batok,NS2,WEEKDAY,21,805.0454545454545,1737.8181818181818
Bukit Batok,NS2,WEEKDAY,22,520.2272727272727,1380.0454545454545
Bukit Batok,NS2,WEEKDAY,23,187.36363636363637,674.6818181818181
Bukit Batok,NS2,WEEKENDS/HOLIDAY,0,26.444444444444443,207.33333333333334
Bukit Batok,NS2,WEEKENDS/HOLIDAY,5,241.0,41.44444444444444
Bukit Batok,NS2,WEEKENDS/HOLIDAY,6,817.8888888888889,364.77777777777777
Bukit Batok,NS2,WEEKENDS/HOLIDAY,7,1065.7777777777778,710.5555555555555
Bukit Batok,NS2,WEEKENDS/HOLIDAY,8,1266.111111111111,902.6666666666666
Bukit Batok,NS2,WEEKENDS/HOLIDAY,9,1427.111111111111,919.2222222222222
Bukit Batok,NS2,WEEKENDS/HOLIDAY,10,1497.3333333333333,947.0
Bukit Batok,NS2,WEEKENDS/HOLIDAY,11,1508.5555555555557,977.3333333333334
Bukit Batok,NS2,WEEKENDS/HOLIDAY,12,1600.111111111111,1160.6666666666667
Bukit Batok,NS2,WEEKENDS/HOLIDAY,13,1455.0,1274.888888888889
Bukit Batok,NS2,WEEKENDS/HOLIDAY,14,1349.5555555555557,1326.111111111111
Bukit Batok,NS2,WEEKENDS/HOLIDAY,15,1309.0,1391.111111111111
Bukit Batok,NS2,WEEKENDS/HOLIDAY,16,1313.7777777777778,1539.7777777777778
Bukit Batok,NS2,WEEKENDS/HOLIDAY,17,1470.0,1784.2222222222222
Bukit Batok,NS2,WEEKENDS/HOLIDAY,18,1379.2222222222222,1862.888888888889
Bukit Batok,NS2,WEEKENDS/HOLIDAY,19,1154.4444444444443,1751.2222222222222
Bukit Batok,NS2,WEEKENDS/HOLIDAY,20,882.1111111111111,1682.4444444444443
Bukit Batok,NS2,WEEKENDS/HOLIDAY,21,787.6666666666666,1681.3333333333333
Bukit Batok,NS2,WEEKENDS/HOLIDAY,22,537.0,1375.111111111111
Bukit Batok,NS2,WEEKENDS/HOLIDAY,23,196.44444444444446,790.1111111111111
Bukit Gombak,NS3,WEEKDAY,0,16.09090909090909,153.0909090909091
Bukit Gombak,NS3,WEEKDAY,5,502.6818181818182,46.31818181818182
Bukit Gombak,NS3,WEEKDAY,6,1772.0,309.27272727272725
Bukit Gombak,NS3,WEEKDAY,7,2988.8636363636365,634.1818181818181
Bukit Gombak,NS3,WEEKDAY,8,2483.9545454545455,780.0454545454545
Bukit Gombak,NS3,WEEKDAY,9,1337.090909090909,617.9545454545455
Bukit Gombak,NS3,WEEKDAY,10,1033.8181818181818,566.5909090909091
Bukit Gombak,NS3,WEEKDAY,11,1022.6818181818181,571.8181818181819
Bukit Gombak,NS3,WEEKDAY,12,963.3181818181819,689.5454545454545
Bukit Gombak,NS3,WEEKDAY,13,871.6363636363636,749.1818181818181
Bukit Gombak,NS3,WEEKDAY,14,710.7272727272727,811.9090909090909
Bukit Gombak,NS3,WEEKDAY,15,704.9545454545455,834.6363636363636
Bukit Gombak,NS3,WEEKDAY,16,694.7727272727273,1043.409090909091
Bukit Gombak,NS3,WEEKDAY,17,1007.4090909090909,1777.090909090909
Bukit Gombak,NS3,WEEKDAY,18,1044.1818181818182,2654.681818181818
Bukit Gombak,NS3,WEEKDAY,19,795.8181818181819,2043.909090909091
Bukit Gombak,NS3,WEEKDAY,20,537.7272727272727,1418.3636363636363
Bukit Gombak,NS3,WEEKDAY,21,443.8181818181818,1185.4545454545455
Bukit Gombak,NS3,WEEKDAY,22,316.04545454545456,959.9090909090909
Bukit Gombak,NS3,WEEKDAY,23,172.86363636363637,465.90909090909093
Bukit Gombak,NS3,WEEKENDS/HOLIDAY,0,13.444444444444445,157.0
Bukit Gombak,NS3,WEEKENDS/HOLIDAY,5,213.22222222222223,18.333333333333332
Bukit Gombak,NS3,WEEKENDS/HOLIDAY,6,734.3333333333334,240.44444444444446
Bukit Gombak,NS3,WEEKENDS/HOLIDAY,7,877.4444444444445,504.0
Bukit Gombak,NS3,WEEKENDS/HOLIDAY,8,1020.0,730.4444444444445
Bukit Gombak,NS3,WEEKENDS/HOLIDAY,9,1219.111111111111,698.0
Bukit Gombak,NS3,WEEKENDS/HOLIDAY,10,1248.0,752.2222222222222
Bukit Gombak,NS3,WEEKENDS/HOLIDAY,11,1287.5555555555557,767.1111111111111
Bukit Gombak,NS3,WEEKENDS/HOLIDAY,12,1228.7777777777778,808.2222222222222
Bukit Gombak,NS3,WEEKENDS/HOLIDAY,13,1108.4444444444443,869.4444444444445
Bukit Gombak,NS3,WEEKENDS/HOLIDAY,14,940.5555555555555,855.2222222222222
Bukit Gombak,NS3,WEEKENDS/HOLIDAY,15,928.0,930.1111111111111
Bukit Gombak,NS3,WEEKENDS/HOLIDAY,16,917.5555555555555,969.7777777777778
Bukit Gombak,NS3,WEEKENDS/HOLIDAY,17,977.4444444444445,1115.6666666666667
Bukit Gombak,NS3,WEEKENDS/HOLIDAY,18,926.6666666666666,1176.7777777777778
Bukit Gombak,NS3,WEEKENDS/HOLIDAY,19,739.5555555555555,1116.0
Bukit Gombak,NS3,WEEKENDS/HOLIDAY,20,508.22222222222223,1145.7777777777778
Bukit Gombak,NS3,WEEKENDS/HOLIDAY,21,403.6666666666667,1124.4444444444443
Bukit Gombak,NS3,WEEKENDS/HOLIDAY,22,295.44444444444446,940.8888888888889
Bukit Gombak,NS3,WEEKENDS/HOLIDAY,23,125.55555555555556,540.5555555555555
Buona Vista,EW21/CC22,WEEKDAY,0,17.40909090909091,48.40909090909091
Buona Vista,EW21/CC22,WEEKDAY,5,101.72727272727273,59.09090909090909
Buona Vista,EW21/CC22,WEEKDAY,6,419.8181818181818,762.3181818181819
Buona Vista,EW21/CC22,WEEKDAY,7,875.4090909090909,1941.3636363636363
Buona Vista,EW21/CC22,WEEKDAY,8,1256.0454545454545,4152.909090909091
Buona Vista,EW21/CC22,WEEKDAY,9,803.6818181818181,3333.409090909091
Buona Vista,EW21/CC22,WEEKDAY,10,635.9545454545455,1147.4545454545455
Buona Vista,EW21/CC22,WEEKDAY,11,1003.1818181818181,847.4545454545455
Buona Vista,EW21/CC22,WEEKDAY,12,1227.8636363636363,1087.3181818181818
Buona Vista,EW21/CC22,WEEKDAY,13,1114.0454545454545,1142.3636363636363
Buona Vista,EW21/CC22,WEEKDAY,14,962.8181818181819,826.0
Buona Vista,EW21/CC22,WEEKDAY,15,1100.0454545454545,691.5909090909091
Buona Vista,EW21/CC22,WEEKDAY,16,1521.1363636363637,847.8636363636364
Buona Vista,EW21/CC22,WEEKDAY,17,3357.818181818182,1216.9545454545455
Buona Vista,EW21/CC22,WEEKDAY,18,4443.227272727273,1958.0454545454545
Buona Vista,EW21/CC22,WEEKDAY,19,2093.5454545454545,1245.8636363636363
Buona Vista,EW21/CC22,WEEKDAY,20,1236.909090909091,687.4090909090909
Buona Vista,EW21/CC22,WEEKDAY,21,1073.1818181818182,559.4090909090909
Buona Vista,EW21/CC22,WEEKDAY,22,770.3181818181819,446.6363636363636
Buona Vista,EW21/CC22,WEEKDAY,23,254.95454545454547,212.27272727272728
Buona Vista,EW21/CC22,WEEKENDS/HOLIDAY,0,10.555555555555555,27.88888888888889
Buona Vista,EW21/CC22,WEEKENDS/HOLIDAY,5,41.333333333333336,19.444444444444443
Buona Vista,EW21/CC22,WEEKENDS/HOLIDAY,6,210.11111111111111,608.2222222222222
Buona Vista,EW21/CC22,WEEKENDS/HOLIDAY,7,396.22222222222223,1206.6666666666667
Buona Vista,EW21/CC22,WEEKENDS/HOLIDAY,8,600.8888888888889,1154.7777777777778
Buona Vista,EW21/CC22,WEEKENDS/HOLIDAY,9,684.2222222222222,791.4444444444445
Buona Vista,EW21/CC22,WEEKENDS/HOLIDAY,10,1084.5555555555557,972.8888888888889
Buona Vista,EW21/CC22,WEEKENDS/HOLIDAY,11,973.5555555555555,1071.4444444444443
Buona Vista,EW21/CC22,WEEKENDS/HOLIDAY,12,951.1111111111111,780.2222222222222
Buona Vista,EW21/CC22,WEEKENDS/HOLIDAY,13,1220.0,885.8888888888889
Buona Vista,EW21/CC22,WEEKENDS/HOLIDAY,14,1089.6666666666667,897.7777777777778
Buona Vista,EW21/CC22,WEEKENDS/HOLIDAY,15,970.6666666666666,723.2222222222222
Buona Vista,EW21/CC22,WEEKENDS/HOLIDAY,16,1218.888888888889,738.8888888888889
Buona Vista,EW21/CC22,WEEKENDS/HOLIDAY,17,1105.5555555555557,868.3333333333334
Buona Vista,EW21/CC22,WEEKENDS/HOLIDAY,18,937.1111111111111,923.5555555555555
Buona Vista,EW21/CC22,WEEKENDS/HOLIDAY,19,810.4444444444445,838.6666666666666
Buona Vista,EW21/CC22,WEEKENDS/HOLIDAY,20,734.3333333333334,622.0
Buona Vista,EW21/CC22,WEEKENDS/HOLIDAY,21,713.7777777777778,557.8888888888889
Buona Vista,EW21/CC22,WEEKENDS/HOLIDAY,22,496.22222222222223,440.55555555555554
Buona Vista,EW21/CC22,WEEKENDS/HOLIDAY,23,178.44444444444446,202.33333333333334
Caldecott,CC17/TE9,WEEKDAY,0,3.8181818181818183,36.54545454545455
Caldecott,CC17/TE9,WEEKDAY,5,99.0909090909091,11.227272727272727
Caldecott,CC17/TE9,WEEKDAY,6,330.6363636363636,136.5
Caldecott,CC17/TE9,WEEKDAY,7,713.7727272727273,498.6363636363636
Caldecott,CC17/TE9,WEEKDAY,8,913.7272727272727,798.1818181818181
Caldecott,CC17/TE9,WEEKDAY,9,531.3181818181819,385.27272727272725
Caldecott,CC17/TE9,WEEKDAY,10,268.1363636363636,187.63636363636363
Caldecott,CC17/TE9,WEEKDAY,11,296.59090909090907,157.72727272727272
Caldecott,CC17/TE9,WEEKDAY,12,357.22727272727275,194.04545454545453
Caldecott,CC17/TE9,WEEKDAY,13,234.5,255.3181818181818
Caldecott,CC17/TE9,WEEKDAY,14,199.0909090909091,241.9090909090909
Caldecott,CC17/TE9,WEEKDAY,15,309.8636363636364,236.72727272727272
Caldecott,CC17/TE9,WEEKDAY,16,330.1818181818182,289.8636363636364
Caldecott,CC17/TE9,WEEKDAY,17,633.8181818181819,540.9090909090909
Caldecott,CC17/TE9,WEEKDAY,18,748.2727272727273,801.3636363636364
Caldecott,CC17/TE9,WEEKDAY,19,333.5,487.1818181818182
Caldecott,CC17/TE9,WEEKDAY,20,169.13636363636363,327.04545454545456
Caldecott,CC17/TE9,WEEKDAY,21,141.6818181818182,297.27272727272725
Caldecott,CC17/TE9,WEEKDAY,22,104.54545454545455,248.63636363636363
Caldecott,CC17/TE9,WEEKDAY,23,40.54545454545455,121.77272727272727
Caldecott,CC17/TE9,WEEKENDS/HOLIDAY,0,1.5555555555555556,36.111111111111114
Caldecott,CC17/TE9,WEEKENDS/HOLIDAY,5,31.88888888888889,5.777777777777778
Caldecott,CC17/TE9,WEEKENDS/HOLIDAY,6,111.22222222222223,85.55555555555556
Caldecott,CC17/TE9,WEEKENDS/HOLIDAY,7,177.33333333333334,197.44444444444446
Caldecott,CC17/TE9,WEEKENDS/HOLIDAY,8,260.8888888888889,266.3333333333333
Caldecott,CC17/TE9,WEEKENDS/HOLIDAY,9,316.3333333333333,216.22222222222223
Caldecott,CC17/TE9,WEEKENDS/HOLIDAY,10,316.44444444444446,192.44444444444446
Caldecott,CC17/TE9,WEEKENDS/HOLIDAY,11,320.44444444444446,194.11111111111111
Caldecott,CC17/TE9,WEEKENDS/HOLIDAY,12,319.8888888888889,207.0
Caldecott,CC17/TE9,WEEKENDS/HOLIDAY,13,250.77777777777777,219.11111111111111
Caldecott,CC17/TE9,WEEKENDS/HOLIDAY,14,230.88888888888889,235.11111111111111
Caldecott,CC17/TE9,WEEKENDS/HOLIDAY,15,220.0,240.22222222222223
Caldecott,CC17/TE9,WEEKENDS/HOLIDAY,16,281.55555555555554,253.88888888888889
Caldecott,CC17/TE9,WEEKENDS/HOLIDAY,17,331.0,279.6666666666667
Caldecott,CC17/TE9,WEEKENDS/HOLIDAY,18,314.22222222222223,274.0
Caldecott,CC17/TE9,WEEKENDS/HOLIDAY,19,214.33333333333334,275.8888888888889
Caldecott,CC17/TE9,WEEKENDS/HOLIDAY,20,129.44444444444446,269.0
Caldecott,CC17/TE9,WEEKENDS/HOLIDAY,21,147.44444444444446,275.0
Caldecott,CC17/TE9,WEEKENDS/HOLIDAY,22,93.77777777777777,243.11111111111111
Caldecott,CC17/TE9,WEEKENDS/HOLIDAY,23,49.111111111111114,127.22222222222223
Canberra,NS12,WEEKDAY,0,31.59090909090909,177.77272727272728
Canberra,NS12,WEEKDAY,5,307.6363636363636,65.13636363636364
Canberra,NS12,WEEKDAY,6,1278.3181818181818,384.45454545454544
Canberra,NS12,WEEKDAY,7,3215.9545454545455,923.9090909090909
Canberra,NS12,WEEKDAY,8,3040.9545454545455,940.9545454545455
Canberra,NS12,WEEKDAY,9,1468.5,494.0
Canberra,NS12,WEEKDAY,10,1010.4545454545455,380.6818181818182
Canberra,NS12,WEEKDAY,11,942.0,406.0
Canberra,NS12,WEEKDAY,12,894.5909090909091,540.0
Canberra,NS12,WEEKDAY,13,802.5,666.8636363636364
Canberra,NS12,WEEKDAY,14,668.8181818181819,691.8636363636364
Canberra,NS12,WEEKDAY,15,655.2272727272727,750.5909090909091
Canberra,NS12,WEEKDAY,16,822.8636363636364,918.6363636363636
Canberra,NS12,WEEKDAY,17,1340.1363636363637,1528.909090909091
Canberra,NS12,WEEKDAY,18,1379.8181818181818,2690.909090909091
Canberra,NS12,WEEKDAY,19,830.0,2162.681818181818
Canberra,NS12,WEEKDAY,20,587.1818181818181,1371.4545454545455
Canberra,NS12,WEEKDAY,21,452.8636363636364,1244.2727272727273
Canberra,NS12,WEEKDAY,22,269.54545454545456,1045.3636363636363
Canberra,NS12,WEEKDAY,23,121.13636363636364,557.8181818181819
Canberra,NS12,WEEKENDS/HOLIDAY,0,35.333333333333336,189.55555555555554
Canberra,NS12,WEEKENDS/HOLIDAY,5,154.22222222222223,24.555555555555557
Canberra,NS12,WEEKENDS/HOLIDAY,6,514.0,172.0
Canberra,NS12,WEEKENDS/HOLIDAY,7,840.1111111111111,371.55555555555554
Canberra,NS12,WEEKENDS/HOLIDAY,8,1094.3333333333333,462.8888888888889
Canberra,NS12,WEEKENDS/HOLIDAY,9,1242.7777777777778,482.44444444444446
Canberra,NS12,WEEKENDS/HOLIDAY,10,1259.888888888889,483.3333333333333
Canberra,NS12,WEEKENDS/HOLIDAY,11,1312.5555555555557,552.3333333333334
Canberra,NS12,WEEKENDS/HOLIDAY,12,1173.2222222222222,696.0
Canberra,NS12,WEEKENDS/HOLIDAY,13,986.4444444444445,824.3333333333334
Canberra,NS12,WEEKENDS/HOLIDAY,14,909.1111111111111,914.2222222222222
Canberra,NS12,WEEKENDS/HOLIDAY,15,954.8888888888889,888.8888888888889
Canberra,NS12,WEEKENDS/HOLIDAY,16,1001.3333333333334,939.6666666666666
Canberra,NS12,WEEKENDS/HOLIDAY,17,1113.5555555555557,1063.7777777777778
Canberra,NS12,WEEKENDS/HOLIDAY,18,939.4444444444445,1188.111111111111
Canberra,NS12,WEEKENDS/HOLIDAY,19,684.4444444444445,1192.3333333333333
Canberra,NS12,WEEKENDS/HOLIDAY,20,550.7777777777778,1189.5555555555557
Canberra,NS12,WEEKENDS/HOLIDAY,21,421.1111111111111,1178.6666666666667
Canberra,NS12,WEEKENDS/HOLIDAY,22,302.44444444444446,1078.7777777777778
Canberra,NS12,WEEKENDS/HOLIDAY,23,128.33333333333334,625.8888888888889
Cashew,DT2,WEEKDAY,0,0.3181818181818182,18.90909090909091
Cashew,DT2,WEEKDAY,5,8.590909090909092,1.4545454545454546
Cashew,DT2,WEEKDAY,6,72.27272727272727,76.86363636363636
Cashew,DT2,WEEKDAY,7,217.4090909090909,513.9545454545455
Cashew,DT2,WEEKDAY,8,328.40909090909093,574.6818181818181
Cashew,DT2,WEEKDAY,9,192.13636363636363,234.36363636363637
Cashew,DT2,WEEKDAY,10,137.72727272727272,77.31818181818181
Cashew,DT2,WEEKDAY,11,223.0909090909091,66.04545454545455
Cashew,DT2,WEEKDAY,12,202.13636363636363,100.81818181818181
Cashew,DT2,WEEKDAY,13,137.5909090909091,140.45454545454547
Cashew,DT2,WEEKDAY,14,125.13636363636364,105.63636363636364
Cashew,DT2,WEEKDAY,15,152.13636363636363,96.77272727272727
Cashew,DT2,WEEKDAY,16,318.95454545454544,115.27272727272727
Cashew,DT2,WEEKDAY,17,593.2272727272727,144.8181818181818
Cashew,DT2,WEEKDAY,18,363.09090909090907,247.63636363636363
Cashew,DT2,WEEKDAY,19,177.95454545454547,183.5
Cashew,DT2,WEEKDAY,20,89.0909090909091,121.72727272727273
Cashew,DT2,WEEKDAY,21,71.72727272727273,102.0
Cashew,DT2,WEEKDAY,22,39.5,87.45454545454545
Cashew,DT2,WEEKDAY,23,8.590909090909092,51.22727272727273
Cashew,DT2,WEEKENDS/HOLIDAY,0,0.1111111111111111,14.444444444444445
Cashew,DT2,WEEKENDS/HOLIDAY,5,5.555555555555555,1.0
Cashew,DT2,WEEKENDS/HOLIDAY,6,32.111111111111114,20.444444444444443
Cashew,DT2,WEEKENDS/HOLIDAY,7,64.88888888888889,103.66666666666667
Cashew,DT2,WEEKENDS/HOLIDAY,8,128.77777777777777,88.66666666666667
Cashew,DT2,WEEKENDS/HOLIDAY,9,148.22222222222223,71.77777777777777
Cashew,DT2,WEEKENDS/HOLIDAY,10,174.33333333333334,55.0
Cashew,DT2,WEEKENDS/HOLIDAY,11,140.88888888888889,69.77777777777777
Cashew,DT2,WEEKENDS/HOLIDAY,12,158.66666666666666,58.22222222222222
Cashew,DT2,WEEKENDS/HOLIDAY,13,139.0,82.88888888888889
Cashew,DT2,WEEKENDS/HOLIDAY,14,98.44444444444444,83.0
Cashew,DT2,WEEKENDS/HOLIDAY,15,86.22222222222223,96.88888888888889
Cashew,DT2,WEEKENDS/HOLIDAY,16,97.11111111111111,119.22222222222223
Cashew,DT2,WEEKENDS/HOLIDAY,17,118.44444444444444,132.55555555555554
Cashew,DT2,WEEKENDS/HOLIDAY,18,178.44444444444446,141.22222222222223
Cashew,DT2,WEEKENDS/HOLIDAY,19,108.66666666666667,110.77777777777777
Cashew,DT2,WEEKENDS/HOLIDAY,20,72.55555555555556,99.33333333333333
Cashew,DT2,WEEKENDS/HOLIDAY,21,59.0,88.11111111111111
Cashew,DT2,WEEKENDS/HOLIDAY,22,33.77777777777778,72.88888888888889
Cashew,DT2,WEEKENDS/HOLIDAY,23,8.222222222222221,42.666666666666664
Changi Airport,CG2,WEEKDAY,0,5.545454545454546,22.09090909090909
Changi Airport,CG2,WEEKDAY,5,315.95454545454544,45.27272727272727
Changi Airport,CG2,WEEKDAY,6,369.77272727272725,480.6363636363636
Changi Airport,CG2,WEEKDAY,7,527.6818181818181,925.0909090909091
Changi Airport,CG2,WEEKDAY,8,591.3181818181819,1425.1363636363637
Changi Airport,CG2,WEEKDAY,9,634.5454545454545,1108.1818181818182
Changi Airport,CG2,WEEKDAY,10,598.0909090909091,929.7272727272727
Changi Airport,CG2,WEEKDAY,11,710.9090909090909,1103.7272727272727
Changi Airport,CG2,WEEKDAY,12,912.1818181818181,1241.7272727272727
Changi Airport,CG2,WEEKDAY,13,1129.2727272727273,1173.3636363636363
Changi Airport,CG2,WEEKDAY,14,1226.1363636363637,1163.1818181818182
Changi Airport,CG2,WEEKDAY,15,1407.7272727272727,1041.5454545454545
Changi Airport,CG2,WEEKDAY,16,1389.3181818181818,983.0
Changi Airport,CG2,WEEKDAY,17,1593.2272727272727,1029.409090909091
Changi Airport,CG2,WEEKDAY,18,1577.8181818181818,1253.1818181818182
Changi Airport,CG2,WEEKDAY,19,1204.0,1095.7727272727273
Changi Airport,CG2,WEEKDAY,20,1178.0,819.6818181818181
Changi Airport,CG2,WEEKDAY,21,1329.7272727272727,602.4090909090909
Changi Airport,CG2,WEEKDAY,22,1379.0454545454545,472.09090909090907
Changi Airport,CG2,WEEKDAY,23,426.8181818181818,386.3636363636364
Changi Airport,CG2,WEEKENDS/HOLIDAY,0,6.444444444444445,31.88888888888889
Changi Airport,CG2,WEEKENDS/HOLIDAY,5,323.22222222222223,37.666666666666664
Changi Airport,CG2,WEEKENDS/HOLIDAY,6,397.0,296.44444444444446
Changi Airport,CG2,WEEKENDS/HOLIDAY,7,530.6666666666666,814.8888888888889
Changi Airport,CG2,WEEKENDS/HOLIDAY,8,644.0,858.1111111111111
Changi Airport,CG2,WEEKENDS/HOLIDAY,9,646.4444444444445,920.4444444444445
Changi Airport,CG2,WEEKENDS/HOLIDAY,10,687.6666666666666,1182.3333333333333
Changi Airport,CG2,WEEKENDS/HOLIDAY,11,876.0,1442.3333333333333
Changi Airport,CG2,WEEKENDS/HOLIDAY,12,1088.111111111111,1804.5555555555557
Changi Airport,CG2,WEEKENDS/HOLIDAY,13,1369.2222222222222,1624.888888888889
Changi Airport,CG2,WEEKENDS/HOLIDAY,14,1603.3333333333333,1714.3333333333333
Changi Airport,CG2,WEEKENDS/HOLIDAY,15,1838.3333333333333,1512.7777777777778
Changi Airport,CG2,WEEKENDS/HOLIDAY,16,1853.7777777777778,1464.888888888889
Changi Airport,CG2,WEEKENDS/HOLIDAY,17,1647.0,1504.4444444444443
Changi Airport,CG2,WEEKENDS/HOLIDAY,18,1479.0,1368.4444444444443
Changi Airport,CG2,WEEKENDS/HOLIDAY,19,1430.6666666666667,1174.111111111111
Changi Airport,CG2,WEEKENDS/HOLIDAY,20,1547.2222222222222,869.8888888888889
Changi Airport,CG2,WEEKENDS/HOLIDAY,21,1629.2222222222222,706.4444444444445
Changi Airport,CG2,WEEKENDS/HOLIDAY,22,1630.2222222222222,465.8888888888889
Changi Airport,CG2,WEEKENDS/HOLIDAY,23,478.8888888888889,396.0
Chinatown,NE4/DT19,WEEKDAY,0,66.45454545454545,108.63636363636364
Chinatown,NE4/DT19,WEEKDAY,5,67.36363636363636,2.9545454545454546
Chinatown,NE4/DT19,WEEKDAY,6,420.3181818181818,794.1363636363636
Chinatown,NE4/DT19,WEEKDAY,7,738.4090909090909,1639.590909090909
Chinatown,NE4/DT19,WEEKDAY,8,1084.3636363636363,3663.4545454545455
Chinatown,NE4/DT19,WEEKDAY,9,1153.0,3607.681818181818
Chinatown,NE4/DT19,WEEKDAY,10,1351.3181818181818,3241.2727272727275
Chinatown,NE4/DT19,WEEKDAY,11,1834.7727272727273,3755.0454545454545
Chinatown,NE4/DT19,WEEKDAY,12,2820.0454545454545,4047.318181818182
Chinatown,NE4/DT19,WEEKDAY,13,3811.318181818182,3146.9545454545455
Chinatown,NE4/DT19,WEEKDAY,14,3264.4545454545455,2737.2272727272725
Chinatown,NE4/DT19,WEEKDAY,15,3184.5454545454545,2601.2727272727275
Chinatown,NE4/DT19,WEEKDAY,16,3361.4545454545455,2618.2727272727275
Chinatown,NE4/DT19,WEEKDAY,17,4218.136363636364,3197.7727272727275
Chinatown,NE4/DT19,WEEKDAY,18,5379.409090909091,4158.318181818182
Chinatown,NE4/DT19,WEEKDAY,19,4184.818181818182,2765.7272727272725
Chinatown,NE4/DT19,WEEKDAY,20,3748.8636363636365,1630.2727272727273
Chinatown,NE4/DT19,WEEKDAY,21,3186.909090909091,1187.5
Chinatown,NE4/DT19,WEEKDAY,22,2102.5,907.9545454545455
Chinatown,NE4/DT19,WEEKDAY,23,892.6818181818181,418.40909090909093
Chinatown,NE4/DT19,WEEKENDS/HOLIDAY,0,20.77777777777778,53.44444444444444
Chinatown,NE4/DT19,WEEKENDS/HOLIDAY,5,48.0,0.8888888888888888
Chinatown,NE4/DT19,WEEKENDS/HOLIDAY,6,301.6666666666667,514.3333333333334
Chinatown,NE4/DT19,WEEKENDS/HOLIDAY,7,452.8888888888889,824.8888888888889
Chinatown,NE4/DT19,WEEKENDS/HOLIDAY,8,708.2222222222222,1566.0
Chinatown,NE4/DT19,WEEKENDS/HOLIDAY,9,1118.7777777777778,2619.0
Chinatown,NE4/DT19,WEEKENDS/HOLIDAY,10,1600.888888888889,3805.1111111111113
Chinatown,NE4/DT19,WEEKENDS/HOLIDAY,11,2240.8888888888887,4276.111111111111
Chinatown,NE4/DT19,WEEKENDS/HOLIDAY,12,2934.3333333333335,4167.666666666667
Chinatown,NE4/DT19,WEEKENDS/HOLIDAY,13,3577.0,3935.8888888888887
Chinatown,NE4/DT19,WEEKENDS/HOLIDAY,14,4066.4444444444443,3518.5555555555557
Chinatown,NE4/DT19,WEEKENDS/HOLIDAY,15,4123.333333333333,3380.5555555555557
Chinatown,NE4/DT19,WEEKENDS/HOLIDAY,16,4038.5555555555557,3326.5555555555557
Chinatown,NE4/DT19,WEEKENDS/HOLIDAY,17,4088.222222222222,3700.5555555555557
Chinatown,NE4/DT19,WEEKENDS/HOLIDAY,18,3905.5555555555557,3425.222222222222
Chinatown,NE4/DT19,WEEKENDS/HOLIDAY,19,3910.3333333333335,2581.1111111111113
Chinatown,NE4/DT19,WEEKENDS/HOLIDAY,20,3626.222222222222,1806.888888888889
Chinatown,NE4/DT19,WEEKENDS/HOLIDAY,21,2927.6666666666665,1341.2222222222222
Chinatown,NE4/DT19,WEEKENDS/HOLIDAY,22,2003.0,1010.6666666666666
Chinatown,NE4/DT19,WEEKENDS/HOLIDAY,23,848.6666666666666,465.0
Chinese Garden,EW25,WEEKDAY,0,11.954545454545455,80.4090909090909
Chinese Garden,EW25,WEEKDAY,5,424.95454545454544,19.863636363636363
Chinese Garden,EW25,WEEKDAY,6,1204.8181818181818,265.6818181818182
Chinese Garden,EW25,WEEKDAY,7,2471.7727272727275,766.3181818181819
Chinese Garden,EW25,WEEKDAY,8,2063.681818181818,535.1363636363636
Chinese Garden,EW25,WEEKDAY,9,971.3636363636364,277.8181818181818
Chinese Garden,EW25,WEEKDAY,10,585.1818181818181,262.59090909090907
Chinese Garden,EW25,WEEKDAY,11,522.1818181818181,257.3636363636364
Chinese Garden,EW25,WEEKDAY,12,482.6818181818182,325.3636363636364
Chinese Garden,EW25,WEEKDAY,13,409.27272727272725,376.3181818181818
Chinese Garden,EW25,WEEKDAY,14,349.3181818181818,375.59090909090907
Chinese Garden,EW25,WEEKDAY,15,422.54545454545456,458.3636363636364
Chinese Garden,EW25,WEEKDAY,16,468.95454545454544,617.6363636363636
Chinese Garden,EW25,WEEKDAY,17,712.3181818181819,1159.909090909091
Chinese Garden,EW25,WEEKDAY,18,717.6818181818181,1838.1363636363637
Chinese Garden,EW25,WEEKDAY,19,552.5454545454545,1346.3181818181818
Chinese Garden,EW25,WEEKDAY,20,361.6818181818182,958.7727272727273
Chinese Garden,EW25,WEEKDAY,21,297.04545454545456,802.5
Chinese Garden,EW25,WEEKDAY,22,192.13636363636363,659.3636363636364
Chinese Garden,EW25,WEEKDAY,23,70.22727272727273,353.04545454545456
Chinese Garden,EW25,WEEKENDS/HOLIDAY,0,6.555555555555555,76.22222222222223
Chinese Garden,EW25,WEEKENDS/HOLIDAY,5,148.11111111111111,6.111111111111111
Chinese Garden,EW25,WEEKENDS/HOLIDAY,6,469.77777777777777,128.11111111111111
Chinese Garden,EW25,WEEKENDS/HOLIDAY,7,683.4444444444445,393.8888888888889
Chinese Garden,EW25,WEEKENDS/HOLIDAY,8,684.3333333333334,396.44444444444446
Chinese Garden,EW25,WEEKENDS/HOLIDAY,9,732.3333333333334,431.3333333333333
Chinese Garden,EW25,WEEKENDS/HOLIDAY,10,757.0,534.1111111111111
Chinese Garden,EW25,WEEKENDS/HOLIDAY,11,781.0,621.4444444444445
Chinese Garden,EW25,WEEKENDS/HOLIDAY,12,763.8888888888889,634.1111111111111
Chinese Garden,EW25,WEEKENDS/HOLIDAY,13,714.2222222222222,639.3333333333334
Chinese Garden,EW25,WEEKENDS/HOLIDAY,14,680.4444444444445,625.7777777777778
Chinese Garden,EW25,WEEKENDS/HOLIDAY,15,684.0,652.6666666666666
Chinese Garden,EW25,WEEKENDS/HOLIDAY,16,766.8888888888889,796.4444444444445
Chinese Garden,EW25,WEEKENDS/HOLIDAY,17,890.6666666666666,977.0
Chinese Garden,EW25,WEEKENDS/HOLIDAY,18,844.5555555555555,1018.2222222222222
Chinese Garden,EW25,WEEKENDS/HOLIDAY,19,820.2222222222222,867.1111111111111
Chinese Garden,EW25,WEEKENDS/HOLIDAY,20,556.4444444444445,751.2222222222222
Chinese Garden,EW25,WEEKENDS/HOLIDAY,21,395.3333333333333,729.6666666666666
Chinese Garden,EW25,WEEKENDS/HOLIDAY,22,265.44444444444446,664.3333333333334
Chinese Garden,EW25,WEEKENDS/HOLIDAY,23,93.33333333333333,391.6666666666667
Choa Chu Kang,NS4/BP1,WEEKDAY,0,123.4090909090909,229.0
Choa Chu Kang,NS4/BP1,WEEKDAY,5,719.0454545454545,299.1363636363636
Choa Chu Kang,NS4/BP1,WEEKDAY,6,2548.1363636363635,1565.7727272727273
Choa Chu Kang,NS4/BP1,WEEKDAY,7,4670.954545454545,2362.318181818182
Choa Chu Kang,NS4/BP1,WEEKDAY,8,3576.909090909091,1622.090909090909
Choa Chu Kang,NS4/BP1,WEEKDAY,9,1871.6363636363637,1186.6363636363637
Choa Chu Kang,NS4/BP1,WEEKDAY,10,1547.7272727272727,1185.8636363636363
Choa Chu Kang,NS4/BP1,WEEKDAY,11,1562.2727272727273,1246.3636363636363
Choa Chu Kang,NS4/BP1,WEEKDAY,12,1697.5454545454545,1564.7272727272727
Choa Chu Kang,NS4/BP1,WEEKDAY,13,1653.6818181818182,1705.2272727272727
Choa Chu Kang,NS4/BP1,WEEKDAY,14,1491.2272727272727,1680.7727272727273
Choa Chu Kang,NS4/BP1,WEEKDAY,15,1461.8636363636363,1820.6363636363637
Choa Chu Kang,NS4/BP1,WEEKDAY,16,1704.090909090909,2233.5
Choa Chu Kang,NS4/BP1,WEEKDAY,17,2802.909090909091,3462.1363636363635
Choa Chu Kang,NS4/BP1,WEEKDAY,18,3036.2272727272725,5365.454545454545
Choa Chu Kang,NS4/BP1,WEEKDAY,19,1790.0454545454545,3955.0454545454545
Choa Chu Kang,NS4/BP1,WEEKDAY,20,1344.4545454545455,2616.1363636363635
Choa Chu Kang,NS4/BP1,WEEKDAY,21,1156.7727272727273,2139.909090909091
Choa Chu Kang,NS4/BP1,WEEKDAY,22,739.4090909090909,1618.590909090909
Choa Chu Kang,NS4/BP1,WEEKDAY,23,306.04545454545456,877.1818181818181
Choa Chu Kang,NS4/BP1,WEEKENDS/HOLIDAY,0,54.55555555555556,255.33333333333334
Choa Chu Kang,NS4/BP1,WEEKENDS/HOLIDAY,5,338.44444444444446,120.33333333333333
Choa Chu Kang,NS4/BP1,WEEKENDS/HOLIDAY,6,1197.3333333333333,594.6666666666666
Choa Chu Kang,NS4/BP1,WEEKENDS/HOLIDAY,7,1557.2222222222222,869.8888888888889
Choa Chu Kang,NS4/BP1,WEEKENDS/HOLIDAY,8,1658.111111111111,1065.7777777777778
Choa Chu Kang,NS4/BP1,WEEKENDS/HOLIDAY,9,1712.6666666666667,1217.5555555555557
Choa Chu Kang,NS4/BP1,WEEKENDS/HOLIDAY,10,1817.888888888889,1354.4444444444443
Choa Chu Kang,NS4/BP1,WEEKENDS/HOLIDAY,11,1883.111111111111,1508.6666666666667
Choa Chu Kang,NS4/BP1,WEEKENDS/HOLIDAY,12,2026.6666666666667,1665.7777777777778
Choa Chu Kang,NS4/BP1,WEEKENDS/HOLIDAY,13,1894.5555555555557,1869.4444444444443
Choa Chu Kang,NS4/BP1,WEEKENDS/HOLIDAY,14,1797.4444444444443,1883.7777777777778
Choa Chu Kang,NS4/BP1,WEEKENDS/HOLIDAY,15,1738.6666666666667,1936.2222222222222
Choa Chu Kang,NS4/BP1,WEEKENDS/HOLIDAY,16,1858.5555555555557,2088.5555555555557
Choa Chu Kang,NS4/BP1,WEEKENDS/HOLIDAY,17,2028.4444444444443,2449.3333333333335
Choa Chu Kang,NS4/BP1,WEEKENDS/HOLIDAY,18,1928.0,2621.5555555555557
Choa Chu Kang,NS4/BP1,WEEKENDS/HOLIDAY,19,1613.5555555555557,2424.5555555555557
Choa Chu Kang,NS4/BP1,WEEKENDS/HOLIDAY,20,1284.3333333333333,2314.222222222222
Choa Chu Kang,NS4/BP1,WEEKENDS/HOLIDAY,21,1131.6666666666667,2072.8888888888887
Choa Chu Kang,NS4/BP1,WEEKENDS/HOLIDAY,22,767.7777777777778,1678.3333333333333
Choa Chu Kang,NS4/BP1,WEEKENDS/HOLIDAY,23,311.0,974.2222222222222
City Hall,NS25/EW13,WEEKDAY,0,830.1818181818181,34.0
City Hall,NS25/EW13,WEEKDAY,5,29.045454545454547,41.13636363636363
City Hall,NS25/EW13,WEEKDAY,6,106.45454545454545,729.4090909090909
City Hall,NS25/EW13,WEEKDAY,7,253.95454545454547,1699.5454545454545
City Hall,NS25/EW13,WEEKDAY,8,440.0,4061.1363636363635
City Hall,NS25/EW13,WEEKDAY,9,480.1363636363636,3989.5454545454545
City Hall,NS25/EW13,WEEKDAY,10,671.7727272727273,2850.6363636363635
City Hall,NS25/EW13,WEEKDAY,11,1107.1818181818182,3282.2272727272725
City Hall,NS25/EW13,WEEKDAY,12,1805.4545454545455,3765.5454545454545
City Hall,NS25/EW13,WEEKDAY,13,3109.7727272727275,2788.8636363636365
City Hall,NS25/EW13,WEEKDAY,14,2711.5,2416.318181818182
City Hall,NS25/EW13,WEEKDAY,15,2654.7272727272725,2263.590909090909
City Hall,NS25/EW13,WEEKDAY,16,2969.3636363636365,2359.2727272727275
City Hall,NS25/EW13,WEEKDAY,17,4152.363636363636,3207.409090909091
City Hall,NS25/EW13,WEEKDAY,18,5601.727272727273,4920.681818181818
City Hall,NS25/EW13,WEEKDAY,19,4135.045454545455,2668.3636363636365
City Hall,NS25/EW13,WEEKDAY,20,3811.0454545454545,1227.8181818181818
City Hall,NS25/EW13,WEEKDAY,21,4353.318181818182,837.8636363636364
City Hall,NS25/EW13,WEEKDAY,22,3401.7272727272725,553.6818181818181
City Hall,NS25/EW13,WEEKDAY,23,1181.4545454545455,247.1818181818182
City Hall,NS25/EW13,WEEKENDS/HOLIDAY,0,29.444444444444443,8.88888888888889
City Hall,NS25/EW13,WEEKENDS/HOLIDAY,5,18.444444444444443,18.77777777777778
City Hall,NS25/EW13,WEEKENDS/HOLIDAY,6,137.11111111111111,619.1111111111111
City Hall,NS25/EW13,WEEKENDS/HOLIDAY,7,309.44444444444446,1300.6666666666667
City Hall,NS25/EW13,WEEKENDS/HOLIDAY,8,742.6666666666666,2596.3333333333335
City Hall,NS25/EW13,WEEKENDS/HOLIDAY,9,1363.0,5488.666666666667
City Hall,NS25/EW13,WEEKENDS/HOLIDAY,10,2086.6666666666665,5624.222222222223
City Hall,NS25/EW13,WEEKENDS/HOLIDAY,11,2708.3333333333335,4874.444444444444
City Hall,NS25/EW13,WEEKENDS/HOLIDAY,12,3033.0,4749.0
City Hall,NS25/EW13,WEEKENDS/HOLIDAY,13,3257.3333333333335,4650.777777777777
City Hall,NS25/EW13,WEEKENDS/HOLIDAY,14,3627.5555555555557,4157.0
City Hall,NS25/EW13,WEEKENDS/HOLIDAY,15,4298.666666666667,4275.666666666667
City Hall,NS25/EW13,WEEKENDS/HOLIDAY,16,5120.111111111111,4564.666666666667
City Hall,NS25/EW13,WEEKENDS/HOLIDAY,17,6312.0,4189.777777777777
City Hall,NS25/EW13,WEEKENDS/HOLIDAY,18,5994.0,3516.3333333333335
City Hall,NS25/EW13,WEEKENDS/HOLIDAY,19,5233.333333333333,2242.4444444444443
City Hall,NS25/EW13,WEEKENDS/HOLIDAY,20,4438.555555555556,1226.111111111111
City Hall,NS25/EW13,WEEKENDS/HOLIDAY,21,4354.888888888889,712.5555555555555
City Hall,NS25/EW13,WEEKENDS/HOLIDAY,22,3280.222222222222,416.8888888888889
City Hall,NS25/EW13,WEEKENDS/HOLIDAY,23,1271.888888888889,145.44444444444446
Clarke Quay,NE5,WEEKDAY,0,204.0,26.818181818181817
Clarke Quay,NE5,WEEKDAY,5,19.681818181818183,1.7727272727272727
Clarke Quay,NE5,WEEKDAY,6,52.13636363636363,298.59090909090907
Clarke Quay,NE5,WEEKDAY,7,105.5909090909091,769.6363636363636
Clarke Quay,NE5,WEEKDAY,8,176.0,1957.9545454545455
Clarke Quay,NE5,WEEKDAY,9,247.72727272727272,1877.5
Clarke Quay,NE5,WEEKDAY,10,310.3181818181818,975.9090909090909
Clarke Quay,NE5,WEEKDAY,11,409.6363636363636,715.5
Clarke Quay,NE5,WEEKDAY,12,548.6818181818181,728.0909090909091
Clarke Quay,NE5,WEEKDAY,13,595.3636363636364,714.9090909090909
Clarke Quay,NE5,WEEKDAY,14,577.1363636363636,630.3181818181819
Clarke Quay,NE5,WEEKDAY,15,603.6363636363636,592.2727272727273
Clarke Quay,NE5,WEEKDAY,16,702.9545454545455,649.9090909090909
Clarke Quay,NE5,WEEKDAY,17,1378.3181818181818,830.4545454545455
Clarke Quay,NE5,WEEKDAY,18,2207.5,1272.590909090909
Clarke Quay,NE5,WEEKDAY,19,1374.3181818181818,863.7727272727273
Clarke Quay,NE5,WEEKDAY,20,1144.3636363636363,591.1818181818181
Clarke Quay,NE5,WEEKDAY,21,1189.4545454545455,515.1363636363636
Clarke Quay,NE5,WEEKDAY,22,1025.3181818181818,417.8636363636364
Clarke Quay,NE5,WEEKDAY,23,582.7272727272727,203.5
Clarke Quay,NE5,WEEKENDS/HOLIDAY,0,6.555555555555555,6.333333333333333
Clarke Quay,NE5,WEEKENDS/HOLIDAY,5,18.77777777777778,1.8888888888888888
Clarke Quay,NE5,WEEKENDS/HOLIDAY,6,103.33333333333333,121.44444444444444
Clarke Quay,NE5,WEEKENDS/HOLIDAY,7,80.44444444444444,327.6666666666667
Clarke Quay,NE5,WEEKENDS/HOLIDAY,8,113.22222222222223,379.6666666666667
Clarke Quay,NE5,WEEKENDS/HOLIDAY,9,214.0,587.3333333333334
Clarke Quay,NE5,WEEKENDS/HOLIDAY,10,329.44444444444446,757.0
Clarke Quay,NE5,WEEKENDS/HOLIDAY,11,390.77777777777777,797.5555555555555
Clarke Quay,NE5,WEEKENDS/HOLIDAY,12,488.1111111111111,746.7777777777778
Clarke Quay,NE5,WEEKENDS/HOLIDAY,13,535.6666666666666,714.1111111111111
Clarke Quay,NE5,WEEKENDS/HOLIDAY,14,634.0,696.1111111111111
Clarke Quay,NE5,WEEKENDS/HOLIDAY,15,695.6666666666666,682.5555555555555
Clarke Quay,NE5,WEEKENDS/HOLIDAY,16,681.1111111111111,787.7777777777778
Clarke Quay,NE5,WEEKENDS/HOLIDAY,17,730.3333333333334,851.3333333333334
Clarke Quay,NE5,WEEKENDS/HOLIDAY,18,730.1111111111111,930.8888888888889
Clarke Quay,NE5,WEEKENDS/HOLIDAY,19,809.2222222222222,745.2222222222222
Clarke Quay,NE5,WEEKENDS/HOLIDAY,20,803.5555555555555,607.8888888888889
Clarke Quay,NE5,WEEKENDS/HOLIDAY,21,915.4444444444445,508.77777777777777
Clarke Quay,NE5,WEEKENDS/HOLIDAY,22,893.8888888888889,418.44444444444446
Clarke Quay,NE5,WEEKENDS/HOLIDAY,23,569.3333333333334,171.33333333333334
Clementi,EW23,WEEKDAY,0,31.863636363636363,147.0909090909091
Clementi,EW23,WEEKDAY,5,294.04545454545456,201.8181818181818
Clementi,EW23,WEEKDAY,6,2033.5,1871.7727272727273
Clementi,EW23,WEEKDAY,7,3848.0454545454545,3971.5454545454545
Clementi,EW23,WEEKDAY,8,4238.818181818182,4010.590909090909
Clementi,EW23,WEEKDAY,9,2487.181818181818,2176.9545454545455
Clementi,EW23,WEEKDAY,10,1859.8636363636363,1698.0
Clementi,EW23,WEEKDAY,11,1909.9545454545455,1696.1363636363637
Clementi,EW23,WEEKDAY,12,2180.181818181818,1950.8636363636363
Clementi,EW23,WEEKDAY,13,2166.0454545454545,1984.1818181818182
Clementi,EW23,WEEKDAY,14,1865.1363636363637,1830.6818181818182
Clementi,EW23,WEEKDAY,15,2021.2727272727273,1961.090909090909
Clementi,EW23,WEEKDAY,16,2446.1363636363635,2297.2727272727275
Clementi,EW23,WEEKDAY,17,4048.681818181818,3542.8636363636365
Clementi,EW23,WEEKDAY,18,4528.454545454545,5380.772727272727
Clementi,EW23,WEEKDAY,19,2799.4545454545455,3757.6363636363635
Clementi,EW23,WEEKDAY,20,2031.9545454545455,2464.5
Clementi,EW23,WEEKDAY,21,1714.1818181818182,2126.5454545454545
Clementi,EW23,WEEKDAY,22,1025.4545454545455,1750.4545454545455
Clementi,EW23,WEEKDAY,23,377.04545454545456,797.5
Clementi,EW23,WEEKENDS/HOLIDAY,0,16.88888888888889,98.66666666666667
Clementi,EW23,WEEKENDS/HOLIDAY,5,131.55555555555554,49.55555555555556
Clementi,EW23,WEEKENDS/HOLIDAY,6,938.8888888888889,913.1111111111111
Clementi,EW23,WEEKENDS/HOLIDAY,7,1531.6666666666667,1556.6666666666667
Clementi,EW23,WEEKENDS/HOLIDAY,8,1962.111111111111,1597.3333333333333
Clementi,EW23,WEEKENDS/HOLIDAY,9,2333.777777777778,1820.111111111111
Clementi,EW23,WEEKENDS/HOLIDAY,10,2461.8888888888887,1793.6666666666667
Clementi,EW23,WEEKENDS/HOLIDAY,11,2567.6666666666665,1830.4444444444443
Clementi,EW23,WEEKENDS/HOLIDAY,12,2653.8888888888887,2040.111111111111
Clementi,EW23,WEEKENDS/HOLIDAY,13,2510.6666666666665,2225.8888888888887
Clementi,EW23,WEEKENDS/HOLIDAY,14,2259.1111111111113,2264.4444444444443
Clementi,EW23,WEEKENDS/HOLIDAY,15,2248.4444444444443,2313.0
Clementi,EW23,WEEKENDS/HOLIDAY,16,2380.4444444444443,2580.777777777778
Clementi,EW23,WEEKENDS/HOLIDAY,17,2755.222222222222,2951.777777777778
Clementi,EW23,WEEKENDS/HOLIDAY,18,2612.777777777778,2968.0
Clementi,EW23,WEEKENDS/HOLIDAY,19,2197.6666666666665,2684.777777777778
Clementi,EW23,WEEKENDS/HOLIDAY,20,1733.888888888889,2396.3333333333335
Clementi,EW23,WEEKENDS/HOLIDAY,21,1443.3333333333333,2206.222222222222
Clementi,EW23,WEEKENDS/HOLIDAY,22,971.3333333333334,1812.111111111111
Clementi,EW23,WEEKENDS/HOLIDAY,23,338.6666666666667,918.6666666666666
Commonwealth,EW20,WEEKDAY,0,11.636363636363637,44.95454545454545
Commonwealth,EW20,WEEKDAY,5,104.13636363636364,37.09090909090909
Commonwealth,EW20,WEEKDAY,6,618.5,487.09090909090907
Commonwealth,EW20,WEEKDAY,7,1029.3181818181818,967.2727272727273
Commonwealth,EW20,WEEKDAY,8,1312.909090909091,1715.2727272727273
Commonwealth,EW20,WEEKDAY,9,850.3181818181819,990.4545454545455
Commonwealth,EW20,WEEKDAY,10,581.1363636363636,521.9545454545455
Commonwealth,EW20,WEEKDAY,11,581.7272727272727,392.72727272727275
Commonwealth,EW20,WEEKDAY,12,606.5909090909091,446.95454545454544
Commonwealth,EW20,WEEKDAY,13,557.7727272727273,505.95454545454544
Commonwealth,EW20,WEEKDAY,14,484.3636363636364,472.77272727272725
Commonwealth,EW20,WEEKDAY,15,529.1818181818181,468.8636363636364
Commonwealth,EW20,WEEKDAY,16,675.3181818181819,543.6818181818181
Commonwealth,EW20,WEEKDAY,17,1308.5,828.6818181818181
Commonwealth,EW20,WEEKDAY,18,1702.590909090909,1252.6818181818182
Commonwealth,EW20,WEEKDAY,19,778.8636363636364,954.1363636363636
Commonwealth,EW20,WEEKDAY,20,432.59090909090907,658.6818181818181
Commonwealth,EW20,WEEKDAY,21,405.1818181818182,623.6363636363636
Commonwealth,EW20,WEEKDAY,22,222.5909090909091,518.0909090909091
Commonwealth,EW20,WEEKDAY,23,96.45454545454545,260.6818181818182
Commonwealth,EW20,WEEKENDS/HOLIDAY,0,4.111111111111111,23.22222222222222
Commonwealth,EW20,WEEKENDS/HOLIDAY,5,30.0,9.88888888888889
Commonwealth,EW20,WEEKENDS/HOLIDAY,6,307.44444444444446,232.66666666666666
Commonwealth,EW20,WEEKENDS/HOLIDAY,7,425.3333333333333,407.77777777777777
Commonwealth,EW20,WEEKENDS/HOLIDAY,8,526.3333333333334,537.5555555555555
Commonwealth,EW20,WEEKENDS/HOLIDAY,9,658.5555555555555,549.0
Commonwealth,EW20,WEEKENDS/HOLIDAY,10,701.4444444444445,530.8888888888889
Commonwealth,EW20,WEEKENDS/HOLIDAY,11,732.7777777777778,493.0
Commonwealth,EW20,WEEKENDS/HOLIDAY,12,781.5555555555555,473.6666666666667
Commonwealth,EW20,WEEKENDS/HOLIDAY,13,684.0,529.4444444444445
Commonwealth,EW20,WEEKENDS/HOLIDAY,14,548.0,515.4444444444445
Commonwealth,EW20,WEEKENDS/HOLIDAY,15,530.8888888888889,510.3333333333333
Commonwealth,EW20,WEEKENDS/HOLIDAY,16,588.7777777777778,539.8888888888889
Commonwealth,EW20,WEEKENDS/HOLIDAY,17,662.8888888888889,602.6666666666666
Commonwealth,EW20,WEEKENDS/HOLIDAY,18,591.0,641.5555555555555
Commonwealth,EW20,WEEKENDS/HOLIDAY,19,464.22222222222223,678.2222222222222
Commonwealth,EW20,WEEKENDS/HOLIDAY,20,341.0,592.4444444444445
Commonwealth,EW20,WEEKENDS/HOLIDAY,21,340.0,604.8888888888889
Commonwealth,EW20,WEEKENDS/HOLIDAY,22,188.55555555555554,546.6666666666666
Commonwealth,EW20,WEEKENDS/HOLIDAY,23,88.33333333333333,291.1111111111111
Dakota,CC8,WEEKDAY,0,4.7727272727272725,37.40909090909091
Dakota,CC8,WEEKDAY,5,51.63636363636363,6.7727272727272725
Dakota,CC8,WEEKDAY,6,232.77272727272728,132.54545454545453
Dakota,CC8,WEEKDAY,7,620.3181818181819,374.5
Dakota,CC8,WEEKDAY,8,923.1363636363636,393.5
Dakota,CC8,WEEKDAY,9,533.0909090909091,310.54545454545456
Dakota,CC8,WEEKDAY,10,329.72727272727275,252.72727272727272
Dakota,CC8,WEEKDAY,11,346.6363636363636,224.3181818181818
Dakota,CC8,WEEKDAY,12,347.6363636363636,273.0
Dakota,CC8,WEEKDAY,13,338.0,308.5
Dakota,CC8,WEEKDAY,14,277.0,288.6818181818182
Dakota,CC8,WEEKDAY,15,290.22727272727275,290.95454545454544
Dakota,CC8,WEEKDAY,16,331.09090909090907,343.6818181818182
Dakota,CC8,WEEKDAY,17,470.77272727272725,507.3636363636364
Dakota,CC8,WEEKDAY,18,565.5,828.1818181818181
Dakota,CC8,WEEKDAY,19,428.77272727272725,636.2727272727273
Dakota,CC8,WEEKDAY,20,270.1818181818182,428.40909090909093
Dakota,CC8,WEEKDAY,21,250.13636363636363,381.22727272727275
Dakota,CC8,WEEKDAY,22,175.9090909090909,304.3636363636364
Dakota,CC8,WEEKDAY,23,45.04545454545455,128.86363636363637
Dakota,CC8,WEEKENDS/HOLIDAY,0,1.8888888888888888,9.222222222222221
Dakota,CC8,WEEKENDS/HOLIDAY,5,8.777777777777779,0.2222222222222222
Dakota,CC8,WEEKENDS/HOLIDAY,6,32.77777777777778,19.666666666666668
Dakota,CC8,WEEKENDS/HOLIDAY,7,55.44444444444444,49.0
Dakota,CC8,WEEKENDS/HOLIDAY,8,145.66666666666666,78.55555555555556
Dakota,CC8,WEEKENDS/HOLIDAY,9,377.0,269.6666666666667
Dakota,CC8,WEEKENDS/HOLIDAY,10,403.77777777777777,304.6666666666667
Dakota,CC8,WEEKENDS/HOLIDAY,11,416.77777777777777,289.0
Dakota,CC8,WEEKENDS/HOLIDAY,12,435.3333333333333,310.0
Dakota,CC8,WEEKENDS/HOLIDAY,13,401.44444444444446,363.22222222222223
Dakota,CC8,WEEKENDS/HOLIDAY,14,355.3333333333333,331.1111111111111
Dakota,CC8,WEEKENDS/HOLIDAY,15,363.77777777777777,334.44444444444446
Dakota,CC8,WEEKENDS/HOLIDAY,16,377.3333333333333,392.22222222222223
Dakota,CC8,WEEKENDS/HOLIDAY,17,430.44444444444446,420.22222222222223
Dakota,CC8,WEEKENDS/HOLIDAY,18,447.8888888888889,442.8888888888889
Dakota,CC8,WEEKENDS/HOLIDAY,19,362.6666666666667,411.44444444444446
Dakota,CC8,WEEKENDS/HOLIDAY,20,273.1111111111111,366.3333333333333
Dakota,CC8,WEEKENDS/HOLIDAY,21,249.77777777777777,355.0
Dakota,CC8,WEEKENDS/HOLIDAY,22,186.88888888888889,302.55555555555554
Dakota,CC8,WEEKENDS/HOLIDAY,23,35.333333333333336,114.11111111111111
Dhoby Ghaut,NS24/NE6/CC1,WEEKDAY,0,56.86363636363637,49.31818181818182
Dhoby Ghaut,NS24/NE6/CC1,WEEKDAY,5,16.954545454545453,15.863636363636363
Dhoby Ghaut,NS24/NE6/CC1,WEEKDAY,6,141.0,368.3636363636364
Dhoby Ghaut,NS24/NE6/CC1,WEEKDAY,7,461.90909090909093,912.3181818181819
Dhoby Ghaut,NS24/NE6/CC1,WEEKDAY,8,1136.8636363636363,2315.1363636363635
Dhoby Ghaut,NS24/NE6/CC1,WEEKDAY,9,642.3181818181819,1967.3636363636363
Dhoby Ghaut,NS24/NE6/CC1,WEEKDAY,10,655.2272727272727,1611.9545454545455
Dhoby Ghaut,NS24/NE6/CC1,WEEKDAY,11,1054.6818181818182,1956.590909090909
Dhoby Ghaut,NS24/NE6/CC1,WEEKDAY,12,1608.6363636363637,2485.7727272727275
Dhoby Ghaut,NS24/NE6/CC1,WEEKDAY,13,2115.7727272727275,2313.2727272727275
Dhoby Ghaut,NS24/NE6/CC1,WEEKDAY,14,1952.909090909091,2021.0
Dhoby Ghaut,NS24/NE6/CC1,WEEKDAY,15,2140.909090909091,1972.3181818181818
Dhoby Ghaut,NS24/NE6/CC1,WEEKDAY,16,2441.318181818182,1945.1363636363637
Dhoby Ghaut,NS24/NE6/CC1,WEEKDAY,17,3177.5454545454545,2406.7272727272725
Dhoby Ghaut,NS24/NE6/CC1,WEEKDAY,18,3983.2272727272725,3746.2272727272725
Dhoby Ghaut,NS24/NE6/CC1,WEEKDAY,19,2981.4545454545455,2339.318181818182
Dhoby Ghaut,NS24/NE6/CC1,WEEKDAY,20,2858.1363636363635,1211.9545454545455
Dhoby Ghaut,NS24/NE6/CC1,WEEKDAY,21,3225.6363636363635,795.7727272727273
Dhoby Ghaut,NS24/NE6/CC1,WEEKDAY,22,2007.7727272727273,520.3181818181819
Dhoby Ghaut,NS24/NE6/CC1,WEEKDAY,23,610.4545454545455,208.27272727272728
Dhoby Ghaut,NS24/NE6/CC1,WEEKENDS/HOLIDAY,0,12.88888888888889,16.22222222222222
Dhoby Ghaut,NS24/NE6/CC1,WEEKENDS/HOLIDAY,5,19.444444444444443,5.333333333333333
Dhoby Ghaut,NS24/NE6/CC1,WEEKENDS/HOLIDAY,6,108.88888888888889,271.0
Dhoby Ghaut,NS24/NE6/CC1,WEEKENDS/HOLIDAY,7,212.55555555555554,598.2222222222222
Dhoby Ghaut,NS24/NE6/CC1,WEEKENDS/HOLIDAY,8,360.8888888888889,1045.4444444444443
Dhoby Ghaut,NS24/NE6/CC1,WEEKENDS/HOLIDAY,9,558.6666666666666,1473.3333333333333
Dhoby Ghaut,NS24/NE6/CC1,WEEKENDS/HOLIDAY,10,756.5555555555555,1867.888888888889
Dhoby Ghaut,NS24/NE6/CC1,WEEKENDS/HOLIDAY,11,1152.888888888889,2240.4444444444443
Dhoby Ghaut,NS24/NE6/CC1,WEEKENDS/HOLIDAY,12,1619.5555555555557,2476.5555555555557
Dhoby Ghaut,NS24/NE6/CC1,WEEKENDS/HOLIDAY,13,1992.4444444444443,2637.0
Dhoby Ghaut,NS24/NE6/CC1,WEEKENDS/HOLIDAY,14,2355.8888888888887,2587.222222222222
Dhoby Ghaut,NS24/NE6/CC1,WEEKENDS/HOLIDAY,15,2719.4444444444443,2621.777777777778
Dhoby Ghaut,NS24/NE6/CC1,WEEKENDS/HOLIDAY,16,2948.222222222222,2614.6666666666665
Dhoby Ghaut,NS24/NE6/CC1,WEEKENDS/HOLIDAY,17,3178.6666666666665,2542.6666666666665
Dhoby Ghaut,NS24/NE6/CC1,WEEKENDS/HOLIDAY,18,2996.3333333333335,2368.8888888888887
Dhoby Ghaut,NS24/NE6/CC1,WEEKENDS/HOLIDAY,19,2717.1111111111113,1800.4444444444443
Dhoby Ghaut,NS24/NE6/CC1,WEEKENDS/HOLIDAY,20,2590.3333333333335,1205.0
Dhoby Ghaut,NS24/NE6/CC1,WEEKENDS/HOLIDAY,21,2773.222222222222,811.7777777777778
Dhoby Ghaut,NS24/NE6/CC1,WEEKENDS/HOLIDAY,22,1851.888888888889,540.0
Dhoby Ghaut,NS24/NE6/CC1,WEEKENDS/HOLIDAY,23,555.3333333333334,241.11111111111111
Dover,EW22,WEEKDAY,0,3.6363636363636362,21.09090909090909
Dover,EW22,WEEKDAY,5,21.09090909090909,32.27272727272727
Dover,EW22,WEEKDAY,6,198.72727272727272,246.0909090909091
Dover,EW22,WEEKDAY,7,508.54545454545456,749.6818181818181
Dover,EW22,WEEKDAY,8,648.8636363636364,1408.3636363636363
Dover,EW22,WEEKDAY,9,393.3636363636364,752.7272727272727
Dover,EW22,WEEKDAY,10,431.59090909090907,609.3181818181819
Dover,EW22,WEEKDAY,11,456.6363636363636,361.8181818181818
Dover,EW22,WEEKDAY,12,600.6818181818181,479.90909090909093
Dover,EW22,WEEKDAY,13,437.5,564.7727272727273
Dover,EW22,WEEKDAY,14,452.1363636363636,414.6818181818182
Dover,EW22,WEEKDAY,15,684.1363636363636,381.40909090909093
Dover,EW22,WEEKDAY,16,718.9090909090909,333.59090909090907
Dover,EW22,WEEKDAY,17,1119.5,530.9545454545455
Dover,EW22,WEEKDAY,18,827.2272727272727,868.4545454545455
Dover,EW22,WEEKDAY,19,415.54545454545456,470.0
Dover,EW22,WEEKDAY,20,395.6363636363636,340.72727272727275
Dover,EW22,WEEKDAY,21,302.5,324.04545454545456
Dover,EW22,WEEKDAY,22,154.86363636363637,261.3636363636364
Dover,EW22,WEEKDAY,23,39.04545454545455,124.5909090909091
Dover,EW22,WEEKENDS/HOLIDAY,0,1.3333333333333333,10.666666666666666
Dover,EW22,WEEKENDS/HOLIDAY,5,10.555555555555555,5.777777777777778
Dover,EW22,WEEKENDS/HOLIDAY,6,91.22222222222223,76.55555555555556
Dover,EW22,WEEKENDS/HOLIDAY,7,153.11111111111111,223.88888888888889
Dover,EW22,WEEKENDS/HOLIDAY,8,223.33333333333334,211.77777777777777
Dover,EW22,WEEKENDS/HOLIDAY,9,258.8888888888889,208.22222222222223
Dover,EW22,WEEKENDS/HOLIDAY,10,277.55555555555554,180.33333333333334
Dover,EW22,WEEKENDS/HOLIDAY,11,275.6666666666667,171.44444444444446
Dover,EW22,WEEKENDS/HOLIDAY,12,310.22222222222223,216.11111111111111
Dover,EW22,WEEKENDS/HOLIDAY,13,249.0,244.22222222222223
Dover,EW22,WEEKENDS/HOLIDAY,14,216.22222222222223,257.1111111111111
Dover,EW22,WEEKENDS/HOLIDAY,15,224.44444444444446,265.44444444444446
Dover,EW22,WEEKENDS/HOLIDAY,16,243.55555555555554,285.55555555555554
Dover,EW22,WEEKENDS/HOLIDAY,17,309.6666666666667,291.44444444444446
Dover,EW22,WEEKENDS/HOLIDAY,18,288.3333333333333,308.3333333333333
Dover,EW22,WEEKENDS/HOLIDAY,19,197.66666666666666,293.3333333333333
Dover,EW22,WEEKENDS/HOLIDAY,20,131.44444444444446,317.77777777777777
Dover,EW22,WEEKENDS/HOLIDAY,21,99.0,326.8888888888889
Dover,EW22,WEEKENDS/HOLIDAY,22,82.66666666666667,276.77777777777777
Dover,EW22,WEEKENDS/HOLIDAY,23,34.77777777777778,123.88888888888889
Downtown,DT17,WEEKDAY,0,303.6818181818182,13.5
Downtown,DT17,WEEKDAY,5,4.2727272727272725,0.13636363636363635
Downtown,DT17,WEEKDAY,6,35.0,591.4545454545455
Downtown,DT17,WEEKDAY,7,97.22727272727273,1359.1818181818182
Downtown,DT17,WEEKDAY,8,231.45454545454547,5087.818181818182
Downtown,DT17,WEEKDAY,9,167.54545454545453,4672.772727272727
Downtown,DT17,WEEKDAY,10,229.5,1285.2272727272727
Downtown,DT17,WEEKDAY,11,1171.1363636363637,687.5454545454545
Downtown,DT17,WEEKDAY,12,1418.3181818181818,760.9090909090909
Downtown,DT17,WEEKDAY,13,625.1818181818181,1675.1363636363637
Downtown,DT17,WEEKDAY,14,563.3181818181819,791.8181818181819
Downtown,DT17,WEEKDAY,15,691.5909090909091,335.09090909090907
Downtown,DT17,WEEKDAY,16,1082.3636363636363,325.04545454545456
Downtown,DT17,WEEKDAY,17,2673.681818181818,390.6363636363636
Downtown,DT17,WEEKDAY,18,4879.227272727273,515.0909090909091
Downtown,DT17,WEEKDAY,19,2237.2727272727275,327.8181818181818
Downtown,DT17,WEEKDAY,20,1045.8181818181818,243.04545454545453
Downtown,DT17,WEEKDAY,21,684.8636363636364,219.5909090909091
Downtown,DT17,WEEKDAY,22,418.72727272727275,184.5909090909091
Downtown,DT17,WEEKDAY,23,196.1818181818182,130.6818181818182
Downtown,DT17,WEEKENDS/HOLIDAY,0,8.555555555555555,7.666666666666667
Downtown,DT17,WEEKENDS/HOLIDAY,5,4.0,0.3333333333333333
Downtown,DT17,WEEKENDS/HOLIDAY,6,34.77777777777778,105.44444444444444
Downtown,DT17,WEEKENDS/HOLIDAY,7,67.66666666666667,220.55555555555554
Downtown,DT17,WEEKENDS/HOLIDAY,8,95.88888888888889,283.8888888888889
Downtown,DT17,WEEKENDS/HOLIDAY,9,109.33333333333333,269.8888888888889
Downtown,DT17,WEEKENDS/HOLIDAY,10,164.66666666666666,244.77777777777777
Downtown,DT17,WEEKENDS/HOLIDAY,11,225.33333333333334,259.3333333333333
Downtown,DT17,WEEKENDS/HOLIDAY,12,245.33333333333334,258.44444444444446
Downtown,DT17,WEEKENDS/HOLIDAY,13,236.88888888888889,272.1111111111111
Downtown,DT17,WEEKENDS/HOLIDAY,14,254.66666666666666,260.1111111111111
Downtown,DT17,WEEKENDS/HOLIDAY,15,286.6666666666667,241.77777777777777
Downtown,DT17,WEEKENDS/HOLIDAY,16,311.1111111111111,271.77777777777777
Downtown,DT17,WEEKENDS/HOLIDAY,17,341.1111111111111,284.55555555555554
Downtown,DT17,WEEKENDS/HOLIDAY,18,323.22222222222223,320.1111111111111
Downtown,DT17,WEEKENDS/HOLIDAY,19,330.55555555555554,251.22222222222223
Downtown,DT17,WEEKENDS/HOLIDAY,20,287.3333333333333,248.77777777777777
Downtown,DT17,WEEKENDS/HOLIDAY,21,298.55555555555554,197.11111111111111
Downtown,DT17,WEEKENDS/HOLIDAY,22,241.88888888888889,124.33333333333333
Downtown,DT17,WEEKENDS/HOLIDAY,23,132.44444444444446,47.333333333333336
Esplanade,CC3,WEEKDAY,0,118.5909090909091,6.7272727272727275
Esplanade,CC3,WEEKDAY,5,3.4545454545454546,0.3181818181818182
Esplanade,CC3,WEEKDAY,6,9.136363636363637,166.9090909090909
Esplanade,CC3,WEEKDAY,7,29.636363636363637,318.5
Esplanade,CC3,WEEKDAY,8,76.0909090909091,826.3181818181819
Esplanade,CC3,WEEKDAY,9,71.36363636363636,912.2272727272727
Esplanade,CC3,WEEKDAY,10,86.4090909090909,594.4090909090909
Esplanade,CC3,WEEKDAY,11,162.36363636363637,507.3181818181818
Esplanade,CC3,WEEKDAY,12,244.27272727272728,440.27272727272725
Esplanade,CC3,WEEKDAY,13,359.27272727272725,409.59090909090907
Esplanade,CC3,WEEKDAY,14,387.04545454545456,342.22727272727275
Esplanade,CC3,WEEKDAY,15,425.22727272727275,311.59090909090907
Esplanade,CC3,WEEKDAY,16,499.59090909090907,321.22727272727275
Esplanade,CC3,WEEKDAY,17,773.8636363636364,428.04545454545456
Esplanade,CC3,WEEKDAY,18,1060.2727272727273,644.5
Esplanade,CC3,WEEKDAY,19,768.6363636363636,421.90909090909093
Esplanade,CC3,WEEKDAY,20,677.9090909090909,180.54545454545453
Esplanade,CC3,WEEKDAY,21,771.1363636363636,136.77272727272728
Esplanade,CC3,WEEKDAY,22,653.4545454545455,112.72727272727273
Esplanade,CC3,WEEKDAY,23,165.0909090909091,47.0
Esplanade,CC3,WEEKENDS/HOLIDAY,0,0.3333333333333333,0.8888888888888888
Esplanade,CC3,WEEKENDS/HOLIDAY,5,0.5555555555555556,0.1111111111111111
Esplanade,CC3,WEEKENDS/HOLIDAY,6,10.777777777777779,45.77777777777778
Esplanade,CC3,WEEKENDS/HOLIDAY,7,17.444444444444443,101.33333333333333
Esplanade,CC3,WEEKENDS/HOLIDAY,8,58.666666666666664,196.44444444444446
Esplanade,CC3,WEEKENDS/HOLIDAY,9,144.88888888888889,706.3333333333334
Esplanade,CC3,WEEKENDS/HOLIDAY,10,198.77777777777777,840.8888888888889
Esplanade,CC3,WEEKENDS/HOLIDAY,11,243.66666666666666,700.4444444444445
Esplanade,CC3,WEEKENDS/HOLIDAY,12,426.44444444444446,785.2222222222222
Esplanade,CC3,WEEKENDS/HOLIDAY,13,492.1111111111111,754.7777777777778
Esplanade,CC3,WEEKENDS/HOLIDAY,14,582.3333333333334,626.4444444444445
Esplanade,CC3,WEEKENDS/HOLIDAY,15,730.0,602.7777777777778
Esplanade,CC3,WEEKENDS/HOLIDAY,16,821.3333333333334,698.0
Esplanade,CC3,WEEKENDS/HOLIDAY,17,835.6666666666666,621.8888888888889
Esplanade,CC3,WEEKENDS/HOLIDAY,18,828.1111111111111,613.7777777777778
Esplanade,CC3,WEEKENDS/HOLIDAY,19,847.3333333333334,374.8888888888889
Esplanade,CC3,WEEKENDS/HOLIDAY,20,832.7777777777778,188.33333333333334
Esplanade,CC3,WEEKENDS/HOLIDAY,21,902.3333333333334,121.77777777777777
Esplanade,CC3,WEEKENDS/HOLIDAY,22,719.0,86.88888888888889
Esplanade,CC3,WEEKENDS/HOLIDAY,23,141.88888888888889,19.88888888888889
Eunos,EW7,WEEKDAY,0,9.454545454545455,82.9090909090909
Eunos,EW7,WEEKDAY,5,170.0,26.727272727272727
Eunos,EW7,WEEKDAY,6,727.5,289.09090909090907
Eunos,EW7,WEEKDAY,7,1325.3181818181818,660.8636363636364
Eunos,EW7,WEEKDAY,8,1755.6818181818182,892.6363636363636
Eunos,EW7,WEEKDAY,9,1064.3636363636363,574.8181818181819
Eunos,EW7,WEEKDAY,10,700.2727272727273,383.27272727272725
Eunos,EW7,WEEKDAY,11,676.4090909090909,408.5
Eunos,EW7,WEEKDAY,12,703.0909090909091,533.5
Eunos,EW7,WEEKDAY,13,620.4545454545455,571.5454545454545
Eunos,EW7,WEEKDAY,14,523.4545454545455,574.0454545454545
Eunos,EW7,WEEKDAY,15,465.1818181818182,601.3636363636364
Eunos,EW7,WEEKDAY,16,569.6818181818181,695.6363636363636
Eunos,EW7,WEEKDAY,17,871.5909090909091,1026.1818181818182
Eunos,EW7,WEEKDAY,18,1040.909090909091,1690.409090909091
Eunos,EW7,WEEKDAY,19,586.7272727272727,1369.4545454545455
Eunos,EW7,WEEKDAY,20,336.90909090909093,1037.5454545454545
Eunos,EW7,WEEKDAY,21,265.6818181818182,988.7272727272727
Eunos,EW7,WEEKDAY,22,199.3181818181818,802.2272727272727
Eunos,EW7,WEEKDAY,23,75.95454545454545,369.72727272727275
Eunos,EW7,WEEKENDS/HOLIDAY,0,8.11111111111111,56.44444444444444
Eunos,EW7,WEEKENDS/HOLIDAY,5,70.0,11.333333333333334
Eunos,EW7,WEEKENDS/HOLIDAY,6,397.55555555555554,134.77777777777777
Eunos,EW7,WEEKENDS/HOLIDAY,7,573.8888888888889,330.6666666666667
Eunos,EW7,WEEKENDS/HOLIDAY,8,715.2222222222222,438.0
Eunos,EW7,WEEKENDS/HOLIDAY,9,863.2222222222222,515.0
Eunos,EW7,WEEKENDS/HOLIDAY,10,853.4444444444445,511.1111111111111
Eunos,EW7,WEEKENDS/HOLIDAY,11,827.2222222222222,509.6666666666667
Eunos,EW7,WEEKENDS/HOLIDAY,12,816.6666666666666,599.8888888888889
Eunos,EW7,WEEKENDS/HOLIDAY,13,759.0,626.2222222222222
Eunos,EW7,WEEKENDS/HOLIDAY,14,645.1111111111111,625.3333333333334
Eunos,EW7,WEEKENDS/HOLIDAY,15,586.4444444444445,678.5555555555555
Eunos,EW7,WEEKENDS/HOLIDAY,16,646.7777777777778,741.8888888888889
Eunos,EW7,WEEKENDS/HOLIDAY,17,763.8888888888889,837.8888888888889
Eunos,EW7,WEEKENDS/HOLIDAY,18,724.2222222222222,940.3333333333334
Eunos,EW7,WEEKENDS/HOLIDAY,19,532.2222222222222,918.3333333333334
Eunos,EW7,WEEKENDS/HOLIDAY,20,362.8888888888889,878.1111111111111
Eunos,EW7,WEEKENDS/HOLIDAY,21,267.3333333333333,909.3333333333334
Eunos,EW7,WEEKENDS/HOLIDAY,22,191.55555555555554,774.2222222222222
Eunos,EW7,WEEKENDS/HOLIDAY,23,80.44444444444444,398.55555555555554
Expo,CG1/DT35,WEEKDAY,0,2.8181818181818183,21.5
Expo,CG1/DT35,WEEKDAY,5,31.90909090909091,24.90909090909091
Expo,CG1/DT35,WEEKDAY,6,136.5,487.04545454545456
Expo,CG1/DT35,WEEKDAY,7,188.22727272727272,1331.7727272727273
Expo,CG1/DT35,WEEKDAY,8,213.72727272727272,3071.7727272727275
Expo,CG1/DT35,WEEKDAY,9,160.8181818181818,2174.681818181818
Expo,CG1/DT35,WEEKDAY,10,177.45454545454547,981.7727272727273
Expo,CG1/DT35,WEEKDAY,11,350.22727272727275,629.0
Expo,CG1/DT35,WEEKDAY,12,599.9545454545455,616.6363636363636
Expo,CG1/DT35,WEEKDAY,13,594.6818181818181,704.5454545454545
Expo,CG1/DT35,WEEKDAY,14,578.2272727272727,606.0
Expo,CG1/DT35,WEEKDAY,15,733.4090909090909,526.7727272727273
Expo,CG1/DT35,WEEKDAY,16,985.0,502.5
Expo,CG1/DT35,WEEKDAY,17,1970.5454545454545,611.9090909090909
Expo,CG1/DT35,WEEKDAY,18,3102.318181818182,789.0454545454545
Expo,CG1/DT35,WEEKDAY,19,1566.409090909091,632.8181818181819
Expo,CG1/DT35,WEEKDAY,20,1057.9545454545455,292.3181818181818
Expo,CG1/DT35,WEEKDAY,21,845.2727272727273,201.0
Expo,CG1/DT35,WEEKDAY,22,477.22727272727275,152.1818181818182
Expo,CG1/DT35,WEEKDAY,23,126.86363636363636,79.04545454545455
Expo,CG1/DT35,WEEKENDS/HOLIDAY,0,2.6666666666666665,29.11111111111111
Expo,CG1/DT35,WEEKENDS/HOLIDAY,5,24.77777777777778,8.444444444444445
Expo,CG1/DT35,WEEKENDS/HOLIDAY,6,103.77777777777777,161.33333333333334
Expo,CG1/DT35,WEEKENDS/HOLIDAY,7,152.88888888888889,483.3333333333333
Expo,CG1/DT35,WEEKENDS/HOLIDAY,8,152.77777777777777,567.4444444444445
Expo,CG1/DT35,WEEKENDS/HOLIDAY,9,154.55555555555554,614.8888888888889
Expo,CG1/DT35,WEEKENDS/HOLIDAY,10,223.11111111111111,769.4444444444445
Expo,CG1/DT35,WEEKENDS/HOLIDAY,11,361.77777777777777,902.0
Expo,CG1/DT35,WEEKENDS/HOLIDAY,12,606.7777777777778,1054.3333333333333
Expo,CG1/DT35,WEEKENDS/HOLIDAY,13,795.3333333333334,1148.5555555555557
Expo,CG1/DT35,WEEKENDS/HOLIDAY,14,974.2222222222222,1246.4444444444443
Expo,CG1/DT35,WEEKENDS/HOLIDAY,15,1123.2222222222222,1204.6666666666667
Expo,CG1/DT35,WEEKENDS/HOLIDAY,16,1253.0,1177.0
Expo,CG1/DT35,WEEKENDS/HOLIDAY,17,1375.888888888889,1081.3333333333333
Expo,CG1/DT35,WEEKENDS/HOLIDAY,18,1311.111111111111,1010.4444444444445
Expo,CG1/DT35,WEEKENDS/HOLIDAY,19,1222.7777777777778,784.0
Expo,CG1/DT35,WEEKENDS/HOLIDAY,20,1333.2222222222222,453.77777777777777
Expo,CG1/DT35,WEEKENDS/HOLIDAY,21,1089.6666666666667,267.8888888888889
Expo,CG1/DT35,WEEKENDS/HOLIDAY,22,542.0,206.22222222222223
Expo,CG1/DT35,WEEKENDS/HOLIDAY,23,108.0,104.22222222222223
Farrer Park,NE8,WEEKDAY,0,26.0,83.86363636363636
Farrer Park,NE8,WEEKDAY,5,54.95454545454545,4.863636363636363
Farrer Park,NE8,WEEKDAY,6,785.5454545454545,460.1818181818182
Farrer Park,NE8,WEEKDAY,7,1683.409090909091,1040.9545454545455
Farrer Park,NE8,WEEKDAY,8,1715.1818181818182,1835.3181818181818
Farrer Park,NE8,WEEKDAY,9,1099.409090909091,1432.3636363636363
Farrer Park,NE8,WEEKDAY,10,875.9545454545455,1265.6818181818182
Farrer Park,NE8,WEEKDAY,11,999.2727272727273,1358.6363636363637
Farrer Park,NE8,WEEKDAY,12,1197.8181818181818,1687.7272727272727
Farrer Park,NE8,WEEKDAY,13,1477.3181818181818,1458.9545454545455
Farrer Park,NE8,WEEKDAY,14,1350.5,1348.409090909091
Farrer Park,NE8,WEEKDAY,15,1369.8181818181818,1366.590909090909
Farrer Park,NE8,WEEKDAY,16,1439.2272727272727,1492.8636363636363
Farrer Park,NE8,WEEKDAY,17,2005.0,2270.9545454545455
Farrer Park,NE8,WEEKDAY,18,2154.6363636363635,3520.090909090909
Farrer Park,NE8,WEEKDAY,19,1855.3181818181818,3041.590909090909
Farrer Park,NE8,WEEKDAY,20,1875.7272727272727,1946.590909090909
Farrer Park,NE8,WEEKDAY,21,2052.409090909091,1381.090909090909
Farrer Park,NE8,WEEKDAY,22,1409.2727272727273,1026.3636363636363
Farrer Park,NE8,WEEKDAY,23,565.2727272727273,437.3636363636364
Farrer Park,NE8,WEEKENDS/HOLIDAY,0,14.666666666666666,23.11111111111111
Farrer Park,NE8,WEEKENDS/HOLIDAY,5,28.444444444444443,3.4444444444444446
Farrer Park,NE8,WEEKENDS/HOLIDAY,6,514.3333333333334,338.8888888888889
Farrer Park,NE8,WEEKENDS/HOLIDAY,7,994.6666666666666,664.2222222222222
Farrer Park,NE8,WEEKENDS/HOLIDAY,8,910.3333333333334,1014.0
Farrer Park,NE8,WEEKENDS/HOLIDAY,9,905.1111111111111,1437.888888888889
Farrer Park,NE8,WEEKENDS/HOLIDAY,10,1024.5555555555557,1939.5555555555557
Farrer Park,NE8,WEEKENDS/HOLIDAY,11,1293.3333333333333,2222.777777777778
Farrer Park,NE8,WEEKENDS/HOLIDAY,12,1625.3333333333333,2402.222222222222
Farrer Park,NE8,WEEKENDS/HOLIDAY,13,1836.4444444444443,2448.8888888888887
Farrer Park,NE8,WEEKENDS/HOLIDAY,14,2133.4444444444443,2365.4444444444443
Farrer Park,NE8,WEEKENDS/HOLIDAY,15,2261.3333333333335,2383.4444444444443
Farrer Park,NE8,WEEKENDS/HOLIDAY,16,2342.1111111111113,2517.3333333333335
Farrer Park,NE8,WEEKENDS/HOLIDAY,17,2572.8888888888887,3427.5555555555557
Farrer Park,NE8,WEEKENDS/HOLIDAY,18,2704.8888888888887,3498.8888888888887
Farrer Park,NE8,WEEKENDS/HOLIDAY,19,2974.5555555555557,3015.8888888888887
Farrer Park,NE8,WEEKENDS/HOLIDAY,20,3016.0,2034.4444444444443
Farrer Park,NE8,WEEKENDS/HOLIDAY,21,2886.222222222222,1424.111111111111
Farrer Park,NE8,WEEKENDS/HOLIDAY,22,1941.4444444444443,1060.3333333333333
Farrer Park,NE8,WEEKENDS/HOLIDAY,23,686.7777777777778,468.55555555555554
Farrer Road,CC20,WEEKDAY,0,3.8636363636363638,10.772727272727273
Farrer Road,CC20,WEEKDAY,5,23.954545454545453,11.772727272727273
Farrer Road,CC20,WEEKDAY,6,134.45454545454547,100.63636363636364
Farrer Road,CC20,WEEKDAY,7,399.1363636363636,276.27272727272725
Farrer Road,CC20,WEEKDAY,8,545.2272727272727,333.90909090909093
Farrer Road,CC20,WEEKDAY,9,371.59090909090907,216.0
Farrer Road,CC20,WEEKDAY,10,231.6818181818182,147.6818181818182
Farrer Road,CC20,WEEKDAY,11,215.4090909090909,142.63636363636363
Farrer Road,CC20,WEEKDAY,12,218.0,193.8181818181818
Farrer Road,CC20,WEEKDAY,13,205.13636363636363,191.4090909090909
Farrer Road,CC20,WEEKDAY,14,168.86363636363637,191.5
Farrer Road,CC20,WEEKDAY,15,185.04545454545453,219.3181818181818
Farrer Road,CC20,WEEKDAY,16,240.0,287.27272727272725
Farrer Road,CC20,WEEKDAY,17,348.77272727272725,400.90909090909093
Farrer Road,CC20,WEEKDAY,18,394.09090909090907,542.9090909090909
Farrer Road,CC20,WEEKDAY,19,251.6818181818182,406.54545454545456
Farrer Road,CC20,WEEKDAY,20,131.6818181818182,253.13636363636363
Farrer Road,CC20,WEEKDAY,21,117.5,221.9090909090909
Farrer Road,CC20,WEEKDAY,22,59.27272727272727,152.36363636363637
Farrer Road,CC20,WEEKDAY,23,15.409090909090908,59.04545454545455
Farrer Road,CC20,WEEKENDS/HOLIDAY,0,0.4444444444444444,3.888888888888889
Farrer Road,CC20,WEEKENDS/HOLIDAY,5,3.5555555555555554,0.5555555555555556
Farrer Road,CC20,WEEKENDS/HOLIDAY,6,16.666666666666668,12.333333333333334
Farrer Road,CC20,WEEKENDS/HOLIDAY,7,27.333333333333332,41.0
Farrer Road,CC20,WEEKENDS/HOLIDAY,8,94.22222222222223,72.66666666666667
Farrer Road,CC20,WEEKENDS/HOLIDAY,9,297.0,195.11111111111111
Farrer Road,CC20,WEEKENDS/HOLIDAY,10,289.44444444444446,208.77777777777777
Farrer Road,CC20,WEEKENDS/HOLIDAY,11,312.44444444444446,226.22222222222223
Farrer Road,CC20,WEEKENDS/HOLIDAY,12,315.44444444444446,207.55555555555554
Farrer Road,CC20,WEEKENDS/HOLIDAY,13,276.77777777777777,206.88888888888889
Farrer Road,CC20,WEEKENDS/HOLIDAY,14,210.33333333333334,215.88888888888889
Farrer Road,CC20,WEEKENDS/HOLIDAY,15,194.11111111111111,222.0
Farrer Road,CC20,WEEKENDS/HOLIDAY,16,202.66666666666666,248.55555555555554
Farrer Road,CC20,WEEKENDS/HOLIDAY,17,252.55555555555554,279.55555555555554
Farrer Road,CC20,WEEKENDS/HOLIDAY,18,238.11111111111111,289.44444444444446
Farrer Road,CC20,WEEKENDS/HOLIDAY,19,220.0,265.6666666666667
Farrer Road,CC20,WEEKENDS/HOLIDAY,20,134.11111111111111,213.11111111111111
Farrer Road,CC20,WEEKENDS/HOLIDAY,21,135.44444444444446,205.88888888888889
Farrer Road,CC20,WEEKENDS/HOLIDAY,22,63.55555555555556,145.22222222222223
Farrer Road,CC20,WEEKENDS/HOLIDAY,23,13.777777777777779,46.22222222222222
Fort Canning,DT20,WEEKDAY,0,33.40909090909091,25.454545454545453
Fort Canning,DT20,WEEKDAY,5,2.5,0.0
Fort Canning,DT20,WEEKDAY,6,49.68181818181818,204.77272727272728
Fort Canning,DT20,WEEKDAY,7,219.22727272727272,607.1363636363636
Fort Canning,DT20,WEEKDAY,8,440.1818181818182,810.0909090909091
Fort Canning,DT20,WEEKDAY,9,348.3636363636364,537.5
Fort Canning,DT20,WEEKDAY,10,225.5,312.72727272727275
Fort Canning,DT20,WEEKDAY,11,284.54545454545456,267.1818181818182
Fort Canning,DT20,WEEKDAY,12,362.5,275.04545454545456
Fort Canning,DT20,WEEKDAY,13,230.0909090909091,352.59090909090907
Fort Canning,DT20,WEEKDAY,14,206.5,279.6818181818182
Fort Canning,DT20,WEEKDAY,15,211.6818181818182,255.45454545454547
Fort Canning,DT20,WEEKDAY,16,275.6818181818182,289.95454545454544
Fort Canning,DT20,WEEKDAY,17,582.9545454545455,398.40909090909093
Fort Canning,DT20,WEEKDAY,18,794.1818181818181,654.2727272727273
Fort Canning,DT20,WEEKDAY,19,480.6363636363636,459.54545454545456
Fort Canning,DT20,WEEKDAY,20,435.27272727272725,286.27272727272725
Fort Canning,DT20,WEEKDAY,21,356.3636363636364,246.1818181818182
Fort Canning,DT20,WEEKDAY,22,335.95454545454544,188.6818181818182
Fort Canning,DT20,WEEKDAY,23,186.13636363636363,93.95454545454545
Fort Canning,DT20,WEEKENDS/HOLIDAY,0,10.666666666666666,12.0
Fort Canning,DT20,WEEKENDS/HOLIDAY,5,1.1111111111111112,0.0
Fort Canning,DT20,WEEKENDS/HOLIDAY,6,36.333333333333336,117.55555555555556
Fort Canning,DT20,WEEKENDS/HOLIDAY,7,69.33333333333333,346.3333333333333
Fort Canning,DT20,WEEKENDS/HOLIDAY,8,113.11111111111111,257.8888888888889
Fort Canning,DT20,WEEKENDS/HOLIDAY,9,177.55555555555554,289.8888888888889
Fort Canning,DT20,WEEKENDS/HOLIDAY,10,250.77777777777777,343.6666666666667
Fort Canning,DT20,WEEKENDS/HOLIDAY,11,283.77777777777777,323.44444444444446
Fort Canning,DT20,WEEKENDS/HOLIDAY,12,294.3333333333333,276.1111111111111
Fort Canning,DT20,WEEKENDS/HOLIDAY,13,216.88888888888889,282.55555555555554
Fort Canning,DT20,WEEKENDS/HOLIDAY,14,239.44444444444446,293.3333333333333
Fort Canning,DT20,WEEKENDS/HOLIDAY,15,272.3333333333333,302.55555555555554
Fort Canning,DT20,WEEKENDS/HOLIDAY,16,345.6666666666667,301.6666666666667
Fort Canning,DT20,WEEKENDS/HOLIDAY,17,356.55555555555554,343.6666666666667
Fort Canning,DT20,WEEKENDS/HOLIDAY,18,370.22222222222223,329.77777777777777
Fort Canning,DT20,WEEKENDS/HOLIDAY,19,349.44444444444446,306.6666666666667
Fort Canning,DT20,WEEKENDS/HOLIDAY,20,315.22222222222223,254.22222222222223
Fort Canning,DT20,WEEKENDS/HOLIDAY,21,284.6666666666667,284.55555555555554
Fort Canning,DT20,WEEKENDS/HOLIDAY,22,270.55555555555554,220.33333333333334
Fort Canning,DT20,WEEKENDS/HOLIDAY,23,173.22222222222223,98.77777777777777
Gardens by the Bay,TE22,WEEKDAY,0,293.77272727272725,6.0
Gardens by the Bay,TE22,WEEKDAY,5,1.5454545454545454,0.045454545454545456
Gardens by the Bay,TE22,WEEKDAY,6,5.318181818181818,31.045454545454547
Gardens by the Bay,TE22,WEEKDAY,7,13.545454545454545,83.18181818181819
Gardens by the Bay,TE22,WEEKDAY,8,21.227272727272727,137.63636363636363
Gardens by the Bay,TE22,WEEKDAY,9,22.5,177.22727272727272
Gardens by the Bay,TE22,WEEKDAY,10,41.86363636363637,250.4090909090909
Gardens by the Bay,TE22,WEEKDAY,11,75.81818181818181,250.5909090909091
Gardens by the Bay,TE22,WEEKDAY,12,107.63636363636364,223.72727272727272
Gardens by the Bay,TE22,WEEKDAY,13,120.86363636363636,242.5909090909091
Gardens by the Bay,TE22,WEEKDAY,14,129.0,298.3636363636364
Gardens by the Bay,TE22,WEEKDAY,15,142.0909090909091,307.0
Gardens by the Bay,TE22,WEEKDAY,16,165.77272727272728,397.77272727272725
Gardens by the Bay,TE22,WEEKDAY,17,205.6818181818182,501.6363636363636
Gardens by the Bay,TE22,WEEKDAY,18,230.04545454545453,708.2272727272727
Gardens by the Bay,TE22,WEEKDAY,19,273.90909090909093,659.1363636363636
Gardens by the Bay,TE22,WEEKDAY,20,459.22727272727275,367.6363636363636
Gardens by the Bay,TE22,WEEKDAY,21,476.3636363636364,178.22727272727272
Gardens by the Bay,TE22,WEEKDAY,22,343.8181818181818,129.5909090909091
Gardens by the Bay,TE22,WEEKDAY,23,138.95454545454547,70.5909090909091
Gardens by the Bay,TE22,WEEKENDS/HOLIDAY,0,3.888888888888889,3.4444444444444446
Gardens by the Bay,TE22,WEEKENDS/HOLIDAY,5,1.3333333333333333,0.0
Gardens by the Bay,TE22,WEEKENDS/HOLIDAY,6,10.777777777777779,40.333333333333336
Gardens by the Bay,TE22,WEEKENDS/HOLIDAY,7,36.666666666666664,107.55555555555556
Gardens by the Bay,TE22,WEEKENDS/HOLIDAY,8,51.888888888888886,134.44444444444446
Gardens by the Bay,TE22,WEEKENDS/HOLIDAY,9,57.77777777777778,292.22222222222223
Gardens by the Bay,TE22,WEEKENDS/HOLIDAY,10,72.22222222222223,418.8888888888889
Gardens by the Bay,TE22,WEEKENDS/HOLIDAY,11,122.66666666666667,472.77777777777777
Gardens by the Bay,TE22,WEEKENDS/HOLIDAY,12,165.22222222222223,459.22222222222223
Gardens by the Bay,TE22,WEEKENDS/HOLIDAY,13,195.33333333333334,464.55555555555554
Gardens by the Bay,TE22,WEEKENDS/HOLIDAY,14,207.22222222222223,562.8888888888889
Gardens by the Bay,TE22,WEEKENDS/HOLIDAY,15,309.22222222222223,653.1111111111111
Gardens by the Bay,TE22,WEEKENDS/HOLIDAY,16,363.44444444444446,776.2222222222222
Gardens by the Bay,TE22,WEEKENDS/HOLIDAY,17,416.55555555555554,1029.3333333333333
Gardens by the Bay,TE22,WEEKENDS/HOLIDAY,18,481.77777777777777,1229.7777777777778
Gardens by the Bay,TE22,WEEKENDS/HOLIDAY,19,654.3333333333334,1029.5555555555557
Gardens by the Bay,TE22,WEEKENDS/HOLIDAY,20,816.7777777777778,522.3333333333334
Gardens by the Bay,TE22,WEEKENDS/HOLIDAY,21,819.1111111111111,134.22222222222223
Gardens by the Bay,TE22,WEEKENDS/HOLIDAY,22,574.5555555555555,35.666666666666664
Gardens by the Bay,TE22,WEEKENDS/HOLIDAY,23,203.22222222222223,14.0
Geylang Bahru,DT24,WEEKDAY,0,3.5454545454545454,34.81818181818182
Geylang Bahru,DT24,WEEKDAY,5,78.0,0.045454545454545456
Geylang Bahru,DT24,WEEKDAY,6,299.8636363636364,150.36363636363637
Geylang Bahru,DT24,WEEKDAY,7,654.2272727272727,329.0
Geylang Bahru,DT24,WEEKDAY,8,775.2272727272727,553.0
Geylang Bahru,DT24,WEEKDAY,9,451.6363636363636,309.72727272727275
Geylang Bahru,DT24,WEEKDAY,10,285.8636363636364,135.3181818181818
Geylang Bahru,DT24,WEEKDAY,11,249.77272727272728,139.5
Geylang Bahru,DT24,WEEKDAY,12,237.77272727272728,174.45454545454547
Geylang Bahru,DT24,WEEKDAY,13,229.13636363636363,182.22727272727272
Geylang Bahru,DT24,WEEKDAY,14,198.72727272727272,180.6818181818182
Geylang Bahru,DT24,WEEKDAY,15,194.95454545454547,197.5909090909091
Geylang Bahru,DT24,WEEKDAY,16,229.22727272727272,237.36363636363637
Geylang Bahru,DT24,WEEKDAY,17,516.0909090909091,413.0
Geylang Bahru,DT24,WEEKDAY,18,565.7272727272727,681.1818181818181
Geylang Bahru,DT24,WEEKDAY,19,301.27272727272725,446.59090909090907
Geylang Bahru,DT24,WEEKDAY,20,161.3181818181818,341.3636363636364
Geylang Bahru,DT24,WEEKDAY,21,122.95454545454545,345.1818181818182
Geylang Bahru,DT24,WEEKDAY,22,93.0,322.45454545454544
Geylang Bahru,DT24,WEEKDAY,23,38.0,199.45454545454547
Geylang Bahru,DT24,WEEKENDS/HOLIDAY,0,2.0,25.555555555555557
Geylang Bahru,DT24,WEEKENDS/HOLIDAY,5,21.555555555555557,0.0
Geylang Bahru,DT24,WEEKENDS/HOLIDAY,6,173.11111111111111,72.44444444444444
Geylang Bahru,DT24,WEEKENDS/HOLIDAY,7,263.6666666666667,109.66666666666667
Geylang Bahru,DT24,WEEKENDS/HOLIDAY,8,262.55555555555554,136.22222222222223
Geylang Bahru,DT24,WEEKENDS/HOLIDAY,9,307.1111111111111,147.11111111111111
Geylang Bahru,DT24,WEEKENDS/HOLIDAY,10,275.8888888888889,132.77777777777777
Geylang Bahru,DT24,WEEKENDS/HOLIDAY,11,270.77777777777777,144.55555555555554
Geylang Bahru,DT24,WEEKENDS/HOLIDAY,12,249.11111111111111,176.77777777777777
Geylang Bahru,DT24,WEEKENDS/HOLIDAY,13,238.44444444444446,182.33333333333334
Geylang Bahru,DT24,WEEKENDS/HOLIDAY,14,231.22222222222223,184.22222222222223
Geylang Bahru,DT24,WEEKENDS/HOLIDAY,15,210.55555555555554,202.22222222222223
Geylang Bahru,DT24,WEEKENDS/HOLIDAY,16,199.66666666666666,232.55555555555554
Geylang Bahru,DT24,WEEKENDS/HOLIDAY,17,251.22222222222223,269.77777777777777
Geylang Bahru,DT24,WEEKENDS/HOLIDAY,18,241.0,282.55555555555554
Geylang Bahru,DT24,WEEKENDS/HOLIDAY,19,193.77777777777777,274.55555555555554
Geylang Bahru,DT24,WEEKENDS/HOLIDAY,20,125.11111111111111,277.22222222222223
Geylang Bahru,DT24,WEEKENDS/HOLIDAY,21,112.77777777777777,330.77777777777777
Geylang Bahru,DT24,WEEKENDS/HOLIDAY,22,94.44444444444444,344.1111111111111
Geylang Bahru,DT24,WEEKENDS/HOLIDAY,23,38.0,223.66666666666666
Great World,TE15,WEEKDAY,0,6.909090909090909,30.045454545454547
Great World,TE15,WEEKDAY,5,11.909090909090908,2.6818181818181817
Great World,TE15,WEEKDAY,6,69.77272727272727,145.77272727272728
Great World,TE15,WEEKDAY,7,332.6363636363636,362.6818181818182
Great World,TE15,WEEKDAY,8,679.0909090909091,700.4545454545455
Great World,TE15,WEEKDAY,9,483.6363636363636,687.4545454545455
Great World,TE15,WEEKDAY,10,338.40909090909093,475.40909090909093
Great World,TE15,WEEKDAY,11,379.1363636363636,488.04545454545456
Great World,TE15,WEEKDAY,12,460.5,608.6363636363636
Great World,TE15,WEEKDAY,13,547.4090909090909,531.5
Great World,TE15,WEEKDAY,14,492.6363636363636,493.1363636363636
Great World,TE15,WEEKDAY,15,458.6363636363636,520.5
Great World,TE15,WEEKDAY,16,540.1818181818181,602.0
Great World,TE15,WEEKDAY,17,730.5,740.9090909090909
Great World,TE15,WEEKDAY,18,861.0909090909091,1064.3181818181818
Great World,TE15,WEEKDAY,19,592.5,685.7727272727273
Great World,TE15,WEEKDAY,20,520.0909090909091,400.09090909090907
Great World,TE15,WEEKDAY,21,581.0454545454545,302.3636363636364
Great World,TE15,WEEKDAY,22,390.04545454545456,200.5
Great World,TE15,WEEKDAY,23,99.5909090909091,88.95454545454545
Great World,TE15,WEEKENDS/HOLIDAY,0,2.4444444444444446,11.333333333333334
Great World,TE15,WEEKENDS/HOLIDAY,5,4.111111111111111,1.2222222222222223
Great World,TE15,WEEKENDS/HOLIDAY,6,40.333333333333336,88.0
Great World,TE15,WEEKENDS/HOLIDAY,7,103.22222222222223,226.66666666666666
Great World,TE15,WEEKENDS/HOLIDAY,8,203.88888888888889,285.1111111111111
Great World,TE15,WEEKENDS/HOLIDAY,9,306.0,512.7777777777778
Great World,TE15,WEEKENDS/HOLIDAY,10,380.77777777777777,528.1111111111111
Great World,TE15,WEEKENDS/HOLIDAY,11,468.0,556.4444444444445
Great World,TE15,WEEKENDS/HOLIDAY,12,510.3333333333333,601.1111111111111
Great World,TE15,WEEKENDS/HOLIDAY,13,540.7777777777778,618.1111111111111
Great World,TE15,WEEKENDS/HOLIDAY,14,580.1111111111111,577.7777777777778
Great World,TE15,WEEKENDS/HOLIDAY,15,603.4444444444445,576.0
Great World,TE15,WEEKENDS/HOLIDAY,16,643.4444444444445,616.1111111111111
Great World,TE15,WEEKENDS/HOLIDAY,17,638.1111111111111,622.1111111111111
Great World,TE15,WEEKENDS/HOLIDAY,18,605.6666666666666,621.0
Great World,TE15,WEEKENDS/HOLIDAY,19,559.4444444444445,535.3333333333334
Great World,TE15,WEEKENDS/HOLIDAY,20,493.6666666666667,403.77777777777777
Great World,TE15,WEEKENDS/HOLIDAY,21,587.0,309.0
Great World,TE15,WEEKENDS/HOLIDAY,22,411.8888888888889,228.33333333333334
Great World,TE15,WEEKENDS/HOLIDAY,23,98.88888888888889,86.44444444444444
Gul Circle,EW30,WEEKDAY,0,0.5,12.272727272727273
Gul Circle,EW30,WEEKDAY,5,48.27272727272727,85.0909090909091
Gul Circle,EW30,WEEKDAY,6,107.13636363636364,501.77272727272725
Gul Circle,EW30,WEEKDAY,7,165.45454545454547,1422.3181818181818
Gul Circle,EW30,WEEKDAY,8,108.22727272727273,1031.6818181818182
Gul Circle,EW30,WEEKDAY,9,43.5,205.0
Gul Circle,EW30,WEEKDAY,10,62.22727272727273,72.04545454545455
Gul Circle,EW30,WEEKDAY,11,101.31818181818181,55.86363636363637
Gul Circle,EW30,WEEKDAY,12,143.6818181818182,58.18181818181818
Gul Circle,EW30,WEEKDAY,13,81.27272727272727,67.18181818181819
Gul Circle,EW30,WEEKDAY,14,111.4090909090909,58.0
Gul Circle,EW30,WEEKDAY,15,169.86363636363637,40.09090909090909
Gul Circle,EW30,WEEKDAY,16,362.1818181818182,34.95454545454545
Gul Circle,EW30,WEEKDAY,17,1249.1363636363637,87.4090909090909
Gul Circle,EW30,WEEKDAY,18,877.2272727272727,150.0
Gul Circle,EW30,WEEKDAY,19,544.8181818181819,118.27272727272727
Gul Circle,EW30,WEEKDAY,20,334.09090909090907,82.63636363636364
Gul Circle,EW30,WEEKDAY,21,128.9090909090909,67.22727272727273
Gul Circle,EW30,WEEKDAY,22,70.0909090909091,40.86363636363637
Gul Circle,EW30,WEEKDAY,23,11.0,29.454545454545453
Gul Circle,EW30,WEEKENDS/HOLIDAY,0,0.1111111111111111,19.333333333333332
Gul Circle,EW30,WEEKENDS/HOLIDAY,5,33.77777777777778,19.444444444444443
Gul Circle,EW30,WEEKENDS/HOLIDAY,6,86.11111111111111,178.33333333333334
Gul Circle,EW30,WEEKENDS/HOLIDAY,7,144.44444444444446,498.8888888888889
Gul Circle,EW30,WEEKENDS/HOLIDAY,8,129.88888888888889,317.55555555555554
Gul Circle,EW30,WEEKENDS/HOLIDAY,9,84.88888888888889,78.66666666666667
Gul Circle,EW30,WEEKENDS/HOLIDAY,10,109.77777777777777,36.0
Gul Circle,EW30,WEEKENDS/HOLIDAY,11,114.88888888888889,56.0
Gul Circle,EW30,WEEKENDS/HOLIDAY,12,151.88888888888889,75.22222222222223
Gul Circle,EW30,WEEKENDS/HOLIDAY,13,138.66666666666666,66.88888888888889
Gul Circle,EW30,WEEKENDS/HOLIDAY,14,134.33333333333334,67.22222222222223
Gul Circle,EW30,WEEKENDS/HOLIDAY,15,156.22222222222223,65.55555555555556
Gul Circle,EW30,WEEKENDS/HOLIDAY,16,339.22222222222223,59.55555555555556
Gul Circle,EW30,WEEKENDS/HOLIDAY,17,416.8888888888889,116.0
Gul Circle,EW30,WEEKENDS/HOLIDAY,18,314.55555555555554,175.22222222222223
Gul Circle,EW30,WEEKENDS/HOLIDAY,19,243.44444444444446,166.66666666666666
Gul Circle,EW30,WEEKENDS/HOLIDAY,20,140.33333333333334,180.11111111111111
Gul Circle,EW30,WEEKENDS/HOLIDAY,21,57.44444444444444,135.11111111111111
Gul Circle,EW30,WEEKENDS/HOLIDAY,22,44.44444444444444,108.66666666666667
Gul Circle,EW30,WEEKENDS/HOLIDAY,23,11.333333333333334,67.11111111111111
HarbourFront,NE1/CC29,WEEKDAY,0,160.6818181818182,45.86363636363637
HarbourFront,NE1/CC29,WEEKDAY,5,68.72727272727273,6.954545454545454
HarbourFront,NE1/CC29,WEEKDAY,6,287.40909090909093,1339.090909090909
HarbourFront,NE1/CC29,WEEKDAY,7,730.3636363636364,2744.590909090909
HarbourFront,NE1/CC29,WEEKDAY,8,1363.5,4898.045454545455
HarbourFront,NE1/CC29,WEEKDAY,9,887.5909090909091,4916.909090909091
HarbourFront,NE1/CC29,WEEKDAY,10,792.2727272727273,3982.590909090909
HarbourFront,NE1/CC29,WEEKDAY,11,1068.1363636363637,3871.0
HarbourFront,NE1/CC29,WEEKDAY,12,1657.8181818181818,4051.3636363636365
HarbourFront,NE1/CC29,WEEKDAY,13,2604.5,3099.681818181818
HarbourFront,NE1/CC29,WEEKDAY,14,2434.181818181818,2792.909090909091
HarbourFront,NE1/CC29,WEEKDAY,15,2737.5454545454545,2451.0454545454545
HarbourFront,NE1/CC29,WEEKDAY,16,3547.681818181818,2485.9545454545455
HarbourFront,NE1/CC29,WEEKDAY,17,5249.863636363636,3084.2272727272725
HarbourFront,NE1/CC29,WEEKDAY,18,6755.863636363636,4074.090909090909
HarbourFront,NE1/CC29,WEEKDAY,19,4984.181818181818,2591.4545454545455
HarbourFront,NE1/CC29,WEEKDAY,20,4461.272727272727,1394.8181818181818
HarbourFront,NE1/CC29,WEEKDAY,21,4704.227272727273,946.9090909090909
HarbourFront,NE1/CC29,WEEKDAY,22,3764.3636363636365,685.0
HarbourFront,NE1/CC29,WEEKDAY,23,1132.1363636363637,268.5
HarbourFront,NE1/CC29,WEEKENDS/HOLIDAY,0,4.111111111111111,17.88888888888889
HarbourFront,NE1/CC29,WEEKENDS/HOLIDAY,5,76.0,0.6666666666666666
HarbourFront,NE1/CC29,WEEKENDS/HOLIDAY,6,302.3333333333333,1106.0
HarbourFront,NE1/CC29,WEEKENDS/HOLIDAY,7,570.8888888888889,1832.4444444444443
HarbourFront,NE1/CC29,WEEKENDS/HOLIDAY,8,1096.4444444444443,2100.5555555555557
HarbourFront,NE1/CC29,WEEKENDS/HOLIDAY,9,865.3333333333334,3574.3333333333335
HarbourFront,NE1/CC29,WEEKENDS/HOLIDAY,10,997.0,4458.555555555556
HarbourFront,NE1/CC29,WEEKENDS/HOLIDAY,11,1292.0,4564.777777777777
HarbourFront,NE1/CC29,WEEKENDS/HOLIDAY,12,1705.3333333333333,4468.111111111111
HarbourFront,NE1/CC29,WEEKENDS/HOLIDAY,13,2212.8888888888887,4229.777777777777
HarbourFront,NE1/CC29,WEEKENDS/HOLIDAY,14,2833.222222222222,4189.333333333333
HarbourFront,NE1/CC29,WEEKENDS/HOLIDAY,15,3519.1111111111113,3928.6666666666665
HarbourFront,NE1/CC29,WEEKENDS/HOLIDAY,16,4307.888888888889,3587.4444444444443
HarbourFront,NE1/CC29,WEEKENDS/HOLIDAY,17,4872.222222222223,3403.4444444444443
HarbourFront,NE1/CC29,WEEKENDS/HOLIDAY,18,4986.777777777777,3154.6666666666665
HarbourFront,NE1/CC29,WEEKENDS/HOLIDAY,19,5010.0,2241.8888888888887
HarbourFront,NE1/CC29,WEEKENDS/HOLIDAY,20,5214.555555555556,1412.7777777777778
HarbourFront,NE1/CC29,WEEKENDS/HOLIDAY,21,5581.444444444444,878.6666666666666
HarbourFront,NE1/CC29,WEEKENDS/HOLIDAY,22,4401.111111111111,661.7777777777778
HarbourFront,NE1/CC29,WEEKENDS/HOLIDAY,23,1393.3333333333333,267.22222222222223
Havelock,TE16,WEEKDAY,0,9.0,56.77272727272727
Havelock,TE16,WEEKDAY,5,17.454545454545453,2.227272727272727
Havelock,TE16,WEEKDAY,6,183.77272727272728,151.54545454545453
Havelock,TE16,WEEKDAY,7,414.5,350.09090909090907
Havelock,TE16,WEEKDAY,8,590.3181818181819,663.0909090909091
Havelock,TE16,WEEKDAY,9,537.7727272727273,423.90909090909093
Havelock,TE16,WEEKDAY,10,426.8181818181818,260.59090909090907
Havelock,TE16,WEEKDAY,11,400.59090909090907,265.1363636363636
Havelock,TE16,WEEKDAY,12,385.45454545454544,277.8181818181818
Havelock,TE16,WEEKDAY,13,335.95454545454544,306.3636363636364
Havelock,TE16,WEEKDAY,14,336.0,316.40909090909093
Havelock,TE16,WEEKDAY,15,304.45454545454544,307.1818181818182
Havelock,TE16,WEEKDAY,16,349.04545454545456,361.1363636363636
Havelock,TE16,WEEKDAY,17,635.9545454545455,470.27272727272725
Havelock,TE16,WEEKDAY,18,945.0909090909091,741.9090909090909
Havelock,TE16,WEEKDAY,19,481.54545454545456,517.0454545454545
Havelock,TE16,WEEKDAY,20,320.09090909090907,412.04545454545456
Havelock,TE16,WEEKDAY,21,304.0,463.40909090909093
Havelock,TE16,WEEKDAY,22,284.22727272727275,421.22727272727275
Havelock,TE16,WEEKDAY,23,128.86363636363637,197.72727272727272
Havelock,TE16,WEEKENDS/HOLIDAY,0,4.111111111111111,20.22222222222222
Havelock,TE16,WEEKENDS/HOLIDAY,5,7.333333333333333,2.2222222222222223
Havelock,TE16,WEEKENDS/HOLIDAY,6,106.77777777777777,105.0
Havelock,TE16,WEEKENDS/HOLIDAY,7,199.44444444444446,179.66666666666666
Havelock,TE16,WEEKENDS/HOLIDAY,8,299.22222222222223,223.77777777777777
Havelock,TE16,WEEKENDS/HOLIDAY,9,427.3333333333333,287.8888888888889
Havelock,TE16,WEEKENDS/HOLIDAY,10,524.4444444444445,323.3333333333333
Havelock,TE16,WEEKENDS/HOLIDAY,11,517.0,388.6666666666667
Havelock,TE16,WEEKENDS/HOLIDAY,12,463.55555555555554,374.6666666666667
Havelock,TE16,WEEKENDS/HOLIDAY,13,405.6666666666667,372.6666666666667
Havelock,TE16,WEEKENDS/HOLIDAY,14,430.44444444444446,387.77777777777777
Havelock,TE16,WEEKENDS/HOLIDAY,15,439.44444444444446,382.8888888888889
Havelock,TE16,WEEKENDS/HOLIDAY,16,442.8888888888889,417.22222222222223
Havelock,TE16,WEEKENDS/HOLIDAY,17,515.8888888888889,430.6666666666667
Havelock,TE16,WEEKENDS/HOLIDAY,18,504.3333333333333,463.1111111111111
Havelock,TE16,WEEKENDS/HOLIDAY,19,397.1111111111111,417.3333333333333
Havelock,TE16,WEEKENDS/HOLIDAY,20,281.3333333333333,460.6666666666667
Havelock,TE16,WEEKENDS/HOLIDAY,21,253.66666666666666,523.4444444444445
Havelock,TE16,WEEKENDS/HOLIDAY,22,250.88888888888889,479.55555555555554
Havelock,TE16,WEEKENDS/HOLIDAY,23,134.66666666666666,223.77777777777777
Haw Par Villa,CC25,WEEKDAY,0,2.9545454545454546,14.227272727272727
Haw Par Villa,CC25,WEEKDAY,5,37.81818181818182,13.045454545454545
Haw Par Villa,CC25,WEEKDAY,6,179.13636363636363,382.1818181818182
Haw Par Villa,CC25,WEEKDAY,7,413.27272727272725,697.0
Haw Par Villa,CC25,WEEKDAY,8,479.8181818181818,1041.4545454545455
Haw Par Villa,CC25,WEEKDAY,9,359.0,539.0909090909091
Haw Par Villa,CC25,WEEKDAY,10,281.77272727272725,229.63636363636363
Haw Par Villa,CC25,WEEKDAY,11,290.45454545454544,144.3181818181818
Haw Par Villa,CC25,WEEKDAY,12,317.04545454545456,179.8181818181818
Haw Par Villa,CC25,WEEKDAY,13,264.0,226.86363636363637
Haw Par Villa,CC25,WEEKDAY,14,231.8181818181818,204.45454545454547
Haw Par Villa,CC25,WEEKDAY,15,262.0,193.77272727272728
Haw Par Villa,CC25,WEEKDAY,16,383.8636363636364,225.95454545454547
Haw Par Villa,CC25,WEEKDAY,17,932.5454545454545,304.90909090909093
Haw Par Villa,CC25,WEEKDAY,18,993.5909090909091,481.77272727272725
Haw Par Villa,CC25,WEEKDAY,19,567.5,381.45454545454544
Haw Par Villa,CC25,WEEKDAY,20,212.36363636363637,275.1363636363636
Haw Par Villa,CC25,WEEKDAY,21,157.8181818181818,248.95454545454547
Haw Par Villa,CC25,WEEKDAY,22,107.86363636363636,197.77272727272728
Haw Par Villa,CC25,WEEKDAY,23,31.454545454545453,71.13636363636364
Haw Par Villa,CC25,WEEKENDS/HOLIDAY,0,0.3333333333333333,4.444444444444445
Haw Par Villa,CC25,WEEKENDS/HOLIDAY,5,8.666666666666666,0.4444444444444444
Haw Par Villa,CC25,WEEKENDS/HOLIDAY,6,28.444444444444443,62.111111111111114
Haw Par Villa,CC25,WEEKENDS/HOLIDAY,7,53.55555555555556,74.11111111111111
Haw Par Villa,CC25,WEEKENDS/HOLIDAY,8,99.77777777777777,62.22222222222222
Haw Par Villa,CC25,WEEKENDS/HOLIDAY,9,241.11111111111111,206.11111111111111
Haw Par Villa,CC25,WEEKENDS/HOLIDAY,10,282.55555555555554,188.22222222222223
Haw Par Villa,CC25,WEEKENDS/HOLIDAY,11,325.1111111111111,180.11111111111111
Haw Par Villa,CC25,WEEKENDS/HOLIDAY,12,364.22222222222223,186.33333333333334
Haw Par Villa,CC25,WEEKENDS/HOLIDAY,13,287.55555555555554,196.88888888888889
Haw Par Villa,CC25,WEEKENDS/HOLIDAY,14,245.44444444444446,221.11111111111111
Haw Par Villa,CC25,WEEKENDS/HOLIDAY,15,293.77777777777777,200.77777777777777
Haw Par Villa,CC25,WEEKENDS/HOLIDAY,16,291.8888888888889,213.0
Haw Par Villa,CC25,WEEKENDS/HOLIDAY,17,342.44444444444446,209.0
Haw Par Villa,CC25,WEEKENDS/HOLIDAY,18,304.1111111111111,299.22222222222223
Haw Par Villa,CC25,WEEKENDS/HOLIDAY,19,368.55555555555554,260.0
Haw Par Villa,CC25,WEEKENDS/HOLIDAY,20,145.44444444444446,245.55555555555554
Haw Par Villa,CC25,WEEKENDS/HOLIDAY,21,121.44444444444444,231.88888888888889
Haw Par Villa,CC25,WEEKENDS/HOLIDAY,22,94.66666666666667,195.11111111111111
Haw Par Villa,CC25,WEEKENDS/HOLIDAY,23,27.11111111111111,65.33333333333333
Hillview,DT3,WEEKDAY,0,3.6818181818181817,42.40909090909091
Hillview,DT3,WEEKDAY,5,31.59090909090909,3.0454545454545454
Hillview,DT3,WEEKDAY,6,191.22727272727272,71.63636363636364
Hillview,DT3,WEEKDAY,7,644.7727272727273,260.8636363636364
Hillview,DT3,WEEKDAY,8,1052.5454545454545,229.0909090909091
Hillview,DT3,WEEKDAY,9,570.6363636363636,141.9090909090909
Hillview,DT3,WEEKDAY,10,361.95454545454544,116.18181818181819
Hillview,DT3,WEEKDAY,11,338.40909090909093,123.45454545454545
Hillview,DT3,WEEKDAY,12,319.27272727272725,179.4090909090909
Hillview,DT3,WEEKDAY,13,273.45454545454544,216.6818181818182
Hillview,DT3,WEEKDAY,14,224.0909090909091,224.72727272727272
Hillview,DT3,WEEKDAY,15,245.54545454545453,247.54545454545453
Hillview,DT3,WEEKDAY,16,275.8636363636364,295.8636363636364
Hillview,DT3,WEEKDAY,17,412.59090909090907,434.95454545454544
Hillview,DT3,WEEKDAY,18,411.6818181818182,720.7272727272727
Hillview,DT3,WEEKDAY,19,230.1818181818182,638.9545454545455
Hillview,DT3,WEEKDAY,20,132.72727272727272,428.59090909090907
Hillview,DT3,WEEKDAY,21,117.9090909090909,380.09090909090907
Hillview,DT3,WEEKDAY,22,76.86363636363636,344.3636363636364
Hillview,DT3,WEEKDAY,23,24.181818181818183,165.27272727272728
Hillview,DT3,WEEKENDS/HOLIDAY,0,1.8888888888888888,34.333333333333336
Hillview,DT3,WEEKENDS/HOLIDAY,5,15.777777777777779,0.8888888888888888
Hillview,DT3,WEEKENDS/HOLIDAY,6,81.11111111111111,48.22222222222222
Hillview,DT3,WEEKENDS/HOLIDAY,7,170.77777777777777,151.55555555555554
Hillview,DT3,WEEKENDS/HOLIDAY,8,338.77777777777777,166.88888888888889
Hillview,DT3,WEEKENDS/HOLIDAY,9,439.22222222222223,177.44444444444446
Hillview,DT3,WEEKENDS/HOLIDAY,10,462.6666666666667,164.11111111111111
Hillview,DT3,WEEKENDS/HOLIDAY,11,488.3333333333333,170.66666666666666
Hillview,DT3,WEEKENDS/HOLIDAY,12,435.8888888888889,214.0
Hillview,DT3,WEEKENDS/HOLIDAY,13,348.3333333333333,238.33333333333334
Hillview,DT3,WEEKENDS/HOLIDAY,14,295.0,246.66666666666666
Hillview,DT3,WEEKENDS/HOLIDAY,15,277.0,270.6666666666667
Hillview,DT3,WEEKENDS/HOLIDAY,16,277.22222222222223,299.1111111111111
Hillview,DT3,WEEKENDS/HOLIDAY,17,317.0,341.77777777777777
Hillview,DT3,WEEKENDS/HOLIDAY,18,317.55555555555554,371.1111111111111
Hillview,DT3,WEEKENDS/HOLIDAY,19,205.0,342.8888888888889
Hillview,DT3,WEEKENDS/HOLIDAY,20,112.0,327.77777777777777
Hillview,DT3,WEEKENDS/HOLIDAY,21,100.33333333333333,326.44444444444446
Hillview,DT3,WEEKENDS/HOLIDAY,22,85.88888888888889,287.8888888888889
Hillview,DT3,WEEKENDS/HOLIDAY,23,27.77777777777778,158.77777777777777
Holland Village,CC21,WEEKDAY,0,7.090909090909091,14.681818181818182
Holland Village,CC21,WEEKDAY,5,44.90909090909091,9.818181818181818
Holland Village,CC21,WEEKDAY,6,144.1818181818182,144.6818181818182
Holland Village,CC21,WEEKDAY,7,373.90909090909093,370.6818181818182
Holland Village,CC21,WEEKDAY,8,590.6818181818181,570.5
Holland Village,CC21,WEEKDAY,9,462.5,577.9090909090909
Holland Village,CC21,WEEKDAY,10,322.22727272727275,509.77272727272725
Holland Village,CC21,WEEKDAY,11,347.90909090909093,604.8181818181819
Holland Village,CC21,WEEKDAY,12,475.59090909090907,762.8636363636364
Holland Village,CC21,WEEKDAY,13,731.9090909090909,494.3181818181818
Holland Village,CC21,WEEKDAY,14,534.5909090909091,416.90909090909093
Holland Village,CC21,WEEKDAY,15,457.8181818181818,445.27272727272725
Holland Village,CC21,WEEKDAY,16,482.8181818181818,527.9090909090909
Holland Village,CC21,WEEKDAY,17,583.5454545454545,800.3181818181819
Holland Village,CC21,WEEKDAY,18,689.2272727272727,1290.090909090909
Holland Village,CC21,WEEKDAY,19,623.9090909090909,840.0454545454545
Holland Village,CC21,WEEKDAY,20,619.1363636363636,382.45454545454544
Holland Village,CC21,WEEKDAY,21,694.7727272727273,321.8636363636364
Holland Village,CC21,WEEKDAY,22,496.45454545454544,228.0
Holland Village,CC21,WEEKDAY,23,114.0909090909091,84.63636363636364
Holland Village,CC21,WEEKENDS/HOLIDAY,0,2.2222222222222223,6.888888888888889
Holland Village,CC21,WEEKENDS/HOLIDAY,5,6.777777777777778,0.4444444444444444
Holland Village,CC21,WEEKENDS/HOLIDAY,6,16.444444444444443,21.444444444444443
Holland Village,CC21,WEEKENDS/HOLIDAY,7,30.22222222222222,54.111111111111114
Holland Village,CC21,WEEKENDS/HOLIDAY,8,96.22222222222223,129.88888888888889
Holland Village,CC21,WEEKENDS/HOLIDAY,9,305.8888888888889,615.5555555555555
Holland Village,CC21,WEEKENDS/HOLIDAY,10,345.1111111111111,631.4444444444445
Holland Village,CC21,WEEKENDS/HOLIDAY,11,431.3333333333333,576.8888888888889
Holland Village,CC21,WEEKENDS/HOLIDAY,12,496.55555555555554,601.5555555555555
Holland Village,CC21,WEEKENDS/HOLIDAY,13,554.0,605.3333333333334
Holland Village,CC21,WEEKENDS/HOLIDAY,14,556.7777777777778,479.1111111111111
Holland Village,CC21,WEEKENDS/HOLIDAY,15,587.5555555555555,430.8888888888889
Holland Village,CC21,WEEKENDS/HOLIDAY,16,547.0,477.55555555555554
Holland Village,CC21,WEEKENDS/HOLIDAY,17,554.8888888888889,586.0
Holland Village,CC21,WEEKENDS/HOLIDAY,18,564.3333333333334,616.1111111111111
Holland Village,CC21,WEEKENDS/HOLIDAY,19,545.4444444444445,520.8888888888889
Holland Village,CC21,WEEKENDS/HOLIDAY,20,494.22222222222223,343.1111111111111
Holland Village,CC21,WEEKENDS/HOLIDAY,21,525.1111111111111,290.1111111111111
Holland Village,CC21,WEEKENDS/HOLIDAY,22,446.44444444444446,228.44444444444446
Holland Village,CC21,WEEKENDS/HOLIDAY,23,95.66666666666667,79.44444444444444
Hougang,NE14,WEEKDAY,0,10.909090909090908,188.36363636363637
Hougang,NE14,WEEKDAY,5,328.54545454545456,41.40909090909091
Hougang,NE14,WEEKDAY,6,1549.2727272727273,433.3636363636364
Hougang,NE14,WEEKDAY,7,3576.6363636363635,1029.3181818181818
Hougang,NE14,WEEKDAY,8,4440.636363636364,935.7727272727273
Hougang,NE14,WEEKDAY,9,2568.2727272727275,710.0909090909091
Hougang,NE14,WEEKDAY,10,1765.5454545454545,666.5909090909091
Hougang,NE14,WEEKDAY,11,1575.2727272727273,765.9545454545455
Hougang,NE14,WEEKDAY,12,1492.7727272727273,923.5
Hougang,NE14,WEEKDAY,13,1345.0454545454545,1090.1818181818182
Hougang,NE14,WEEKDAY,14,1165.409090909091,1142.0454545454545
Hougang,NE14,WEEKDAY,15,1083.7727272727273,1258.409090909091
Hougang,NE14,WEEKDAY,16,1149.5,1566.7727272727273
Hougang,NE14,WEEKDAY,17,1579.8636363636363,2415.0
Hougang,NE14,WEEKDAY,18,1920.1818181818182,3962.5454545454545
Hougang,NE14,WEEKDAY,19,1262.7272727272727,3114.7727272727275
Hougang,NE14,WEEKDAY,20,823.5,2200.9545454545455
Hougang,NE14,WEEKDAY,21,638.7727272727273,2143.8636363636365
Hougang,NE14,WEEKDAY,22,380.90909090909093,1968.2727272727273
Hougang,NE14,WEEKDAY,23,125.22727272727273,941.9090909090909
Hougang,NE14,WEEKENDS/HOLIDAY,0,4.555555555555555,139.11111111111111
Hougang,NE14,WEEKENDS/HOLIDAY,5,116.55555555555556,11.333333333333334
Hougang,NE14,WEEKENDS/HOLIDAY,6,755.5555555555555,210.0
Hougang,NE14,WEEKENDS/HOLIDAY,7,1105.2222222222222,471.8888888888889
Hougang,NE14,WEEKENDS/HOLIDAY,8,1618.6666666666667,619.3333333333334
Hougang,NE14,WEEKENDS/HOLIDAY,9,2071.0,739.0
Hougang,NE14,WEEKENDS/HOLIDAY,10,1973.7777777777778,802.4444444444445
Hougang,NE14,WEEKENDS/HOLIDAY,11,1965.5555555555557,876.6666666666666
Hougang,NE14,WEEKENDS/HOLIDAY,12,1863.2222222222222,1069.0
Hougang,NE14,WEEKENDS/HOLIDAY,13,1662.2222222222222,1231.111111111111
Hougang,NE14,WEEKENDS/HOLIDAY,14,1471.4444444444443,1311.3333333333333
Hougang,NE14,WEEKENDS/HOLIDAY,15,1430.0,1372.6666666666667
Hougang,NE14,WEEKENDS/HOLIDAY,16,1419.7777777777778,1545.3333333333333
Hougang,NE14,WEEKENDS/HOLIDAY,17,1608.2222222222222,1709.6666666666667
Hougang,NE14,WEEKENDS/HOLIDAY,18,1532.5555555555557,1865.2222222222222
Hougang,NE14,WEEKENDS/HOLIDAY,19,1068.4444444444443,1795.7777777777778
Hougang,NE14,WEEKENDS/HOLIDAY,20,746.6666666666666,1855.888888888889
Hougang,NE14,WEEKENDS/HOLIDAY,21,594.0,1986.2222222222222
Hougang,NE14,WEEKENDS/HOLIDAY,22,376.1111111111111,1929.3333333333333
Hougang,NE14,WEEKENDS/HOLIDAY,23,115.22222222222223,941.7777777777778
Hume,DT4,WEEKDAY,0,1.3181818181818181,19.045454545454547
Hume,DT4,WEEKDAY,5,9.5,0.0
Hume,DT4,WEEKDAY,6,48.59090909090909,11.454545454545455
Hume,DT4,WEEKDAY,7,212.5,53.5
Hume,DT4,WEEKDAY,8,348.1818181818182,41.27272727272727
Hume,DT4,WEEKDAY,9,184.86363636363637,41.81818181818182
Hume,DT4,WEEKDAY,10,142.72727272727272,35.45454545454545
Hume,DT4,WEEKDAY,11,137.0,44.40909090909091
Hume,DT4,WEEKDAY,12,118.72727272727273,64.27272727272727
Hume,DT4,WEEKDAY,13,95.0,78.5909090909091
Hume,DT4,WEEKDAY,14,80.22727272727273,87.13636363636364
Hume,DT4,WEEKDAY,15,66.13636363636364,95.31818181818181
Hume,DT4,WEEKDAY,16,87.9090909090909,110.68181818181819
Hume,DT4,WEEKDAY,17,111.4090909090909,161.95454545454547
Hume,DT4,WEEKDAY,18,110.95454545454545,261.6363636363636
Hume,DT4,WEEKDAY,19,58.63636363636363,215.36363636363637
Hume,DT4,WEEKDAY,20,30.136363636363637,140.36363636363637
Hume,DT4,WEEKDAY,21,23.545454545454547,134.5
Hume,DT4,WEEKDAY,22,19.40909090909091,114.18181818181819
Hume,DT4,WEEKDAY,23,6.7272727272727275,61.86363636363637
Hume,DT4,WEEKENDS/HOLIDAY,0,0.8888888888888888,16.0
Hume,DT4,WEEKENDS/HOLIDAY,5,4.222222222222222,0.0
Hume,DT4,WEEKENDS/HOLIDAY,6,21.88888888888889,6.333333333333333
Hume,DT4,WEEKENDS/HOLIDAY,7,59.77777777777778,21.22222222222222
Hume,DT4,WEEKENDS/HOLIDAY,8,113.11111111111111,25.77777777777778
Hume,DT4,WEEKENDS/HOLIDAY,9,136.77777777777777,37.666666666666664
Hume,DT4,WEEKENDS/HOLIDAY,10,156.22222222222223,43.44444444444444
Hume,DT4,WEEKENDS/HOLIDAY,11,156.33333333333334,58.666666666666664
Hume,DT4,WEEKENDS/HOLIDAY,12,136.0,80.55555555555556
Hume,DT4,WEEKENDS/HOLIDAY,13,100.33333333333333,79.88888888888889
Hume,DT4,WEEKENDS/HOLIDAY,14,94.77777777777777,87.77777777777777
Hume,DT4,WEEKENDS/HOLIDAY,15,84.55555555555556,96.44444444444444
Hume,DT4,WEEKENDS/HOLIDAY,16,91.0,104.55555555555556
Hume,DT4,WEEKENDS/HOLIDAY,17,105.66666666666667,124.55555555555556
Hume,DT4,WEEKENDS/HOLIDAY,18,97.11111111111111,129.11111111111111
Hume,DT4,WEEKENDS/HOLIDAY,19,58.0,119.33333333333333
Hume,DT4,WEEKENDS/HOLIDAY,20,33.55555555555556,112.88888888888889
Hume,DT4,WEEKENDS/HOLIDAY,21,31.22222222222222,127.22222222222223
Hume,DT4,WEEKENDS/HOLIDAY,22,20.444444444444443,102.44444444444444
Hume,DT4,WEEKENDS/HOLIDAY,23,7.111111111111111,61.888888888888886
Jalan Besar,DT22,WEEKDAY,0,27.227272727272727,61.40909090909091
Jalan Besar,DT22,WEEKDAY,5,74.5,0.045454545454545456
Jalan Besar,DT22,WEEKDAY,6,507.1363636363636,196.72727272727272
Jalan Besar,DT22,WEEKDAY,7,837.8181818181819,424.09090909090907
Jalan Besar,DT22,WEEKDAY,8,840.1818181818181,597.7272727272727
Jalan Besar,DT22,WEEKDAY,9,548.9545454545455,554.8636363636364
Jalan Besar,DT22,WEEKDAY,10,408.1818181818182,480.09090909090907
Jalan Besar,DT22,WEEKDAY,11,403.09090909090907,452.3181818181818
Jalan Besar,DT22,WEEKDAY,12,405.22727272727275,504.3181818181818
Jalan Besar,DT22,WEEKDAY,13,412.5,449.3636363636364
Jalan Besar,DT22,WEEKDAY,14,396.8636363636364,423.1363636363636
Jalan Besar,DT22,WEEKDAY,15,361.3636363636364,456.8636363636364
Jalan Besar,DT22,WEEKDAY,16,417.5,532.6818181818181
Jalan Besar,DT22,WEEKDAY,17,530.7272727272727,822.8636363636364
Jalan Besar,DT22,WEEKDAY,18,698.3636363636364,1299.409090909091
Jalan Besar,DT22,WEEKDAY,19,644.1363636363636,1087.7727272727273
Jalan Besar,DT22,WEEKDAY,20,609.0,712.5454545454545
Jalan Besar,DT22,WEEKDAY,21,646.7272727272727,573.5909090909091
Jalan Besar,DT22,WEEKDAY,22,508.45454545454544,502.09090909090907
Jalan Besar,DT22,WEEKDAY,23,268.40909090909093,281.8636363636364
Jalan Besar,DT22,WEEKENDS/HOLIDAY,0,34.111111111111114,33.77777777777778
Jalan Besar,DT22,WEEKENDS/HOLIDAY,5,17.333333333333332,0.0
Jalan Besar,DT22,WEEKENDS/HOLIDAY,6,319.6666666666667,214.22222222222223
Jalan Besar,DT22,WEEKENDS/HOLIDAY,7,479.44444444444446,408.6666666666667
Jalan Besar,DT22,WEEKENDS/HOLIDAY,8,478.44444444444446,503.22222222222223
Jalan Besar,DT22,WEEKENDS/HOLIDAY,9,413.6666666666667,674.7777777777778
Jalan Besar,DT22,WEEKENDS/HOLIDAY,10,406.3333333333333,768.8888888888889
Jalan Besar,DT22,WEEKENDS/HOLIDAY,11,479.55555555555554,795.4444444444445
Jalan Besar,DT22,WEEKENDS/HOLIDAY,12,536.3333333333334,830.6666666666666
Jalan Besar,DT22,WEEKENDS/HOLIDAY,13,597.1111111111111,776.5555555555555
Jalan Besar,DT22,WEEKENDS/HOLIDAY,14,640.4444444444445,728.6666666666666
Jalan Besar,DT22,WEEKENDS/HOLIDAY,15,622.1111111111111,736.5555555555555
Jalan Besar,DT22,WEEKENDS/HOLIDAY,16,712.7777777777778,806.5555555555555
Jalan Besar,DT22,WEEKENDS/HOLIDAY,17,732.6666666666666,1114.111111111111
Jalan Besar,DT22,WEEKENDS/HOLIDAY,18,860.1111111111111,1304.4444444444443
Jalan Besar,DT22,WEEKENDS/HOLIDAY,19,1010.0,1019.5555555555555
Jalan Besar,DT22,WEEKENDS/HOLIDAY,20,1132.6666666666667,696.3333333333334
Jalan Besar,DT22,WEEKENDS/HOLIDAY,21,1101.111111111111,554.8888888888889
Jalan Besar,DT22,WEEKENDS/HOLIDAY,22,830.8888888888889,490.3333333333333
Jalan Besar,DT22,WEEKENDS/HOLIDAY,23,434.44444444444446,273.1111111111111
Joo Koon,EW29,WEEKDAY,0,2.0454545454545454,15.045454545454545
Joo Koon,EW29,WEEKDAY,5,76.5,393.8181818181818
Joo Koon,EW29,WEEKDAY,6,435.1363636363636,2397.5454545454545
Joo Koon,EW29,WEEKDAY,7,637.9090909090909,5457.045454545455
Joo Koon,EW29,WEEKDAY,8,527.9545454545455,3305.681818181818
Joo Koon,EW29,WEEKDAY,9,187.5,701.5454545454545
Joo Koon,EW29,WEEKDAY,10,209.8181818181818,288.0
Joo Koon,EW29,WEEKDAY,11,342.90909090909093,277.6363636363636
Joo Koon,EW29,WEEKDAY,12,654.5,347.90909090909093
Joo Koon,EW29,WEEKDAY,13,483.77272727272725,338.22727272727275
Joo Koon,EW29,WEEKDAY,14,449.3636363636364,247.9090909090909
Joo Koon,EW29,WEEKDAY,15,621.1818181818181,234.77272727272728
Joo Koon,EW29,WEEKDAY,16,1239.5,299.0
Joo Koon,EW29,WEEKDAY,17,3891.1363636363635,561.4545454545455
Joo Koon,EW29,WEEKDAY,18,3079.181818181818,751.0909090909091
Joo Koon,EW29,WEEKDAY,19,1731.0454545454545,717.1363636363636
Joo Koon,EW29,WEEKDAY,20,1374.9545454545455,424.0
Joo Koon,EW29,WEEKDAY,21,548.8181818181819,245.45454545454547
Joo Koon,EW29,WEEKDAY,22,239.86363636363637,171.63636363636363
Joo Koon,EW29,WEEKDAY,23,47.27272727272727,61.86363636363637
Joo Koon,EW29,WEEKENDS/HOLIDAY,0,0.7777777777777778,25.333333333333332
Joo Koon,EW29,WEEKENDS/HOLIDAY,5,43.22222222222222,108.88888888888889
Joo Koon,EW29,WEEKENDS/HOLIDAY,6,271.8888888888889,857.5555555555555
Joo Koon,EW29,WEEKENDS/HOLIDAY,7,439.22222222222223,1821.2222222222222
Joo Koon,EW29,WEEKENDS/HOLIDAY,8,511.0,909.5555555555555
Joo Koon,EW29,WEEKENDS/HOLIDAY,9,305.55555555555554,304.3333333333333
Joo Koon,EW29,WEEKENDS/HOLIDAY,10,357.44444444444446,274.1111111111111
Joo Koon,EW29,WEEKENDS/HOLIDAY,11,412.22222222222223,356.55555555555554
Joo Koon,EW29,WEEKENDS/HOLIDAY,12,668.0,396.77777777777777
Joo Koon,EW29,WEEKENDS/HOLIDAY,13,574.3333333333334,419.22222222222223
Joo Koon,EW29,WEEKENDS/HOLIDAY,14,550.0,422.1111111111111
Joo Koon,EW29,WEEKENDS/HOLIDAY,15,629.6666666666666,438.8888888888889
Joo Koon,EW29,WEEKENDS/HOLIDAY,16,824.2222222222222,541.4444444444445
Joo Koon,EW29,WEEKENDS/HOLIDAY,17,1484.7777777777778,738.5555555555555
Joo Koon,EW29,WEEKENDS/HOLIDAY,18,1060.5555555555557,877.6666666666666
Joo Koon,EW29,WEEKENDS/HOLIDAY,19,808.6666666666666,989.8888888888889
Joo Koon,EW29,WEEKENDS/HOLIDAY,20,850.4444444444445,846.7777777777778
Joo Koon,EW29,WEEKENDS/HOLIDAY,21,348.0,588.6666666666666
Joo Koon,EW29,WEEKENDS/HOLIDAY,22,230.33333333333334,359.0
Joo Koon,EW29,WEEKENDS/HOLIDAY,23,44.666666666666664,131.77777777777777
Jurong East,EW24/NS1,WEEKDAY,0,69.27272727272727,167.72727272727272
Jurong East,EW24/NS1,WEEKDAY,5,540.0,296.1363636363636
Jurong East,EW24/NS1,WEEKDAY,6,1462.590909090909,3239.8636363636365
Jurong East,EW24/NS1,WEEKDAY,7,2758.3636363636365,7454.636363636364
Jurong East,EW24/NS1,WEEKDAY,8,2524.5454545454545,7666.545454545455
Jurong East,EW24/NS1,WEEKDAY,9,1637.1818181818182,4122.136363636364
Jurong East,EW24/NS1,WEEKDAY,10,1423.7727272727273,3088.318181818182
Jurong East,EW24/NS1,WEEKDAY,11,1670.6363636363637,3491.181818181818
Jurong East,EW24/NS1,WEEKDAY,12,2502.090909090909,3822.3636363636365
Jurong East,EW24/NS1,WEEKDAY,13,3049.8636363636365,3582.7727272727275
Jurong East,EW24/NS1,WEEKDAY,14,3183.181818181818,3119.9545454545455
Jurong East,EW24/NS1,WEEKDAY,15,3572.681818181818,3053.0454545454545
Jurong East,EW24/NS1,WEEKDAY,16,4554.727272727273,3390.2272727272725
Jurong East,EW24/NS1,WEEKDAY,17,8690.59090909091,5143.954545454545
Jurong East,EW24/NS1,WEEKDAY,18,10226.954545454546,7850.818181818182
Jurong East,EW24/NS1,WEEKDAY,19,6427.954545454545,4863.954545454545
Jurong East,EW24/NS1,WEEKDAY,20,5791.363636363636,2409.8636363636365
Jurong East,EW24/NS1,WEEKDAY,21,5331.227272727273,1459.909090909091
Jurong East,EW24/NS1,WEEKDAY,22,2792.2727272727275,1074.5454545454545
Jurong East,EW24/NS1,WEEKDAY,23,677.3181818181819,538.0
Jurong East,EW24/NS1,WEEKENDS/HOLIDAY,0,68.44444444444444,229.77777777777777
Jurong East,EW24/NS1,WEEKENDS/HOLIDAY,5,268.44444444444446,42.0
Jurong East,EW24/NS1,WEEKENDS/HOLIDAY,6,844.1111111111111,1370.5555555555557
Jurong East,EW24/NS1,WEEKENDS/HOLIDAY,7,1367.4444444444443,1994.7777777777778
Jurong East,EW24/NS1,WEEKENDS/HOLIDAY,8,1560.6666666666667,2200.6666666666665
Jurong East,EW24/NS1,WEEKENDS/HOLIDAY,9,1444.0,2562.5555555555557
Jurong East,EW24/NS1,WEEKENDS/HOLIDAY,10,1605.111111111111,3522.777777777778
Jurong East,EW24/NS1,WEEKENDS/HOLIDAY,11,2085.8888888888887,4596.555555555556
Jurong East,EW24/NS1,WEEKENDS/HOLIDAY,12,2895.6666666666665,4972.555555555556
Jurong East,EW24/NS1,WEEKENDS/HOLIDAY,13,3656.5555555555557,4920.666666666667
Jurong East,EW24/NS1,WEEKENDS/HOLIDAY,14,4248.333333333333,4391.555555555556
Jurong East,EW24/NS1,WEEKENDS/HOLIDAY,15,4586.111111111111,4195.888888888889
Jurong East,EW24/NS1,WEEKENDS/HOLIDAY,16,4901.555555555556,4326.888888888889
Jurong East,EW24/NS1,WEEKENDS/HOLIDAY,17,5454.666666666667,5033.444444444444
Jurong East,EW24/NS1,WEEKENDS/HOLIDAY,18,5396.0,5134.0
Jurong East,EW24/NS1,WEEKENDS/HOLIDAY,19,5396.111111111111,3950.0
Jurong East,EW24/NS1,WEEKENDS/HOLIDAY,20,5400.111111111111,2451.777777777778
Jurong East,EW24/NS1,WEEKENDS/HOLIDAY,21,5314.111111111111,1586.3333333333333
Jurong East,EW24/NS1,WEEKENDS/HOLIDAY,22,2986.6666666666665,1235.111111111111
Jurong East,EW24/NS1,WEEKENDS/HOLIDAY,23,775.7777777777778,667.5555555555555
Kaki Bukit,DT28,WEEKDAY,0,3.6363636363636362,73.36363636363636
Kaki Bukit,DT28,WEEKDAY,5,83.04545454545455,17.636363636363637
Kaki Bukit,DT28,WEEKDAY,6,660.3636363636364,423.59090909090907
Kaki Bukit,DT28,WEEKDAY,7,1347.6818181818182,1313.409090909091
Kaki Bukit,DT28,WEEKDAY,8,1322.4545454545455,1753.5
Kaki Bukit,DT28,WEEKDAY,9,748.3636363636364,672.0909090909091
Kaki Bukit,DT28,WEEKDAY,10,466.3636363636364,264.1818181818182
Kaki Bukit,DT28,WEEKDAY,11,449.27272727272725,205.63636363636363
Kaki Bukit,DT28,WEEKDAY,12,468.1818181818182,277.22727272727275
Kaki Bukit,DT28,WEEKDAY,13,398.54545454545456,309.95454545454544
Kaki Bukit,DT28,WEEKDAY,14,316.77272727272725,304.0
Kaki Bukit,DT28,WEEKDAY,15,387.5,302.3181818181818
Kaki Bukit,DT28,WEEKDAY,16,480.40909090909093,376.90909090909093
Kaki Bukit,DT28,WEEKDAY,17,1359.0,641.4545454545455
Kaki Bukit,DT28,WEEKDAY,18,1751.0454545454545,1128.1363636363637
Kaki Bukit,DT28,WEEKDAY,19,773.1363636363636,993.2727272727273
Kaki Bukit,DT28,WEEKDAY,20,389.5,712.2727272727273
Kaki Bukit,DT28,WEEKDAY,21,262.0,712.3181818181819
Kaki Bukit,DT28,WEEKDAY,22,171.77272727272728,587.1363636363636
Kaki Bukit,DT28,WEEKDAY,23,72.0,315.8181818181818
Kaki Bukit,DT28,WEEKENDS/HOLIDAY,0,3.6666666666666665,68.44444444444444
Kaki Bukit,DT28,WEEKENDS/HOLIDAY,5,50.55555555555556,3.6666666666666665
Kaki Bukit,DT28,WEEKENDS/HOLIDAY,6,354.8888888888889,163.33333333333334
Kaki Bukit,DT28,WEEKENDS/HOLIDAY,7,597.5555555555555,365.3333333333333
Kaki Bukit,DT28,WEEKENDS/HOLIDAY,8,572.8888888888889,346.22222222222223
Kaki Bukit,DT28,WEEKENDS/HOLIDAY,9,573.0,244.88888888888889
Kaki Bukit,DT28,WEEKENDS/HOLIDAY,10,592.5555555555555,203.66666666666666
Kaki Bukit,DT28,WEEKENDS/HOLIDAY,11,580.2222222222222,231.66666666666666
Kaki Bukit,DT28,WEEKENDS/HOLIDAY,12,594.6666666666666,285.0
Kaki Bukit,DT28,WEEKENDS/HOLIDAY,13,538.2222222222222,333.77777777777777
Kaki Bukit,DT28,WEEKENDS/HOLIDAY,14,459.6666666666667,388.6666666666667
Kaki Bukit,DT28,WEEKENDS/HOLIDAY,15,455.0,394.3333333333333
Kaki Bukit,DT28,WEEKENDS/HOLIDAY,16,541.1111111111111,455.77777777777777
Kaki Bukit,DT28,WEEKENDS/HOLIDAY,17,747.1111111111111,594.0
Kaki Bukit,DT28,WEEKENDS/HOLIDAY,18,660.7777777777778,682.7777777777778
Kaki Bukit,DT28,WEEKENDS/HOLIDAY,19,475.1111111111111,728.6666666666666
Kaki Bukit,DT28,WEEKENDS/HOLIDAY,20,281.8888888888889,819.0
Kaki Bukit,DT28,WEEKENDS/HOLIDAY,21,196.44444444444446,853.6666666666666
Kaki Bukit,DT28,WEEKENDS/HOLIDAY,22,130.66666666666666,732.5555555555555
Kaki Bukit,DT28,WEEKENDS/HOLIDAY,23,65.44444444444444,398.1111111111111
Kallang,EW10,WEEKDAY,0,64.0909090909091,78.5
Kallang,EW10,WEEKDAY,5,159.63636363636363,14.772727272727273
Kallang,EW10,WEEKDAY,6,901.0454545454545,183.5
Kallang,EW10,WEEKDAY,7,1239.5454545454545,397.5
Kallang,EW10,WEEKDAY,8,1352.7272727272727,577.9090909090909
Kallang,EW10,WEEKDAY,9,817.6363636363636,402.09090909090907
Kallang,EW10,WEEKDAY,10,523.5909090909091,261.45454545454544
Kallang,EW10,WEEKDAY,11,473.77272727272725,256.04545454545456
Kallang,EW10,WEEKDAY,12,429.1818181818182,331.6818181818182
Kallang,EW10,WEEKDAY,13,394.40909090909093,383.6818181818182
Kallang,EW10,WEEKDAY,14,350.22727272727275,397.6818181818182
Kallang,EW10,WEEKDAY,15,340.40909090909093,408.6818181818182
Kallang,EW10,WEEKDAY,16,387.5,498.04545454545456
Kallang,EW10,WEEKDAY,17,663.5909090909091,807.5454545454545
Kallang,EW10,WEEKDAY,18,815.2727272727273,1471.2272727272727
Kallang,EW10,WEEKDAY,19,506.8636363636364,1240.3636363636363
Kallang,EW10,WEEKDAY,20,350.0,876.4545454545455
Kallang,EW10,WEEKDAY,21,302.3636363636364,832.8636363636364
Kallang,EW10,WEEKDAY,22,218.04545454545453,724.4090909090909
Kallang,EW10,WEEKDAY,23,110.0,341.72727272727275
Kallang,EW10,WEEKENDS/HOLIDAY,0,7.0,33.888888888888886
Kallang,EW10,WEEKENDS/HOLIDAY,5,49.888888888888886,5.333333333333333
Kallang,EW10,WEEKENDS/HOLIDAY,6,559.8888888888889,144.33333333333334
Kallang,EW10,WEEKENDS/HOLIDAY,7,660.1111111111111,321.22222222222223
Kallang,EW10,WEEKENDS/HOLIDAY,8,651.5555555555555,395.0
Kallang,EW10,WEEKENDS/HOLIDAY,9,657.3333333333334,466.44444444444446
Kallang,EW10,WEEKENDS/HOLIDAY,10,662.3333333333334,541.4444444444445
Kallang,EW10,WEEKENDS/HOLIDAY,11,643.6666666666666,573.0
Kallang,EW10,WEEKENDS/HOLIDAY,12,631.2222222222222,647.6666666666666
Kallang,EW10,WEEKENDS/HOLIDAY,13,621.8888888888889,695.2222222222222
Kallang,EW10,WEEKENDS/HOLIDAY,14,612.7777777777778,689.7777777777778
Kallang,EW10,WEEKENDS/HOLIDAY,15,638.3333333333334,696.8888888888889
Kallang,EW10,WEEKENDS/HOLIDAY,16,704.1111111111111,720.0
Kallang,EW10,WEEKENDS/HOLIDAY,17,799.4444444444445,899.2222222222222
Kallang,EW10,WEEKENDS/HOLIDAY,18,813.7777777777778,954.2222222222222
Kallang,EW10,WEEKENDS/HOLIDAY,19,727.7777777777778,903.5555555555555
Kallang,EW10,WEEKENDS/HOLIDAY,20,515.1111111111111,805.2222222222222
Kallang,EW10,WEEKENDS/HOLIDAY,21,392.22222222222223,791.6666666666666
Kallang,EW10,WEEKENDS/HOLIDAY,22,301.0,688.2222222222222
Kallang,EW10,WEEKENDS/HOLIDAY,23,135.11111111111111,378.1111111111111
Katong Park,TE24,WEEKDAY,0,3.909090909090909,25.5
Katong Park,TE24,WEEKDAY,5,7.5,0.13636363636363635
Katong Park,TE24,WEEKDAY,6,50.36363636363637,26.863636363636363
Katong Park,TE24,WEEKDAY,7,157.36363636363637,109.95454545454545
Katong Park,TE24,WEEKDAY,8,322.45454545454544,113.77272727272727
Katong Park,TE24,WEEKDAY,9,246.45454545454547,92.77272727272727
Katong Park,TE24,WEEKDAY,10,171.54545454545453,77.72727272727273
Katong Park,TE24,WEEKDAY,11,164.6818181818182,96.45454545454545
Katong Park,TE24,WEEKDAY,12,155.54545454545453,119.0
Katong Park,TE24,WEEKDAY,13,128.27272727272728,134.36363636363637
Katong Park,TE24,WEEKDAY,14,110.81818181818181,135.9090909090909
Katong Park,TE24,WEEKDAY,15,108.04545454545455,147.8181818181818
Katong Park,TE24,WEEKDAY,16,142.95454545454547,188.9090909090909
Katong Park,TE24,WEEKDAY,17,185.27272727272728,220.27272727272728
Katong Park,TE24,WEEKDAY,18,203.22727272727272,318.3636363636364
Katong Park,TE24,WEEKDAY,19,148.3181818181818,267.77272727272725
Katong Park,TE24,WEEKDAY,20,75.36363636363636,182.54545454545453
Katong Park,TE24,WEEKDAY,21,57.54545454545455,156.77272727272728
Katong Park,TE24,WEEKDAY,22,42.68181818181818,110.31818181818181
Katong Park,TE24,WEEKDAY,23,21.954545454545453,54.09090909090909
Katong Park,TE24,WEEKENDS/HOLIDAY,0,1.0,13.88888888888889
Katong Park,TE24,WEEKENDS/HOLIDAY,5,2.4444444444444446,0.0
Katong Park,TE24,WEEKENDS/HOLIDAY,6,31.22222222222222,21.0
Katong Park,TE24,WEEKENDS/HOLIDAY,7,73.55555555555556,71.88888888888889
Katong Park,TE24,WEEKENDS/HOLIDAY,8,146.11111111111111,77.77777777777777
Katong Park,TE24,WEEKENDS/HOLIDAY,9,180.33333333333334,83.55555555555556
Katong Park,TE24,WEEKENDS/HOLIDAY,10,209.77777777777777,99.11111111111111
Katong Park,TE24,WEEKENDS/HOLIDAY,11,207.77777777777777,122.44444444444444
Katong Park,TE24,WEEKENDS/HOLIDAY,12,181.77777777777777,145.44444444444446
Katong Park,TE24,WEEKENDS/HOLIDAY,13,154.33333333333334,142.66666666666666
Katong Park,TE24,WEEKENDS/HOLIDAY,14,139.44444444444446,149.0
Katong Park,TE24,WEEKENDS/HOLIDAY,15,135.44444444444446,160.33333333333334
Katong Park,TE24,WEEKENDS/HOLIDAY,16,138.44444444444446,177.77777777777777
Katong Park,TE24,WEEKENDS/HOLIDAY,17,182.77777777777777,201.33333333333334
Katong Park,TE24,WEEKENDS/HOLIDAY,18,178.44444444444446,211.55555555555554
Katong Park,TE24,WEEKENDS/HOLIDAY,19,139.44444444444446,202.55555555555554
Katong Park,TE24,WEEKENDS/HOLIDAY,20,76.77777777777777,188.33333333333334
Katong Park,TE24,WEEKENDS/HOLIDAY,21,58.888888888888886,163.22222222222223
Katong Park,TE24,WEEKENDS/HOLIDAY,22,39.77777777777778,114.0
Katong Park,TE24,WEEKENDS/HOLIDAY,23,21.333333333333332,50.888888888888886
Kembangan,EW6,WEEKDAY,0,6.0,61.04545454545455
Kembangan,EW6,WEEKDAY,5,49.09090909090909,7.636363636363637
Kembangan,EW6,WEEKDAY,6,399.8181818181818,155.54545454545453
Kembangan,EW6,WEEKDAY,7,879.7727272727273,471.27272727272725
Kembangan,EW6,WEEKDAY,8,1299.8636363636363,701.2272727272727
Kembangan,EW6,WEEKDAY,9,785.6818181818181,400.5
Kembangan,EW6,WEEKDAY,10,496.59090909090907,278.90909090909093
Kembangan,EW6,WEEKDAY,11,494.0,271.5
Kembangan,EW6,WEEKDAY,12,440.0,379.6818181818182
Kembangan,EW6,WEEKDAY,13,409.3636363636364,435.8636363636364
Kembangan,EW6,WEEKDAY,14,342.1818181818182,403.54545454545456
Kembangan,EW6,WEEKDAY,15,294.95454545454544,446.8181818181818
Kembangan,EW6,WEEKDAY,16,373.72727272727275,542.4090909090909
Kembangan,EW6,WEEKDAY,17,591.6363636363636,751.9090909090909
Kembangan,EW6,WEEKDAY,18,742.5909090909091,1279.7727272727273
Kembangan,EW6,WEEKDAY,19,374.5,1043.4545454545455
Kembangan,EW6,WEEKDAY,20,227.13636363636363,730.7727272727273
Kembangan,EW6,WEEKDAY,21,201.54545454545453,699.0454545454545
Kembangan,EW6,WEEKDAY,22,129.63636363636363,603.4545454545455
Kembangan,EW6,WEEKDAY,23,59.77272727272727,294.54545454545456
Kembangan,EW6,WEEKENDS/HOLIDAY,0,3.3333333333333335,38.666666666666664
Kembangan,EW6,WEEKENDS/HOLIDAY,5,16.22222222222222,2.2222222222222223
Kembangan,EW6,WEEKENDS/HOLIDAY,6,192.44444444444446,67.77777777777777
Kembangan,EW6,WEEKENDS/HOLIDAY,7,358.1111111111111,200.66666666666666
Kembangan,EW6,WEEKENDS/HOLIDAY,8,506.0,297.6666666666667
Kembangan,EW6,WEEKENDS/HOLIDAY,9,631.3333333333334,302.44444444444446
Kembangan,EW6,WEEKENDS/HOLIDAY,10,607.8888888888889,363.77777777777777
Kembangan,EW6,WEEKENDS/HOLIDAY,11,613.6666666666666,383.8888888888889
Kembangan,EW6,WEEKENDS/HOLIDAY,12,579.1111111111111,395.22222222222223
Kembangan,EW6,WEEKENDS/HOLIDAY,13,515.4444444444445,451.3333333333333
Kembangan,EW6,WEEKENDS/HOLIDAY,14,412.22222222222223,461.8888888888889
Kembangan,EW6,WEEKENDS/HOLIDAY,15,411.3333333333333,495.55555555555554
Kembangan,EW6,WEEKENDS/HOLIDAY,16,427.1111111111111,569.2222222222222
Kembangan,EW6,WEEKENDS/HOLIDAY,17,531.1111111111111,679.2222222222222
Kembangan,EW6,WEEKENDS/HOLIDAY,18,521.7777777777778,717.3333333333334
Kembangan,EW6,WEEKENDS/HOLIDAY,19,406.55555555555554,660.6666666666666
Kembangan,EW6,WEEKENDS/HOLIDAY,20,232.88888888888889,594.0
Kembangan,EW6,WEEKENDS/HOLIDAY,21,193.0,608.6666666666666
Kembangan,EW6,WEEKENDS/HOLIDAY,22,132.88888888888889,534.5555555555555
Kembangan,EW6,WEEKENDS/HOLIDAY,23,54.77777777777778,280.6666666666667
Kent Ridge,CC24,WEEKDAY,0,2.727272727272727,5.045454545454546
Kent Ridge,CC24,WEEKDAY,5,10.454545454545455,30.045454545454547
Kent Ridge,CC24,WEEKDAY,6,40.22727272727273,908.3181818181819
Kent Ridge,CC24,WEEKDAY,7,235.5909090909091,2383.8636363636365
Kent Ridge,CC24,WEEKDAY,8,389.45454545454544,4393.409090909091
Kent Ridge,CC24,WEEKDAY,9,424.6363636363636,3153.7272727272725
Kent Ridge,CC24,WEEKDAY,10,642.0909090909091,1434.8636363636363
Kent Ridge,CC24,WEEKDAY,11,1042.5454545454545,1059.5454545454545
Kent Ridge,CC24,WEEKDAY,12,1291.3636363636363,1052.0
Kent Ridge,CC24,WEEKDAY,13,991.5454545454545,1148.9545454545455
Kent Ridge,CC24,WEEKDAY,14,881.6363636363636,922.9090909090909
Kent Ridge,CC24,WEEKDAY,15,1295.6818181818182,627.8181818181819
Kent Ridge,CC24,WEEKDAY,16,1823.090909090909,441.6363636363636
Kent Ridge,CC24,WEEKDAY,17,3782.7272727272725,462.22727272727275
Kent Ridge,CC24,WEEKDAY,18,3765.681818181818,687.4090909090909
Kent Ridge,CC24,WEEKDAY,19,1762.7727272727273,402.22727272727275
Kent Ridge,CC24,WEEKDAY,20,1056.2272727272727,215.0909090909091
Kent Ridge,CC24,WEEKDAY,21,721.6363636363636,142.95454545454547
Kent Ridge,CC24,WEEKDAY,22,301.72727272727275,114.13636363636364
Kent Ridge,CC24,WEEKDAY,23,70.9090909090909,38.27272727272727
Kent Ridge,CC24,WEEKENDS/HOLIDAY,0,0.7777777777777778,2.2222222222222223
Kent Ridge,CC24,WEEKENDS/HOLIDAY,5,2.4444444444444446,1.3333333333333333
Kent Ridge,CC24,WEEKENDS/HOLIDAY,6,6.222222222222222,102.11111111111111
Kent Ridge,CC24,WEEKENDS/HOLIDAY,7,52.666666666666664,110.33333333333333
Kent Ridge,CC24,WEEKENDS/HOLIDAY,8,92.77777777777777,133.44444444444446
Kent Ridge,CC24,WEEKENDS/HOLIDAY,9,146.88888888888889,376.8888888888889
Kent Ridge,CC24,WEEKENDS/HOLIDAY,10,160.88888888888889,287.0
Kent Ridge,CC24,WEEKENDS/HOLIDAY,11,230.77777777777777,399.44444444444446
Kent Ridge,CC24,WEEKENDS/HOLIDAY,12,325.77777777777777,504.44444444444446
Kent Ridge,CC24,WEEKENDS/HOLIDAY,13,365.55555555555554,366.77777777777777
Kent Ridge,CC24,WEEKENDS/HOLIDAY,14,417.0,300.44444444444446
Kent Ridge,CC24,WEEKENDS/HOLIDAY,15,477.0,288.77777777777777
Kent Ridge,CC24,WEEKENDS/HOLIDAY,16,479.1111111111111,261.44444444444446
Kent Ridge,CC24,WEEKENDS/HOLIDAY,17,516.4444444444445,279.22222222222223
Kent Ridge,CC24,WEEKENDS/HOLIDAY,18,464.44444444444446,307.8888888888889
Kent Ridge,CC24,WEEKENDS/HOLIDAY,19,445.22222222222223,246.11111111111111
Kent Ridge,CC24,WEEKENDS/HOLIDAY,20,478.6666666666667,169.55555555555554
Kent Ridge,CC24,WEEKENDS/HOLIDAY,21,362.6666666666667,116.22222222222223
Kent Ridge,CC24,WEEKENDS/HOLIDAY,22,144.22222222222223,79.0
Kent Ridge,CC24,WEEKENDS/HOLIDAY,23,26.333333333333332,29.77777777777778
Khatib,NS14,WEEKDAY,0,64.0,305.59090909090907
Khatib,NS14,WEEKDAY,5,703.8636363636364,139.1818181818182
Khatib,NS14,WEEKDAY,6,2402.2727272727275,618.0909090909091
Khatib,NS14,WEEKDAY,7,4962.636363636364,1322.6818181818182
Khatib,NS14,WEEKDAY,8,5047.818181818182,1378.3636363636363
Khatib,NS14,WEEKDAY,9,2825.0,888.3181818181819
Khatib,NS14,WEEKDAY,10,1862.1363636363637,726.5909090909091
Khatib,NS14,WEEKDAY,11,1509.590909090909,757.7727272727273
Khatib,NS14,WEEKDAY,12,1427.1363636363637,874.6818181818181
Khatib,NS14,WEEKDAY,13,1264.3636363636363,1061.0454545454545
Khatib,NS14,WEEKDAY,14,1070.3181818181818,1006.0454545454545
Khatib,NS14,WEEKDAY,15,1070.3181818181818,1143.2272727272727
Khatib,NS14,WEEKDAY,16,1207.3636363636363,1477.0
Khatib,NS14,WEEKDAY,17,1862.1818181818182,2524.590909090909
Khatib,NS14,WEEKDAY,18,2219.409090909091,4381.090909090909
Khatib,NS14,WEEKDAY,19,1370.3636363636363,3184.7727272727275
Khatib,NS14,WEEKDAY,20,871.4090909090909,2265.2727272727275
Khatib,NS14,WEEKDAY,21,849.6363636363636,2120.318181818182
Khatib,NS14,WEEKDAY,22,716.7272727272727,2087.909090909091
Khatib,NS14,WEEKDAY,23,351.59090909090907,1127.5454545454545
Khatib,NS14,WEEKENDS/HOLIDAY,0,68.77777777777777,274.55555555555554
Khatib,NS14,WEEKENDS/HOLIDAY,5,351.77777777777777,67.11111111111111
Khatib,NS14,WEEKENDS/HOLIDAY,6,1066.6666666666667,354.1111111111111
Khatib,NS14,WEEKENDS/HOLIDAY,7,1593.3333333333333,657.5555555555555
Khatib,NS14,WEEKENDS/HOLIDAY,8,1987.3333333333333,897.1111111111111
Khatib,NS14,WEEKENDS/HOLIDAY,9,2275.3333333333335,912.7777777777778
Khatib,NS14,WEEKENDS/HOLIDAY,10,2018.0,914.7777777777778
Khatib,NS14,WEEKENDS/HOLIDAY,11,1830.6666666666667,959.5555555555555
Khatib,NS14,WEEKENDS/HOLIDAY,12,1751.0,1121.5555555555557
Khatib,NS14,WEEKENDS/HOLIDAY,13,1511.5555555555557,1167.888888888889
Khatib,NS14,WEEKENDS/HOLIDAY,14,1399.0,1161.0
Khatib,NS14,WEEKENDS/HOLIDAY,15,1402.6666666666667,1190.2222222222222
Khatib,NS14,WEEKENDS/HOLIDAY,16,1542.888888888889,1385.7777777777778
Khatib,NS14,WEEKENDS/HOLIDAY,17,1716.7777777777778,1604.6666666666667
Khatib,NS14,WEEKENDS/HOLIDAY,18,1602.0,1775.888888888889
Khatib,NS14,WEEKENDS/HOLIDAY,19,1113.4444444444443,1713.7777777777778
Khatib,NS14,WEEKENDS/HOLIDAY,20,838.8888888888889,1775.3333333333333
Khatib,NS14,WEEKENDS/HOLIDAY,21,856.5555555555555,1943.888888888889
Khatib,NS14,WEEKENDS/HOLIDAY,22,776.4444444444445,2026.4444444444443
Khatib,NS14,WEEKENDS/HOLIDAY,23,389.6666666666667,1228.7777777777778
King Albert Park,DT6,WEEKDAY,0,3.0454545454545454,23.545454545454547
King Albert Park,DT6,WEEKDAY,5,14.863636363636363,8.0
King Albert Park,DT6,WEEKDAY,6,87.4090909090909,111.81818181818181
King Albert Park,DT6,WEEKDAY,7,324.04545454545456,546.5
King Albert Park,DT6,WEEKDAY,8,572.0454545454545,647.7727272727273
King Albert Park,DT6,WEEKDAY,9,348.27272727272725,320.90909090909093
King Albert Park,DT6,WEEKDAY,10,276.6363636363636,215.77272727272728
King Albert Park,DT6,WEEKDAY,11,366.40909090909093,236.6818181818182
King Albert Park,DT6,WEEKDAY,12,371.72727272727275,271.1818181818182
King Albert Park,DT6,WEEKDAY,13,296.54545454545456,266.90909090909093
King Albert Park,DT6,WEEKDAY,14,244.72727272727272,240.0909090909091
King Albert Park,DT6,WEEKDAY,15,392.6363636363636,258.1363636363636
King Albert Park,DT6,WEEKDAY,16,415.8636363636364,241.5909090909091
King Albert Park,DT6,WEEKDAY,17,686.5454545454545,370.72727272727275
King Albert Park,DT6,WEEKDAY,18,689.5454545454545,540.3181818181819
King Albert Park,DT6,WEEKDAY,19,321.45454545454544,389.6818181818182
King Albert Park,DT6,WEEKDAY,20,171.5909090909091,240.5
King Albert Park,DT6,WEEKDAY,21,136.22727272727272,233.6818181818182
King Albert Park,DT6,WEEKDAY,22,102.36363636363636,209.95454545454547
King Albert Park,DT6,WEEKDAY,23,28.227272727272727,100.13636363636364
King Albert Park,DT6,WEEKENDS/HOLIDAY,0,1.6666666666666667,17.0
King Albert Park,DT6,WEEKENDS/HOLIDAY,5,10.222222222222221,3.5555555555555554
King Albert Park,DT6,WEEKENDS/HOLIDAY,6,48.111111111111114,51.44444444444444
King Albert Park,DT6,WEEKENDS/HOLIDAY,7,116.44444444444444,200.44444444444446
King Albert Park,DT6,WEEKENDS/HOLIDAY,8,235.11111111111111,234.66666666666666
King Albert Park,DT6,WEEKENDS/HOLIDAY,9,304.1111111111111,207.88888888888889
King Albert Park,DT6,WEEKENDS/HOLIDAY,10,323.55555555555554,164.0
King Albert Park,DT6,WEEKENDS/HOLIDAY,11,335.3333333333333,167.55555555555554
King Albert Park,DT6,WEEKENDS/HOLIDAY,12,352.6666666666667,199.44444444444446
King Albert Park,DT6,WEEKENDS/HOLIDAY,13,267.1111111111111,238.88888888888889
King Albert Park,DT6,WEEKENDS/HOLIDAY,14,222.88888888888889,210.33333333333334
King Albert Park,DT6,WEEKENDS/HOLIDAY,15,246.44444444444446,235.0
King Albert Park,DT6,WEEKENDS/HOLIDAY,16,280.8888888888889,231.88888888888889
King Albert Park,DT6,WEEKENDS/HOLIDAY,17,357.1111111111111,270.1111111111111
King Albert Park,DT6,WEEKENDS/HOLIDAY,18,308.55555555555554,282.8888888888889
King Albert Park,DT6,WEEKENDS/HOLIDAY,19,194.55555555555554,284.22222222222223
King Albert Park,DT6,WEEKENDS/HOLIDAY,20,109.0,243.88888888888889
King Albert Park,DT6,WEEKENDS/HOLIDAY,21,85.22222222222223,244.0
King Albert Park,DT6,WEEKENDS/HOLIDAY,22,66.44444444444444,218.22222222222223
King Albert Park,DT6,WEEKENDS/HOLIDAY,23,25.666666666666668,117.0
Kovan,NE13,WEEKDAY,0,19.772727272727273,113.0909090909091
Kovan,NE13,WEEKDAY,5,183.86363636363637,26.454545454545453
Kovan,NE13,WEEKDAY,6,725.4545454545455,326.1818181818182
Kovan,NE13,WEEKDAY,7,1686.0,867.7727272727273
Kovan,NE13,WEEKDAY,8,2386.409090909091,1055.590909090909
Kovan,NE13,WEEKDAY,9,1594.1818181818182,825.4545454545455
Kovan,NE13,WEEKDAY,10,1171.590909090909,763.8181818181819
Kovan,NE13,WEEKDAY,11,1176.909090909091,724.0
Kovan,NE13,WEEKDAY,12,1168.4545454545455,864.2727272727273
Kovan,NE13,WEEKDAY,13,1032.6363636363637,949.0
Kovan,NE13,WEEKDAY,14,932.5454545454545,918.6818181818181
Kovan,NE13,WEEKDAY,15,855.4545454545455,976.9545454545455
Kovan,NE13,WEEKDAY,16,939.6363636363636,1161.1818181818182
Kovan,NE13,WEEKDAY,17,1319.9545454545455,1606.3181818181818
Kovan,NE13,WEEKDAY,18,1642.0,2602.3636363636365
Kovan,NE13,WEEKDAY,19,1100.1818181818182,1989.0454545454545
Kovan,NE13,WEEKDAY,20,798.1818181818181,1305.7272727272727
Kovan,NE13,WEEKDAY,21,729.7727272727273,1255.0454545454545
Kovan,NE13,WEEKDAY,22,395.45454545454544,1138.7272727272727
Kovan,NE13,WEEKDAY,23,143.63636363636363,544.6818181818181
Kovan,NE13,WEEKENDS/HOLIDAY,0,12.11111111111111,69.66666666666667
Kovan,NE13,WEEKENDS/HOLIDAY,5,74.66666666666667,13.777777777777779
Kovan,NE13,WEEKENDS/HOLIDAY,6,366.77777777777777,256.8888888888889
Kovan,NE13,WEEKENDS/HOLIDAY,7,624.0,581.4444444444445
Kovan,NE13,WEEKENDS/HOLIDAY,8,988.7777777777778,877.8888888888889
Kovan,NE13,WEEKENDS/HOLIDAY,9,1337.2222222222222,1092.2222222222222
Kovan,NE13,WEEKENDS/HOLIDAY,10,1454.111111111111,1143.4444444444443
Kovan,NE13,WEEKENDS/HOLIDAY,11,1544.5555555555557,1015.4444444444445
Kovan,NE13,WEEKENDS/HOLIDAY,12,1599.7777777777778,1123.0
Kovan,NE13,WEEKENDS/HOLIDAY,13,1486.5555555555557,1090.2222222222222
Kovan,NE13,WEEKENDS/HOLIDAY,14,1253.4444444444443,1022.0
Kovan,NE13,WEEKENDS/HOLIDAY,15,1233.2222222222222,1034.888888888889
Kovan,NE13,WEEKENDS/HOLIDAY,16,1152.111111111111,1136.7777777777778
Kovan,NE13,WEEKENDS/HOLIDAY,17,1294.7777777777778,1386.888888888889
Kovan,NE13,WEEKENDS/HOLIDAY,18,1266.3333333333333,1387.6666666666667
Kovan,NE13,WEEKENDS/HOLIDAY,19,994.0,1232.3333333333333
Kovan,NE13,WEEKENDS/HOLIDAY,20,708.5555555555555,1099.3333333333333
Kovan,NE13,WEEKENDS/HOLIDAY,21,600.7777777777778,1141.2222222222222
Kovan,NE13,WEEKENDS/HOLIDAY,22,403.55555555555554,1069.3333333333333
Kovan,NE13,WEEKENDS/HOLIDAY,23,152.77777777777777,579.4444444444445
Kranji,NS7,WEEKDAY,0,76.72727272727273,145.5
Kranji,NS7,WEEKDAY,5,2101.0,101.5909090909091
Kranji,NS7,WEEKDAY,6,2905.5,750.3181818181819
Kranji,NS7,WEEKDAY,7,3412.090909090909,2139.1363636363635
Kranji,NS7,WEEKDAY,8,2337.2272727272725,2225.5
Kranji,NS7,WEEKDAY,9,1867.2727272727273,1581.0
Kranji,NS7,WEEKDAY,10,1458.5,1246.090909090909
Kranji,NS7,WEEKDAY,11,1042.8636363636363,966.4090909090909
Kranji,NS7,WEEKDAY,12,892.4090909090909,866.1363636363636
Kranji,NS7,WEEKDAY,13,881.7727272727273,842.4545454545455
Kranji,NS7,WEEKDAY,14,843.1363636363636,778.5
Kranji,NS7,WEEKDAY,15,916.1363636363636,856.8181818181819
Kranji,NS7,WEEKDAY,16,1091.0,1247.7272727272727
Kranji,NS7,WEEKDAY,17,1835.1818181818182,1913.409090909091
Kranji,NS7,WEEKDAY,18,1924.3181818181818,2508.909090909091
Kranji,NS7,WEEKDAY,19,1320.1363636363637,2118.0
Kranji,NS7,WEEKDAY,20,1206.8636363636363,1873.3181818181818
Kranji,NS7,WEEKDAY,21,1123.0454545454545,1884.2272727272727
Kranji,NS7,WEEKDAY,22,1014.9090909090909,1870.4545454545455
Kranji,NS7,WEEKDAY,23,473.6363636363636,966.3636363636364
Kranji,NS7,WEEKENDS/HOLIDAY,0,178.55555555555554,169.22222222222223
Kranji,NS7,WEEKENDS/HOLIDAY,5,864.2222222222222,138.77777777777777
Kranji,NS7,WEEKENDS/HOLIDAY,6,1867.4444444444443,924.0
Kranji,NS7,WEEKENDS/HOLIDAY,7,2032.111111111111,1755.0
Kranji,NS7,WEEKENDS/HOLIDAY,8,1786.4444444444443,1893.111111111111
Kranji,NS7,WEEKENDS/HOLIDAY,9,1960.7777777777778,1678.2222222222222
Kranji,NS7,WEEKENDS/HOLIDAY,10,1546.4444444444443,1361.111111111111
Kranji,NS7,WEEKENDS/HOLIDAY,11,1260.888888888889,1245.111111111111
Kranji,NS7,WEEKENDS/HOLIDAY,12,1356.4444444444443,1186.888888888889
Kranji,NS7,WEEKENDS/HOLIDAY,13,1305.7777777777778,1146.6666666666667
Kranji,NS7,WEEKENDS/HOLIDAY,14,1299.5555555555557,980.5555555555555
Kranji,NS7,WEEKENDS/HOLIDAY,15,1446.5555555555557,1054.6666666666667
Kranji,NS7,WEEKENDS/HOLIDAY,16,1456.4444444444443,1208.888888888889
Kranji,NS7,WEEKENDS/HOLIDAY,17,1608.3333333333333,1403.7777777777778
Kranji,NS7,WEEKENDS/HOLIDAY,18,2061.0,1616.0
Kranji,NS7,WEEKENDS/HOLIDAY,19,1794.111111111111,1708.7777777777778
Kranji,NS7,WEEKENDS/HOLIDAY,20,1860.0,1765.111111111111
Kranji,NS7,WEEKENDS/HOLIDAY,21,1838.3333333333333,1814.3333333333333
Kranji,NS7,WEEKENDS/HOLIDAY,22,1801.5555555555557,1952.6666666666667
Kranji,NS7,WEEKENDS/HOLIDAY,23,1209.6666666666667,1070.6666666666667
Labrador Park,CC27,WEEKDAY,0,1.0909090909090908,1.9545454545454546
Labrador Park,CC27,WEEKDAY,5,8.045454545454545,5.090909090909091
Labrador Park,CC27,WEEKDAY,6,15.727272727272727,233.86363636363637
Labrador Park,CC27,WEEKDAY,7,55.90909090909091,641.0
Labrador Park,CC27,WEEKDAY,8,53.0,2454.7272727272725
Labrador Park,CC27,WEEKDAY,9,50.95454545454545,1752.7727272727273
Labrador Park,CC27,WEEKDAY,10,67.77272727272727,442.3181818181818
Labrador Park,CC27,WEEKDAY,11,241.5,225.22727272727272
Labrador Park,CC27,WEEKDAY,12,352.8636363636364,215.54545454545453
Labrador Park,CC27,WEEKDAY,13,260.90909090909093,348.04545454545456
Labrador Park,CC27,WEEKDAY,14,217.95454545454547,205.8181818181818
Labrador Park,CC27,WEEKDAY,15,273.40909090909093,105.18181818181819
Labrador Park,CC27,WEEKDAY,16,475.3636363636364,88.18181818181819
Labrador Park,CC27,WEEKDAY,17,1452.409090909091,124.68181818181819
Labrador Park,CC27,WEEKDAY,18,2151.5,162.9090909090909
Labrador Park,CC27,WEEKDAY,19,869.6818181818181,99.86363636363636
Labrador Park,CC27,WEEKDAY,20,358.6363636363636,43.81818181818182
Labrador Park,CC27,WEEKDAY,21,222.1818181818182,38.81818181818182
Labrador Park,CC27,WEEKDAY,22,113.27272727272727,26.59090909090909
Labrador Park,CC27,WEEKDAY,23,19.09090909090909,8.727272727272727
Labrador Park,CC27,WEEKENDS/HOLIDAY,0,0.0,0.1111111111111111
Labrador Park,CC27,WEEKENDS/HOLIDAY,5,1.8888888888888888,0.0
Labrador Park,CC27,WEEKENDS/HOLIDAY,6,3.888888888888889,9.222222222222221
Labrador Park,CC27,WEEKENDS/HOLIDAY,7,6.222222222222222,27.77777777777778
Labrador Park,CC27,WEEKENDS/HOLIDAY,8,11.444444444444445,56.333333333333336
Labrador Park,CC27,WEEKENDS/HOLIDAY,9,30.0,131.77777777777777
Labrador Park,CC27,WEEKENDS/HOLIDAY,10,41.22222222222222,104.44444444444444
Labrador Park,CC27,WEEKENDS/HOLIDAY,11,60.111111111111114,102.33333333333333
Labrador Park,CC27,WEEKENDS/HOLIDAY,12,75.77777777777777,89.66666666666667
Labrador Park,CC27,WEEKENDS/HOLIDAY,13,87.11111111111111,88.77777777777777
Labrador Park,CC27,WEEKENDS/HOLIDAY,14,96.0,75.22222222222223
Labrador Park,CC27,WEEKENDS/HOLIDAY,15,92.0,70.88888888888889
Labrador Park,CC27,WEEKENDS/HOLIDAY,16,109.22222222222223,82.77777777777777
Labrador Park,CC27,WEEKENDS/HOLIDAY,17,117.55555555555556,73.33333333333333
Labrador Park,CC27,WEEKENDS/HOLIDAY,18,100.55555555555556,82.22222222222223
Labrador Park,CC27,WEEKENDS/HOLIDAY,19,103.22222222222223,68.0
Labrador Park,CC27,WEEKENDS/HOLIDAY,20,88.66666666666667,41.111111111111114
Labrador Park,CC27,WEEKENDS/HOLIDAY,21,79.77777777777777,30.22222222222222
Labrador Park,CC27,WEEKENDS/HOLIDAY,22,74.55555555555556,22.0
Labrador Park,CC27,WEEKENDS/HOLIDAY,23,9.88888888888889,6.111111111111111
Lakeside,EW26,WEEKDAY,0,21.227272727272727,245.72727272727272
Lakeside,EW26,WEEKDAY,5,826.9090909090909,99.54545454545455
Lakeside,EW26,WEEKDAY,6,2763.0,1175.6363636363637
Lakeside,EW26,WEEKDAY,7,5438.136363636364,2137.3636363636365
Lakeside,EW26,WEEKDAY,8,4733.045454545455,1572.9545454545455
Lakeside,EW26,WEEKDAY,9,2312.590909090909,699.3636363636364
Lakeside,EW26,WEEKDAY,10,1585.4545454545455,513.8181818181819
Lakeside,EW26,WEEKDAY,11,1431.3636363636363,529.0
Lakeside,EW26,WEEKDAY,12,1391.3636363636363,715.0909090909091
Lakeside,EW26,WEEKDAY,13,1219.9545454545455,856.0454545454545
Lakeside,EW26,WEEKDAY,14,976.9545454545455,897.9090909090909
Lakeside,EW26,WEEKDAY,15,972.5454545454545,1038.7272727272727
Lakeside,EW26,WEEKDAY,16,1193.4545454545455,1385.7727272727273
Lakeside,EW26,WEEKDAY,17,2366.0454545454545,2555.818181818182
Lakeside,EW26,WEEKDAY,18,2416.7272727272725,4030.5454545454545
Lakeside,EW26,WEEKDAY,19,1354.5,3240.590909090909
Lakeside,EW26,WEEKDAY,20,913.7727272727273,2375.409090909091
Lakeside,EW26,WEEKDAY,21,564.5909090909091,2089.909090909091
Lakeside,EW26,WEEKDAY,22,391.6363636363636,1773.7272727272727
Lakeside,EW26,WEEKDAY,23,140.95454545454547,976.2272727272727
Lakeside,EW26,WEEKENDS/HOLIDAY,0,2.7777777777777777,242.77777777777777
Lakeside,EW26,WEEKENDS/HOLIDAY,5,348.8888888888889,26.77777777777778
Lakeside,EW26,WEEKENDS/HOLIDAY,6,1310.5555555555557,541.7777777777778
Lakeside,EW26,WEEKENDS/HOLIDAY,7,1769.7777777777778,884.8888888888889
Lakeside,EW26,WEEKENDS/HOLIDAY,8,1848.0,774.6666666666666
Lakeside,EW26,WEEKENDS/HOLIDAY,9,1946.7777777777778,709.1111111111111
Lakeside,EW26,WEEKENDS/HOLIDAY,10,2009.3333333333333,643.3333333333334
Lakeside,EW26,WEEKENDS/HOLIDAY,11,1917.4444444444443,705.2222222222222
Lakeside,EW26,WEEKENDS/HOLIDAY,12,1831.5555555555557,869.4444444444445
Lakeside,EW26,WEEKENDS/HOLIDAY,13,1618.2222222222222,1067.5555555555557
Lakeside,EW26,WEEKENDS/HOLIDAY,14,1320.888888888889,1151.0
Lakeside,EW26,WEEKENDS/HOLIDAY,15,1290.6666666666667,1237.111111111111
Lakeside,EW26,WEEKENDS/HOLIDAY,16,1417.888888888889,1426.111111111111
Lakeside,EW26,WEEKENDS/HOLIDAY,17,1771.3333333333333,1795.6666666666667
Lakeside,EW26,WEEKENDS/HOLIDAY,18,1535.4444444444443,1914.2222222222222
Lakeside,EW26,WEEKENDS/HOLIDAY,19,1217.4444444444443,1912.4444444444443
Lakeside,EW26,WEEKENDS/HOLIDAY,20,823.7777777777778,1914.6666666666667
Lakeside,EW26,WEEKENDS/HOLIDAY,21,618.7777777777778,1938.2222222222222
Lakeside,EW26,WEEKENDS/HOLIDAY,22,448.8888888888889,1798.111111111111
Lakeside,EW26,WEEKENDS/HOLIDAY,23,142.11111111111111,1101.7777777777778
Lavender,EW11,WEEKDAY,0,24.0,109.5
Lavender,EW11,WEEKDAY,5,114.9090909090909,20.045454545454547
Lavender,EW11,WEEKDAY,6,632.9545454545455,308.90909090909093
Lavender,EW11,WEEKDAY,7,845.8636363636364,1020.6363636363636
Lavender,EW11,WEEKDAY,8,1036.5,1816.7272727272727
Lavender,EW11,WEEKDAY,9,923.5454545454545,1369.6818181818182
Lavender,EW11,WEEKDAY,10,840.9090909090909,809.4545454545455
Lavender,EW11,WEEKDAY,11,856.1818181818181,701.5909090909091
Lavender,EW11,WEEKDAY,12,868.1363636363636,765.1363636363636
Lavender,EW11,WEEKDAY,13,786.4090909090909,887.0909090909091
Lavender,EW11,WEEKDAY,14,726.9545454545455,810.7727272727273
Lavender,EW11,WEEKDAY,15,737.8181818181819,792.7272727272727
Lavender,EW11,WEEKDAY,16,825.4545454545455,766.1363636363636
Lavender,EW11,WEEKDAY,17,1626.0,1058.5454545454545
Lavender,EW11,WEEKDAY,18,1959.8181818181818,1692.090909090909
Lavender,EW11,WEEKDAY,19,1147.2727272727273,1224.5454545454545
Lavender,EW11,WEEKDAY,20,722.0909090909091,899.6363636363636
Lavender,EW11,WEEKDAY,21,678.8181818181819,915.2727272727273
Lavender,EW11,WEEKDAY,22,570.7727272727273,681.4545454545455
Lavender,EW11,WEEKDAY,23,241.45454545454547,313.0
Lavender,EW11,WEEKENDS/HOLIDAY,0,6.555555555555555,27.333333333333332
Lavender,EW11,WEEKENDS/HOLIDAY,5,47.44444444444444,4.333333333333333
Lavender,EW11,WEEKENDS/HOLIDAY,6,401.6666666666667,190.77777777777777
Lavender,EW11,WEEKENDS/HOLIDAY,7,527.3333333333334,419.8888888888889
Lavender,EW11,WEEKENDS/HOLIDAY,8,561.7777777777778,640.7777777777778
Lavender,EW11,WEEKENDS/HOLIDAY,9,742.7777777777778,785.7777777777778
Lavender,EW11,WEEKENDS/HOLIDAY,10,885.7777777777778,861.0
Lavender,EW11,WEEKENDS/HOLIDAY,11,904.6666666666666,882.2222222222222
Lavender,EW11,WEEKENDS/HOLIDAY,12,918.4444444444445,998.4444444444445
Lavender,EW11,WEEKENDS/HOLIDAY,13,874.2222222222222,1054.5555555555557
Lavender,EW11,WEEKENDS/HOLIDAY,14,888.3333333333334,1033.7777777777778
Lavender,EW11,WEEKENDS/HOLIDAY,15,898.8888888888889,1033.2222222222222
Lavender,EW11,WEEKENDS/HOLIDAY,16,935.0,931.3333333333334
Lavender,EW11,WEEKENDS/HOLIDAY,17,1162.5555555555557,1038.0
Lavender,EW11,WEEKENDS/HOLIDAY,18,1131.3333333333333,1060.111111111111
Lavender,EW11,WEEKENDS/HOLIDAY,19,941.5555555555555,924.0
Lavender,EW11,WEEKENDS/HOLIDAY,20,737.5555555555555,832.6666666666666
Lavender,EW11,WEEKENDS/HOLIDAY,21,661.4444444444445,895.1111111111111
Lavender,EW11,WEEKENDS/HOLIDAY,22,477.55555555555554,715.3333333333334
Lavender,EW11,WEEKENDS/HOLIDAY,23,230.88888888888889,344.8888888888889
Lentor,TE5,WEEKDAY,0,3.6818181818181817,38.95454545454545
Lentor,TE5,WEEKDAY,5,36.95454545454545,4.090909090909091
Lentor,TE5,WEEKDAY,6,208.1818181818182,108.4090909090909
Lentor,TE5,WEEKDAY,7,580.4090909090909,544.2727272727273
Lentor,TE5,WEEKDAY,8,756.5909090909091,393.8636363636364
Lentor,TE5,WEEKDAY,9,388.1818181818182,191.22727272727272
Lentor,TE5,WEEKDAY,10,254.77272727272728,104.81818181818181
Lentor,TE5,WEEKDAY,11,265.3181818181818,101.54545454545455
Lentor,TE5,WEEKDAY,12,248.8181818181818,148.72727272727272
Lentor,TE5,WEEKDAY,13,191.4090909090909,191.1818181818182
Lentor,TE5,WEEKDAY,14,163.77272727272728,185.5909090909091
Lentor,TE5,WEEKDAY,15,162.77272727272728,192.54545454545453
Lentor,TE5,WEEKDAY,16,203.77272727272728,236.13636363636363
Lentor,TE5,WEEKDAY,17,426.3181818181818,394.04545454545456
Lentor,TE5,WEEKDAY,18,595.0454545454545,644.3181818181819
Lentor,TE5,WEEKDAY,19,353.40909090909093,491.1818181818182
Lentor,TE5,WEEKDAY,20,200.04545454545453,344.22727272727275
Lentor,TE5,WEEKDAY,21,137.45454545454547,329.8181818181818
Lentor,TE5,WEEKDAY,22,90.63636363636364,312.27272727272725
Lentor,TE5,WEEKDAY,23,27.818181818181817,161.0909090909091
Lentor,TE5,WEEKENDS/HOLIDAY,0,2.6666666666666665,33.77777777777778
Lentor,TE5,WEEKENDS/HOLIDAY,5,20.88888888888889,1.2222222222222223
Lentor,TE5,WEEKENDS/HOLIDAY,6,102.22222222222223,54.666666666666664
Lentor,TE5,WEEKENDS/HOLIDAY,7,185.33333333333334,274.55555555555554
Lentor,TE5,WEEKENDS/HOLIDAY,8,276.6666666666667,176.55555555555554
Lentor,TE5,WEEKENDS/HOLIDAY,9,330.0,135.33333333333334
Lentor,TE5,WEEKENDS/HOLIDAY,10,311.22222222222223,119.88888888888889
Lentor,TE5,WEEKENDS/HOLIDAY,11,312.44444444444446,143.55555555555554
Lentor,TE5,WEEKENDS/HOLIDAY,12,311.8888888888889,182.0
Lentor,TE5,WEEKENDS/HOLIDAY,13,257.0,195.77777777777777
Lentor,TE5,WEEKENDS/HOLIDAY,14,220.55555555555554,201.44444444444446
Lentor,TE5,WEEKENDS/HOLIDAY,15,225.66666666666666,221.88888888888889
Lentor,TE5,WEEKENDS/HOLIDAY,16,271.77777777777777,233.11111111111111
Lentor,TE5,WEEKENDS/HOLIDAY,17,310.6666666666667,288.77777777777777
Lentor,TE5,WEEKENDS/HOLIDAY,18,320.1111111111111,346.44444444444446
Lentor,TE5,WEEKENDS/HOLIDAY,19,233.55555555555554,314.44444444444446
Lentor,TE5,WEEKENDS/HOLIDAY,20,138.33333333333334,292.3333333333333
Lentor,TE5,WEEKENDS/HOLIDAY,21,116.55555555555556,300.44444444444446
Lentor,TE5,WEEKENDS/HOLIDAY,22,78.0,289.6666666666667
Lentor,TE5,WEEKENDS/HOLIDAY,23,29.666666666666668,172.66666666666666
Little India,NE7/DT12,WEEKDAY,0,29.136363636363637,84.63636363636364
Little India,NE7/DT12,WEEKDAY,5,63.81818181818182,13.045454545454545
Little India,NE7/DT12,WEEKDAY,6,660.5454545454545,630.6818181818181
Little India,NE7/DT12,WEEKDAY,7,1152.6363636363637,1469.7272727272727
Little India,NE7/DT12,WEEKDAY,8,1114.1818181818182,2615.590909090909
Little India,NE7/DT12,WEEKDAY,9,863.2272727272727,1758.1363636363637
Little India,NE7/DT12,WEEKDAY,10,868.8636363636364,1448.0454545454545
Little India,NE7/DT12,WEEKDAY,11,1264.7727272727273,1512.409090909091
Little India,NE7/DT12,WEEKDAY,12,1862.4545454545455,1653.3181818181818
Little India,NE7/DT12,WEEKDAY,13,1434.5454545454545,1843.409090909091
Little India,NE7/DT12,WEEKDAY,14,1210.9545454545455,1395.409090909091
Little India,NE7/DT12,WEEKDAY,15,1236.5,1168.5
Little India,NE7/DT12,WEEKDAY,16,1375.7272727272727,1176.8181818181818
Little India,NE7/DT12,WEEKDAY,17,2178.5454545454545,1627.909090909091
Little India,NE7/DT12,WEEKDAY,18,2792.7727272727275,2410.590909090909
Little India,NE7/DT12,WEEKDAY,19,1857.590909090909,2117.909090909091
Little India,NE7/DT12,WEEKDAY,20,1600.4545454545455,1358.090909090909
Little India,NE7/DT12,WEEKDAY,21,1458.1818181818182,931.0
Little India,NE7/DT12,WEEKDAY,22,910.4090909090909,592.7272727272727
Little India,NE7/DT12,WEEKDAY,23,327.3636363636364,279.45454545454544
Little India,NE7/DT12,WEEKENDS/HOLIDAY,0,15.222222222222221,42.77777777777778
Little India,NE7/DT12,WEEKENDS/HOLIDAY,5,25.88888888888889,5.333333333333333
Little India,NE7/DT12,WEEKENDS/HOLIDAY,6,464.22222222222223,434.6666666666667
Little India,NE7/DT12,WEEKENDS/HOLIDAY,7,732.5555555555555,791.3333333333334
Little India,NE7/DT12,WEEKENDS/HOLIDAY,8,697.5555555555555,1293.888888888889
Little India,NE7/DT12,WEEKENDS/HOLIDAY,9,857.8888888888889,2013.2222222222222
Little India,NE7/DT12,WEEKENDS/HOLIDAY,10,1172.5555555555557,2615.777777777778
Little India,NE7/DT12,WEEKENDS/HOLIDAY,11,1614.4444444444443,2793.6666666666665
Little India,NE7/DT12,WEEKENDS/HOLIDAY,12,1961.0,2710.8888888888887
Little India,NE7/DT12,WEEKENDS/HOLIDAY,13,1991.5555555555557,2382.777777777778
Little India,NE7/DT12,WEEKENDS/HOLIDAY,14,2034.0,2086.6666666666665
Little India,NE7/DT12,WEEKENDS/HOLIDAY,15,2025.0,1982.7777777777778
Little India,NE7/DT12,WEEKENDS/HOLIDAY,16,2094.5555555555557,2159.4444444444443
Little India,NE7/DT12,WEEKENDS/HOLIDAY,17,2383.3333333333335,2575.0
Little India,NE7/DT12,WEEKENDS/HOLIDAY,18,2670.777777777778,2699.4444444444443
Little India,NE7/DT12,WEEKENDS/HOLIDAY,19,2667.0,2306.8888888888887
Little India,NE7/DT12,WEEKENDS/HOLIDAY,20,2444.0,1537.3333333333333
Little India,NE7/DT12,WEEKENDS/HOLIDAY,21,2222.222222222222,1006.2222222222222
Little India,NE7/DT12,WEEKENDS/HOLIDAY,22,1400.111111111111,623.8888888888889
Little India,NE7/DT12,WEEKENDS/HOLIDAY,23,425.8888888888889,300.55555555555554
Lorong Chuan,CC14,WEEKDAY,0,3.3181818181818183,17.40909090909091
Lorong Chuan,CC14,WEEKDAY,5,28.0,7.636363636363637
Lorong Chuan,CC14,WEEKDAY,6,145.8181818181818,142.4090909090909
Lorong Chuan,CC14,WEEKDAY,7,496.1363636363636,459.8636363636364
Lorong Chuan,CC14,WEEKDAY,8,811.9090909090909,677.6363636363636
Lorong Chuan,CC14,WEEKDAY,9,466.04545454545456,338.09090909090907
Lorong Chuan,CC14,WEEKDAY,10,289.95454545454544,147.0
Lorong Chuan,CC14,WEEKDAY,11,325.77272727272725,135.9090909090909
Lorong Chuan,CC14,WEEKDAY,12,329.1818181818182,197.0
Lorong Chuan,CC14,WEEKDAY,13,253.13636363636363,293.6818181818182
Lorong Chuan,CC14,WEEKDAY,14,204.0,261.1363636363636
Lorong Chuan,CC14,WEEKDAY,15,317.09090909090907,242.27272727272728
Lorong Chuan,CC14,WEEKDAY,16,387.40909090909093,287.1818181818182
Lorong Chuan,CC14,WEEKDAY,17,553.5909090909091,409.1363636363636
Lorong Chuan,CC14,WEEKDAY,18,646.8181818181819,641.1818181818181
Lorong Chuan,CC14,WEEKDAY,19,319.27272727272725,517.8636363636364
Lorong Chuan,CC14,WEEKDAY,20,154.0909090909091,309.09090909090907
Lorong Chuan,CC14,WEEKDAY,21,137.86363636363637,280.0
Lorong Chuan,CC14,WEEKDAY,22,115.77272727272727,235.4090909090909
Lorong Chuan,CC14,WEEKDAY,23,27.818181818181817,97.77272727272727
Lorong Chuan,CC14,WEEKENDS/HOLIDAY,0,0.5555555555555556,8.11111111111111
Lorong Chuan,CC14,WEEKENDS/HOLIDAY,5,4.222222222222222,1.1111111111111112
Lorong Chuan,CC14,WEEKENDS/HOLIDAY,6,19.666666666666668,15.333333333333334
Lorong Chuan,CC14,WEEKENDS/HOLIDAY,7,37.888888888888886,36.55555555555556
Lorong Chuan,CC14,WEEKENDS/HOLIDAY,8,133.55555555555554,77.77777777777777
Lorong Chuan,CC14,WEEKENDS/HOLIDAY,9,307.0,197.11111111111111
Lorong Chuan,CC14,WEEKENDS/HOLIDAY,10,327.3333333333333,248.55555555555554
Lorong Chuan,CC14,WEEKENDS/HOLIDAY,11,340.77777777777777,249.55555555555554
Lorong Chuan,CC14,WEEKENDS/HOLIDAY,12,331.44444444444446,276.6666666666667
Lorong Chuan,CC14,WEEKENDS/HOLIDAY,13,339.6666666666667,269.22222222222223
Lorong Chuan,CC14,WEEKENDS/HOLIDAY,14,286.0,271.1111111111111
Lorong Chuan,CC14,WEEKENDS/HOLIDAY,15,260.0,246.66666666666666
Lorong Chuan,CC14,WEEKENDS/HOLIDAY,16,327.0,267.77777777777777
Lorong Chuan,CC14,WEEKENDS/HOLIDAY,17,376.44444444444446,284.77777777777777
Lorong Chuan,CC14,WEEKENDS/HOLIDAY,18,298.1111111111111,314.55555555555554
Lorong Chuan,CC14,WEEKENDS/HOLIDAY,19,195.77777777777777,292.77777777777777
Lorong Chuan,CC14,WEEKENDS/HOLIDAY,20,141.33333333333334,255.55555555555554
Lorong Chuan,CC14,WEEKENDS/HOLIDAY,21,110.33333333333333,248.44444444444446
Lorong Chuan,CC14,WEEKENDS/HOLIDAY,22,95.0,206.11111111111111
Lorong Chuan,CC14,WEEKENDS/HOLIDAY,23,24.77777777777778,82.33333333333333
MacPherson,CC10/DT26,WEEKDAY,0,17.818181818181817,83.95454545454545
MacPherson,CC10/DT26,WEEKDAY,5,175.3181818181818,21.772727272727273
MacPherson,CC10/DT26,WEEKDAY,6,711.6363636363636,351.1818181818182
MacPherson,CC10/DT26,WEEKDAY,7,1297.0,1117.8636363636363
MacPherson,CC10/DT26,WEEKDAY,8,1577.590909090909,2598.0454545454545
MacPherson,CC10/DT26,WEEKDAY,9,974.5,1418.3181818181818
MacPherson,CC10/DT26,WEEKDAY,10,715.5909090909091,620.2272727272727
MacPherson,CC10/DT26,WEEKDAY,11,766.4545454545455,484.04545454545456
MacPherson,CC10/DT26,WEEKDAY,12,847.2272727272727,577.7727272727273
MacPherson,CC10/DT26,WEEKDAY,13,739.0454545454545,730.0
MacPherson,CC10/DT26,WEEKDAY,14,618.0,609.2272727272727
MacPherson,CC10/DT26,WEEKDAY,15,661.6818181818181,606.9545454545455
MacPherson,CC10/DT26,WEEKDAY,16,858.7272727272727,660.2272727272727
MacPherson,CC10/DT26,WEEKDAY,17,1905.7727272727273,973.4545454545455
MacPherson,CC10/DT26,WEEKDAY,18,2733.6363636363635,1577.090909090909
MacPherson,CC10/DT26,WEEKDAY,19,1114.909090909091,1167.590909090909
MacPherson,CC10/DT26,WEEKDAY,20,610.3636363636364,841.4545454545455
MacPherson,CC10/DT26,WEEKDAY,21,465.6363636363636,855.6818181818181
MacPherson,CC10/DT26,WEEKDAY,22,330.0,767.6818181818181
MacPherson,CC10/DT26,WEEKDAY,23,116.86363636363636,376.72727272727275
MacPherson,CC10/DT26,WEEKENDS/HOLIDAY,0,9.555555555555555,62.666666666666664
MacPherson,CC10/DT26,WEEKENDS/HOLIDAY,5,45.22222222222222,15.11111111111111
MacPherson,CC10/DT26,WEEKENDS/HOLIDAY,6,393.3333333333333,277.0
MacPherson,CC10/DT26,WEEKENDS/HOLIDAY,7,616.1111111111111,529.0
MacPherson,CC10/DT26,WEEKENDS/HOLIDAY,8,748.8888888888889,615.7777777777778
MacPherson,CC10/DT26,WEEKENDS/HOLIDAY,9,848.1111111111111,726.8888888888889
MacPherson,CC10/DT26,WEEKENDS/HOLIDAY,10,864.0,665.5555555555555
MacPherson,CC10/DT26,WEEKENDS/HOLIDAY,11,959.4444444444445,598.3333333333334
MacPherson,CC10/DT26,WEEKENDS/HOLIDAY,12,996.3333333333334,703.8888888888889
MacPherson,CC10/DT26,WEEKENDS/HOLIDAY,13,983.6666666666666,808.2222222222222
MacPherson,CC10/DT26,WEEKENDS/HOLIDAY,14,845.0,768.8888888888889
MacPherson,CC10/DT26,WEEKENDS/HOLIDAY,15,854.6666666666666,793.6666666666666
MacPherson,CC10/DT26,WEEKENDS/HOLIDAY,16,891.5555555555555,791.8888888888889
MacPherson,CC10/DT26,WEEKENDS/HOLIDAY,17,1054.0,821.4444444444445
MacPherson,CC10/DT26,WEEKENDS/HOLIDAY,18,968.0,810.8888888888889
MacPherson,CC10/DT26,WEEKENDS/HOLIDAY,19,651.6666666666666,763.0
MacPherson,CC10/DT26,WEEKENDS/HOLIDAY,20,477.0,797.8888888888889
MacPherson,CC10/DT26,WEEKENDS/HOLIDAY,21,376.0,874.2222222222222
MacPherson,CC10/DT26,WEEKENDS/HOLIDAY,22,260.22222222222223,816.4444444444445
MacPherson,CC10/DT26,WEEKENDS/HOLIDAY,23,103.88888888888889,417.1111111111111
Marina Bay,NS27/CE2/TE20,WEEKDAY,0,366.3636363636364,39.90909090909091
Marina Bay,NS27/CE2/TE20,WEEKDAY,5,27.318181818181817,11.045454545454545
Marina Bay,NS27/CE2/TE20,WEEKDAY,6,39.68181818181818,153.9090909090909
Marina Bay,NS27/CE2/TE20,WEEKDAY,7,49.54545454545455,303.6363636363636
Marina Bay,NS27/CE2/TE20,WEEKDAY,8,76.0909090909091,982.0909090909091
Marina Bay,NS27/CE2/TE20,WEEKDAY,9,60.68181818181818,934.4090909090909
Marina Bay,NS27/CE2/TE20,WEEKDAY,10,82.77272727272727,314.45454545454544
Marina Bay,NS27/CE2/TE20,WEEKDAY,11,227.36363636363637,213.27272727272728
Marina Bay,NS27/CE2/TE20,WEEKDAY,12,301.3636363636364,218.6818181818182
Marina Bay,NS27/CE2/TE20,WEEKDAY,13,202.6818181818182,360.3636363636364
Marina Bay,NS27/CE2/TE20,WEEKDAY,14,185.95454545454547,251.8181818181818
Marina Bay,NS27/CE2/TE20,WEEKDAY,15,224.45454545454547,194.6818181818182
Marina Bay,NS27/CE2/TE20,WEEKDAY,16,329.95454545454544,197.5909090909091
Marina Bay,NS27/CE2/TE20,WEEKDAY,17,674.9090909090909,217.3181818181818
Marina Bay,NS27/CE2/TE20,WEEKDAY,18,1417.9545454545455,268.8636363636364
Marina Bay,NS27/CE2/TE20,WEEKDAY,19,669.8636363636364,240.22727272727272
Marina Bay,NS27/CE2/TE20,WEEKDAY,20,333.77272727272725,252.04545454545453
Marina Bay,NS27/CE2/TE20,WEEKDAY,21,225.5,259.8181818181818
Marina Bay,NS27/CE2/TE20,WEEKDAY,22,167.77272727272728,250.77272727272728
Marina Bay,NS27/CE2/TE20,WEEKDAY,23,76.13636363636364,222.77272727272728
Marina Bay,NS27/CE2/TE20,WEEKENDS/HOLIDAY,0,1.8888888888888888,7.777777777777778
Marina Bay,NS27/CE2/TE20,WEEKENDS/HOLIDAY,5,13.0,1.2222222222222223
Marina Bay,NS27/CE2/TE20,WEEKENDS/HOLIDAY,6,39.22222222222222,43.333333333333336
Marina Bay,NS27/CE2/TE20,WEEKENDS/HOLIDAY,7,44.888888888888886,99.66666666666667
Marina Bay,NS27/CE2/TE20,WEEKENDS/HOLIDAY,8,49.22222222222222,109.77777777777777
Marina Bay,NS27/CE2/TE20,WEEKENDS/HOLIDAY,9,81.88888888888889,138.11111111111111
Marina Bay,NS27/CE2/TE20,WEEKENDS/HOLIDAY,10,134.11111111111111,207.44444444444446
Marina Bay,NS27/CE2/TE20,WEEKENDS/HOLIDAY,11,166.44444444444446,239.77777777777777
Marina Bay,NS27/CE2/TE20,WEEKENDS/HOLIDAY,12,186.88888888888889,258.44444444444446
Marina Bay,NS27/CE2/TE20,WEEKENDS/HOLIDAY,13,208.0,326.77777777777777
Marina Bay,NS27/CE2/TE20,WEEKENDS/HOLIDAY,14,223.0,356.55555555555554
Marina Bay,NS27/CE2/TE20,WEEKENDS/HOLIDAY,15,248.55555555555554,369.3333333333333
Marina Bay,NS27/CE2/TE20,WEEKENDS/HOLIDAY,16,283.0,402.77777777777777
Marina Bay,NS27/CE2/TE20,WEEKENDS/HOLIDAY,17,277.1111111111111,424.55555555555554
Marina Bay,NS27/CE2/TE20,WEEKENDS/HOLIDAY,18,278.22222222222223,418.3333333333333
Marina Bay,NS27/CE2/TE20,WEEKENDS/HOLIDAY,19,255.0,358.55555555555554
Marina Bay,NS27/CE2/TE20,WEEKENDS/HOLIDAY,20,211.55555555555554,254.44444444444446
Marina Bay,NS27/CE2/TE20,WEEKENDS/HOLIDAY,21,182.11111111111111,164.33333333333334
Marina Bay,NS27/CE2/TE20,WEEKENDS/HOLIDAY,22,117.66666666666667,86.22222222222223
Marina Bay,NS27/CE2/TE20,WEEKENDS/HOLIDAY,23,46.666666666666664,55.22222222222222
Marina South Pier,NS28,WEEKDAY,0,12.454545454545455,9.909090909090908
Marina South Pier,NS28,WEEKDAY,5,2.272727272727273,0.09090909090909091
Marina South Pier,NS28,WEEKDAY,6,14.363636363636363,86.31818181818181
Marina South Pier,NS28,WEEKDAY,7,76.68181818181819,143.95454545454547
Marina South Pier,NS28,WEEKDAY,8,176.9090909090909,216.6818181818182
Marina South Pier,NS28,WEEKDAY,9,236.45454545454547,141.22727272727272
Marina South Pier,NS28,WEEKDAY,10,109.27272727272727,144.36363636363637
Marina South Pier,NS28,WEEKDAY,11,84.72727272727273,131.1818181818182
Marina South Pier,NS28,WEEKDAY,12,102.27272727272727,141.36363636363637
Marina South Pier,NS28,WEEKDAY,13,111.9090909090909,129.86363636363637
Marina South Pier,NS28,WEEKDAY,14,104.5,127.45454545454545
Marina South Pier,NS28,WEEKDAY,15,161.4090909090909,116.45454545454545
Marina South Pier,NS28,WEEKDAY,16,222.5,147.5
Marina South Pier,NS28,WEEKDAY,17,186.45454545454547,119.13636363636364
Marina South Pier,NS28,WEEKDAY,18,183.0,87.13636363636364
Marina South Pier,NS28,WEEKDAY,19,140.63636363636363,71.13636363636364
Marina South Pier,NS28,WEEKDAY,20,54.36363636363637,64.36363636363636
Marina South Pier,NS28,WEEKDAY,21,36.63636363636363,47.04545454545455
Marina South Pier,NS28,WEEKDAY,22,43.81818181818182,37.68181818181818
Marina South Pier,NS28,WEEKDAY,23,26.181818181818183,22.772727272727273
Marina South Pier,NS28,WEEKENDS/HOLIDAY,0,0.4444444444444444,0.3333333333333333
Marina South Pier,NS28,WEEKENDS/HOLIDAY,5,2.5555555555555554,0.1111111111111111
Marina South Pier,NS28,WEEKENDS/HOLIDAY,6,16.666666666666668,64.22222222222223
Marina South Pier,NS28,WEEKENDS/HOLIDAY,7,41.44444444444444,106.11111111111111
Marina South Pier,NS28,WEEKENDS/HOLIDAY,8,121.55555555555556,202.22222222222223
Marina South Pier,NS28,WEEKENDS/HOLIDAY,9,202.66666666666666,210.0
Marina South Pier,NS28,WEEKENDS/HOLIDAY,10,141.88888888888889,305.6666666666667
Marina South Pier,NS28,WEEKENDS/HOLIDAY,11,130.22222222222223,317.3333333333333
Marina South Pier,NS28,WEEKENDS/HOLIDAY,12,130.44444444444446,310.77777777777777
Marina South Pier,NS28,WEEKENDS/HOLIDAY,13,183.0,323.8888888888889
Marina South Pier,NS28,WEEKENDS/HOLIDAY,14,423.0,331.6666666666667
Marina South Pier,NS28,WEEKENDS/HOLIDAY,15,588.2222222222222,302.55555555555554
Marina South Pier,NS28,WEEKENDS/HOLIDAY,16,396.77777777777777,272.8888888888889
Marina South Pier,NS28,WEEKENDS/HOLIDAY,17,299.22222222222223,206.55555555555554
Marina South Pier,NS28,WEEKENDS/HOLIDAY,18,425.8888888888889,136.66666666666666
Marina South Pier,NS28,WEEKENDS/HOLIDAY,19,251.55555555555554,77.0
Marina South Pier,NS28,WEEKENDS/HOLIDAY,20,130.88888888888889,60.0
Marina South Pier,NS28,WEEKENDS/HOLIDAY,21,66.0,49.55555555555556
Marina South Pier,NS28,WEEKENDS/HOLIDAY,22,40.333333333333336,21.666666666666668
Marina South Pier,NS28,WEEKENDS/HOLIDAY,23,14.666666666666666,12.88888888888889
Marine Parade,TE26,WEEKDAY,0,15.318181818181818,64.45454545454545
Marine Parade,TE26,WEEKDAY,5,25.454545454545453,1.8181818181818181
Marine Parade,TE26,WEEKDAY,6,111.9090909090909,91.45454545454545
Marine Parade,TE26,WEEKDAY,7,335.0,238.95454545454547
Marine Parade,TE26,WEEKDAY,8,637.8181818181819,525.6818181818181
Marine Parade,TE26,WEEKDAY,9,501.04545454545456,605.5454545454545
Marine Parade,TE26,WEEKDAY,10,437.77272727272725,578.8636363636364
Marine Parade,TE26,WEEKDAY,11,500.1363636363636,614.7272727272727
Marine Parade,TE26,WEEKDAY,12,604.0,656.9090909090909
Marine Parade,TE26,WEEKDAY,13,658.2272727272727,600.0454545454545
Marine Parade,TE26,WEEKDAY,14,624.4090909090909,592.9545454545455
Marine Parade,TE26,WEEKDAY,15,594.1363636363636,558.1818181818181
Marine Parade,TE26,WEEKDAY,16,628.6818181818181,633.7272727272727
Marine Parade,TE26,WEEKDAY,17,809.4545454545455,760.6818181818181
Marine Parade,TE26,WEEKDAY,18,910.7727272727273,1083.4545454545455
Marine Parade,TE26,WEEKDAY,19,720.0,824.4090909090909
Marine Parade,TE26,WEEKDAY,20,615.6818181818181,437.6363636363636
Marine Parade,TE26,WEEKDAY,21,568.6363636363636,333.59090909090907
Marine Parade,TE26,WEEKDAY,22,322.8636363636364,275.09090909090907
Marine Parade,TE26,WEEKDAY,23,117.0909090909091,142.22727272727272
Marine Parade,TE26,WEEKENDS/HOLIDAY,0,7.444444444444445,30.444444444444443
Marine Parade,TE26,WEEKENDS/HOLIDAY,5,10.11111111111111,0.1111111111111111
Marine Parade,TE26,WEEKENDS/HOLIDAY,6,80.11111111111111,59.55555555555556
Marine Parade,TE26,WEEKENDS/HOLIDAY,7,158.33333333333334,175.11111111111111
Marine Parade,TE26,WEEKENDS/HOLIDAY,8,226.0,448.55555555555554
Marine Parade,TE26,WEEKENDS/HOLIDAY,9,376.8888888888889,696.3333333333334
Marine Parade,TE26,WEEKENDS/HOLIDAY,10,518.2222222222222,806.7777777777778
Marine Parade,TE26,WEEKENDS/HOLIDAY,11,624.0,819.1111111111111
Marine Parade,TE26,WEEKENDS/HOLIDAY,12,776.8888888888889,779.7777777777778
Marine Parade,TE26,WEEKENDS/HOLIDAY,13,799.6666666666666,739.6666666666666
Marine Parade,TE26,WEEKENDS/HOLIDAY,14,763.3333333333334,678.6666666666666
Marine Parade,TE26,WEEKENDS/HOLIDAY,15,799.7777777777778,663.2222222222222
Marine Parade,TE26,WEEKENDS/HOLIDAY,16,863.1111111111111,785.5555555555555
Marine Parade,TE26,WEEKENDS/HOLIDAY,17,863.2222222222222,740.0
Marine Parade,TE26,WEEKENDS/HOLIDAY,18,905.0,704.5555555555555
Marine Parade,TE26,WEEKENDS/HOLIDAY,19,841.4444444444445,607.4444444444445
Marine Parade,TE26,WEEKENDS/HOLIDAY,20,751.5555555555555,408.1111111111111
Marine Parade,TE26,WEEKENDS/HOLIDAY,21,669.7777777777778,314.22222222222223
Marine Parade,TE26,WEEKENDS/HOLIDAY,22,376.22222222222223,265.44444444444446
Marine Parade,TE26,WEEKENDS/HOLIDAY,23,131.22222222222223,132.55555555555554
Marine Terrace,TE27,WEEKDAY,0,6.318181818181818,53.04545454545455
Marine Terrace,TE27,WEEKDAY,5,42.18181818181818,0.36363636363636365
Marine Terrace,TE27,WEEKDAY,6,211.4090909090909,39.18181818181818
Marine Terrace,TE27,WEEKDAY,7,512.0454545454545,98.54545454545455
Marine Terrace,TE27,WEEKDAY,8,710.5454545454545,172.8181818181818
Marine Terrace,TE27,WEEKDAY,9,506.3181818181818,152.63636363636363
Marine Terrace,TE27,WEEKDAY,10,334.40909090909093,144.77272727272728
Marine Terrace,TE27,WEEKDAY,11,314.72727272727275,163.27272727272728
Marine Terrace,TE27,WEEKDAY,12,308.45454545454544,215.0
Marine Terrace,TE27,WEEKDAY,13,256.22727272727275,257.0
Marine Terrace,TE27,WEEKDAY,14,218.9090909090909,259.22727272727275
Marine Terrace,TE27,WEEKDAY,15,185.0909090909091,264.6818181818182
Marine Terrace,TE27,WEEKDAY,16,226.36363636363637,324.77272727272725
Marine Terrace,TE27,WEEKDAY,17,280.72727272727275,424.0
Marine Terrace,TE27,WEEKDAY,18,278.1363636363636,632.4090909090909
Marine Terrace,TE27,WEEKDAY,19,179.3181818181818,531.5909090909091
Marine Terrace,TE27,WEEKDAY,20,112.0,378.45454545454544
Marine Terrace,TE27,WEEKDAY,21,83.45454545454545,350.54545454545456
Marine Terrace,TE27,WEEKDAY,22,64.4090909090909,287.5
Marine Terrace,TE27,WEEKDAY,23,30.363636363636363,163.3181818181818
Marine Terrace,TE27,WEEKENDS/HOLIDAY,0,1.6666666666666667,33.888888888888886
Marine Terrace,TE27,WEEKENDS/HOLIDAY,5,15.777777777777779,0.1111111111111111
Marine Terrace,TE27,WEEKENDS/HOLIDAY,6,119.88888888888889,25.11111111111111
Marine Terrace,TE27,WEEKENDS/HOLIDAY,7,186.22222222222223,86.55555555555556
Marine Terrace,TE27,WEEKENDS/HOLIDAY,8,299.3333333333333,123.0
Marine Terrace,TE27,WEEKENDS/HOLIDAY,9,379.1111111111111,155.88888888888889
Marine Terrace,TE27,WEEKENDS/HOLIDAY,10,353.55555555555554,179.88888888888889
Marine Terrace,TE27,WEEKENDS/HOLIDAY,11,360.0,218.55555555555554
Marine Terrace,TE27,WEEKENDS/HOLIDAY,12,308.22222222222223,257.44444444444446
Marine Terrace,TE27,WEEKENDS/HOLIDAY,13,264.0,272.55555555555554
Marine Terrace,TE27,WEEKENDS/HOLIDAY,14,254.22222222222223,280.8888888888889
Marine Terrace,TE27,WEEKENDS/HOLIDAY,15,249.11111111111111,289.22222222222223
Marine Terrace,TE27,WEEKENDS/HOLIDAY,16,280.22222222222223,316.8888888888889
Marine Terrace,TE27,WEEKENDS/HOLIDAY,17,321.0,315.8888888888889
Marine Terrace,TE27,WEEKENDS/HOLIDAY,18,294.44444444444446,344.22222222222223
Marine Terrace,TE27,WEEKENDS/HOLIDAY,19,238.44444444444446,347.3333333333333
Marine Terrace,TE27,WEEKENDS/HOLIDAY,20,143.77777777777777,356.44444444444446
Marine Terrace,TE27,WEEKENDS/HOLIDAY,21,103.77777777777777,329.22222222222223
Marine Terrace,TE27,WEEKENDS/HOLIDAY,22,68.66666666666667,295.22222222222223
Marine Terrace,TE27,WEEKENDS/HOLIDAY,23,34.666666666666664,166.0
Marsiling,NS8,WEEKDAY,0,49.86363636363637,144.8181818181818
Marsiling,NS8,WEEKDAY,5,651.4545454545455,104.45454545454545
Marsiling,NS8,WEEKDAY,6,1940.0,458.22727272727275
Marsiling,NS8,WEEKDAY,7,3311.9545454545455,982.4545454545455
Marsiling,NS8,WEEKDAY,8,2454.909090909091,900.7727272727273
Marsiling,NS8,WEEKDAY,9,1542.3181818181818,615.4545454545455
Marsiling,NS8,WEEKDAY,10,1075.8636363636363,509.77272727272725
Marsiling,NS8,WEEKDAY,11,927.5909090909091,473.04545454545456
Marsiling,NS8,WEEKDAY,12,912.8636363636364,540.2727272727273
Marsiling,NS8,WEEKDAY,13,827.5909090909091,626.2272727272727
Marsiling,NS8,WEEKDAY,14,713.2727272727273,622.0454545454545
Marsiling,NS8,WEEKDAY,15,740.7727272727273,649.2272727272727
Marsiling,NS8,WEEKDAY,16,840.3636363636364,817.1363636363636
Marsiling,NS8,WEEKDAY,17,1385.3636363636363,1424.409090909091
Marsiling,NS8,WEEKDAY,18,1444.7272727272727,2367.090909090909
Marsiling,NS8,WEEKDAY,19,905.2727272727273,1704.0
Marsiling,NS8,WEEKDAY,20,599.0454545454545,1168.7727272727273
Marsiling,NS8,WEEKDAY,21,563.9545454545455,987.5
Marsiling,NS8,WEEKDAY,22,368.90909090909093,785.1363636363636
Marsiling,NS8,WEEKDAY,23,218.77272727272728,469.1818181818182
Marsiling,NS8,WEEKENDS/HOLIDAY,0,75.55555555555556,146.88888888888889
Marsiling,NS8,WEEKENDS/HOLIDAY,5,277.22222222222223,40.666666666666664
Marsiling,NS8,WEEKENDS/HOLIDAY,6,801.4444444444445,254.66666666666666
Marsiling,NS8,WEEKENDS/HOLIDAY,7,976.5555555555555,480.6666666666667
Marsiling,NS8,WEEKENDS/HOLIDAY,8,1114.4444444444443,615.5555555555555
Marsiling,NS8,WEEKENDS/HOLIDAY,9,1292.4444444444443,564.2222222222222
Marsiling,NS8,WEEKENDS/HOLIDAY,10,1051.4444444444443,567.5555555555555
Marsiling,NS8,WEEKENDS/HOLIDAY,11,1021.3333333333334,573.4444444444445
Marsiling,NS8,WEEKENDS/HOLIDAY,12,1024.5555555555557,617.3333333333334
Marsiling,NS8,WEEKENDS/HOLIDAY,13,940.0,665.3333333333334
Marsiling,NS8,WEEKENDS/HOLIDAY,14,831.1111111111111,646.0
Marsiling,NS8,WEEKENDS/HOLIDAY,15,806.8888888888889,721.5555555555555
Marsiling,NS8,WEEKENDS/HOLIDAY,16,872.7777777777778,746.1111111111111
Marsiling,NS8,WEEKENDS/HOLIDAY,17,946.4444444444445,910.0
Marsiling,NS8,WEEKENDS/HOLIDAY,18,928.3333333333334,928.3333333333334
Marsiling,NS8,WEEKENDS/HOLIDAY,19,742.5555555555555,852.4444444444445
Marsiling,NS8,WEEKENDS/HOLIDAY,20,580.5555555555555,859.1111111111111
Marsiling,NS8,WEEKENDS/HOLIDAY,21,607.5555555555555,837.8888888888889
Marsiling,NS8,WEEKENDS/HOLIDAY,22,433.77777777777777,745.0
Marsiling,NS8,WEEKENDS/HOLIDAY,23,304.3333333333333,501.22222222222223
Marymount,CC16,WEEKDAY,0,4.2272727272727275,16.045454545454547
Marymount,CC16,WEEKDAY,5,45.40909090909091,7.954545454545454
Marymount,CC16,WEEKDAY,6,197.1818181818182,140.22727272727272
Marymount,CC16,WEEKDAY,7,537.8636363636364,544.5454545454545
Marymount,CC16,WEEKDAY,8,746.2272727272727,877.8636363636364
Marymount,CC16,WEEKDAY,9,454.77272727272725,534.5454545454545
Marymount,CC16,WEEKDAY,10,268.6818181818182,204.8181818181818
Marymount,CC16,WEEKDAY,11,283.8181818181818,160.22727272727272
Marymount,CC16,WEEKDAY,12,304.3181818181818,218.77272727272728
Marymount,CC16,WEEKDAY,13,240.54545454545453,286.45454545454544
Marymount,CC16,WEEKDAY,14,223.04545454545453,240.0
Marymount,CC16,WEEKDAY,15,222.36363636363637,228.77272727272728
Marymount,CC16,WEEKDAY,16,303.8181818181818,283.0
Marymount,CC16,WEEKDAY,17,690.4090909090909,413.6818181818182
Marymount,CC16,WEEKDAY,18,873.7272727272727,667.9545454545455
Marymount,CC16,WEEKDAY,19,351.6363636363636,528.0
Marymount,CC16,WEEKDAY,20,234.36363636363637,334.6818181818182
Marymount,CC16,WEEKDAY,21,175.95454545454547,285.0
Marymount,CC16,WEEKDAY,22,156.5,233.27272727272728
Marymount,CC16,WEEKDAY,23,36.0,96.27272727272727
Marymount,CC16,WEEKENDS/HOLIDAY,0,0.8888888888888888,5.444444444444445
Marymount,CC16,WEEKENDS/HOLIDAY,5,6.111111111111111,0.2222222222222222
Marymount,CC16,WEEKENDS/HOLIDAY,6,17.77777777777778,16.11111111111111
Marymount,CC16,WEEKENDS/HOLIDAY,7,34.333333333333336,73.55555555555556
Marymount,CC16,WEEKENDS/HOLIDAY,8,118.88888888888889,106.88888888888889
Marymount,CC16,WEEKENDS/HOLIDAY,9,283.6666666666667,404.8888888888889
Marymount,CC16,WEEKENDS/HOLIDAY,10,286.44444444444446,328.3333333333333
Marymount,CC16,WEEKENDS/HOLIDAY,11,320.0,212.77777777777777
Marymount,CC16,WEEKENDS/HOLIDAY,12,424.22222222222223,207.22222222222223
Marymount,CC16,WEEKENDS/HOLIDAY,13,389.55555555555554,247.0
Marymount,CC16,WEEKENDS/HOLIDAY,14,337.8888888888889,262.3333333333333
Marymount,CC16,WEEKENDS/HOLIDAY,15,272.77777777777777,266.22222222222223
Marymount,CC16,WEEKENDS/HOLIDAY,16,308.22222222222223,261.1111111111111
Marymount,CC16,WEEKENDS/HOLIDAY,17,366.1111111111111,294.22222222222223
Marymount,CC16,WEEKENDS/HOLIDAY,18,326.1111111111111,301.6666666666667
Marymount,CC16,WEEKENDS/HOLIDAY,19,223.66666666666666,276.55555555555554
Marymount,CC16,WEEKENDS/HOLIDAY,20,182.55555555555554,264.6666666666667
Marymount,CC16,WEEKENDS/HOLIDAY,21,157.22222222222223,286.1111111111111
Marymount,CC16,WEEKENDS/HOLIDAY,22,92.44444444444444,230.33333333333334
Marymount,CC16,WEEKENDS/HOLIDAY,23,25.444444444444443,90.77777777777777
Mattar,DT25,WEEKDAY,0,2.6363636363636362,24.272727272727273
Mattar,DT25,WEEKDAY,5,32.45454545454545,12.5
Mattar,DT25,WEEKDAY,6,190.5909090909091,121.4090909090909
Mattar,DT25,WEEKDAY,7,434.6363636363636,326.95454545454544
Mattar,DT25,WEEKDAY,8,533.5,534.6363636363636
Mattar,DT25,WEEKDAY,9,307.3636363636364,269.27272727272725
Mattar,DT25,WEEKDAY,10,178.45454545454547,105.13636363636364
Mattar,DT25,WEEKDAY,11,142.6818181818182,84.18181818181819
Mattar,DT25,WEEKDAY,12,158.5,111.95454545454545
Mattar,DT25,WEEKDAY,13,146.5909090909091,143.13636363636363
Mattar,DT25,WEEKDAY,14,142.27272727272728,121.36363636363636
Mattar,DT25,WEEKDAY,15,137.13636363636363,145.1818181818182
Mattar,DT25,WEEKDAY,16,197.22727272727272,165.45454545454547
Mattar,DT25,WEEKDAY,17,389.8181818181818,273.54545454545456
Mattar,DT25,WEEKDAY,18,532.7272727272727,429.90909090909093
Mattar,DT25,WEEKDAY,19,207.13636363636363,357.09090909090907
Mattar,DT25,WEEKDAY,20,121.77272727272727,239.54545454545453
Mattar,DT25,WEEKDAY,21,98.5,266.6818181818182
Mattar,DT25,WEEKDAY,22,66.5909090909091,234.9090909090909
Mattar,DT25,WEEKDAY,23,24.954545454545453,134.3181818181818
Mattar,DT25,WEEKENDS/HOLIDAY,0,3.888888888888889,18.11111111111111
Mattar,DT25,WEEKENDS/HOLIDAY,5,14.444444444444445,2.888888888888889
Mattar,DT25,WEEKENDS/HOLIDAY,6,136.44444444444446,47.111111111111114
Mattar,DT25,WEEKENDS/HOLIDAY,7,213.33333333333334,86.22222222222223
Mattar,DT25,WEEKENDS/HOLIDAY,8,194.77777777777777,170.55555555555554
Mattar,DT25,WEEKENDS/HOLIDAY,9,206.88888888888889,135.11111111111111
Mattar,DT25,WEEKENDS/HOLIDAY,10,219.44444444444446,117.77777777777777
Mattar,DT25,WEEKENDS/HOLIDAY,11,211.55555555555554,103.77777777777777
Mattar,DT25,WEEKENDS/HOLIDAY,12,224.77777777777777,116.77777777777777
Mattar,DT25,WEEKENDS/HOLIDAY,13,187.33333333333334,145.33333333333334
Mattar,DT25,WEEKENDS/HOLIDAY,14,192.33333333333334,146.77777777777777
Mattar,DT25,WEEKENDS/HOLIDAY,15,162.77777777777777,166.55555555555554
Mattar,DT25,WEEKENDS/HOLIDAY,16,181.55555555555554,169.44444444444446
Mattar,DT25,WEEKENDS/HOLIDAY,17,179.77777777777777,221.77777777777777
Mattar,DT25,WEEKENDS/HOLIDAY,18,243.88888888888889,215.22222222222223
Mattar,DT25,WEEKENDS/HOLIDAY,19,131.0,225.77777777777777
Mattar,DT25,WEEKENDS/HOLIDAY,20,89.0,222.22222222222223
Mattar,DT25,WEEKENDS/HOLIDAY,21,101.66666666666667,251.33333333333334
Mattar,DT25,WEEKENDS/HOLIDAY,22,68.11111111111111,229.66666666666666
Mattar,DT25,WEEKENDS/HOLIDAY,23,23.77777777777778,152.44444444444446
Maxwell,TE18,WEEKDAY,0,26.5,23.954545454545453
Maxwell,TE18,WEEKDAY,5,6.863636363636363,1.8636363636363635
Maxwell,TE18,WEEKDAY,6,46.86363636363637,159.0909090909091
Maxwell,TE18,WEEKDAY,7,104.68181818181819,355.1363636363636
Maxwell,TE18,WEEKDAY,8,163.22727272727272,990.5909090909091
Maxwell,TE18,WEEKDAY,9,225.9090909090909,1072.1818181818182
Maxwell,TE18,WEEKDAY,10,291.27272727272725,792.5909090909091
Maxwell,TE18,WEEKDAY,11,412.04545454545456,835.5909090909091
Maxwell,TE18,WEEKDAY,12,596.3636363636364,870.7727272727273
Maxwell,TE18,WEEKDAY,13,791.8636363636364,674.4545454545455
Maxwell,TE18,WEEKDAY,14,756.3181818181819,525.2272727272727
Maxwell,TE18,WEEKDAY,15,666.5,443.3181818181818
Maxwell,TE18,WEEKDAY,16,683.3636363636364,451.5
Maxwell,TE18,WEEKDAY,17,940.0454545454545,599.9090909090909
Maxwell,TE18,WEEKDAY,18,1267.9545454545455,997.9090909090909
Maxwell,TE18,WEEKDAY,19,889.1818181818181,628.6818181818181
Maxwell,TE18,WEEKDAY,20,756.1818181818181,316.45454545454544
Maxwell,TE18,WEEKDAY,21,750.0,232.22727272727272
Maxwell,TE18,WEEKDAY,22,643.9545454545455,169.9090909090909
Maxwell,TE18,WEEKDAY,23,298.1818181818182,73.68181818181819
Maxwell,TE18,WEEKENDS/HOLIDAY,0,11.333333333333334,12.11111111111111
Maxwell,TE18,WEEKENDS/HOLIDAY,5,3.3333333333333335,0.3333333333333333
Maxwell,TE18,WEEKENDS/HOLIDAY,6,35.0,101.44444444444444
Maxwell,TE18,WEEKENDS/HOLIDAY,7,69.11111111111111,168.0
Maxwell,TE18,WEEKENDS/HOLIDAY,8,123.44444444444444,357.55555555555554
Maxwell,TE18,WEEKENDS/HOLIDAY,9,238.33333333333334,586.6666666666666
Maxwell,TE18,WEEKENDS/HOLIDAY,10,377.3333333333333,785.2222222222222
Maxwell,TE18,WEEKENDS/HOLIDAY,11,504.44444444444446,941.5555555555555
Maxwell,TE18,WEEKENDS/HOLIDAY,12,688.3333333333334,1027.888888888889
Maxwell,TE18,WEEKENDS/HOLIDAY,13,842.8888888888889,829.0
Maxwell,TE18,WEEKENDS/HOLIDAY,14,926.2222222222222,632.8888888888889
Maxwell,TE18,WEEKENDS/HOLIDAY,15,888.7777777777778,589.6666666666666
Maxwell,TE18,WEEKENDS/HOLIDAY,16,816.5555555555555,558.4444444444445
Maxwell,TE18,WEEKENDS/HOLIDAY,17,788.8888888888889,681.4444444444445
Maxwell,TE18,WEEKENDS/HOLIDAY,18,728.8888888888889,742.6666666666666
Maxwell,TE18,WEEKENDS/HOLIDAY,19,742.7777777777778,531.8888888888889
Maxwell,TE18,WEEKENDS/HOLIDAY,20,646.2222222222222,362.22222222222223
Maxwell,TE18,WEEKENDS/HOLIDAY,21,581.4444444444445,270.3333333333333
Maxwell,TE18,WEEKENDS/HOLIDAY,22,507.77777777777777,201.22222222222223
Maxwell,TE18,WEEKENDS/HOLIDAY,23,237.22222222222223,91.44444444444444
Mayflower,TE6,WEEKDAY,0,8.909090909090908,103.4090909090909
Mayflower,TE6,WEEKDAY,5,201.36363636363637,17.727272727272727
Mayflower,TE6,WEEKDAY,6,721.3181818181819,112.5
Mayflower,TE6,WEEKDAY,7,1603.590909090909,348.6363636363636
Mayflower,TE6,WEEKDAY,8,1904.7272727272727,385.45454545454544
Mayflower,TE6,WEEKDAY,9,1034.0,259.27272727272725
Mayflower,TE6,WEEKDAY,10,641.7272727272727,194.45454545454547
Mayflower,TE6,WEEKDAY,11,576.0909090909091,227.54545454545453
Mayflower,TE6,WEEKDAY,12,512.6818181818181,307.45454545454544
Mayflower,TE6,WEEKDAY,13,451.90909090909093,336.90909090909093
Mayflower,TE6,WEEKDAY,14,362.5,352.90909090909093
Mayflower,TE6,WEEKDAY,15,321.45454545454544,416.04545454545456
Mayflower,TE6,WEEKDAY,16,363.59090909090907,535.4090909090909
Mayflower,TE6,WEEKDAY,17,543.0454545454545,932.2272727272727
Mayflower,TE6,WEEKDAY,18,661.0909090909091,1559.590909090909
Mayflower,TE6,WEEKDAY,19,390.8181818181818,1175.8181818181818
Mayflower,TE6,WEEKDAY,20,240.04545454545453,884.5454545454545
Mayflower,TE6,WEEKDAY,21,214.3181818181818,859.9545454545455
Mayflower,TE6,WEEKDAY,22,148.4090909090909,838.2272727272727
Mayflower,TE6,WEEKDAY,23,64.18181818181819,462.90909090909093
Mayflower,TE6,WEEKENDS/HOLIDAY,0,9.11111111111111,88.55555555555556
Mayflower,TE6,WEEKENDS/HOLIDAY,5,86.22222222222223,3.888888888888889
Mayflower,TE6,WEEKENDS/HOLIDAY,6,357.22222222222223,68.66666666666667
Mayflower,TE6,WEEKENDS/HOLIDAY,7,535.3333333333334,180.22222222222223
Mayflower,TE6,WEEKENDS/HOLIDAY,8,700.4444444444445,245.44444444444446
Mayflower,TE6,WEEKENDS/HOLIDAY,9,821.4444444444445,273.22222222222223
Mayflower,TE6,WEEKENDS/HOLIDAY,10,759.5555555555555,266.44444444444446
Mayflower,TE6,WEEKENDS/HOLIDAY,11,728.5555555555555,294.0
Mayflower,TE6,WEEKENDS/HOLIDAY,12,677.3333333333334,349.6666666666667
Mayflower,TE6,WEEKENDS/HOLIDAY,13,603.6666666666666,396.77777777777777
Mayflower,TE6,WEEKENDS/HOLIDAY,14,503.22222222222223,426.44444444444446
Mayflower,TE6,WEEKENDS/HOLIDAY,15,454.8888888888889,473.6666666666667
Mayflower,TE6,WEEKENDS/HOLIDAY,16,486.22222222222223,512.5555555555555
Mayflower,TE6,WEEKENDS/HOLIDAY,17,533.6666666666666,645.8888888888889
Mayflower,TE6,WEEKENDS/HOLIDAY,18,510.8888888888889,702.1111111111111
Mayflower,TE6,WEEKENDS/HOLIDAY,19,366.1111111111111,694.4444444444445
Mayflower,TE6,WEEKENDS/HOLIDAY,20,246.77777777777777,735.3333333333334
Mayflower,TE6,WEEKENDS/HOLIDAY,21,209.22222222222223,810.2222222222222
Mayflower,TE6,WEEKENDS/HOLIDAY,22,151.44444444444446,873.1111111111111
Mayflower,TE6,WEEKENDS/HOLIDAY,23,60.77777777777778,479.3333333333333
Mountbatten,CC7,WEEKDAY,0,10.090909090909092,46.90909090909091
Mountbatten,CC7,WEEKDAY,5,67.68181818181819,5.454545454545454
Mountbatten,CC7,WEEKDAY,6,228.1818181818182,97.68181818181819
Mountbatten,CC7,WEEKDAY,7,481.8181818181818,260.04545454545456
Mountbatten,CC7,WEEKDAY,8,585.9090909090909,503.1818181818182
Mountbatten,CC7,WEEKDAY,9,381.5,309.3181818181818
Mountbatten,CC7,WEEKDAY,10,244.5909090909091,164.8181818181818
Mountbatten,CC7,WEEKDAY,11,288.1363636363636,168.6818181818182
Mountbatten,CC7,WEEKDAY,12,345.09090909090907,226.04545454545453
Mountbatten,CC7,WEEKDAY,13,273.0,300.72727272727275
Mountbatten,CC7,WEEKDAY,14,208.36363636363637,270.27272727272725
Mountbatten,CC7,WEEKDAY,15,215.0909090909091,252.86363636363637
Mountbatten,CC7,WEEKDAY,16,260.3181818181818,297.1818181818182
Mountbatten,CC7,WEEKDAY,17,488.90909090909093,405.95454545454544
Mountbatten,CC7,WEEKDAY,18,538.7727272727273,691.0909090909091
Mountbatten,CC7,WEEKDAY,19,286.27272727272725,562.6818181818181
Mountbatten,CC7,WEEKDAY,20,189.4090909090909,388.6363636363636
Mountbatten,CC7,WEEKDAY,21,180.86363636363637,357.40909090909093
Mountbatten,CC7,WEEKDAY,22,160.9090909090909,312.77272727272725
Mountbatten,CC7,WEEKDAY,23,48.04545454545455,152.72727272727272
Mountbatten,CC7,WEEKENDS/HOLIDAY,0,0.6666666666666666,9.88888888888889
Mountbatten,CC7,WEEKENDS/HOLIDAY,5,7.777777777777778,0.3333333333333333
Mountbatten,CC7,WEEKENDS/HOLIDAY,6,34.55555555555556,20.555555555555557
Mountbatten,CC7,WEEKENDS/HOLIDAY,7,56.888888888888886,37.55555555555556
Mountbatten,CC7,WEEKENDS/HOLIDAY,8,124.55555555555556,66.11111111111111
Mountbatten,CC7,WEEKENDS/HOLIDAY,9,313.55555555555554,180.66666666666666
Mountbatten,CC7,WEEKENDS/HOLIDAY,10,303.3333333333333,193.77777777777777
Mountbatten,CC7,WEEKENDS/HOLIDAY,11,321.1111111111111,215.66666666666666
Mountbatten,CC7,WEEKENDS/HOLIDAY,12,312.6666666666667,239.44444444444446
Mountbatten,CC7,WEEKENDS/HOLIDAY,13,292.8888888888889,268.6666666666667
Mountbatten,CC7,WEEKENDS/HOLIDAY,14,247.88888888888889,288.6666666666667
Mountbatten,CC7,WEEKENDS/HOLIDAY,15,253.44444444444446,325.44444444444446
Mountbatten,CC7,WEEKENDS/HOLIDAY,16,273.8888888888889,314.55555555555554
Mountbatten,CC7,WEEKENDS/HOLIDAY,17,372.44444444444446,346.77777777777777
Mountbatten,CC7,WEEKENDS/HOLIDAY,18,325.77777777777777,385.77777777777777
Mountbatten,CC7,WEEKENDS/HOLIDAY,19,251.55555555555554,374.77777777777777
Mountbatten,CC7,WEEKENDS/HOLIDAY,20,182.44444444444446,367.55555555555554
Mountbatten,CC7,WEEKENDS/HOLIDAY,21,146.44444444444446,365.55555555555554
Mountbatten,CC7,WEEKENDS/HOLIDAY,22,134.11111111111111,312.1111111111111
Mountbatten,CC7,WEEKENDS/HOLIDAY,23,38.666666666666664,132.44444444444446
Napier,TE12,WEEKDAY,0,2.8181818181818183,7.636363636363637
Napier,TE12,WEEKDAY,5,7.590909090909091,11.181818181818182
Napier,TE12,WEEKDAY,6,38.68181818181818,252.63636363636363
Napier,TE12,WEEKDAY,7,136.4090909090909,469.27272727272725
Napier,TE12,WEEKDAY,8,280.09090909090907,963.9545454545455
Napier,TE12,WEEKDAY,9,236.04545454545453,515.0454545454545
Napier,TE12,WEEKDAY,10,236.63636363636363,344.1363636363636
Napier,TE12,WEEKDAY,11,308.40909090909093,276.6363636363636
Napier,TE12,WEEKDAY,12,381.27272727272725,239.0
Napier,TE12,WEEKDAY,13,258.8181818181818,303.6818181818182
Napier,TE12,WEEKDAY,14,217.1818181818182,293.54545454545456
Napier,TE12,WEEKDAY,15,289.40909090909093,202.4090909090909
Napier,TE12,WEEKDAY,16,376.1363636363636,178.63636363636363
Napier,TE12,WEEKDAY,17,671.3181818181819,184.5909090909091
Napier,TE12,WEEKDAY,18,537.0,251.0
Napier,TE12,WEEKDAY,19,246.36363636363637,172.22727272727272
Napier,TE12,WEEKDAY,20,147.3181818181818,125.13636363636364
Napier,TE12,WEEKDAY,21,156.77272727272728,87.4090909090909
Napier,TE12,WEEKDAY,22,136.27272727272728,62.04545454545455
Napier,TE12,WEEKDAY,23,43.59090909090909,30.181818181818183
Napier,TE12,WEEKENDS/HOLIDAY,0,2.3333333333333335,5.222222222222222
Napier,TE12,WEEKENDS/HOLIDAY,5,3.0,2.3333333333333335
Napier,TE12,WEEKENDS/HOLIDAY,6,26.11111111111111,168.66666666666666
Napier,TE12,WEEKENDS/HOLIDAY,7,59.888888888888886,214.11111111111111
Napier,TE12,WEEKENDS/HOLIDAY,8,103.77777777777777,327.44444444444446
Napier,TE12,WEEKENDS/HOLIDAY,9,133.66666666666666,281.3333333333333
Napier,TE12,WEEKENDS/HOLIDAY,10,193.55555555555554,303.1111111111111
Napier,TE12,WEEKENDS/HOLIDAY,11,252.55555555555554,268.55555555555554
Napier,TE12,WEEKENDS/HOLIDAY,12,304.3333333333333,241.66666666666666
Napier,TE12,WEEKENDS/HOLIDAY,13,255.88888888888889,191.44444444444446
Napier,TE12,WEEKENDS/HOLIDAY,14,204.55555555555554,172.44444444444446
Napier,TE12,WEEKENDS/HOLIDAY,15,235.77777777777777,156.77777777777777
Napier,TE12,WEEKENDS/HOLIDAY,16,240.77777777777777,154.66666666666666
Napier,TE12,WEEKENDS/HOLIDAY,17,279.77777777777777,149.22222222222223
Napier,TE12,WEEKENDS/HOLIDAY,18,239.11111111111111,148.22222222222223
Napier,TE12,WEEKENDS/HOLIDAY,19,199.88888888888889,125.33333333333333
Napier,TE12,WEEKENDS/HOLIDAY,20,118.11111111111111,125.0
Napier,TE12,WEEKENDS/HOLIDAY,21,134.55555555555554,89.22222222222223
Napier,TE12,WEEKENDS/HOLIDAY,22,135.0,58.0
Napier,TE12,WEEKENDS/HOLIDAY,23,43.666666666666664,29.444444444444443
Newton,NS21/DT11,WEEKDAY,0,225.4090909090909,260.22727272727275
Newton,NS21/DT11,WEEKDAY,5,177.72727272727272,115.5909090909091
Newton,NS21/DT11,WEEKDAY,6,1035.2727272727273,1189.0454545454545
Newton,NS21/DT11,WEEKDAY,7,2637.1363636363635,3012.9545454545455
Newton,NS21/DT11,WEEKDAY,8,4681.727272727273,5112.318181818182
Newton,NS21/DT11,WEEKDAY,9,3327.590909090909,3330.9545454545455
Newton,NS21/DT11,WEEKDAY,10,2298.2727272727275,2266.090909090909
Newton,NS21/DT11,WEEKDAY,11,2415.818181818182,2178.0454545454545
Newton,NS21/DT11,WEEKDAY,12,2777.590909090909,2425.409090909091
Newton,NS21/DT11,WEEKDAY,13,2433.2727272727275,2780.318181818182
Newton,NS21/DT11,WEEKDAY,14,2315.5,2554.4545454545455
Newton,NS21/DT11,WEEKDAY,15,2424.0454545454545,2536.8636363636365
Newton,NS21/DT11,WEEKDAY,16,2797.1363636363635,2912.7727272727275
Newton,NS21/DT11,WEEKDAY,17,4499.454545454545,4408.090909090909
Newton,NS21/DT11,WEEKDAY,18,6100.545454545455,6049.636363636364
Newton,NS21/DT11,WEEKDAY,19,3660.1363636363635,3932.7727272727275
Newton,NS21/DT11,WEEKDAY,20,2589.409090909091,2857.590909090909
Newton,NS21/DT11,WEEKDAY,21,2582.909090909091,2924.590909090909
Newton,NS21/DT11,WEEKDAY,22,2068.909090909091,2358.5
Newton,NS21/DT11,WEEKDAY,23,1151.2727272727273,1145.1363636363637
Newton,NS21/DT11,WEEKENDS/HOLIDAY,0,98.66666666666667,117.55555555555556
Newton,NS21/DT11,WEEKENDS/HOLIDAY,5,68.77777777777777,48.55555555555556
Newton,NS21/DT11,WEEKENDS/HOLIDAY,6,828.5555555555555,889.0
Newton,NS21/DT11,WEEKENDS/HOLIDAY,7,1401.0,1674.888888888889
Newton,NS21/DT11,WEEKENDS/HOLIDAY,8,2021.5555555555557,2186.222222222222
Newton,NS21/DT11,WEEKENDS/HOLIDAY,9,2608.0,2621.8888888888887
Newton,NS21/DT11,WEEKENDS/HOLIDAY,10,2782.4444444444443,2794.222222222222
Newton,NS21/DT11,WEEKENDS/HOLIDAY,11,3014.6666666666665,2878.1111111111113
Newton,NS21/DT11,WEEKENDS/HOLIDAY,12,3144.1111111111113,3001.1111111111113
Newton,NS21/DT11,WEEKENDS/HOLIDAY,13,3141.777777777778,3122.777777777778
Newton,NS21/DT11,WEEKENDS/HOLIDAY,14,2913.6666666666665,3007.777777777778
Newton,NS21/DT11,WEEKENDS/HOLIDAY,15,3072.0,3152.3333333333335
Newton,NS21/DT11,WEEKENDS/HOLIDAY,16,3351.222222222222,3415.0
Newton,NS21/DT11,WEEKENDS/HOLIDAY,17,3698.0,3872.222222222222
Newton,NS21/DT11,WEEKENDS/HOLIDAY,18,3688.222222222222,3925.0
Newton,NS21/DT11,WEEKENDS/HOLIDAY,19,3173.1111111111113,3360.777777777778
Newton,NS21/DT11,WEEKENDS/HOLIDAY,20,2645.8888888888887,2951.222222222222
Newton,NS21/DT11,WEEKENDS/HOLIDAY,21,2520.0,2884.222222222222
Newton,NS21/DT11,WEEKENDS/HOLIDAY,22,2203.8888888888887,2462.5555555555557
Newton,NS21/DT11,WEEKENDS/HOLIDAY,23,1301.7777777777778,1245.5555555555557
Nicoll Highway,CC5,WEEKDAY,0,36.09090909090909,19.181818181818183
Nicoll Highway,CC5,WEEKDAY,5,48.40909090909091,0.7727272727272727
Nicoll Highway,CC5,WEEKDAY,6,111.4090909090909,99.54545454545455
Nicoll Highway,CC5,WEEKDAY,7,122.0,266.54545454545456
Nicoll Highway,CC5,WEEKDAY,8,156.4090909090909,703.0909090909091
Nicoll Highway,CC5,WEEKDAY,9,136.86363636363637,525.9545454545455
Nicoll Highway,CC5,WEEKDAY,10,108.77272727272727,243.13636363636363
Nicoll Highway,CC5,WEEKDAY,11,170.54545454545453,196.36363636363637
Nicoll Highway,CC5,WEEKDAY,12,226.0909090909091,245.36363636363637
Nicoll Highway,CC5,WEEKDAY,13,257.3636363636364,247.54545454545453
Nicoll Highway,CC5,WEEKDAY,14,200.63636363636363,202.13636363636363
Nicoll Highway,CC5,WEEKDAY,15,187.6818181818182,167.0909090909091
Nicoll Highway,CC5,WEEKDAY,16,248.1818181818182,176.9090909090909
Nicoll Highway,CC5,WEEKDAY,17,564.0909090909091,248.3181818181818
Nicoll Highway,CC5,WEEKDAY,18,735.4090909090909,345.8636363636364
Nicoll Highway,CC5,WEEKDAY,19,381.04545454545456,275.8636363636364
Nicoll Highway,CC5,WEEKDAY,20,249.86363636363637,188.63636363636363
Nicoll Highway,CC5,WEEKDAY,21,222.72727272727272,181.27272727272728
Nicoll Highway,CC5,WEEKDAY,22,166.8181818181818,156.27272727272728
Nicoll Highway,CC5,WEEKDAY,23,69.22727272727273,87.0909090909091
Nicoll Highway,CC5,WEEKENDS/HOLIDAY,0,4.555555555555555,2.888888888888889
Nicoll Highway,CC5,WEEKENDS/HOLIDAY,5,4.333333333333333,0.1111111111111111
Nicoll Highway,CC5,WEEKENDS/HOLIDAY,6,31.555555555555557,20.444444444444443
Nicoll Highway,CC5,WEEKENDS/HOLIDAY,7,29.555555555555557,24.88888888888889
Nicoll Highway,CC5,WEEKENDS/HOLIDAY,8,38.888888888888886,45.333333333333336
Nicoll Highway,CC5,WEEKENDS/HOLIDAY,9,102.66666666666667,159.66666666666666
Nicoll Highway,CC5,WEEKENDS/HOLIDAY,10,125.22222222222223,229.55555555555554
Nicoll Highway,CC5,WEEKENDS/HOLIDAY,11,160.44444444444446,251.66666666666666
Nicoll Highway,CC5,WEEKENDS/HOLIDAY,12,219.11111111111111,302.3333333333333
Nicoll Highway,CC5,WEEKENDS/HOLIDAY,13,249.44444444444446,291.6666666666667
Nicoll Highway,CC5,WEEKENDS/HOLIDAY,14,263.1111111111111,274.55555555555554
Nicoll Highway,CC5,WEEKENDS/HOLIDAY,15,270.55555555555554,276.77777777777777
Nicoll Highway,CC5,WEEKENDS/HOLIDAY,16,294.55555555555554,261.1111111111111
Nicoll Highway,CC5,WEEKENDS/HOLIDAY,17,342.0,253.77777777777777
Nicoll Highway,CC5,WEEKENDS/HOLIDAY,18,335.22222222222223,247.88888888888889
Nicoll Highway,CC5,WEEKENDS/HOLIDAY,19,342.22222222222223,216.77777777777777
Nicoll Highway,CC5,WEEKENDS/HOLIDAY,20,220.33333333333334,183.66666666666666
Nicoll Highway,CC5,WEEKENDS/HOLIDAY,21,219.88888888888889,178.88888888888889
Nicoll Highway,CC5,WEEKENDS/HOLIDAY,22,154.11111111111111,160.55555555555554
Nicoll Highway,CC5,WEEKENDS/HOLIDAY,23,37.888888888888886,66.11111111111111
Novena,NS20,WEEKDAY,0,72.63636363636364,64.31818181818181
Novena,NS20,WEEKDAY,5,44.59090909090909,75.63636363636364
Novena,NS20,WEEKDAY,6,208.1818181818182,1572.5
Novena,NS20,WEEKDAY,7,720.5,3972.8636363636365
Novena,NS20,WEEKDAY,8,1430.7272727272727,6498.636363636364
Novena,NS20,WEEKDAY,9,1197.5,3611.6363636363635
Novena,NS20,WEEKDAY,10,1368.6818181818182,2203.7727272727275
Novena,NS20,WEEKDAY,11,1884.9545454545455,2110.0
Novena,NS20,WEEKDAY,12,2495.9545454545455,2330.681818181818
Novena,NS20,WEEKDAY,13,2372.2727272727275,2275.2727272727275
Novena,NS20,WEEKDAY,14,2034.6818181818182,1876.5
Novena,NS20,WEEKDAY,15,2389.681818181818,1489.590909090909
Novena,NS20,WEEKDAY,16,2879.2727272727275,1337.2727272727273
Novena,NS20,WEEKDAY,17,5434.136363636364,1545.6363636363637
Novena,NS20,WEEKDAY,18,5440.727272727273,2245.818181818182
Novena,NS20,WEEKDAY,19,2788.2272727272725,1626.7272727272727
Novena,NS20,WEEKDAY,20,2044.1363636363637,823.5909090909091
Novena,NS20,WEEKDAY,21,2053.9545454545455,605.4545454545455
Novena,NS20,WEEKDAY,22,738.5,434.0
Novena,NS20,WEEKDAY,23,183.4090909090909,165.6818181818182
Novena,NS20,WEEKENDS/HOLIDAY,0,6.555555555555555,20.11111111111111
Novena,NS20,WEEKENDS/HOLIDAY,5,16.11111111111111,25.88888888888889
Novena,NS20,WEEKENDS/HOLIDAY,6,123.33333333333333,928.4444444444445
Novena,NS20,WEEKENDS/HOLIDAY,7,358.8888888888889,1126.3333333333333
Novena,NS20,WEEKENDS/HOLIDAY,8,757.3333333333334,1607.111111111111
Novena,NS20,WEEKENDS/HOLIDAY,9,1011.8888888888889,2072.8888888888887
Novena,NS20,WEEKENDS/HOLIDAY,10,1083.2222222222222,1858.6666666666667
Novena,NS20,WEEKENDS/HOLIDAY,11,1932.111111111111,2107.1111111111113
Novena,NS20,WEEKENDS/HOLIDAY,12,1846.3333333333333,1823.888888888889
Novena,NS20,WEEKENDS/HOLIDAY,13,2224.0,1437.2222222222222
Novena,NS20,WEEKENDS/HOLIDAY,14,1838.888888888889,1226.5555555555557
Novena,NS20,WEEKENDS/HOLIDAY,15,1801.3333333333333,1281.4444444444443
Novena,NS20,WEEKENDS/HOLIDAY,16,1681.4444444444443,1406.4444444444443
Novena,NS20,WEEKENDS/HOLIDAY,17,1526.3333333333333,1579.6666666666667
Novena,NS20,WEEKENDS/HOLIDAY,18,1703.888888888889,1340.0
Novena,NS20,WEEKENDS/HOLIDAY,19,1786.2222222222222,1177.888888888889
Novena,NS20,WEEKENDS/HOLIDAY,20,1547.6666666666667,762.2222222222222
Novena,NS20,WEEKENDS/HOLIDAY,21,1461.5555555555557,563.8888888888889
Novena,NS20,WEEKENDS/HOLIDAY,22,578.3333333333334,412.8888888888889
Novena,NS20,WEEKENDS/HOLIDAY,23,150.44444444444446,175.77777777777777
Orchard,TE14/NS22,WEEKDAY,0,255.4090909090909,148.3181818181818
Orchard,TE14/NS22,WEEKDAY,5,33.68181818181818,71.0909090909091
Orchard,TE14/NS22,WEEKDAY,6,204.8181818181818,1103.8636363636363
Orchard,TE14/NS22,WEEKDAY,7,568.2727272727273,2557.1363636363635
Orchard,TE14/NS22,WEEKDAY,8,1006.5909090909091,5451.272727272727
Orchard,TE14/NS22,WEEKDAY,9,1011.5909090909091,5649.318181818182
Orchard,TE14/NS22,WEEKDAY,10,1342.8181818181818,4774.409090909091
Orchard,TE14/NS22,WEEKDAY,11,1938.2272727272727,5222.636363636364
Orchard,TE14/NS22,WEEKDAY,12,2799.909090909091,5842.272727272727
Orchard,TE14/NS22,WEEKDAY,13,4206.545454545455,5009.954545454545
Orchard,TE14/NS22,WEEKDAY,14,4179.681818181818,4453.636363636364
Orchard,TE14/NS22,WEEKDAY,15,4664.954545454545,4445.772727272727
Orchard,TE14/NS22,WEEKDAY,16,5194.454545454545,4400.772727272727
Orchard,TE14/NS22,WEEKDAY,17,6479.227272727273,5369.590909090909
Orchard,TE14/NS22,WEEKDAY,18,7591.181818181818,7127.5
Orchard,TE14/NS22,WEEKDAY,19,6207.409090909091,4467.863636363636
Orchard,TE14/NS22,WEEKDAY,20,6326.454545454545,2478.2727272727275
Orchard,TE14/NS22,WEEKDAY,21,7398.454545454545,1410.0
Orchard,TE14/NS22,WEEKDAY,22,4775.954545454545,791.5909090909091
Orchard,TE14/NS22,WEEKDAY,23,1208.6818181818182,344.59090909090907
Orchard,TE14/NS22,WEEKENDS/HOLIDAY,0,48.666666666666664,38.77777777777778
Orchard,TE14/NS22,WEEKENDS/HOLIDAY,5,16.555555555555557,24.88888888888889
Orchard,TE14/NS22,WEEKENDS/HOLIDAY,6,180.22222222222223,763.8888888888889
Orchard,TE14/NS22,WEEKENDS/HOLIDAY,7,322.44444444444446,1534.0
Orchard,TE14/NS22,WEEKENDS/HOLIDAY,8,565.2222222222222,3106.8888888888887
Orchard,TE14/NS22,WEEKENDS/HOLIDAY,9,1177.111111111111,5770.333333333333
Orchard,TE14/NS22,WEEKENDS/HOLIDAY,10,2062.4444444444443,6316.111111111111
Orchard,TE14/NS22,WEEKENDS/HOLIDAY,11,2868.3333333333335,7040.666666666667
Orchard,TE14/NS22,WEEKENDS/HOLIDAY,12,3664.5555555555557,6915.555555555556
Orchard,TE14/NS22,WEEKENDS/HOLIDAY,13,4392.777777777777,6781.777777777777
Orchard,TE14/NS22,WEEKENDS/HOLIDAY,14,5209.444444444444,6617.666666666667
Orchard,TE14/NS22,WEEKENDS/HOLIDAY,15,6325.777777777777,6722.666666666667
Orchard,TE14/NS22,WEEKENDS/HOLIDAY,16,7188.888888888889,6774.222222222223
Orchard,TE14/NS22,WEEKENDS/HOLIDAY,17,7683.333333333333,6826.444444444444
Orchard,TE14/NS22,WEEKENDS/HOLIDAY,18,7682.444444444444,6333.111111111111
Orchard,TE14/NS22,WEEKENDS/HOLIDAY,19,7649.444444444444,4994.333333333333
Orchard,TE14/NS22,WEEKENDS/HOLIDAY,20,7678.444444444444,3087.0
Orchard,TE14/NS22,WEEKENDS/HOLIDAY,21,7983.777777777777,1538.0
Orchard,TE14/NS22,WEEKENDS/HOLIDAY,22,5398.444444444444,830.7777777777778
Orchard,TE14/NS22,WEEKENDS/HOLIDAY,23,1365.0,302.1111111111111
Orchard Boulevard,TE13,WEEKDAY,0,3.6363636363636362,18.40909090909091
Orchard Boulevard,TE13,WEEKDAY,5,2.6818181818181817,2.272727272727273
Orchard Boulevard,TE13,WEEKDAY,6,17.09090909090909,130.22727272727272
Orchard Boulevard,TE13,WEEKDAY,7,80.18181818181819,310.6363636363636
Orchard Boulevard,TE13,WEEKDAY,8,144.8181818181818,551.8636363636364
Orchard Boulevard,TE13,WEEKDAY,9,185.3181818181818,420.8181818181818
Orchard Boulevard,TE13,WEEKDAY,10,223.5909090909091,250.77272727272728
Orchard Boulevard,TE13,WEEKDAY,11,261.8636363636364,235.22727272727272
Orchard Boulevard,TE13,WEEKDAY,12,293.22727272727275,224.27272727272728
Orchard Boulevard,TE13,WEEKDAY,13,202.4090909090909,268.40909090909093
Orchard Boulevard,TE13,WEEKDAY,14,221.13636363636363,286.1363636363636
Orchard Boulevard,TE13,WEEKDAY,15,255.77272727272728,235.45454545454547
Orchard Boulevard,TE13,WEEKDAY,16,296.6818181818182,237.3181818181818
Orchard Boulevard,TE13,WEEKDAY,17,452.27272727272725,249.72727272727272
Orchard Boulevard,TE13,WEEKDAY,18,465.54545454545456,378.77272727272725
Orchard Boulevard,TE13,WEEKDAY,19,304.27272727272725,371.90909090909093
Orchard Boulevard,TE13,WEEKDAY,20,396.1818181818182,171.22727272727272
Orchard Boulevard,TE13,WEEKDAY,21,228.8181818181818,147.8181818181818
Orchard Boulevard,TE13,WEEKDAY,22,156.9090909090909,112.5
Orchard Boulevard,TE13,WEEKDAY,23,73.45454545454545,47.13636363636363
Orchard Boulevard,TE13,WEEKENDS/HOLIDAY,0,3.4444444444444446,5.777777777777778
Orchard Boulevard,TE13,WEEKENDS/HOLIDAY,5,2.0,1.0
Orchard Boulevard,TE13,WEEKENDS/HOLIDAY,6,16.444444444444443,82.11111111111111
Orchard Boulevard,TE13,WEEKENDS/HOLIDAY,7,46.44444444444444,186.88888888888889
Orchard Boulevard,TE13,WEEKENDS/HOLIDAY,8,95.11111111111111,225.88888888888889
Orchard Boulevard,TE13,WEEKENDS/HOLIDAY,9,139.88888888888889,248.44444444444446
Orchard Boulevard,TE13,WEEKENDS/HOLIDAY,10,212.44444444444446,255.22222222222223
Orchard Boulevard,TE13,WEEKENDS/HOLIDAY,11,229.44444444444446,258.0
Orchard Boulevard,TE13,WEEKENDS/HOLIDAY,12,264.6666666666667,235.33333333333334
Orchard Boulevard,TE13,WEEKENDS/HOLIDAY,13,228.22222222222223,194.33333333333334
Orchard Boulevard,TE13,WEEKENDS/HOLIDAY,14,202.77777777777777,222.33333333333334
Orchard Boulevard,TE13,WEEKENDS/HOLIDAY,15,236.0,201.22222222222223
Orchard Boulevard,TE13,WEEKENDS/HOLIDAY,16,230.0,232.77777777777777
Orchard Boulevard,TE13,WEEKENDS/HOLIDAY,17,264.44444444444446,322.8888888888889
Orchard Boulevard,TE13,WEEKENDS/HOLIDAY,18,261.6666666666667,459.0
Orchard Boulevard,TE13,WEEKENDS/HOLIDAY,19,389.55555555555554,641.0
Orchard Boulevard,TE13,WEEKENDS/HOLIDAY,20,699.3333333333334,352.0
Orchard Boulevard,TE13,WEEKENDS/HOLIDAY,21,418.77777777777777,176.66666666666666
Orchard Boulevard,TE13,WEEKENDS/HOLIDAY,22,171.55555555555554,138.33333333333334
Orchard Boulevard,TE13,WEEKENDS/HOLIDAY,23,81.11111111111111,53.888888888888886
Outram Park,EW16/NE3/TE17,WEEKDAY,0,25.59090909090909,74.5909090909091
Outram Park,EW16/NE3/TE17,WEEKDAY,5,84.9090909090909,11.681818181818182
Outram Park,EW16/NE3/TE17,WEEKDAY,6,427.8636363636364,1777.5454545454545
Outram Park,EW16/NE3/TE17,WEEKDAY,7,992.6363636363636,4763.545454545455
Outram Park,EW16/NE3/TE17,WEEKDAY,8,1562.6818181818182,5638.954545454545
Outram Park,EW16/NE3/TE17,WEEKDAY,9,1315.7727272727273,3162.7727272727275
Outram Park,EW16/NE3/TE17,WEEKDAY,10,1349.9545454545455,1827.2272727272727
Outram Park,EW16/NE3/TE17,WEEKDAY,11,1937.0,1514.909090909091
Outram Park,EW16/NE3/TE17,WEEKDAY,12,2435.181818181818,1749.8636363636363
Outram Park,EW16/NE3/TE17,WEEKDAY,13,1625.6818181818182,2274.318181818182
Outram Park,EW16/NE3/TE17,WEEKDAY,14,1544.3636363636363,1729.0454545454545
Outram Park,EW16/NE3/TE17,WEEKDAY,15,1867.7727272727273,1153.4545454545455
Outram Park,EW16/NE3/TE17,WEEKDAY,16,2578.681818181818,933.6818181818181
Outram Park,EW16/NE3/TE17,WEEKDAY,17,5317.909090909091,1203.3181818181818
Outram Park,EW16/NE3/TE17,WEEKDAY,18,5227.818181818182,1743.2727272727273
Outram Park,EW16/NE3/TE17,WEEKDAY,19,2265.8636363636365,1316.1818181818182
Outram Park,EW16/NE3/TE17,WEEKDAY,20,1693.0454545454545,867.6818181818181
Outram Park,EW16/NE3/TE17,WEEKDAY,21,1615.7272727272727,708.9090909090909
Outram Park,EW16/NE3/TE17,WEEKDAY,22,881.1363636363636,581.5454545454545
Outram Park,EW16/NE3/TE17,WEEKDAY,23,338.3636363636364,294.45454545454544
Outram Park,EW16/NE3/TE17,WEEKENDS/HOLIDAY,0,3.0,57.666666666666664
Outram Park,EW16/NE3/TE17,WEEKENDS/HOLIDAY,5,30.22222222222222,4.666666666666667
Outram Park,EW16/NE3/TE17,WEEKENDS/HOLIDAY,6,266.6666666666667,791.5555555555555
Outram Park,EW16/NE3/TE17,WEEKENDS/HOLIDAY,7,589.6666666666666,1204.5555555555557
Outram Park,EW16/NE3/TE17,WEEKENDS/HOLIDAY,8,775.8888888888889,1021.5555555555555
Outram Park,EW16/NE3/TE17,WEEKENDS/HOLIDAY,9,853.5555555555555,1004.8888888888889
Outram Park,EW16/NE3/TE17,WEEKENDS/HOLIDAY,10,950.6666666666666,1128.3333333333333
Outram Park,EW16/NE3/TE17,WEEKENDS/HOLIDAY,11,1170.2222222222222,1256.7777777777778
Outram Park,EW16/NE3/TE17,WEEKENDS/HOLIDAY,12,1426.4444444444443,1356.2222222222222
Outram Park,EW16/NE3/TE17,WEEKENDS/HOLIDAY,13,1291.6666666666667,1110.888888888889
Outram Park,EW16/NE3/TE17,WEEKENDS/HOLIDAY,14,1242.4444444444443,960.3333333333334
Outram Park,EW16/NE3/TE17,WEEKENDS/HOLIDAY,15,1283.5555555555557,910.5555555555555
Outram Park,EW16/NE3/TE17,WEEKENDS/HOLIDAY,16,1392.0,935.1111111111111
Outram Park,EW16/NE3/TE17,WEEKENDS/HOLIDAY,17,1412.2222222222222,1033.0
Outram Park,EW16/NE3/TE17,WEEKENDS/HOLIDAY,18,1257.5555555555557,1083.6666666666667
Outram Park,EW16/NE3/TE17,WEEKENDS/HOLIDAY,19,1198.6666666666667,1036.6666666666667
Outram Park,EW16/NE3/TE17,WEEKENDS/HOLIDAY,20,1086.888888888889,858.7777777777778
Outram Park,EW16/NE3/TE17,WEEKENDS/HOLIDAY,21,1111.7777777777778,725.7777777777778
Outram Park,EW16/NE3/TE17,WEEKENDS/HOLIDAY,22,690.8888888888889,618.6666666666666
Outram Park,EW16/NE3/TE17,WEEKENDS/HOLIDAY,23,284.3333333333333,313.0
Pasir Panjang,CC26,WEEKDAY,0,0.7727272727272727,6.954545454545454
Pasir Panjang,CC26,WEEKDAY,5,8.409090909090908,10.045454545454545
Pasir Panjang,CC26,WEEKDAY,6,65.0,622.0454545454545
Pasir Panjang,CC26,WEEKDAY,7,312.8636363636364,970.6363636363636
Pasir Panjang,CC26,WEEKDAY,8,276.0,1179.6818181818182
Pasir Panjang,CC26,WEEKDAY,9,166.45454545454547,620.2272727272727
Pasir Panjang,CC26,WEEKDAY,10,134.22727272727272,175.4090909090909
Pasir Panjang,CC26,WEEKDAY,11,214.63636363636363,113.95454545454545
Pasir Panjang,CC26,WEEKDAY,12,291.5,143.9090909090909
Pasir Panjang,CC26,WEEKDAY,13,187.8181818181818,255.72727272727272
Pasir Panjang,CC26,WEEKDAY,14,129.45454545454547,168.0909090909091
Pasir Panjang,CC26,WEEKDAY,15,194.86363636363637,111.0909090909091
Pasir Panjang,CC26,WEEKDAY,16,323.22727272727275,131.13636363636363
Pasir Panjang,CC26,WEEKDAY,17,1125.0,206.8181818181818
Pasir Panjang,CC26,WEEKDAY,18,1092.1818181818182,406.40909090909093
Pasir Panjang,CC26,WEEKDAY,19,631.1818181818181,273.3181818181818
Pasir Panjang,CC26,WEEKDAY,20,235.04545454545453,168.1818181818182
Pasir Panjang,CC26,WEEKDAY,21,115.0,147.63636363636363
Pasir Panjang,CC26,WEEKDAY,22,102.18181818181819,88.5909090909091
Pasir Panjang,CC26,WEEKDAY,23,28.181818181818183,31.90909090909091
Pasir Panjang,CC26,WEEKENDS/HOLIDAY,0,0.1111111111111111,5.0
Pasir Panjang,CC26,WEEKENDS/HOLIDAY,5,2.7777777777777777,0.6666666666666666
Pasir Panjang,CC26,WEEKENDS/HOLIDAY,6,7.777777777777778,70.11111111111111
Pasir Panjang,CC26,WEEKENDS/HOLIDAY,7,75.0,65.66666666666667
Pasir Panjang,CC26,WEEKENDS/HOLIDAY,8,83.33333333333333,43.0
Pasir Panjang,CC26,WEEKENDS/HOLIDAY,9,127.55555555555556,158.22222222222223
Pasir Panjang,CC26,WEEKENDS/HOLIDAY,10,122.44444444444444,101.66666666666667
Pasir Panjang,CC26,WEEKENDS/HOLIDAY,11,134.22222222222223,84.22222222222223
Pasir Panjang,CC26,WEEKENDS/HOLIDAY,12,147.66666666666666,96.33333333333333
Pasir Panjang,CC26,WEEKENDS/HOLIDAY,13,126.88888888888889,131.66666666666666
Pasir Panjang,CC26,WEEKENDS/HOLIDAY,14,103.33333333333333,114.55555555555556
Pasir Panjang,CC26,WEEKENDS/HOLIDAY,15,142.66666666666666,107.55555555555556
Pasir Panjang,CC26,WEEKENDS/HOLIDAY,16,159.55555555555554,105.55555555555556
Pasir Panjang,CC26,WEEKENDS/HOLIDAY,17,247.55555555555554,161.88888888888889
Pasir Panjang,CC26,WEEKENDS/HOLIDAY,18,173.66666666666666,288.6666666666667
Pasir Panjang,CC26,WEEKENDS/HOLIDAY,19,325.77777777777777,217.33333333333334
Pasir Panjang,CC26,WEEKENDS/HOLIDAY,20,117.44444444444444,159.55555555555554
Pasir Panjang,CC26,WEEKENDS/HOLIDAY,21,50.44444444444444,144.55555555555554
Pasir Panjang,CC26,WEEKENDS/HOLIDAY,22,72.55555555555556,84.77777777777777
Pasir Panjang,CC26,WEEKENDS/HOLIDAY,23,16.666666666666668,29.333333333333332
Pasir Ris,EW1,WEEKDAY,0,6.545454545454546,207.54545454545453
Pasir Ris,EW1,WEEKDAY,5,357.45454545454544,19.818181818181817
Pasir Ris,EW1,WEEKDAY,6,1178.7272727272727,379.1818181818182
Pasir Ris,EW1,WEEKDAY,7,2993.181818181818,983.0909090909091
Pasir Ris,EW1,WEEKDAY,8,3505.2272727272725,922.5
Pasir Ris,EW1,WEEKDAY,9,1745.5454545454545,567.0
Pasir Ris,EW1,WEEKDAY,10,1279.7727272727273,533.5
Pasir Ris,EW1,WEEKDAY,11,1265.909090909091,602.8636363636364
Pasir Ris,EW1,WEEKDAY,12,1229.2272727272727,737.4545454545455
Pasir Ris,EW1,WEEKDAY,13,1102.0,940.7727272727273
Pasir Ris,EW1,WEEKDAY,14,977.7727272727273,977.2727272727273
Pasir Ris,EW1,WEEKDAY,15,923.0,1055.3181818181818
Pasir Ris,EW1,WEEKDAY,16,1043.4545454545455,1275.1363636363637
Pasir Ris,EW1,WEEKDAY,17,1566.0,1879.0454545454545
Pasir Ris,EW1,WEEKDAY,18,1714.8636363636363,3317.090909090909
Pasir Ris,EW1,WEEKDAY,19,992.0,2738.1363636363635
Pasir Ris,EW1,WEEKDAY,20,657.9545454545455,1735.090909090909
Pasir Ris,EW1,WEEKDAY,21,616.6363636363636,1542.2272727272727
Pasir Ris,EW1,WEEKDAY,22,431.09090909090907,1337.6363636363637
Pasir Ris,EW1,WEEKDAY,23,87.77272727272727,697.7727272727273
Pasir Ris,EW1,WEEKENDS/HOLIDAY,0,0.0,175.11111111111111
Pasir Ris,EW1,WEEKENDS/HOLIDAY,5,152.44444444444446,10.555555555555555
Pasir Ris,EW1,WEEKENDS/HOLIDAY,6,466.8888888888889,186.44444444444446
Pasir Ris,EW1,WEEKENDS/HOLIDAY,7,835.0,510.6666666666667
Pasir Ris,EW1,WEEKENDS/HOLIDAY,8,1194.2222222222222,560.6666666666666
Pasir Ris,EW1,WEEKENDS/HOLIDAY,9,1507.5555555555557,600.2222222222222
Pasir Ris,EW1,WEEKENDS/HOLIDAY,10,1531.7777777777778,661.1111111111111
Pasir Ris,EW1,WEEKENDS/HOLIDAY,11,1556.6666666666667,769.1111111111111
Pasir Ris,EW1,WEEKENDS/HOLIDAY,12,1529.0,937.1111111111111
Pasir Ris,EW1,WEEKENDS/HOLIDAY,13,1352.111111111111,1060.5555555555557
Pasir Ris,EW1,WEEKENDS/HOLIDAY,14,1261.6666666666667,1153.111111111111
Pasir Ris,EW1,WEEKENDS/HOLIDAY,15,1173.5555555555557,1182.0
Pasir Ris,EW1,WEEKENDS/HOLIDAY,16,1258.111111111111,1323.2222222222222
Pasir Ris,EW1,WEEKENDS/HOLIDAY,17,1492.2222222222222,1599.6666666666667
Pasir Ris,EW1,WEEKENDS/HOLIDAY,18,1313.6666666666667,1660.5555555555557
Pasir Ris,EW1,WEEKENDS/HOLIDAY,19,1006.2222222222222,1586.111111111111
Pasir Ris,EW1,WEEKENDS/HOLIDAY,20,666.2222222222222,1433.2222222222222
Pasir Ris,EW1,WEEKENDS/HOLIDAY,21,604.3333333333334,1420.2222222222222
Pasir Ris,EW1,WEEKENDS/HOLIDAY,22,468.77777777777777,1285.6666666666667
Pasir Ris,EW1,WEEKENDS/HOLIDAY,23,79.0,697.0
Paya Lebar,EW8/CC9,WEEKDAY,0,50.95454545454545,135.72727272727272
Paya Lebar,EW8/CC9,WEEKDAY,5,147.04545454545453,48.95454545454545
Paya Lebar,EW8/CC9,WEEKDAY,6,1063.2272727272727,685.7727272727273
Paya Lebar,EW8/CC9,WEEKDAY,7,1923.8181818181818,1828.9545454545455
Paya Lebar,EW8/CC9,WEEKDAY,8,2181.590909090909,4282.909090909091
Paya Lebar,EW8/CC9,WEEKDAY,9,1467.909090909091,3404.0
Paya Lebar,EW8/CC9,WEEKDAY,10,1104.0,2246.909090909091
Paya Lebar,EW8/CC9,WEEKDAY,11,1458.4545454545455,2238.6363636363635
Paya Lebar,EW8/CC9,WEEKDAY,12,1971.8181818181818,2612.409090909091
Paya Lebar,EW8/CC9,WEEKDAY,13,2432.318181818182,2371.2727272727275
Paya Lebar,EW8/CC9,WEEKDAY,14,2198.0,2016.1818181818182
Paya Lebar,EW8/CC9,WEEKDAY,15,2176.2727272727275,1976.3181818181818
Paya Lebar,EW8/CC9,WEEKDAY,16,2534.7272727272725,2114.590909090909
Paya Lebar,EW8/CC9,WEEKDAY,17,4344.0,3135.0
Paya Lebar,EW8/CC9,WEEKDAY,18,5441.045454545455,5397.090909090909
Paya Lebar,EW8/CC9,WEEKDAY,19,3472.5,3630.7272727272725
Paya Lebar,EW8/CC9,WEEKDAY,20,2790.9545454545455,1907.5
Paya Lebar,EW8/CC9,WEEKDAY,21,2722.5454545454545,1390.7272727272727
Paya Lebar,EW8/CC9,WEEKDAY,22,1549.6818181818182,1075.9545454545455
Paya Lebar,EW8/CC9,WEEKDAY,23,508.3181818181818,520.0
Paya Lebar,EW8/CC9,WEEKENDS/HOLIDAY,0,27.555555555555557,79.33333333333333
Paya Lebar,EW8/CC9,WEEKENDS/HOLIDAY,5,67.88888888888889,19.666666666666668
Paya Lebar,EW8/CC9,WEEKENDS/HOLIDAY,6,659.3333333333334,454.77777777777777
Paya Lebar,EW8/CC9,WEEKENDS/HOLIDAY,7,973.4444444444445,1003.3333333333334
Paya Lebar,EW8/CC9,WEEKENDS/HOLIDAY,8,1019.4444444444445,1844.6666666666667
Paya Lebar,EW8/CC9,WEEKENDS/HOLIDAY,9,1336.7777777777778,3771.3333333333335
Paya Lebar,EW8/CC9,WEEKENDS/HOLIDAY,10,1965.2222222222222,4377.444444444444
Paya Lebar,EW8/CC9,WEEKENDS/HOLIDAY,11,2575.6666666666665,3652.3333333333335
Paya Lebar,EW8/CC9,WEEKENDS/HOLIDAY,12,3043.777777777778,3501.6666666666665
Paya Lebar,EW8/CC9,WEEKENDS/HOLIDAY,13,3264.8888888888887,3355.4444444444443
Paya Lebar,EW8/CC9,WEEKENDS/HOLIDAY,14,3200.4444444444443,3083.0
Paya Lebar,EW8/CC9,WEEKENDS/HOLIDAY,15,3302.3333333333335,3138.777777777778
Paya Lebar,EW8/CC9,WEEKENDS/HOLIDAY,16,3785.3333333333335,3244.777777777778
Paya Lebar,EW8/CC9,WEEKENDS/HOLIDAY,17,4393.888888888889,3335.5555555555557
Paya Lebar,EW8/CC9,WEEKENDS/HOLIDAY,18,4231.111111111111,3193.4444444444443
Paya Lebar,EW8/CC9,WEEKENDS/HOLIDAY,19,3355.3333333333335,2550.5555555555557
Paya Lebar,EW8/CC9,WEEKENDS/HOLIDAY,20,2660.0,1703.888888888889
Paya Lebar,EW8/CC9,WEEKENDS/HOLIDAY,21,2387.4444444444443,1273.3333333333333
Paya Lebar,EW8/CC9,WEEKENDS/HOLIDAY,22,1476.3333333333333,1056.2222222222222
Paya Lebar,EW8/CC9,WEEKENDS/HOLIDAY,23,491.77777777777777,539.6666666666666
Pioneer,EW28,WEEKDAY,0,5.7272727272727275,218.45454545454547
Pioneer,EW28,WEEKDAY,5,795.0909090909091,49.22727272727273
Pioneer,EW28,WEEKDAY,6,2619.3636363636365,613.0909090909091
Pioneer,EW28,WEEKDAY,7,5274.863636363636,1747.7272727272727
Pioneer,EW28,WEEKDAY,8,3753.090909090909,1865.4545454545455
Pioneer,EW28,WEEKDAY,9,1590.1818181818182,860.3181818181819
Pioneer,EW28,WEEKDAY,10,1191.5,534.3181818181819
Pioneer,EW28,WEEKDAY,11,1137.7272727272727,533.3181818181819
Pioneer,EW28,WEEKDAY,12,1183.7727272727273,641.1363636363636
Pioneer,EW28,WEEKDAY,13,994.6818181818181,699.2727272727273
Pioneer,EW28,WEEKDAY,14,829.0909090909091,661.5909090909091
Pioneer,EW28,WEEKDAY,15,879.5,745.4090909090909
Pioneer,EW28,WEEKDAY,16,1226.6363636363637,958.4545454545455
Pioneer,EW28,WEEKDAY,17,2547.318181818182,1895.0454545454545
Pioneer,EW28,WEEKDAY,18,2435.6363636363635,2863.9545454545455
Pioneer,EW28,WEEKDAY,19,1341.3181818181818,2381.318181818182
Pioneer,EW28,WEEKDAY,20,849.6818181818181,1921.590909090909
Pioneer,EW28,WEEKDAY,21,614.1363636363636,1638.409090909091
Pioneer,EW28,WEEKDAY,22,411.1818181818182,1335.5454545454545
Pioneer,EW28,WEEKDAY,23,134.4090909090909,746.1818181818181
Pioneer,EW28,WEEKENDS/HOLIDAY,0,1.0,264.8888888888889
Pioneer,EW28,WEEKENDS/HOLIDAY,5,368.22222222222223,23.11111111111111
Pioneer,EW28,WEEKENDS/HOLIDAY,6,1236.5555555555557,231.11111111111111
Pioneer,EW28,WEEKENDS/HOLIDAY,7,1826.0,775.8888888888889
Pioneer,EW28,WEEKENDS/HOLIDAY,8,1614.5555555555557,858.2222222222222
Pioneer,EW28,WEEKENDS/HOLIDAY,9,1607.6666666666667,537.2222222222222
Pioneer,EW28,WEEKENDS/HOLIDAY,10,1644.888888888889,504.8888888888889
Pioneer,EW28,WEEKENDS/HOLIDAY,11,1654.888888888889,583.3333333333334
Pioneer,EW28,WEEKENDS/HOLIDAY,12,1569.111111111111,730.4444444444445
Pioneer,EW28,WEEKENDS/HOLIDAY,13,1361.7777777777778,878.2222222222222
Pioneer,EW28,WEEKENDS/HOLIDAY,14,1163.2222222222222,883.0
Pioneer,EW28,WEEKENDS/HOLIDAY,15,1133.888888888889,939.3333333333334
Pioneer,EW28,WEEKENDS/HOLIDAY,16,1317.888888888889,1097.6666666666667
Pioneer,EW28,WEEKENDS/HOLIDAY,17,1677.6666666666667,1459.6666666666667
Pioneer,EW28,WEEKENDS/HOLIDAY,18,1515.0,1511.111111111111
Pioneer,EW28,WEEKENDS/HOLIDAY,19,1104.2222222222222,1623.7777777777778
Pioneer,EW28,WEEKENDS/HOLIDAY,20,711.1111111111111,1772.4444444444443
Pioneer,EW28,WEEKENDS/HOLIDAY,21,557.6666666666666,1689.6666666666667
Pioneer,EW28,WEEKENDS/HOLIDAY,22,369.44444444444446,1570.7777777777778
Pioneer,EW28,WEEKENDS/HOLIDAY,23,104.77777777777777,969.5555555555555
Potong Pasir,NE10,WEEKDAY,0,8.409090909090908,43.63636363636363
Potong Pasir,NE10,WEEKDAY,5,75.0909090909091,26.318181818181817
Potong Pasir,NE10,WEEKDAY,6,449.95454545454544,329.6363636363636
Potong Pasir,NE10,WEEKDAY,7,1082.9545454545455,980.5
Potong Pasir,NE10,WEEKDAY,8,1751.0454545454545,1534.0
Potong Pasir,NE10,WEEKDAY,9,1130.8181818181818,847.3636363636364
Potong Pasir,NE10,WEEKDAY,10,769.3181818181819,508.77272727272725
Potong Pasir,NE10,WEEKDAY,11,799.5454545454545,488.8636363636364
Potong Pasir,NE10,WEEKDAY,12,812.2272727272727,577.5909090909091
Potong Pasir,NE10,WEEKDAY,13,697.6818181818181,675.5
Potong Pasir,NE10,WEEKDAY,14,595.5,642.6363636363636
Potong Pasir,NE10,WEEKDAY,15,572.2272727272727,672.2272727272727
Potong Pasir,NE10,WEEKDAY,16,682.5,743.6818181818181
Potong Pasir,NE10,WEEKDAY,17,1221.590909090909,1047.3636363636363
Potong Pasir,NE10,WEEKDAY,18,1613.8181818181818,1581.8636363636363
Potong Pasir,NE10,WEEKDAY,19,862.3181818181819,1220.6363636363637
Potong Pasir,NE10,WEEKDAY,20,522.0909090909091,892.7727272727273
Potong Pasir,NE10,WEEKDAY,21,396.6363636363636,861.1818181818181
Potong Pasir,NE10,WEEKDAY,22,269.45454545454544,629.0454545454545
Potong Pasir,NE10,WEEKDAY,23,108.4090909090909,312.6363636363636
Potong Pasir,NE10,WEEKENDS/HOLIDAY,0,6.555555555555555,22.0
Potong Pasir,NE10,WEEKENDS/HOLIDAY,5,23.444444444444443,6.333333333333333
Potong Pasir,NE10,WEEKENDS/HOLIDAY,6,239.55555555555554,154.88888888888889
Potong Pasir,NE10,WEEKENDS/HOLIDAY,7,414.3333333333333,296.6666666666667
Potong Pasir,NE10,WEEKENDS/HOLIDAY,8,592.1111111111111,484.44444444444446
Potong Pasir,NE10,WEEKENDS/HOLIDAY,9,752.6666666666666,542.4444444444445
Potong Pasir,NE10,WEEKENDS/HOLIDAY,10,842.8888888888889,561.0
Potong Pasir,NE10,WEEKENDS/HOLIDAY,11,893.6666666666666,548.0
Potong Pasir,NE10,WEEKENDS/HOLIDAY,12,948.5555555555555,605.5555555555555
Potong Pasir,NE10,WEEKENDS/HOLIDAY,13,852.4444444444445,685.0
Potong Pasir,NE10,WEEKENDS/HOLIDAY,14,753.0,709.7777777777778
Potong Pasir,NE10,WEEKENDS/HOLIDAY,15,718.3333333333334,725.8888888888889
Potong Pasir,NE10,WEEKENDS/HOLIDAY,16,703.5555555555555,735.0
Potong Pasir,NE10,WEEKENDS/HOLIDAY,17,850.1111111111111,800.8888888888889
Potong Pasir,NE10,WEEKENDS/HOLIDAY,18,797.4444444444445,865.4444444444445
Potong Pasir,NE10,WEEKENDS/HOLIDAY,19,624.7777777777778,788.8888888888889
Potong Pasir,NE10,WEEKENDS/HOLIDAY,20,421.55555555555554,752.7777777777778
Potong Pasir,NE10,WEEKENDS/HOLIDAY,21,331.8888888888889,780.1111111111111
Potong Pasir,NE10,WEEKENDS/HOLIDAY,22,253.77777777777777,641.2222222222222
Potong Pasir,NE10,WEEKENDS/HOLIDAY,23,123.0,283.3333333333333
Promenade,CC4/DT15,WEEKDAY,0,258.04545454545456,19.09090909090909
Promenade,CC4/DT15,WEEKDAY,5,7.0,11.5
Promenade,CC4/DT15,WEEKDAY,6,29.90909090909091,403.27272727272725
Promenade,CC4/DT15,WEEKDAY,7,76.68181818181819,976.8181818181819
Promenade,CC4/DT15,WEEKDAY,8,172.6818181818182,3019.590909090909
Promenade,CC4/DT15,WEEKDAY,9,204.5909090909091,3119.909090909091
Promenade,CC4/DT15,WEEKDAY,10,256.8636363636364,1303.5
Promenade,CC4/DT15,WEEKDAY,11,539.0,1260.0454545454545
Promenade,CC4/DT15,WEEKDAY,12,858.5454545454545,1453.5454545454545
Promenade,CC4/DT15,WEEKDAY,13,1129.1363636363637,1290.1818181818182
Promenade,CC4/DT15,WEEKDAY,14,958.5454545454545,1033.9545454545455
Promenade,CC4/DT15,WEEKDAY,15,999.3636363636364,852.6363636363636
Promenade,CC4/DT15,WEEKDAY,16,1254.1363636363637,879.7727272727273
Promenade,CC4/DT15,WEEKDAY,17,2354.681818181818,1128.5
Promenade,CC4/DT15,WEEKDAY,18,3538.0,1677.3636363636363
Promenade,CC4/DT15,WEEKDAY,19,2002.5454545454545,951.0
Promenade,CC4/DT15,WEEKDAY,20,1573.590909090909,430.1818181818182
Promenade,CC4/DT15,WEEKDAY,21,1823.1363636363637,263.45454545454544
Promenade,CC4/DT15,WEEKDAY,22,1241.409090909091,201.3181818181818
Promenade,CC4/DT15,WEEKDAY,23,426.1818181818182,124.31818181818181
Promenade,CC4/DT15,WEEKENDS/HOLIDAY,0,18.444444444444443,13.0
Promenade,CC4/DT15,WEEKENDS/HOLIDAY,5,7.333333333333333,5.333333333333333
Promenade,CC4/DT15,WEEKENDS/HOLIDAY,6,68.77777777777777,341.6666666666667
Promenade,CC4/DT15,WEEKENDS/HOLIDAY,7,133.11111111111111,413.44444444444446
Promenade,CC4/DT15,WEEKENDS/HOLIDAY,8,114.55555555555556,533.5555555555555
Promenade,CC4/DT15,WEEKENDS/HOLIDAY,9,138.55555555555554,866.1111111111111
Promenade,CC4/DT15,WEEKENDS/HOLIDAY,10,231.66666666666666,1165.6666666666667
Promenade,CC4/DT15,WEEKENDS/HOLIDAY,11,336.3333333333333,1368.6666666666667
Promenade,CC4/DT15,WEEKENDS/HOLIDAY,12,545.4444444444445,1502.4444444444443
Promenade,CC4/DT15,WEEKENDS/HOLIDAY,13,757.4444444444445,1637.6666666666667
Promenade,CC4/DT15,WEEKENDS/HOLIDAY,14,999.1111111111111,1425.111111111111
Promenade,CC4/DT15,WEEKENDS/HOLIDAY,15,1298.4444444444443,1332.888888888889
Promenade,CC4/DT15,WEEKENDS/HOLIDAY,16,1449.4444444444443,1416.5555555555557
Promenade,CC4/DT15,WEEKENDS/HOLIDAY,17,1503.2222222222222,1427.0
Promenade,CC4/DT15,WEEKENDS/HOLIDAY,18,1573.0,1281.7777777777778
Promenade,CC4/DT15,WEEKENDS/HOLIDAY,19,1591.5555555555557,930.6666666666666
Promenade,CC4/DT15,WEEKENDS/HOLIDAY,20,1631.0,560.3333333333334
Promenade,CC4/DT15,WEEKENDS/HOLIDAY,21,2006.0,290.0
Promenade,CC4/DT15,WEEKENDS/HOLIDAY,22,1304.111111111111,215.77777777777777
Promenade,CC4/DT15,WEEKENDS/HOLIDAY,23,403.55555555555554,87.88888888888889
Punggol,NE17/PTC,WEEKDAY,0,256.3181818181818,201.8181818181818
Punggol,NE17/PTC,WEEKDAY,5,389.5,87.5
Punggol,NE17/PTC,WEEKDAY,6,1491.2727272727273,465.40909090909093
Punggol,NE17/PTC,WEEKDAY,7,4003.2727272727275,900.7272727272727
Punggol,NE17/PTC,WEEKDAY,8,4777.454545454545,1025.409090909091
Punggol,NE17/PTC,WEEKDAY,9,2489.5,1055.4545454545455
Punggol,NE17/PTC,WEEKDAY,10,1800.090909090909,1252.8636363636363
Punggol,NE17/PTC,WEEKDAY,11,1871.590909090909,1551.6818181818182
Punggol,NE17/PTC,WEEKDAY,12,2049.590909090909,2009.3181818181818
Punggol,NE17/PTC,WEEKDAY,13,2228.7272727272725,2150.181818181818
Punggol,NE17/PTC,WEEKDAY,14,2047.1818181818182,2043.7272727272727
Punggol,NE17/PTC,WEEKDAY,15,1899.5454545454545,2096.681818181818
Punggol,NE17/PTC,WEEKDAY,16,2091.7272727272725,2472.0
Punggol,NE17/PTC,WEEKDAY,17,2475.4545454545455,3423.5454545454545
Punggol,NE17/PTC,WEEKDAY,18,2708.181818181818,5480.5
Punggol,NE17/PTC,WEEKDAY,19,2270.909090909091,4334.681818181818
Punggol,NE17/PTC,WEEKDAY,20,1837.5454545454545,2667.318181818182
Punggol,NE17/PTC,WEEKDAY,21,1657.090909090909,2157.5454545454545
Punggol,NE17/PTC,WEEKDAY,22,897.4090909090909,1761.8636363636363
Punggol,NE17/PTC,WEEKDAY,23,262.95454545454544,1008.4545454545455
Punggol,NE17/PTC,WEEKENDS/HOLIDAY,0,30.22222222222222,191.77777777777777
Punggol,NE17/PTC,WEEKENDS/HOLIDAY,5,190.22222222222223,43.55555555555556
Punggol,NE17/PTC,WEEKENDS/HOLIDAY,6,601.8888888888889,232.11111111111111
Punggol,NE17/PTC,WEEKENDS/HOLIDAY,7,1000.0,470.22222222222223
Punggol,NE17/PTC,WEEKENDS/HOLIDAY,8,1588.0,846.8888888888889
Punggol,NE17/PTC,WEEKENDS/HOLIDAY,9,1988.5555555555557,1142.888888888889
Punggol,NE17/PTC,WEEKENDS/HOLIDAY,10,2252.6666666666665,1619.2222222222222
Punggol,NE17/PTC,WEEKENDS/HOLIDAY,11,2408.4444444444443,1965.2222222222222
Punggol,NE17/PTC,WEEKENDS/HOLIDAY,12,2619.4444444444443,2206.1111111111113
Punggol,NE17/PTC,WEEKENDS/HOLIDAY,13,2578.4444444444443,2342.777777777778
Punggol,NE17/PTC,WEEKENDS/HOLIDAY,14,2483.8888888888887,2354.222222222222
Punggol,NE17/PTC,WEEKENDS/HOLIDAY,15,2402.777777777778,2341.6666666666665
Punggol,NE17/PTC,WEEKENDS/HOLIDAY,16,2397.0,2453.8888888888887
Punggol,NE17/PTC,WEEKENDS/HOLIDAY,17,2603.8888888888887,2779.4444444444443
Punggol,NE17/PTC,WEEKENDS/HOLIDAY,18,2500.777777777778,2853.222222222222
Punggol,NE17/PTC,WEEKENDS/HOLIDAY,19,2135.8888888888887,2667.222222222222
Punggol,NE17/PTC,WEEKENDS/HOLIDAY,20,1873.4444444444443,2256.5555555555557
Punggol,NE17/PTC,WEEKENDS/HOLIDAY,21,1658.888888888889,1937.4444444444443
Punggol,NE17/PTC,WEEKENDS/HOLIDAY,22,938.1111111111111,1668.2222222222222
Punggol,NE17/PTC,WEEKENDS/HOLIDAY,23,279.44444444444446,960.4444444444445
Punggol Coast,NE18,WEEKDAY,0,7.2272727272727275,40.09090909090909
Punggol Coast,NE18,WEEKDAY,5,112.27272727272727,11.136363636363637
Punggol Coast,NE18,WEEKDAY,6,354.6363636363636,155.9090909090909
Punggol Coast,NE18,WEEKDAY,7,857.5454545454545,364.0
Punggol Coast,NE18,WEEKDAY,8,886.9545454545455,878.5
Punggol Coast,NE18,WEEKDAY,9,465.5,711.2727272727273
Punggol Coast,NE18,WEEKDAY,10,383.90909090909093,475.6363636363636
Punggol Coast,NE18,WEEKDAY,11,446.3181818181818,511.8636363636364
Punggol Coast,NE18,WEEKDAY,12,592.2272727272727,590.0
Punggol Coast,NE18,WEEKDAY,13,573.4090909090909,582.4090909090909
Punggol Coast,NE18,WEEKDAY,14,557.5,521.2727272727273
Punggol Coast,NE18,WEEKDAY,15,566.1363636363636,486.72727272727275
Punggol Coast,NE18,WEEKDAY,16,601.4090909090909,507.8181818181818
Punggol Coast,NE18,WEEKDAY,17,784.6363636363636,755.5
Punggol Coast,NE18,WEEKDAY,18,912.9090909090909,1127.7272727272727
Punggol Coast,NE18,WEEKDAY,19,661.0,897.9545454545455
Punggol Coast,NE18,WEEKDAY,20,578.1818181818181,500.22727272727275
Punggol Coast,NE18,WEEKDAY,21,526.0909090909091,375.04545454545456
Punggol Coast,NE18,WEEKDAY,22,393.6363636363636,286.45454545454544
Punggol Coast,NE18,WEEKDAY,23,76.04545454545455,144.5
Punggol Coast,NE18,WEEKENDS/HOLIDAY,0,0.0,40.111111111111114
Punggol Coast,NE18,WEEKENDS/HOLIDAY,5,56.44444444444444,7.444444444444445
Punggol Coast,NE18,WEEKENDS/HOLIDAY,6,162.55555555555554,101.33333333333333
Punggol Coast,NE18,WEEKENDS/HOLIDAY,7,243.66666666666666,339.8888888888889
Punggol Coast,NE18,WEEKENDS/HOLIDAY,8,328.6666666666667,364.3333333333333
Punggol Coast,NE18,WEEKENDS/HOLIDAY,9,418.44444444444446,467.1111111111111
Punggol Coast,NE18,WEEKENDS/HOLIDAY,10,538.1111111111111,559.0
Punggol Coast,NE18,WEEKENDS/HOLIDAY,11,604.7777777777778,649.6666666666666
Punggol Coast,NE18,WEEKENDS/HOLIDAY,12,651.8888888888889,665.8888888888889
Punggol Coast,NE18,WEEKENDS/HOLIDAY,13,668.6666666666666,666.7777777777778
Punggol Coast,NE18,WEEKENDS/HOLIDAY,14,684.1111111111111,591.2222222222222
Punggol Coast,NE18,WEEKENDS/HOLIDAY,15,675.3333333333334,601.1111111111111
Punggol Coast,NE18,WEEKENDS/HOLIDAY,16,728.6666666666666,657.5555555555555
Punggol Coast,NE18,WEEKENDS/HOLIDAY,17,707.3333333333334,802.0
Punggol Coast,NE18,WEEKENDS/HOLIDAY,18,698.8888888888889,818.6666666666666
Punggol Coast,NE18,WEEKENDS/HOLIDAY,19,692.1111111111111,635.7777777777778
Punggol Coast,NE18,WEEKENDS/HOLIDAY,20,661.7777777777778,468.0
Punggol Coast,NE18,WEEKENDS/HOLIDAY,21,520.7777777777778,370.22222222222223
Punggol Coast,NE18,WEEKENDS/HOLIDAY,22,294.3333333333333,296.77777777777777
Punggol Coast,NE18,WEEKENDS/HOLIDAY,23,59.22222222222222,166.55555555555554
Queenstown,EW19,WEEKDAY,0,13.318181818181818,64.54545454545455
Queenstown,EW19,WEEKDAY,5,151.36363636363637,18.318181818181817
Queenstown,EW19,WEEKDAY,6,599.3181818181819,322.59090909090907
Queenstown,EW19,WEEKDAY,7,1464.3636363636363,868.0454545454545
Queenstown,EW19,WEEKDAY,8,2249.318181818182,1110.409090909091
Queenstown,EW19,WEEKDAY,9,1505.6363636363637,536.3181818181819
Queenstown,EW19,WEEKDAY,10,885.8181818181819,365.04545454545456
Queenstown,EW19,WEEKDAY,11,778.3636363636364,407.5
Queenstown,EW19,WEEKDAY,12,739.7727272727273,552.0
Queenstown,EW19,WEEKDAY,13,661.8636363636364,628.8181818181819
Queenstown,EW19,WEEKDAY,14,548.0,610.9090909090909
Queenstown,EW19,WEEKDAY,15,589.4545454545455,652.7727272727273
Queenstown,EW19,WEEKDAY,16,717.2727272727273,789.8636363636364
Queenstown,EW19,WEEKDAY,17,1376.3636363636363,1206.5
Queenstown,EW19,WEEKDAY,18,1600.090909090909,1985.5454545454545
Queenstown,EW19,WEEKDAY,19,797.7272727272727,1434.0454545454545
Queenstown,EW19,WEEKDAY,20,410.8636363636364,1029.1818181818182
Queenstown,EW19,WEEKDAY,21,377.6818181818182,924.0
Queenstown,EW19,WEEKDAY,22,269.90909090909093,727.3636363636364
Queenstown,EW19,WEEKDAY,23,89.45454545454545,359.77272727272725
Queenstown,EW19,WEEKENDS/HOLIDAY,0,5.555555555555555,35.666666666666664
Queenstown,EW19,WEEKENDS/HOLIDAY,5,40.55555555555556,5.777777777777778
Queenstown,EW19,WEEKENDS/HOLIDAY,6,280.3333333333333,149.0
Queenstown,EW19,WEEKENDS/HOLIDAY,7,484.77777777777777,338.6666666666667
Queenstown,EW19,WEEKENDS/HOLIDAY,8,692.8888888888889,469.1111111111111
Queenstown,EW19,WEEKENDS/HOLIDAY,9,838.5555555555555,458.1111111111111
Queenstown,EW19,WEEKENDS/HOLIDAY,10,924.3333333333334,544.2222222222222
Queenstown,EW19,WEEKENDS/HOLIDAY,11,946.5555555555555,504.44444444444446
Queenstown,EW19,WEEKENDS/HOLIDAY,12,968.4444444444445,608.7777777777778
Queenstown,EW19,WEEKENDS/HOLIDAY,13,796.1111111111111,707.4444444444445
Queenstown,EW19,WEEKENDS/HOLIDAY,14,686.5555555555555,736.1111111111111
Queenstown,EW19,WEEKENDS/HOLIDAY,15,676.1111111111111,763.4444444444445
Queenstown,EW19,WEEKENDS/HOLIDAY,16,803.2222222222222,875.6666666666666
Queenstown,EW19,WEEKENDS/HOLIDAY,17,880.5555555555555,845.1111111111111
Queenstown,EW19,WEEKENDS/HOLIDAY,18,839.3333333333334,881.3333333333334
Queenstown,EW19,WEEKENDS/HOLIDAY,19,654.0,812.6666666666666
Queenstown,EW19,WEEKENDS/HOLIDAY,20,430.1111111111111,830.0
Queenstown,EW19,WEEKENDS/HOLIDAY,21,410.8888888888889,828.7777777777778
Queenstown,EW19,WEEKENDS/HOLIDAY,22,270.22222222222223,667.1111111111111
Queenstown,EW19,WEEKENDS/HOLIDAY,23,96.88888888888889,363.6666666666667
Raffles Place,EW14/NS26,WEEKDAY,0,1042.9545454545455,24.954545454545453
Raffles Place,EW14/NS26,WEEKDAY,5,32.40909090909091,114.95454545454545
Raffles Place,EW14/NS26,WEEKDAY,6,93.0909090909091,1629.3181818181818
Raffles Place,EW14/NS26,WEEKDAY,7,236.3181818181818,3490.909090909091
Raffles Place,EW14/NS26,WEEKDAY,8,433.04545454545456,13035.636363636364
Raffles Place,EW14/NS26,WEEKDAY,9,572.9545454545455,11728.59090909091
Raffles Place,EW14/NS26,WEEKDAY,10,951.3181818181819,3846.818181818182
Raffles Place,EW14/NS26,WEEKDAY,11,2685.7272727272725,2477.318181818182
Raffles Place,EW14/NS26,WEEKDAY,12,3339.181818181818,2438.0454545454545
Raffles Place,EW14/NS26,WEEKDAY,13,2503.5454545454545,3754.1363636363635
Raffles Place,EW14/NS26,WEEKDAY,14,2316.818181818182,2415.7272727272725
Raffles Place,EW14/NS26,WEEKDAY,15,2630.6363636363635,1501.0454545454545
Raffles Place,EW14/NS26,WEEKDAY,16,3347.7727272727275,1433.9545454545455
Raffles Place,EW14/NS26,WEEKDAY,17,7463.863636363636,1639.3181818181818
Raffles Place,EW14/NS26,WEEKDAY,18,13387.0,2116.2727272727275
Raffles Place,EW14/NS26,WEEKDAY,19,6015.227272727273,1367.1363636363637
Raffles Place,EW14/NS26,WEEKDAY,20,3372.2272727272725,780.8181818181819
Raffles Place,EW14/NS26,WEEKDAY,21,2356.818181818182,696.5
Raffles Place,EW14/NS26,WEEKDAY,22,1763.0454545454545,615.2272727272727
Raffles Place,EW14/NS26,WEEKDAY,23,938.5,326.27272727272725
Raffles Place,EW14/NS26,WEEKENDS/HOLIDAY,0,17.22222222222222,5.777777777777778
Raffles Place,EW14/NS26,WEEKENDS/HOLIDAY,5,29.444444444444443,14.444444444444445
Raffles Place,EW14/NS26,WEEKENDS/HOLIDAY,6,127.44444444444444,367.22222222222223
Raffles Place,EW14/NS26,WEEKENDS/HOLIDAY,7,160.0,651.1111111111111
Raffles Place,EW14/NS26,WEEKENDS/HOLIDAY,8,245.88888888888889,974.6666666666666
Raffles Place,EW14/NS26,WEEKENDS/HOLIDAY,9,347.6666666666667,1341.2222222222222
Raffles Place,EW14/NS26,WEEKENDS/HOLIDAY,10,622.2222222222222,1454.6666666666667
Raffles Place,EW14/NS26,WEEKENDS/HOLIDAY,11,927.8888888888889,1460.6666666666667
Raffles Place,EW14/NS26,WEEKENDS/HOLIDAY,12,1162.4444444444443,1344.3333333333333
Raffles Place,EW14/NS26,WEEKENDS/HOLIDAY,13,1152.111111111111,1189.2222222222222
Raffles Place,EW14/NS26,WEEKENDS/HOLIDAY,14,1203.888888888889,1203.6666666666667
Raffles Place,EW14/NS26,WEEKENDS/HOLIDAY,15,1318.6666666666667,1150.2222222222222
Raffles Place,EW14/NS26,WEEKENDS/HOLIDAY,16,1328.5555555555557,1201.2222222222222
Raffles Place,EW14/NS26,WEEKENDS/HOLIDAY,17,1356.4444444444443,1317.2222222222222
Raffles Place,EW14/NS26,WEEKENDS/HOLIDAY,18,1217.888888888889,1396.6666666666667
Raffles Place,EW14/NS26,WEEKENDS/HOLIDAY,19,1202.7777777777778,1032.7777777777778
Raffles Place,EW14/NS26,WEEKENDS/HOLIDAY,20,1235.2222222222222,649.5555555555555
Raffles Place,EW14/NS26,WEEKENDS/HOLIDAY,21,1228.0,444.0
Raffles Place,EW14/NS26,WEEKENDS/HOLIDAY,22,1241.3333333333333,301.6666666666667
Raffles Place,EW14/NS26,WEEKENDS/HOLIDAY,23,746.3333333333334,113.33333333333333
Redhill,EW18,WEEKDAY,0,8.090909090909092,55.04545454545455
Redhill,EW18,WEEKDAY,5,121.0909090909091,28.5
Redhill,EW18,WEEKDAY,6,568.5454545454545,482.04545454545456
Redhill,EW18,WEEKDAY,7,1193.9545454545455,1277.7727272727273
Redhill,EW18,WEEKDAY,8,1772.3636363636363,2369.590909090909
Redhill,EW18,WEEKDAY,9,1211.409090909091,1146.090909090909
Redhill,EW18,WEEKDAY,10,759.9545454545455,589.0454545454545
Redhill,EW18,WEEKDAY,11,747.3181818181819,557.4090909090909
Redhill,EW18,WEEKDAY,12,805.7272727272727,640.5909090909091
Redhill,EW18,WEEKDAY,13,736.9090909090909,711.0
Redhill,EW18,WEEKDAY,14,624.4545454545455,691.0
Redhill,EW18,WEEKDAY,15,662.8636363636364,696.9545454545455
Redhill,EW18,WEEKDAY,16,798.0,810.6363636363636
Redhill,EW18,WEEKDAY,17,1480.6363636363637,1160.090909090909
Redhill,EW18,WEEKDAY,18,2220.0454545454545,1771.2727272727273
Redhill,EW18,WEEKDAY,19,1020.8636363636364,1280.5
Redhill,EW18,WEEKDAY,20,578.2272727272727,858.9545454545455
Redhill,EW18,WEEKDAY,21,491.04545454545456,813.8636363636364
Redhill,EW18,WEEKDAY,22,340.45454545454544,657.1818181818181
Redhill,EW18,WEEKDAY,23,125.18181818181819,336.77272727272725
Redhill,EW18,WEEKENDS/HOLIDAY,0,3.3333333333333335,26.77777777777778
Redhill,EW18,WEEKENDS/HOLIDAY,5,33.666666666666664,7.222222222222222
Redhill,EW18,WEEKENDS/HOLIDAY,6,295.3333333333333,231.11111111111111
Redhill,EW18,WEEKENDS/HOLIDAY,7,420.6666666666667,478.44444444444446
Redhill,EW18,WEEKENDS/HOLIDAY,8,648.0,618.2222222222222
Redhill,EW18,WEEKENDS/HOLIDAY,9,737.6666666666666,684.4444444444445
Redhill,EW18,WEEKENDS/HOLIDAY,10,830.3333333333334,609.8888888888889
Redhill,EW18,WEEKENDS/HOLIDAY,11,872.3333333333334,590.7777777777778
Redhill,EW18,WEEKENDS/HOLIDAY,12,885.8888888888889,674.6666666666666
Redhill,EW18,WEEKENDS/HOLIDAY,13,780.5555555555555,741.0
Redhill,EW18,WEEKENDS/HOLIDAY,14,681.5555555555555,737.6666666666666
Redhill,EW18,WEEKENDS/HOLIDAY,15,708.7777777777778,752.1111111111111
Redhill,EW18,WEEKENDS/HOLIDAY,16,768.4444444444445,806.2222222222222
Redhill,EW18,WEEKENDS/HOLIDAY,17,924.7777777777778,814.5555555555555
Redhill,EW18,WEEKENDS/HOLIDAY,18,886.1111111111111,841.8888888888889
Redhill,EW18,WEEKENDS/HOLIDAY,19,642.4444444444445,803.1111111111111
Redhill,EW18,WEEKENDS/HOLIDAY,20,448.22222222222223,767.0
Redhill,EW18,WEEKENDS/HOLIDAY,21,397.3333333333333,760.2222222222222
Redhill,EW18,WEEKENDS/HOLIDAY,22,311.55555555555554,614.8888888888889
Redhill,EW18,WEEKENDS/HOLIDAY,23,130.0,351.77777777777777
Rochor,DT13,WEEKDAY,0,20.272727272727273,83.45454545454545
Rochor,DT13,WEEKDAY,5,34.86363636363637,4.5
Rochor,DT13,WEEKDAY,6,247.54545454545453,126.5909090909091
Rochor,DT13,WEEKDAY,7,393.1818181818182,375.6363636363636
Rochor,DT13,WEEKDAY,8,462.8181818181818,896.9545454545455
Rochor,DT13,WEEKDAY,9,355.3636363636364,681.5
Rochor,DT13,WEEKDAY,10,357.95454545454544,607.1363636363636
Rochor,DT13,WEEKDAY,11,447.45454545454544,649.9090909090909
Rochor,DT13,WEEKDAY,12,505.8636363636364,758.6363636363636
Rochor,DT13,WEEKDAY,13,687.8636363636364,559.2272727272727
Rochor,DT13,WEEKDAY,14,528.6818181818181,540.2727272727273
Rochor,DT13,WEEKDAY,15,538.2272727272727,490.0
Rochor,DT13,WEEKDAY,16,591.3636363636364,478.3181818181818
Rochor,DT13,WEEKDAY,17,920.6363636363636,608.8636363636364
Rochor,DT13,WEEKDAY,18,1117.3181818181818,859.4545454545455
Rochor,DT13,WEEKDAY,19,816.8181818181819,650.5454545454545
Rochor,DT13,WEEKDAY,20,616.2272727272727,421.6363636363636
Rochor,DT13,WEEKDAY,21,467.3636363636364,425.40909090909093
Rochor,DT13,WEEKDAY,22,341.72727272727275,354.04545454545456
Rochor,DT13,WEEKDAY,23,173.04545454545453,188.04545454545453
Rochor,DT13,WEEKENDS/HOLIDAY,0,11.88888888888889,28.666666666666668
Rochor,DT13,WEEKENDS/HOLIDAY,5,17.0,2.4444444444444446
Rochor,DT13,WEEKENDS/HOLIDAY,6,185.0,94.0
Rochor,DT13,WEEKENDS/HOLIDAY,7,263.77777777777777,229.22222222222223
Rochor,DT13,WEEKENDS/HOLIDAY,8,294.1111111111111,501.1111111111111
Rochor,DT13,WEEKENDS/HOLIDAY,9,344.8888888888889,613.3333333333334
Rochor,DT13,WEEKENDS/HOLIDAY,10,446.55555555555554,727.0
Rochor,DT13,WEEKENDS/HOLIDAY,11,557.0,753.1111111111111
Rochor,DT13,WEEKENDS/HOLIDAY,12,638.7777777777778,747.7777777777778
Rochor,DT13,WEEKENDS/HOLIDAY,13,680.6666666666666,787.4444444444445
Rochor,DT13,WEEKENDS/HOLIDAY,14,656.7777777777778,761.3333333333334
Rochor,DT13,WEEKENDS/HOLIDAY,15,681.4444444444445,691.1111111111111
Rochor,DT13,WEEKENDS/HOLIDAY,16,778.4444444444445,654.8888888888889
Rochor,DT13,WEEKENDS/HOLIDAY,17,872.8888888888889,670.1111111111111
Rochor,DT13,WEEKENDS/HOLIDAY,18,875.7777777777778,608.2222222222222
Rochor,DT13,WEEKENDS/HOLIDAY,19,756.0,515.5555555555555
Rochor,DT13,WEEKENDS/HOLIDAY,20,605.6666666666666,483.22222222222223
Rochor,DT13,WEEKENDS/HOLIDAY,21,446.44444444444446,466.8888888888889
Rochor,DT13,WEEKENDS/HOLIDAY,22,298.22222222222223,407.1111111111111
Rochor,DT13,WEEKENDS/HOLIDAY,23,161.66666666666666,197.66666666666666
Sembawang,NS11,WEEKDAY,0,52.86363636363637,424.90909090909093
Sembawang,NS11,WEEKDAY,5,935.0,128.0
Sembawang,NS11,WEEKDAY,6,2753.7272727272725,948.8181818181819
Sembawang,NS11,WEEKDAY,7,5874.5,2274.590909090909
Sembawang,NS11,WEEKDAY,8,4938.454545454545,1841.8636363636363
Sembawang,NS11,WEEKDAY,9,2582.0,943.2727272727273
Sembawang,NS11,WEEKDAY,10,1907.0454545454545,761.5
Sembawang,NS11,WEEKDAY,11,1694.7272727272727,857.2727272727273
Sembawang,NS11,WEEKDAY,12,1672.7272727272727,1086.8181818181818
Sembawang,NS11,WEEKDAY,13,1529.7272727272727,1320.2727272727273
Sembawang,NS11,WEEKDAY,14,1343.7272727272727,1325.409090909091
Sembawang,NS11,WEEKDAY,15,1266.6818181818182,1517.4545454545455
Sembawang,NS11,WEEKDAY,16,1412.1818181818182,1943.2727272727273
Sembawang,NS11,WEEKDAY,17,2543.681818181818,2950.590909090909
Sembawang,NS11,WEEKDAY,18,2695.5,5361.727272727273
Sembawang,NS11,WEEKDAY,19,1666.0,4363.090909090909
Sembawang,NS11,WEEKDAY,20,1156.8636363636363,2870.090909090909
Sembawang,NS11,WEEKDAY,21,902.0,2674.5
Sembawang,NS11,WEEKDAY,22,613.8181818181819,2466.8636363636365
Sembawang,NS11,WEEKDAY,23,232.72727272727272,1368.3636363636363
Sembawang,NS11,WEEKENDS/HOLIDAY,0,51.77777777777778,470.0
Sembawang,NS11,WEEKENDS/HOLIDAY,5,518.1111111111111,62.77777777777778
Sembawang,NS11,WEEKENDS/HOLIDAY,6,1284.7777777777778,394.3333333333333
Sembawang,NS11,WEEKENDS/HOLIDAY,7,1774.5555555555557,919.4444444444445
Sembawang,NS11,WEEKENDS/HOLIDAY,8,2224.222222222222,987.1111111111111
Sembawang,NS11,WEEKENDS/HOLIDAY,9,2428.4444444444443,1001.5555555555555
Sembawang,NS11,WEEKENDS/HOLIDAY,10,2342.3333333333335,1057.3333333333333
Sembawang,NS11,WEEKENDS/HOLIDAY,11,2316.6666666666665,1161.0
Sembawang,NS11,WEEKENDS/HOLIDAY,12,2212.3333333333335,1332.4444444444443
Sembawang,NS11,WEEKENDS/HOLIDAY,13,2066.777777777778,1628.111111111111
Sembawang,NS11,WEEKENDS/HOLIDAY,14,1847.0,1732.3333333333333
Sembawang,NS11,WEEKENDS/HOLIDAY,15,1795.888888888889,1817.111111111111
Sembawang,NS11,WEEKENDS/HOLIDAY,16,1894.7777777777778,2021.111111111111
Sembawang,NS11,WEEKENDS/HOLIDAY,17,2110.4444444444443,2234.5555555555557
Sembawang,NS11,WEEKENDS/HOLIDAY,18,1896.3333333333333,2449.5555555555557
Sembawang,NS11,WEEKENDS/HOLIDAY,19,1465.888888888889,2408.777777777778
Sembawang,NS11,WEEKENDS/HOLIDAY,20,1060.0,2508.6666666666665
Sembawang,NS11,WEEKENDS/HOLIDAY,21,872.5555555555555,2607.1111111111113
Sembawang,NS11,WEEKENDS/HOLIDAY,22,655.7777777777778,2534.777777777778
Sembawang,NS11,WEEKENDS/HOLIDAY,23,259.77777777777777,1561.2222222222222
Sengkang,NE16/STC,WEEKDAY,0,33.81818181818182,280.8636363636364
Sengkang,NE16/STC,WEEKDAY,5,453.0,124.81818181818181
Sengkang,NE16/STC,WEEKDAY,6,1699.3636363636363,728.8181818181819
Sengkang,NE16/STC,WEEKDAY,7,4375.863636363636,1339.5
Sengkang,NE16/STC,WEEKDAY,8,5135.0,1225.2727272727273
Sengkang,NE16/STC,WEEKDAY,9,2853.5454545454545,1049.4545454545455
Sengkang,NE16/STC,WEEKDAY,10,2126.4545454545455,1181.1818181818182
Sengkang,NE16/STC,WEEKDAY,11,2179.181818181818,1537.4545454545455
Sengkang,NE16/STC,WEEKDAY,12,2302.818181818182,1970.1818181818182
Sengkang,NE16/STC,WEEKDAY,13,2308.5454545454545,2113.5
Sengkang,NE16/STC,WEEKDAY,14,2027.5,2066.3636363636365
Sengkang,NE16/STC,WEEKDAY,15,1905.2272727272727,2147.1363636363635
Sengkang,NE16/STC,WEEKDAY,16,1989.3636363636363,2584.6363636363635
Sengkang,NE16/STC,WEEKDAY,17,2540.6363636363635,3801.9545454545455
Sengkang,NE16/STC,WEEKDAY,18,2999.3636363636365,6124.681818181818
Sengkang,NE16/STC,WEEKDAY,19,2285.818181818182,4675.590909090909
Sengkang,NE16/STC,WEEKDAY,20,1613.909090909091,3061.909090909091
Sengkang,NE16/STC,WEEKDAY,21,1283.6818181818182,2558.318181818182
Sengkang,NE16/STC,WEEKDAY,22,680.5,2343.909090909091
Sengkang,NE16/STC,WEEKDAY,23,259.59090909090907,1072.3636363636363
Sengkang,NE16/STC,WEEKENDS/HOLIDAY,0,32.333333333333336,206.55555555555554
Sengkang,NE16/STC,WEEKENDS/HOLIDAY,5,191.88888888888889,51.77777777777778
Sengkang,NE16/STC,WEEKENDS/HOLIDAY,6,739.6666666666666,282.0
Sengkang,NE16/STC,WEEKENDS/HOLIDAY,7,1207.5555555555557,542.0
Sengkang,NE16/STC,WEEKENDS/HOLIDAY,8,1762.2222222222222,806.8888888888889
Sengkang,NE16/STC,WEEKENDS/HOLIDAY,9,2250.222222222222,1053.3333333333333
Sengkang,NE16/STC,WEEKENDS/HOLIDAY,10,2393.3333333333335,1395.111111111111
Sengkang,NE16/STC,WEEKENDS/HOLIDAY,11,2544.777777777778,1756.6666666666667
Sengkang,NE16/STC,WEEKENDS/HOLIDAY,12,2633.4444444444443,2040.888888888889
Sengkang,NE16/STC,WEEKENDS/HOLIDAY,13,2555.777777777778,2151.5555555555557
Sengkang,NE16/STC,WEEKENDS/HOLIDAY,14,2405.8888888888887,2159.0
Sengkang,NE16/STC,WEEKENDS/HOLIDAY,15,2228.0,2362.4444444444443
Sengkang,NE16/STC,WEEKENDS/HOLIDAY,16,2261.222222222222,2506.5555555555557
Sengkang,NE16/STC,WEEKENDS/HOLIDAY,17,2450.1111111111113,2827.222222222222
Sengkang,NE16/STC,WEEKENDS/HOLIDAY,18,2298.6666666666665,2959.1111111111113
Sengkang,NE16/STC,WEEKENDS/HOLIDAY,19,1854.6666666666667,2752.1111111111113
Sengkang,NE16/STC,WEEKENDS/HOLIDAY,20,1435.2222222222222,2585.8888888888887
Sengkang,NE16/STC,WEEKENDS/HOLIDAY,21,1223.888888888889,2484.222222222222
Sengkang,NE16/STC,WEEKENDS/HOLIDAY,22,684.8888888888889,2173.0
Sengkang,NE16/STC,WEEKENDS/HOLIDAY,23,251.55555555555554,1146.111111111111
Serangoon,NE12/CC13,WEEKDAY,0,45.0,232.95454545454547
Serangoon,NE12/CC13,WEEKDAY,5,387.04545454545456,40.27272727272727
Serangoon,NE12/CC13,WEEKDAY,6,1914.909090909091,767.4090909090909
Serangoon,NE12/CC13,WEEKDAY,7,4442.0,1827.909090909091
Serangoon,NE12/CC13,WEEKDAY,8,6492.227272727273,2047.409090909091
Serangoon,NE12/CC13,WEEKDAY,9,3780.0,1644.2272727272727
Serangoon,NE12/CC13,WEEKDAY,10,2451.3636363636365,1848.6363636363637
Serangoon,NE12/CC13,WEEKDAY,11,2331.0454545454545,2311.409090909091
Serangoon,NE12/CC13,WEEKDAY,12,2504.318181818182,2859.5454545454545
Serangoon,NE12/CC13,WEEKDAY,13,2749.181818181818,2838.7727272727275
Serangoon,NE12/CC13,WEEKDAY,14,2596.0,2708.0
Serangoon,NE12/CC13,WEEKDAY,15,2495.5454545454545,2958.409090909091
Serangoon,NE12/CC13,WEEKDAY,16,2676.5454545454545,3381.8636363636365
Serangoon,NE12/CC13,WEEKDAY,17,3434.4545454545455,5183.636363636364
Serangoon,NE12/CC13,WEEKDAY,18,4334.727272727273,8246.59090909091
Serangoon,NE12/CC13,WEEKDAY,19,3209.7272727272725,5635.0
Serangoon,NE12/CC13,WEEKDAY,20,2684.0454545454545,3457.181818181818
Serangoon,NE12/CC13,WEEKDAY,21,2633.5,3061.0454545454545
Serangoon,NE12/CC13,WEEKDAY,22,1531.909090909091,2509.7272727272725
Serangoon,NE12/CC13,WEEKDAY,23,457.22727272727275,1225.6363636363637
Serangoon,NE12/CC13,WEEKENDS/HOLIDAY,0,25.555555555555557,152.11111111111111
Serangoon,NE12/CC13,WEEKENDS/HOLIDAY,5,113.11111111111111,31.666666666666668
Serangoon,NE12/CC13,WEEKENDS/HOLIDAY,6,886.3333333333334,561.6666666666666
Serangoon,NE12/CC13,WEEKENDS/HOLIDAY,7,1433.888888888889,1197.4444444444443
Serangoon,NE12/CC13,WEEKENDS/HOLIDAY,8,2151.0,1559.0
Serangoon,NE12/CC13,WEEKENDS/HOLIDAY,9,2887.5555555555557,1889.2222222222222
Serangoon,NE12/CC13,WEEKENDS/HOLIDAY,10,2908.3333333333335,2290.4444444444443
Serangoon,NE12/CC13,WEEKENDS/HOLIDAY,11,2951.777777777778,2829.4444444444443
Serangoon,NE12/CC13,WEEKENDS/HOLIDAY,12,3189.1111111111113,3340.6666666666665
Serangoon,NE12/CC13,WEEKENDS/HOLIDAY,13,3246.777777777778,3479.6666666666665
Serangoon,NE12/CC13,WEEKENDS/HOLIDAY,14,3240.4444444444443,3251.1111111111113
Serangoon,NE12/CC13,WEEKENDS/HOLIDAY,15,3261.5555555555557,3347.8888888888887
Serangoon,NE12/CC13,WEEKENDS/HOLIDAY,16,3565.8888888888887,3654.1111111111113
Serangoon,NE12/CC13,WEEKENDS/HOLIDAY,17,3600.1111111111113,4182.444444444444
Serangoon,NE12/CC13,WEEKENDS/HOLIDAY,18,3487.777777777778,4184.888888888889
Serangoon,NE12/CC13,WEEKENDS/HOLIDAY,19,2944.0,3579.8888888888887
Serangoon,NE12/CC13,WEEKENDS/HOLIDAY,20,2450.222222222222,3022.4444444444443
Serangoon,NE12/CC13,WEEKENDS/HOLIDAY,21,2417.222222222222,2728.777777777778
Serangoon,NE12/CC13,WEEKENDS/HOLIDAY,22,1533.7777777777778,2495.4444444444443
Serangoon,NE12/CC13,WEEKENDS/HOLIDAY,23,428.22222222222223,1233.3333333333333
Shenton Way,TE19,WEEKDAY,0,79.9090909090909,11.590909090909092
Shenton Way,TE19,WEEKDAY,5,1.4545454545454546,0.09090909090909091
Shenton Way,TE19,WEEKDAY,6,25.863636363636363,321.0
Shenton Way,TE19,WEEKDAY,7,53.31818181818182,846.4545454545455
Shenton Way,TE19,WEEKDAY,8,109.81818181818181,3358.7272727272725
Shenton Way,TE19,WEEKDAY,9,107.72727272727273,3079.8636363636365
Shenton Way,TE19,WEEKDAY,10,142.5909090909091,882.0454545454545
Shenton Way,TE19,WEEKDAY,11,416.3181818181818,495.5
Shenton Way,TE19,WEEKDAY,12,499.3181818181818,421.3181818181818
Shenton Way,TE19,WEEKDAY,13,404.59090909090907,560.9090909090909
Shenton Way,TE19,WEEKDAY,14,416.45454545454544,374.90909090909093
Shenton Way,TE19,WEEKDAY,15,471.40909090909093,208.6818181818182
Shenton Way,TE19,WEEKDAY,16,708.3181818181819,198.5909090909091
Shenton Way,TE19,WEEKDAY,17,1909.8636363636363,250.63636363636363
Shenton Way,TE19,WEEKDAY,18,3203.0,328.04545454545456
Shenton Way,TE19,WEEKDAY,19,1437.5454545454545,202.27272727272728
Shenton Way,TE19,WEEKDAY,20,697.2727272727273,117.36363636363636
Shenton Way,TE19,WEEKDAY,21,435.72727272727275,94.0
Shenton Way,TE19,WEEKDAY,22,293.6363636363636,85.63636363636364
Shenton Way,TE19,WEEKDAY,23,123.68181818181819,43.77272727272727
Shenton Way,TE19,WEEKENDS/HOLIDAY,0,4.666666666666667,7.777777777777778
Shenton Way,TE19,WEEKENDS/HOLIDAY,5,0.7777777777777778,0.0
Shenton Way,TE19,WEEKENDS/HOLIDAY,6,20.444444444444443,60.111111111111114
Shenton Way,TE19,WEEKENDS/HOLIDAY,7,40.333333333333336,116.66666666666667
Shenton Way,TE19,WEEKENDS/HOLIDAY,8,67.88888888888889,187.22222222222223
Shenton Way,TE19,WEEKENDS/HOLIDAY,9,80.66666666666667,181.11111111111111
Shenton Way,TE19,WEEKENDS/HOLIDAY,10,128.33333333333334,174.11111111111111
Shenton Way,TE19,WEEKENDS/HOLIDAY,11,179.33333333333334,192.0
Shenton Way,TE19,WEEKENDS/HOLIDAY,12,200.55555555555554,199.0
Shenton Way,TE19,WEEKENDS/HOLIDAY,13,189.44444444444446,179.0
Shenton Way,TE19,WEEKENDS/HOLIDAY,14,204.44444444444446,173.44444444444446
Shenton Way,TE19,WEEKENDS/HOLIDAY,15,208.44444444444446,146.33333333333334
Shenton Way,TE19,WEEKENDS/HOLIDAY,16,221.77777777777777,151.11111111111111
Shenton Way,TE19,WEEKENDS/HOLIDAY,17,221.88888888888889,188.66666666666666
Shenton Way,TE19,WEEKENDS/HOLIDAY,18,244.55555555555554,195.66666666666666
Shenton Way,TE19,WEEKENDS/HOLIDAY,19,210.88888888888889,166.0
Shenton Way,TE19,WEEKENDS/HOLIDAY,20,179.11111111111111,126.11111111111111
Shenton Way,TE19,WEEKENDS/HOLIDAY,21,181.22222222222223,113.77777777777777
Shenton Way,TE19,WEEKENDS/HOLIDAY,22,153.33333333333334,80.22222222222223
Shenton Way,TE19,WEEKENDS/HOLIDAY,23,76.88888888888889,36.0
Siglap,TE28,WEEKDAY,0,4.454545454545454,40.40909090909091
Siglap,TE28,WEEKDAY,5,13.045454545454545,0.18181818181818182
Siglap,TE28,WEEKDAY,6,104.13636363636364,23.818181818181817
Siglap,TE28,WEEKDAY,7,324.09090909090907,94.54545454545455
Siglap,TE28,WEEKDAY,8,515.4090909090909,134.45454545454547
Siglap,TE28,WEEKDAY,9,309.09090909090907,106.95454545454545
Siglap,TE28,WEEKDAY,10,204.22727272727272,89.9090909090909
Siglap,TE28,WEEKDAY,11,193.77272727272728,104.63636363636364
Siglap,TE28,WEEKDAY,12,188.22727272727272,170.0
Siglap,TE28,WEEKDAY,13,193.95454545454547,187.36363636363637
Siglap,TE28,WEEKDAY,14,142.54545454545453,171.45454545454547
Siglap,TE28,WEEKDAY,15,110.72727272727273,196.9090909090909
Siglap,TE28,WEEKDAY,16,142.8181818181818,220.0909090909091
Siglap,TE28,WEEKDAY,17,212.22727272727272,323.90909090909093
Siglap,TE28,WEEKDAY,18,217.45454545454547,483.3636363636364
Siglap,TE28,WEEKDAY,19,140.5,419.95454545454544
Siglap,TE28,WEEKDAY,20,92.54545454545455,266.8181818181818
Siglap,TE28,WEEKDAY,21,66.5909090909091,232.27272727272728
Siglap,TE28,WEEKDAY,22,57.72727272727273,187.5909090909091
Siglap,TE28,WEEKDAY,23,24.59090909090909,95.18181818181819
Siglap,TE28,WEEKENDS/HOLIDAY,0,0.6666666666666666,26.11111111111111
Siglap,TE28,WEEKENDS/HOLIDAY,5,4.666666666666667,0.3333333333333333
Siglap,TE28,WEEKENDS/HOLIDAY,6,52.666666666666664,11.222222222222221
Siglap,TE28,WEEKENDS/HOLIDAY,7,106.44444444444444,58.55555555555556
Siglap,TE28,WEEKENDS/HOLIDAY,8,178.22222222222223,75.66666666666667
Siglap,TE28,WEEKENDS/HOLIDAY,9,203.44444444444446,106.11111111111111
Siglap,TE28,WEEKENDS/HOLIDAY,10,223.33333333333334,126.11111111111111
Siglap,TE28,WEEKENDS/HOLIDAY,11,223.77777777777777,153.22222222222223
Siglap,TE28,WEEKENDS/HOLIDAY,12,199.77777777777777,167.22222222222223
Siglap,TE28,WEEKENDS/HOLIDAY,13,170.33333333333334,185.22222222222223
Siglap,TE28,WEEKENDS/HOLIDAY,14,141.66666666666666,174.33333333333334
Siglap,TE28,WEEKENDS/HOLIDAY,15,159.55555555555554,207.22222222222223
Siglap,TE28,WEEKENDS/HOLIDAY,16,183.11111111111111,251.33333333333334
Siglap,TE28,WEEKENDS/HOLIDAY,17,194.66666666666666,243.22222222222223
Siglap,TE28,WEEKENDS/HOLIDAY,18,214.33333333333334,270.0
Siglap,TE28,WEEKENDS/HOLIDAY,19,162.0,262.22222222222223
Siglap,TE28,WEEKENDS/HOLIDAY,20,118.66666666666667,239.44444444444446
Siglap,TE28,WEEKENDS/HOLIDAY,21,91.44444444444444,219.22222222222223
Siglap,TE28,WEEKENDS/HOLIDAY,22,64.88888888888889,174.66666666666666
Siglap,TE28,WEEKENDS/HOLIDAY,23,28.444444444444443,83.22222222222223
Simei,EW3,WEEKDAY,0,6.5,102.86363636363636
Simei,EW3,WEEKDAY,5,147.0909090909091,12.090909090909092
Simei,EW3,WEEKDAY,6,450.72727272727275,219.5909090909091
Simei,EW3,WEEKDAY,7,1049.5454545454545,500.6363636363636
Simei,EW3,WEEKDAY,8,1381.6818181818182,594.0454545454545
Simei,EW3,WEEKDAY,9,803.2272727272727,383.22727272727275
Simei,EW3,WEEKDAY,10,650.5,357.95454545454544
Simei,EW3,WEEKDAY,11,682.3181818181819,396.72727272727275
Simei,EW3,WEEKDAY,12,678.6818181818181,510.22727272727275
Simei,EW3,WEEKDAY,13,655.6818181818181,591.7272727272727
Simei,EW3,WEEKDAY,14,583.2727272727273,600.4090909090909
Simei,EW3,WEEKDAY,15,562.6363636363636,599.0
Simei,EW3,WEEKDAY,16,645.5,686.9090909090909
Simei,EW3,WEEKDAY,17,929.2272727272727,946.9545454545455
Simei,EW3,WEEKDAY,18,1026.090909090909,1546.6818181818182
Simei,EW3,WEEKDAY,19,619.7727272727273,1217.1818181818182
Simei,EW3,WEEKDAY,20,415.0,856.9545454545455
Simei,EW3,WEEKDAY,21,348.3181818181818,794.8181818181819
Simei,EW3,WEEKDAY,22,207.3181818181818,678.0
Simei,EW3,WEEKDAY,23,64.5909090909091,328.04545454545456
Simei,EW3,WEEKENDS/HOLIDAY,0,3.4444444444444446,82.55555555555556
Simei,EW3,WEEKENDS/HOLIDAY,5,81.33333333333333,3.7777777777777777
Simei,EW3,WEEKENDS/HOLIDAY,6,217.66666666666666,111.11111111111111
Simei,EW3,WEEKENDS/HOLIDAY,7,349.22222222222223,225.22222222222223
Simei,EW3,WEEKENDS/HOLIDAY,8,600.8888888888889,277.1111111111111
Simei,EW3,WEEKENDS/HOLIDAY,9,729.4444444444445,323.44444444444446
Simei,EW3,WEEKENDS/HOLIDAY,10,771.2222222222222,367.3333333333333
Simei,EW3,WEEKENDS/HOLIDAY,11,743.5555555555555,410.6666666666667
Simei,EW3,WEEKENDS/HOLIDAY,12,713.3333333333334,525.0
Simei,EW3,WEEKENDS/HOLIDAY,13,686.7777777777778,565.2222222222222
Simei,EW3,WEEKENDS/HOLIDAY,14,642.4444444444445,623.6666666666666
Simei,EW3,WEEKENDS/HOLIDAY,15,614.4444444444445,658.4444444444445
Simei,EW3,WEEKENDS/HOLIDAY,16,644.0,689.0
Simei,EW3,WEEKENDS/HOLIDAY,17,756.3333333333334,813.4444444444445
Simei,EW3,WEEKENDS/HOLIDAY,18,705.3333333333334,877.8888888888889
Simei,EW3,WEEKENDS/HOLIDAY,19,513.4444444444445,820.1111111111111
Simei,EW3,WEEKENDS/HOLIDAY,20,363.0,739.1111111111111
Simei,EW3,WEEKENDS/HOLIDAY,21,314.77777777777777,766.7777777777778
Simei,EW3,WEEKENDS/HOLIDAY,22,204.66666666666666,701.0
Simei,EW3,WEEKENDS/HOLIDAY,23,57.44444444444444,335.0
Sixth Avenue,DT7,WEEKDAY,0,2.6363636363636362,17.545454545454547
Sixth Avenue,DT7,WEEKDAY,5,8.5,2.272727272727273
Sixth Avenue,DT7,WEEKDAY,6,43.31818181818182,110.81818181818181
Sixth Avenue,DT7,WEEKDAY,7,180.95454545454547,427.54545454545456
Sixth Avenue,DT7,WEEKDAY,8,326.95454545454544,543.9090909090909
Sixth Avenue,DT7,WEEKDAY,9,211.72727272727272,224.77272727272728
Sixth Avenue,DT7,WEEKDAY,10,146.8181818181818,132.04545454545453
Sixth Avenue,DT7,WEEKDAY,11,155.27272727272728,131.36363636363637
Sixth Avenue,DT7,WEEKDAY,12,161.5,147.45454545454547
Sixth Avenue,DT7,WEEKDAY,13,148.5909090909091,165.9090909090909
Sixth Avenue,DT7,WEEKDAY,14,125.27272727272727,170.72727272727272
Sixth Avenue,DT7,WEEKDAY,15,181.54545454545453,187.77272727272728
Sixth Avenue,DT7,WEEKDAY,16,246.6818181818182,215.0909090909091
Sixth Avenue,DT7,WEEKDAY,17,367.90909090909093,299.72727272727275
Sixth Avenue,DT7,WEEKDAY,18,421.3636363636364,420.8181818181818
Sixth Avenue,DT7,WEEKDAY,19,230.1818181818182,295.95454545454544
Sixth Avenue,DT7,WEEKDAY,20,107.68181818181819,176.63636363636363
Sixth Avenue,DT7,WEEKDAY,21,75.77272727272727,170.22727272727272
Sixth Avenue,DT7,WEEKDAY,22,73.45454545454545,128.63636363636363
Sixth Avenue,DT7,WEEKDAY,23,27.136363636363637,61.59090909090909
Sixth Avenue,DT7,WEEKENDS/HOLIDAY,0,0.8888888888888888,8.333333333333334
Sixth Avenue,DT7,WEEKENDS/HOLIDAY,5,5.0,0.5555555555555556
Sixth Avenue,DT7,WEEKENDS/HOLIDAY,6,26.11111111111111,51.111111111111114
Sixth Avenue,DT7,WEEKENDS/HOLIDAY,7,79.0,164.77777777777777
Sixth Avenue,DT7,WEEKENDS/HOLIDAY,8,156.77777777777777,155.77777777777777
Sixth Avenue,DT7,WEEKENDS/HOLIDAY,9,236.0,136.77777777777777
Sixth Avenue,DT7,WEEKENDS/HOLIDAY,10,217.22222222222223,138.44444444444446
Sixth Avenue,DT7,WEEKENDS/HOLIDAY,11,181.77777777777777,136.22222222222223
Sixth Avenue,DT7,WEEKENDS/HOLIDAY,12,184.66666666666666,140.11111111111111
Sixth Avenue,DT7,WEEKENDS/HOLIDAY,13,160.66666666666666,150.88888888888889
Sixth Avenue,DT7,WEEKENDS/HOLIDAY,14,147.55555555555554,152.22222222222223
Sixth Avenue,DT7,WEEKENDS/HOLIDAY,15,132.66666666666666,170.11111111111111
Sixth Avenue,DT7,WEEKENDS/HOLIDAY,16,161.44444444444446,198.33333333333334
Sixth Avenue,DT7,WEEKENDS/HOLIDAY,17,203.77777777777777,240.55555555555554
Sixth Avenue,DT7,WEEKENDS/HOLIDAY,18,198.33333333333334,270.1111111111111
Sixth Avenue,DT7,WEEKENDS/HOLIDAY,19,141.0,229.88888888888889
Sixth Avenue,DT7,WEEKENDS/HOLIDAY,20,92.11111111111111,188.44444444444446
Sixth Avenue,DT7,WEEKENDS/HOLIDAY,21,70.0,171.66666666666666
Sixth Avenue,DT7,WEEKENDS/HOLIDAY,22,76.44444444444444,141.77777777777777
Sixth Avenue,DT7,WEEKENDS/HOLIDAY,23,29.0,57.55555555555556
Somerset,NS23,WEEKDAY,0,89.31818181818181,66.36363636363636
Somerset,NS23,WEEKDAY,5,18.0,28.727272727272727
Somerset,NS23,WEEKDAY,6,125.81818181818181,463.40909090909093
Somerset,NS23,WEEKDAY,7,364.6363636363636,1142.409090909091
Somerset,NS23,WEEKDAY,8,646.4090909090909,2259.4545454545455
Somerset,NS23,WEEKDAY,9,568.5909090909091,2442.9545454545455
Somerset,NS23,WEEKDAY,10,583.8636363636364,2140.818181818182
Somerset,NS23,WEEKDAY,11,904.3181818181819,2386.2727272727275
Somerset,NS23,WEEKDAY,12,1296.1818181818182,2855.8636363636365
Somerset,NS23,WEEKDAY,13,2008.409090909091,2481.7272727272725
Somerset,NS23,WEEKDAY,14,2016.1818181818182,2390.2272727272725
Somerset,NS23,WEEKDAY,15,2299.590909090909,2329.590909090909
Somerset,NS23,WEEKDAY,16,2584.0454545454545,2438.7272727272725
Somerset,NS23,WEEKDAY,17,3354.181818181818,2915.7727272727275
Somerset,NS23,WEEKDAY,18,3838.590909090909,4510.363636363636
Somerset,NS23,WEEKDAY,19,2933.1363636363635,2704.2727272727275
Somerset,NS23,WEEKDAY,20,3093.2727272727275,1336.5
Somerset,NS23,WEEKDAY,21,3726.8636363636365,831.9545454545455
Somerset,NS23,WEEKDAY,22,2888.8636363636365,482.0
Somerset,NS23,WEEKDAY,23,1020.5909090909091,190.54545454545453
Somerset,NS23,WEEKENDS/HOLIDAY,0,34.666666666666664,10.0
Somerset,NS23,WEEKENDS/HOLIDAY,5,10.555555555555555,9.333333333333334
Somerset,NS23,WEEKENDS/HOLIDAY,6,109.77777777777777,296.8888888888889
Somerset,NS23,WEEKENDS/HOLIDAY,7,188.77777777777777,685.8888888888889
Somerset,NS23,WEEKENDS/HOLIDAY,8,262.44444444444446,1023.3333333333334
Somerset,NS23,WEEKENDS/HOLIDAY,9,403.55555555555554,1846.7777777777778
Somerset,NS23,WEEKENDS/HOLIDAY,10,609.4444444444445,2187.5555555555557
Somerset,NS23,WEEKENDS/HOLIDAY,11,890.6666666666666,2545.3333333333335
Somerset,NS23,WEEKENDS/HOLIDAY,12,1328.3333333333333,2958.0
Somerset,NS23,WEEKENDS/HOLIDAY,13,1726.3333333333333,3119.6666666666665
Somerset,NS23,WEEKENDS/HOLIDAY,14,2141.8888888888887,2956.4444444444443
Somerset,NS23,WEEKENDS/HOLIDAY,15,2696.6666666666665,3003.222222222222
Somerset,NS23,WEEKENDS/HOLIDAY,16,3118.777777777778,2956.8888888888887
Somerset,NS23,WEEKENDS/HOLIDAY,17,3262.3333333333335,3153.777777777778
Somerset,NS23,WEEKENDS/HOLIDAY,18,3086.0,3034.222222222222
Somerset,NS23,WEEKENDS/HOLIDAY,19,3056.0,2190.222222222222
Somerset,NS23,WEEKENDS/HOLIDAY,20,3123.222222222222,1345.0
Somerset,NS23,WEEKENDS/HOLIDAY,21,3615.777777777778,886.7777777777778
Somerset,NS23,WEEKENDS/HOLIDAY,22,2921.0,511.55555555555554
Somerset,NS23,WEEKENDS/HOLIDAY,23,1062.0,204.22222222222223
Springleaf,TE4,WEEKDAY,0,10.090909090909092,21.09090909090909
Springleaf,TE4,WEEKDAY,5,28.863636363636363,19.0
Springleaf,TE4,WEEKDAY,6,162.9090909090909,168.95454545454547
Springleaf,TE4,WEEKDAY,7,351.3181818181818,724.6818181818181
Springleaf,TE4,WEEKDAY,8,415.77272727272725,670.0454545454545
Springleaf,TE4,WEEKDAY,9,229.6818181818182,270.90909090909093
Springleaf,TE4,WEEKDAY,10,174.04545454545453,190.45454545454547
Springleaf,TE4,WEEKDAY,11,209.22727272727272,175.86363636363637
Springleaf,TE4,WEEKDAY,12,261.77272727272725,199.9090909090909
Springleaf,TE4,WEEKDAY,13,271.40909090909093,180.4090909090909
Springleaf,TE4,WEEKDAY,14,212.9090909090909,167.27272727272728
Springleaf,TE4,WEEKDAY,15,254.04545454545453,153.0
Springleaf,TE4,WEEKDAY,16,342.59090909090907,175.9090909090909
Springleaf,TE4,WEEKDAY,17,741.4545454545455,302.0
Springleaf,TE4,WEEKDAY,18,722.0,498.90909090909093
Springleaf,TE4,WEEKDAY,19,379.90909090909093,390.5
Springleaf,TE4,WEEKDAY,20,212.13636363636363,249.22727272727272
Springleaf,TE4,WEEKDAY,21,180.0909090909091,205.54545454545453
Springleaf,TE4,WEEKDAY,22,159.36363636363637,161.72727272727272
Springleaf,TE4,WEEKDAY,23,76.5,85.27272727272727
Springleaf,TE4,WEEKENDS/HOLIDAY,0,9.555555555555555,21.88888888888889
Springleaf,TE4,WEEKENDS/HOLIDAY,5,9.88888888888889,2.888888888888889
Springleaf,TE4,WEEKENDS/HOLIDAY,6,84.11111111111111,81.77777777777777
Springleaf,TE4,WEEKENDS/HOLIDAY,7,147.0,215.88888888888889
Springleaf,TE4,WEEKENDS/HOLIDAY,8,202.66666666666666,249.22222222222223
Springleaf,TE4,WEEKENDS/HOLIDAY,9,229.0,239.33333333333334
Springleaf,TE4,WEEKENDS/HOLIDAY,10,222.66666666666666,261.0
Springleaf,TE4,WEEKENDS/HOLIDAY,11,264.6666666666667,252.66666666666666
Springleaf,TE4,WEEKENDS/HOLIDAY,12,302.1111111111111,248.11111111111111
Springleaf,TE4,WEEKENDS/HOLIDAY,13,301.8888888888889,247.77777777777777
Springleaf,TE4,WEEKENDS/HOLIDAY,14,285.44444444444446,200.66666666666666
Springleaf,TE4,WEEKENDS/HOLIDAY,15,298.6666666666667,188.22222222222223
Springleaf,TE4,WEEKENDS/HOLIDAY,16,313.3333333333333,202.0
Springleaf,TE4,WEEKENDS/HOLIDAY,17,345.0,282.8888888888889
Springleaf,TE4,WEEKENDS/HOLIDAY,18,389.22222222222223,336.0
Springleaf,TE4,WEEKENDS/HOLIDAY,19,294.22222222222223,298.0
Springleaf,TE4,WEEKENDS/HOLIDAY,20,206.0,247.22222222222223
Springleaf,TE4,WEEKENDS/HOLIDAY,21,168.33333333333334,220.22222222222223
Springleaf,TE4,WEEKENDS/HOLIDAY,22,177.11111111111111,171.66666666666666
Springleaf,TE4,WEEKENDS/HOLIDAY,23,92.55555555555556,96.22222222222223
Stadium,CC6,WEEKDAY,0,370.8181818181818,10.318181818181818
Stadium,CC6,WEEKDAY,5,5.909090909090909,1.2727272727272727
Stadium,CC6,WEEKDAY,6,27.227272727272727,147.54545454545453
Stadium,CC6,WEEKDAY,7,64.36363636363636,236.4090909090909
Stadium,CC6,WEEKDAY,8,162.95454545454547,514.0909090909091
Stadium,CC6,WEEKDAY,9,151.0,498.04545454545456
Stadium,CC6,WEEKDAY,10,168.9090909090909,318.3181818181818
Stadium,CC6,WEEKDAY,11,257.04545454545456,331.3636363636364
Stadium,CC6,WEEKDAY,12,342.27272727272725,396.09090909090907
Stadium,CC6,WEEKDAY,13,378.04545454545456,415.8636363636364
Stadium,CC6,WEEKDAY,14,312.27272727272725,402.77272727272725
Stadium,CC6,WEEKDAY,15,320.0,371.90909090909093
Stadium,CC6,WEEKDAY,16,403.40909090909093,416.8636363636364
Stadium,CC6,WEEKDAY,17,489.59090909090907,500.54545454545456
Stadium,CC6,WEEKDAY,18,655.0,849.5454545454545
Stadium,CC6,WEEKDAY,19,487.22727272727275,620.9090909090909
Stadium,CC6,WEEKDAY,20,537.1363636363636,316.45454545454544
Stadium,CC6,WEEKDAY,21,712.0,196.6818181818182
Stadium,CC6,WEEKDAY,22,614.2272727272727,169.04545454545453
Stadium,CC6,WEEKDAY,23,165.72727272727272,93.0909090909091
Stadium,CC6,WEEKENDS/HOLIDAY,0,2.5555555555555554,2.2222222222222223
Stadium,CC6,WEEKENDS/HOLIDAY,5,2.888888888888889,0.4444444444444444
Stadium,CC6,WEEKENDS/HOLIDAY,6,10.222222222222221,36.55555555555556
Stadium,CC6,WEEKENDS/HOLIDAY,7,17.444444444444443,73.0
Stadium,CC6,WEEKENDS/HOLIDAY,8,44.111111111111114,126.22222222222223
Stadium,CC6,WEEKENDS/HOLIDAY,9,160.33333333333334,438.1111111111111
Stadium,CC6,WEEKENDS/HOLIDAY,10,273.0,453.6666666666667
Stadium,CC6,WEEKENDS/HOLIDAY,11,392.3333333333333,506.77777777777777
Stadium,CC6,WEEKENDS/HOLIDAY,12,394.77777777777777,490.22222222222223
Stadium,CC6,WEEKENDS/HOLIDAY,13,422.6666666666667,567.0
Stadium,CC6,WEEKENDS/HOLIDAY,14,479.55555555555554,598.0
Stadium,CC6,WEEKENDS/HOLIDAY,15,490.44444444444446,556.5555555555555
Stadium,CC6,WEEKENDS/HOLIDAY,16,568.6666666666666,565.0
Stadium,CC6,WEEKENDS/HOLIDAY,17,606.5555555555555,593.4444444444445
Stadium,CC6,WEEKENDS/HOLIDAY,18,598.7777777777778,642.1111111111111
Stadium,CC6,WEEKENDS/HOLIDAY,19,713.3333333333334,534.0
Stadium,CC6,WEEKENDS/HOLIDAY,20,500.22222222222223,230.33333333333334
Stadium,CC6,WEEKENDS/HOLIDAY,21,710.1111111111111,124.44444444444444
Stadium,CC6,WEEKENDS/HOLIDAY,22,751.6666666666666,83.66666666666667
Stadium,CC6,WEEKENDS/HOLIDAY,23,92.11111111111111,21.0
Stevens,DT10,WEEKDAY,0,5.0,17.09090909090909
Stevens,TE11,WEEKDAY,0,7.454545454545454,30.318181818181817
Stevens,DT10,WEEKDAY,5,3.227272727272727,1.9545454545454546
Stevens,TE11,WEEKDAY,5,7.318181818181818,2.0
Stevens,DT10,WEEKDAY,6,117.68181818181819,75.0909090909091
Stevens,TE11,WEEKDAY,6,107.9090909090909,68.68181818181819
Stevens,DT10,WEEKDAY,7,279.72727272727275,179.9090909090909
Stevens,TE11,WEEKDAY,7,273.8181818181818,202.6818181818182
Stevens,DT10,WEEKDAY,8,484.1818181818182,203.22727272727272
Stevens,TE11,WEEKDAY,8,480.45454545454544,253.22727272727272
Stevens,DT10,WEEKDAY,9,313.3636363636364,109.45454545454545
Stevens,TE11,WEEKDAY,9,288.95454545454544,142.95454545454547
Stevens,DT10,WEEKDAY,10,208.4090909090909,80.63636363636364
Stevens,TE11,WEEKDAY,10,195.95454545454547,103.68181818181819
Stevens,DT10,WEEKDAY,11,208.54545454545453,78.13636363636364
Stevens,TE11,WEEKDAY,11,196.13636363636363,104.0
Stevens,DT10,WEEKDAY,12,186.86363636363637,103.72727272727273
Stevens,TE11,WEEKDAY,12,181.45454545454547,125.5909090909091
Stevens,DT10,WEEKDAY,13,159.63636363636363,115.0
Stevens,TE11,WEEKDAY,13,145.3181818181818,138.86363636363637
Stevens,DT10,WEEKDAY,14,144.86363636363637,108.18181818181819
Stevens,TE11,WEEKDAY,14,134.0909090909091,139.1818181818182
Stevens,DT10,WEEKDAY,15,134.9090909090909,117.4090909090909
Stevens,TE11,WEEKDAY,15,143.77272727272728,168.8181818181818
Stevens,DT10,WEEKDAY,16,157.36363636363637,142.63636363636363
Stevens,TE11,WEEKDAY,16,181.8181818181818,188.36363636363637
Stevens,DT10,WEEKDAY,17,246.45454545454547,213.95454545454547
Stevens,TE11,WEEKDAY,17,266.40909090909093,286.54545454545456
Stevens,DT10,WEEKDAY,18,289.1818181818182,305.45454545454544
Stevens,TE11,WEEKDAY,18,361.6818181818182,402.8181818181818
Stevens,DT10,WEEKDAY,19,155.5,220.27272727272728
Stevens,TE11,WEEKDAY,19,209.8181818181818,280.3636363636364
Stevens,DT10,WEEKDAY,20,95.72727272727273,132.3181818181818
Stevens,TE11,WEEKDAY,20,118.36363636363636,199.77272727272728
Stevens,DT10,WEEKDAY,21,95.36363636363636,137.63636363636363
Stevens,TE11,WEEKDAY,21,97.13636363636364,222.4090909090909
Stevens,DT10,WEEKDAY,22,74.5,117.0909090909091
Stevens,TE11,WEEKDAY,22,91.04545454545455,189.54545454545453
Stevens,DT10,WEEKDAY,23,27.318181818181817,79.5909090909091
Stevens,TE11,WEEKDAY,23,51.45454545454545,113.0909090909091
Stevens,DT10,WEEKENDS/HOLIDAY,0,2.888888888888889,10.555555555555555
Stevens,TE11,WEEKENDS/HOLIDAY,0,5.0,21.333333333333332
Stevens,DT10,WEEKENDS/HOLIDAY,5,3.5555555555555554,0.8888888888888888
Stevens,TE11,WEEKENDS/HOLIDAY,5,3.5555555555555554,0.3333333333333333
Stevens,DT10,WEEKENDS/HOLIDAY,6,60.0,42.22222222222222
Stevens,TE11,WEEKENDS/HOLIDAY,6,64.0,43.0
Stevens,DT10,WEEKENDS/HOLIDAY,7,109.55555555555556,102.22222222222223
Stevens,TE11,WEEKENDS/HOLIDAY,7,109.33333333333333,115.55555555555556
Stevens,DT10,WEEKENDS/HOLIDAY,8,154.55555555555554,97.88888888888889
Stevens,TE11,WEEKENDS/HOLIDAY,8,151.22222222222223,136.22222222222223
Stevens,DT10,WEEKENDS/HOLIDAY,9,202.77777777777777,96.77777777777777
Stevens,TE11,WEEKENDS/HOLIDAY,9,198.33333333333334,121.22222222222223
Stevens,DT10,WEEKENDS/HOLIDAY,10,222.44444444444446,106.33333333333333
Stevens,TE11,WEEKENDS/HOLIDAY,10,197.77777777777777,136.0
Stevens,DT10,WEEKENDS/HOLIDAY,11,252.22222222222223,109.0
Stevens,TE11,WEEKENDS/HOLIDAY,11,233.22222222222223,140.22222222222223
Stevens,DT10,WEEKENDS/HOLIDAY,12,223.33333333333334,114.33333333333333
Stevens,TE11,WEEKENDS/HOLIDAY,12,226.33333333333334,140.66666666666666
Stevens,DT10,WEEKENDS/HOLIDAY,13,183.77777777777777,122.0
Stevens,TE11,WEEKENDS/HOLIDAY,13,185.44444444444446,160.11111111111111
Stevens,DT10,WEEKENDS/HOLIDAY,14,181.22222222222223,117.0
Stevens,TE11,WEEKENDS/HOLIDAY,14,156.66666666666666,160.33333333333334
Stevens,DT10,WEEKENDS/HOLIDAY,15,170.77777777777777,125.22222222222223
Stevens,TE11,WEEKENDS/HOLIDAY,15,158.0,177.11111111111111
Stevens,DT10,WEEKENDS/HOLIDAY,16,181.66666666666666,139.66666666666666
Stevens,TE11,WEEKENDS/HOLIDAY,16,190.0,185.44444444444446
Stevens,DT10,WEEKENDS/HOLIDAY,17,203.22222222222223,150.22222222222223
Stevens,TE11,WEEKENDS/HOLIDAY,17,214.66666666666666,207.55555555555554
Stevens,DT10,WEEKENDS/HOLIDAY,18,213.22222222222223,166.22222222222223
Stevens,TE11,WEEKENDS/HOLIDAY,18,215.77777777777777,211.77777777777777
Stevens,DT10,WEEKENDS/HOLIDAY,19,139.44444444444446,154.88888888888889
Stevens,TE11,WEEKENDS/HOLIDAY,19,181.88888888888889,194.11111111111111
Stevens,DT10,WEEKENDS/HOLIDAY,20,99.22222222222223,127.66666666666667
Stevens,TE11,WEEKENDS/HOLIDAY,20,103.22222222222223,195.0
Stevens,DT10,WEEKENDS/HOLIDAY,21,92.55555555555556,143.66666666666666
Stevens,TE11,WEEKENDS/HOLIDAY,21,95.44444444444444,207.33333333333334
Stevens,DT10,WEEKENDS/HOLIDAY,22,77.22222222222223,132.33333333333334
Stevens,TE11,WEEKENDS/HOLIDAY,22,92.88888888888889,192.44444444444446
Stevens,DT10,WEEKENDS/HOLIDAY,23,34.22222222222222,79.77777777777777
Stevens,TE11,WEEKENDS/HOLIDAY,23,58.44444444444444,120.0
Tai Seng,CC11,WEEKDAY,0,20.545454545454547,30.363636363636363
Tai Seng,CC11,WEEKDAY,5,66.68181818181819,54.90909090909091
Tai Seng,CC11,WEEKDAY,6,448.0,1071.1818181818182
Tai Seng,CC11,WEEKDAY,7,634.4545454545455,2753.9545454545455
Tai Seng,CC11,WEEKDAY,8,496.5,5331.181818181818
Tai Seng,CC11,WEEKDAY,9,330.6363636363636,3093.181818181818
Tai Seng,CC11,WEEKDAY,10,285.72727272727275,966.5
Tai Seng,CC11,WEEKDAY,11,529.5,615.5909090909091
Tai Seng,CC11,WEEKDAY,12,859.6818181818181,642.5454545454545
Tai Seng,CC11,WEEKDAY,13,799.2272727272727,771.0454545454545
Tai Seng,CC11,WEEKDAY,14,675.2727272727273,575.3636363636364
Tai Seng,CC11,WEEKDAY,15,872.0,452.04545454545456
Tai Seng,CC11,WEEKDAY,16,1313.0,454.45454545454544
Tai Seng,CC11,WEEKDAY,17,3633.8636363636365,685.0
Tai Seng,CC11,WEEKDAY,18,4825.681818181818,1110.0454545454545
Tai Seng,CC11,WEEKDAY,19,2095.2272727272725,927.7272727272727
Tai Seng,CC11,WEEKDAY,20,1107.1363636363637,514.5454545454545
Tai Seng,CC11,WEEKDAY,21,806.0909090909091,425.72727272727275
Tai Seng,CC11,WEEKDAY,22,491.45454545454544,310.8181818181818
Tai Seng,CC11,WEEKDAY,23,137.63636363636363,133.95454545454547
Tai Seng,CC11,WEEKENDS/HOLIDAY,0,1.6666666666666667,13.0
Tai Seng,CC11,WEEKENDS/HOLIDAY,5,14.333333333333334,3.5555555555555554
Tai Seng,CC11,WEEKENDS/HOLIDAY,6,78.66666666666667,129.22222222222223
Tai Seng,CC11,WEEKENDS/HOLIDAY,7,116.11111111111111,187.11111111111111
Tai Seng,CC11,WEEKENDS/HOLIDAY,8,156.88888888888889,269.22222222222223
Tai Seng,CC11,WEEKENDS/HOLIDAY,9,263.44444444444446,1016.8888888888889
Tai Seng,CC11,WEEKENDS/HOLIDAY,10,311.77777777777777,744.0
Tai Seng,CC11,WEEKENDS/HOLIDAY,11,446.3333333333333,573.6666666666666
Tai Seng,CC11,WEEKENDS/HOLIDAY,12,672.2222222222222,626.1111111111111
Tai Seng,CC11,WEEKENDS/HOLIDAY,13,844.2222222222222,615.7777777777778
Tai Seng,CC11,WEEKENDS/HOLIDAY,14,760.4444444444445,538.0
Tai Seng,CC11,WEEKENDS/HOLIDAY,15,794.6666666666666,524.2222222222222
Tai Seng,CC11,WEEKENDS/HOLIDAY,16,936.0,534.3333333333334
Tai Seng,CC11,WEEKENDS/HOLIDAY,17,1117.4444444444443,630.3333333333334
Tai Seng,CC11,WEEKENDS/HOLIDAY,18,943.1111111111111,680.0
Tai Seng,CC11,WEEKENDS/HOLIDAY,19,815.6666666666666,628.7777777777778
Tai Seng,CC11,WEEKENDS/HOLIDAY,20,636.7777777777778,503.0
Tai Seng,CC11,WEEKENDS/HOLIDAY,21,511.3333333333333,420.1111111111111
Tai Seng,CC11,WEEKENDS/HOLIDAY,22,304.6666666666667,322.22222222222223
Tai Seng,CC11,WEEKENDS/HOLIDAY,23,81.55555555555556,177.11111111111111
Tampines,EW2/DT32,WEEKDAY,0,160.63636363636363,286.1363636363636
Tampines,EW2/DT32,WEEKDAY,5,558.7727272727273,127.54545454545455
Tampines,EW2/DT32,WEEKDAY,6,1938.5454545454545,1063.3181818181818
Tampines,EW2/DT32,WEEKDAY,7,4690.590909090909,2477.409090909091
Tampines,EW2/DT32,WEEKDAY,8,6184.272727272727,2905.1363636363635
Tampines,EW2/DT32,WEEKDAY,9,3302.8636363636365,2046.6363636363637
Tampines,EW2/DT32,WEEKDAY,10,2218.8636363636365,1683.409090909091
Tampines,EW2/DT32,WEEKDAY,11,2182.7272727272725,1902.3181818181818
Tampines,EW2/DT32,WEEKDAY,12,2379.681818181818,2335.9545454545455
Tampines,EW2/DT32,WEEKDAY,13,2543.1363636363635,2458.181818181818
Tampines,EW2/DT32,WEEKDAY,14,2315.590909090909,2399.5
Tampines,EW2/DT32,WEEKDAY,15,2230.0,2540.5454545454545
Tampines,EW2/DT32,WEEKDAY,16,2494.2727272727275,3111.9545454545455
Tampines,EW2/DT32,WEEKDAY,17,3474.4545454545455,4834.454545454545
Tampines,EW2/DT32,WEEKDAY,18,4589.227272727273,7941.136363636364
Tampines,EW2/DT32,WEEKDAY,19,3325.3636363636365,5386.454545454545
Tampines,EW2/DT32,WEEKDAY,20,2415.3636363636365,3077.0454545454545
Tampines,EW2/DT32,WEEKDAY,21,2246.3636363636365,2444.2272727272725
Tampines,EW2/DT32,WEEKDAY,22,1310.2727272727273,2224.4545454545455
Tampines,EW2/DT32,WEEKDAY,23,408.27272727272725,1147.8636363636363
Tampines,EW2/DT32,WEEKENDS/HOLIDAY,0,51.77777777777778,258.77777777777777
Tampines,EW2/DT32,WEEKENDS/HOLIDAY,5,246.44444444444446,53.666666666666664
Tampines,EW2/DT32,WEEKENDS/HOLIDAY,6,870.7777777777778,515.7777777777778
Tampines,EW2/DT32,WEEKENDS/HOLIDAY,7,1456.5555555555557,1084.2222222222222
Tampines,EW2/DT32,WEEKENDS/HOLIDAY,8,2075.4444444444443,1431.3333333333333
Tampines,EW2/DT32,WEEKENDS/HOLIDAY,9,2582.777777777778,1702.3333333333333
Tampines,EW2/DT32,WEEKENDS/HOLIDAY,10,2666.4444444444443,2011.6666666666667
Tampines,EW2/DT32,WEEKENDS/HOLIDAY,11,2797.777777777778,2242.6666666666665
Tampines,EW2/DT32,WEEKENDS/HOLIDAY,12,2919.6666666666665,2532.5555555555557
Tampines,EW2/DT32,WEEKENDS/HOLIDAY,13,2923.3333333333335,2696.222222222222
Tampines,EW2/DT32,WEEKENDS/HOLIDAY,14,2877.6666666666665,2739.8888888888887
Tampines,EW2/DT32,WEEKENDS/HOLIDAY,15,2882.222222222222,2919.5555555555557
Tampines,EW2/DT32,WEEKENDS/HOLIDAY,16,2977.0,3209.5555555555557
Tampines,EW2/DT32,WEEKENDS/HOLIDAY,17,3280.5555555555557,3741.1111111111113
Tampines,EW2/DT32,WEEKENDS/HOLIDAY,18,3130.4444444444443,3834.8888888888887
Tampines,EW2/DT32,WEEKENDS/HOLIDAY,19,2669.777777777778,3271.777777777778
Tampines,EW2/DT32,WEEKENDS/HOLIDAY,20,2280.0,2741.6666666666665
Tampines,EW2/DT32,WEEKENDS/HOLIDAY,21,2116.3333333333335,2346.5555555555557
Tampines,EW2/DT32,WEEKENDS/HOLIDAY,22,1302.7777777777778,2200.5555555555557
Tampines,EW2/DT32,WEEKENDS/HOLIDAY,23,414.6666666666667,1148.3333333333333
Tampines East,DT33,WEEKDAY,0,4.954545454545454,198.04545454545453
Tampines East,DT33,WEEKDAY,5,307.40909090909093,4.181818181818182
Tampines East,DT33,WEEKDAY,6,1215.090909090909,338.59090909090907
Tampines East,DT33,WEEKDAY,7,3067.7272727272725,859.8636363636364
Tampines East,DT33,WEEKDAY,8,3710.318181818182,658.5454545454545
Tampines East,DT33,WEEKDAY,9,1779.3636363636363,313.1818181818182
Tampines East,DT33,WEEKDAY,10,1019.1818181818181,229.36363636363637
Tampines East,DT33,WEEKDAY,11,782.8181818181819,261.0
Tampines East,DT33,WEEKDAY,12,765.3636363636364,386.22727272727275
Tampines East,DT33,WEEKDAY,13,679.7272727272727,501.45454545454544
Tampines East,DT33,WEEKDAY,14,553.5909090909091,536.1818181818181
Tampines East,DT33,WEEKDAY,15,488.5,636.6363636363636
Tampines East,DT33,WEEKDAY,16,618.5,813.5909090909091
Tampines East,DT33,WEEKDAY,17,1006.7272727272727,1445.9545454545455
Tampines East,DT33,WEEKDAY,18,1169.5454545454545,2747.5454545454545
Tampines East,DT33,WEEKDAY,19,730.6363636363636,2150.0454545454545
Tampines East,DT33,WEEKDAY,20,402.90909090909093,1444.409090909091
Tampines East,DT33,WEEKDAY,21,310.72727272727275,1335.1818181818182
Tampines East,DT33,WEEKDAY,22,208.95454545454547,1235.5454545454545
Tampines East,DT33,WEEKDAY,23,79.95454545454545,733.0454545454545
Tampines East,DT33,WEEKENDS/HOLIDAY,0,1.5555555555555556,186.0
Tampines East,DT33,WEEKENDS/HOLIDAY,5,135.88888888888889,1.7777777777777777
Tampines East,DT33,WEEKENDS/HOLIDAY,6,450.77777777777777,145.33333333333334
Tampines East,DT33,WEEKENDS/HOLIDAY,7,771.3333333333334,359.6666666666667
Tampines East,DT33,WEEKENDS/HOLIDAY,8,936.3333333333334,321.22222222222223
Tampines East,DT33,WEEKENDS/HOLIDAY,9,1089.6666666666667,273.3333333333333
Tampines East,DT33,WEEKENDS/HOLIDAY,10,1078.111111111111,276.55555555555554
Tampines East,DT33,WEEKENDS/HOLIDAY,11,1036.4444444444443,339.77777777777777
Tampines East,DT33,WEEKENDS/HOLIDAY,12,976.2222222222222,443.6666666666667
Tampines East,DT33,WEEKENDS/HOLIDAY,13,858.6666666666666,571.4444444444445
Tampines East,DT33,WEEKENDS/HOLIDAY,14,741.1111111111111,649.2222222222222
Tampines East,DT33,WEEKENDS/HOLIDAY,15,716.8888888888889,695.3333333333334
Tampines East,DT33,WEEKENDS/HOLIDAY,16,801.6666666666666,720.7777777777778
Tampines East,DT33,WEEKENDS/HOLIDAY,17,978.5555555555555,827.7777777777778
Tampines East,DT33,WEEKENDS/HOLIDAY,18,889.4444444444445,970.6666666666666
Tampines East,DT33,WEEKENDS/HOLIDAY,19,586.0,1027.0
Tampines East,DT33,WEEKENDS/HOLIDAY,20,346.0,1099.2222222222222
Tampines East,DT33,WEEKENDS/HOLIDAY,21,262.3333333333333,1244.111111111111
Tampines East,DT33,WEEKENDS/HOLIDAY,22,196.55555555555554,1182.2222222222222
Tampines East,DT33,WEEKENDS/HOLIDAY,23,79.77777777777777,735.3333333333334
Tampines West,DT31,WEEKDAY,0,7.454545454545454,64.0909090909091
Tampines West,DT31,WEEKDAY,5,111.18181818181819,2.6363636363636362
Tampines West,DT31,WEEKDAY,6,473.59090909090907,149.4090909090909
Tampines West,DT31,WEEKDAY,7,1163.590909090909,415.77272727272725
Tampines West,DT31,WEEKDAY,8,1566.5,768.9545454545455
Tampines West,DT31,WEEKDAY,9,731.8181818181819,318.0
Tampines West,DT31,WEEKDAY,10,418.22727272727275,200.1818181818182
Tampines West,DT31,WEEKDAY,11,393.04545454545456,224.04545454545453
Tampines West,DT31,WEEKDAY,12,386.1818181818182,331.0
Tampines West,DT31,WEEKDAY,13,361.5,341.0
Tampines West,DT31,WEEKDAY,14,296.95454545454544,327.72727272727275
Tampines West,DT31,WEEKDAY,15,335.6363636363636,344.77272727272725
Tampines West,DT31,WEEKDAY,16,397.6363636363636,440.8181818181818
Tampines West,DT31,WEEKDAY,17,593.1818181818181,767.6818181818181
Tampines West,DT31,WEEKDAY,18,650.1818181818181,1469.2727272727273
Tampines West,DT31,WEEKDAY,19,377.09090909090907,1041.590909090909
Tampines West,DT31,WEEKDAY,20,256.90909090909093,662.1818181818181
Tampines West,DT31,WEEKDAY,21,240.8181818181818,584.6818181818181
Tampines West,DT31,WEEKDAY,22,158.45454545454547,545.0454545454545
Tampines West,DT31,WEEKDAY,23,56.04545454545455,291.40909090909093
Tampines West,DT31,WEEKENDS/HOLIDAY,0,2.888888888888889,65.77777777777777
Tampines West,DT31,WEEKENDS/HOLIDAY,5,42.0,0.7777777777777778
Tampines West,DT31,WEEKENDS/HOLIDAY,6,222.66666666666666,78.44444444444444
Tampines West,DT31,WEEKENDS/HOLIDAY,7,335.8888888888889,174.55555555555554
Tampines West,DT31,WEEKENDS/HOLIDAY,8,434.6666666666667,230.44444444444446
Tampines West,DT31,WEEKENDS/HOLIDAY,9,460.0,210.44444444444446
Tampines West,DT31,WEEKENDS/HOLIDAY,10,455.1111111111111,198.66666666666666
Tampines West,DT31,WEEKENDS/HOLIDAY,11,438.44444444444446,245.33333333333334
Tampines West,DT31,WEEKENDS/HOLIDAY,12,468.1111111111111,312.55555555555554
Tampines West,DT31,WEEKENDS/HOLIDAY,13,427.6666666666667,322.22222222222223
Tampines West,DT31,WEEKENDS/HOLIDAY,14,384.8888888888889,363.55555555555554
Tampines West,DT31,WEEKENDS/HOLIDAY,15,367.8888888888889,386.3333333333333
Tampines West,DT31,WEEKENDS/HOLIDAY,16,408.77777777777777,435.77777777777777
Tampines West,DT31,WEEKENDS/HOLIDAY,17,478.1111111111111,496.44444444444446
Tampines West,DT31,WEEKENDS/HOLIDAY,18,441.0,529.6666666666666
Tampines West,DT31,WEEKENDS/HOLIDAY,19,318.3333333333333,537.7777777777778
Tampines West,DT31,WEEKENDS/HOLIDAY,20,222.0,535.7777777777778
Tampines West,DT31,WEEKENDS/HOLIDAY,21,226.88888888888889,569.4444444444445
Tampines West,DT31,WEEKENDS/HOLIDAY,22,121.33333333333333,520.1111111111111
Tampines West,DT31,WEEKENDS/HOLIDAY,23,50.44444444444444,301.44444444444446
Tan Kah Kee,DT8,WEEKDAY,0,2.090909090909091,18.545454545454547
Tan Kah Kee,DT8,WEEKDAY,5,6.545454545454546,4.545454545454546
Tan Kah Kee,DT8,WEEKDAY,6,39.22727272727273,93.31818181818181
Tan Kah Kee,DT8,WEEKDAY,7,192.0909090909091,279.3636363636364
Tan Kah Kee,DT8,WEEKDAY,8,330.6818181818182,284.5
Tan Kah Kee,DT8,WEEKDAY,9,218.95454545454547,158.95454545454547
Tan Kah Kee,DT8,WEEKDAY,10,152.04545454545453,131.86363636363637
Tan Kah Kee,DT8,WEEKDAY,11,188.86363636363637,109.04545454545455
Tan Kah Kee,DT8,WEEKDAY,12,173.54545454545453,136.54545454545453
Tan Kah Kee,DT8,WEEKDAY,13,144.45454545454547,144.86363636363637
Tan Kah Kee,DT8,WEEKDAY,14,129.86363636363637,141.04545454545453
Tan Kah Kee,DT8,WEEKDAY,15,141.86363636363637,154.95454545454547
Tan Kah Kee,DT8,WEEKDAY,16,183.54545454545453,178.22727272727272
Tan Kah Kee,DT8,WEEKDAY,17,284.04545454545456,237.77272727272728
Tan Kah Kee,DT8,WEEKDAY,18,305.0,311.8636363636364
Tan Kah Kee,DT8,WEEKDAY,19,191.8181818181818,230.77272727272728
Tan Kah Kee,DT8,WEEKDAY,20,92.0909090909091,126.22727272727273
Tan Kah Kee,DT8,WEEKDAY,21,76.63636363636364,127.13636363636364
Tan Kah Kee,DT8,WEEKDAY,22,53.36363636363637,93.0909090909091
Tan Kah Kee,DT8,WEEKDAY,23,19.40909090909091,46.72727272727273
Tan Kah Kee,DT8,WEEKENDS/HOLIDAY,0,1.6666666666666667,7.888888888888889
Tan Kah Kee,DT8,WEEKENDS/HOLIDAY,5,4.555555555555555,1.0
Tan Kah Kee,DT8,WEEKENDS/HOLIDAY,6,22.88888888888889,39.77777777777778
Tan Kah Kee,DT8,WEEKENDS/HOLIDAY,7,72.55555555555556,103.0
Tan Kah Kee,DT8,WEEKENDS/HOLIDAY,8,166.44444444444446,123.77777777777777
Tan Kah Kee,DT8,WEEKENDS/HOLIDAY,9,235.22222222222223,114.88888888888889
Tan Kah Kee,DT8,WEEKENDS/HOLIDAY,10,208.33333333333334,128.11111111111111
Tan Kah Kee,DT8,WEEKENDS/HOLIDAY,11,183.88888888888889,123.88888888888889
Tan Kah Kee,DT8,WEEKENDS/HOLIDAY,12,166.66666666666666,122.44444444444444
Tan Kah Kee,DT8,WEEKENDS/HOLIDAY,13,148.77777777777777,129.66666666666666
Tan Kah Kee,DT8,WEEKENDS/HOLIDAY,14,135.88888888888889,145.0
Tan Kah Kee,DT8,WEEKENDS/HOLIDAY,15,134.44444444444446,160.33333333333334
Tan Kah Kee,DT8,WEEKENDS/HOLIDAY,16,154.66666666666666,179.22222222222223
Tan Kah Kee,DT8,WEEKENDS/HOLIDAY,17,174.55555555555554,219.0
Tan Kah Kee,DT8,WEEKENDS/HOLIDAY,18,188.44444444444446,238.44444444444446
Tan Kah Kee,DT8,WEEKENDS/HOLIDAY,19,119.33333333333333,200.11111111111111
Tan Kah Kee,DT8,WEEKENDS/HOLIDAY,20,75.77777777777777,160.55555555555554
Tan Kah Kee,DT8,WEEKENDS/HOLIDAY,21,67.55555555555556,133.22222222222223
Tan Kah Kee,DT8,WEEKENDS/HOLIDAY,22,61.77777777777778,108.22222222222223
Tan Kah Kee,DT8,WEEKENDS/HOLIDAY,23,18.77777777777778,41.333333333333336
Tanah Merah,EW4,WEEKDAY,0,6.181818181818182,114.0
Tanah Merah,EW4,WEEKDAY,5,141.45454545454547,13.090909090909092
Tanah Merah,EW4,WEEKDAY,6,448.22727272727275,267.6818181818182
Tanah Merah,EW4,WEEKDAY,7,933.3636363636364,1028.7727272727273
Tanah Merah,EW4,WEEKDAY,8,1311.5,644.6363636363636
Tanah Merah,EW4,WEEKDAY,9,718.8181818181819,293.6818181818182
Tanah Merah,EW4,WEEKDAY,10,525.5909090909091,197.5
Tanah Merah,EW4,WEEKDAY,11,510.45454545454544,204.95454545454547
Tanah Merah,EW4,WEEKDAY,12,523.0454545454545,286.45454545454544
Tanah Merah,EW4,WEEKDAY,13,435.8181818181818,334.22727272727275
Tanah Merah,EW4,WEEKDAY,14,398.04545454545456,357.04545454545456
Tanah Merah,EW4,WEEKDAY,15,385.3181818181818,418.04545454545456
Tanah Merah,EW4,WEEKDAY,16,464.09090909090907,468.1818181818182
Tanah Merah,EW4,WEEKDAY,17,983.2272727272727,618.3181818181819
Tanah Merah,EW4,WEEKDAY,18,1175.1363636363637,1036.1363636363637
Tanah Merah,EW4,WEEKDAY,19,569.0454545454545,898.6818181818181
Tanah Merah,EW4,WEEKDAY,20,329.72727272727275,659.9090909090909
Tanah Merah,EW4,WEEKDAY,21,232.04545454545453,673.0454545454545
Tanah Merah,EW4,WEEKDAY,22,163.8181818181818,598.4090909090909
Tanah Merah,EW4,WEEKDAY,23,56.45454545454545,328.90909090909093
Tanah Merah,EW4,WEEKENDS/HOLIDAY,0,3.5555555555555554,95.22222222222223
Tanah Merah,EW4,WEEKENDS/HOLIDAY,5,77.77777777777777,4.555555555555555
Tanah Merah,EW4,WEEKENDS/HOLIDAY,6,285.44444444444446,124.33333333333333
Tanah Merah,EW4,WEEKENDS/HOLIDAY,7,387.44444444444446,415.1111111111111
Tanah Merah,EW4,WEEKENDS/HOLIDAY,8,603.5555555555555,311.77777777777777
Tanah Merah,EW4,WEEKENDS/HOLIDAY,9,682.1111111111111,298.44444444444446
Tanah Merah,EW4,WEEKENDS/HOLIDAY,10,699.7777777777778,269.6666666666667
Tanah Merah,EW4,WEEKENDS/HOLIDAY,11,675.2222222222222,278.3333333333333
Tanah Merah,EW4,WEEKENDS/HOLIDAY,12,652.6666666666666,328.22222222222223
Tanah Merah,EW4,WEEKENDS/HOLIDAY,13,546.3333333333334,367.6666666666667
Tanah Merah,EW4,WEEKENDS/HOLIDAY,14,511.22222222222223,410.44444444444446
Tanah Merah,EW4,WEEKENDS/HOLIDAY,15,490.77777777777777,480.1111111111111
Tanah Merah,EW4,WEEKENDS/HOLIDAY,16,522.5555555555555,511.0
Tanah Merah,EW4,WEEKENDS/HOLIDAY,17,671.0,623.6666666666666
Tanah Merah,EW4,WEEKENDS/HOLIDAY,18,606.5555555555555,651.8888888888889
Tanah Merah,EW4,WEEKENDS/HOLIDAY,19,446.0,647.4444444444445
Tanah Merah,EW4,WEEKENDS/HOLIDAY,20,301.0,623.7777777777778
Tanah Merah,EW4,WEEKENDS/HOLIDAY,21,193.77777777777777,666.7777777777778
Tanah Merah,EW4,WEEKENDS/HOLIDAY,22,187.77777777777777,608.2222222222222
Tanah Merah,EW4,WEEKENDS/HOLIDAY,23,62.111111111111114,355.8888888888889
Tanjong Katong,TE25,WEEKDAY,0,3.3181818181818183,28.272727272727273
Tanjong Katong,TE25,WEEKDAY,5,4.409090909090909,0.09090909090909091
Tanjong Katong,TE25,WEEKDAY,6,40.81818181818182,21.818181818181817
Tanjong Katong,TE25,WEEKDAY,7,168.13636363636363,92.77272727272727
Tanjong Katong,TE25,WEEKDAY,8,333.72727272727275,97.5
Tanjong Katong,TE25,WEEKDAY,9,246.36363636363637,87.68181818181819
Tanjong Katong,TE25,WEEKDAY,10,160.04545454545453,74.95454545454545
Tanjong Katong,TE25,WEEKDAY,11,152.1818181818182,91.77272727272727
Tanjong Katong,TE25,WEEKDAY,12,145.13636363636363,117.54545454545455
Tanjong Katong,TE25,WEEKDAY,13,121.54545454545455,130.1818181818182
Tanjong Katong,TE25,WEEKDAY,14,111.45454545454545,132.13636363636363
Tanjong Katong,TE25,WEEKDAY,15,101.22727272727273,144.45454545454547
Tanjong Katong,TE25,WEEKDAY,16,130.22727272727272,162.6818181818182
Tanjong Katong,TE25,WEEKDAY,17,173.0,230.5909090909091
Tanjong Katong,TE25,WEEKDAY,18,204.72727272727272,331.0
Tanjong Katong,TE25,WEEKDAY,19,130.63636363636363,250.0909090909091
Tanjong Katong,TE25,WEEKDAY,20,74.04545454545455,160.22727272727272
Tanjong Katong,TE25,WEEKDAY,21,52.95454545454545,138.22727272727272
Tanjong Katong,TE25,WEEKDAY,22,44.0,106.77272727272727
Tanjong Katong,TE25,WEEKDAY,23,19.90909090909091,46.40909090909091
Tanjong Katong,TE25,WEEKENDS/HOLIDAY,0,1.1111111111111112,15.555555555555555
Tanjong Katong,TE25,WEEKENDS/HOLIDAY,5,0.6666666666666666,0.0
Tanjong Katong,TE25,WEEKENDS/HOLIDAY,6,25.333333333333332,14.666666666666666
Tanjong Katong,TE25,WEEKENDS/HOLIDAY,7,63.888888888888886,62.888888888888886
Tanjong Katong,TE25,WEEKENDS/HOLIDAY,8,114.88888888888889,68.77777777777777
Tanjong Katong,TE25,WEEKENDS/HOLIDAY,9,171.77777777777777,76.88888888888889
Tanjong Katong,TE25,WEEKENDS/HOLIDAY,10,181.44444444444446,92.55555555555556
Tanjong Katong,TE25,WEEKENDS/HOLIDAY,11,186.22222222222223,113.22222222222223
Tanjong Katong,TE25,WEEKENDS/HOLIDAY,12,172.11111111111111,134.0
Tanjong Katong,TE25,WEEKENDS/HOLIDAY,13,146.88888888888889,133.88888888888889
Tanjong Katong,TE25,WEEKENDS/HOLIDAY,14,129.44444444444446,141.66666666666666
Tanjong Katong,TE25,WEEKENDS/HOLIDAY,15,127.55555555555556,144.33333333333334
Tanjong Katong,TE25,WEEKENDS/HOLIDAY,16,137.55555555555554,154.88888888888889
Tanjong Katong,TE25,WEEKENDS/HOLIDAY,17,172.44444444444446,173.44444444444446
Tanjong Katong,TE25,WEEKENDS/HOLIDAY,18,172.11111111111111,183.33333333333334
Tanjong Katong,TE25,WEEKENDS/HOLIDAY,19,144.22222222222223,180.0
Tanjong Katong,TE25,WEEKENDS/HOLIDAY,20,86.33333333333333,162.77777777777777
Tanjong Katong,TE25,WEEKENDS/HOLIDAY,21,61.44444444444444,133.11111111111111
Tanjong Katong,TE25,WEEKENDS/HOLIDAY,22,44.22222222222222,99.11111111111111
Tanjong Katong,TE25,WEEKENDS/HOLIDAY,23,20.77777777777778,45.666666666666664
Tanjong Pagar,EW15,WEEKDAY,0,27.636363636363637,37.0
Tanjong Pagar,EW15,WEEKDAY,5,37.13636363636363,30.59090909090909
Tanjong Pagar,EW15,WEEKDAY,6,155.45454545454547,1285.9545454545455
Tanjong Pagar,EW15,WEEKDAY,7,424.04545454545456,2813.4545454545455
Tanjong Pagar,EW15,WEEKDAY,8,744.0909090909091,8143.318181818182
Tanjong Pagar,EW15,WEEKDAY,9,634.7272727272727,6812.545454545455
Tanjong Pagar,EW15,WEEKDAY,10,668.1363636363636,2926.4545454545455
Tanjong Pagar,EW15,WEEKDAY,11,1178.7727272727273,1923.2272727272727
Tanjong Pagar,EW15,WEEKDAY,12,1589.9545454545455,1791.0
Tanjong Pagar,EW15,WEEKDAY,13,1759.8181818181818,1806.0
Tanjong Pagar,EW15,WEEKDAY,14,1605.0,1350.090909090909
Tanjong Pagar,EW15,WEEKDAY,15,1592.5454545454545,948.5
Tanjong Pagar,EW15,WEEKDAY,16,2013.590909090909,904.8636363636364
Tanjong Pagar,EW15,WEEKDAY,17,4926.909090909091,1400.5454545454545
Tanjong Pagar,EW15,WEEKDAY,18,8282.40909090909,2394.090909090909
Tanjong Pagar,EW15,WEEKDAY,19,3820.318181818182,1285.1363636363637
Tanjong Pagar,EW15,WEEKDAY,20,2509.3636363636365,557.1363636363636
Tanjong Pagar,EW15,WEEKDAY,21,2179.5454545454545,433.40909090909093
Tanjong Pagar,EW15,WEEKDAY,22,1502.7727272727273,339.54545454545456
Tanjong Pagar,EW15,WEEKDAY,23,577.0,153.4090909090909
Tanjong Pagar,EW15,WEEKENDS/HOLIDAY,0,2.7777777777777777,13.0
Tanjong Pagar,EW15,WEEKENDS/HOLIDAY,5,21.11111111111111,6.666666666666667
Tanjong Pagar,EW15,WEEKENDS/HOLIDAY,6,103.11111111111111,365.3333333333333
Tanjong Pagar,EW15,WEEKENDS/HOLIDAY,7,195.77777777777777,776.4444444444445
Tanjong Pagar,EW15,WEEKENDS/HOLIDAY,8,271.6666666666667,1095.111111111111
Tanjong Pagar,EW15,WEEKENDS/HOLIDAY,9,393.0,1283.2222222222222
Tanjong Pagar,EW15,WEEKENDS/HOLIDAY,10,556.7777777777778,1271.4444444444443
Tanjong Pagar,EW15,WEEKENDS/HOLIDAY,11,761.6666666666666,1283.5555555555557
Tanjong Pagar,EW15,WEEKENDS/HOLIDAY,12,956.7777777777778,1305.3333333333333
Tanjong Pagar,EW15,WEEKENDS/HOLIDAY,13,1050.111111111111,1106.3333333333333
Tanjong Pagar,EW15,WEEKENDS/HOLIDAY,14,1177.6666666666667,916.1111111111111
Tanjong Pagar,EW15,WEEKENDS/HOLIDAY,15,1164.6666666666667,800.4444444444445
Tanjong Pagar,EW15,WEEKENDS/HOLIDAY,16,1198.4444444444443,804.6666666666666
Tanjong Pagar,EW15,WEEKENDS/HOLIDAY,17,1331.6666666666667,987.3333333333334
Tanjong Pagar,EW15,WEEKENDS/HOLIDAY,18,1131.111111111111,1023.4444444444445
Tanjong Pagar,EW15,WEEKENDS/HOLIDAY,19,1050.4444444444443,736.2222222222222
Tanjong Pagar,EW15,WEEKENDS/HOLIDAY,20,898.1111111111111,467.22222222222223
Tanjong Pagar,EW15,WEEKENDS/HOLIDAY,21,940.7777777777778,427.3333333333333
Tanjong Pagar,EW15,WEEKENDS/HOLIDAY,22,868.7777777777778,347.0
Tanjong Pagar,EW15,WEEKENDS/HOLIDAY,23,394.3333333333333,162.44444444444446
Tanjong Rhu,TE23,WEEKDAY,0,138.6818181818182,15.227272727272727
Tanjong Rhu,TE23,WEEKDAY,5,4.5,0.6363636363636364
Tanjong Rhu,TE23,WEEKDAY,6,60.54545454545455,37.77272727272727
Tanjong Rhu,TE23,WEEKDAY,7,141.45454545454547,82.86363636363636
Tanjong Rhu,TE23,WEEKDAY,8,274.1818181818182,99.77272727272727
Tanjong Rhu,TE23,WEEKDAY,9,214.8181818181818,76.63636363636364
Tanjong Rhu,TE23,WEEKDAY,10,150.8181818181818,57.54545454545455
Tanjong Rhu,TE23,WEEKDAY,11,143.95454545454547,66.04545454545455
Tanjong Rhu,TE23,WEEKDAY,12,125.36363636363636,98.72727272727273
Tanjong Rhu,TE23,WEEKDAY,13,102.54545454545455,107.45454545454545
Tanjong Rhu,TE23,WEEKDAY,14,95.0909090909091,114.63636363636364
Tanjong Rhu,TE23,WEEKDAY,15,87.54545454545455,135.1818181818182
Tanjong Rhu,TE23,WEEKDAY,16,106.13636363636364,162.4090909090909
Tanjong Rhu,TE23,WEEKDAY,17,151.72727272727272,202.1818181818182
Tanjong Rhu,TE23,WEEKDAY,18,180.72727272727272,304.09090909090907
Tanjong Rhu,TE23,WEEKDAY,19,131.0909090909091,266.77272727272725
Tanjong Rhu,TE23,WEEKDAY,20,93.81818181818181,183.45454545454547
Tanjong Rhu,TE23,WEEKDAY,21,91.45454545454545,158.63636363636363
Tanjong Rhu,TE23,WEEKDAY,22,90.95454545454545,138.1818181818182
Tanjong Rhu,TE23,WEEKDAY,23,36.59090909090909,88.45454545454545
Tanjong Rhu,TE23,WEEKENDS/HOLIDAY,0,4.555555555555555,11.333333333333334
Tanjong Rhu,TE23,WEEKENDS/HOLIDAY,5,2.5555555555555554,0.3333333333333333
Tanjong Rhu,TE23,WEEKENDS/HOLIDAY,6,51.44444444444444,48.22222222222222
Tanjong Rhu,TE23,WEEKENDS/HOLIDAY,7,67.11111111111111,124.55555555555556
Tanjong Rhu,TE23,WEEKENDS/HOLIDAY,8,120.33333333333333,126.88888888888889
Tanjong Rhu,TE23,WEEKENDS/HOLIDAY,9,144.55555555555554,90.66666666666667
Tanjong Rhu,TE23,WEEKENDS/HOLIDAY,10,181.33333333333334,81.55555555555556
Tanjong Rhu,TE23,WEEKENDS/HOLIDAY,11,192.0,92.11111111111111
Tanjong Rhu,TE23,WEEKENDS/HOLIDAY,12,174.55555555555554,109.55555555555556
Tanjong Rhu,TE23,WEEKENDS/HOLIDAY,13,148.44444444444446,124.44444444444444
Tanjong Rhu,TE23,WEEKENDS/HOLIDAY,14,128.44444444444446,130.66666666666666
Tanjong Rhu,TE23,WEEKENDS/HOLIDAY,15,122.22222222222223,150.55555555555554
Tanjong Rhu,TE23,WEEKENDS/HOLIDAY,16,139.55555555555554,156.11111111111111
Tanjong Rhu,TE23,WEEKENDS/HOLIDAY,17,180.33333333333334,169.44444444444446
Tanjong Rhu,TE23,WEEKENDS/HOLIDAY,18,180.55555555555554,191.55555555555554
Tanjong Rhu,TE23,WEEKENDS/HOLIDAY,19,158.44444444444446,210.88888888888889
Tanjong Rhu,TE23,WEEKENDS/HOLIDAY,20,104.33333333333333,191.0
Tanjong Rhu,TE23,WEEKENDS/HOLIDAY,21,87.33333333333333,167.22222222222223
Tanjong Rhu,TE23,WEEKENDS/HOLIDAY,22,127.44444444444444,123.33333333333333
Tanjong Rhu,TE23,WEEKENDS/HOLIDAY,23,38.77777777777778,54.55555555555556
Telok Ayer,DT18,WEEKDAY,0,58.22727272727273,16.363636363636363
Telok Ayer,DT18,WEEKDAY,5,2.0454545454545454,0.0
Telok Ayer,DT18,WEEKDAY,6,33.0,444.45454545454544
Telok Ayer,DT18,WEEKDAY,7,78.18181818181819,1132.3636363636363
Telok Ayer,DT18,WEEKDAY,8,192.3181818181818,4039.6363636363635
Telok Ayer,DT18,WEEKDAY,9,215.0,3721.4545454545455
Telok Ayer,DT18,WEEKDAY,10,252.95454545454547,1266.3181818181818
Telok Ayer,DT18,WEEKDAY,11,559.9545454545455,859.6818181818181
Telok Ayer,DT18,WEEKDAY,12,756.8636363636364,927.0454545454545
Telok Ayer,DT18,WEEKDAY,13,880.8181818181819,782.4545454545455
Telok Ayer,DT18,WEEKDAY,14,669.7727272727273,531.1818181818181
Telok Ayer,DT18,WEEKDAY,15,655.3636363636364,354.72727272727275
Telok Ayer,DT18,WEEKDAY,16,839.1363636363636,359.04545454545456
Telok Ayer,DT18,WEEKDAY,17,2216.1363636363635,526.1818181818181
Telok Ayer,DT18,WEEKDAY,18,3811.2272727272725,909.0909090909091
Telok Ayer,DT18,WEEKDAY,19,1763.5454545454545,528.2272727272727
Telok Ayer,DT18,WEEKDAY,20,1027.7727272727273,265.04545454545456
Telok Ayer,DT18,WEEKDAY,21,863.3181818181819,204.77272727272728
Telok Ayer,DT18,WEEKDAY,22,691.2272727272727,156.4090909090909
Telok Ayer,DT18,WEEKDAY,23,341.27272727272725,73.0909090909091
Telok Ayer,DT18,WEEKENDS/HOLIDAY,0,16.77777777777778,10.88888888888889
Telok Ayer,DT18,WEEKENDS/HOLIDAY,5,1.6666666666666667,0.0
Telok Ayer,DT18,WEEKENDS/HOLIDAY,6,31.88888888888889,100.66666666666667
Telok Ayer,DT18,WEEKENDS/HOLIDAY,7,37.333333333333336,181.77777777777777
Telok Ayer,DT18,WEEKENDS/HOLIDAY,8,67.77777777777777,298.6666666666667
Telok Ayer,DT18,WEEKENDS/HOLIDAY,9,134.33333333333334,373.22222222222223
Telok Ayer,DT18,WEEKENDS/HOLIDAY,10,206.77777777777777,434.44444444444446
Telok Ayer,DT18,WEEKENDS/HOLIDAY,11,259.77777777777777,441.1111111111111
Telok Ayer,DT18,WEEKENDS/HOLIDAY,12,316.3333333333333,438.3333333333333
Telok Ayer,DT18,WEEKENDS/HOLIDAY,13,346.1111111111111,353.1111111111111
Telok Ayer,DT18,WEEKENDS/HOLIDAY,14,359.44444444444446,293.0
Telok Ayer,DT18,WEEKENDS/HOLIDAY,15,373.8888888888889,260.8888888888889
Telok Ayer,DT18,WEEKENDS/HOLIDAY,16,298.3333333333333,252.55555555555554
Telok Ayer,DT18,WEEKENDS/HOLIDAY,17,296.1111111111111,362.8888888888889
Telok Ayer,DT18,WEEKENDS/HOLIDAY,18,322.55555555555554,417.6666666666667
Telok Ayer,DT18,WEEKENDS/HOLIDAY,19,342.1111111111111,364.22222222222223
Telok Ayer,DT18,WEEKENDS/HOLIDAY,20,328.8888888888889,282.3333333333333
Telok Ayer,DT18,WEEKENDS/HOLIDAY,21,344.8888888888889,234.66666666666666
Telok Ayer,DT18,WEEKENDS/HOLIDAY,22,391.6666666666667,175.66666666666666
Telok Ayer,DT18,WEEKENDS/HOLIDAY,23,229.44444444444446,86.0
Telok Blangah,CC28,WEEKDAY,0,1.2727272727272727,11.772727272727273
Telok Blangah,CC28,WEEKDAY,5,52.13636363636363,1.4090909090909092
Telok Blangah,CC28,WEEKDAY,6,195.45454545454547,75.31818181818181
Telok Blangah,CC28,WEEKDAY,7,370.1363636363636,213.72727272727272
Telok Blangah,CC28,WEEKDAY,8,459.27272727272725,376.40909090909093
Telok Blangah,CC28,WEEKDAY,9,311.04545454545456,329.22727272727275
Telok Blangah,CC28,WEEKDAY,10,189.6818181818182,153.5
Telok Blangah,CC28,WEEKDAY,11,183.04545454545453,98.68181818181819
Telok Blangah,CC28,WEEKDAY,12,197.6818181818182,132.22727272727272
Telok Blangah,CC28,WEEKDAY,13,184.6818181818182,140.54545454545453
Telok Blangah,CC28,WEEKDAY,14,140.13636363636363,132.77272727272728
Telok Blangah,CC28,WEEKDAY,15,136.6818181818182,155.45454545454547
Telok Blangah,CC28,WEEKDAY,16,155.6818181818182,184.6818181818182
Telok Blangah,CC28,WEEKDAY,17,270.6363636363636,282.0
Telok Blangah,CC28,WEEKDAY,18,328.6363636363636,430.5
Telok Blangah,CC28,WEEKDAY,19,176.0,341.90909090909093
Telok Blangah,CC28,WEEKDAY,20,94.95454545454545,265.72727272727275
Telok Blangah,CC28,WEEKDAY,21,72.54545454545455,243.95454545454547
Telok Blangah,CC28,WEEKDAY,22,51.54545454545455,193.5
Telok Blangah,CC28,WEEKDAY,23,13.318181818181818,74.04545454545455
Telok Blangah,CC28,WEEKENDS/HOLIDAY,0,0.4444444444444444,2.6666666666666665
Telok Blangah,CC28,WEEKENDS/HOLIDAY,5,5.111111111111111,0.1111111111111111
Telok Blangah,CC28,WEEKENDS/HOLIDAY,6,17.11111111111111,10.222222222222221
Telok Blangah,CC28,WEEKENDS/HOLIDAY,7,33.666666666666664,23.0
Telok Blangah,CC28,WEEKENDS/HOLIDAY,8,79.88888888888889,45.0
Telok Blangah,CC28,WEEKENDS/HOLIDAY,9,229.88888888888889,91.55555555555556
Telok Blangah,CC28,WEEKENDS/HOLIDAY,10,212.33333333333334,99.33333333333333
Telok Blangah,CC28,WEEKENDS/HOLIDAY,11,230.77777777777777,113.88888888888889
Telok Blangah,CC28,WEEKENDS/HOLIDAY,12,209.33333333333334,136.22222222222223
Telok Blangah,CC28,WEEKENDS/HOLIDAY,13,195.55555555555554,163.88888888888889
Telok Blangah,CC28,WEEKENDS/HOLIDAY,14,153.11111111111111,158.88888888888889
Telok Blangah,CC28,WEEKENDS/HOLIDAY,15,170.11111111111111,168.77777777777777
Telok Blangah,CC28,WEEKENDS/HOLIDAY,16,192.33333333333334,179.22222222222223
Telok Blangah,CC28,WEEKENDS/HOLIDAY,17,213.88888888888889,212.0
Telok Blangah,CC28,WEEKENDS/HOLIDAY,18,186.22222222222223,225.55555555555554
Telok Blangah,CC28,WEEKENDS/HOLIDAY,19,141.44444444444446,225.11111111111111
Telok Blangah,CC28,WEEKENDS/HOLIDAY,20,90.0,231.77777777777777
Telok Blangah,CC28,WEEKENDS/HOLIDAY,21,74.77777777777777,231.55555555555554
Telok Blangah,CC28,WEEKENDS/HOLIDAY,22,53.44444444444444,198.11111111111111
Telok Blangah,CC28,WEEKENDS/HOLIDAY,23,6.777777777777778,55.77777777777778
Tiong Bahru,EW17,WEEKDAY,0,11.045454545454545,90.68181818181819
Tiong Bahru,EW17,WEEKDAY,5,203.63636363636363,20.09090909090909
Tiong Bahru,EW17,WEEKDAY,6,1034.9545454545455,426.45454545454544
Tiong Bahru,EW17,WEEKDAY,7,1943.7272727272727,907.1818181818181
Tiong Bahru,EW17,WEEKDAY,8,2750.6363636363635,1637.0454545454545
Tiong Bahru,EW17,WEEKDAY,9,1860.3181818181818,1252.9545454545455
Tiong Bahru,EW17,WEEKDAY,10,1143.3181818181818,990.4090909090909
Tiong Bahru,EW17,WEEKDAY,11,1059.8181818181818,999.0454545454545
Tiong Bahru,EW17,WEEKDAY,12,1161.090909090909,1202.0
Tiong Bahru,EW17,WEEKDAY,13,1287.090909090909,1160.9545454545455
Tiong Bahru,EW17,WEEKDAY,14,1058.1818181818182,1116.0
Tiong Bahru,EW17,WEEKDAY,15,996.8181818181819,1119.1818181818182
Tiong Bahru,EW17,WEEKDAY,16,1109.5,1335.6818181818182
Tiong Bahru,EW17,WEEKDAY,17,1723.7727272727273,2017.3636363636363
Tiong Bahru,EW17,WEEKDAY,18,2133.0454545454545,3224.590909090909
Tiong Bahru,EW17,WEEKDAY,19,1300.6818181818182,2195.318181818182
Tiong Bahru,EW17,WEEKDAY,20,919.2272727272727,1471.7272727272727
Tiong Bahru,EW17,WEEKDAY,21,855.9545454545455,1368.9545454545455
Tiong Bahru,EW17,WEEKDAY,22,557.1818181818181,1171.909090909091
Tiong Bahru,EW17,WEEKDAY,23,171.9090909090909,610.0
Tiong Bahru,EW17,WEEKENDS/HOLIDAY,0,3.0,52.22222222222222
Tiong Bahru,EW17,WEEKENDS/HOLIDAY,5,51.666666666666664,7.555555555555555
Tiong Bahru,EW17,WEEKENDS/HOLIDAY,6,461.22222222222223,244.44444444444446
Tiong Bahru,EW17,WEEKENDS/HOLIDAY,7,686.8888888888889,423.22222222222223
Tiong Bahru,EW17,WEEKENDS/HOLIDAY,8,982.8888888888889,756.1111111111111
Tiong Bahru,EW17,WEEKENDS/HOLIDAY,9,1241.6666666666667,955.7777777777778
Tiong Bahru,EW17,WEEKENDS/HOLIDAY,10,1269.888888888889,1067.2222222222222
Tiong Bahru,EW17,WEEKENDS/HOLIDAY,11,1270.888888888889,1153.7777777777778
Tiong Bahru,EW17,WEEKENDS/HOLIDAY,12,1283.6666666666667,1214.3333333333333
Tiong Bahru,EW17,WEEKENDS/HOLIDAY,13,1277.111111111111,1248.4444444444443
Tiong Bahru,EW17,WEEKENDS/HOLIDAY,14,1244.3333333333333,1210.111111111111
Tiong Bahru,EW17,WEEKENDS/HOLIDAY,15,1124.4444444444443,1242.5555555555557
Tiong Bahru,EW17,WEEKENDS/HOLIDAY,16,1198.0,1328.111111111111
Tiong Bahru,EW17,WEEKENDS/HOLIDAY,17,1264.888888888889,1458.6666666666667
Tiong Bahru,EW17,WEEKENDS/HOLIDAY,18,1283.5555555555557,1454.111111111111
Tiong Bahru,EW17,WEEKENDS/HOLIDAY,19,1014.8888888888889,1315.4444444444443
Tiong Bahru,EW17,WEEKENDS/HOLIDAY,20,820.3333333333334,1189.4444444444443
Tiong Bahru,EW17,WEEKENDS/HOLIDAY,21,801.3333333333334,1220.2222222222222
Tiong Bahru,EW17,WEEKENDS/HOLIDAY,22,558.3333333333334,1097.0
Tiong Bahru,EW17,WEEKENDS/HOLIDAY,23,184.22222222222223,583.3333333333334
Toa Payoh,NS19,WEEKDAY,0,34.45454545454545,193.04545454545453
Toa Payoh,NS19,WEEKDAY,5,275.27272727272725,131.6818181818182
Toa Payoh,NS19,WEEKDAY,6,1188.0454545454545,787.0
Toa Payoh,NS19,WEEKDAY,7,2499.318181818182,2024.7272727272727
Toa Payoh,NS19,WEEKDAY,8,3778.5,3014.7272727272725
Toa Payoh,NS19,WEEKDAY,9,2516.8636363636365,1776.2727272727273
Toa Payoh,NS19,WEEKDAY,10,1915.090909090909,1294.3636363636363
Toa Payoh,NS19,WEEKDAY,11,1922.1818181818182,1329.0
Toa Payoh,NS19,WEEKDAY,12,2117.909090909091,1601.409090909091
Toa Payoh,NS19,WEEKDAY,13,1982.5454545454545,1794.8636363636363
Toa Payoh,NS19,WEEKDAY,14,1681.7272727272727,1738.1818181818182
Toa Payoh,NS19,WEEKDAY,15,1632.9545454545455,1786.8636363636363
Toa Payoh,NS19,WEEKDAY,16,1819.8636363636363,2016.0
Toa Payoh,NS19,WEEKDAY,17,2889.7727272727275,2711.9545454545455
Toa Payoh,NS19,WEEKDAY,18,3755.909090909091,3935.2272727272725
Toa Payoh,NS19,WEEKDAY,19,2080.5454545454545,2825.590909090909
Toa Payoh,NS19,WEEKDAY,20,1315.5,2127.409090909091
Toa Payoh,NS19,WEEKDAY,21,1055.4545454545455,2250.909090909091
Toa Payoh,NS19,WEEKDAY,22,638.5909090909091,1754.5
Toa Payoh,NS19,WEEKDAY,23,241.13636363636363,879.8181818181819
Toa Payoh,NS19,WEEKENDS/HOLIDAY,0,29.77777777777778,150.0
Toa Payoh,NS19,WEEKENDS/HOLIDAY,5,109.77777777777777,42.22222222222222
Toa Payoh,NS19,WEEKENDS/HOLIDAY,6,744.3333333333334,398.77777777777777
Toa Payoh,NS19,WEEKENDS/HOLIDAY,7,1101.4444444444443,697.6666666666666
Toa Payoh,NS19,WEEKENDS/HOLIDAY,8,1537.111111111111,1108.7777777777778
Toa Payoh,NS19,WEEKENDS/HOLIDAY,9,2045.888888888889,1403.2222222222222
Toa Payoh,NS19,WEEKENDS/HOLIDAY,10,2107.222222222222,1434.0
Toa Payoh,NS19,WEEKENDS/HOLIDAY,11,2197.777777777778,1428.2222222222222
Toa Payoh,NS19,WEEKENDS/HOLIDAY,12,2265.6666666666665,1609.6666666666667
Toa Payoh,NS19,WEEKENDS/HOLIDAY,13,2120.8888888888887,1782.2222222222222
Toa Payoh,NS19,WEEKENDS/HOLIDAY,14,1959.4444444444443,1770.2222222222222
Toa Payoh,NS19,WEEKENDS/HOLIDAY,15,1859.6666666666667,1909.888888888889
Toa Payoh,NS19,WEEKENDS/HOLIDAY,16,1878.888888888889,2018.4444444444443
Toa Payoh,NS19,WEEKENDS/HOLIDAY,17,2119.3333333333335,2190.4444444444443
Toa Payoh,NS19,WEEKENDS/HOLIDAY,18,1935.4444444444443,2182.3333333333335
Toa Payoh,NS19,WEEKENDS/HOLIDAY,19,1561.3333333333333,2109.8888888888887
Toa Payoh,NS19,WEEKENDS/HOLIDAY,20,1125.6666666666667,1993.3333333333333
Toa Payoh,NS19,WEEKENDS/HOLIDAY,21,948.6666666666666,2063.8888888888887
Toa Payoh,NS19,WEEKENDS/HOLIDAY,22,629.2222222222222,1837.3333333333333
Toa Payoh,NS19,WEEKENDS/HOLIDAY,23,232.88888888888889,977.5555555555555
Tuas Crescent,EW31,WEEKDAY,0,0.5909090909090909,7.863636363636363
Tuas Crescent,EW31,WEEKDAY,5,117.63636363636364,69.0909090909091
Tuas Crescent,EW31,WEEKDAY,6,305.1818181818182,563.1363636363636
Tuas Crescent,EW31,WEEKDAY,7,194.13636363636363,1671.6818181818182
Tuas Crescent,EW31,WEEKDAY,8,155.72727272727272,1057.6818181818182
Tuas Crescent,EW31,WEEKDAY,9,80.86363636363636,229.54545454545453
Tuas Crescent,EW31,WEEKDAY,10,70.5909090909091,68.86363636363636
Tuas Crescent,EW31,WEEKDAY,11,91.04545454545455,45.95454545454545
Tuas Crescent,EW31,WEEKDAY,12,156.77272727272728,58.45454545454545
Tuas Crescent,EW31,WEEKDAY,13,110.72727272727273,56.31818181818182
Tuas Crescent,EW31,WEEKDAY,14,118.54545454545455,46.86363636363637
Tuas Crescent,EW31,WEEKDAY,15,168.72727272727272,31.227272727272727
Tuas Crescent,EW31,WEEKDAY,16,358.77272727272725,48.04545454545455
Tuas Crescent,EW31,WEEKDAY,17,1366.2727272727273,84.5
Tuas Crescent,EW31,WEEKDAY,18,989.4545454545455,162.95454545454547
Tuas Crescent,EW31,WEEKDAY,19,580.9545454545455,234.72727272727272
Tuas Crescent,EW31,WEEKDAY,20,346.1818181818182,155.6818181818182
Tuas Crescent,EW31,WEEKDAY,21,157.6818181818182,91.54545454545455
Tuas Crescent,EW31,WEEKDAY,22,67.68181818181819,56.77272727272727
Tuas Crescent,EW31,WEEKDAY,23,8.227272727272727,32.54545454545455
Tuas Crescent,EW31,WEEKENDS/HOLIDAY,0,0.6666666666666666,20.88888888888889
Tuas Crescent,EW31,WEEKENDS/HOLIDAY,5,88.11111111111111,17.11111111111111
Tuas Crescent,EW31,WEEKENDS/HOLIDAY,6,227.0,258.0
Tuas Crescent,EW31,WEEKENDS/HOLIDAY,7,208.22222222222223,538.1111111111111
Tuas Crescent,EW31,WEEKENDS/HOLIDAY,8,211.44444444444446,266.77777777777777
Tuas Crescent,EW31,WEEKENDS/HOLIDAY,9,140.33333333333334,100.77777777777777
Tuas Crescent,EW31,WEEKENDS/HOLIDAY,10,135.11111111111111,38.77777777777778
Tuas Crescent,EW31,WEEKENDS/HOLIDAY,11,164.77777777777777,51.22222222222222
Tuas Crescent,EW31,WEEKENDS/HOLIDAY,12,222.77777777777777,54.44444444444444
Tuas Crescent,EW31,WEEKENDS/HOLIDAY,13,161.33333333333334,54.22222222222222
Tuas Crescent,EW31,WEEKENDS/HOLIDAY,14,146.11111111111111,64.66666666666667
Tuas Crescent,EW31,WEEKENDS/HOLIDAY,15,165.88888888888889,63.22222222222222
Tuas Crescent,EW31,WEEKENDS/HOLIDAY,16,253.88888888888889,86.22222222222223
Tuas Crescent,EW31,WEEKENDS/HOLIDAY,17,552.2222222222222,145.66666666666666
Tuas Crescent,EW31,WEEKENDS/HOLIDAY,18,317.22222222222223,233.22222222222223
Tuas Crescent,EW31,WEEKENDS/HOLIDAY,19,254.22222222222223,259.1111111111111
Tuas Crescent,EW31,WEEKENDS/HOLIDAY,20,184.33333333333334,238.77777777777777
Tuas Crescent,EW31,WEEKENDS/HOLIDAY,21,87.66666666666667,172.11111111111111
Tuas Crescent,EW31,WEEKENDS/HOLIDAY,22,49.888888888888886,143.33333333333334
Tuas Crescent,EW31,WEEKENDS/HOLIDAY,23,8.555555555555555,74.88888888888889
Tuas Link,EW33,WEEKDAY,0,0.22727272727272727,13.454545454545455
Tuas Link,EW33,WEEKDAY,5,442.6818181818182,35.81818181818182
Tuas Link,EW33,WEEKDAY,6,975.7727272727273,315.77272727272725
Tuas Link,EW33,WEEKDAY,7,922.6818181818181,703.3181818181819
Tuas Link,EW33,WEEKDAY,8,442.72727272727275,602.3636363636364
Tuas Link,EW33,WEEKDAY,9,221.6818181818182,206.1818181818182
Tuas Link,EW33,WEEKDAY,10,157.45454545454547,110.36363636363636
Tuas Link,EW33,WEEKDAY,11,147.72727272727272,98.68181818181819
Tuas Link,EW33,WEEKDAY,12,197.5909090909091,106.5909090909091
Tuas Link,EW33,WEEKDAY,13,121.5909090909091,149.95454545454547
Tuas Link,EW33,WEEKDAY,14,143.9090909090909,130.0909090909091
Tuas Link,EW33,WEEKDAY,15,179.4090909090909,137.5
Tuas Link,EW33,WEEKDAY,16,295.6363636363636,214.0909090909091
Tuas Link,EW33,WEEKDAY,17,772.6818181818181,600.7272727272727
Tuas Link,EW33,WEEKDAY,18,582.4545454545455,743.6363636363636
Tuas Link,EW33,WEEKDAY,19,348.1363636363636,607.2272727272727
Tuas Link,EW33,WEEKDAY,20,242.86363636363637,450.1818181818182
Tuas Link,EW33,WEEKDAY,21,119.68181818181819,289.22727272727275
Tuas Link,EW33,WEEKDAY,22,75.27272727272727,179.63636363636363
Tuas Link,EW33,WEEKDAY,23,20.40909090909091,61.0
Tuas Link,EW33,WEEKENDS/HOLIDAY,0,0.0,30.666666666666668
Tuas Link,EW33,WEEKENDS/HOLIDAY,5,131.88888888888889,15.444444444444445
Tuas Link,EW33,WEEKENDS/HOLIDAY,6,359.44444444444446,124.11111111111111
Tuas Link,EW33,WEEKENDS/HOLIDAY,7,395.55555555555554,318.1111111111111
Tuas Link,EW33,WEEKENDS/HOLIDAY,8,347.1111111111111,286.8888888888889
Tuas Link,EW33,WEEKENDS/HOLIDAY,9,293.55555555555554,159.11111111111111
Tuas Link,EW33,WEEKENDS/HOLIDAY,10,285.22222222222223,137.77777777777777
Tuas Link,EW33,WEEKENDS/HOLIDAY,11,264.0,125.55555555555556
Tuas Link,EW33,WEEKENDS/HOLIDAY,12,308.8888888888889,142.11111111111111
Tuas Link,EW33,WEEKENDS/HOLIDAY,13,252.88888888888889,202.88888888888889
Tuas Link,EW33,WEEKENDS/HOLIDAY,14,245.66666666666666,175.88888888888889
Tuas Link,EW33,WEEKENDS/HOLIDAY,15,277.6666666666667,160.77777777777777
Tuas Link,EW33,WEEKENDS/HOLIDAY,16,297.44444444444446,247.88888888888889
Tuas Link,EW33,WEEKENDS/HOLIDAY,17,400.0,321.0
Tuas Link,EW33,WEEKENDS/HOLIDAY,18,411.55555555555554,385.77777777777777
Tuas Link,EW33,WEEKENDS/HOLIDAY,19,337.22222222222223,418.22222222222223
Tuas Link,EW33,WEEKENDS/HOLIDAY,20,266.22222222222223,406.3333333333333
Tuas Link,EW33,WEEKENDS/HOLIDAY,21,155.66666666666666,373.1111111111111
Tuas Link,EW33,WEEKENDS/HOLIDAY,22,115.55555555555556,285.1111111111111
Tuas Link,EW33,WEEKENDS/HOLIDAY,23,23.444444444444443,117.0
Tuas West Road,EW32,WEEKDAY,0,0.2727272727272727,23.545454545454547
Tuas West Road,EW32,WEEKDAY,5,59.0,61.13636363636363
Tuas West Road,EW32,WEEKDAY,6,327.40909090909093,532.8636363636364
Tuas West Road,EW32,WEEKDAY,7,245.13636363636363,1689.090909090909
Tuas West Road,EW32,WEEKDAY,8,186.36363636363637,1192.2272727272727
Tuas West Road,EW32,WEEKDAY,9,90.9090909090909,223.4090909090909
Tuas West Road,EW32,WEEKDAY,10,85.13636363636364,94.81818181818181
Tuas West Road,EW32,WEEKDAY,11,114.13636363636364,86.04545454545455
Tuas West Road,EW32,WEEKDAY,12,179.6818181818182,85.68181818181819
Tuas West Road,EW32,WEEKDAY,13,133.22727272727272,107.86363636363636
Tuas West Road,EW32,WEEKDAY,14,149.13636363636363,89.13636363636364
Tuas West Road,EW32,WEEKDAY,15,174.6818181818182,72.45454545454545
Tuas West Road,EW32,WEEKDAY,16,384.6363636363636,111.77272727272727
Tuas West Road,EW32,WEEKDAY,17,1503.5454545454545,189.63636363636363
Tuas West Road,EW32,WEEKDAY,18,995.5,266.1818181818182
Tuas West Road,EW32,WEEKDAY,19,593.6363636363636,334.09090909090907
Tuas West Road,EW32,WEEKDAY,20,539.7727272727273,202.4090909090909
Tuas West Road,EW32,WEEKDAY,21,191.6818181818182,157.0909090909091
Tuas West Road,EW32,WEEKDAY,22,108.63636363636364,105.77272727272727
Tuas West Road,EW32,WEEKDAY,23,13.181818181818182,69.31818181818181
Tuas West Road,EW32,WEEKENDS/HOLIDAY,0,0.2222222222222222,49.333333333333336
Tuas West Road,EW32,WEEKENDS/HOLIDAY,5,38.22222222222222,13.555555555555555
Tuas West Road,EW32,WEEKENDS/HOLIDAY,6,250.0,253.77777777777777
Tuas West Road,EW32,WEEKENDS/HOLIDAY,7,330.44444444444446,671.8888888888889
Tuas West Road,EW32,WEEKENDS/HOLIDAY,8,273.6666666666667,326.0
Tuas West Road,EW32,WEEKENDS/HOLIDAY,9,265.6666666666667,96.77777777777777
Tuas West Road,EW32,WEEKENDS/HOLIDAY,10,331.6666666666667,68.11111111111111
Tuas West Road,EW32,WEEKENDS/HOLIDAY,11,317.8888888888889,84.88888888888889
Tuas West Road,EW32,WEEKENDS/HOLIDAY,12,377.0,115.66666666666667
Tuas West Road,EW32,WEEKENDS/HOLIDAY,13,292.1111111111111,134.44444444444446
Tuas West Road,EW32,WEEKENDS/HOLIDAY,14,249.66666666666666,167.0
Tuas West Road,EW32,WEEKENDS/HOLIDAY,15,237.55555555555554,156.11111111111111
Tuas West Road,EW32,WEEKENDS/HOLIDAY,16,316.44444444444446,247.55555555555554
Tuas West Road,EW32,WEEKENDS/HOLIDAY,17,586.2222222222222,341.55555555555554
Tuas West Road,EW32,WEEKENDS/HOLIDAY,18,442.55555555555554,416.44444444444446
Tuas West Road,EW32,WEEKENDS/HOLIDAY,19,335.77777777777777,565.2222222222222
Tuas West Road,EW32,WEEKENDS/HOLIDAY,20,248.44444444444446,503.22222222222223
Tuas West Road,EW32,WEEKENDS/HOLIDAY,21,82.55555555555556,487.55555555555554
Tuas West Road,EW32,WEEKENDS/HOLIDAY,22,71.88888888888889,354.22222222222223
Tuas West Road,EW32,WEEKENDS/HOLIDAY,23,11.666666666666666,179.22222222222223
Ubi,DT27,WEEKDAY,0,4.136363636363637,50.5
Ubi,DT27,WEEKDAY,5,42.72727272727273,18.454545454545453
Ubi,DT27,WEEKDAY,6,303.54545454545456,252.63636363636363
Ubi,DT27,WEEKDAY,7,713.1818181818181,897.5454545454545
Ubi,DT27,WEEKDAY,8,856.7727272727273,1654.0
Ubi,DT27,WEEKDAY,9,523.9090909090909,821.5909090909091
Ubi,DT27,WEEKDAY,10,394.6818181818182,352.54545454545456
Ubi,DT27,WEEKDAY,11,360.6818181818182,276.04545454545456
Ubi,DT27,WEEKDAY,12,431.8181818181818,335.45454545454544
Ubi,DT27,WEEKDAY,13,379.95454545454544,337.72727272727275
Ubi,DT27,WEEKDAY,14,324.77272727272725,329.3181818181818
Ubi,DT27,WEEKDAY,15,329.72727272727275,326.0
Ubi,DT27,WEEKDAY,16,450.8181818181818,365.1818181818182
Ubi,DT27,WEEKDAY,17,1148.0,574.0909090909091
Ubi,DT27,WEEKDAY,18,1707.3636363636363,904.0
Ubi,DT27,WEEKDAY,19,733.9545454545455,709.2727272727273
Ubi,DT27,WEEKDAY,20,402.8636363636364,502.95454545454544
Ubi,DT27,WEEKDAY,21,302.1363636363636,454.59090909090907
Ubi,DT27,WEEKDAY,22,187.54545454545453,380.3181818181818
Ubi,DT27,WEEKDAY,23,66.27272727272727,191.86363636363637
Ubi,DT27,WEEKENDS/HOLIDAY,0,3.111111111111111,46.0
Ubi,DT27,WEEKENDS/HOLIDAY,5,20.88888888888889,4.555555555555555
Ubi,DT27,WEEKENDS/HOLIDAY,6,173.77777777777777,87.44444444444444
Ubi,DT27,WEEKENDS/HOLIDAY,7,311.3333333333333,247.11111111111111
Ubi,DT27,WEEKENDS/HOLIDAY,8,336.6666666666667,360.8888888888889
Ubi,DT27,WEEKENDS/HOLIDAY,9,412.22222222222223,309.77777777777777
Ubi,DT27,WEEKENDS/HOLIDAY,10,462.22222222222223,270.44444444444446
Ubi,DT27,WEEKENDS/HOLIDAY,11,449.77777777777777,293.3333333333333
Ubi,DT27,WEEKENDS/HOLIDAY,12,483.22222222222223,373.44444444444446
Ubi,DT27,WEEKENDS/HOLIDAY,13,462.8888888888889,363.77777777777777
Ubi,DT27,WEEKENDS/HOLIDAY,14,432.55555555555554,363.77777777777777
Ubi,DT27,WEEKENDS/HOLIDAY,15,393.44444444444446,343.3333333333333
Ubi,DT27,WEEKENDS/HOLIDAY,16,475.22222222222223,407.44444444444446
Ubi,DT27,WEEKENDS/HOLIDAY,17,557.0,481.6666666666667
Ubi,DT27,WEEKENDS/HOLIDAY,18,601.4444444444445,501.0
Ubi,DT27,WEEKENDS/HOLIDAY,19,407.0,507.3333333333333
Ubi,DT27,WEEKENDS/HOLIDAY,20,261.0,550.5555555555555
Ubi,DT27,WEEKENDS/HOLIDAY,21,238.77777777777777,519.0
Ubi,DT27,WEEKENDS/HOLIDAY,22,142.44444444444446,473.22222222222223
Ubi,DT27,WEEKENDS/HOLIDAY,23,56.77777777777778,230.0
Upper Changi,DT34,WEEKDAY,0,1.9090909090909092,54.13636363636363
Upper Changi,DT34,WEEKDAY,5,48.5,1.5909090909090908
Upper Changi,DT34,WEEKDAY,6,149.6818181818182,118.9090909090909
Upper Changi,DT34,WEEKDAY,7,463.6363636363636,429.6363636363636
Upper Changi,DT34,WEEKDAY,8,694.9545454545455,492.0
Upper Changi,DT34,WEEKDAY,9,369.1363636363636,260.1363636363636
Upper Changi,DT34,WEEKDAY,10,217.72727272727272,151.72727272727272
Upper Changi,DT34,WEEKDAY,11,247.1818181818182,127.13636363636364
Upper Changi,DT34,WEEKDAY,12,271.22727272727275,184.04545454545453
Upper Changi,DT34,WEEKDAY,13,226.77272727272728,230.27272727272728
Upper Changi,DT34,WEEKDAY,14,184.04545454545453,184.5
Upper Changi,DT34,WEEKDAY,15,209.5909090909091,168.77272727272728
Upper Changi,DT34,WEEKDAY,16,333.3636363636364,193.77272727272728
Upper Changi,DT34,WEEKDAY,17,703.0454545454545,273.8636363636364
Upper Changi,DT34,WEEKDAY,18,663.5,510.04545454545456
Upper Changi,DT34,WEEKDAY,19,323.72727272727275,501.59090909090907
Upper Changi,DT34,WEEKDAY,20,190.95454545454547,341.45454545454544
Upper Changi,DT34,WEEKDAY,21,134.9090909090909,264.27272727272725
Upper Changi,DT34,WEEKDAY,22,95.13636363636364,236.63636363636363
Upper Changi,DT34,WEEKDAY,23,50.40909090909091,143.36363636363637
Upper Changi,DT34,WEEKENDS/HOLIDAY,0,0.6666666666666666,54.77777777777778
Upper Changi,DT34,WEEKENDS/HOLIDAY,5,24.22222222222222,1.1111111111111112
Upper Changi,DT34,WEEKENDS/HOLIDAY,6,63.111111111111114,40.22222222222222
Upper Changi,DT34,WEEKENDS/HOLIDAY,7,109.33333333333333,146.55555555555554
Upper Changi,DT34,WEEKENDS/HOLIDAY,8,179.0,134.88888888888889
Upper Changi,DT34,WEEKENDS/HOLIDAY,9,205.22222222222223,122.33333333333333
Upper Changi,DT34,WEEKENDS/HOLIDAY,10,220.33333333333334,124.33333333333333
Upper Changi,DT34,WEEKENDS/HOLIDAY,11,239.44444444444446,115.66666666666667
Upper Changi,DT34,WEEKENDS/HOLIDAY,12,284.44444444444446,135.88888888888889
Upper Changi,DT34,WEEKENDS/HOLIDAY,13,235.55555555555554,174.11111111111111
Upper Changi,DT34,WEEKENDS/HOLIDAY,14,200.66666666666666,181.11111111111111
Upper Changi,DT34,WEEKENDS/HOLIDAY,15,188.11111111111111,184.33333333333334
Upper Changi,DT34,WEEKENDS/HOLIDAY,16,243.11111111111111,197.88888888888889
Upper Changi,DT34,WEEKENDS/HOLIDAY,17,353.77777777777777,202.33333333333334
Upper Changi,DT34,WEEKENDS/HOLIDAY,18,289.8888888888889,237.66666666666666
Upper Changi,DT34,WEEKENDS/HOLIDAY,19,212.66666666666666,257.0
Upper Changi,DT34,WEEKENDS/HOLIDAY,20,128.44444444444446,267.77777777777777
Upper Changi,DT34,WEEKENDS/HOLIDAY,21,89.44444444444444,273.3333333333333
Upper Changi,DT34,WEEKENDS/HOLIDAY,22,54.22222222222222,239.22222222222223
Upper Changi,DT34,WEEKENDS/HOLIDAY,23,30.0,136.66666666666666
Upper Thomson,TE8,WEEKDAY,0,16.136363636363637,34.27272727272727
Upper Thomson,TE8,WEEKDAY,5,25.045454545454547,17.045454545454547
Upper Thomson,TE8,WEEKDAY,6,163.5,135.45454545454547
Upper Thomson,TE8,WEEKDAY,7,507.22727272727275,374.8636363636364
Upper Thomson,TE8,WEEKDAY,8,807.0454545454545,665.4090909090909
Upper Thomson,TE8,WEEKDAY,9,502.6363636363636,518.3636363636364
Upper Thomson,TE8,WEEKDAY,10,374.72727272727275,394.3636363636364
Upper Thomson,TE8,WEEKDAY,11,424.8181818181818,427.90909090909093
Upper Thomson,TE8,WEEKDAY,12,472.09090909090907,487.3636363636364
Upper Thomson,TE8,WEEKDAY,13,536.0454545454545,436.0
Upper Thomson,TE8,WEEKDAY,14,477.5,401.6363636363636
Upper Thomson,TE8,WEEKDAY,15,439.54545454545456,401.3181818181818
Upper Thomson,TE8,WEEKDAY,16,481.77272727272725,448.04545454545456
Upper Thomson,TE8,WEEKDAY,17,742.0,722.3181818181819
Upper Thomson,TE8,WEEKDAY,18,983.6363636363636,1181.0
Upper Thomson,TE8,WEEKDAY,19,681.5454545454545,843.4545454545455
Upper Thomson,TE8,WEEKDAY,20,545.9545454545455,454.8181818181818
Upper Thomson,TE8,WEEKDAY,21,560.1818181818181,378.8181818181818
Upper Thomson,TE8,WEEKDAY,22,324.04545454545456,339.77272727272725
Upper Thomson,TE8,WEEKDAY,23,114.18181818181819,157.63636363636363
Upper Thomson,TE8,WEEKENDS/HOLIDAY,0,9.777777777777779,28.0
Upper Thomson,TE8,WEEKENDS/HOLIDAY,5,11.777777777777779,3.6666666666666665
Upper Thomson,TE8,WEEKENDS/HOLIDAY,6,109.55555555555556,112.22222222222223
Upper Thomson,TE8,WEEKENDS/HOLIDAY,7,207.44444444444446,225.88888888888889
Upper Thomson,TE8,WEEKENDS/HOLIDAY,8,341.55555555555554,418.77777777777777
Upper Thomson,TE8,WEEKENDS/HOLIDAY,9,417.8888888888889,555.3333333333334
Upper Thomson,TE8,WEEKENDS/HOLIDAY,10,510.3333333333333,516.1111111111111
Upper Thomson,TE8,WEEKENDS/HOLIDAY,11,557.6666666666666,582.3333333333334
Upper Thomson,TE8,WEEKENDS/HOLIDAY,12,691.0,542.2222222222222
Upper Thomson,TE8,WEEKENDS/HOLIDAY,13,702.3333333333334,518.0
Upper Thomson,TE8,WEEKENDS/HOLIDAY,14,655.6666666666666,505.55555555555554
Upper Thomson,TE8,WEEKENDS/HOLIDAY,15,621.7777777777778,466.77777777777777
Upper Thomson,TE8,WEEKENDS/HOLIDAY,16,594.2222222222222,590.8888888888889
Upper Thomson,TE8,WEEKENDS/HOLIDAY,17,619.5555555555555,614.0
Upper Thomson,TE8,WEEKENDS/HOLIDAY,18,697.8888888888889,668.5555555555555
Upper Thomson,TE8,WEEKENDS/HOLIDAY,19,559.0,528.2222222222222
Upper Thomson,TE8,WEEKENDS/HOLIDAY,20,463.55555555555554,382.8888888888889
Upper Thomson,TE8,WEEKENDS/HOLIDAY,21,493.1111111111111,352.3333333333333
Upper Thomson,TE8,WEEKENDS/HOLIDAY,22,285.3333333333333,320.77777777777777
Upper Thomson,TE8,WEEKENDS/HOLIDAY,23,110.11111111111111,162.88888888888889
Woodlands,NS9/TE2,WEEKDAY,0,129.13636363636363,477.95454545454544
Woodlands,NS9/TE2,WEEKDAY,5,1072.6818181818182,422.54545454545456
Woodlands,NS9/TE2,WEEKDAY,6,3149.318181818182,1644.9545454545455
Woodlands,NS9/TE2,WEEKDAY,7,6158.045454545455,3320.818181818182
Woodlands,NS9/TE2,WEEKDAY,8,5386.909090909091,3465.3636363636365
Woodlands,NS9/TE2,WEEKDAY,9,3042.409090909091,2377.7727272727275
Woodlands,NS9/TE2,WEEKDAY,10,2284.9545454545455,2110.318181818182
Woodlands,NS9/TE2,WEEKDAY,11,2214.5454545454545,2364.6363636363635
Woodlands,NS9/TE2,WEEKDAY,12,2519.2727272727275,2675.2272727272725
Woodlands,NS9/TE2,WEEKDAY,13,2555.3636363636365,2852.681818181818
Woodlands,NS9/TE2,WEEKDAY,14,2320.818181818182,2734.1363636363635
Woodlands,NS9/TE2,WEEKDAY,15,2235.181818181818,2876.909090909091
Woodlands,NS9/TE2,WEEKDAY,16,2527.909090909091,3534.7272727272725
Woodlands,NS9/TE2,WEEKDAY,17,3593.090909090909,5678.863636363636
Woodlands,NS9/TE2,WEEKDAY,18,4425.545454545455,8972.863636363636
Woodlands,NS9/TE2,WEEKDAY,19,3047.590909090909,6451.136363636364
Woodlands,NS9/TE2,WEEKDAY,20,2387.818181818182,4095.181818181818
Woodlands,NS9/TE2,WEEKDAY,21,2187.7272727272725,3563.090909090909
Woodlands,NS9/TE2,WEEKDAY,22,1369.8636363636363,3066.6363636363635
Woodlands,NS9/TE2,WEEKDAY,23,610.6363636363636,1697.1363636363637
Woodlands,NS9/TE2,WEEKENDS/HOLIDAY,0,158.22222222222223,474.3333333333333
Woodlands,NS9/TE2,WEEKENDS/HOLIDAY,5,378.22222222222223,227.88888888888889
Woodlands,NS9/TE2,WEEKENDS/HOLIDAY,6,1402.2222222222222,968.8888888888889
Woodlands,NS9/TE2,WEEKENDS/HOLIDAY,7,1905.7777777777778,1788.2222222222222
Woodlands,NS9/TE2,WEEKENDS/HOLIDAY,8,2303.0,2272.3333333333335
Woodlands,NS9/TE2,WEEKENDS/HOLIDAY,9,2638.1111111111113,2272.4444444444443
Woodlands,NS9/TE2,WEEKENDS/HOLIDAY,10,2578.5555555555557,2413.6666666666665
Woodlands,NS9/TE2,WEEKENDS/HOLIDAY,11,2788.5555555555557,2738.1111111111113
Woodlands,NS9/TE2,WEEKENDS/HOLIDAY,12,3096.8888888888887,3004.6666666666665
Woodlands,NS9/TE2,WEEKENDS/HOLIDAY,13,3114.222222222222,3183.6666666666665
Woodlands,NS9/TE2,WEEKENDS/HOLIDAY,14,3026.5555555555557,3160.777777777778
Woodlands,NS9/TE2,WEEKENDS/HOLIDAY,15,3026.0,3212.8888888888887
Woodlands,NS9/TE2,WEEKENDS/HOLIDAY,16,3075.8888888888887,3378.0
Woodlands,NS9/TE2,WEEKENDS/HOLIDAY,17,3432.222222222222,3944.6666666666665
Woodlands,NS9/TE2,WEEKENDS/HOLIDAY,18,3309.4444444444443,4055.6666666666665
Woodlands,NS9/TE2,WEEKENDS/HOLIDAY,19,2739.3333333333335,3805.0
Woodlands,NS9/TE2,WEEKENDS/HOLIDAY,20,2487.222222222222,3509.6666666666665
Woodlands,NS9/TE2,WEEKENDS/HOLIDAY,21,2310.4444444444443,3308.4444444444443
Woodlands,NS9/TE2,WEEKENDS/HOLIDAY,22,1572.888888888889,3176.5555555555557
Woodlands,NS9/TE2,WEEKENDS/HOLIDAY,23,805.1111111111111,1771.2222222222222
Woodlands North,TE1,WEEKDAY,0,23.545454545454547,15.772727272727273
Woodlands North,TE1,WEEKDAY,5,78.27272727272727,13.818181818181818
Woodlands North,TE1,WEEKDAY,6,533.2727272727273,152.8181818181818
Woodlands North,TE1,WEEKDAY,7,627.5909090909091,770.8181818181819
Woodlands North,TE1,WEEKDAY,8,453.8636363636364,1165.409090909091
Woodlands North,TE1,WEEKDAY,9,226.86363636363637,629.8636363636364
Woodlands North,TE1,WEEKDAY,10,143.95454545454547,235.54545454545453
Woodlands North,TE1,WEEKDAY,11,201.77272727272728,166.13636363636363
Woodlands North,TE1,WEEKDAY,12,236.77272727272728,214.72727272727272
Woodlands North,TE1,WEEKDAY,13,213.3181818181818,203.63636363636363
Woodlands North,TE1,WEEKDAY,14,190.6818181818182,143.5909090909091
Woodlands North,TE1,WEEKDAY,15,329.04545454545456,100.31818181818181
Woodlands North,TE1,WEEKDAY,16,557.3181818181819,117.81818181818181
Woodlands North,TE1,WEEKDAY,17,939.4545454545455,226.54545454545453
Woodlands North,TE1,WEEKDAY,18,854.6818181818181,306.1818181818182
Woodlands North,TE1,WEEKDAY,19,428.95454545454544,409.72727272727275
Woodlands North,TE1,WEEKDAY,20,357.09090909090907,223.5909090909091
Woodlands North,TE1,WEEKDAY,21,258.3181818181818,167.4090909090909
Woodlands North,TE1,WEEKDAY,22,120.0909090909091,129.0
Woodlands North,TE1,WEEKDAY,23,24.318181818181817,62.63636363636363
Woodlands North,TE1,WEEKENDS/HOLIDAY,0,1.5555555555555556,38.333333333333336
Woodlands North,TE1,WEEKENDS/HOLIDAY,5,25.666666666666668,4.222222222222222
Woodlands North,TE1,WEEKENDS/HOLIDAY,6,295.44444444444446,67.88888888888889
Woodlands North,TE1,WEEKENDS/HOLIDAY,7,357.1111111111111,299.55555555555554
Woodlands North,TE1,WEEKENDS/HOLIDAY,8,288.44444444444446,232.0
Woodlands North,TE1,WEEKENDS/HOLIDAY,9,240.77777777777777,94.0
Woodlands North,TE1,WEEKENDS/HOLIDAY,10,222.22222222222223,69.11111111111111
Woodlands North,TE1,WEEKENDS/HOLIDAY,11,220.44444444444446,77.33333333333333
Woodlands North,TE1,WEEKENDS/HOLIDAY,12,237.88888888888889,87.88888888888889
Woodlands North,TE1,WEEKENDS/HOLIDAY,13,196.22222222222223,110.33333333333333
Woodlands North,TE1,WEEKENDS/HOLIDAY,14,182.11111111111111,122.55555555555556
Woodlands North,TE1,WEEKENDS/HOLIDAY,15,188.11111111111111,123.88888888888889
Woodlands North,TE1,WEEKENDS/HOLIDAY,16,247.11111111111111,141.77777777777777
Woodlands North,TE1,WEEKENDS/HOLIDAY,17,295.1111111111111,237.0
Woodlands North,TE1,WEEKENDS/HOLIDAY,18,281.1111111111111,288.1111111111111
Woodlands North,TE1,WEEKENDS/HOLIDAY,19,207.55555555555554,358.0
Woodlands North,TE1,WEEKENDS/HOLIDAY,20,172.22222222222223,323.6666666666667
Woodlands North,TE1,WEEKENDS/HOLIDAY,21,92.66666666666667,263.55555555555554
Woodlands North,TE1,WEEKENDS/HOLIDAY,22,71.11111111111111,233.77777777777777
Woodlands North,TE1,WEEKENDS/HOLIDAY,23,32.0,121.11111111111111
Woodlands South,TE3,WEEKDAY,0,4.545454545454546,95.72727272727273
Woodlands South,TE3,WEEKDAY,5,183.22727272727272,27.636363636363637
Woodlands South,TE3,WEEKDAY,6,561.5454545454545,388.72727272727275
Woodlands South,TE3,WEEKDAY,7,1545.5,827.5454545454545
Woodlands South,TE3,WEEKDAY,8,1527.1363636363637,825.9545454545455
Woodlands South,TE3,WEEKDAY,9,686.8636363636364,369.27272727272725
Woodlands South,TE3,WEEKDAY,10,512.1363636363636,264.1818181818182
Woodlands South,TE3,WEEKDAY,11,550.4090909090909,319.59090909090907
Woodlands South,TE3,WEEKDAY,12,622.7727272727273,498.59090909090907
Woodlands South,TE3,WEEKDAY,13,566.6818181818181,491.59090909090907
Woodlands South,TE3,WEEKDAY,14,459.3636363636364,385.40909090909093
Woodlands South,TE3,WEEKDAY,15,499.59090909090907,377.1818181818182
Woodlands South,TE3,WEEKDAY,16,550.5,445.3636363636364
Woodlands South,TE3,WEEKDAY,17,1022.0,753.1818181818181
Woodlands South,TE3,WEEKDAY,18,973.5909090909091,1360.0
Woodlands South,TE3,WEEKDAY,19,511.1363636363636,1111.2727272727273
Woodlands South,TE3,WEEKDAY,20,379.1363636363636,684.0
Woodlands South,TE3,WEEKDAY,21,394.3636363636364,606.4545454545455
Woodlands South,TE3,WEEKDAY,22,137.4090909090909,597.5909090909091
Woodlands South,TE3,WEEKDAY,23,43.22727272727273,342.09090909090907
Woodlands South,TE3,WEEKENDS/HOLIDAY,0,5.222222222222222,90.44444444444444
Woodlands South,TE3,WEEKENDS/HOLIDAY,5,75.22222222222223,7.222222222222222
Woodlands South,TE3,WEEKENDS/HOLIDAY,6,233.0,267.55555555555554
Woodlands South,TE3,WEEKENDS/HOLIDAY,7,398.1111111111111,310.1111111111111
Woodlands South,TE3,WEEKENDS/HOLIDAY,8,540.7777777777778,290.8888888888889
Woodlands South,TE3,WEEKENDS/HOLIDAY,9,527.1111111111111,241.33333333333334
Woodlands South,TE3,WEEKENDS/HOLIDAY,10,563.8888888888889,258.0
Woodlands South,TE3,WEEKENDS/HOLIDAY,11,552.6666666666666,306.55555555555554
Woodlands South,TE3,WEEKENDS/HOLIDAY,12,656.7777777777778,416.0
Woodlands South,TE3,WEEKENDS/HOLIDAY,13,550.6666666666666,344.3333333333333
Woodlands South,TE3,WEEKENDS/HOLIDAY,14,501.77777777777777,358.0
Woodlands South,TE3,WEEKENDS/HOLIDAY,15,517.3333333333334,400.77777777777777
Woodlands South,TE3,WEEKENDS/HOLIDAY,16,527.0,404.77777777777777
Woodlands South,TE3,WEEKENDS/HOLIDAY,17,608.3333333333334,478.1111111111111
Woodlands South,TE3,WEEKENDS/HOLIDAY,18,486.55555555555554,519.6666666666666
Woodlands South,TE3,WEEKENDS/HOLIDAY,19,368.44444444444446,571.4444444444445
Woodlands South,TE3,WEEKENDS/HOLIDAY,20,302.6666666666667,537.3333333333334
Woodlands South,TE3,WEEKENDS/HOLIDAY,21,336.1111111111111,563.5555555555555
Woodlands South,TE3,WEEKENDS/HOLIDAY,22,115.77777777777777,590.3333333333334
Woodlands South,TE3,WEEKENDS/HOLIDAY,23,46.333333333333336,336.6666666666667
Woodleigh,NE11,WEEKDAY,0,9.181818181818182,31.727272727272727
Woodleigh,NE11,WEEKDAY,5,36.36363636363637,22.772727272727273
Woodleigh,NE11,WEEKDAY,6,292.6818181818182,275.3181818181818
Woodleigh,NE11,WEEKDAY,7,889.5,803.2272727272727
Woodleigh,NE11,WEEKDAY,8,1496.3636363636363,1241.6818181818182
Woodleigh,NE11,WEEKDAY,9,890.6818181818181,629.7272727272727
Woodleigh,NE11,WEEKDAY,10,592.5909090909091,466.95454545454544
Woodleigh,NE11,WEEKDAY,11,640.7727272727273,559.1363636363636
Woodleigh,NE11,WEEKDAY,12,670.7727272727273,688.5
Woodleigh,NE11,WEEKDAY,13,739.2727272727273,674.9090909090909
Woodleigh,NE11,WEEKDAY,14,665.3636363636364,703.0909090909091
Woodleigh,NE11,WEEKDAY,15,768.4545454545455,697.2727272727273
Woodleigh,NE11,WEEKDAY,16,1037.9545454545455,786.0909090909091
Woodleigh,NE11,WEEKDAY,17,1138.409090909091,1129.8636363636363
Woodleigh,NE11,WEEKDAY,18,1303.6818181818182,1823.5
Woodleigh,NE11,WEEKDAY,19,888.5,1304.590909090909
Woodleigh,NE11,WEEKDAY,20,630.0909090909091,770.6363636363636
Woodleigh,NE11,WEEKDAY,21,584.0454545454545,674.8181818181819
Woodleigh,NE11,WEEKDAY,22,355.45454545454544,548.4545454545455
Woodleigh,NE11,WEEKDAY,23,105.5,221.36363636363637
Woodleigh,NE11,WEEKENDS/HOLIDAY,0,6.444444444444445,13.11111111111111
Woodleigh,NE11,WEEKENDS/HOLIDAY,5,9.222222222222221,5.777777777777778
Woodleigh,NE11,WEEKENDS/HOLIDAY,6,156.11111111111111,138.88888888888889
Woodleigh,NE11,WEEKENDS/HOLIDAY,7,313.44444444444446,284.0
Woodleigh,NE11,WEEKENDS/HOLIDAY,8,513.3333333333334,424.55555555555554
Woodleigh,NE11,WEEKENDS/HOLIDAY,9,628.6666666666666,511.8888888888889
Woodleigh,NE11,WEEKENDS/HOLIDAY,10,709.8888888888889,582.4444444444445
Woodleigh,NE11,WEEKENDS/HOLIDAY,11,800.2222222222222,645.6666666666666
Woodleigh,NE11,WEEKENDS/HOLIDAY,12,855.0,755.2222222222222
Woodleigh,NE11,WEEKENDS/HOLIDAY,13,831.3333333333334,784.2222222222222
Woodleigh,NE11,WEEKENDS/HOLIDAY,14,813.2222222222222,752.5555555555555
Woodleigh,NE11,WEEKENDS/HOLIDAY,15,772.5555555555555,765.5555555555555
Woodleigh,NE11,WEEKENDS/HOLIDAY,16,796.1111111111111,770.5555555555555
Woodleigh,NE11,WEEKENDS/HOLIDAY,17,878.1111111111111,897.2222222222222
Woodleigh,NE11,WEEKENDS/HOLIDAY,18,840.2222222222222,936.6666666666666
Woodleigh,NE11,WEEKENDS/HOLIDAY,19,668.7777777777778,810.2222222222222
Woodleigh,NE11,WEEKENDS/HOLIDAY,20,548.3333333333334,724.5555555555555
Woodleigh,NE11,WEEKENDS/HOLIDAY,21,468.8888888888889,669.4444444444445
Woodleigh,NE11,WEEKENDS/HOLIDAY,22,352.1111111111111,544.1111111111111
Woodleigh,NE11,WEEKENDS/HOLIDAY,23,108.55555555555556,231.44444444444446
Yew Tee,NS5,WEEKDAY,0,29.954545454545453,277.1818181818182
Yew Tee,NS5,WEEKDAY,5,721.5909090909091,102.18181818181819
Yew Tee,NS5,WEEKDAY,6,2616.318181818182,598.2272727272727
Yew Tee,NS5,WEEKDAY,7,4779.954545454545,1275.5
Yew Tee,NS5,WEEKDAY,8,3658.1363636363635,1034.7272727272727
Yew Tee,NS5,WEEKDAY,9,1767.0,697.9090909090909
Yew Tee,NS5,WEEKDAY,10,1366.1818181818182,604.0
Yew Tee,NS5,WEEKDAY,11,1340.090909090909,653.2727272727273
Yew Tee,NS5,WEEKDAY,12,1306.6818181818182,830.4090909090909
Yew Tee,NS5,WEEKDAY,13,1148.4545454545455,1016.9090909090909
Yew Tee,NS5,WEEKDAY,14,962.4090909090909,1019.9090909090909
Yew Tee,NS5,WEEKDAY,15,904.1818181818181,1130.1818181818182
Yew Tee,NS5,WEEKDAY,16,1023.2272727272727,1394.4545454545455
Yew Tee,NS5,WEEKDAY,17,1769.4545454545455,2374.2727272727275
Yew Tee,NS5,WEEKDAY,18,1733.3181818181818,4034.9545454545455
Yew Tee,NS5,WEEKDAY,19,985.7272727272727,3179.1363636363635
Yew Tee,NS5,WEEKDAY,20,721.3181818181819,2106.8636363636365
Yew Tee,NS5,WEEKDAY,21,595.5909090909091,1809.3181818181818
Yew Tee,NS5,WEEKDAY,22,405.09090909090907,1499.6818181818182
Yew Tee,NS5,WEEKDAY,23,152.4090909090909,784.9090909090909
Yew Tee,NS5,WEEKENDS/HOLIDAY,0,29.88888888888889,280.22222222222223
Yew Tee,NS5,WEEKENDS/HOLIDAY,5,365.3333333333333,35.55555555555556
Yew Tee,NS5,WEEKENDS/HOLIDAY,6,1065.0,231.55555555555554
Yew Tee,NS5,WEEKENDS/HOLIDAY,7,1404.7777777777778,495.22222222222223
Yew Tee,NS5,WEEKENDS/HOLIDAY,8,1576.6666666666667,617.4444444444445
Yew Tee,NS5,WEEKENDS/HOLIDAY,9,1624.111111111111,721.7777777777778
Yew Tee,NS5,WEEKENDS/HOLIDAY,10,1711.111111111111,720.7777777777778
Yew Tee,NS5,WEEKENDS/HOLIDAY,11,1683.3333333333333,827.2222222222222
Yew Tee,NS5,WEEKENDS/HOLIDAY,12,1570.6666666666667,1035.6666666666667
Yew Tee,NS5,WEEKENDS/HOLIDAY,13,1341.6666666666667,1241.2222222222222
Yew Tee,NS5,WEEKENDS/HOLIDAY,14,1202.7777777777778,1236.7777777777778
Yew Tee,NS5,WEEKENDS/HOLIDAY,15,1135.3333333333333,1340.7777777777778
Yew Tee,NS5,WEEKENDS/HOLIDAY,16,1265.4444444444443,1439.4444444444443
Yew Tee,NS5,WEEKENDS/HOLIDAY,17,1401.5555555555557,1629.888888888889
Yew Tee,NS5,WEEKENDS/HOLIDAY,18,1262.4444444444443,1766.2222222222222
Yew Tee,NS5,WEEKENDS/HOLIDAY,19,949.5555555555555,1785.6666666666667
Yew Tee,NS5,WEEKENDS/HOLIDAY,20,708.1111111111111,1828.2222222222222
Yew Tee,NS5,WEEKENDS/HOLIDAY,21,618.7777777777778,1791.7777777777778
Yew Tee,NS5,WEEKENDS/HOLIDAY,22,433.44444444444446,1489.2222222222222
Yew Tee,NS5,WEEKENDS/HOLIDAY,23,155.22222222222223,895.0
Yio Chu Kang,NS15,WEEKDAY,0,19.0,80.4090909090909
Yio Chu Kang,NS15,WEEKDAY,5,201.13636363636363,129.5
Yio Chu Kang,NS15,WEEKDAY,6,706.8636363636364,804.5
Yio Chu Kang,NS15,WEEKDAY,7,1511.6363636363637,2006.909090909091
Yio Chu Kang,NS15,WEEKDAY,8,1460.6363636363637,3469.909090909091
Yio Chu Kang,NS15,WEEKDAY,9,909.5454545454545,1608.1363636363637
Yio Chu Kang,NS15,WEEKDAY,10,753.1818181818181,779.5
Yio Chu Kang,NS15,WEEKDAY,11,818.7727272727273,644.6818181818181
Yio Chu Kang,NS15,WEEKDAY,12,969.8636363636364,679.9545454545455
Yio Chu Kang,NS15,WEEKDAY,13,841.5454545454545,714.0909090909091
Yio Chu Kang,NS15,WEEKDAY,14,806.4090909090909,597.3636363636364
Yio Chu Kang,NS15,WEEKDAY,15,985.9545454545455,547.2727272727273
Yio Chu Kang,NS15,WEEKDAY,16,1367.8636363636363,614.2272727272727
Yio Chu Kang,NS15,WEEKDAY,17,2476.909090909091,997.9090909090909
Yio Chu Kang,NS15,WEEKDAY,18,3033.7272727272725,1507.909090909091
Yio Chu Kang,NS15,WEEKDAY,19,1348.6363636363637,1050.1363636363637
Yio Chu Kang,NS15,WEEKDAY,20,786.2272727272727,699.0454545454545
Yio Chu Kang,NS15,WEEKDAY,21,632.2727272727273,682.8181818181819
Yio Chu Kang,NS15,WEEKDAY,22,454.45454545454544,619.2727272727273
Yio Chu Kang,NS15,WEEKDAY,23,159.22727272727272,262.09090909090907
Yio Chu Kang,NS15,WEEKENDS/HOLIDAY,0,15.666666666666666,71.11111111111111
Yio Chu Kang,NS15,WEEKENDS/HOLIDAY,5,98.44444444444444,31.77777777777778
Yio Chu Kang,NS15,WEEKENDS/HOLIDAY,6,349.1111111111111,366.1111111111111
Yio Chu Kang,NS15,WEEKENDS/HOLIDAY,7,575.6666666666666,495.1111111111111
Yio Chu Kang,NS15,WEEKENDS/HOLIDAY,8,682.8888888888889,460.22222222222223
Yio Chu Kang,NS15,WEEKENDS/HOLIDAY,9,828.0,435.77777777777777
Yio Chu Kang,NS15,WEEKENDS/HOLIDAY,10,793.5555555555555,338.1111111111111
Yio Chu Kang,NS15,WEEKENDS/HOLIDAY,11,688.0,336.0
Yio Chu Kang,NS15,WEEKENDS/HOLIDAY,12,717.7777777777778,385.0
Yio Chu Kang,NS15,WEEKENDS/HOLIDAY,13,636.3333333333334,418.8888888888889
Yio Chu Kang,NS15,WEEKENDS/HOLIDAY,14,531.6666666666666,435.3333333333333
Yio Chu Kang,NS15,WEEKENDS/HOLIDAY,15,538.1111111111111,481.0
Yio Chu Kang,NS15,WEEKENDS/HOLIDAY,16,621.8888888888889,518.4444444444445
Yio Chu Kang,NS15,WEEKENDS/HOLIDAY,17,667.0,651.2222222222222
Yio Chu Kang,NS15,WEEKENDS/HOLIDAY,18,576.4444444444445,730.3333333333334
Yio Chu Kang,NS15,WEEKENDS/HOLIDAY,19,577.5555555555555,658.6666666666666
Yio Chu Kang,NS15,WEEKENDS/HOLIDAY,20,387.1111111111111,625.7777777777778
Yio Chu Kang,NS15,WEEKENDS/HOLIDAY,21,311.77777777777777,621.3333333333334
Yio Chu Kang,NS15,WEEKENDS/HOLIDAY,22,220.22222222222223,603.7777777777778
Yio Chu Kang,NS15,WEEKENDS/HOLIDAY,23,105.0,284.22222222222223
Yishun,NS13,WEEKDAY,0,186.1818181818182,459.04545454545456
Yishun,NS13,WEEKDAY,5,1212.6818181818182,201.22727272727272
Yishun,NS13,WEEKDAY,6,3342.0,808.6818181818181
Yishun,NS13,WEEKDAY,7,6438.636363636364,1909.2727272727273
Yishun,NS13,WEEKDAY,8,6001.181818181818,2182.818181818182
Yishun,NS13,WEEKDAY,9,3241.681818181818,1566.5
Yishun,NS13,WEEKDAY,10,2321.818181818182,1485.1818181818182
Yishun,NS13,WEEKDAY,11,2080.3636363636365,1641.0454545454545
Yishun,NS13,WEEKDAY,12,2195.3636363636365,2041.0
Yishun,NS13,WEEKDAY,13,2227.590909090909,2248.0
Yishun,NS13,WEEKDAY,14,2016.8181818181818,2185.5454545454545
Yishun,NS13,WEEKDAY,15,2054.5454545454545,2417.5454545454545
Yishun,NS13,WEEKDAY,16,2112.2727272727275,3107.5
Yishun,NS13,WEEKDAY,17,2988.318181818182,4987.454545454545
Yishun,NS13,WEEKDAY,18,3161.5,8321.045454545454
Yishun,NS13,WEEKDAY,19,2226.1363636363635,5970.681818181818
Yishun,NS13,WEEKDAY,20,1924.3636363636363,3765.0
Yishun,NS13,WEEKDAY,21,1976.8181818181818,3137.6363636363635
Yishun,NS13,WEEKDAY,22,1182.909090909091,3077.681818181818
Yishun,NS13,WEEKDAY,23,430.45454545454544,1687.2727272727273
Yishun,NS13,WEEKENDS/HOLIDAY,0,87.22222222222223,503.0
Yishun,NS13,WEEKENDS/HOLIDAY,5,625.3333333333334,100.11111111111111
Yishun,NS13,WEEKENDS/HOLIDAY,6,1513.4444444444443,434.1111111111111
Yishun,NS13,WEEKENDS/HOLIDAY,7,2004.4444444444443,880.4444444444445
Yishun,NS13,WEEKENDS/HOLIDAY,8,2484.4444444444443,1324.4444444444443
Yishun,NS13,WEEKENDS/HOLIDAY,9,2895.222222222222,1599.888888888889
Yishun,NS13,WEEKENDS/HOLIDAY,10,2605.0,1739.2222222222222
Yishun,NS13,WEEKENDS/HOLIDAY,11,2546.6666666666665,2081.4444444444443
Yishun,NS13,WEEKENDS/HOLIDAY,12,2612.222222222222,2297.3333333333335
Yishun,NS13,WEEKENDS/HOLIDAY,13,2681.8888888888887,2543.4444444444443
Yishun,NS13,WEEKENDS/HOLIDAY,14,2621.4444444444443,2461.5555555555557
Yishun,NS13,WEEKENDS/HOLIDAY,15,2515.222222222222,2658.6666666666665
Yishun,NS13,WEEKENDS/HOLIDAY,16,2489.0,3074.4444444444443
Yishun,NS13,WEEKENDS/HOLIDAY,17,2591.3333333333335,3586.0
Yishun,NS13,WEEKENDS/HOLIDAY,18,2452.777777777778,3613.222222222222
Yishun,NS13,WEEKENDS/HOLIDAY,19,2094.3333333333335,3310.222222222222
Yishun,NS13,WEEKENDS/HOLIDAY,20,1920.3333333333333,3052.1111111111113
Yishun,NS13,WEEKENDS/HOLIDAY,21,1951.111111111111,2950.222222222222
Yishun,NS13,WEEKENDS/HOLIDAY,22,1267.3333333333333,3054.6666666666665
Yishun,NS13,WEEKENDS/HOLIDAY,23,482.1111111111111,1794.2222222222222
one-north,CC23,WEEKDAY,0,4.2727272727272725,6.7727272727272725
one-north,CC23,WEEKDAY,5,13.318181818181818,31.59090909090909
one-north,CC23,WEEKDAY,6,19.681818181818183,543.9545454545455
one-north,CC23,WEEKDAY,7,109.54545454545455,1174.5454545454545
one-north,CC23,WEEKDAY,8,190.86363636363637,2975.0
one-north,CC23,WEEKDAY,9,157.86363636363637,3357.1363636363635
one-north,CC23,WEEKDAY,10,175.0909090909091,1149.0454545454545
one-north,CC23,WEEKDAY,11,483.09090909090907,555.5909090909091
one-north,CC23,WEEKDAY,12,829.9545454545455,597.0
one-north,CC23,WEEKDAY,13,605.6818181818181,717.3181818181819
one-north,CC23,WEEKDAY,14,412.04545454545456,448.77272727272725
one-north,CC23,WEEKDAY,15,546.4090909090909,226.0
one-north,CC23,WEEKDAY,16,955.6818181818181,218.5909090909091
one-north,CC23,WEEKDAY,17,2467.3636363636365,259.6363636363636
one-north,CC23,WEEKDAY,18,3287.2272727272725,390.22727272727275
one-north,CC23,WEEKDAY,19,1507.5454545454545,235.9090909090909
one-north,CC23,WEEKDAY,20,681.7272727272727,98.0909090909091
one-north,CC23,WEEKDAY,21,388.3181818181818,84.86363636363636
one-north,CC23,WEEKDAY,22,198.54545454545453,58.72727272727273
one-north,CC23,WEEKDAY,23,53.77272727272727,18.863636363636363
one-north,CC23,WEEKENDS/HOLIDAY,0,0.6666666666666666,3.6666666666666665
one-north,CC23,WEEKENDS/HOLIDAY,5,2.111111111111111,0.4444444444444444
one-north,CC23,WEEKENDS/HOLIDAY,6,4.777777777777778,35.888888888888886
one-north,CC23,WEEKENDS/HOLIDAY,7,16.555555555555557,69.33333333333333
one-north,CC23,WEEKENDS/HOLIDAY,8,31.666666666666668,76.22222222222223
one-north,CC23,WEEKENDS/HOLIDAY,9,75.33333333333333,275.44444444444446
one-north,CC23,WEEKENDS/HOLIDAY,10,115.44444444444444,210.22222222222223
one-north,CC23,WEEKENDS/HOLIDAY,11,171.33333333333334,174.77777777777777
one-north,CC23,WEEKENDS/HOLIDAY,12,241.11111111111111,185.11111111111111
one-north,CC23,WEEKENDS/HOLIDAY,13,201.11111111111111,200.11111111111111
one-north,CC23,WEEKENDS/HOLIDAY,14,193.11111111111111,177.22222222222223
one-north,CC23,WEEKENDS/HOLIDAY,15,189.66666666666666,142.77777777777777
one-north,CC23,WEEKENDS/HOLIDAY,16,213.44444444444446,113.55555555555556
one-north,CC23,WEEKENDS/HOLIDAY,17,276.22222222222223,115.55555555555556
one-north,CC23,WEEKENDS/HOLIDAY,18,212.33333333333334,143.0
one-north,CC23,WEEKENDS/HOLIDAY,19,200.55555555555554,129.88888888888889
one-north,CC23,WEEKENDS/HOLIDAY,20,184.11111111111111,80.44444444444444
one-north,CC23,WEEKENDS/HOLIDAY,21,130.55555555555554,92.77777777777777
one-north,CC23,WEEKENDS/HOLIDAY,22,126.77777777777777,63.55555555555556
one-north,CC23,WEEKENDS/HOLIDAY,23,18.88888888888889,21.88888888888889
