STATION_NAME,station_codes,DAY_TYPE,TIME_PER_HOUR,daily_avg_tap_in,daily_avg_tap_out
Admiralty,NS10,WEEKDAY,0,34.61904761904762,353.1904761904762
Admiralty,NS10,WEEKDAY,5,1187.4761904761904,148.04761904761904
Admiralty,NS10,WEEKDAY,6,4700.619047619048,1153.5714285714287
Admiralty,NS10,WEEKDAY,7,8203.904761904761,2972.4285714285716
Admiralty,NS10,WEEKDAY,8,5790.238095238095,2476.4285714285716
Admiralty,NS10,WEEKDAY,9,2850.095238095238,1233.857142857143
Admiralty,NS10,WEEKDAY,10,1902.7619047619048,827.047619047619
Admiralty,NS10,WEEKDAY,11,1665.4761904761904,869.1904761904761
Admiralty,NS10,WEEKDAY,12,1692.7619047619048,1108.904761904762
Admiralty,NS10,WEEKDAY,13,1516.5238095238096,1312.142857142857
Admiralty,NS10,WEEKDAY,14,1402.7142857142858,1436.5714285714287
Admiralty,NS10,WEEKDAY,15,1239.952380952381,1620.095238095238
Admiralty,NS10,WEEKDAY,16,1554.7619047619048,2053.5714285714284
Admiralty,NS10,WEEKDAY,17,3261.714285714286,3298.5238095238096
Admiralty,NS10,WEEKDAY,18,3501.5238095238096,5761.0
Admiralty,NS10,WEEKDAY,19,1730.7142857142858,4696.476190476191
Admiralty,NS10,WEEKDAY,20,1226.7619047619048,2911.9523809523807
Admiralty,NS10,WEEKDAY,21,803.1904761904761,2550.1428571428573
Admiralty,NS10,WEEKDAY,22,482.3333333333333,2186.5714285714284
Admiralty,NS10,WEEKDAY,23,185.66666666666666,1108.7142857142858
Admiralty,NS10,WEEKENDS/HOLIDAY,0,39.3,411.3
Admiralty,NS10,WEEKENDS/HOLIDAY,5,604.6,73.1
Admiralty,NS10,WEEKENDS/HOLIDAY,6,1542.7,428.9
Admiralty,NS10,WEEKENDS/HOLIDAY,7,2073.5,975.3
Admiralty,NS10,WEEKENDS/HOLIDAY,8,2403.7,1228.9
Admiralty,NS10,WEEKENDS/HOLIDAY,9,2521.7,1147.6
Admiralty,NS10,WEEKENDS/HOLIDAY,10,2444.5,1028.8
Admiralty,NS10,WEEKENDS/HOLIDAY,11,2358.5,1129.2
Admiralty,NS10,WEEKENDS/HOLIDAY,12,2314.4,1331.5
Admiralty,NS10,WEEKENDS/HOLIDAY,13,2076.5,1592.3
Admiralty,NS10,WEEKENDS/HOLIDAY,14,1844.3,1595.9
Admiralty,NS10,WEEKENDS/HOLIDAY,15,1677.2,1695.6
Admiralty,NS10,WEEKENDS/HOLIDAY,16,1775.5,1770.0
Admiralty,NS10,WEEKENDS/HOLIDAY,17,2074.2,2035.9
Admiralty,NS10,WEEKENDS/HOLIDAY,18,1798.7,2253.1
Admiralty,NS10,WEEKENDS/HOLIDAY,19,1290.8,2245.1
Admiralty,NS10,WEEKENDS/HOLIDAY,20,1031.0,2284.2
Admiralty,NS10,WEEKENDS/HOLIDAY,21,744.9,2299.7
Admiralty,NS10,WEEKENDS/HOLIDAY,22,485.1,2097.6
Admiralty,NS10,WEEKENDS/HOLIDAY,23,210.2,1273.5
Aljunied,EW9,WEEKDAY,0,12.333333333333334,64.57142857142857
Aljunied,EW9,WEEKDAY,5,303.85714285714283,41.666666666666664
Aljunied,EW9,WEEKDAY,6,2240.4285714285716,553.6666666666666
Aljunied,EW9,WEEKDAY,7,2856.7619047619046,1591.5714285714287
Aljunied,EW9,WEEKDAY,8,2624.9523809523807,1779.1904761904761
Aljunied,EW9,WEEKDAY,9,1462.5714285714287,1060.095238095238
Aljunied,EW9,WEEKDAY,10,905.3809523809524,619.047619047619
Aljunied,EW9,WEEKDAY,11,806.5238095238095,572.9047619047619
Aljunied,EW9,WEEKDAY,12,937.5714285714286,686.3333333333334
Aljunied,EW9,WEEKDAY,13,1224.4761904761904,814.7142857142857
Aljunied,EW9,WEEKDAY,14,920.6666666666666,764.7142857142857
Aljunied,EW9,WEEKDAY,15,880.7619047619048,837.7619047619048
Aljunied,EW9,WEEKDAY,16,1025.7142857142858,930.6666666666666
Aljunied,EW9,WEEKDAY,17,1733.142857142857,1641.7142857142858
Aljunied,EW9,WEEKDAY,18,2139.904761904762,3152.6666666666665
Aljunied,EW9,WEEKDAY,19,1130.5714285714287,3081.3809523809523
Aljunied,EW9,WEEKDAY,20,809.7619047619048,1809.6190476190477
Aljunied,EW9,WEEKDAY,21,764.4761904761905,1595.7619047619048
Aljunied,EW9,WEEKDAY,22,536.7619047619048,1222.5714285714287
Aljunied,EW9,WEEKDAY,23,253.47619047619048,576.7142857142857
Aljunied,EW9,WEEKENDS/HOLIDAY,0,14.6,77.7
Aljunied,EW9,WEEKENDS/HOLIDAY,5,150.2,10.7
Aljunied,EW9,WEEKENDS/HOLIDAY,6,1402.4,272.8
Aljunied,EW9,WEEKENDS/HOLIDAY,7,1457.4,570.9
Aljunied,EW9,WEEKENDS/HOLIDAY,8,1174.4,966.6
Aljunied,EW9,WEEKENDS/HOLIDAY,9,1107.5,1317.6
Aljunied,EW9,WEEKENDS/HOLIDAY,10,1136.9,1175.2
Aljunied,EW9,WEEKENDS/HOLIDAY,11,1251.1,1014.6
Aljunied,EW9,WEEKENDS/HOLIDAY,12,1536.5,1089.1
Aljunied,EW9,WEEKENDS/HOLIDAY,13,1401.6,1214.6
Aljunied,EW9,WEEKENDS/HOLIDAY,14,1259.5,1213.2
Aljunied,EW9,WEEKENDS/HOLIDAY,15,1272.3,1193.2
Aljunied,EW9,WEEKENDS/HOLIDAY,16,1422.4,1356.5
Aljunied,EW9,WEEKENDS/HOLIDAY,17,1499.6,1730.2
Aljunied,EW9,WEEKENDS/HOLIDAY,18,1417.7,2041.3
Aljunied,EW9,WEEKENDS/HOLIDAY,19,1257.3,2131.6
Aljunied,EW9,WEEKENDS/HOLIDAY,20,1103.9,1621.4
Aljunied,EW9,WEEKENDS/HOLIDAY,21,929.5,1440.6
Aljunied,EW9,WEEKENDS/HOLIDAY,22,692.5,1160.3
Aljunied,EW9,WEEKENDS/HOLIDAY,23,338.9,603.9
Ang Mo Kio,NS16,WEEKDAY,0,45.0,265.5238095238095
Ang Mo Kio,NS16,WEEKDAY,5,835.8571428571429,152.57142857142858
Ang Mo Kio,NS16,WEEKDAY,6,2785.6190476190477,1792.5238095238096
Ang Mo Kio,NS16,WEEKDAY,7,5005.857142857143,3566.0476190476193
Ang Mo Kio,NS16,WEEKDAY,8,5463.190476190476,2951.7619047619046
Ang Mo Kio,NS16,WEEKDAY,9,3116.714285714286,1748.2380952380952
Ang Mo Kio,NS16,WEEKDAY,10,1942.142857142857,1414.7619047619048
Ang Mo Kio,NS16,WEEKDAY,11,1723.904761904762,1330.142857142857
Ang Mo Kio,NS16,WEEKDAY,12,1834.8095238095239,1676.047619047619
Ang Mo Kio,NS16,WEEKDAY,13,1912.5238095238096,1733.047619047619
Ang Mo Kio,NS16,WEEKDAY,14,1955.904761904762,1831.2380952380952
Ang Mo Kio,NS16,WEEKDAY,15,1793.8095238095239,2086.9523809523807
Ang Mo Kio,NS16,WEEKDAY,16,1920.2857142857142,2432.3333333333335
Ang Mo Kio,NS16,WEEKDAY,17,2966.0476190476193,4018.5714285714284
Ang Mo Kio,NS16,WEEKDAY,18,3767.8571428571427,6660.809523809524
Ang Mo Kio,NS16,WEEKDAY,19,2344.0,4873.190476190476
Ang Mo Kio,NS16,WEEKDAY,20,1669.047619047619,3143.3809523809523
Ang Mo Kio,NS16,WEEKDAY,21,1512.095238095238,2867.809523809524
Ang Mo Kio,NS16,WEEKDAY,22,914.7142857142857,2455.1428571428573
Ang Mo Kio,NS16,WEEKDAY,23,355.76190476190476,1243.3333333333333
Ang Mo Kio,NS16,WEEKENDS/HOLIDAY,0,53.8,434.3
Ang Mo Kio,NS16,WEEKENDS/HOLIDAY,5,430.8,55.2
Ang Mo Kio,NS16,WEEKENDS/HOLIDAY,6,1266.4,654.1
Ang Mo Kio,NS16,WEEKENDS/HOLIDAY,7,1730.2,1112.5
Ang Mo Kio,NS16,WEEKENDS/HOLIDAY,8,2222.3,1430.7
Ang Mo Kio,NS16,WEEKENDS/HOLIDAY,9,2682.6,1567.3
Ang Mo Kio,NS16,WEEKENDS/HOLIDAY,10,2369.7,1587.4
Ang Mo Kio,NS16,WEEKENDS/HOLIDAY,11,2303.1,1669.9
Ang Mo Kio,NS16,WEEKENDS/HOLIDAY,12,2374.9,1906.6
Ang Mo Kio,NS16,WEEKENDS/HOLIDAY,13,2331.3,2184.7
Ang Mo Kio,NS16,WEEKENDS/HOLIDAY,14,2179.8,2136.0
Ang Mo Kio,NS16,WEEKENDS/HOLIDAY,15,2081.2,2306.5
Ang Mo Kio,NS16,WEEKENDS/HOLIDAY,16,2112.7,2461.0
Ang Mo Kio,NS16,WEEKENDS/HOLIDAY,17,2206.7,2750.5
Ang Mo Kio,NS16,WEEKENDS/HOLIDAY,18,2123.5,2961.2
Ang Mo Kio,NS16,WEEKENDS/HOLIDAY,19,1799.2,2647.9
Ang Mo Kio,NS16,WEEKENDS/HOLIDAY,20,1476.4,2484.8
Ang Mo Kio,NS16,WEEKENDS/HOLIDAY,21,1304.0,2566.3
Ang Mo Kio,NS16,WEEKENDS/HOLIDAY,22,898.4,2484.8
Ang Mo Kio,NS16,WEEKENDS/HOLIDAY,23,351.6,1454.2
Bartley,CC12,WEEKDAY,0,1.9047619047619047,14.285714285714286
Bartley,CC12,WEEKDAY,5,41.666666666666664,7.619047619047619
Bartley,CC12,WEEKDAY,6,520.0,483.6666666666667
Bartley,CC12,WEEKDAY,7,1087.7142857142858,1237.0
Bartley,CC12,WEEKDAY,8,1426.7142857142858,400.7142857142857
Bartley,CC12,WEEKDAY,9,698.1428571428571,226.66666666666666
Bartley,CC12,WEEKDAY,10,328.14285714285717,153.9047619047619
Bartley,CC12,WEEKDAY,11,338.6666666666667,139.61904761904762
Bartley,CC12,WEEKDAY,12,400.8095238095238,234.71428571428572
Bartley,CC12,WEEKDAY,13,1083.047619047619,428.5238095238095
Bartley,CC12,WEEKDAY,14,616.4761904761905,413.6666666666667
Bartley,CC12,WEEKDAY,15,497.04761904761904,348.0952380952381
Bartley,CC12,WEEKDAY,16,478.2857142857143,388.6666666666667
Bartley,CC12,WEEKDAY,17,695.1428571428571,626.8095238095239
Bartley,CC12,WEEKDAY,18,701.4761904761905,1104.6666666666667
Bartley,CC12,WEEKDAY,19,324.23809523809524,873.5714285714286
Bartley,CC12,WEEKDAY,20,213.61904761904762,495.5238095238095
Bartley,CC12,WEEKDAY,21,149.57142857142858,437.04761904761904
Bartley,CC12,WEEKDAY,22,109.19047619047619,281.85714285714283
Bartley,CC12,WEEKDAY,23,33.095238095238095,110.47619047619048
Bartley,CC12,WEEKENDS/HOLIDAY,0,3.0,20.4
Bartley,CC12,WEEKENDS/HOLIDAY,5,10.7,0.9
Bartley,CC12,WEEKENDS/HOLIDAY,6,86.0,47.2
Bartley,CC12,WEEKENDS/HOLIDAY,7,157.6,151.2
Bartley,CC12,WEEKENDS/HOLIDAY,8,286.4,173.9
Bartley,CC12,WEEKENDS/HOLIDAY,9,369.8,174.6
Bartley,CC12,WEEKENDS/HOLIDAY,10,446.1,216.2
Bartley,CC12,WEEKENDS/HOLIDAY,11,434.0,271.8
Bartley,CC12,WEEKENDS/HOLIDAY,12,513.6,299.6
Bartley,CC12,WEEKENDS/HOLIDAY,13,449.9,326.3
Bartley,CC12,WEEKENDS/HOLIDAY,14,346.8,366.2
Bartley,CC12,WEEKENDS/HOLIDAY,15,385.8,355.1
Bartley,CC12,WEEKENDS/HOLIDAY,16,372.5,363.9
Bartley,CC12,WEEKENDS/HOLIDAY,17,421.2,390.7
Bartley,CC12,WEEKENDS/HOLIDAY,18,404.6,384.0
Bartley,CC12,WEEKENDS/HOLIDAY,19,278.3,387.8
Bartley,CC12,WEEKENDS/HOLIDAY,20,168.3,370.3
Bartley,CC12,WEEKENDS/HOLIDAY,21,130.5,366.7
Bartley,CC12,WEEKENDS/HOLIDAY,22,103.4,252.5
Bartley,CC12,WEEKENDS/HOLIDAY,23,41.2,117.1
Bayfront,CE1/DT16,WEEKDAY,0,74.33333333333333,26.952380952380953
Bayfront,CE1/DT16,WEEKDAY,5,55.476190476190474,0.047619047619047616
Bayfront,CE1/DT16,WEEKDAY,6,316.7142857142857,1157.3333333333333
Bayfront,CE1/DT16,WEEKDAY,7,541.4285714285714,1326.7142857142858
Bayfront,CE1/DT16,WEEKDAY,8,535.7142857142857,1672.857142857143
Bayfront,CE1/DT16,WEEKDAY,9,363.3333333333333,1680.142857142857
Bayfront,CE1/DT16,WEEKDAY,10,460.6190476190476,1523.0
Bayfront,CE1/DT16,WEEKDAY,11,684.2857142857143,1651.6190476190477
Bayfront,CE1/DT16,WEEKDAY,12,838.7142857142857,1753.952380952381
Bayfront,CE1/DT16,WEEKDAY,13,1078.857142857143,1703.4285714285713
Bayfront,CE1/DT16,WEEKDAY,14,1140.952380952381,1709.857142857143
Bayfront,CE1/DT16,WEEKDAY,15,1529.3809523809523,1335.7142857142858
Bayfront,CE1/DT16,WEEKDAY,16,1521.2380952380952,1392.0
Bayfront,CE1/DT16,WEEKDAY,17,2097.0,1689.6666666666667
Bayfront,CE1/DT16,WEEKDAY,18,2531.5714285714284,2388.4761904761904
Bayfront,CE1/DT16,WEEKDAY,19,2222.8571428571427,2411.4285714285716
Bayfront,CE1/DT16,WEEKDAY,20,3732.285714285714,1422.047619047619
Bayfront,CE1/DT16,WEEKDAY,21,3608.285714285714,967.0
Bayfront,CE1/DT16,WEEKDAY,22,3057.6190476190477,810.7619047619048
Bayfront,CE1/DT16,WEEKDAY,23,1896.047619047619,282.85714285714283
Bayfront,CE1/DT16,WEEKENDS/HOLIDAY,0,93.8,38.4
Bayfront,CE1/DT16,WEEKENDS/HOLIDAY,5,36.5,0.0
Bayfront,CE1/DT16,WEEKENDS/HOLIDAY,6,770.0,1024.6
Bayfront,CE1/DT16,WEEKENDS/HOLIDAY,7,691.9,1140.8
Bayfront,CE1/DT16,WEEKENDS/HOLIDAY,8,561.2,1516.1
Bayfront,CE1/DT16,WEEKENDS/HOLIDAY,9,391.5,1644.6
Bayfront,CE1/DT16,WEEKENDS/HOLIDAY,10,791.4,2203.6
Bayfront,CE1/DT16,WEEKENDS/HOLIDAY,11,892.7,2907.6
Bayfront,CE1/DT16,WEEKENDS/HOLIDAY,12,1074.4,2823.3
Bayfront,CE1/DT16,WEEKENDS/HOLIDAY,13,1928.0,3095.9
Bayfront,CE1/DT16,WEEKENDS/HOLIDAY,14,1984.4,3121.7
Bayfront,CE1/DT16,WEEKENDS/HOLIDAY,15,2799.5,2805.4
Bayfront,CE1/DT16,WEEKENDS/HOLIDAY,16,3038.8,2830.2
Bayfront,CE1/DT16,WEEKENDS/HOLIDAY,17,3328.9,2934.1
Bayfront,CE1/DT16,WEEKENDS/HOLIDAY,18,3286.6,3135.1
Bayfront,CE1/DT16,WEEKENDS/HOLIDAY,19,3332.4,3002.9
Bayfront,CE1/DT16,WEEKENDS/HOLIDAY,20,5186.3,1830.5
Bayfront,CE1/DT16,WEEKENDS/HOLIDAY,21,5215.0,1187.1
Bayfront,CE1/DT16,WEEKENDS/HOLIDAY,22,4362.3,944.6
Bayfront,CE1/DT16,WEEKENDS/HOLIDAY,23,2497.0,345.8
Bayshore,TE29,WEEKDAY,0,0.42857142857142855,16.761904761904763
Bayshore,TE29,WEEKDAY,5,14.428571428571429,0.0
Bayshore,TE29,WEEKDAY,6,199.38095238095238,32.142857142857146
Bayshore,TE29,WEEKDAY,7,557.5714285714286,155.95238095238096
Bayshore,TE29,WEEKDAY,8,802.0952380952381,118.95238095238095
Bayshore,TE29,WEEKDAY,9,384.42857142857144,75.9047619047619
Bayshore,TE29,WEEKDAY,10,201.38095238095238,52.23809523809524
Bayshore,TE29,WEEKDAY,11,175.76190476190476,71.80952380952381
Bayshore,TE29,WEEKDAY,12,153.8095238095238,106.61904761904762
Bayshore,TE29,WEEKDAY,13,141.57142857142858,174.38095238095238
Bayshore,TE29,WEEKDAY,14,128.8095238095238,194.85714285714286
Bayshore,TE29,WEEKDAY,15,108.76190476190476,202.95238095238096
Bayshore,TE29,WEEKDAY,16,141.38095238095238,250.47619047619048
Bayshore,TE29,WEEKDAY,17,190.66666666666666,358.95238095238096
Bayshore,TE29,WEEKDAY,18,199.33333333333334,579.047619047619
Bayshore,TE29,WEEKDAY,19,121.04761904761905,538.7619047619048
Bayshore,TE29,WEEKDAY,20,83.71428571428571,294.42857142857144
Bayshore,TE29,WEEKDAY,21,41.333333333333336,218.52380952380952
Bayshore,TE29,WEEKDAY,22,28.904761904761905,153.76190476190476
Bayshore,TE29,WEEKDAY,23,10.380952380952381,77.38095238095238
Bayshore,TE29,WEEKENDS/HOLIDAY,0,0.5,21.1
Bayshore,TE29,WEEKENDS/HOLIDAY,5,6.2,0.2
Bayshore,TE29,WEEKENDS/HOLIDAY,6,56.1,16.8
Bayshore,TE29,WEEKENDS/HOLIDAY,7,93.5,66.7
Bayshore,TE29,WEEKENDS/HOLIDAY,8,197.6,82.8
Bayshore,TE29,WEEKENDS/HOLIDAY,9,241.5,89.9
Bayshore,TE29,WEEKENDS/HOLIDAY,10,247.4,104.3
Bayshore,TE29,WEEKENDS/HOLIDAY,11,235.8,144.1
Bayshore,TE29,WEEKENDS/HOLIDAY,12,216.2,170.1
Bayshore,TE29,WEEKENDS/HOLIDAY,13,193.5,190.1
Bayshore,TE29,WEEKENDS/HOLIDAY,14,173.9,211.1
Bayshore,TE29,WEEKENDS/HOLIDAY,15,179.4,217.5
Bayshore,TE29,WEEKENDS/HOLIDAY,16,188.9,242.7
Bayshore,TE29,WEEKENDS/HOLIDAY,17,225.2,254.7
Bayshore,TE29,WEEKENDS/HOLIDAY,18,220.9,264.0
Bayshore,TE29,WEEKENDS/HOLIDAY,19,184.9,251.1
Bayshore,TE29,WEEKENDS/HOLIDAY,20,107.6,241.3
Bayshore,TE29,WEEKENDS/HOLIDAY,21,72.0,220.1
Bayshore,TE29,WEEKENDS/HOLIDAY,22,54.0,165.2
Bayshore,TE29,WEEKENDS/HOLIDAY,23,18.3,73.3
Beauty World,DT5,WEEKDAY,0,9.666666666666666,73.71428571428571
Beauty World,DT5,WEEKDAY,5,81.0952380952381,10.333333333333334
Beauty World,DT5,WEEKDAY,6,798.5714285714286,276.7142857142857
Beauty World,DT5,WEEKDAY,7,1823.7142857142858,841.6666666666666
Beauty World,DT5,WEEKDAY,8,2219.3809523809523,1029.5714285714287
Beauty World,DT5,WEEKDAY,9,1133.5714285714287,653.7619047619048
Beauty World,DT5,WEEKDAY,10,630.4761904761905,482.6666666666667
Beauty World,DT5,WEEKDAY,11,649.5714285714286,490.2857142857143
Beauty World,DT5,WEEKDAY,12,733.4285714285714,588.4761904761905
Beauty World,DT5,WEEKDAY,13,784.3809523809524,655.3809523809524
Beauty World,DT5,WEEKDAY,14,623.4285714285714,735.2857142857143
Beauty World,DT5,WEEKDAY,15,743.0952380952381,777.6190476190476
Beauty World,DT5,WEEKDAY,16,781.1428571428571,895.047619047619
Beauty World,DT5,WEEKDAY,17,1111.142857142857,1446.2380952380952
Beauty World,DT5,WEEKDAY,18,1381.4761904761904,2484.4285714285716
Beauty World,DT5,WEEKDAY,19,1003.5238095238095,1809.904761904762
Beauty World,DT5,WEEKDAY,20,707.4761904761905,954.952380952381
Beauty World,DT5,WEEKDAY,21,578.047619047619,815.4285714285714
Beauty World,DT5,WEEKDAY,22,356.04761904761904,668.8571428571429
Beauty World,DT5,WEEKDAY,23,150.33333333333334,356.8095238095238
Beauty World,DT5,WEEKENDS/HOLIDAY,0,7.1,72.6
Beauty World,DT5,WEEKENDS/HOLIDAY,5,42.0,4.0
Beauty World,DT5,WEEKENDS/HOLIDAY,6,256.6,157.1
Beauty World,DT5,WEEKENDS/HOLIDAY,7,463.7,482.1
Beauty World,DT5,WEEKENDS/HOLIDAY,8,647.2,757.1
Beauty World,DT5,WEEKENDS/HOLIDAY,9,860.5,850.2
Beauty World,DT5,WEEKENDS/HOLIDAY,10,1036.6,765.6
Beauty World,DT5,WEEKENDS/HOLIDAY,11,1258.8,757.5
Beauty World,DT5,WEEKENDS/HOLIDAY,12,1262.4,799.5
Beauty World,DT5,WEEKENDS/HOLIDAY,13,1225.3,857.6
Beauty World,DT5,WEEKENDS/HOLIDAY,14,1037.6,802.0
Beauty World,DT5,WEEKENDS/HOLIDAY,15,964.0,853.2
Beauty World,DT5,WEEKENDS/HOLIDAY,16,964.2,852.3
Beauty World,DT5,WEEKENDS/HOLIDAY,17,984.3,1008.9
Beauty World,DT5,WEEKENDS/HOLIDAY,18,1019.8,1072.5
Beauty World,DT5,WEEKENDS/HOLIDAY,19,792.4,919.7
Beauty World,DT5,WEEKENDS/HOLIDAY,20,573.0,811.4
Beauty World,DT5,WEEKENDS/HOLIDAY,21,414.4,807.7
Beauty World,DT5,WEEKENDS/HOLIDAY,22,255.7,699.5
Beauty World,DT5,WEEKENDS/HOLIDAY,23,98.5,378.1
Bedok,EW5,WEEKDAY,0,10.666666666666666,115.14285714285714
Bedok,EW5,WEEKDAY,5,515.2380952380952,50.0
Bedok,EW5,WEEKDAY,6,1883.3333333333333,819.1428571428571
Bedok,EW5,WEEKDAY,7,3401.5238095238096,1668.4285714285713
Bedok,EW5,WEEKDAY,8,4162.476190476191,1678.4761904761904
Bedok,EW5,WEEKDAY,9,2359.0,1200.1904761904761
Bedok,EW5,WEEKDAY,10,1523.6190476190477,997.4761904761905
Bedok,EW5,WEEKDAY,11,1350.904761904762,1005.6666666666666
Bedok,EW5,WEEKDAY,12,1401.4285714285713,1204.7142857142858
Bedok,EW5,WEEKDAY,13,1437.952380952381,1271.5714285714287
Bedok,EW5,WEEKDAY,14,1389.6190476190477,1313.047619047619
Bedok,EW5,WEEKDAY,15,1225.857142857143,1522.5714285714287
Bedok,EW5,WEEKDAY,16,1380.047619047619,1749.0
Bedok,EW5,WEEKDAY,17,2462.095238095238,2814.0476190476193
Bedok,EW5,WEEKDAY,18,2675.3809523809523,4845.0
Bedok,EW5,WEEKDAY,19,1638.7619047619048,3419.0476190476193
Bedok,EW5,WEEKDAY,20,1265.0,2118.0476190476193
Bedok,EW5,WEEKDAY,21,972.2380952380952,1898.904761904762
Bedok,EW5,WEEKDAY,22,580.952380952381,1671.047619047619
Bedok,EW5,WEEKDAY,23,193.47619047619048,795.952380952381
Bedok,EW5,WEEKENDS/HOLIDAY,0,9.4,145.9
Bedok,EW5,WEEKENDS/HOLIDAY,5,202.6,13.3
Bedok,EW5,WEEKENDS/HOLIDAY,6,784.7,348.1
Bedok,EW5,WEEKENDS/HOLIDAY,7,1155.4,715.5
Bedok,EW5,WEEKENDS/HOLIDAY,8,1589.0,901.9
Bedok,EW5,WEEKENDS/HOLIDAY,9,1976.3,1119.1
Bedok,EW5,WEEKENDS/HOLIDAY,10,1858.5,1206.1
Bedok,EW5,WEEKENDS/HOLIDAY,11,1869.8,1383.5
Bedok,EW5,WEEKENDS/HOLIDAY,12,1960.2,1512.7
Bedok,EW5,WEEKENDS/HOLIDAY,13,1937.5,1658.1
Bedok,EW5,WEEKENDS/HOLIDAY,14,1768.1,1652.3
Bedok,EW5,WEEKENDS/HOLIDAY,15,1711.1,1791.0
Bedok,EW5,WEEKENDS/HOLIDAY,16,1675.2,1968.5
Bedok,EW5,WEEKENDS/HOLIDAY,17,1840.2,2252.0
Bedok,EW5,WEEKENDS/HOLIDAY,18,1768.3,2304.0
Bedok,EW5,WEEKENDS/HOLIDAY,19,1522.8,2024.0
Bedok,EW5,WEEKENDS/HOLIDAY,20,1274.0,1811.4
Bedok,EW5,WEEKENDS/HOLIDAY,21,994.6,1719.0
Bedok,EW5,WEEKENDS/HOLIDAY,22,617.9,1647.9
Bedok,EW5,WEEKENDS/HOLIDAY,23,204.9,811.2
Bedok North,DT29,WEEKDAY,0,1.9523809523809523,41.285714285714285
Bedok North,DT29,WEEKDAY,5,101.23809523809524,3.9523809523809526
Bedok North,DT29,WEEKDAY,6,718.047619047619,142.85714285714286
Bedok North,DT29,WEEKDAY,7,1439.5238095238096,464.14285714285717
Bedok North,DT29,WEEKDAY,8,1644.7619047619048,496.9047619047619
Bedok North,DT29,WEEKDAY,9,806.3333333333334,233.71428571428572
Bedok North,DT29,WEEKDAY,10,406.14285714285717,123.57142857142857
Bedok North,DT29,WEEKDAY,11,304.1904761904762,129.04761904761904
Bedok North,DT29,WEEKDAY,12,293.3809523809524,191.33333333333334
Bedok North,DT29,WEEKDAY,13,281.2857142857143,251.47619047619048
Bedok North,DT29,WEEKDAY,14,242.42857142857142,243.0
Bedok North,DT29,WEEKDAY,15,201.0952380952381,288.2857142857143
Bedok North,DT29,WEEKDAY,16,255.14285714285714,416.9047619047619
Bedok North,DT29,WEEKDAY,17,568.7142857142857,700.0952380952381
Bedok North,DT29,WEEKDAY,18,654.8095238095239,1320.952380952381
Bedok North,DT29,WEEKDAY,19,331.0952380952381,946.4285714285714
Bedok North,DT29,WEEKDAY,20,208.57142857142858,632.7619047619048
Bedok North,DT29,WEEKDAY,21,161.0,565.6190476190476
Bedok North,DT29,WEEKDAY,22,102.57142857142857,502.0952380952381
Bedok North,DT29,WEEKDAY,23,35.714285714285715,246.9047619047619
Bedok North,DT29,WEEKENDS/HOLIDAY,0,4.5,45.5
Bedok North,DT29,WEEKENDS/HOLIDAY,5,44.8,2.4
Bedok North,DT29,WEEKENDS/HOLIDAY,6,254.4,64.3
Bedok North,DT29,WEEKENDS/HOLIDAY,7,367.6,151.0
Bedok North,DT29,WEEKENDS/HOLIDAY,8,451.6,166.6
Bedok North,DT29,WEEKENDS/HOLIDAY,9,495.5,155.1
Bedok North,DT29,WEEKENDS/HOLIDAY,10,474.8,143.2
Bedok North,DT29,WEEKENDS/HOLIDAY,11,411.1,162.9
Bedok North,DT29,WEEKENDS/HOLIDAY,12,420.4,218.9
Bedok North,DT29,WEEKENDS/HOLIDAY,13,354.9,267.6
Bedok North,DT29,WEEKENDS/HOLIDAY,14,316.8,280.1
Bedok North,DT29,WEEKENDS/HOLIDAY,15,323.3,312.9
Bedok North,DT29,WEEKENDS/HOLIDAY,16,331.4,355.2
Bedok North,DT29,WEEKENDS/HOLIDAY,17,388.2,385.2
Bedok North,DT29,WEEKENDS/HOLIDAY,18,369.8,402.6
Bedok North,DT29,WEEKENDS/HOLIDAY,19,255.0,434.7
Bedok North,DT29,WEEKENDS/HOLIDAY,20,187.7,453.4
Bedok North,DT29,WEEKENDS/HOLIDAY,21,154.3,512.9
Bedok North,DT29,WEEKENDS/HOLIDAY,22,94.8,469.0
Bedok North,DT29,WEEKENDS/HOLIDAY,23,43.3,268.2
Bedok Reservoir,DT30,WEEKDAY,0,0.38095238095238093,44.23809523809524
Bedok Reservoir,DT30,WEEKDAY,5,98.71428571428571,6.476190476190476
Bedok Reservoir,DT30,WEEKDAY,6,691.8571428571429,223.71428571428572
Bedok Reservoir,DT30,WEEKDAY,7,1688.1904761904761,475.3333333333333
Bedok Reservoir,DT30,WEEKDAY,8,2169.1428571428573,280.8095238095238
Bedok Reservoir,DT30,WEEKDAY,9,1047.5714285714287,171.85714285714286
Bedok Reservoir,DT30,WEEKDAY,10,505.3333333333333,110.57142857142857
Bedok Reservoir,DT30,WEEKDAY,11,385.42857142857144,127.57142857142857
Bedok Reservoir,DT30,WEEKDAY,12,363.0952380952381,203.04761904761904
Bedok Reservoir,DT30,WEEKDAY,13,363.6190476190476,303.8095238095238
Bedok Reservoir,DT30,WEEKDAY,14,386.4761904761905,331.04761904761904
Bedok Reservoir,DT30,WEEKDAY,15,295.14285714285717,372.8095238095238
Bedok Reservoir,DT30,WEEKDAY,16,284.85714285714283,517.5238095238095
Bedok Reservoir,DT30,WEEKDAY,17,438.23809523809524,922.0952380952381
Bedok Reservoir,DT30,WEEKDAY,18,520.6666666666666,1741.4761904761904
Bedok Reservoir,DT30,WEEKDAY,19,270.1904761904762,1271.3333333333333
Bedok Reservoir,DT30,WEEKDAY,20,153.57142857142858,749.0952380952381
Bedok Reservoir,DT30,WEEKDAY,21,129.14285714285714,639.4285714285714
Bedok Reservoir,DT30,WEEKDAY,22,87.38095238095238,564.2380952380952
Bedok Reservoir,DT30,WEEKDAY,23,31.0,305.76190476190476
Bedok Reservoir,DT30,WEEKENDS/HOLIDAY,0,0.7,57.6
Bedok Reservoir,DT30,WEEKENDS/HOLIDAY,5,42.9,2.2
Bedok Reservoir,DT30,WEEKENDS/HOLIDAY,6,197.0,61.5
Bedok Reservoir,DT30,WEEKENDS/HOLIDAY,7,344.8,159.1
Bedok Reservoir,DT30,WEEKENDS/HOLIDAY,8,532.7,203.0
Bedok Reservoir,DT30,WEEKENDS/HOLIDAY,9,576.8,177.6
Bedok Reservoir,DT30,WEEKENDS/HOLIDAY,10,576.0,172.2
Bedok Reservoir,DT30,WEEKENDS/HOLIDAY,11,537.3,213.3
Bedok Reservoir,DT30,WEEKENDS/HOLIDAY,12,532.2,271.3
Bedok Reservoir,DT30,WEEKENDS/HOLIDAY,13,453.6,350.9
Bedok Reservoir,DT30,WEEKENDS/HOLIDAY,14,395.4,378.7
Bedok Reservoir,DT30,WEEKENDS/HOLIDAY,15,369.6,412.5
Bedok Reservoir,DT30,WEEKENDS/HOLIDAY,16,377.7,441.5
Bedok Reservoir,DT30,WEEKENDS/HOLIDAY,17,455.4,475.6
Bedok Reservoir,DT30,WEEKENDS/HOLIDAY,18,428.7,500.0
Bedok Reservoir,DT30,WEEKENDS/HOLIDAY,19,289.3,505.2
Bedok Reservoir,DT30,WEEKENDS/HOLIDAY,20,188.0,529.2
Bedok Reservoir,DT30,WEEKENDS/HOLIDAY,21,142.9,550.9
Bedok Reservoir,DT30,WEEKENDS/HOLIDAY,22,105.8,530.6
Bedok Reservoir,DT30,WEEKENDS/HOLIDAY,23,38.7,274.7
Bencoolen,DT21,WEEKDAY,0,10.904761904761905,18.761904761904763
Bencoolen,DT21,WEEKDAY,5,3.3333333333333335,0.0
Bencoolen,DT21,WEEKDAY,6,72.80952380952381,139.9047619047619
Bencoolen,DT21,WEEKDAY,7,192.04761904761904,610.5714285714286
Bencoolen,DT21,WEEKDAY,8,498.95238095238096,1224.857142857143
Bencoolen,DT21,WEEKDAY,9,414.14285714285717,920.5714285714286
Bencoolen,DT21,WEEKDAY,10,326.0952380952381,459.3333333333333
Bencoolen,DT21,WEEKDAY,11,384.1904761904762,570.1428571428571
Bencoolen,DT21,WEEKDAY,12,406.2857142857143,530.7619047619048
Bencoolen,DT21,WEEKDAY,13,473.7142857142857,488.7142857142857
Bencoolen,DT21,WEEKDAY,14,375.6666666666667,417.7142857142857
Bencoolen,DT21,WEEKDAY,15,500.8095238095238,446.0
Bencoolen,DT21,WEEKDAY,16,602.9047619047619,370.04761904761904
Bencoolen,DT21,WEEKDAY,17,955.952380952381,535.0952380952381
Bencoolen,DT21,WEEKDAY,18,1379.857142857143,962.1428571428571
Bencoolen,DT21,WEEKDAY,19,836.2380952380952,542.0
Bencoolen,DT21,WEEKDAY,20,585.1904761904761,363.76190476190476
Bencoolen,DT21,WEEKDAY,21,629.952380952381,390.0
Bencoolen,DT21,WEEKDAY,22,557.4285714285714,281.6190476190476
Bencoolen,DT21,WEEKDAY,23,187.14285714285714,122.0952380952381
Bencoolen,DT21,WEEKENDS/HOLIDAY,0,10.3,19.7
Bencoolen,DT21,WEEKENDS/HOLIDAY,5,1.3,0.0
Bencoolen,DT21,WEEKENDS/HOLIDAY,6,48.7,90.1
Bencoolen,DT21,WEEKENDS/HOLIDAY,7,83.6,184.3
Bencoolen,DT21,WEEKENDS/HOLIDAY,8,165.9,381.4
Bencoolen,DT21,WEEKENDS/HOLIDAY,9,281.3,440.0
Bencoolen,DT21,WEEKENDS/HOLIDAY,10,375.7,505.6
Bencoolen,DT21,WEEKENDS/HOLIDAY,11,421.9,484.1
Bencoolen,DT21,WEEKENDS/HOLIDAY,12,468.7,549.6
Bencoolen,DT21,WEEKENDS/HOLIDAY,13,481.5,573.7
Bencoolen,DT21,WEEKENDS/HOLIDAY,14,485.8,574.9
Bencoolen,DT21,WEEKENDS/HOLIDAY,15,500.9,532.9
Bencoolen,DT21,WEEKENDS/HOLIDAY,16,597.1,501.2
Bencoolen,DT21,WEEKENDS/HOLIDAY,17,608.7,480.3
Bencoolen,DT21,WEEKENDS/HOLIDAY,18,648.0,425.8
Bencoolen,DT21,WEEKENDS/HOLIDAY,19,558.8,320.2
Bencoolen,DT21,WEEKENDS/HOLIDAY,20,443.6,327.6
Bencoolen,DT21,WEEKENDS/HOLIDAY,21,445.5,415.0
Bencoolen,DT21,WEEKENDS/HOLIDAY,22,378.0,315.0
Bencoolen,DT21,WEEKENDS/HOLIDAY,23,169.6,139.4
Bendemeer,DT23,WEEKDAY,0,4.523809523809524,12.904761904761905
Bendemeer,DT23,WEEKDAY,5,6.523809523809524,0.42857142857142855
Bendemeer,DT23,WEEKDAY,6,174.85714285714286,157.23809523809524
Bendemeer,DT23,WEEKDAY,7,339.14285714285717,444.0952380952381
Bendemeer,DT23,WEEKDAY,8,379.8095238095238,1098.6190476190477
Bendemeer,DT23,WEEKDAY,9,216.57142857142858,897.7142857142857
Bendemeer,DT23,WEEKDAY,10,115.76190476190476,279.85714285714283
Bendemeer,DT23,WEEKDAY,11,178.0,147.0
Bendemeer,DT23,WEEKDAY,12,180.14285714285714,172.9047619047619
Bendemeer,DT23,WEEKDAY,13,136.14285714285714,212.66666666666666
Bendemeer,DT23,WEEKDAY,14,133.28571428571428,163.9047619047619
Bendemeer,DT23,WEEKDAY,15,182.71428571428572,151.0
Bendemeer,DT23,WEEKDAY,16,276.42857142857144,152.0
Bendemeer,DT23,WEEKDAY,17,773.3809523809524,269.5238095238095
Bendemeer,DT23,WEEKDAY,18,1185.1904761904761,506.8095238095238
Bendemeer,DT23,WEEKDAY,19,487.1904761904762,335.7142857142857
Bendemeer,DT23,WEEKDAY,20,232.66666666666666,203.23809523809524
Bendemeer,DT23,WEEKDAY,21,192.85714285714286,186.8095238095238
Bendemeer,DT23,WEEKDAY,22,149.1904761904762,144.57142857142858
Bendemeer,DT23,WEEKDAY,23,59.904761904761905,66.23809523809524
Bendemeer,DT23,WEEKENDS/HOLIDAY,0,3.4,11.6
Bendemeer,DT23,WEEKENDS/HOLIDAY,5,2.2,0.0
Bendemeer,DT23,WEEKENDS/HOLIDAY,6,93.8,46.3
Bendemeer,DT23,WEEKENDS/HOLIDAY,7,173.3,105.2
Bendemeer,DT23,WEEKENDS/HOLIDAY,8,110.6,179.9
Bendemeer,DT23,WEEKENDS/HOLIDAY,9,109.3,201.4
Bendemeer,DT23,WEEKENDS/HOLIDAY,10,125.3,207.0
Bendemeer,DT23,WEEKENDS/HOLIDAY,11,138.2,163.5
Bendemeer,DT23,WEEKENDS/HOLIDAY,12,189.2,170.3
Bendemeer,DT23,WEEKENDS/HOLIDAY,13,177.5,203.7
Bendemeer,DT23,WEEKENDS/HOLIDAY,14,161.5,188.5
Bendemeer,DT23,WEEKENDS/HOLIDAY,15,174.1,176.2
Bendemeer,DT23,WEEKENDS/HOLIDAY,16,191.3,176.3
Bendemeer,DT23,WEEKENDS/HOLIDAY,17,227.2,190.2
Bendemeer,DT23,WEEKENDS/HOLIDAY,18,221.2,203.4
Bendemeer,DT23,WEEKENDS/HOLIDAY,19,176.4,173.7
Bendemeer,DT23,WEEKENDS/HOLIDAY,20,154.5,156.6
Bendemeer,DT23,WEEKENDS/HOLIDAY,21,140.0,147.4
Bendemeer,DT23,WEEKENDS/HOLIDAY,22,112.8,131.6
Bendemeer,DT23,WEEKENDS/HOLIDAY,23,56.2,74.5
Bishan,NS17/CC15,WEEKDAY,0,30.285714285714285,76.0
Bishan,NS17/CC15,WEEKDAY,5,289.6190476190476,85.9047619047619
Bishan,NS17/CC15,WEEKDAY,6,2216.6666666666665,1185.8095238095239
Bishan,NS17/CC15,WEEKDAY,7,4561.619047619048,2800.095238095238
Bishan,NS17/CC15,WEEKDAY,8,5919.619047619048,1273.4285714285713
Bishan,NS17/CC15,WEEKDAY,9,3208.9523809523807,689.047619047619
Bishan,NS17/CC15,WEEKDAY,10,1835.3333333333333,527.7142857142857
Bishan,NS17/CC15,WEEKDAY,11,1465.2380952380952,502.1904761904762
Bishan,NS17/CC15,WEEKDAY,12,1403.904761904762,685.3333333333334
Bishan,NS17/CC15,WEEKDAY,13,1754.952380952381,806.4761904761905
Bishan,NS17/CC15,WEEKDAY,14,1701.3333333333333,906.952380952381
Bishan,NS17/CC15,WEEKDAY,15,1433.6190476190477,979.2380952380952
Bishan,NS17/CC15,WEEKDAY,16,1576.0,1201.047619047619
Bishan,NS17/CC15,WEEKDAY,17,2563.904761904762,1852.6666666666667
Bishan,NS17/CC15,WEEKDAY,18,3530.5714285714284,3375.0476190476193
Bishan,NS17/CC15,WEEKDAY,19,1793.047619047619,2330.4761904761904
Bishan,NS17/CC15,WEEKDAY,20,911.9047619047619,1399.7142857142858
Bishan,NS17/CC15,WEEKDAY,21,780.6666666666666,1361.2380952380952
Bishan,NS17/CC15,WEEKDAY,22,554.5714285714286,1212.6666666666667
Bishan,NS17/CC15,WEEKDAY,23,206.66666666666666,578.8571428571429
Bishan,NS17/CC15,WEEKENDS/HOLIDAY,0,31.0,99.4
Bishan,NS17/CC15,WEEKENDS/HOLIDAY,5,69.8,24.6
Bishan,NS17/CC15,WEEKENDS/HOLIDAY,6,690.0,291.2
Bishan,NS17/CC15,WEEKENDS/HOLIDAY,7,1088.8,538.0
Bishan,NS17/CC15,WEEKENDS/HOLIDAY,8,1677.6,665.8
Bishan,NS17/CC15,WEEKENDS/HOLIDAY,9,2170.2,640.0
Bishan,NS17/CC15,WEEKENDS/HOLIDAY,10,2013.6,572.6
Bishan,NS17/CC15,WEEKENDS/HOLIDAY,11,1976.2,652.6
Bishan,NS17/CC15,WEEKENDS/HOLIDAY,12,1868.8,779.4
Bishan,NS17/CC15,WEEKENDS/HOLIDAY,13,1678.0,947.4
Bishan,NS17/CC15,WEEKENDS/HOLIDAY,14,1456.0,970.0
Bishan,NS17/CC15,WEEKENDS/HOLIDAY,15,1371.6,970.0
Bishan,NS17/CC15,WEEKENDS/HOLIDAY,16,1439.6,1060.8
Bishan,NS17/CC15,WEEKENDS/HOLIDAY,17,1603.2,1165.8
Bishan,NS17/CC15,WEEKENDS/HOLIDAY,18,1453.6,1203.0
Bishan,NS17/CC15,WEEKENDS/HOLIDAY,19,1065.4,1091.6
Bishan,NS17/CC15,WEEKENDS/HOLIDAY,20,740.4,1111.2
Bishan,NS17/CC15,WEEKENDS/HOLIDAY,21,675.4,1144.4
Bishan,NS17/CC15,WEEKENDS/HOLIDAY,22,481.8,1088.2
Bishan,NS17/CC15,WEEKENDS/HOLIDAY,23,220.8,580.4
Boon Keng,NE9,WEEKDAY,0,10.428571428571429,30.047619047619047
Boon Keng,NE9,WEEKDAY,5,170.1904761904762,3.0952380952380953
Boon Keng,NE9,WEEKDAY,6,1369.3333333333333,946.0952380952381
Boon Keng,NE9,WEEKDAY,7,2470.6666666666665,1999.5714285714287
Boon Keng,NE9,WEEKDAY,8,2712.904761904762,2567.190476190476
Boon Keng,NE9,WEEKDAY,9,1716.2380952380952,1664.3333333333333
Boon Keng,NE9,WEEKDAY,10,1233.095238095238,826.8571428571429
Boon Keng,NE9,WEEKDAY,11,1258.6666666666667,724.5238095238095
Boon Keng,NE9,WEEKDAY,12,1306.4285714285713,897.6666666666666
Boon Keng,NE9,WEEKDAY,13,1284.8095238095239,1095.047619047619
Boon Keng,NE9,WEEKDAY,14,1111.142857142857,955.1428571428571
Boon Keng,NE9,WEEKDAY,15,1025.8095238095239,899.952380952381
Boon Keng,NE9,WEEKDAY,16,1221.8095238095239,1074.047619047619
Boon Keng,NE9,WEEKDAY,17,2529.5714285714284,1651.5714285714287
Boon Keng,NE9,WEEKDAY,18,3202.285714285714,2649.4761904761904
Boon Keng,NE9,WEEKDAY,19,1830.0,1991.6190476190477
Boon Keng,NE9,WEEKDAY,20,932.1428571428571,1389.5238095238096
Boon Keng,NE9,WEEKDAY,21,640.047619047619,1269.142857142857
Boon Keng,NE9,WEEKDAY,22,413.95238095238096,995.4761904761905
Boon Keng,NE9,WEEKDAY,23,178.66666666666666,486.7142857142857
Boon Keng,NE9,WEEKENDS/HOLIDAY,0,8.7,37.2
Boon Keng,NE9,WEEKENDS/HOLIDAY,5,58.2,0.0
Boon Keng,NE9,WEEKENDS/HOLIDAY,6,596.9,406.0
Boon Keng,NE9,WEEKENDS/HOLIDAY,7,998.3,512.8
Boon Keng,NE9,WEEKENDS/HOLIDAY,8,1135.2,824.0
Boon Keng,NE9,WEEKENDS/HOLIDAY,9,1431.0,890.7
Boon Keng,NE9,WEEKENDS/HOLIDAY,10,1543.6,879.4
Boon Keng,NE9,WEEKENDS/HOLIDAY,11,1493.7,957.6
Boon Keng,NE9,WEEKENDS/HOLIDAY,12,1521.4,1016.5
Boon Keng,NE9,WEEKENDS/HOLIDAY,13,1443.2,1101.5
Boon Keng,NE9,WEEKENDS/HOLIDAY,14,1292.8,1009.4
Boon Keng,NE9,WEEKENDS/HOLIDAY,15,1127.3,1011.5
Boon Keng,NE9,WEEKENDS/HOLIDAY,16,1165.7,1125.7
Boon Keng,NE9,WEEKENDS/HOLIDAY,17,1310.5,1207.7
Boon Keng,NE9,WEEKENDS/HOLIDAY,18,1286.5,1334.7
Boon Keng,NE9,WEEKENDS/HOLIDAY,19,1133.8,1240.9
Boon Keng,NE9,WEEKENDS/HOLIDAY,20,798.7,1207.1
Boon Keng,NE9,WEEKENDS/HOLIDAY,21,575.3,1187.3
Boon Keng,NE9,WEEKENDS/HOLIDAY,22,417.4,989.6
Boon Keng,NE9,WEEKENDS/HOLIDAY,23,190.1,515.6
Boon Lay,EW27,WEEKDAY,0,7.0476190476190474,249.57142857142858
Boon Lay,EW27,WEEKDAY,5,975.9047619047619,259.1904761904762
Boon Lay,EW27,WEEKDAY,6,3316.190476190476,2121.095238095238
Boon Lay,EW27,WEEKDAY,7,6072.0952380952385,4723.0952380952385
Boon Lay,EW27,WEEKDAY,8,4818.380952380952,4108.047619047619
Boon Lay,EW27,WEEKDAY,9,2270.3809523809523,1876.5714285714287
Boon Lay,EW27,WEEKDAY,10,1535.3809523809523,1473.7142857142858
Boon Lay,EW27,WEEKDAY,11,1569.3333333333333,1477.3809523809523
Boon Lay,EW27,WEEKDAY,12,1785.095238095238,1819.2380952380952
Boon Lay,EW27,WEEKDAY,13,1723.5238095238096,1953.5714285714287
Boon Lay,EW27,WEEKDAY,14,1596.7142857142858,1918.3333333333333
Boon Lay,EW27,WEEKDAY,15,1759.095238095238,2185.4761904761904
Boon Lay,EW27,WEEKDAY,16,2234.095238095238,2694.809523809524
Boon Lay,EW27,WEEKDAY,17,4120.619047619048,5448.571428571428
Boon Lay,EW27,WEEKDAY,18,4644.666666666667,8032.0952380952385
Boon Lay,EW27,WEEKDAY,19,2815.095238095238,5848.571428571428
Boon Lay,EW27,WEEKDAY,20,1969.904761904762,3776.904761904762
Boon Lay,EW27,WEEKDAY,21,1663.4285714285713,2795.5714285714284
Boon Lay,EW27,WEEKDAY,22,942.3333333333334,2249.6666666666665
Boon Lay,EW27,WEEKDAY,23,219.47619047619048,1034.6190476190477
Boon Lay,EW27,WEEKENDS/HOLIDAY,0,10.0,302.1
Boon Lay,EW27,WEEKENDS/HOLIDAY,5,413.3,46.7
Boon Lay,EW27,WEEKENDS/HOLIDAY,6,1393.6,777.5
Boon Lay,EW27,WEEKENDS/HOLIDAY,7,1923.6,1562.6
Boon Lay,EW27,WEEKENDS/HOLIDAY,8,1996.0,1392.2
Boon Lay,EW27,WEEKENDS/HOLIDAY,9,2096.4,1376.3
Boon Lay,EW27,WEEKENDS/HOLIDAY,10,2296.4,1691.0
Boon Lay,EW27,WEEKENDS/HOLIDAY,11,2413.6,1953.6
Boon Lay,EW27,WEEKENDS/HOLIDAY,12,2759.1,2358.0
Boon Lay,EW27,WEEKENDS/HOLIDAY,13,2658.0,2563.4
Boon Lay,EW27,WEEKENDS/HOLIDAY,14,2447.3,2549.4
Boon Lay,EW27,WEEKENDS/HOLIDAY,15,2441.0,2756.1
Boon Lay,EW27,WEEKENDS/HOLIDAY,16,2566.7,3031.2
Boon Lay,EW27,WEEKENDS/HOLIDAY,17,3103.7,3994.3
Boon Lay,EW27,WEEKENDS/HOLIDAY,18,2897.5,4055.0
Boon Lay,EW27,WEEKENDS/HOLIDAY,19,2456.7,3673.2
Boon Lay,EW27,WEEKENDS/HOLIDAY,20,1968.8,3420.8
Boon Lay,EW27,WEEKENDS/HOLIDAY,21,1744.8,2818.5
Boon Lay,EW27,WEEKENDS/HOLIDAY,22,1017.0,2415.5
Boon Lay,EW27,WEEKENDS/HOLIDAY,23,271.7,1302.9
Botanic Gardens,CC19/DT9,WEEKDAY,0,2.619047619047619,11.380952380952381
Botanic Gardens,CC19/DT9,WEEKDAY,5,13.80952380952381,23.238095238095237
Botanic Gardens,CC19/DT9,WEEKDAY,6,169.04761904761904,208.33333333333334
Botanic Gardens,CC19/DT9,WEEKDAY,7,452.95238095238096,572.9047619047619
Botanic Gardens,CC19/DT9,WEEKDAY,8,592.047619047619,678.0952380952381
Botanic Gardens,CC19/DT9,WEEKDAY,9,404.85714285714283,476.95238095238096
Botanic Gardens,CC19/DT9,WEEKDAY,10,255.9047619047619,350.5238095238095
Botanic Gardens,CC19/DT9,WEEKDAY,11,299.7142857142857,343.42857142857144
Botanic Gardens,CC19/DT9,WEEKDAY,12,352.2857142857143,343.9047619047619
Botanic Gardens,CC19/DT9,WEEKDAY,13,344.3333333333333,332.5238095238095
Botanic Gardens,CC19/DT9,WEEKDAY,14,341.14285714285717,342.04761904761904
Botanic Gardens,CC19/DT9,WEEKDAY,15,343.95238095238096,371.85714285714283
Botanic Gardens,CC19/DT9,WEEKDAY,16,380.04761904761904,358.3809523809524
Botanic Gardens,CC19/DT9,WEEKDAY,17,596.952380952381,492.4761904761905
Botanic Gardens,CC19/DT9,WEEKDAY,18,711.5714285714286,721.1428571428571
Botanic Gardens,CC19/DT9,WEEKDAY,19,436.23809523809524,484.5238095238095
Botanic Gardens,CC19/DT9,WEEKDAY,20,254.1904761904762,228.14285714285714
Botanic Gardens,CC19/DT9,WEEKDAY,21,235.66666666666666,189.23809523809524
Botanic Gardens,CC19/DT9,WEEKDAY,22,159.1904761904762,126.52380952380952
Botanic Gardens,CC19/DT9,WEEKDAY,23,47.23809523809524,52.61904761904762
Botanic Gardens,CC19/DT9,WEEKENDS/HOLIDAY,0,2.7,13.2
Botanic Gardens,CC19/DT9,WEEKENDS/HOLIDAY,5,6.1,7.9
Botanic Gardens,CC19/DT9,WEEKENDS/HOLIDAY,6,55.5,111.5
Botanic Gardens,CC19/DT9,WEEKENDS/HOLIDAY,7,107.3,307.3
Botanic Gardens,CC19/DT9,WEEKENDS/HOLIDAY,8,200.3,437.8
Botanic Gardens,CC19/DT9,WEEKENDS/HOLIDAY,9,305.3,572.0
Botanic Gardens,CC19/DT9,WEEKENDS/HOLIDAY,10,420.3,654.2
Botanic Gardens,CC19/DT9,WEEKENDS/HOLIDAY,11,540.8,626.1
Botanic Gardens,CC19/DT9,WEEKENDS/HOLIDAY,12,569.1,570.1
Botanic Gardens,CC19/DT9,WEEKENDS/HOLIDAY,13,574.6,572.9
Botanic Gardens,CC19/DT9,WEEKENDS/HOLIDAY,14,555.8,595.0
Botanic Gardens,CC19/DT9,WEEKENDS/HOLIDAY,15,542.1,550.4
Botanic Gardens,CC19/DT9,WEEKENDS/HOLIDAY,16,610.1,582.4
Botanic Gardens,CC19/DT9,WEEKENDS/HOLIDAY,17,660.5,541.8
Botanic Gardens,CC19/DT9,WEEKENDS/HOLIDAY,18,641.1,438.7
Botanic Gardens,CC19/DT9,WEEKENDS/HOLIDAY,19,558.8,296.1
Botanic Gardens,CC19/DT9,WEEKENDS/HOLIDAY,20,292.4,217.1
Botanic Gardens,CC19/DT9,WEEKENDS/HOLIDAY,21,197.8,163.8
Botanic Gardens,CC19/DT9,WEEKENDS/HOLIDAY,22,143.3,121.0
Botanic Gardens,CC19/DT9,WEEKENDS/HOLIDAY,23,49.0,56.4
Braddell,NS18,WEEKDAY,0,10.333333333333334,69.66666666666667
Braddell,NS18,WEEKDAY,5,196.42857142857142,31.904761904761905
Braddell,NS18,WEEKDAY,6,909.5714285714286,432.6666666666667
Braddell,NS18,WEEKDAY,7,1714.1904761904761,1020.9047619047619
Braddell,NS18,WEEKDAY,8,2041.857142857143,1182.904761904762
Braddell,NS18,WEEKDAY,9,1238.2857142857142,761.047619047619
Braddell,NS18,WEEKDAY,10,799.952380952381,421.23809523809524
Braddell,NS18,WEEKDAY,11,700.6190476190476,371.42857142857144
Braddell,NS18,WEEKDAY,12,730.6190476190476,477.7142857142857
Braddell,NS18,WEEKDAY,13,769.4761904761905,610.952380952381
Braddell,NS18,WEEKDAY,14,739.8571428571429,643.9047619047619
Braddell,NS18,WEEKDAY,15,590.6666666666666,641.5238095238095
Braddell,NS18,WEEKDAY,16,718.6190476190476,717.3809523809524
Braddell,NS18,WEEKDAY,17,1166.1904761904761,1119.5238095238096
Braddell,NS18,WEEKDAY,18,1648.5238095238096,1746.4285714285713
Braddell,NS18,WEEKDAY,19,783.2857142857143,1336.5238095238096
Braddell,NS18,WEEKDAY,20,421.3809523809524,1046.3809523809523
Braddell,NS18,WEEKDAY,21,314.42857142857144,1113.6666666666667
Braddell,NS18,WEEKDAY,22,225.66666666666666,938.047619047619
Braddell,NS18,WEEKDAY,23,101.52380952380952,446.9047619047619
Braddell,NS18,WEEKENDS/HOLIDAY,0,11.3,94.4
Braddell,NS18,WEEKENDS/HOLIDAY,5,81.0,12.8
Braddell,NS18,WEEKENDS/HOLIDAY,6,411.7,121.8
Braddell,NS18,WEEKENDS/HOLIDAY,7,626.4,251.1
Braddell,NS18,WEEKENDS/HOLIDAY,8,832.5,376.9
Braddell,NS18,WEEKENDS/HOLIDAY,9,984.6,369.7
Braddell,NS18,WEEKENDS/HOLIDAY,10,918.6,395.8
Braddell,NS18,WEEKENDS/HOLIDAY,11,864.2,461.4
Braddell,NS18,WEEKENDS/HOLIDAY,12,841.7,527.6
Braddell,NS18,WEEKENDS/HOLIDAY,13,753.7,642.5
Braddell,NS18,WEEKENDS/HOLIDAY,14,673.4,629.4
Braddell,NS18,WEEKENDS/HOLIDAY,15,652.0,679.7
Braddell,NS18,WEEKENDS/HOLIDAY,16,672.1,690.6
Braddell,NS18,WEEKENDS/HOLIDAY,17,755.0,781.4
Braddell,NS18,WEEKENDS/HOLIDAY,18,715.6,838.1
Braddell,NS18,WEEKENDS/HOLIDAY,19,509.9,870.3
Braddell,NS18,WEEKENDS/HOLIDAY,20,359.3,918.4
Braddell,NS18,WEEKENDS/HOLIDAY,21,284.3,966.2
Braddell,NS18,WEEKENDS/HOLIDAY,22,208.1,949.7
Braddell,NS18,WEEKENDS/HOLIDAY,23,102.5,483.5
Bras Basah,CC2,WEEKDAY,0,1.0952380952380953,1.3333333333333333
Bras Basah,CC2,WEEKDAY,5,5.095238095238095,1.6666666666666667
Bras Basah,CC2,WEEKDAY,6,16.38095238095238,75.0
Bras Basah,CC2,WEEKDAY,7,39.80952380952381,311.6190476190476
Bras Basah,CC2,WEEKDAY,8,91.57142857142857,869.5714285714286
Bras Basah,CC2,WEEKDAY,9,98.19047619047619,679.7619047619048
Bras Basah,CC2,WEEKDAY,10,94.19047619047619,342.85714285714283
Bras Basah,CC2,WEEKDAY,11,255.0952380952381,473.04761904761904
Bras Basah,CC2,WEEKDAY,12,240.42857142857142,281.6190476190476
Bras Basah,CC2,WEEKDAY,13,215.8095238095238,343.6190476190476
Bras Basah,CC2,WEEKDAY,14,189.33333333333334,258.95238095238096
Bras Basah,CC2,WEEKDAY,15,344.42857142857144,271.7142857142857
Bras Basah,CC2,WEEKDAY,16,302.95238095238096,164.71428571428572
Bras Basah,CC2,WEEKDAY,17,670.2857142857143,203.57142857142858
Bras Basah,CC2,WEEKDAY,18,994.9047619047619,378.6190476190476
Bras Basah,CC2,WEEKDAY,19,416.57142857142856,207.38095238095238
Bras Basah,CC2,WEEKDAY,20,236.76190476190476,111.38095238095238
Bras Basah,CC2,WEEKDAY,21,288.95238095238096,97.85714285714286
Bras Basah,CC2,WEEKDAY,22,276.3333333333333,74.28571428571429
Bras Basah,CC2,WEEKDAY,23,64.80952380952381,36.904761904761905
Bras Basah,CC2,WEEKENDS/HOLIDAY,0,0.0,1.6
Bras Basah,CC2,WEEKENDS/HOLIDAY,5,2.9,0.4
Bras Basah,CC2,WEEKENDS/HOLIDAY,6,8.9,26.9
Bras Basah,CC2,WEEKENDS/HOLIDAY,7,18.0,73.7
Bras Basah,CC2,WEEKENDS/HOLIDAY,8,45.9,176.1
Bras Basah,CC2,WEEKENDS/HOLIDAY,9,77.9,275.1
Bras Basah,CC2,WEEKENDS/HOLIDAY,10,123.8,270.1
Bras Basah,CC2,WEEKENDS/HOLIDAY,11,215.2,204.5
Bras Basah,CC2,WEEKENDS/HOLIDAY,12,279.6,215.8
Bras Basah,CC2,WEEKENDS/HOLIDAY,13,237.6,256.5
Bras Basah,CC2,WEEKENDS/HOLIDAY,14,236.2,241.2
Bras Basah,CC2,WEEKENDS/HOLIDAY,15,236.5,224.8
Bras Basah,CC2,WEEKENDS/HOLIDAY,16,254.8,226.2
Bras Basah,CC2,WEEKENDS/HOLIDAY,17,314.7,219.5
Bras Basah,CC2,WEEKENDS/HOLIDAY,18,277.0,149.4
Bras Basah,CC2,WEEKENDS/HOLIDAY,19,227.5,117.2
Bras Basah,CC2,WEEKENDS/HOLIDAY,20,125.9,117.8
Bras Basah,CC2,WEEKENDS/HOLIDAY,21,115.5,126.7
Bras Basah,CC2,WEEKENDS/HOLIDAY,22,87.4,125.8
Bras Basah,CC2,WEEKENDS/HOLIDAY,23,40.3,40.7
Bright Hill,TE7,WEEKDAY,0,2.142857142857143,24.666666666666668
Bright Hill,TE7,WEEKDAY,5,44.38095238095238,17.571428571428573
Bright Hill,TE7,WEEKDAY,6,427.3333333333333,222.52380952380952
Bright Hill,TE7,WEEKDAY,7,867.7142857142857,735.1904761904761
Bright Hill,TE7,WEEKDAY,8,861.8571428571429,805.5714285714286
Bright Hill,TE7,WEEKDAY,9,447.1904761904762,455.9047619047619
Bright Hill,TE7,WEEKDAY,10,279.95238095238096,205.95238095238096
Bright Hill,TE7,WEEKDAY,11,284.3333333333333,162.42857142857142
Bright Hill,TE7,WEEKDAY,12,310.14285714285717,211.61904761904762
Bright Hill,TE7,WEEKDAY,13,510.04761904761904,380.3333333333333
Bright Hill,TE7,WEEKDAY,14,314.9047619047619,350.5238095238095
Bright Hill,TE7,WEEKDAY,15,272.76190476190476,304.85714285714283
Bright Hill,TE7,WEEKDAY,16,387.7142857142857,332.95238095238096
Bright Hill,TE7,WEEKDAY,17,675.6190476190476,495.0952380952381
Bright Hill,TE7,WEEKDAY,18,938.9047619047619,778.8571428571429
Bright Hill,TE7,WEEKDAY,19,346.42857142857144,594.952380952381
Bright Hill,TE7,WEEKDAY,20,175.66666666666666,375.2857142857143
Bright Hill,TE7,WEEKDAY,21,124.85714285714286,307.1904761904762
Bright Hill,TE7,WEEKDAY,22,64.28571428571429,273.14285714285717
Bright Hill,TE7,WEEKDAY,23,29.285714285714285,122.28571428571429
Bright Hill,TE7,WEEKENDS/HOLIDAY,0,3.3,24.4
Bright Hill,TE7,WEEKENDS/HOLIDAY,5,12.1,2.6
Bright Hill,TE7,WEEKENDS/HOLIDAY,6,97.7,68.1
Bright Hill,TE7,WEEKENDS/HOLIDAY,7,172.1,175.0
Bright Hill,TE7,WEEKENDS/HOLIDAY,8,287.0,259.8
Bright Hill,TE7,WEEKENDS/HOLIDAY,9,352.0,236.3
Bright Hill,TE7,WEEKENDS/HOLIDAY,10,394.3,213.2
Bright Hill,TE7,WEEKENDS/HOLIDAY,11,411.1,234.5
Bright Hill,TE7,WEEKENDS/HOLIDAY,12,423.4,272.6
Bright Hill,TE7,WEEKENDS/HOLIDAY,13,356.7,323.8
Bright Hill,TE7,WEEKENDS/HOLIDAY,14,310.1,318.9
Bright Hill,TE7,WEEKENDS/HOLIDAY,15,327.2,285.0
Bright Hill,TE7,WEEKENDS/HOLIDAY,16,355.3,276.3
Bright Hill,TE7,WEEKENDS/HOLIDAY,17,342.8,299.0
Bright Hill,TE7,WEEKENDS/HOLIDAY,18,320.7,335.9
Bright Hill,TE7,WEEKENDS/HOLIDAY,19,205.5,323.6
Bright Hill,TE7,WEEKENDS/HOLIDAY,20,124.1,324.8
Bright Hill,TE7,WEEKENDS/HOLIDAY,21,103.4,280.7
Bright Hill,TE7,WEEKENDS/HOLIDAY,22,62.3,225.7
Bright Hill,TE7,WEEKENDS/HOLIDAY,23,28.3,125.8
Buangkok,NE15,WEEKDAY,0,5.0,90.52380952380952
Buangkok,NE15,WEEKDAY,5,274.0952380952381,15.0
Buangkok,NE15,WEEKDAY,6,1903.6190476190477,331.3333333333333
Buangkok,NE15,WEEKDAY,7,3940.6666666666665,664.5714285714286
Buangkok,NE15,WEEKDAY,8,4258.523809523809,582.7619047619048
Buangkok,NE15,WEEKDAY,9,2194.4761904761904,455.0952380952381
Buangkok,NE15,WEEKDAY,10,1127.4285714285713,379.5238095238095
Buangkok,NE15,WEEKDAY,11,963.952380952381,449.95238095238096
Buangkok,NE15,WEEKDAY,12,936.5714285714286,716.0
Buangkok,NE15,WEEKDAY,13,988.7142857142857,952.2380952380952
Buangkok,NE15,WEEKDAY,14,855.4285714285714,1053.095238095238
Buangkok,NE15,WEEKDAY,15,727.0,1151.5714285714287
Buangkok,NE15,WEEKDAY,16,776.7619047619048,1406.5714285714287
Buangkok,NE15,WEEKDAY,17,1060.095238095238,2230.714285714286
Buangkok,NE15,WEEKDAY,18,1289.7619047619048,4067.190476190476
Buangkok,NE15,WEEKDAY,19,785.2857142857143,3318.2380952380954
Buangkok,NE15,WEEKDAY,20,498.6666666666667,2011.6190476190477
Buangkok,NE15,WEEKDAY,21,451.42857142857144,1699.904761904762
Buangkok,NE15,WEEKDAY,22,270.5238095238095,1385.6666666666667
Buangkok,NE15,WEEKDAY,23,84.0,624.1904761904761
Buangkok,NE15,WEEKENDS/HOLIDAY,0,6.2,86.2
Buangkok,NE15,WEEKENDS/HOLIDAY,5,103.6,5.2
Buangkok,NE15,WEEKENDS/HOLIDAY,6,438.8,115.7
Buangkok,NE15,WEEKENDS/HOLIDAY,7,754.8,243.3
Buangkok,NE15,WEEKENDS/HOLIDAY,8,1257.4,432.8
Buangkok,NE15,WEEKENDS/HOLIDAY,9,1459.6,521.6
Buangkok,NE15,WEEKENDS/HOLIDAY,10,1583.7,585.7
Buangkok,NE15,WEEKENDS/HOLIDAY,11,1542.2,806.3
Buangkok,NE15,WEEKENDS/HOLIDAY,12,1511.4,975.7
Buangkok,NE15,WEEKENDS/HOLIDAY,13,1323.8,1178.4
Buangkok,NE15,WEEKENDS/HOLIDAY,14,1178.2,1221.5
Buangkok,NE15,WEEKENDS/HOLIDAY,15,1128.1,1242.8
Buangkok,NE15,WEEKENDS/HOLIDAY,16,1117.7,1250.7
Buangkok,NE15,WEEKENDS/HOLIDAY,17,1201.5,1481.6
Buangkok,NE15,WEEKENDS/HOLIDAY,18,1109.1,1556.1
Buangkok,NE15,WEEKENDS/HOLIDAY,19,798.4,1574.0
Buangkok,NE15,WEEKENDS/HOLIDAY,20,519.6,1599.6
Buangkok,NE15,WEEKENDS/HOLIDAY,21,424.1,1519.5
Buangkok,NE15,WEEKENDS/HOLIDAY,22,303.7,1267.3
Buangkok,NE15,WEEKENDS/HOLIDAY,23,101.3,647.9
Bugis,EW12/DT14,WEEKDAY,0,42.04761904761905,50.523809523809526
Bugis,EW12/DT14,WEEKDAY,5,281.1904761904762,48.095238095238095
Bugis,EW12/DT14,WEEKDAY,6,711.1428571428571,849.8571428571429
Bugis,EW12/DT14,WEEKDAY,7,1044.3333333333333,2455.714285714286
Bugis,EW12/DT14,WEEKDAY,8,1314.2380952380952,6144.047619047619
Bugis,EW12/DT14,WEEKDAY,9,1243.904761904762,5512.809523809524
Bugis,EW12/DT14,WEEKDAY,10,1245.4761904761904,3313.904761904762
Bugis,EW12/DT14,WEEKDAY,11,1848.3333333333333,3523.3809523809523
Bugis,EW12/DT14,WEEKDAY,12,2455.190476190476,3948.095238095238
Bugis,EW12/DT14,WEEKDAY,13,3314.7619047619046,3316.7619047619046
Bugis,EW12/DT14,WEEKDAY,14,2954.7619047619046,2950.714285714286
Bugis,EW12/DT14,WEEKDAY,15,3006.6190476190477,2775.9523809523807
Bugis,EW12/DT14,WEEKDAY,16,3534.6666666666665,2933.8571428571427
Bugis,EW12/DT14,WEEKDAY,17,5673.761904761905,3644.1428571428573
Bugis,EW12/DT14,WEEKDAY,18,7725.190476190476,5875.9047619047615
Bugis,EW12/DT14,WEEKDAY,19,4830.476190476191,3539.714285714286
Bugis,EW12/DT14,WEEKDAY,20,4196.9047619047615,1967.5714285714287
Bugis,EW12/DT14,WEEKDAY,21,4573.047619047619,1377.0
Bugis,EW12/DT14,WEEKDAY,22,2785.3333333333335,949.2380952380952
Bugis,EW12/DT14,WEEKDAY,23,1062.6190476190477,478.1904761904762
Bugis,EW12/DT14,WEEKENDS/HOLIDAY,0,53.4,60.1
Bugis,EW12/DT14,WEEKENDS/HOLIDAY,5,118.2,19.6
Bugis,EW12/DT14,WEEKENDS/HOLIDAY,6,498.5,559.0
Bugis,EW12/DT14,WEEKENDS/HOLIDAY,7,642.5,1050.5
Bugis,EW12/DT14,WEEKENDS/HOLIDAY,8,763.3,1755.4
Bugis,EW12/DT14,WEEKENDS/HOLIDAY,9,1063.2,2787.6
Bugis,EW12/DT14,WEEKENDS/HOLIDAY,10,1509.9,4006.2
Bugis,EW12/DT14,WEEKENDS/HOLIDAY,11,2198.0,4826.3
Bugis,EW12/DT14,WEEKENDS/HOLIDAY,12,3009.8,5325.9
Bugis,EW12/DT14,WEEKENDS/HOLIDAY,13,3671.5,5557.1
Bugis,EW12/DT14,WEEKENDS/HOLIDAY,14,4370.8,5079.6
Bugis,EW12/DT14,WEEKENDS/HOLIDAY,15,4913.4,4832.1
Bugis,EW12/DT14,WEEKENDS/HOLIDAY,16,5256.0,4711.2
Bugis,EW12/DT14,WEEKENDS/HOLIDAY,17,5310.2,4504.2
Bugis,EW12/DT14,WEEKENDS/HOLIDAY,18,5074.4,4051.2
Bugis,EW12/DT14,WEEKENDS/HOLIDAY,19,4505.0,2982.1
Bugis,EW12/DT14,WEEKENDS/HOLIDAY,20,4208.2,2086.9
Bugis,EW12/DT14,WEEKENDS/HOLIDAY,21,4443.8,1481.7
Bugis,EW12/DT14,WEEKENDS/HOLIDAY,22,2855.2,1080.0
Bugis,EW12/DT14,WEEKENDS/HOLIDAY,23,1183.4,512.2
Bukit Batok,NS2,WEEKDAY,0,23.714285714285715,147.9047619047619
Bukit Batok,NS2,WEEKDAY,5,592.7142857142857,158.42857142857142
Bukit Batok,NS2,WEEKDAY,6,2530.2380952380954,909.0
Bukit Batok,NS2,WEEKDAY,7,4675.714285714285,2364.3809523809523
Bukit Batok,NS2,WEEKDAY,8,3725.4285714285716,1986.857142857143
Bukit Batok,NS2,WEEKDAY,9,1802.142857142857,1039.3333333333333
Bukit Batok,NS2,WEEKDAY,10,1190.952380952381,789.4761904761905
Bukit Batok,NS2,WEEKDAY,11,1098.1904761904761,811.6190476190476
Bukit Batok,NS2,WEEKDAY,12,1155.8095238095239,993.0
Bukit Batok,NS2,WEEKDAY,13,1180.7619047619048,1126.4285714285713
Bukit Batok,NS2,WEEKDAY,14,1134.6666666666667,1233.1904761904761
Bukit Batok,NS2,WEEKDAY,15,1088.5714285714287,1362.6666666666667
Bukit Batok,NS2,WEEKDAY,16,1243.7142857142858,1791.3809523809523
Bukit Batok,NS2,WEEKDAY,17,2065.4285714285716,3187.3809523809523
Bukit Batok,NS2,WEEKDAY,18,2571.3809523809523,5284.428571428572
Bukit Batok,NS2,WEEKDAY,19,1465.1904761904761,3423.9523809523807
Bukit Batok,NS2,WEEKDAY,20,946.5714285714286,2251.1428571428573
Bukit Batok,NS2,WEEKDAY,21,857.047619047619,1811.857142857143
Bukit Batok,NS2,WEEKDAY,22,514.8095238095239,1392.5238095238096
Bukit Batok,NS2,WEEKDAY,23,175.28571428571428,623.6666666666666
Bukit Batok,NS2,WEEKENDS/HOLIDAY,0,27.6,183.6
Bukit Batok,NS2,WEEKENDS/HOLIDAY,5,269.2,47.0
Bukit Batok,NS2,WEEKENDS/HOLIDAY,6,863.8,361.4
Bukit Batok,NS2,WEEKENDS/HOLIDAY,7,1142.0,735.5
Bukit Batok,NS2,WEEKENDS/HOLIDAY,8,1361.4,959.5
Bukit Batok,NS2,WEEKENDS/HOLIDAY,9,1508.5,997.2
Bukit Batok,NS2,WEEKENDS/HOLIDAY,10,1523.3,990.1
Bukit Batok,NS2,WEEKENDS/HOLIDAY,11,1585.3,996.6
Bukit Batok,NS2,WEEKENDS/HOLIDAY,12,1630.4,1243.6
Bukit Batok,NS2,WEEKENDS/HOLIDAY,13,1572.4,1419.4
Bukit Batok,NS2,WEEKENDS/HOLIDAY,14,1409.1,1434.9
Bukit Batok,NS2,WEEKENDS/HOLIDAY,15,1324.5,1509.0
Bukit Batok,NS2,WEEKENDS/HOLIDAY,16,1360.3,1637.6
Bukit Batok,NS2,WEEKENDS/HOLIDAY,17,1499.1,1872.9
Bukit Batok,NS2,WEEKENDS/HOLIDAY,18,1455.7,1990.1
Bukit Batok,NS2,WEEKENDS/HOLIDAY,19,1227.7,1804.5
Bukit Batok,NS2,WEEKENDS/HOLIDAY,20,923.2,1759.4
Bukit Batok,NS2,WEEKENDS/HOLIDAY,21,803.1,1640.0
Bukit Batok,NS2,WEEKENDS/HOLIDAY,22,530.1,1336.7
Bukit Batok,NS2,WEEKENDS/HOLIDAY,23,192.1,784.1
Bukit Gombak,NS3,WEEKDAY,0,13.476190476190476,118.28571428571429
Bukit Gombak,NS3,WEEKDAY,5,535.3333333333334,50.857142857142854
Bukit Gombak,NS3,WEEKDAY,6,2251.190476190476,490.5238095238095
Bukit Gombak,NS3,WEEKDAY,7,3614.714285714286,941.952380952381
Bukit Gombak,NS3,WEEKDAY,8,2908.0476190476193,855.8095238095239
Bukit Gombak,NS3,WEEKDAY,9,1457.3809523809523,642.1904761904761
Bukit Gombak,NS3,WEEKDAY,10,1014.6666666666666,551.2380952380952
Bukit Gombak,NS3,WEEKDAY,11,953.952380952381,559.4761904761905
Bukit Gombak,NS3,WEEKDAY,12,954.047619047619,689.2857142857143
Bukit Gombak,NS3,WEEKDAY,13,901.5714285714286,762.8095238095239
Bukit Gombak,NS3,WEEKDAY,14,748.7619047619048,885.952380952381
Bukit Gombak,NS3,WEEKDAY,15,790.3333333333334,916.1904761904761
Bukit Gombak,NS3,WEEKDAY,16,761.3333333333334,1181.142857142857
Bukit Gombak,NS3,WEEKDAY,17,1116.2857142857142,2048.285714285714
Bukit Gombak,NS3,WEEKDAY,18,1154.857142857143,3157.5238095238096
Bukit Gombak,NS3,WEEKDAY,19,861.4285714285714,2393.3809523809523
Bukit Gombak,NS3,WEEKDAY,20,532.4761904761905,1521.2380952380952
Bukit Gombak,NS3,WEEKDAY,21,492.85714285714283,1211.142857142857
Bukit Gombak,NS3,WEEKDAY,22,317.95238095238096,935.047619047619
Bukit Gombak,NS3,WEEKDAY,23,173.95238095238096,429.42857142857144
Bukit Gombak,NS3,WEEKENDS/HOLIDAY,0,14.7,136.7
Bukit Gombak,NS3,WEEKENDS/HOLIDAY,5,231.1,24.0
Bukit Gombak,NS3,WEEKENDS/HOLIDAY,6,753.7,256.8
Bukit Gombak,NS3,WEEKENDS/HOLIDAY,7,902.1,530.4
Bukit Gombak,NS3,WEEKENDS/HOLIDAY,8,1076.8,783.3
Bukit Gombak,NS3,WEEKENDS/HOLIDAY,9,1264.2,756.1
Bukit Gombak,NS3,WEEKENDS/HOLIDAY,10,1332.4,810.8
Bukit Gombak,NS3,WEEKENDS/HOLIDAY,11,1339.9,799.1
Bukit Gombak,NS3,WEEKENDS/HOLIDAY,12,1316.8,875.7
Bukit Gombak,NS3,WEEKENDS/HOLIDAY,13,1177.3,925.7
Bukit Gombak,NS3,WEEKENDS/HOLIDAY,14,975.3,963.7
Bukit Gombak,NS3,WEEKENDS/HOLIDAY,15,993.1,1068.0
Bukit Gombak,NS3,WEEKENDS/HOLIDAY,16,985.5,1100.0
Bukit Gombak,NS3,WEEKENDS/HOLIDAY,17,1071.4,1209.3
Bukit Gombak,NS3,WEEKENDS/HOLIDAY,18,1018.6,1228.5
Bukit Gombak,NS3,WEEKENDS/HOLIDAY,19,816.3,1157.0
Bukit Gombak,NS3,WEEKENDS/HOLIDAY,20,556.7,1185.7
Bukit Gombak,NS3,WEEKENDS/HOLIDAY,21,468.2,1083.1
Bukit Gombak,NS3,WEEKENDS/HOLIDAY,22,322.4,896.9
Bukit Gombak,NS3,WEEKENDS/HOLIDAY,23,129.5,501.6
Buona Vista,EW21/CC22,WEEKDAY,0,11.666666666666666,29.38095238095238
Buona Vista,EW21/CC22,WEEKDAY,5,105.71428571428571,77.38095238095238
Buona Vista,EW21/CC22,WEEKDAY,6,628.2380952380952,985.4285714285714
Buona Vista,EW21/CC22,WEEKDAY,7,1250.8095238095239,2942.0476190476193
Buona Vista,EW21/CC22,WEEKDAY,8,1558.8095238095239,5876.142857142857
Buona Vista,EW21/CC22,WEEKDAY,9,904.5714285714286,4263.523809523809
Buona Vista,EW21/CC22,WEEKDAY,10,630.9047619047619,1276.1904761904761
Buona Vista,EW21/CC22,WEEKDAY,11,979.6190476190476,883.7142857142857
Buona Vista,EW21/CC22,WEEKDAY,12,1211.952380952381,1164.2857142857142
Buona Vista,EW21/CC22,WEEKDAY,13,1213.857142857143,1270.3333333333333
Buona Vista,EW21/CC22,WEEKDAY,14,1090.857142857143,947.5714285714286
Buona Vista,EW21/CC22,WEEKDAY,15,1437.095238095238,855.8095238095239
Buona Vista,EW21/CC22,WEEKDAY,16,2052.0476190476193,1009.8571428571429
Buona Vista,EW21/CC22,WEEKDAY,17,4742.761904761905,1497.5714285714287
Buona Vista,EW21/CC22,WEEKDAY,18,6219.619047619048,2483.190476190476
Buona Vista,EW21/CC22,WEEKDAY,19,2896.2380952380954,1534.952380952381
Buona Vista,EW21/CC22,WEEKDAY,20,1533.142857142857,788.2857142857143
Buona Vista,EW21/CC22,WEEKDAY,21,1248.142857142857,663.0952380952381
Buona Vista,EW21/CC22,WEEKDAY,22,870.7142857142857,485.3333333333333
Buona Vista,EW21/CC22,WEEKDAY,23,278.3809523809524,212.1904761904762
Buona Vista,EW21/CC22,WEEKENDS/HOLIDAY,0,11.0,38.1
Buona Vista,EW21/CC22,WEEKENDS/HOLIDAY,5,45.8,20.4
Buona Vista,EW21/CC22,WEEKENDS/HOLIDAY,6,214.9,353.9
Buona Vista,EW21/CC22,WEEKENDS/HOLIDAY,7,323.7,846.6
Buona Vista,EW21/CC22,WEEKENDS/HOLIDAY,8,518.4,1024.7
Buona Vista,EW21/CC22,WEEKENDS/HOLIDAY,9,704.2,838.2
Buona Vista,EW21/CC22,WEEKENDS/HOLIDAY,10,1117.7,1021.6
Buona Vista,EW21/CC22,WEEKENDS/HOLIDAY,11,1120.0,1184.0
Buona Vista,EW21/CC22,WEEKENDS/HOLIDAY,12,1129.2,930.3
Buona Vista,EW21/CC22,WEEKENDS/HOLIDAY,13,1362.3,1041.7
Buona Vista,EW21/CC22,WEEKENDS/HOLIDAY,14,1238.0,1054.2
Buona Vista,EW21/CC22,WEEKENDS/HOLIDAY,15,1070.9,822.5
Buona Vista,EW21/CC22,WEEKENDS/HOLIDAY,16,1317.5,899.0
Buona Vista,EW21/CC22,WEEKENDS/HOLIDAY,17,1342.7,958.0
Buona Vista,EW21/CC22,WEEKENDS/HOLIDAY,18,1108.6,1008.2
Buona Vista,EW21/CC22,WEEKENDS/HOLIDAY,19,955.1,912.2
Buona Vista,EW21/CC22,WEEKENDS/HOLIDAY,20,771.2,666.0
Buona Vista,EW21/CC22,WEEKENDS/HOLIDAY,21,766.9,620.3
Buona Vista,EW21/CC22,WEEKENDS/HOLIDAY,22,621.3,465.7
Buona Vista,EW21/CC22,WEEKENDS/HOLIDAY,23,221.2,223.9
Caldecott,CC17/TE9,WEEKDAY,0,3.0,28.476190476190474
Caldecott,CC17/TE9,WEEKDAY,5,119.04761904761905,11.571428571428571
Caldecott,CC17/TE9,WEEKDAY,6,621.8095238095239,332.9047619047619
Caldecott,CC17/TE9,WEEKDAY,7,1227.047619047619,1291.0
Caldecott,CC17/TE9,WEEKDAY,8,1226.2857142857142,1175.4285714285713
Caldecott,CC17/TE9,WEEKDAY,9,654.2857142857143,505.57142857142856
Caldecott,CC17/TE9,WEEKDAY,10,297.4761904761905,189.1904761904762
Caldecott,CC17/TE9,WEEKDAY,11,281.57142857142856,193.23809523809524
Caldecott,CC17/TE9,WEEKDAY,12,427.1904761904762,224.33333333333334
Caldecott,CC17/TE9,WEEKDAY,13,624.6666666666666,412.6190476190476
Caldecott,CC17/TE9,WEEKDAY,14,364.85714285714283,386.6666666666667
Caldecott,CC17/TE9,WEEKDAY,15,987.9047619047619,345.0952380952381
Caldecott,CC17/TE9,WEEKDAY,16,543.2380952380952,406.7142857142857
Caldecott,CC17/TE9,WEEKDAY,17,874.5238095238095,730.7619047619048
Caldecott,CC17/TE9,WEEKDAY,18,1056.142857142857,1113.857142857143
Caldecott,CC17/TE9,WEEKDAY,19,404.23809523809524,683.8095238095239
Caldecott,CC17/TE9,WEEKDAY,20,198.71428571428572,391.2857142857143
Caldecott,CC17/TE9,WEEKDAY,21,152.71428571428572,343.8095238095238
Caldecott,CC17/TE9,WEEKDAY,22,95.0952380952381,278.85714285714283
Caldecott,CC17/TE9,WEEKDAY,23,41.0,127.0
Caldecott,CC17/TE9,WEEKENDS/HOLIDAY,0,3.6,35.2
Caldecott,CC17/TE9,WEEKENDS/HOLIDAY,5,47.0,3.9
Caldecott,CC17/TE9,WEEKENDS/HOLIDAY,6,156.1,60.1
Caldecott,CC17/TE9,WEEKENDS/HOLIDAY,7,237.4,214.3
Caldecott,CC17/TE9,WEEKENDS/HOLIDAY,8,305.3,287.0
Caldecott,CC17/TE9,WEEKENDS/HOLIDAY,9,363.7,250.6
Caldecott,CC17/TE9,WEEKENDS/HOLIDAY,10,339.0,223.1
Caldecott,CC17/TE9,WEEKENDS/HOLIDAY,11,369.0,228.8
Caldecott,CC17/TE9,WEEKENDS/HOLIDAY,12,382.3,264.3
Caldecott,CC17/TE9,WEEKENDS/HOLIDAY,13,305.0,279.7
Caldecott,CC17/TE9,WEEKENDS/HOLIDAY,14,251.1,280.2
Caldecott,CC17/TE9,WEEKENDS/HOLIDAY,15,259.9,307.3
Caldecott,CC17/TE9,WEEKENDS/HOLIDAY,16,314.5,297.5
Caldecott,CC17/TE9,WEEKENDS/HOLIDAY,17,401.5,304.4
Caldecott,CC17/TE9,WEEKENDS/HOLIDAY,18,331.3,312.5
Caldecott,CC17/TE9,WEEKENDS/HOLIDAY,19,226.8,293.5
Caldecott,CC17/TE9,WEEKENDS/HOLIDAY,20,154.6,313.9
Caldecott,CC17/TE9,WEEKENDS/HOLIDAY,21,141.3,301.9
Caldecott,CC17/TE9,WEEKENDS/HOLIDAY,22,108.6,256.6
Caldecott,CC17/TE9,WEEKENDS/HOLIDAY,23,49.0,132.5
Canberra,NS12,WEEKDAY,0,29.19047619047619,154.0
Canberra,NS12,WEEKDAY,5,369.23809523809524,68.80952380952381
Canberra,NS12,WEEKDAY,6,2390.1428571428573,428.3333333333333
Canberra,NS12,WEEKDAY,7,4269.428571428572,1079.5714285714287
Canberra,NS12,WEEKDAY,8,3666.3333333333335,1043.0
Canberra,NS12,WEEKDAY,9,1578.095238095238,507.3809523809524
Canberra,NS12,WEEKDAY,10,964.7619047619048,367.57142857142856
Canberra,NS12,WEEKDAY,11,857.3333333333334,370.2857142857143
Canberra,NS12,WEEKDAY,12,853.6666666666666,512.3809523809524
Canberra,NS12,WEEKDAY,13,725.3809523809524,750.5238095238095
Canberra,NS12,WEEKDAY,14,645.0952380952381,942.7619047619048
Canberra,NS12,WEEKDAY,15,608.6666666666666,926.6666666666666
Canberra,NS12,WEEKDAY,16,816.3333333333334,1121.4761904761904
Canberra,NS12,WEEKDAY,17,1381.952380952381,1936.8095238095239
Canberra,NS12,WEEKDAY,18,1447.4285714285713,3374.4761904761904
Canberra,NS12,WEEKDAY,19,820.047619047619,2731.7619047619046
Canberra,NS12,WEEKDAY,20,595.7619047619048,1578.1904761904761
Canberra,NS12,WEEKDAY,21,439.7142857142857,1339.5238095238096
Canberra,NS12,WEEKDAY,22,263.76190476190476,1047.3333333333333
Canberra,NS12,WEEKDAY,23,117.66666666666667,530.9047619047619
Canberra,NS12,WEEKENDS/HOLIDAY,0,35.7,170.3
Canberra,NS12,WEEKENDS/HOLIDAY,5,166.7,26.1
Canberra,NS12,WEEKENDS/HOLIDAY,6,566.7,201.8
Canberra,NS12,WEEKENDS/HOLIDAY,7,993.4,416.8
Canberra,NS12,WEEKENDS/HOLIDAY,8,1258.9,564.6
Canberra,NS12,WEEKENDS/HOLIDAY,9,1322.3,552.1
Canberra,NS12,WEEKENDS/HOLIDAY,10,1386.1,579.6
Canberra,NS12,WEEKENDS/HOLIDAY,11,1363.6,653.5
Canberra,NS12,WEEKENDS/HOLIDAY,12,1306.6,761.6
Canberra,NS12,WEEKENDS/HOLIDAY,13,1090.0,906.7
Canberra,NS12,WEEKENDS/HOLIDAY,14,941.0,921.6
Canberra,NS12,WEEKENDS/HOLIDAY,15,923.8,933.9
Canberra,NS12,WEEKENDS/HOLIDAY,16,945.3,1015.1
Canberra,NS12,WEEKENDS/HOLIDAY,17,1084.8,1144.3
Canberra,NS12,WEEKENDS/HOLIDAY,18,991.6,1286.2
Canberra,NS12,WEEKENDS/HOLIDAY,19,755.0,1319.2
Canberra,NS12,WEEKENDS/HOLIDAY,20,638.6,1261.0
Canberra,NS12,WEEKENDS/HOLIDAY,21,459.2,1193.5
Canberra,NS12,WEEKENDS/HOLIDAY,22,308.7,1029.0
Canberra,NS12,WEEKENDS/HOLIDAY,23,126.6,595.8
Cashew,DT2,WEEKDAY,0,0.09523809523809523,15.285714285714286
Cashew,DT2,WEEKDAY,5,8.952380952380953,3.0476190476190474
Cashew,DT2,WEEKDAY,6,146.28571428571428,136.61904761904762
Cashew,DT2,WEEKDAY,7,360.76190476190476,959.7142857142857
Cashew,DT2,WEEKDAY,8,449.85714285714283,818.8095238095239
Cashew,DT2,WEEKDAY,9,207.28571428571428,295.95238095238096
Cashew,DT2,WEEKDAY,10,129.0952380952381,71.80952380952381
Cashew,DT2,WEEKDAY,11,203.57142857142858,61.857142857142854
Cashew,DT2,WEEKDAY,12,325.57142857142856,110.0
Cashew,DT2,WEEKDAY,13,224.66666666666666,172.33333333333334
Cashew,DT2,WEEKDAY,14,222.42857142857142,136.71428571428572
Cashew,DT2,WEEKDAY,15,270.14285714285717,136.0952380952381
Cashew,DT2,WEEKDAY,16,455.6190476190476,144.14285714285714
Cashew,DT2,WEEKDAY,17,865.0,185.23809523809524
Cashew,DT2,WEEKDAY,18,494.0,345.5238095238095
Cashew,DT2,WEEKDAY,19,208.38095238095238,265.6666666666667
Cashew,DT2,WEEKDAY,20,111.66666666666667,151.47619047619048
Cashew,DT2,WEEKDAY,21,73.76190476190476,111.0
Cashew,DT2,WEEKDAY,22,34.04761904761905,85.19047619047619
Cashew,DT2,WEEKDAY,23,10.19047619047619,51.61904761904762
Cashew,DT2,WEEKENDS/HOLIDAY,0,0.0,14.7
Cashew,DT2,WEEKENDS/HOLIDAY,5,5.3,1.6
Cashew,DT2,WEEKENDS/HOLIDAY,6,28.2,26.6
Cashew,DT2,WEEKENDS/HOLIDAY,7,69.2,118.2
Cashew,DT2,WEEKENDS/HOLIDAY,8,144.1,97.3
Cashew,DT2,WEEKENDS/HOLIDAY,9,163.9,89.8
Cashew,DT2,WEEKENDS/HOLIDAY,10,189.9,67.6
Cashew,DT2,WEEKENDS/HOLIDAY,11,164.5,81.2
Cashew,DT2,WEEKENDS/HOLIDAY,12,200.1,79.5
Cashew,DT2,WEEKENDS/HOLIDAY,13,154.8,101.3
Cashew,DT2,WEEKENDS/HOLIDAY,14,108.4,94.8
Cashew,DT2,WEEKENDS/HOLIDAY,15,107.2,105.0
Cashew,DT2,WEEKENDS/HOLIDAY,16,104.8,138.7
Cashew,DT2,WEEKENDS/HOLIDAY,17,147.1,155.0
Cashew,DT2,WEEKENDS/HOLIDAY,18,215.7,157.4
Cashew,DT2,WEEKENDS/HOLIDAY,19,128.7,117.3
Cashew,DT2,WEEKENDS/HOLIDAY,20,98.3,108.7
Cashew,DT2,WEEKENDS/HOLIDAY,21,59.9,91.8
Cashew,DT2,WEEKENDS/HOLIDAY,22,35.0,78.0
Cashew,DT2,WEEKENDS/HOLIDAY,23,8.4,40.5
Changi Airport,CG2,WEEKDAY,0,5.9523809523809526,22.142857142857142
Changi Airport,CG2,WEEKDAY,5,383.95238095238096,51.285714285714285
Changi Airport,CG2,WEEKDAY,6,484.9047619047619,584.6190476190476
Changi Airport,CG2,WEEKDAY,7,673.7142857142857,1085.5238095238096
Changi Airport,CG2,WEEKDAY,8,774.1904761904761,1690.904761904762
Changi Airport,CG2,WEEKDAY,9,743.0,1275.904761904762
Changi Airport,CG2,WEEKDAY,10,680.4285714285714,967.7142857142857
Changi Airport,CG2,WEEKDAY,11,757.0,1087.8095238095239
Changi Airport,CG2,WEEKDAY,12,888.5238095238095,1194.3809523809523
Changi Airport,CG2,WEEKDAY,13,1171.047619047619,1049.4285714285713
Changi Airport,CG2,WEEKDAY,14,1259.952380952381,1034.6190476190477
Changi Airport,CG2,WEEKDAY,15,1517.0,874.952380952381
Changi Airport,CG2,WEEKDAY,16,1537.857142857143,853.3809523809524
Changi Airport,CG2,WEEKDAY,17,1820.5714285714287,954.8095238095239
Changi Airport,CG2,WEEKDAY,18,1813.047619047619,1218.952380952381
Changi Airport,CG2,WEEKDAY,19,1306.952380952381,1098.2380952380952
Changi Airport,CG2,WEEKDAY,20,1258.857142857143,841.7619047619048
Changi Airport,CG2,WEEKDAY,21,1392.904761904762,679.7142857142857
Changi Airport,CG2,WEEKDAY,22,1395.095238095238,516.5238095238095
Changi Airport,CG2,WEEKDAY,23,470.85714285714283,445.04761904761904
Changi Airport,CG2,WEEKENDS/HOLIDAY,0,6.6,21.2
Changi Airport,CG2,WEEKENDS/HOLIDAY,5,400.3,41.2
Changi Airport,CG2,WEEKENDS/HOLIDAY,6,529.7,346.1
Changi Airport,CG2,WEEKENDS/HOLIDAY,7,654.9,939.0
Changi Airport,CG2,WEEKENDS/HOLIDAY,8,724.4,1004.5
Changi Airport,CG2,WEEKENDS/HOLIDAY,9,724.3,1066.1
Changi Airport,CG2,WEEKENDS/HOLIDAY,10,781.6,1194.2
Changi Airport,CG2,WEEKENDS/HOLIDAY,11,932.9,1465.6
Changi Airport,CG2,WEEKENDS/HOLIDAY,12,1147.4,1832.6
Changi Airport,CG2,WEEKENDS/HOLIDAY,13,1501.7,1556.3
Changi Airport,CG2,WEEKENDS/HOLIDAY,14,1664.8,1623.6
Changi Airport,CG2,WEEKENDS/HOLIDAY,15,1937.1,1377.3
Changi Airport,CG2,WEEKENDS/HOLIDAY,16,1879.9,1347.0
Changi Airport,CG2,WEEKENDS/HOLIDAY,17,1697.8,1382.7
Changi Airport,CG2,WEEKENDS/HOLIDAY,18,1521.7,1363.2
Changi Airport,CG2,WEEKENDS/HOLIDAY,19,1495.4,1180.3
Changi Airport,CG2,WEEKENDS/HOLIDAY,20,1507.8,915.3
Changi Airport,CG2,WEEKENDS/HOLIDAY,21,1592.5,804.6
Changi Airport,CG2,WEEKENDS/HOLIDAY,22,1562.0,532.2
Changi Airport,CG2,WEEKENDS/HOLIDAY,23,519.7,463.2
Chinatown,NE4/DT19,WEEKDAY,0,19.142857142857142,40.57142857142857
Chinatown,NE4/DT19,WEEKDAY,5,73.80952380952381,3.380952380952381
Chinatown,NE4/DT19,WEEKDAY,6,473.04761904761904,825.8571428571429
Chinatown,NE4/DT19,WEEKDAY,7,829.5714285714286,1866.952380952381
Chinatown,NE4/DT19,WEEKDAY,8,1258.6666666666667,4083.7619047619046
Chinatown,NE4/DT19,WEEKDAY,9,1232.6190476190477,3966.714285714286
Chinatown,NE4/DT19,WEEKDAY,10,1370.3809523809523,3366.2380952380954
Chinatown,NE4/DT19,WEEKDAY,11,1913.4285714285713,3969.5714285714284
Chinatown,NE4/DT19,WEEKDAY,12,2990.7619047619046,4260.666666666667
Chinatown,NE4/DT19,WEEKDAY,13,4106.571428571428,3085.5238095238096
Chinatown,NE4/DT19,WEEKDAY,14,3187.5714285714284,2647.6190476190477
Chinatown,NE4/DT19,WEEKDAY,15,3061.095238095238,2549.8571428571427
Chinatown,NE4/DT19,WEEKDAY,16,3342.095238095238,2629.0
Chinatown,NE4/DT19,WEEKDAY,17,4408.761904761905,3366.6666666666665
Chinatown,NE4/DT19,WEEKDAY,18,5907.809523809524,4640.0952380952385
Chinatown,NE4/DT19,WEEKDAY,19,4632.428571428572,3068.7619047619046
Chinatown,NE4/DT19,WEEKDAY,20,4181.9047619047615,1777.7619047619048
Chinatown,NE4/DT19,WEEKDAY,21,3495.0,1245.3333333333333
Chinatown,NE4/DT19,WEEKDAY,22,2210.095238095238,797.6190476190476
Chinatown,NE4/DT19,WEEKDAY,23,873.2380952380952,375.7142857142857
Chinatown,NE4/DT19,WEEKENDS/HOLIDAY,0,27.6,53.4
Chinatown,NE4/DT19,WEEKENDS/HOLIDAY,5,47.3,1.0
Chinatown,NE4/DT19,WEEKENDS/HOLIDAY,6,296.2,523.0
Chinatown,NE4/DT19,WEEKENDS/HOLIDAY,7,454.6,832.8
Chinatown,NE4/DT19,WEEKENDS/HOLIDAY,8,744.1,1591.7
Chinatown,NE4/DT19,WEEKENDS/HOLIDAY,9,1113.7,2733.6
Chinatown,NE4/DT19,WEEKENDS/HOLIDAY,10,1581.3,4040.6
Chinatown,NE4/DT19,WEEKENDS/HOLIDAY,11,2298.1,4574.5
Chinatown,NE4/DT19,WEEKENDS/HOLIDAY,12,3058.7,4432.1
Chinatown,NE4/DT19,WEEKENDS/HOLIDAY,13,3766.2,4272.7
Chinatown,NE4/DT19,WEEKENDS/HOLIDAY,14,4309.4,3907.0
Chinatown,NE4/DT19,WEEKENDS/HOLIDAY,15,4474.9,3767.2
Chinatown,NE4/DT19,WEEKENDS/HOLIDAY,16,4383.5,3780.0
Chinatown,NE4/DT19,WEEKENDS/HOLIDAY,17,4338.2,4147.2
Chinatown,NE4/DT19,WEEKENDS/HOLIDAY,18,4281.5,3904.4
Chinatown,NE4/DT19,WEEKENDS/HOLIDAY,19,4336.3,2880.7
Chinatown,NE4/DT19,WEEKENDS/HOLIDAY,20,4292.3,1997.6
Chinatown,NE4/DT19,WEEKENDS/HOLIDAY,21,3554.4,1365.7
Chinatown,NE4/DT19,WEEKENDS/HOLIDAY,22,2232.3,939.0
Chinatown,NE4/DT19,WEEKENDS/HOLIDAY,23,940.4,407.8
Chinese Garden,EW25,WEEKDAY,0,4.0476190476190474,61.80952380952381
Chinese Garden,EW25,WEEKDAY,5,470.5238095238095,25.047619047619047
Chinese Garden,EW25,WEEKDAY,6,1507.047619047619,320.14285714285717
Chinese Garden,EW25,WEEKDAY,7,2966.4761904761904,937.1428571428571
Chinese Garden,EW25,WEEKDAY,8,2559.0476190476193,641.6666666666666
Chinese Garden,EW25,WEEKDAY,9,1149.1904761904761,285.85714285714283
Chinese Garden,EW25,WEEKDAY,10,596.6190476190476,253.23809523809524
Chinese Garden,EW25,WEEKDAY,11,495.1904761904762,255.71428571428572
Chinese Garden,EW25,WEEKDAY,12,476.23809523809524,310.04761904761904
Chinese Garden,EW25,WEEKDAY,13,410.4761904761905,369.6666666666667
Chinese Garden,EW25,WEEKDAY,14,358.8095238095238,412.0
Chinese Garden,EW25,WEEKDAY,15,539.8095238095239,506.04761904761904
Chinese Garden,EW25,WEEKDAY,16,551.3333333333334,693.0
Chinese Garden,EW25,WEEKDAY,17,741.4285714285714,1378.8095238095239
Chinese Garden,EW25,WEEKDAY,18,763.4285714285714,2244.1428571428573
Chinese Garden,EW25,WEEKDAY,19,568.7619047619048,1608.3333333333333
Chinese Garden,EW25,WEEKDAY,20,369.2857142857143,1097.0
Chinese Garden,EW25,WEEKDAY,21,298.6666666666667,884.047619047619
Chinese Garden,EW25,WEEKDAY,22,190.0952380952381,711.8571428571429
Chinese Garden,EW25,WEEKDAY,23,72.71428571428571,344.7142857142857
Chinese Garden,EW25,WEEKENDS/HOLIDAY,0,7.1,79.1
Chinese Garden,EW25,WEEKENDS/HOLIDAY,5,167.0,5.4
Chinese Garden,EW25,WEEKENDS/HOLIDAY,6,514.9,146.2
Chinese Garden,EW25,WEEKENDS/HOLIDAY,7,751.5,394.3
Chinese Garden,EW25,WEEKENDS/HOLIDAY,8,756.6,443.8
Chinese Garden,EW25,WEEKENDS/HOLIDAY,9,795.2,509.0
Chinese Garden,EW25,WEEKENDS/HOLIDAY,10,823.2,606.2
Chinese Garden,EW25,WEEKENDS/HOLIDAY,11,861.9,637.3
Chinese Garden,EW25,WEEKENDS/HOLIDAY,12,843.8,682.4
Chinese Garden,EW25,WEEKENDS/HOLIDAY,13,767.0,717.1
Chinese Garden,EW25,WEEKENDS/HOLIDAY,14,705.4,714.0
Chinese Garden,EW25,WEEKENDS/HOLIDAY,15,717.7,732.9
Chinese Garden,EW25,WEEKENDS/HOLIDAY,16,829.3,851.5
Chinese Garden,EW25,WEEKENDS/HOLIDAY,17,986.2,1115.0
Chinese Garden,EW25,WEEKENDS/HOLIDAY,18,910.2,1108.3
Chinese Garden,EW25,WEEKENDS/HOLIDAY,19,881.8,923.3
Chinese Garden,EW25,WEEKENDS/HOLIDAY,20,644.5,812.9
Chinese Garden,EW25,WEEKENDS/HOLIDAY,21,442.1,769.9
Chinese Garden,EW25,WEEKENDS/HOLIDAY,22,276.9,673.2
Chinese Garden,EW25,WEEKENDS/HOLIDAY,23,104.7,376.2
Choa Chu Kang,NS4/BP1,WEEKDAY,0,49.80952380952381,181.61904761904762
Choa Chu Kang,NS4/BP1,WEEKDAY,5,794.1904761904761,323.8095238095238
Choa Chu Kang,NS4/BP1,WEEKDAY,6,3390.5238095238096,2082.6666666666665
Choa Chu Kang,NS4/BP1,WEEKDAY,7,5855.571428571428,3424.5714285714284
Choa Chu Kang,NS4/BP1,WEEKDAY,8,4205.619047619048,1858.3809523809523
Choa Chu Kang,NS4/BP1,WEEKDAY,9,2084.0,1202.095238095238
Choa Chu Kang,NS4/BP1,WEEKDAY,10,1495.095238095238,1097.952380952381
Choa Chu Kang,NS4/BP1,WEEKDAY,11,1452.4285714285713,1162.8095238095239
Choa Chu Kang,NS4/BP1,WEEKDAY,12,1634.5238095238096,1531.0
Choa Chu Kang,NS4/BP1,WEEKDAY,13,1596.5238095238096,1663.1904761904761
Choa Chu Kang,NS4/BP1,WEEKDAY,14,1546.047619047619,1867.8095238095239
Choa Chu Kang,NS4/BP1,WEEKDAY,15,1580.5714285714287,1970.4761904761904
Choa Chu Kang,NS4/BP1,WEEKDAY,16,1941.4285714285713,2485.4285714285716
Choa Chu Kang,NS4/BP1,WEEKDAY,17,3105.6666666666665,4021.2380952380954
Choa Chu Kang,NS4/BP1,WEEKDAY,18,3460.6190476190477,6350.952380952381
Choa Chu Kang,NS4/BP1,WEEKDAY,19,1887.904761904762,4681.476190476191
Choa Chu Kang,NS4/BP1,WEEKDAY,20,1362.3333333333333,2753.3809523809523
Choa Chu Kang,NS4/BP1,WEEKDAY,21,1204.6666666666667,2266.5238095238096
Choa Chu Kang,NS4/BP1,WEEKDAY,22,731.7619047619048,1582.1904761904761
Choa Chu Kang,NS4/BP1,WEEKDAY,23,278.7142857142857,795.8571428571429
Choa Chu Kang,NS4/BP1,WEEKENDS/HOLIDAY,0,52.0,252.8
Choa Chu Kang,NS4/BP1,WEEKENDS/HOLIDAY,5,360.6,126.3
Choa Chu Kang,NS4/BP1,WEEKENDS/HOLIDAY,6,1297.0,637.5
Choa Chu Kang,NS4/BP1,WEEKENDS/HOLIDAY,7,1647.7,958.8
Choa Chu Kang,NS4/BP1,WEEKENDS/HOLIDAY,8,1839.3,1235.3
Choa Chu Kang,NS4/BP1,WEEKENDS/HOLIDAY,9,1824.6,1346.0
Choa Chu Kang,NS4/BP1,WEEKENDS/HOLIDAY,10,1903.8,1434.9
Choa Chu Kang,NS4/BP1,WEEKENDS/HOLIDAY,11,2058.1,1612.2
Choa Chu Kang,NS4/BP1,WEEKENDS/HOLIDAY,12,2141.9,1829.6
Choa Chu Kang,NS4/BP1,WEEKENDS/HOLIDAY,13,2054.1,2008.9
Choa Chu Kang,NS4/BP1,WEEKENDS/HOLIDAY,14,1914.3,2096.6
Choa Chu Kang,NS4/BP1,WEEKENDS/HOLIDAY,15,1848.5,2108.2
Choa Chu Kang,NS4/BP1,WEEKENDS/HOLIDAY,16,1831.8,2187.8
Choa Chu Kang,NS4/BP1,WEEKENDS/HOLIDAY,17,2108.8,2578.2
Choa Chu Kang,NS4/BP1,WEEKENDS/HOLIDAY,18,2041.5,2756.5
Choa Chu Kang,NS4/BP1,WEEKENDS/HOLIDAY,19,1652.2,2526.4
Choa Chu Kang,NS4/BP1,WEEKENDS/HOLIDAY,20,1352.1,2418.6
Choa Chu Kang,NS4/BP1,WEEKENDS/HOLIDAY,21,1142.6,2121.8
Choa Chu Kang,NS4/BP1,WEEKENDS/HOLIDAY,22,746.7,1690.6
Choa Chu Kang,NS4/BP1,WEEKENDS/HOLIDAY,23,326.7,899.0
City Hall,NS25/EW13,WEEKDAY,0,22.952380952380953,7.333333333333333
City Hall,NS25/EW13,WEEKDAY,5,33.61904761904762,43.23809523809524
City Hall,NS25/EW13,WEEKDAY,6,119.80952380952381,795.047619047619
City Hall,NS25/EW13,WEEKDAY,7,295.8095238095238,2159.5714285714284
City Hall,NS25/EW13,WEEKDAY,8,542.4761904761905,5485.619047619048
City Hall,NS25/EW13,WEEKDAY,9,562.7619047619048,4918.523809523809
City Hall,NS25/EW13,WEEKDAY,10,721.8571428571429,2957.8571428571427
City Hall,NS25/EW13,WEEKDAY,11,1212.142857142857,3275.6190476190477
City Hall,NS25/EW13,WEEKDAY,12,1878.952380952381,3482.7619047619046
City Hall,NS25/EW13,WEEKDAY,13,3053.2380952380954,2450.1428571428573
City Hall,NS25/EW13,WEEKDAY,14,2263.904761904762,2141.285714285714
City Hall,NS25/EW13,WEEKDAY,15,2377.0476190476193,2108.5714285714284
City Hall,NS25/EW13,WEEKDAY,16,2624.2380952380954,2011.095238095238
City Hall,NS25/EW13,WEEKDAY,17,4391.0,2999.8571428571427
City Hall,NS25/EW13,WEEKDAY,18,6774.571428571428,5153.666666666667
City Hall,NS25/EW13,WEEKDAY,19,4591.571428571428,2693.4285714285716
City Hall,NS25/EW13,WEEKDAY,20,4009.904761904762,1080.2380952380952
City Hall,NS25/EW13,WEEKDAY,21,4536.714285714285,614.7142857142857
City Hall,NS25/EW13,WEEKDAY,22,3426.095238095238,370.3333333333333
City Hall,NS25/EW13,WEEKDAY,23,1170.095238095238,132.0952380952381
City Hall,NS25/EW13,WEEKENDS/HOLIDAY,0,32.2,8.2
City Hall,NS25/EW13,WEEKENDS/HOLIDAY,5,52.9,20.0
City Hall,NS25/EW13,WEEKENDS/HOLIDAY,6,200.5,520.8
City Hall,NS25/EW13,WEEKENDS/HOLIDAY,7,245.2,1174.5
City Hall,NS25/EW13,WEEKENDS/HOLIDAY,8,352.0,2308.2
City Hall,NS25/EW13,WEEKENDS/HOLIDAY,9,761.9,5107.3
City Hall,NS25/EW13,WEEKENDS/HOLIDAY,10,1628.2,5358.1
City Hall,NS25/EW13,WEEKENDS/HOLIDAY,11,2309.2,4594.3
City Hall,NS25/EW13,WEEKENDS/HOLIDAY,12,2716.3,4482.4
City Hall,NS25/EW13,WEEKENDS/HOLIDAY,13,3155.7,4348.3
City Hall,NS25/EW13,WEEKENDS/HOLIDAY,14,3509.2,4059.8
City Hall,NS25/EW13,WEEKENDS/HOLIDAY,15,4108.2,3969.2
City Hall,NS25/EW13,WEEKENDS/HOLIDAY,16,4820.3,4235.6
City Hall,NS25/EW13,WEEKENDS/HOLIDAY,17,5887.0,4080.6
City Hall,NS25/EW13,WEEKENDS/HOLIDAY,18,5721.2,3563.5
City Hall,NS25/EW13,WEEKENDS/HOLIDAY,19,4810.5,2401.3
City Hall,NS25/EW13,WEEKENDS/HOLIDAY,20,4279.2,1252.6
City Hall,NS25/EW13,WEEKENDS/HOLIDAY,21,4425.0,694.7
City Hall,NS25/EW13,WEEKENDS/HOLIDAY,22,3496.0,419.0
City Hall,NS25/EW13,WEEKENDS/HOLIDAY,23,1422.4,161.0
Clarke Quay,NE5,WEEKDAY,0,5.380952380952381,3.1904761904761907
Clarke Quay,NE5,WEEKDAY,5,21.333333333333332,1.2380952380952381
Clarke Quay,NE5,WEEKDAY,6,78.95238095238095,325.3809523809524
Clarke Quay,NE5,WEEKDAY,7,121.14285714285714,944.1904761904761
Clarke Quay,NE5,WEEKDAY,8,198.0,2535.809523809524
Clarke Quay,NE5,WEEKDAY,9,281.76190476190476,2284.8571428571427
Clarke Quay,NE5,WEEKDAY,10,325.42857142857144,1009.047619047619
Clarke Quay,NE5,WEEKDAY,11,423.1904761904762,697.4285714285714
Clarke Quay,NE5,WEEKDAY,12,587.2380952380952,699.7619047619048
Clarke Quay,NE5,WEEKDAY,13,574.2380952380952,698.1428571428571
Clarke Quay,NE5,WEEKDAY,14,541.047619047619,627.7619047619048
Clarke Quay,NE5,WEEKDAY,15,557.4285714285714,587.8571428571429
Clarke Quay,NE5,WEEKDAY,16,734.1428571428571,666.3809523809524
Clarke Quay,NE5,WEEKDAY,17,1664.2380952380952,852.1904761904761
Clarke Quay,NE5,WEEKDAY,18,2834.0476190476193,1324.7619047619048
Clarke Quay,NE5,WEEKDAY,19,1700.4285714285713,869.1904761904761
Clarke Quay,NE5,WEEKDAY,20,1293.5714285714287,555.7619047619048
Clarke Quay,NE5,WEEKDAY,21,1247.5714285714287,452.0952380952381
Clarke Quay,NE5,WEEKDAY,22,994.952380952381,304.57142857142856
Clarke Quay,NE5,WEEKDAY,23,551.2857142857143,120.14285714285714
Clarke Quay,NE5,WEEKENDS/HOLIDAY,0,8.3,3.3
Clarke Quay,NE5,WEEKENDS/HOLIDAY,5,20.1,0.9
Clarke Quay,NE5,WEEKENDS/HOLIDAY,6,138.6,142.5
Clarke Quay,NE5,WEEKENDS/HOLIDAY,7,93.4,341.1
Clarke Quay,NE5,WEEKENDS/HOLIDAY,8,117.5,427.3
Clarke Quay,NE5,WEEKENDS/HOLIDAY,9,217.2,677.9
Clarke Quay,NE5,WEEKENDS/HOLIDAY,10,322.2,839.0
Clarke Quay,NE5,WEEKENDS/HOLIDAY,11,437.9,858.1
Clarke Quay,NE5,WEEKENDS/HOLIDAY,12,560.4,839.3
Clarke Quay,NE5,WEEKENDS/HOLIDAY,13,623.7,804.8
Clarke Quay,NE5,WEEKENDS/HOLIDAY,14,706.9,788.2
Clarke Quay,NE5,WEEKENDS/HOLIDAY,15,761.6,791.2
Clarke Quay,NE5,WEEKENDS/HOLIDAY,16,766.2,822.6
Clarke Quay,NE5,WEEKENDS/HOLIDAY,17,834.2,873.8
Clarke Quay,NE5,WEEKENDS/HOLIDAY,18,821.1,981.6
Clarke Quay,NE5,WEEKENDS/HOLIDAY,19,871.8,818.2
Clarke Quay,NE5,WEEKENDS/HOLIDAY,20,893.2,673.3
Clarke Quay,NE5,WEEKENDS/HOLIDAY,21,1034.4,556.0
Clarke Quay,NE5,WEEKENDS/HOLIDAY,22,956.2,408.6
Clarke Quay,NE5,WEEKENDS/HOLIDAY,23,598.4,178.8
Clementi,EW23,WEEKDAY,0,19.19047619047619,83.23809523809524
Clementi,EW23,WEEKDAY,5,296.9047619047619,222.33333333333334
Clementi,EW23,WEEKDAY,6,2568.3809523809523,2538.285714285714
Clementi,EW23,WEEKDAY,7,5009.428571428572,5320.523809523809
Clementi,EW23,WEEKDAY,8,5131.476190476191,4963.714285714285
Clementi,EW23,WEEKDAY,9,2801.4761904761904,2605.809523809524
Clementi,EW23,WEEKDAY,10,1789.3333333333333,1802.6666666666667
Clementi,EW23,WEEKDAY,11,1842.4761904761904,2035.4285714285713
Clementi,EW23,WEEKDAY,12,2213.3333333333335,2240.7619047619046
Clementi,EW23,WEEKDAY,13,2433.3333333333335,2157.095238095238
Clementi,EW23,WEEKDAY,14,2275.6190476190477,2098.6190476190477
Clementi,EW23,WEEKDAY,15,2461.0476190476193,2298.285714285714
Clementi,EW23,WEEKDAY,16,2843.6666666666665,2642.095238095238
Clementi,EW23,WEEKDAY,17,4598.333333333333,4350.190476190476
Clementi,EW23,WEEKDAY,18,5598.761904761905,6745.190476190476
Clementi,EW23,WEEKDAY,19,3380.2380952380954,4411.142857142857
Clementi,EW23,WEEKDAY,20,2282.1428571428573,2649.3809523809523
Clementi,EW23,WEEKDAY,21,1997.952380952381,2234.6666666666665
Clementi,EW23,WEEKDAY,22,1228.4761904761904,1777.3809523809523
Clementi,EW23,WEEKDAY,23,415.7142857142857,742.8571428571429
Clementi,EW23,WEEKENDS/HOLIDAY,0,17.9,108.6
Clementi,EW23,WEEKENDS/HOLIDAY,5,126.1,56.0
Clementi,EW23,WEEKENDS/HOLIDAY,6,944.8,990.2
Clementi,EW23,WEEKENDS/HOLIDAY,7,1601.7,1694.8
Clementi,EW23,WEEKENDS/HOLIDAY,8,2073.7,1834.8
Clementi,EW23,WEEKENDS/HOLIDAY,9,2385.4,1891.9
Clementi,EW23,WEEKENDS/HOLIDAY,10,2502.7,1930.9
Clementi,EW23,WEEKENDS/HOLIDAY,11,2685.4,2038.5
Clementi,EW23,WEEKENDS/HOLIDAY,12,2836.5,2310.6
Clementi,EW23,WEEKENDS/HOLIDAY,13,2832.8,2573.0
Clementi,EW23,WEEKENDS/HOLIDAY,14,2521.3,2511.9
Clementi,EW23,WEEKENDS/HOLIDAY,15,2465.9,2586.1
Clementi,EW23,WEEKENDS/HOLIDAY,16,2659.4,2814.9
Clementi,EW23,WEEKENDS/HOLIDAY,17,3035.8,3097.6
Clementi,EW23,WEEKENDS/HOLIDAY,18,2888.7,3225.0
Clementi,EW23,WEEKENDS/HOLIDAY,19,2361.4,2825.8
Clementi,EW23,WEEKENDS/HOLIDAY,20,1859.3,2487.6
Clementi,EW23,WEEKENDS/HOLIDAY,21,1563.9,2242.2
Clementi,EW23,WEEKENDS/HOLIDAY,22,1058.3,1783.2
Clementi,EW23,WEEKENDS/HOLIDAY,23,366.0,887.7
Commonwealth,EW20,WEEKDAY,0,4.190476190476191,20.904761904761905
Commonwealth,EW20,WEEKDAY,5,116.04761904761905,42.523809523809526
Commonwealth,EW20,WEEKDAY,6,810.3809523809524,631.5238095238095
Commonwealth,EW20,WEEKDAY,7,1354.952380952381,1491.095238095238
Commonwealth,EW20,WEEKDAY,8,1570.4761904761904,2027.5238095238096
Commonwealth,EW20,WEEKDAY,9,947.4285714285714,1185.0
Commonwealth,EW20,WEEKDAY,10,583.6666666666666,549.3809523809524
Commonwealth,EW20,WEEKDAY,11,562.8571428571429,403.42857142857144
Commonwealth,EW20,WEEKDAY,12,611.0952380952381,456.1904761904762
Commonwealth,EW20,WEEKDAY,13,599.1904761904761,578.6666666666666
Commonwealth,EW20,WEEKDAY,14,577.3809523809524,515.3333333333334
Commonwealth,EW20,WEEKDAY,15,622.8095238095239,493.7142857142857
Commonwealth,EW20,WEEKDAY,16,774.0,590.1428571428571
Commonwealth,EW20,WEEKDAY,17,1541.2857142857142,989.5714285714286
Commonwealth,EW20,WEEKDAY,18,2059.6666666666665,1532.2380952380952
Commonwealth,EW20,WEEKDAY,19,933.9047619047619,1087.047619047619
Commonwealth,EW20,WEEKDAY,20,469.04761904761904,737.5714285714286
Commonwealth,EW20,WEEKDAY,21,350.5238095238095,665.5238095238095
Commonwealth,EW20,WEEKDAY,22,210.23809523809524,520.5714285714286
Commonwealth,EW20,WEEKDAY,23,86.57142857142857,261.0952380952381
Commonwealth,EW20,WEEKENDS/HOLIDAY,0,3.7,22.4
Commonwealth,EW20,WEEKENDS/HOLIDAY,5,35.1,10.1
Commonwealth,EW20,WEEKENDS/HOLIDAY,6,337.8,230.2
Commonwealth,EW20,WEEKENDS/HOLIDAY,7,431.2,382.9
Commonwealth,EW20,WEEKENDS/HOLIDAY,8,543.4,530.7
Commonwealth,EW20,WEEKENDS/HOLIDAY,9,674.6,573.3
Commonwealth,EW20,WEEKENDS/HOLIDAY,10,734.3,531.9
Commonwealth,EW20,WEEKENDS/HOLIDAY,11,758.3,530.0
Commonwealth,EW20,WEEKENDS/HOLIDAY,12,802.1,525.9
Commonwealth,EW20,WEEKENDS/HOLIDAY,13,705.4,591.2
Commonwealth,EW20,WEEKENDS/HOLIDAY,14,579.1,591.3
Commonwealth,EW20,WEEKENDS/HOLIDAY,15,572.8,542.5
Commonwealth,EW20,WEEKENDS/HOLIDAY,16,639.1,580.5
Commonwealth,EW20,WEEKENDS/HOLIDAY,17,672.8,648.1
Commonwealth,EW20,WEEKENDS/HOLIDAY,18,618.6,675.9
Commonwealth,EW20,WEEKENDS/HOLIDAY,19,502.1,668.0
Commonwealth,EW20,WEEKENDS/HOLIDAY,20,360.9,630.6
Commonwealth,EW20,WEEKENDS/HOLIDAY,21,306.2,621.4
Commonwealth,EW20,WEEKENDS/HOLIDAY,22,185.6,546.8
Commonwealth,EW20,WEEKENDS/HOLIDAY,23,91.5,278.4
Dakota,CC8,WEEKDAY,0,1.7619047619047619,13.333333333333334
Dakota,CC8,WEEKDAY,5,56.142857142857146,5.095238095238095
Dakota,CC8,WEEKDAY,6,354.2857142857143,440.76190476190476
Dakota,CC8,WEEKDAY,7,626.2857142857143,818.3809523809524
Dakota,CC8,WEEKDAY,8,786.4285714285714,308.5238095238095
Dakota,CC8,WEEKDAY,9,405.57142857142856,243.8095238095238
Dakota,CC8,WEEKDAY,10,256.14285714285717,185.71428571428572
Dakota,CC8,WEEKDAY,11,236.0952380952381,170.04761904761904
Dakota,CC8,WEEKDAY,12,372.6666666666667,230.9047619047619
Dakota,CC8,WEEKDAY,13,448.6666666666667,293.23809523809524
Dakota,CC8,WEEKDAY,14,641.4285714285714,301.9047619047619
Dakota,CC8,WEEKDAY,15,525.6190476190476,296.8095238095238
Dakota,CC8,WEEKDAY,16,389.1904761904762,324.6666666666667
Dakota,CC8,WEEKDAY,17,491.7142857142857,445.0952380952381
Dakota,CC8,WEEKDAY,18,606.2380952380952,749.2857142857143
Dakota,CC8,WEEKDAY,19,378.7142857142857,605.1428571428571
Dakota,CC8,WEEKDAY,20,234.0,376.1904761904762
Dakota,CC8,WEEKDAY,21,215.0952380952381,314.8095238095238
Dakota,CC8,WEEKDAY,22,126.38095238095238,232.76190476190476
Dakota,CC8,WEEKDAY,23,39.857142857142854,109.19047619047619
Dakota,CC8,WEEKENDS/HOLIDAY,0,3.2,12.3
Dakota,CC8,WEEKENDS/HOLIDAY,5,18.5,1.1
Dakota,CC8,WEEKENDS/HOLIDAY,6,92.1,57.2
Dakota,CC8,WEEKENDS/HOLIDAY,7,146.8,173.8
Dakota,CC8,WEEKENDS/HOLIDAY,8,225.9,171.5
Dakota,CC8,WEEKENDS/HOLIDAY,9,307.5,228.8
Dakota,CC8,WEEKENDS/HOLIDAY,10,326.7,238.5
Dakota,CC8,WEEKENDS/HOLIDAY,11,354.8,252.0
Dakota,CC8,WEEKENDS/HOLIDAY,12,388.2,279.7
Dakota,CC8,WEEKENDS/HOLIDAY,13,343.3,326.7
Dakota,CC8,WEEKENDS/HOLIDAY,14,313.9,310.2
Dakota,CC8,WEEKENDS/HOLIDAY,15,330.9,295.3
Dakota,CC8,WEEKENDS/HOLIDAY,16,324.7,318.1
Dakota,CC8,WEEKENDS/HOLIDAY,17,375.2,336.1
Dakota,CC8,WEEKENDS/HOLIDAY,18,367.5,381.6
Dakota,CC8,WEEKENDS/HOLIDAY,19,315.8,344.9
Dakota,CC8,WEEKENDS/HOLIDAY,20,233.9,312.8
Dakota,CC8,WEEKENDS/HOLIDAY,21,194.4,287.0
Dakota,CC8,WEEKENDS/HOLIDAY,22,133.5,226.1
Dakota,CC8,WEEKENDS/HOLIDAY,23,43.1,117.1
Dhoby Ghaut,NS24/NE6/CC1,WEEKDAY,0,18.238095238095237,13.761904761904763
Dhoby Ghaut,NS24/NE6/CC1,WEEKDAY,5,19.095238095238095,18.38095238095238
Dhoby Ghaut,NS24/NE6/CC1,WEEKDAY,6,186.71428571428572,454.42857142857144
Dhoby Ghaut,NS24/NE6/CC1,WEEKDAY,7,534.2857142857143,1633.6190476190477
Dhoby Ghaut,NS24/NE6/CC1,WEEKDAY,8,1357.6190476190477,2943.904761904762
Dhoby Ghaut,NS24/NE6/CC1,WEEKDAY,9,739.0952380952381,2362.809523809524
Dhoby Ghaut,NS24/NE6/CC1,WEEKDAY,10,677.9047619047619,1555.6190476190477
Dhoby Ghaut,NS24/NE6/CC1,WEEKDAY,11,1092.5714285714287,1808.7142857142858
Dhoby Ghaut,NS24/NE6/CC1,WEEKDAY,12,1640.0,2212.190476190476
Dhoby Ghaut,NS24/NE6/CC1,WEEKDAY,13,2096.6190476190477,1965.904761904762
Dhoby Ghaut,NS24/NE6/CC1,WEEKDAY,14,1690.1904761904761,1649.4285714285713
Dhoby Ghaut,NS24/NE6/CC1,WEEKDAY,15,1885.4761904761904,1641.3333333333333
Dhoby Ghaut,NS24/NE6/CC1,WEEKDAY,16,2227.4761904761904,1612.3333333333333
Dhoby Ghaut,NS24/NE6/CC1,WEEKDAY,17,3200.5714285714284,2154.809523809524
Dhoby Ghaut,NS24/NE6/CC1,WEEKDAY,18,4423.333333333333,3773.6190476190477
Dhoby Ghaut,NS24/NE6/CC1,WEEKDAY,19,3148.6666666666665,2261.8571428571427
Dhoby Ghaut,NS24/NE6/CC1,WEEKDAY,20,2825.6190476190477,1143.5714285714287
Dhoby Ghaut,NS24/NE6/CC1,WEEKDAY,21,3015.5714285714284,751.1428571428571
Dhoby Ghaut,NS24/NE6/CC1,WEEKDAY,22,1791.5714285714287,460.1904761904762
Dhoby Ghaut,NS24/NE6/CC1,WEEKDAY,23,555.8571428571429,203.8095238095238
Dhoby Ghaut,NS24/NE6/CC1,WEEKENDS/HOLIDAY,0,17.8,13.6
Dhoby Ghaut,NS24/NE6/CC1,WEEKENDS/HOLIDAY,5,19.5,6.0
Dhoby Ghaut,NS24/NE6/CC1,WEEKENDS/HOLIDAY,6,115.9,262.8
Dhoby Ghaut,NS24/NE6/CC1,WEEKENDS/HOLIDAY,7,211.0,585.3
Dhoby Ghaut,NS24/NE6/CC1,WEEKENDS/HOLIDAY,8,357.5,1033.0
Dhoby Ghaut,NS24/NE6/CC1,WEEKENDS/HOLIDAY,9,549.3,1615.8
Dhoby Ghaut,NS24/NE6/CC1,WEEKENDS/HOLIDAY,10,845.6,1904.3
Dhoby Ghaut,NS24/NE6/CC1,WEEKENDS/HOLIDAY,11,1240.5,2342.1
Dhoby Ghaut,NS24/NE6/CC1,WEEKENDS/HOLIDAY,12,1692.2,2554.2
Dhoby Ghaut,NS24/NE6/CC1,WEEKENDS/HOLIDAY,13,2156.1,2777.8
Dhoby Ghaut,NS24/NE6/CC1,WEEKENDS/HOLIDAY,14,2464.4,2665.8
Dhoby Ghaut,NS24/NE6/CC1,WEEKENDS/HOLIDAY,15,2786.4,2628.0
Dhoby Ghaut,NS24/NE6/CC1,WEEKENDS/HOLIDAY,16,2998.1,2583.0
Dhoby Ghaut,NS24/NE6/CC1,WEEKENDS/HOLIDAY,17,3162.5,2425.0
Dhoby Ghaut,NS24/NE6/CC1,WEEKENDS/HOLIDAY,18,3068.0,2245.4
Dhoby Ghaut,NS24/NE6/CC1,WEEKENDS/HOLIDAY,19,2705.0,1732.4
Dhoby Ghaut,NS24/NE6/CC1,WEEKENDS/HOLIDAY,20,2535.7,1193.0
Dhoby Ghaut,NS24/NE6/CC1,WEEKENDS/HOLIDAY,21,2649.2,798.5
Dhoby Ghaut,NS24/NE6/CC1,WEEKENDS/HOLIDAY,22,1646.9,539.6
Dhoby Ghaut,NS24/NE6/CC1,WEEKENDS/HOLIDAY,23,531.0,247.9
Dover,EW22,WEEKDAY,0,2.5714285714285716,12.142857142857142
Dover,EW22,WEEKDAY,5,19.80952380952381,37.42857142857143
Dover,EW22,WEEKDAY,6,294.3809523809524,423.42857142857144
Dover,EW22,WEEKDAY,7,696.6190476190476,1429.3809523809523
Dover,EW22,WEEKDAY,8,816.4761904761905,2730.4761904761904
Dover,EW22,WEEKDAY,9,396.0952380952381,1947.3333333333333
Dover,EW22,WEEKDAY,10,334.3809523809524,916.7619047619048
Dover,EW22,WEEKDAY,11,649.047619047619,724.0
Dover,EW22,WEEKDAY,12,907.2380952380952,876.4761904761905
Dover,EW22,WEEKDAY,13,746.5714285714286,944.7142857142857
Dover,EW22,WEEKDAY,14,879.4761904761905,644.2857142857143
Dover,EW22,WEEKDAY,15,1417.095238095238,483.0
Dover,EW22,WEEKDAY,16,1718.7142857142858,441.6666666666667
Dover,EW22,WEEKDAY,17,2173.3809523809523,770.6666666666666
Dover,EW22,WEEKDAY,18,1695.4761904761904,1313.952380952381
Dover,EW22,WEEKDAY,19,612.0,619.3333333333334
Dover,EW22,WEEKDAY,20,600.8095238095239,382.5238095238095
Dover,EW22,WEEKDAY,21,672.952380952381,342.2857142857143
Dover,EW22,WEEKDAY,22,289.2857142857143,268.95238095238096
Dover,EW22,WEEKDAY,23,38.476190476190474,113.85714285714286
Dover,EW22,WEEKENDS/HOLIDAY,0,2.3,12.4
Dover,EW22,WEEKENDS/HOLIDAY,5,9.8,5.8
Dover,EW22,WEEKENDS/HOLIDAY,6,96.5,92.0
Dover,EW22,WEEKENDS/HOLIDAY,7,163.6,273.0
Dover,EW22,WEEKENDS/HOLIDAY,8,258.2,350.2
Dover,EW22,WEEKENDS/HOLIDAY,9,272.1,309.5
Dover,EW22,WEEKENDS/HOLIDAY,10,300.1,272.7
Dover,EW22,WEEKENDS/HOLIDAY,11,340.1,253.5
Dover,EW22,WEEKENDS/HOLIDAY,12,425.8,321.1
Dover,EW22,WEEKENDS/HOLIDAY,13,375.6,397.2
Dover,EW22,WEEKENDS/HOLIDAY,14,334.4,376.4
Dover,EW22,WEEKENDS/HOLIDAY,15,349.5,329.5
Dover,EW22,WEEKENDS/HOLIDAY,16,386.8,345.8
Dover,EW22,WEEKENDS/HOLIDAY,17,501.8,327.2
Dover,EW22,WEEKENDS/HOLIDAY,18,467.0,326.7
Dover,EW22,WEEKENDS/HOLIDAY,19,222.2,316.1
Dover,EW22,WEEKENDS/HOLIDAY,20,140.9,316.7
Dover,EW22,WEEKENDS/HOLIDAY,21,106.7,328.3
Dover,EW22,WEEKENDS/HOLIDAY,22,84.6,275.7
Dover,EW22,WEEKENDS/HOLIDAY,23,27.9,129.7
Downtown,DT17,WEEKDAY,0,9.333333333333334,4.9523809523809526
Downtown,DT17,WEEKDAY,5,3.2857142857142856,0.19047619047619047
Downtown,DT17,WEEKDAY,6,40.0,642.6666666666666
Downtown,DT17,WEEKDAY,7,122.0952380952381,1887.2857142857142
Downtown,DT17,WEEKDAY,8,265.14285714285717,7004.285714285715
Downtown,DT17,WEEKDAY,9,191.9047619047619,6430.380952380952
Downtown,DT17,WEEKDAY,10,234.33333333333334,1573.904761904762
Downtown,DT17,WEEKDAY,11,1398.5238095238096,749.2380952380952
Downtown,DT17,WEEKDAY,12,1758.4285714285713,865.4761904761905
Downtown,DT17,WEEKDAY,13,589.5714285714286,2152.4761904761904
Downtown,DT17,WEEKDAY,14,514.047619047619,823.047619047619
Downtown,DT17,WEEKDAY,15,671.952380952381,341.7142857142857
Downtown,DT17,WEEKDAY,16,1241.857142857143,335.14285714285717
Downtown,DT17,WEEKDAY,17,3652.285714285714,407.9047619047619
Downtown,DT17,WEEKDAY,18,7005.380952380952,564.7619047619048
Downtown,DT17,WEEKDAY,19,3236.1428571428573,324.3809523809524
Downtown,DT17,WEEKDAY,20,1391.904761904762,234.95238095238096
Downtown,DT17,WEEKDAY,21,803.5714285714286,183.28571428571428
Downtown,DT17,WEEKDAY,22,456.57142857142856,102.52380952380952
Downtown,DT17,WEEKDAY,23,198.47619047619048,37.42857142857143
Downtown,DT17,WEEKENDS/HOLIDAY,0,6.3,5.3
Downtown,DT17,WEEKENDS/HOLIDAY,5,2.0,0.2
Downtown,DT17,WEEKENDS/HOLIDAY,6,32.1,111.3
Downtown,DT17,WEEKENDS/HOLIDAY,7,65.6,225.9
Downtown,DT17,WEEKENDS/HOLIDAY,8,91.0,285.8
Downtown,DT17,WEEKENDS/HOLIDAY,9,100.2,289.1
Downtown,DT17,WEEKENDS/HOLIDAY,10,144.8,256.3
Downtown,DT17,WEEKENDS/HOLIDAY,11,219.6,254.1
Downtown,DT17,WEEKENDS/HOLIDAY,12,247.5,281.8
Downtown,DT17,WEEKENDS/HOLIDAY,13,236.5,299.4
Downtown,DT17,WEEKENDS/HOLIDAY,14,267.1,285.6
Downtown,DT17,WEEKENDS/HOLIDAY,15,281.2,258.9
Downtown,DT17,WEEKENDS/HOLIDAY,16,323.6,261.5
Downtown,DT17,WEEKENDS/HOLIDAY,17,333.1,293.3
Downtown,DT17,WEEKENDS/HOLIDAY,18,332.4,319.8
Downtown,DT17,WEEKENDS/HOLIDAY,19,337.5,257.4
Downtown,DT17,WEEKENDS/HOLIDAY,20,279.7,253.3
Downtown,DT17,WEEKENDS/HOLIDAY,21,326.6,201.3
Downtown,DT17,WEEKENDS/HOLIDAY,22,247.5,98.9
Downtown,DT17,WEEKENDS/HOLIDAY,23,125.0,38.2
Esplanade,CC3,WEEKDAY,0,1.1904761904761905,0.9047619047619048
Esplanade,CC3,WEEKDAY,5,2.9047619047619047,0.19047619047619047
Esplanade,CC3,WEEKDAY,6,10.095238095238095,144.0952380952381
Esplanade,CC3,WEEKDAY,7,29.666666666666668,331.1904761904762
Esplanade,CC3,WEEKDAY,8,77.47619047619048,910.0
Esplanade,CC3,WEEKDAY,9,72.19047619047619,990.1428571428571
Esplanade,CC3,WEEKDAY,10,79.76190476190476,577.8571428571429
Esplanade,CC3,WEEKDAY,11,200.57142857142858,461.6666666666667
Esplanade,CC3,WEEKDAY,12,252.71428571428572,372.7142857142857
Esplanade,CC3,WEEKDAY,13,311.7142857142857,337.0
Esplanade,CC3,WEEKDAY,14,316.8095238095238,295.6666666666667
Esplanade,CC3,WEEKDAY,15,359.7142857142857,273.6190476190476
Esplanade,CC3,WEEKDAY,16,408.0,240.28571428571428
Esplanade,CC3,WEEKDAY,17,731.7142857142857,307.85714285714283
Esplanade,CC3,WEEKDAY,18,1174.7619047619048,511.8095238095238
Esplanade,CC3,WEEKDAY,19,722.4761904761905,337.14285714285717
Esplanade,CC3,WEEKDAY,20,570.5238095238095,126.57142857142857
Esplanade,CC3,WEEKDAY,21,657.047619047619,92.38095238095238
Esplanade,CC3,WEEKDAY,22,540.4761904761905,66.71428571428571
Esplanade,CC3,WEEKDAY,23,144.76190476190476,22.047619047619047
Esplanade,CC3,WEEKENDS/HOLIDAY,0,0.9,1.7
Esplanade,CC3,WEEKENDS/HOLIDAY,5,1.2,0.3
Esplanade,CC3,WEEKENDS/HOLIDAY,6,11.5,82.8
Esplanade,CC3,WEEKENDS/HOLIDAY,7,19.5,203.2
Esplanade,CC3,WEEKENDS/HOLIDAY,8,41.5,235.8
Esplanade,CC3,WEEKENDS/HOLIDAY,9,100.3,474.3
Esplanade,CC3,WEEKENDS/HOLIDAY,10,124.7,664.3
Esplanade,CC3,WEEKENDS/HOLIDAY,11,203.0,599.6
Esplanade,CC3,WEEKENDS/HOLIDAY,12,358.8,532.5
Esplanade,CC3,WEEKENDS/HOLIDAY,13,467.7,564.3
Esplanade,CC3,WEEKENDS/HOLIDAY,14,507.7,489.8
Esplanade,CC3,WEEKENDS/HOLIDAY,15,597.5,483.7
Esplanade,CC3,WEEKENDS/HOLIDAY,16,590.5,466.2
Esplanade,CC3,WEEKENDS/HOLIDAY,17,649.8,492.6
Esplanade,CC3,WEEKENDS/HOLIDAY,18,605.4,484.4
Esplanade,CC3,WEEKENDS/HOLIDAY,19,625.9,353.3
Esplanade,CC3,WEEKENDS/HOLIDAY,20,615.0,180.5
Esplanade,CC3,WEEKENDS/HOLIDAY,21,754.9,125.4
Esplanade,CC3,WEEKENDS/HOLIDAY,22,577.2,102.7
Esplanade,CC3,WEEKENDS/HOLIDAY,23,170.1,22.9
Eunos,EW7,WEEKDAY,0,6.0476190476190474,48.80952380952381
Eunos,EW7,WEEKDAY,5,183.33333333333334,35.476190476190474
Eunos,EW7,WEEKDAY,6,996.0,395.9047619047619
Eunos,EW7,WEEKDAY,7,1723.5714285714287,866.952380952381
Eunos,EW7,WEEKDAY,8,2270.4285714285716,1169.952380952381
Eunos,EW7,WEEKDAY,9,1260.4761904761904,680.7142857142857
Eunos,EW7,WEEKDAY,10,726.8571428571429,430.6666666666667
Eunos,EW7,WEEKDAY,11,665.7619047619048,448.6666666666667
Eunos,EW7,WEEKDAY,12,701.5714285714286,586.6190476190476
Eunos,EW7,WEEKDAY,13,631.4761904761905,668.8571428571429
Eunos,EW7,WEEKDAY,14,567.2857142857143,688.4761904761905
Eunos,EW7,WEEKDAY,15,497.9047619047619,697.5714285714286
Eunos,EW7,WEEKDAY,16,652.4761904761905,815.047619047619
Eunos,EW7,WEEKDAY,17,991.5714285714286,1326.5238095238096
Eunos,EW7,WEEKDAY,18,1257.095238095238,2331.5238095238096
Eunos,EW7,WEEKDAY,19,648.1428571428571,1776.4285714285713
Eunos,EW7,WEEKDAY,20,357.23809523809524,1237.7619047619048
Eunos,EW7,WEEKDAY,21,310.95238095238096,1068.7619047619048
Eunos,EW7,WEEKDAY,22,212.8095238095238,836.1904761904761
Eunos,EW7,WEEKDAY,23,72.52380952380952,370.57142857142856
Eunos,EW7,WEEKENDS/HOLIDAY,0,6.3,63.0
Eunos,EW7,WEEKENDS/HOLIDAY,5,78.4,14.3
Eunos,EW7,WEEKENDS/HOLIDAY,6,384.2,181.1
Eunos,EW7,WEEKENDS/HOLIDAY,7,574.7,375.2
Eunos,EW7,WEEKENDS/HOLIDAY,8,770.5,555.0
Eunos,EW7,WEEKENDS/HOLIDAY,9,927.8,618.1
Eunos,EW7,WEEKENDS/HOLIDAY,10,926.1,595.4
Eunos,EW7,WEEKENDS/HOLIDAY,11,904.7,620.5
Eunos,EW7,WEEKENDS/HOLIDAY,12,944.2,687.7
Eunos,EW7,WEEKENDS/HOLIDAY,13,866.5,790.8
Eunos,EW7,WEEKENDS/HOLIDAY,14,732.6,755.3
Eunos,EW7,WEEKENDS/HOLIDAY,15,675.9,799.5
Eunos,EW7,WEEKENDS/HOLIDAY,16,725.2,842.1
Eunos,EW7,WEEKENDS/HOLIDAY,17,839.5,936.2
Eunos,EW7,WEEKENDS/HOLIDAY,18,804.3,994.9
Eunos,EW7,WEEKENDS/HOLIDAY,19,591.3,1001.8
Eunos,EW7,WEEKENDS/HOLIDAY,20,414.1,966.2
Eunos,EW7,WEEKENDS/HOLIDAY,21,296.3,936.6
Eunos,EW7,WEEKENDS/HOLIDAY,22,217.2,777.9
Eunos,EW7,WEEKENDS/HOLIDAY,23,87.4,392.2
Expo,CG1/DT35,WEEKDAY,0,1.0,16.761904761904763
Expo,CG1/DT35,WEEKDAY,5,32.57142857142857,19.19047619047619
Expo,CG1/DT35,WEEKDAY,6,113.0952380952381,539.4761904761905
Expo,CG1/DT35,WEEKDAY,7,148.71428571428572,1602.4285714285713
Expo,CG1/DT35,WEEKDAY,8,168.42857142857142,4048.4285714285716
Expo,CG1/DT35,WEEKDAY,9,139.9047619047619,3182.9523809523807
Expo,CG1/DT35,WEEKDAY,10,181.14285714285714,1301.4285714285713
Expo,CG1/DT35,WEEKDAY,11,389.5238095238095,704.2380952380952
Expo,CG1/DT35,WEEKDAY,12,641.4761904761905,646.0952380952381
Expo,CG1/DT35,WEEKDAY,13,541.1428571428571,731.047619047619
Expo,CG1/DT35,WEEKDAY,14,528.952380952381,556.3333333333334
Expo,CG1/DT35,WEEKDAY,15,713.6666666666666,404.8095238095238
Expo,CG1/DT35,WEEKDAY,16,1103.4285714285713,377.76190476190476
Expo,CG1/DT35,WEEKDAY,17,2663.4761904761904,498.3809523809524
Expo,CG1/DT35,WEEKDAY,18,4214.714285714285,674.9047619047619
Expo,CG1/DT35,WEEKDAY,19,1976.7142857142858,507.0
Expo,CG1/DT35,WEEKDAY,20,1172.5238095238096,231.28571428571428
Expo,CG1/DT35,WEEKDAY,21,835.0,182.95238095238096
Expo,CG1/DT35,WEEKDAY,22,460.2857142857143,98.85714285714286
Expo,CG1/DT35,WEEKDAY,23,176.76190476190476,60.142857142857146
Expo,CG1/DT35,WEEKENDS/HOLIDAY,0,2.0,28.9
Expo,CG1/DT35,WEEKENDS/HOLIDAY,5,25.8,5.1
Expo,CG1/DT35,WEEKENDS/HOLIDAY,6,85.5,173.0
Expo,CG1/DT35,WEEKENDS/HOLIDAY,7,131.5,366.7
Expo,CG1/DT35,WEEKENDS/HOLIDAY,8,127.5,499.1
Expo,CG1/DT35,WEEKENDS/HOLIDAY,9,121.4,572.9
Expo,CG1/DT35,WEEKENDS/HOLIDAY,10,196.4,809.6
Expo,CG1/DT35,WEEKENDS/HOLIDAY,11,326.0,910.5
Expo,CG1/DT35,WEEKENDS/HOLIDAY,12,522.1,912.5
Expo,CG1/DT35,WEEKENDS/HOLIDAY,13,735.7,896.2
Expo,CG1/DT35,WEEKENDS/HOLIDAY,14,870.3,912.0
Expo,CG1/DT35,WEEKENDS/HOLIDAY,15,969.3,867.5
Expo,CG1/DT35,WEEKENDS/HOLIDAY,16,1029.7,842.2
Expo,CG1/DT35,WEEKENDS/HOLIDAY,17,1087.1,829.3
Expo,CG1/DT35,WEEKENDS/HOLIDAY,18,1045.3,793.7
Expo,CG1/DT35,WEEKENDS/HOLIDAY,19,943.1,635.4
Expo,CG1/DT35,WEEKENDS/HOLIDAY,20,923.5,382.8
Expo,CG1/DT35,WEEKENDS/HOLIDAY,21,836.9,222.6
Expo,CG1/DT35,WEEKENDS/HOLIDAY,22,454.1,144.4
Expo,CG1/DT35,WEEKENDS/HOLIDAY,23,104.6,88.1
Farrer Park,NE8,WEEKDAY,0,14.238095238095237,21.428571428571427
Farrer Park,NE8,WEEKDAY,5,63.666666666666664,5.0476190476190474
Farrer Park,NE8,WEEKDAY,6,1101.857142857143,545.2380952380952
Farrer Park,NE8,WEEKDAY,7,1920.5714285714287,1391.2857142857142
Farrer Park,NE8,WEEKDAY,8,1965.5238095238096,2094.714285714286
Farrer Park,NE8,WEEKDAY,9,1210.6190476190477,1461.2380952380952
Farrer Park,NE8,WEEKDAY,10,879.3809523809524,1183.5714285714287
Farrer Park,NE8,WEEKDAY,11,998.8571428571429,1239.904761904762
Farrer Park,NE8,WEEKDAY,12,1148.904761904762,1597.7142857142858
Farrer Park,NE8,WEEKDAY,13,1617.952380952381,1399.047619047619
Farrer Park,NE8,WEEKDAY,14,1249.095238095238,1331.142857142857
Farrer Park,NE8,WEEKDAY,15,1341.952380952381,1387.1904761904761
Farrer Park,NE8,WEEKDAY,16,1363.857142857143,1517.857142857143
Farrer Park,NE8,WEEKDAY,17,2054.6666666666665,2258.4761904761904
Farrer Park,NE8,WEEKDAY,18,2229.6190476190477,3712.7619047619046
Farrer Park,NE8,WEEKDAY,19,1806.7142857142858,3192.190476190476
Farrer Park,NE8,WEEKDAY,20,1800.142857142857,2022.0
Farrer Park,NE8,WEEKDAY,21,1923.4285714285713,1415.904761904762
Farrer Park,NE8,WEEKDAY,22,1275.4761904761904,1004.7142857142857
Farrer Park,NE8,WEEKDAY,23,476.14285714285717,416.4761904761905
Farrer Park,NE8,WEEKENDS/HOLIDAY,0,21.0,30.4
Farrer Park,NE8,WEEKENDS/HOLIDAY,5,39.8,3.2
Farrer Park,NE8,WEEKENDS/HOLIDAY,6,569.7,365.7
Farrer Park,NE8,WEEKENDS/HOLIDAY,7,1006.9,679.5
Farrer Park,NE8,WEEKENDS/HOLIDAY,8,945.5,1128.6
Farrer Park,NE8,WEEKENDS/HOLIDAY,9,914.9,1554.9
Farrer Park,NE8,WEEKENDS/HOLIDAY,10,1138.0,2030.9
Farrer Park,NE8,WEEKENDS/HOLIDAY,11,1364.0,2288.7
Farrer Park,NE8,WEEKENDS/HOLIDAY,12,1794.9,2380.9
Farrer Park,NE8,WEEKENDS/HOLIDAY,13,2020.4,2428.7
Farrer Park,NE8,WEEKENDS/HOLIDAY,14,2167.8,2272.3
Farrer Park,NE8,WEEKENDS/HOLIDAY,15,2277.2,2356.1
Farrer Park,NE8,WEEKENDS/HOLIDAY,16,2314.4,2557.9
Farrer Park,NE8,WEEKENDS/HOLIDAY,17,2434.0,3339.3
Farrer Park,NE8,WEEKENDS/HOLIDAY,18,2678.2,3576.9
Farrer Park,NE8,WEEKENDS/HOLIDAY,19,2914.1,3139.4
Farrer Park,NE8,WEEKENDS/HOLIDAY,20,3008.4,2157.8
Farrer Park,NE8,WEEKENDS/HOLIDAY,21,2873.4,1461.3
Farrer Park,NE8,WEEKENDS/HOLIDAY,22,1932.8,1078.1
Farrer Park,NE8,WEEKENDS/HOLIDAY,23,691.4,523.9
Farrer Road,CC20,WEEKDAY,0,0.7619047619047619,7.333333333333333
Farrer Road,CC20,WEEKDAY,5,26.142857142857142,12.952380952380953
Farrer Road,CC20,WEEKDAY,6,270.14285714285717,288.76190476190476
Farrer Road,CC20,WEEKDAY,7,674.0,646.8571428571429
Farrer Road,CC20,WEEKDAY,8,724.5714285714286,373.8095238095238
Farrer Road,CC20,WEEKDAY,9,421.3333333333333,245.0952380952381
Farrer Road,CC20,WEEKDAY,10,219.38095238095238,151.47619047619048
Farrer Road,CC20,WEEKDAY,11,218.28571428571428,152.9047619047619
Farrer Road,CC20,WEEKDAY,12,251.76190476190476,206.0
Farrer Road,CC20,WEEKDAY,13,383.04761904761904,254.85714285714286
Farrer Road,CC20,WEEKDAY,14,423.1904761904762,264.5238095238095
Farrer Road,CC20,WEEKDAY,15,294.42857142857144,316.3809523809524
Farrer Road,CC20,WEEKDAY,16,346.0952380952381,398.3809523809524
Farrer Road,CC20,WEEKDAY,17,471.23809523809524,517.9047619047619
Farrer Road,CC20,WEEKDAY,18,515.4761904761905,719.4285714285714
Farrer Road,CC20,WEEKDAY,19,283.3809523809524,553.6190476190476
Farrer Road,CC20,WEEKDAY,20,153.9047619047619,306.5238095238095
Farrer Road,CC20,WEEKDAY,21,129.8095238095238,246.33333333333334
Farrer Road,CC20,WEEKDAY,22,68.61904761904762,161.9047619047619
Farrer Road,CC20,WEEKDAY,23,17.333333333333332,61.57142857142857
Farrer Road,CC20,WEEKENDS/HOLIDAY,0,0.9,7.2
Farrer Road,CC20,WEEKENDS/HOLIDAY,5,10.4,5.2
Farrer Road,CC20,WEEKENDS/HOLIDAY,6,61.0,52.8
Farrer Road,CC20,WEEKENDS/HOLIDAY,7,117.4,150.0
Farrer Road,CC20,WEEKENDS/HOLIDAY,8,215.6,191.7
Farrer Road,CC20,WEEKENDS/HOLIDAY,9,320.4,207.3
Farrer Road,CC20,WEEKENDS/HOLIDAY,10,340.7,252.8
Farrer Road,CC20,WEEKENDS/HOLIDAY,11,330.1,241.0
Farrer Road,CC20,WEEKENDS/HOLIDAY,12,370.2,231.9
Farrer Road,CC20,WEEKENDS/HOLIDAY,13,329.2,257.8
Farrer Road,CC20,WEEKENDS/HOLIDAY,14,253.2,268.1
Farrer Road,CC20,WEEKENDS/HOLIDAY,15,248.0,257.6
Farrer Road,CC20,WEEKENDS/HOLIDAY,16,252.9,285.0
Farrer Road,CC20,WEEKENDS/HOLIDAY,17,304.2,325.1
Farrer Road,CC20,WEEKENDS/HOLIDAY,18,290.1,309.1
Farrer Road,CC20,WEEKENDS/HOLIDAY,19,263.8,293.2
Farrer Road,CC20,WEEKENDS/HOLIDAY,20,134.7,246.4
Farrer Road,CC20,WEEKENDS/HOLIDAY,21,94.9,220.2
Farrer Road,CC20,WEEKENDS/HOLIDAY,22,54.0,149.1
Farrer Road,CC20,WEEKENDS/HOLIDAY,23,14.2,61.5
Fort Canning,DT20,WEEKDAY,0,9.476190476190476,10.333333333333334
Fort Canning,DT20,WEEKDAY,5,2.3333333333333335,0.047619047619047616
Fort Canning,DT20,WEEKDAY,6,73.61904761904762,206.57142857142858
Fort Canning,DT20,WEEKDAY,7,281.76190476190476,653.4761904761905
Fort Canning,DT20,WEEKDAY,8,608.3333333333334,906.952380952381
Fort Canning,DT20,WEEKDAY,9,432.0,596.9047619047619
Fort Canning,DT20,WEEKDAY,10,241.52380952380952,320.04761904761904
Fort Canning,DT20,WEEKDAY,11,338.6666666666667,254.0
Fort Canning,DT20,WEEKDAY,12,397.5238095238095,290.95238095238096
Fort Canning,DT20,WEEKDAY,13,226.95238095238096,391.85714285714283
Fort Canning,DT20,WEEKDAY,14,201.1904761904762,289.76190476190476
Fort Canning,DT20,WEEKDAY,15,216.38095238095238,270.2857142857143
Fort Canning,DT20,WEEKDAY,16,293.0,325.14285714285717
Fort Canning,DT20,WEEKDAY,17,663.4761904761905,461.6190476190476
Fort Canning,DT20,WEEKDAY,18,899.047619047619,780.6666666666666
Fort Canning,DT20,WEEKDAY,19,564.8571428571429,533.7619047619048
Fort Canning,DT20,WEEKDAY,20,454.57142857142856,316.57142857142856
Fort Canning,DT20,WEEKDAY,21,340.6190476190476,267.3809523809524
Fort Canning,DT20,WEEKDAY,22,309.14285714285717,184.9047619047619
Fort Canning,DT20,WEEKDAY,23,159.47619047619048,78.95238095238095
Fort Canning,DT20,WEEKENDS/HOLIDAY,0,10.7,13.3
Fort Canning,DT20,WEEKENDS/HOLIDAY,5,1.5,0.0
Fort Canning,DT20,WEEKENDS/HOLIDAY,6,40.4,126.7
Fort Canning,DT20,WEEKENDS/HOLIDAY,7,70.8,424.3
Fort Canning,DT20,WEEKENDS/HOLIDAY,8,128.2,305.5
Fort Canning,DT20,WEEKENDS/HOLIDAY,9,207.3,355.8
Fort Canning,DT20,WEEKENDS/HOLIDAY,10,289.7,418.3
Fort Canning,DT20,WEEKENDS/HOLIDAY,11,373.9,383.5
Fort Canning,DT20,WEEKENDS/HOLIDAY,12,347.1,338.7
Fort Canning,DT20,WEEKENDS/HOLIDAY,13,281.1,312.9
Fort Canning,DT20,WEEKENDS/HOLIDAY,14,309.4,341.8
Fort Canning,DT20,WEEKENDS/HOLIDAY,15,308.0,328.4
Fort Canning,DT20,WEEKENDS/HOLIDAY,16,347.9,360.1
Fort Canning,DT20,WEEKENDS/HOLIDAY,17,385.2,369.2
Fort Canning,DT20,WEEKENDS/HOLIDAY,18,437.5,423.4
Fort Canning,DT20,WEEKENDS/HOLIDAY,19,436.0,347.5
Fort Canning,DT20,WEEKENDS/HOLIDAY,20,387.4,298.2
Fort Canning,DT20,WEEKENDS/HOLIDAY,21,345.0,288.7
Fort Canning,DT20,WEEKENDS/HOLIDAY,22,307.5,214.7
Fort Canning,DT20,WEEKENDS/HOLIDAY,23,183.6,107.0
Gardens by the Bay,TE22,WEEKDAY,0,3.0476190476190474,3.0
Gardens by the Bay,TE22,WEEKDAY,5,0.8095238095238095,0.047619047619047616
Gardens by the Bay,TE22,WEEKDAY,6,4.523809523809524,31.523809523809526
Gardens by the Bay,TE22,WEEKDAY,7,12.095238095238095,99.80952380952381
Gardens by the Bay,TE22,WEEKDAY,8,22.0,131.57142857142858
Gardens by the Bay,TE22,WEEKDAY,9,24.38095238095238,151.38095238095238
Gardens by the Bay,TE22,WEEKDAY,10,40.19047619047619,211.9047619047619
Gardens by the Bay,TE22,WEEKDAY,11,70.76190476190476,220.0952380952381
Gardens by the Bay,TE22,WEEKDAY,12,98.9047619047619,185.14285714285714
Gardens by the Bay,TE22,WEEKDAY,13,98.19047619047619,204.9047619047619
Gardens by the Bay,TE22,WEEKDAY,14,117.0,233.76190476190476
Gardens by the Bay,TE22,WEEKDAY,15,137.85714285714286,227.14285714285714
Gardens by the Bay,TE22,WEEKDAY,16,143.8095238095238,296.57142857142856
Gardens by the Bay,TE22,WEEKDAY,17,194.0,360.04761904761904
Gardens by the Bay,TE22,WEEKDAY,18,234.0,453.7142857142857
Gardens by the Bay,TE22,WEEKDAY,19,210.71428571428572,465.6190476190476
Gardens by the Bay,TE22,WEEKDAY,20,519.5714285714286,238.61904761904762
Gardens by the Bay,TE22,WEEKDAY,21,447.6666666666667,66.14285714285714
Gardens by the Bay,TE22,WEEKDAY,22,206.0952380952381,30.428571428571427
Gardens by the Bay,TE22,WEEKDAY,23,58.42857142857143,9.142857142857142
Gardens by the Bay,TE22,WEEKENDS/HOLIDAY,0,3.2,3.6
Gardens by the Bay,TE22,WEEKENDS/HOLIDAY,5,9.0,0.0
Gardens by the Bay,TE22,WEEKENDS/HOLIDAY,6,21.7,60.5
Gardens by the Bay,TE22,WEEKENDS/HOLIDAY,7,30.9,143.8
Gardens by the Bay,TE22,WEEKENDS/HOLIDAY,8,71.0,161.5
Gardens by the Bay,TE22,WEEKENDS/HOLIDAY,9,108.1,247.5
Gardens by the Bay,TE22,WEEKENDS/HOLIDAY,10,115.5,385.6
Gardens by the Bay,TE22,WEEKENDS/HOLIDAY,11,152.0,440.6
Gardens by the Bay,TE22,WEEKENDS/HOLIDAY,12,161.2,419.2
Gardens by the Bay,TE22,WEEKENDS/HOLIDAY,13,185.5,437.1
Gardens by the Bay,TE22,WEEKENDS/HOLIDAY,14,217.9,476.4
Gardens by the Bay,TE22,WEEKENDS/HOLIDAY,15,267.7,554.2
Gardens by the Bay,TE22,WEEKENDS/HOLIDAY,16,355.6,697.9
Gardens by the Bay,TE22,WEEKENDS/HOLIDAY,17,430.0,858.3
Gardens by the Bay,TE22,WEEKENDS/HOLIDAY,18,460.2,822.5
Gardens by the Bay,TE22,WEEKENDS/HOLIDAY,19,586.3,649.8
Gardens by the Bay,TE22,WEEKENDS/HOLIDAY,20,917.7,351.6
Gardens by the Bay,TE22,WEEKENDS/HOLIDAY,21,728.5,93.8
Gardens by the Bay,TE22,WEEKENDS/HOLIDAY,22,353.5,40.1
Gardens by the Bay,TE22,WEEKENDS/HOLIDAY,23,109.4,14.0
Geylang Bahru,DT24,WEEKDAY,0,2.0476190476190474,18.333333333333332
Geylang Bahru,DT24,WEEKDAY,5,80.0,0.09523809523809523
Geylang Bahru,DT24,WEEKDAY,6,409.85714285714283,148.61904761904762
Geylang Bahru,DT24,WEEKDAY,7,775.8095238095239,389.6666666666667
Geylang Bahru,DT24,WEEKDAY,8,899.952380952381,621.4761904761905
Geylang Bahru,DT24,WEEKDAY,9,487.6190476190476,329.9047619047619
Geylang Bahru,DT24,WEEKDAY,10,283.5238095238095,141.1904761904762
Geylang Bahru,DT24,WEEKDAY,11,233.66666666666666,137.23809523809524
Geylang Bahru,DT24,WEEKDAY,12,226.0,180.28571428571428
Geylang Bahru,DT24,WEEKDAY,13,226.33333333333334,193.61904761904762
Geylang Bahru,DT24,WEEKDAY,14,184.71428571428572,198.9047619047619
Geylang Bahru,DT24,WEEKDAY,15,186.95238095238096,207.9047619047619
Geylang Bahru,DT24,WEEKDAY,16,236.33333333333334,241.14285714285714
Geylang Bahru,DT24,WEEKDAY,17,587.7619047619048,460.76190476190476
Geylang Bahru,DT24,WEEKDAY,18,616.4285714285714,798.2380952380952
Geylang Bahru,DT24,WEEKDAY,19,316.04761904761904,522.6190476190476
Geylang Bahru,DT24,WEEKDAY,20,166.1904761904762,351.8095238095238
Geylang Bahru,DT24,WEEKDAY,21,118.38095238095238,344.57142857142856
Geylang Bahru,DT24,WEEKDAY,22,86.04761904761905,322.5238095238095
Geylang Bahru,DT24,WEEKDAY,23,36.76190476190476,184.0
Geylang Bahru,DT24,WEEKENDS/HOLIDAY,0,2.7,27.9
Geylang Bahru,DT24,WEEKENDS/HOLIDAY,5,20.8,0.1
Geylang Bahru,DT24,WEEKENDS/HOLIDAY,6,182.6,72.2
Geylang Bahru,DT24,WEEKENDS/HOLIDAY,7,265.6,115.5
Geylang Bahru,DT24,WEEKENDS/HOLIDAY,8,274.6,151.5
Geylang Bahru,DT24,WEEKENDS/HOLIDAY,9,312.3,143.2
Geylang Bahru,DT24,WEEKENDS/HOLIDAY,10,289.8,141.0
Geylang Bahru,DT24,WEEKENDS/HOLIDAY,11,260.7,142.6
Geylang Bahru,DT24,WEEKENDS/HOLIDAY,12,258.4,178.2
Geylang Bahru,DT24,WEEKENDS/HOLIDAY,13,254.7,192.7
Geylang Bahru,DT24,WEEKENDS/HOLIDAY,14,240.0,195.6
Geylang Bahru,DT24,WEEKENDS/HOLIDAY,15,207.8,217.0
Geylang Bahru,DT24,WEEKENDS/HOLIDAY,16,210.9,226.5
Geylang Bahru,DT24,WEEKENDS/HOLIDAY,17,242.2,271.6
Geylang Bahru,DT24,WEEKENDS/HOLIDAY,18,257.0,296.1
Geylang Bahru,DT24,WEEKENDS/HOLIDAY,19,188.9,282.9
Geylang Bahru,DT24,WEEKENDS/HOLIDAY,20,134.8,289.9
Geylang Bahru,DT24,WEEKENDS/HOLIDAY,21,117.0,300.2
Geylang Bahru,DT24,WEEKENDS/HOLIDAY,22,89.6,316.8
Geylang Bahru,DT24,WEEKENDS/HOLIDAY,23,35.1,206.3
Great World,TE15,WEEKDAY,0,3.3333333333333335,10.666666666666666
Great World,TE15,WEEKDAY,5,8.904761904761905,1.3333333333333333
Great World,TE15,WEEKDAY,6,183.66666666666666,198.28571428571428
Great World,TE15,WEEKDAY,7,596.6666666666666,565.7619047619048
Great World,TE15,WEEKDAY,8,931.1904761904761,832.0952380952381
Great World,TE15,WEEKDAY,9,601.2857142857143,758.047619047619
Great World,TE15,WEEKDAY,10,345.3809523809524,466.3333333333333
Great World,TE15,WEEKDAY,11,367.14285714285717,460.04761904761904
Great World,TE15,WEEKDAY,12,434.76190476190476,606.6190476190476
Great World,TE15,WEEKDAY,13,729.0952380952381,550.3333333333334
Great World,TE15,WEEKDAY,14,507.8095238095238,505.1904761904762
Great World,TE15,WEEKDAY,15,435.76190476190476,565.047619047619
Great World,TE15,WEEKDAY,16,538.9047619047619,647.6666666666666
Great World,TE15,WEEKDAY,17,777.6190476190476,833.9047619047619
Great World,TE15,WEEKDAY,18,966.3333333333334,1318.4761904761904
Great World,TE15,WEEKDAY,19,615.2857142857143,860.7142857142857
Great World,TE15,WEEKDAY,20,527.6666666666666,430.8095238095238
Great World,TE15,WEEKDAY,21,573.5714285714286,300.95238095238096
Great World,TE15,WEEKDAY,22,365.7142857142857,189.47619047619048
Great World,TE15,WEEKDAY,23,80.42857142857143,78.0
Great World,TE15,WEEKENDS/HOLIDAY,0,4.7,13.1
Great World,TE15,WEEKENDS/HOLIDAY,5,2.6,1.0
Great World,TE15,WEEKENDS/HOLIDAY,6,42.9,90.1
Great World,TE15,WEEKENDS/HOLIDAY,7,113.1,237.5
Great World,TE15,WEEKENDS/HOLIDAY,8,237.0,321.8
Great World,TE15,WEEKENDS/HOLIDAY,9,329.4,550.2
Great World,TE15,WEEKENDS/HOLIDAY,10,414.9,559.1
Great World,TE15,WEEKENDS/HOLIDAY,11,494.6,585.4
Great World,TE15,WEEKENDS/HOLIDAY,12,555.2,626.8
Great World,TE15,WEEKENDS/HOLIDAY,13,578.9,669.0
Great World,TE15,WEEKENDS/HOLIDAY,14,611.1,629.8
Great World,TE15,WEEKENDS/HOLIDAY,15,612.1,624.4
Great World,TE15,WEEKENDS/HOLIDAY,16,601.4,628.1
Great World,TE15,WEEKENDS/HOLIDAY,17,641.0,677.3
Great World,TE15,WEEKENDS/HOLIDAY,18,612.8,664.7
Great World,TE15,WEEKENDS/HOLIDAY,19,571.9,550.1
Great World,TE15,WEEKENDS/HOLIDAY,20,541.8,415.5
Great World,TE15,WEEKENDS/HOLIDAY,21,585.1,310.3
Great World,TE15,WEEKENDS/HOLIDAY,22,411.9,192.9
Great World,TE15,WEEKENDS/HOLIDAY,23,102.0,87.6
Gul Circle,EW30,WEEKDAY,0,0.0,9.333333333333334
Gul Circle,EW30,WEEKDAY,5,40.76190476190476,94.38095238095238
Gul Circle,EW30,WEEKDAY,6,108.80952380952381,498.3333333333333
Gul Circle,EW30,WEEKDAY,7,175.23809523809524,1504.142857142857
Gul Circle,EW30,WEEKDAY,8,116.04761904761905,1130.6190476190477
Gul Circle,EW30,WEEKDAY,9,45.23809523809524,220.28571428571428
Gul Circle,EW30,WEEKDAY,10,60.95238095238095,72.95238095238095
Gul Circle,EW30,WEEKDAY,11,104.57142857142857,51.23809523809524
Gul Circle,EW30,WEEKDAY,12,112.14285714285714,67.9047619047619
Gul Circle,EW30,WEEKDAY,13,69.0952380952381,67.85714285714286
Gul Circle,EW30,WEEKDAY,14,98.52380952380952,55.285714285714285
Gul Circle,EW30,WEEKDAY,15,139.33333333333334,37.61904761904762
Gul Circle,EW30,WEEKDAY,16,411.95238095238096,33.142857142857146
Gul Circle,EW30,WEEKDAY,17,1354.095238095238,92.38095238095238
Gul Circle,EW30,WEEKDAY,18,951.1904761904761,156.1904761904762
Gul Circle,EW30,WEEKDAY,19,592.9047619047619,132.1904761904762
Gul Circle,EW30,WEEKDAY,20,326.42857142857144,85.80952380952381
Gul Circle,EW30,WEEKDAY,21,136.33333333333334,66.9047619047619
Gul Circle,EW30,WEEKDAY,22,69.14285714285714,45.666666666666664
Gul Circle,EW30,WEEKDAY,23,10.285714285714286,29.142857142857142
Gul Circle,EW30,WEEKENDS/HOLIDAY,0,0.1,18.8
Gul Circle,EW30,WEEKENDS/HOLIDAY,5,29.4,25.4
Gul Circle,EW30,WEEKENDS/HOLIDAY,6,86.6,178.6
Gul Circle,EW30,WEEKENDS/HOLIDAY,7,151.9,504.5
Gul Circle,EW30,WEEKENDS/HOLIDAY,8,126.1,327.4
Gul Circle,EW30,WEEKENDS/HOLIDAY,9,97.2,78.6
Gul Circle,EW30,WEEKENDS/HOLIDAY,10,97.1,35.9
Gul Circle,EW30,WEEKENDS/HOLIDAY,11,102.5,58.3
Gul Circle,EW30,WEEKENDS/HOLIDAY,12,150.7,70.7
Gul Circle,EW30,WEEKENDS/HOLIDAY,13,130.8,68.2
Gul Circle,EW30,WEEKENDS/HOLIDAY,14,115.0,63.1
Gul Circle,EW30,WEEKENDS/HOLIDAY,15,169.0,64.2
Gul Circle,EW30,WEEKENDS/HOLIDAY,16,294.7,54.2
Gul Circle,EW30,WEEKENDS/HOLIDAY,17,407.2,103.9
Gul Circle,EW30,WEEKENDS/HOLIDAY,18,292.5,170.7
Gul Circle,EW30,WEEKENDS/HOLIDAY,19,266.1,164.2
Gul Circle,EW30,WEEKENDS/HOLIDAY,20,138.5,170.0
Gul Circle,EW30,WEEKENDS/HOLIDAY,21,65.4,125.4
Gul Circle,EW30,WEEKENDS/HOLIDAY,22,48.9,99.3
Gul Circle,EW30,WEEKENDS/HOLIDAY,23,9.6,61.2
HarbourFront,NE1/CC29,WEEKDAY,0,2.857142857142857,9.80952380952381
HarbourFront,NE1/CC29,WEEKDAY,5,69.76190476190476,6.571428571428571
HarbourFront,NE1/CC29,WEEKDAY,6,373.8095238095238,1366.5714285714287
HarbourFront,NE1/CC29,WEEKDAY,7,920.4761904761905,3051.4285714285716
HarbourFront,NE1/CC29,WEEKDAY,8,1596.095238095238,5556.047619047619
HarbourFront,NE1/CC29,WEEKDAY,9,976.0,5002.761904761905
HarbourFront,NE1/CC29,WEEKDAY,10,815.952380952381,3611.190476190476
HarbourFront,NE1/CC29,WEEKDAY,11,1030.4285714285713,3271.3809523809523
HarbourFront,NE1/CC29,WEEKDAY,12,1549.2857142857142,3364.4285714285716
HarbourFront,NE1/CC29,WEEKDAY,13,2389.095238095238,2408.5714285714284
HarbourFront,NE1/CC29,WEEKDAY,14,2003.0,2199.6666666666665
HarbourFront,NE1/CC29,WEEKDAY,15,2198.285714285714,1971.6190476190477
HarbourFront,NE1/CC29,WEEKDAY,16,3041.5238095238096,2112.2380952380954
HarbourFront,NE1/CC29,WEEKDAY,17,5143.333333333333,2741.809523809524
HarbourFront,NE1/CC29,WEEKDAY,18,7200.809523809524,4154.9047619047615
HarbourFront,NE1/CC29,WEEKDAY,19,4935.714285714285,2466.809523809524
HarbourFront,NE1/CC29,WEEKDAY,20,4251.142857142857,1228.047619047619
HarbourFront,NE1/CC29,WEEKDAY,21,4133.0952380952385,806.2857142857143
HarbourFront,NE1/CC29,WEEKDAY,22,2918.6190476190477,604.047619047619
HarbourFront,NE1/CC29,WEEKDAY,23,860.9047619047619,189.95238095238096
HarbourFront,NE1/CC29,WEEKENDS/HOLIDAY,0,5.2,11.9
HarbourFront,NE1/CC29,WEEKENDS/HOLIDAY,5,75.6,2.8
HarbourFront,NE1/CC29,WEEKENDS/HOLIDAY,6,308.8,960.8
HarbourFront,NE1/CC29,WEEKENDS/HOLIDAY,7,541.8,1702.7
HarbourFront,NE1/CC29,WEEKENDS/HOLIDAY,8,993.3,2044.1
HarbourFront,NE1/CC29,WEEKENDS/HOLIDAY,9,843.2,3478.8
HarbourFront,NE1/CC29,WEEKENDS/HOLIDAY,10,1070.4,4071.2
HarbourFront,NE1/CC29,WEEKENDS/HOLIDAY,11,1343.5,4225.3
HarbourFront,NE1/CC29,WEEKENDS/HOLIDAY,12,1782.1,4164.9
HarbourFront,NE1/CC29,WEEKENDS/HOLIDAY,13,2283.8,4046.9
HarbourFront,NE1/CC29,WEEKENDS/HOLIDAY,14,2741.5,4023.6
HarbourFront,NE1/CC29,WEEKENDS/HOLIDAY,15,3351.4,3732.4
HarbourFront,NE1/CC29,WEEKENDS/HOLIDAY,16,4053.2,3546.1
HarbourFront,NE1/CC29,WEEKENDS/HOLIDAY,17,4495.7,3345.3
HarbourFront,NE1/CC29,WEEKENDS/HOLIDAY,18,4821.1,2983.4
HarbourFront,NE1/CC29,WEEKENDS/HOLIDAY,19,4855.6,2161.6
HarbourFront,NE1/CC29,WEEKENDS/HOLIDAY,20,5043.9,1390.4
HarbourFront,NE1/CC29,WEEKENDS/HOLIDAY,21,5207.7,900.5
HarbourFront,NE1/CC29,WEEKENDS/HOLIDAY,22,3877.1,657.7
HarbourFront,NE1/CC29,WEEKENDS/HOLIDAY,23,1230.5,239.1
Havelock,TE16,WEEKDAY,0,3.619047619047619,14.285714285714286
Havelock,TE16,WEEKDAY,5,18.714285714285715,2.4761904761904763
Havelock,TE16,WEEKDAY,6,305.04761904761904,166.28571428571428
Havelock,TE16,WEEKDAY,7,605.1904761904761,416.9047619047619
Havelock,TE16,WEEKDAY,8,778.6190476190476,786.4285714285714
Havelock,TE16,WEEKDAY,9,588.4761904761905,467.3809523809524
Havelock,TE16,WEEKDAY,10,418.0,268.7142857142857
Havelock,TE16,WEEKDAY,11,367.04761904761904,238.33333333333334
Havelock,TE16,WEEKDAY,12,370.6190476190476,261.95238095238096
Havelock,TE16,WEEKDAY,13,319.04761904761904,347.3809523809524
Havelock,TE16,WEEKDAY,14,288.57142857142856,336.57142857142856
Havelock,TE16,WEEKDAY,15,272.4761904761905,313.7142857142857
Havelock,TE16,WEEKDAY,16,350.23809523809524,375.4761904761905
Havelock,TE16,WEEKDAY,17,729.1428571428571,540.3809523809524
Havelock,TE16,WEEKDAY,18,1072.142857142857,866.2857142857143
Havelock,TE16,WEEKDAY,19,527.1428571428571,597.952380952381
Havelock,TE16,WEEKDAY,20,316.42857142857144,437.2857142857143
Havelock,TE16,WEEKDAY,21,291.42857142857144,473.7142857142857
Havelock,TE16,WEEKDAY,22,254.52380952380952,386.57142857142856
Havelock,TE16,WEEKDAY,23,114.47619047619048,175.47619047619048
Havelock,TE16,WEEKENDS/HOLIDAY,0,4.3,21.7
Havelock,TE16,WEEKENDS/HOLIDAY,5,6.9,3.9
Havelock,TE16,WEEKENDS/HOLIDAY,6,119.8,108.7
Havelock,TE16,WEEKENDS/HOLIDAY,7,203.5,182.7
Havelock,TE16,WEEKENDS/HOLIDAY,8,318.2,237.2
Havelock,TE16,WEEKENDS/HOLIDAY,9,437.4,297.7
Havelock,TE16,WEEKENDS/HOLIDAY,10,518.3,347.0
Havelock,TE16,WEEKENDS/HOLIDAY,11,549.9,395.4
Havelock,TE16,WEEKENDS/HOLIDAY,12,515.8,384.6
Havelock,TE16,WEEKENDS/HOLIDAY,13,457.4,402.0
Havelock,TE16,WEEKENDS/HOLIDAY,14,437.9,403.7
Havelock,TE16,WEEKENDS/HOLIDAY,15,420.9,423.2
Havelock,TE16,WEEKENDS/HOLIDAY,16,446.7,427.4
Havelock,TE16,WEEKENDS/HOLIDAY,17,494.2,469.0
Havelock,TE16,WEEKENDS/HOLIDAY,18,502.4,487.4
Havelock,TE16,WEEKENDS/HOLIDAY,19,385.8,412.4
Havelock,TE16,WEEKENDS/HOLIDAY,20,275.5,446.0
Havelock,TE16,WEEKENDS/HOLIDAY,21,275.9,506.8
Havelock,TE16,WEEKENDS/HOLIDAY,22,263.1,427.7
Havelock,TE16,WEEKENDS/HOLIDAY,23,124.9,205.5
Haw Par Villa,CC25,WEEKDAY,0,0.5714285714285714,8.095238095238095
Haw Par Villa,CC25,WEEKDAY,5,44.857142857142854,13.714285714285714
Haw Par Villa,CC25,WEEKDAY,6,259.6666666666667,410.23809523809524
Haw Par Villa,CC25,WEEKDAY,7,533.0952380952381,816.0952380952381
Haw Par Villa,CC25,WEEKDAY,8,594.3809523809524,1257.095238095238
Haw Par Villa,CC25,WEEKDAY,9,414.2857142857143,630.4761904761905
Haw Par Villa,CC25,WEEKDAY,10,280.0952380952381,225.33333333333334
Haw Par Villa,CC25,WEEKDAY,11,286.0,151.04761904761904
Haw Par Villa,CC25,WEEKDAY,12,268.42857142857144,180.1904761904762
Haw Par Villa,CC25,WEEKDAY,13,240.28571428571428,230.23809523809524
Haw Par Villa,CC25,WEEKDAY,14,226.8095238095238,232.66666666666666
Haw Par Villa,CC25,WEEKDAY,15,263.85714285714283,232.95238095238096
Haw Par Villa,CC25,WEEKDAY,16,424.7142857142857,285.23809523809524
Haw Par Villa,CC25,WEEKDAY,17,1111.3809523809523,399.14285714285717
Haw Par Villa,CC25,WEEKDAY,18,1208.5714285714287,604.1904761904761
Haw Par Villa,CC25,WEEKDAY,19,626.3809523809524,469.8095238095238
Haw Par Villa,CC25,WEEKDAY,20,241.23809523809524,317.04761904761904
Haw Par Villa,CC25,WEEKDAY,21,205.66666666666666,281.9047619047619
Haw Par Villa,CC25,WEEKDAY,22,129.04761904761904,197.04761904761904
Haw Par Villa,CC25,WEEKDAY,23,41.666666666666664,83.14285714285714
Haw Par Villa,CC25,WEEKENDS/HOLIDAY,0,1.3,9.6
Haw Par Villa,CC25,WEEKENDS/HOLIDAY,5,31.2,3.7
Haw Par Villa,CC25,WEEKENDS/HOLIDAY,6,101.8,227.6
Haw Par Villa,CC25,WEEKENDS/HOLIDAY,7,190.3,304.3
Haw Par Villa,CC25,WEEKENDS/HOLIDAY,8,202.6,210.5
Haw Par Villa,CC25,WEEKENDS/HOLIDAY,9,253.1,210.3
Haw Par Villa,CC25,WEEKENDS/HOLIDAY,10,311.1,195.2
Haw Par Villa,CC25,WEEKENDS/HOLIDAY,11,330.5,170.9
Haw Par Villa,CC25,WEEKENDS/HOLIDAY,12,387.9,201.1
Haw Par Villa,CC25,WEEKENDS/HOLIDAY,13,316.9,248.3
Haw Par Villa,CC25,WEEKENDS/HOLIDAY,14,285.5,266.6
Haw Par Villa,CC25,WEEKENDS/HOLIDAY,15,317.0,240.5
Haw Par Villa,CC25,WEEKENDS/HOLIDAY,16,327.1,230.0
Haw Par Villa,CC25,WEEKENDS/HOLIDAY,17,392.3,252.9
Haw Par Villa,CC25,WEEKENDS/HOLIDAY,18,352.8,317.7
Haw Par Villa,CC25,WEEKENDS/HOLIDAY,19,397.4,285.5
Haw Par Villa,CC25,WEEKENDS/HOLIDAY,20,174.3,254.5
Haw Par Villa,CC25,WEEKENDS/HOLIDAY,21,135.4,259.5
Haw Par Villa,CC25,WEEKENDS/HOLIDAY,22,116.4,198.7
Haw Par Villa,CC25,WEEKENDS/HOLIDAY,23,32.1,94.1
Hillview,DT3,WEEKDAY,0,2.0,31.142857142857142
Hillview,DT3,WEEKDAY,5,38.19047619047619,4.142857142857143
Hillview,DT3,WEEKDAY,6,399.0952380952381,71.47619047619048
Hillview,DT3,WEEKDAY,7,1023.6190476190476,515.7619047619048
Hillview,DT3,WEEKDAY,8,1409.3333333333333,267.3333333333333
Hillview,DT3,WEEKDAY,9,684.047619047619,158.23809523809524
Hillview,DT3,WEEKDAY,10,358.4761904761905,116.9047619047619
Hillview,DT3,WEEKDAY,11,320.7142857142857,116.85714285714286
Hillview,DT3,WEEKDAY,12,306.1904761904762,173.0
Hillview,DT3,WEEKDAY,13,310.14285714285717,252.33333333333334
Hillview,DT3,WEEKDAY,14,333.3809523809524,306.3809523809524
Hillview,DT3,WEEKDAY,15,389.6190476190476,324.42857142857144
Hillview,DT3,WEEKDAY,16,389.2857142857143,383.8095238095238
Hillview,DT3,WEEKDAY,17,458.9047619047619,571.0
Hillview,DT3,WEEKDAY,18,431.1904761904762,981.3333333333334
Hillview,DT3,WEEKDAY,19,224.23809523809524,889.5714285714286
Hillview,DT3,WEEKDAY,20,140.71428571428572,504.04761904761904
Hillview,DT3,WEEKDAY,21,117.42857142857143,444.6666666666667
Hillview,DT3,WEEKDAY,22,74.76190476190476,335.04761904761904
Hillview,DT3,WEEKDAY,23,22.523809523809526,152.14285714285714
Hillview,DT3,WEEKENDS/HOLIDAY,0,2.6,31.8
Hillview,DT3,WEEKENDS/HOLIDAY,5,18.0,0.5
Hillview,DT3,WEEKENDS/HOLIDAY,6,90.2,51.1
Hillview,DT3,WEEKENDS/HOLIDAY,7,189.1,189.6
Hillview,DT3,WEEKENDS/HOLIDAY,8,387.7,216.8
Hillview,DT3,WEEKENDS/HOLIDAY,9,486.3,219.7
Hillview,DT3,WEEKENDS/HOLIDAY,10,534.1,191.5
Hillview,DT3,WEEKENDS/HOLIDAY,11,549.7,205.9
Hillview,DT3,WEEKENDS/HOLIDAY,12,504.7,249.0
Hillview,DT3,WEEKENDS/HOLIDAY,13,447.0,294.5
Hillview,DT3,WEEKENDS/HOLIDAY,14,361.2,318.3
Hillview,DT3,WEEKENDS/HOLIDAY,15,339.9,326.5
Hillview,DT3,WEEKENDS/HOLIDAY,16,356.7,363.9
Hillview,DT3,WEEKENDS/HOLIDAY,17,408.7,404.6
Hillview,DT3,WEEKENDS/HOLIDAY,18,362.3,434.8
Hillview,DT3,WEEKENDS/HOLIDAY,19,217.9,407.7
Hillview,DT3,WEEKENDS/HOLIDAY,20,145.5,360.3
Hillview,DT3,WEEKENDS/HOLIDAY,21,131.5,343.7
Hillview,DT3,WEEKENDS/HOLIDAY,22,88.7,286.3
Hillview,DT3,WEEKENDS/HOLIDAY,23,25.7,148.6
Holland Village,CC21,WEEKDAY,0,3.7142857142857144,8.571428571428571
Holland Village,CC21,WEEKDAY,5,48.142857142857146,12.380952380952381
Holland Village,CC21,WEEKDAY,6,246.52380952380952,170.57142857142858
Holland Village,CC21,WEEKDAY,7,548.952380952381,653.0952380952381
Holland Village,CC21,WEEKDAY,8,750.2857142857143,719.5714285714286
Holland Village,CC21,WEEKDAY,9,532.6190476190476,620.7619047619048
Holland Village,CC21,WEEKDAY,10,329.95238095238096,517.952380952381
Holland Village,CC21,WEEKDAY,11,359.0952380952381,592.3809523809524
Holland Village,CC21,WEEKDAY,12,499.6190476190476,777.0952380952381
Holland Village,CC21,WEEKDAY,13,791.047619047619,472.76190476190476
Holland Village,CC21,WEEKDAY,14,506.85714285714283,483.04761904761904
Holland Village,CC21,WEEKDAY,15,702.8571428571429,548.5714285714286
Holland Village,CC21,WEEKDAY,16,624.8095238095239,659.5714285714286
Holland Village,CC21,WEEKDAY,17,693.2380952380952,954.6666666666666
Holland Village,CC21,WEEKDAY,18,758.6666666666666,1534.904761904762
Holland Village,CC21,WEEKDAY,19,706.0952380952381,1028.952380952381
Holland Village,CC21,WEEKDAY,20,687.5714285714286,449.0952380952381
Holland Village,CC21,WEEKDAY,21,750.4285714285714,358.57142857142856
Holland Village,CC21,WEEKDAY,22,511.8095238095238,248.42857142857142
Holland Village,CC21,WEEKDAY,23,140.76190476190476,92.42857142857143
Holland Village,CC21,WEEKENDS/HOLIDAY,0,2.8,10.1
Holland Village,CC21,WEEKENDS/HOLIDAY,5,22.5,2.5
Holland Village,CC21,WEEKENDS/HOLIDAY,6,74.3,78.3
Holland Village,CC21,WEEKENDS/HOLIDAY,7,107.1,213.1
Holland Village,CC21,WEEKENDS/HOLIDAY,8,205.5,322.5
Holland Village,CC21,WEEKENDS/HOLIDAY,9,326.2,610.9
Holland Village,CC21,WEEKENDS/HOLIDAY,10,379.2,661.9
Holland Village,CC21,WEEKENDS/HOLIDAY,11,447.4,678.4
Holland Village,CC21,WEEKENDS/HOLIDAY,12,583.7,687.8
Holland Village,CC21,WEEKENDS/HOLIDAY,13,637.1,688.2
Holland Village,CC21,WEEKENDS/HOLIDAY,14,682.2,546.9
Holland Village,CC21,WEEKENDS/HOLIDAY,15,658.3,505.9
Holland Village,CC21,WEEKENDS/HOLIDAY,16,581.6,529.4
Holland Village,CC21,WEEKENDS/HOLIDAY,17,610.2,660.9
Holland Village,CC21,WEEKENDS/HOLIDAY,18,619.5,701.2
Holland Village,CC21,WEEKENDS/HOLIDAY,19,595.6,588.2
Holland Village,CC21,WEEKENDS/HOLIDAY,20,563.2,380.1
Holland Village,CC21,WEEKENDS/HOLIDAY,21,596.9,310.9
Holland Village,CC21,WEEKENDS/HOLIDAY,22,506.7,236.3
Holland Village,CC21,WEEKENDS/HOLIDAY,23,147.0,98.1
Hougang,NE14,WEEKDAY,0,5.714285714285714,114.33333333333333
Hougang,NE14,WEEKDAY,5,377.14285714285717,49.76190476190476
Hougang,NE14,WEEKDAY,6,2282.3809523809523,840.3333333333334
Hougang,NE14,WEEKDAY,7,4671.809523809524,2057.714285714286
Hougang,NE14,WEEKDAY,8,5267.285714285715,1066.047619047619
Hougang,NE14,WEEKDAY,9,2957.904761904762,761.5238095238095
Hougang,NE14,WEEKDAY,10,1706.4285714285713,671.8095238095239
Hougang,NE14,WEEKDAY,11,1465.857142857143,764.2380952380952
Hougang,NE14,WEEKDAY,12,1473.857142857143,1000.2857142857143
Hougang,NE14,WEEKDAY,13,1593.4761904761904,1241.857142857143
Hougang,NE14,WEEKDAY,14,1418.047619047619,1290.7142857142858
Hougang,NE14,WEEKDAY,15,1310.3333333333333,1390.857142857143
Hougang,NE14,WEEKDAY,16,1275.047619047619,1815.0
Hougang,NE14,WEEKDAY,17,1761.5714285714287,2908.3809523809523
Hougang,NE14,WEEKDAY,18,2141.285714285714,4885.9047619047615
Hougang,NE14,WEEKDAY,19,1393.2857142857142,3912.9523809523807
Hougang,NE14,WEEKDAY,20,916.1428571428571,2547.9523809523807
Hougang,NE14,WEEKDAY,21,695.047619047619,2321.190476190476
Hougang,NE14,WEEKDAY,22,398.2857142857143,1843.952380952381
Hougang,NE14,WEEKDAY,23,113.85714285714286,904.3809523809524
Hougang,NE14,WEEKENDS/HOLIDAY,0,5.6,141.3
Hougang,NE14,WEEKENDS/HOLIDAY,5,127.5,11.6
Hougang,NE14,WEEKENDS/HOLIDAY,6,816.9,248.3
Hougang,NE14,WEEKENDS/HOLIDAY,7,1226.6,535.0
Hougang,NE14,WEEKENDS/HOLIDAY,8,1787.9,701.7
Hougang,NE14,WEEKENDS/HOLIDAY,9,2198.5,819.6
Hougang,NE14,WEEKENDS/HOLIDAY,10,2086.0,917.4
Hougang,NE14,WEEKENDS/HOLIDAY,11,2035.6,1023.2
Hougang,NE14,WEEKENDS/HOLIDAY,12,1970.4,1226.2
Hougang,NE14,WEEKENDS/HOLIDAY,13,1828.6,1473.4
Hougang,NE14,WEEKENDS/HOLIDAY,14,1622.4,1486.1
Hougang,NE14,WEEKENDS/HOLIDAY,15,1529.1,1560.8
Hougang,NE14,WEEKENDS/HOLIDAY,16,1565.5,1743.7
Hougang,NE14,WEEKENDS/HOLIDAY,17,1685.1,1870.3
Hougang,NE14,WEEKENDS/HOLIDAY,18,1629.0,2060.1
Hougang,NE14,WEEKENDS/HOLIDAY,19,1217.0,2014.2
Hougang,NE14,WEEKENDS/HOLIDAY,20,904.6,2015.6
Hougang,NE14,WEEKENDS/HOLIDAY,21,672.2,2049.3
Hougang,NE14,WEEKENDS/HOLIDAY,22,429.7,1807.3
Hougang,NE14,WEEKENDS/HOLIDAY,23,124.6,908.2
Hume,DT4,WEEKDAY,0,0.09523809523809523,17.095238095238095
Hume,DT4,WEEKDAY,5,10.904761904761905,0.047619047619047616
Hume,DT4,WEEKDAY,6,137.66666666666666,15.80952380952381
Hume,DT4,WEEKDAY,7,359.04761904761904,96.38095238095238
Hume,DT4,WEEKDAY,8,475.0,49.23809523809524
Hume,DT4,WEEKDAY,9,217.95238095238096,47.42857142857143
Hume,DT4,WEEKDAY,10,137.52380952380952,35.80952380952381
Hume,DT4,WEEKDAY,11,127.80952380952381,44.142857142857146
Hume,DT4,WEEKDAY,12,113.0952380952381,66.61904761904762
Hume,DT4,WEEKDAY,13,92.76190476190476,96.0952380952381
Hume,DT4,WEEKDAY,14,81.9047619047619,127.47619047619048
Hume,DT4,WEEKDAY,15,70.42857142857143,133.33333333333334
Hume,DT4,WEEKDAY,16,88.47619047619048,158.38095238095238
Hume,DT4,WEEKDAY,17,116.66666666666667,212.28571428571428
Hume,DT4,WEEKDAY,18,116.0,378.0952380952381
Hume,DT4,WEEKDAY,19,75.0952380952381,310.14285714285717
Hume,DT4,WEEKDAY,20,32.904761904761905,188.23809523809524
Hume,DT4,WEEKDAY,21,20.571428571428573,157.14285714285714
Hume,DT4,WEEKDAY,22,19.61904761904762,117.19047619047619
Hume,DT4,WEEKDAY,23,5.523809523809524,62.38095238095238
Hume,DT4,WEEKENDS/HOLIDAY,0,0.7,19.5
Hume,DT4,WEEKENDS/HOLIDAY,5,4.6,0.0
Hume,DT4,WEEKENDS/HOLIDAY,6,25.6,10.3
Hume,DT4,WEEKENDS/HOLIDAY,7,70.3,31.1
Hume,DT4,WEEKENDS/HOLIDAY,8,141.9,28.8
Hume,DT4,WEEKENDS/HOLIDAY,9,164.9,37.8
Hume,DT4,WEEKENDS/HOLIDAY,10,180.5,51.5
Hume,DT4,WEEKENDS/HOLIDAY,11,166.7,73.0
Hume,DT4,WEEKENDS/HOLIDAY,12,163.7,89.1
Hume,DT4,WEEKENDS/HOLIDAY,13,133.4,110.8
Hume,DT4,WEEKENDS/HOLIDAY,14,107.7,112.7
Hume,DT4,WEEKENDS/HOLIDAY,15,102.5,121.0
Hume,DT4,WEEKENDS/HOLIDAY,16,116.8,128.2
Hume,DT4,WEEKENDS/HOLIDAY,17,135.4,140.5
Hume,DT4,WEEKENDS/HOLIDAY,18,100.8,153.2
Hume,DT4,WEEKENDS/HOLIDAY,19,67.3,144.6
Hume,DT4,WEEKENDS/HOLIDAY,20,38.0,137.6
Hume,DT4,WEEKENDS/HOLIDAY,21,33.9,126.6
Hume,DT4,WEEKENDS/HOLIDAY,22,24.5,108.1
Hume,DT4,WEEKENDS/HOLIDAY,23,7.7,67.0
Jalan Besar,DT22,WEEKDAY,0,16.857142857142858,35.0
Jalan Besar,DT22,WEEKDAY,5,74.85714285714286,0.047619047619047616
Jalan Besar,DT22,WEEKDAY,6,546.6666666666666,213.85714285714286
Jalan Besar,DT22,WEEKDAY,7,845.2380952380952,549.5714285714286
Jalan Besar,DT22,WEEKDAY,8,920.1904761904761,619.2380952380952
Jalan Besar,DT22,WEEKDAY,9,618.9047619047619,564.2857142857143
Jalan Besar,DT22,WEEKDAY,10,446.04761904761904,479.1904761904762
Jalan Besar,DT22,WEEKDAY,11,406.04761904761904,454.85714285714283
Jalan Besar,DT22,WEEKDAY,12,438.85714285714283,488.6666666666667
Jalan Besar,DT22,WEEKDAY,13,439.9047619047619,409.3333333333333
Jalan Besar,DT22,WEEKDAY,14,390.42857142857144,395.57142857142856
Jalan Besar,DT22,WEEKDAY,15,385.85714285714283,437.95238095238096
Jalan Besar,DT22,WEEKDAY,16,453.5238095238095,547.0
Jalan Besar,DT22,WEEKDAY,17,564.2380952380952,856.8571428571429
Jalan Besar,DT22,WEEKDAY,18,719.5238095238095,1411.6190476190477
Jalan Besar,DT22,WEEKDAY,19,670.2857142857143,1173.3333333333333
Jalan Besar,DT22,WEEKDAY,20,634.1428571428571,775.4761904761905
Jalan Besar,DT22,WEEKDAY,21,654.6190476190476,588.5238095238095
Jalan Besar,DT22,WEEKDAY,22,495.57142857142856,492.7142857142857
Jalan Besar,DT22,WEEKDAY,23,250.0952380952381,283.0
Jalan Besar,DT22,WEEKENDS/HOLIDAY,0,35.5,41.0
Jalan Besar,DT22,WEEKENDS/HOLIDAY,5,20.8,0.0
Jalan Besar,DT22,WEEKENDS/HOLIDAY,6,336.4,220.1
Jalan Besar,DT22,WEEKENDS/HOLIDAY,7,491.8,413.8
Jalan Besar,DT22,WEEKENDS/HOLIDAY,8,509.1,538.3
Jalan Besar,DT22,WEEKENDS/HOLIDAY,9,438.8,696.9
Jalan Besar,DT22,WEEKENDS/HOLIDAY,10,470.1,824.7
Jalan Besar,DT22,WEEKENDS/HOLIDAY,11,525.4,844.5
Jalan Besar,DT22,WEEKENDS/HOLIDAY,12,607.8,861.0
Jalan Besar,DT22,WEEKENDS/HOLIDAY,13,642.8,792.3
Jalan Besar,DT22,WEEKENDS/HOLIDAY,14,676.9,718.8
Jalan Besar,DT22,WEEKENDS/HOLIDAY,15,681.0,746.8
Jalan Besar,DT22,WEEKENDS/HOLIDAY,16,713.5,848.7
Jalan Besar,DT22,WEEKENDS/HOLIDAY,17,730.3,1120.1
Jalan Besar,DT22,WEEKENDS/HOLIDAY,18,885.6,1296.9
Jalan Besar,DT22,WEEKENDS/HOLIDAY,19,1033.2,1085.4
Jalan Besar,DT22,WEEKENDS/HOLIDAY,20,1123.5,729.3
Jalan Besar,DT22,WEEKENDS/HOLIDAY,21,1119.2,605.6
Jalan Besar,DT22,WEEKENDS/HOLIDAY,22,806.0,500.4
Jalan Besar,DT22,WEEKENDS/HOLIDAY,23,418.2,294.1
Joo Koon,EW29,WEEKDAY,0,0.23809523809523808,13.952380952380953
Joo Koon,EW29,WEEKDAY,5,87.52380952380952,403.4761904761905
Joo Koon,EW29,WEEKDAY,6,516.8571428571429,2498.3809523809523
Joo Koon,EW29,WEEKDAY,7,653.1428571428571,6027.952380952381
Joo Koon,EW29,WEEKDAY,8,502.2857142857143,3702.3809523809523
Joo Koon,EW29,WEEKDAY,9,186.95238095238096,806.8571428571429
Joo Koon,EW29,WEEKDAY,10,203.38095238095238,296.85714285714283
Joo Koon,EW29,WEEKDAY,11,314.4761904761905,278.42857142857144
Joo Koon,EW29,WEEKDAY,12,497.4761904761905,338.95238095238096
Joo Koon,EW29,WEEKDAY,13,394.04761904761904,317.6666666666667
Joo Koon,EW29,WEEKDAY,14,376.57142857142856,236.85714285714286
Joo Koon,EW29,WEEKDAY,15,560.1904761904761,244.28571428571428
Joo Koon,EW29,WEEKDAY,16,1342.1904761904761,279.9047619047619
Joo Koon,EW29,WEEKDAY,17,4499.523809523809,561.5714285714286
Joo Koon,EW29,WEEKDAY,18,3483.714285714286,790.2857142857143
Joo Koon,EW29,WEEKDAY,19,1826.142857142857,734.6666666666666
Joo Koon,EW29,WEEKDAY,20,1466.4285714285713,432.6666666666667
Joo Koon,EW29,WEEKDAY,21,586.6190476190476,268.8095238095238
Joo Koon,EW29,WEEKDAY,22,244.04761904761904,185.1904761904762
Joo Koon,EW29,WEEKDAY,23,45.57142857142857,71.66666666666667
Joo Koon,EW29,WEEKENDS/HOLIDAY,0,1.3,28.4
Joo Koon,EW29,WEEKENDS/HOLIDAY,5,44.5,108.0
Joo Koon,EW29,WEEKENDS/HOLIDAY,6,325.6,974.4
Joo Koon,EW29,WEEKENDS/HOLIDAY,7,441.4,1859.2
Joo Koon,EW29,WEEKENDS/HOLIDAY,8,489.9,1021.2
Joo Koon,EW29,WEEKENDS/HOLIDAY,9,324.9,321.8
Joo Koon,EW29,WEEKENDS/HOLIDAY,10,391.2,301.6
Joo Koon,EW29,WEEKENDS/HOLIDAY,11,467.3,385.6
Joo Koon,EW29,WEEKENDS/HOLIDAY,12,700.7,430.5
Joo Koon,EW29,WEEKENDS/HOLIDAY,13,661.3,477.5
Joo Koon,EW29,WEEKENDS/HOLIDAY,14,581.1,477.7
Joo Koon,EW29,WEEKENDS/HOLIDAY,15,650.5,464.8
Joo Koon,EW29,WEEKENDS/HOLIDAY,16,905.0,594.8
Joo Koon,EW29,WEEKENDS/HOLIDAY,17,1569.3,780.2
Joo Koon,EW29,WEEKENDS/HOLIDAY,18,1122.5,908.3
Joo Koon,EW29,WEEKENDS/HOLIDAY,19,855.2,1001.6
Joo Koon,EW29,WEEKENDS/HOLIDAY,20,811.1,839.7
Joo Koon,EW29,WEEKENDS/HOLIDAY,21,385.7,590.1
Joo Koon,EW29,WEEKENDS/HOLIDAY,22,215.6,356.9
Joo Koon,EW29,WEEKENDS/HOLIDAY,23,39.6,144.4
Jurong East,EW24/NS1,WEEKDAY,0,43.857142857142854,123.95238095238095
Jurong East,EW24/NS1,WEEKDAY,5,562.1428571428571,300.42857142857144
Jurong East,EW24/NS1,WEEKDAY,6,1596.047619047619,3544.285714285714
Jurong East,EW24/NS1,WEEKDAY,7,3182.3333333333335,8452.047619047618
Jurong East,EW24/NS1,WEEKDAY,8,2953.9523809523807,8654.190476190477
Jurong East,EW24/NS1,WEEKDAY,9,1811.047619047619,4421.9047619047615
Jurong East,EW24/NS1,WEEKDAY,10,1397.4761904761904,2909.6666666666665
Jurong East,EW24/NS1,WEEKDAY,11,1616.6666666666667,2977.6190476190477
Jurong East,EW24/NS1,WEEKDAY,12,2271.6190476190477,3115.809523809524
Jurong East,EW24/NS1,WEEKDAY,13,2605.6666666666665,2918.2380952380954
Jurong East,EW24/NS1,WEEKDAY,14,2676.5238095238096,2728.0476190476193
Jurong East,EW24/NS1,WEEKDAY,15,3053.5714285714284,2740.7619047619046
Jurong East,EW24/NS1,WEEKDAY,16,4187.714285714285,3212.0476190476193
Jurong East,EW24/NS1,WEEKDAY,17,9262.380952380952,5215.523809523809
Jurong East,EW24/NS1,WEEKDAY,18,11541.42857142857,8376.619047619048
Jurong East,EW24/NS1,WEEKDAY,19,6707.523809523809,5121.428571428572
Jurong East,EW24/NS1,WEEKDAY,20,5726.952380952381,2451.714285714286
Jurong East,EW24/NS1,WEEKDAY,21,5063.619047619048,1517.142857142857
Jurong East,EW24/NS1,WEEKDAY,22,2518.904761904762,1086.0
Jurong East,EW24/NS1,WEEKDAY,23,605.0,506.85714285714283
Jurong East,EW24/NS1,WEEKENDS/HOLIDAY,0,55.0,204.6
Jurong East,EW24/NS1,WEEKENDS/HOLIDAY,5,284.6,49.5
Jurong East,EW24/NS1,WEEKENDS/HOLIDAY,6,826.8,1439.6
Jurong East,EW24/NS1,WEEKENDS/HOLIDAY,7,1383.5,2102.2
Jurong East,EW24/NS1,WEEKENDS/HOLIDAY,8,1551.9,2391.5
Jurong East,EW24/NS1,WEEKENDS/HOLIDAY,9,1487.3,2619.0
Jurong East,EW24/NS1,WEEKENDS/HOLIDAY,10,1646.2,3514.7
Jurong East,EW24/NS1,WEEKENDS/HOLIDAY,11,2195.9,4554.8
Jurong East,EW24/NS1,WEEKENDS/HOLIDAY,12,3106.6,4993.4
Jurong East,EW24/NS1,WEEKENDS/HOLIDAY,13,3920.1,4939.5
Jurong East,EW24/NS1,WEEKENDS/HOLIDAY,14,4312.3,4382.0
Jurong East,EW24/NS1,WEEKENDS/HOLIDAY,15,4687.1,4212.4
Jurong East,EW24/NS1,WEEKENDS/HOLIDAY,16,4923.2,4352.7
Jurong East,EW24/NS1,WEEKENDS/HOLIDAY,17,5278.6,5096.8
Jurong East,EW24/NS1,WEEKENDS/HOLIDAY,18,5386.0,5347.0
Jurong East,EW24/NS1,WEEKENDS/HOLIDAY,19,5363.7,4011.6
Jurong East,EW24/NS1,WEEKENDS/HOLIDAY,20,5510.4,2456.5
Jurong East,EW24/NS1,WEEKENDS/HOLIDAY,21,5322.0,1535.1
Jurong East,EW24/NS1,WEEKENDS/HOLIDAY,22,2844.2,1184.5
Jurong East,EW24/NS1,WEEKENDS/HOLIDAY,23,748.5,654.0
Kaki Bukit,DT28,WEEKDAY,0,1.4285714285714286,42.19047619047619
Kaki Bukit,DT28,WEEKDAY,5,91.0952380952381,20.19047619047619
Kaki Bukit,DT28,WEEKDAY,6,873.0952380952381,474.4761904761905
Kaki Bukit,DT28,WEEKDAY,7,1659.5238095238096,1384.6666666666667
Kaki Bukit,DT28,WEEKDAY,8,1541.3333333333333,1861.2380952380952
Kaki Bukit,DT28,WEEKDAY,9,843.0952380952381,703.6190476190476
Kaki Bukit,DT28,WEEKDAY,10,471.6190476190476,255.85714285714286
Kaki Bukit,DT28,WEEKDAY,11,427.23809523809524,200.95238095238096
Kaki Bukit,DT28,WEEKDAY,12,423.85714285714283,267.0
Kaki Bukit,DT28,WEEKDAY,13,349.9047619047619,365.04761904761904
Kaki Bukit,DT28,WEEKDAY,14,311.76190476190476,334.23809523809524
Kaki Bukit,DT28,WEEKDAY,15,359.57142857142856,333.3333333333333
Kaki Bukit,DT28,WEEKDAY,16,441.0,405.8095238095238
Kaki Bukit,DT28,WEEKDAY,17,1467.7142857142858,717.2380952380952
Kaki Bukit,DT28,WEEKDAY,18,1846.952380952381,1315.3333333333333
Kaki Bukit,DT28,WEEKDAY,19,801.1904761904761,1137.2380952380952
Kaki Bukit,DT28,WEEKDAY,20,379.3333333333333,757.9047619047619
Kaki Bukit,DT28,WEEKDAY,21,242.71428571428572,743.2380952380952
Kaki Bukit,DT28,WEEKDAY,22,141.0952380952381,583.5238095238095
Kaki Bukit,DT28,WEEKDAY,23,68.71428571428571,302.57142857142856
Kaki Bukit,DT28,WEEKENDS/HOLIDAY,0,2.4,62.7
Kaki Bukit,DT28,WEEKENDS/HOLIDAY,5,56.1,4.5
Kaki Bukit,DT28,WEEKENDS/HOLIDAY,6,393.7,210.6
Kaki Bukit,DT28,WEEKENDS/HOLIDAY,7,663.8,418.4
Kaki Bukit,DT28,WEEKENDS/HOLIDAY,8,616.9,397.9
Kaki Bukit,DT28,WEEKENDS/HOLIDAY,9,607.2,255.4
Kaki Bukit,DT28,WEEKENDS/HOLIDAY,10,600.9,226.2
Kaki Bukit,DT28,WEEKENDS/HOLIDAY,11,560.8,260.1
Kaki Bukit,DT28,WEEKENDS/HOLIDAY,12,575.7,334.3
Kaki Bukit,DT28,WEEKENDS/HOLIDAY,13,582.8,382.1
Kaki Bukit,DT28,WEEKENDS/HOLIDAY,14,473.7,391.7
Kaki Bukit,DT28,WEEKENDS/HOLIDAY,15,480.7,413.6
Kaki Bukit,DT28,WEEKENDS/HOLIDAY,16,561.6,463.0
Kaki Bukit,DT28,WEEKENDS/HOLIDAY,17,753.1,599.6
Kaki Bukit,DT28,WEEKENDS/HOLIDAY,18,686.8,673.6
Kaki Bukit,DT28,WEEKENDS/HOLIDAY,19,495.2,755.1
Kaki Bukit,DT28,WEEKENDS/HOLIDAY,20,299.1,811.7
Kaki Bukit,DT28,WEEKENDS/HOLIDAY,21,209.8,811.8
Kaki Bukit,DT28,WEEKENDS/HOLIDAY,22,142.3,673.4
Kaki Bukit,DT28,WEEKENDS/HOLIDAY,23,71.4,384.3
Kallang,EW10,WEEKDAY,0,4.095238095238095,27.333333333333332
Kallang,EW10,WEEKDAY,5,162.04761904761904,19.80952380952381
Kallang,EW10,WEEKDAY,6,1158.3809523809523,224.04761904761904
Kallang,EW10,WEEKDAY,7,1592.142857142857,522.8095238095239
Kallang,EW10,WEEKDAY,8,1622.5238095238096,722.4761904761905
Kallang,EW10,WEEKDAY,9,925.2380952380952,494.4761904761905
Kallang,EW10,WEEKDAY,10,523.6666666666666,280.6190476190476
Kallang,EW10,WEEKDAY,11,456.3809523809524,271.0
Kallang,EW10,WEEKDAY,12,435.0952380952381,349.7142857142857
Kallang,EW10,WEEKDAY,13,410.76190476190476,543.9047619047619
Kallang,EW10,WEEKDAY,14,357.0,442.76190476190476
Kallang,EW10,WEEKDAY,15,337.8095238095238,436.8095238095238
Kallang,EW10,WEEKDAY,16,414.04761904761904,563.4285714285714
Kallang,EW10,WEEKDAY,17,758.6666666666666,969.9047619047619
Kallang,EW10,WEEKDAY,18,940.3333333333334,1748.1904761904761
Kallang,EW10,WEEKDAY,19,550.5238095238095,1432.2380952380952
Kallang,EW10,WEEKDAY,20,362.57142857142856,946.6190476190476
Kallang,EW10,WEEKDAY,21,323.9047619047619,895.3333333333334
Kallang,EW10,WEEKDAY,22,223.57142857142858,723.4285714285714
Kallang,EW10,WEEKDAY,23,99.66666666666667,334.04761904761904
Kallang,EW10,WEEKENDS/HOLIDAY,0,6.3,36.6
Kallang,EW10,WEEKENDS/HOLIDAY,5,71.1,10.1
Kallang,EW10,WEEKENDS/HOLIDAY,6,565.0,169.3
Kallang,EW10,WEEKENDS/HOLIDAY,7,679.1,316.0
Kallang,EW10,WEEKENDS/HOLIDAY,8,688.5,412.2
Kallang,EW10,WEEKENDS/HOLIDAY,9,690.6,519.3
Kallang,EW10,WEEKENDS/HOLIDAY,10,707.5,579.9
Kallang,EW10,WEEKENDS/HOLIDAY,11,692.9,636.6
Kallang,EW10,WEEKENDS/HOLIDAY,12,677.5,692.1
Kallang,EW10,WEEKENDS/HOLIDAY,13,651.2,761.8
Kallang,EW10,WEEKENDS/HOLIDAY,14,628.5,764.4
Kallang,EW10,WEEKENDS/HOLIDAY,15,659.3,771.4
Kallang,EW10,WEEKENDS/HOLIDAY,16,762.6,804.8
Kallang,EW10,WEEKENDS/HOLIDAY,17,905.6,924.1
Kallang,EW10,WEEKENDS/HOLIDAY,18,882.4,1020.5
Kallang,EW10,WEEKENDS/HOLIDAY,19,781.4,969.1
Kallang,EW10,WEEKENDS/HOLIDAY,20,608.9,842.6
Kallang,EW10,WEEKENDS/HOLIDAY,21,465.2,810.8
Kallang,EW10,WEEKENDS/HOLIDAY,22,338.7,695.9
Kallang,EW10,WEEKENDS/HOLIDAY,23,143.6,343.9
Katong Park,TE24,WEEKDAY,0,0.9523809523809523,9.714285714285714
Katong Park,TE24,WEEKDAY,5,10.619047619047619,0.2857142857142857
Katong Park,TE24,WEEKDAY,6,113.57142857142857,40.23809523809524
Katong Park,TE24,WEEKDAY,7,284.2857142857143,348.9047619047619
Katong Park,TE24,WEEKDAY,8,461.2857142857143,191.57142857142858
Katong Park,TE24,WEEKDAY,9,305.7142857142857,101.33333333333333
Katong Park,TE24,WEEKDAY,10,177.33333333333334,75.28571428571429
Katong Park,TE24,WEEKDAY,11,167.76190476190476,96.52380952380952
Katong Park,TE24,WEEKDAY,12,175.61904761904762,125.0952380952381
Katong Park,TE24,WEEKDAY,13,143.0,152.66666666666666
Katong Park,TE24,WEEKDAY,14,212.52380952380952,167.14285714285714
Katong Park,TE24,WEEKDAY,15,191.0,195.66666666666666
Katong Park,TE24,WEEKDAY,16,221.8095238095238,227.14285714285714
Katong Park,TE24,WEEKDAY,17,269.2857142857143,292.7142857142857
Katong Park,TE24,WEEKDAY,18,308.7142857142857,455.95238095238096
Katong Park,TE24,WEEKDAY,19,180.42857142857142,362.3333333333333
Katong Park,TE24,WEEKDAY,20,84.76190476190476,213.04761904761904
Katong Park,TE24,WEEKDAY,21,56.476190476190474,169.57142857142858
Katong Park,TE24,WEEKDAY,22,36.38095238095238,105.95238095238095
Katong Park,TE24,WEEKDAY,23,12.238095238095237,49.42857142857143
Katong Park,TE24,WEEKENDS/HOLIDAY,0,2.5,12.0
Katong Park,TE24,WEEKENDS/HOLIDAY,5,3.9,0.0
Katong Park,TE24,WEEKENDS/HOLIDAY,6,33.9,24.0
Katong Park,TE24,WEEKENDS/HOLIDAY,7,78.3,77.5
Katong Park,TE24,WEEKENDS/HOLIDAY,8,165.0,92.7
Katong Park,TE24,WEEKENDS/HOLIDAY,9,213.7,98.4
Katong Park,TE24,WEEKENDS/HOLIDAY,10,249.6,124.6
Katong Park,TE24,WEEKENDS/HOLIDAY,11,244.0,140.8
Katong Park,TE24,WEEKENDS/HOLIDAY,12,221.6,165.6
Katong Park,TE24,WEEKENDS/HOLIDAY,13,197.6,185.7
Katong Park,TE24,WEEKENDS/HOLIDAY,14,159.6,192.2
Katong Park,TE24,WEEKENDS/HOLIDAY,15,156.9,198.4
Katong Park,TE24,WEEKENDS/HOLIDAY,16,179.6,222.7
Katong Park,TE24,WEEKENDS/HOLIDAY,17,212.3,219.9
Katong Park,TE24,WEEKENDS/HOLIDAY,18,200.7,238.3
Katong Park,TE24,WEEKENDS/HOLIDAY,19,157.6,245.5
Katong Park,TE24,WEEKENDS/HOLIDAY,20,95.1,196.9
Katong Park,TE24,WEEKENDS/HOLIDAY,21,62.8,164.6
Katong Park,TE24,WEEKENDS/HOLIDAY,22,50.9,107.3
Katong Park,TE24,WEEKENDS/HOLIDAY,23,19.1,52.9
Kembangan,EW6,WEEKDAY,0,3.5714285714285716,41.904761904761905
Kembangan,EW6,WEEKDAY,5,57.19047619047619,11.333333333333334
Kembangan,EW6,WEEKDAY,6,699.8571428571429,222.28571428571428
Kembangan,EW6,WEEKDAY,7,1371.6190476190477,631.6666666666666
Kembangan,EW6,WEEKDAY,8,1816.4285714285713,866.047619047619
Kembangan,EW6,WEEKDAY,9,966.2380952380952,500.85714285714283
Kembangan,EW6,WEEKDAY,10,539.9047619047619,303.14285714285717
Kembangan,EW6,WEEKDAY,11,524.0,311.4761904761905
Kembangan,EW6,WEEKDAY,12,511.14285714285717,434.6190476190476
Kembangan,EW6,WEEKDAY,13,446.4761904761905,502.6190476190476
Kembangan,EW6,WEEKDAY,14,413.95238095238096,521.952380952381
Kembangan,EW6,WEEKDAY,15,338.6190476190476,581.952380952381
Kembangan,EW6,WEEKDAY,16,445.95238095238096,699.2380952380952
Kembangan,EW6,WEEKDAY,17,727.5714285714286,967.7142857142857
Kembangan,EW6,WEEKDAY,18,877.3333333333334,1824.952380952381
Kembangan,EW6,WEEKDAY,19,440.2857142857143,1456.5238095238096
Kembangan,EW6,WEEKDAY,20,262.3333333333333,957.8095238095239
Kembangan,EW6,WEEKDAY,21,267.1904761904762,821.1904761904761
Kembangan,EW6,WEEKDAY,22,137.66666666666666,643.2380952380952
Kembangan,EW6,WEEKDAY,23,58.142857142857146,281.7142857142857
Kembangan,EW6,WEEKENDS/HOLIDAY,0,3.3,41.6
Kembangan,EW6,WEEKENDS/HOLIDAY,5,18.2,2.7
Kembangan,EW6,WEEKENDS/HOLIDAY,6,220.7,85.2
Kembangan,EW6,WEEKENDS/HOLIDAY,7,406.7,245.1
Kembangan,EW6,WEEKENDS/HOLIDAY,8,570.2,385.0
Kembangan,EW6,WEEKENDS/HOLIDAY,9,702.8,383.9
Kembangan,EW6,WEEKENDS/HOLIDAY,10,706.5,410.0
Kembangan,EW6,WEEKENDS/HOLIDAY,11,737.0,457.8
Kembangan,EW6,WEEKENDS/HOLIDAY,12,698.0,503.6
Kembangan,EW6,WEEKENDS/HOLIDAY,13,637.1,601.6
Kembangan,EW6,WEEKENDS/HOLIDAY,14,531.5,593.3
Kembangan,EW6,WEEKENDS/HOLIDAY,15,495.6,588.9
Kembangan,EW6,WEEKENDS/HOLIDAY,16,575.2,630.8
Kembangan,EW6,WEEKENDS/HOLIDAY,17,637.7,773.1
Kembangan,EW6,WEEKENDS/HOLIDAY,18,637.9,814.7
Kembangan,EW6,WEEKENDS/HOLIDAY,19,436.9,766.0
Kembangan,EW6,WEEKENDS/HOLIDAY,20,276.1,711.9
Kembangan,EW6,WEEKENDS/HOLIDAY,21,233.6,683.2
Kembangan,EW6,WEEKENDS/HOLIDAY,22,151.9,556.9
Kembangan,EW6,WEEKENDS/HOLIDAY,23,65.3,283.7
Kent Ridge,CC24,WEEKDAY,0,3.3333333333333335,4.714285714285714
Kent Ridge,CC24,WEEKDAY,5,8.285714285714286,31.61904761904762
Kent Ridge,CC24,WEEKDAY,6,53.666666666666664,1001.6666666666666
Kent Ridge,CC24,WEEKDAY,7,297.14285714285717,3153.9523809523807
Kent Ridge,CC24,WEEKDAY,8,484.1904761904762,5879.142857142857
Kent Ridge,CC24,WEEKDAY,9,499.2857142857143,4530.666666666667
Kent Ridge,CC24,WEEKDAY,10,739.8095238095239,1868.142857142857
Kent Ridge,CC24,WEEKDAY,11,1219.3333333333333,1651.2380952380952
Kent Ridge,CC24,WEEKDAY,12,1432.4761904761904,1303.095238095238
Kent Ridge,CC24,WEEKDAY,13,1210.047619047619,1579.5714285714287
Kent Ridge,CC24,WEEKDAY,14,1201.952380952381,1181.3333333333333
Kent Ridge,CC24,WEEKDAY,15,1714.7142857142858,884.3333333333334
Kent Ridge,CC24,WEEKDAY,16,2504.5238095238096,565.047619047619
Kent Ridge,CC24,WEEKDAY,17,5306.047619047619,846.5238095238095
Kent Ridge,CC24,WEEKDAY,18,5328.476190476191,1038.047619047619
Kent Ridge,CC24,WEEKDAY,19,2415.809523809524,543.5714285714286
Kent Ridge,CC24,WEEKDAY,20,1612.3809523809523,289.5238095238095
Kent Ridge,CC24,WEEKDAY,21,1273.8095238095239,223.38095238095238
Kent Ridge,CC24,WEEKDAY,22,523.6190476190476,166.0
Kent Ridge,CC24,WEEKDAY,23,115.61904761904762,57.857142857142854
Kent Ridge,CC24,WEEKENDS/HOLIDAY,0,1.8,5.0
Kent Ridge,CC24,WEEKENDS/HOLIDAY,5,5.6,7.0
Kent Ridge,CC24,WEEKENDS/HOLIDAY,6,21.6,371.8
Kent Ridge,CC24,WEEKENDS/HOLIDAY,7,160.2,411.5
Kent Ridge,CC24,WEEKENDS/HOLIDAY,8,204.2,597.3
Kent Ridge,CC24,WEEKENDS/HOLIDAY,9,183.6,459.1
Kent Ridge,CC24,WEEKENDS/HOLIDAY,10,229.6,390.5
Kent Ridge,CC24,WEEKENDS/HOLIDAY,11,353.2,488.1
Kent Ridge,CC24,WEEKENDS/HOLIDAY,12,492.3,607.7
Kent Ridge,CC24,WEEKENDS/HOLIDAY,13,495.8,493.2
Kent Ridge,CC24,WEEKENDS/HOLIDAY,14,567.1,437.5
Kent Ridge,CC24,WEEKENDS/HOLIDAY,15,605.6,385.9
Kent Ridge,CC24,WEEKENDS/HOLIDAY,16,645.8,360.7
Kent Ridge,CC24,WEEKENDS/HOLIDAY,17,723.0,380.7
Kent Ridge,CC24,WEEKENDS/HOLIDAY,18,605.8,427.6
Kent Ridge,CC24,WEEKENDS/HOLIDAY,19,556.9,345.8
Kent Ridge,CC24,WEEKENDS/HOLIDAY,20,561.6,273.0
Kent Ridge,CC24,WEEKENDS/HOLIDAY,21,465.4,235.4
Kent Ridge,CC24,WEEKENDS/HOLIDAY,22,213.7,160.5
Kent Ridge,CC24,WEEKENDS/HOLIDAY,23,52.8,53.0
Khatib,NS14,WEEKDAY,0,49.285714285714285,244.95238095238096
Khatib,NS14,WEEKDAY,5,776.1904761904761,145.71428571428572
Khatib,NS14,WEEKDAY,6,3369.095238095238,1017.7142857142857
Khatib,NS14,WEEKDAY,7,6267.380952380952,2097.5714285714284
Khatib,NS14,WEEKDAY,8,5812.0952380952385,1502.5714285714287
Khatib,NS14,WEEKDAY,9,3009.6190476190477,903.5714285714286
Khatib,NS14,WEEKDAY,10,1838.857142857143,707.6666666666666
Khatib,NS14,WEEKDAY,11,1418.952380952381,750.5714285714286
Khatib,NS14,WEEKDAY,12,1457.142857142857,899.4285714285714
Khatib,NS14,WEEKDAY,13,1308.6190476190477,1033.2380952380952
Khatib,NS14,WEEKDAY,14,1208.2380952380952,1188.5714285714287
Khatib,NS14,WEEKDAY,15,1202.7142857142858,1322.4761904761904
Khatib,NS14,WEEKDAY,16,1269.4761904761904,1687.8095238095239
Khatib,NS14,WEEKDAY,17,2031.952380952381,2977.6190476190477
Khatib,NS14,WEEKDAY,18,2399.4761904761904,5342.476190476191
Khatib,NS14,WEEKDAY,19,1483.7619047619048,3875.6666666666665
Khatib,NS14,WEEKDAY,20,910.7142857142857,2533.190476190476
Khatib,NS14,WEEKDAY,21,932.047619047619,2231.6190476190477
Khatib,NS14,WEEKDAY,22,763.6666666666666,2065.5714285714284
Khatib,NS14,WEEKDAY,23,343.8095238095238,1036.3333333333333
Khatib,NS14,WEEKENDS/HOLIDAY,0,58.6,275.1
Khatib,NS14,WEEKENDS/HOLIDAY,5,378.0,68.7
Khatib,NS14,WEEKENDS/HOLIDAY,6,1141.8,368.3
Khatib,NS14,WEEKENDS/HOLIDAY,7,1735.1,742.1
Khatib,NS14,WEEKENDS/HOLIDAY,8,2139.0,996.9
Khatib,NS14,WEEKENDS/HOLIDAY,9,2365.0,999.2
Khatib,NS14,WEEKENDS/HOLIDAY,10,2141.2,994.5
Khatib,NS14,WEEKENDS/HOLIDAY,11,1901.8,1029.4
Khatib,NS14,WEEKENDS/HOLIDAY,12,1826.7,1194.4
Khatib,NS14,WEEKENDS/HOLIDAY,13,1595.1,1322.7
Khatib,NS14,WEEKENDS/HOLIDAY,14,1497.9,1319.9
Khatib,NS14,WEEKENDS/HOLIDAY,15,1467.3,1363.6
Khatib,NS14,WEEKENDS/HOLIDAY,16,1563.7,1492.3
Khatib,NS14,WEEKENDS/HOLIDAY,17,1719.3,1735.2
Khatib,NS14,WEEKENDS/HOLIDAY,18,1633.8,1907.8
Khatib,NS14,WEEKENDS/HOLIDAY,19,1164.5,1838.7
Khatib,NS14,WEEKENDS/HOLIDAY,20,872.6,1831.9
Khatib,NS14,WEEKENDS/HOLIDAY,21,924.7,1903.1
Khatib,NS14,WEEKENDS/HOLIDAY,22,839.7,1956.9
Khatib,NS14,WEEKENDS/HOLIDAY,23,417.1,1164.6
King Albert Park,DT6,WEEKDAY,0,1.7619047619047619,15.619047619047619
King Albert Park,DT6,WEEKDAY,5,17.761904761904763,11.619047619047619
King Albert Park,DT6,WEEKDAY,6,196.33333333333334,285.4761904761905
King Albert Park,DT6,WEEKDAY,7,577.5714285714286,1058.904761904762
King Albert Park,DT6,WEEKDAY,8,783.6190476190476,1061.857142857143
King Albert Park,DT6,WEEKDAY,9,414.04761904761904,471.3809523809524
King Albert Park,DT6,WEEKDAY,10,278.8095238095238,273.14285714285717
King Albert Park,DT6,WEEKDAY,11,446.5238095238095,434.04761904761904
King Albert Park,DT6,WEEKDAY,12,408.57142857142856,393.8095238095238
King Albert Park,DT6,WEEKDAY,13,557.4761904761905,402.23809523809524
King Albert Park,DT6,WEEKDAY,14,720.1428571428571,382.85714285714283
King Albert Park,DT6,WEEKDAY,15,741.4761904761905,389.76190476190476
King Albert Park,DT6,WEEKDAY,16,654.2857142857143,332.6666666666667
King Albert Park,DT6,WEEKDAY,17,1059.4761904761904,563.4285714285714
King Albert Park,DT6,WEEKDAY,18,1119.7142857142858,908.2380952380952
King Albert Park,DT6,WEEKDAY,19,501.76190476190476,553.5714285714286
King Albert Park,DT6,WEEKDAY,20,227.42857142857142,305.0
King Albert Park,DT6,WEEKDAY,21,233.38095238095238,250.57142857142858
King Albert Park,DT6,WEEKDAY,22,276.3809523809524,202.66666666666666
King Albert Park,DT6,WEEKDAY,23,28.0,95.0
King Albert Park,DT6,WEEKENDS/HOLIDAY,0,0.8,16.2
King Albert Park,DT6,WEEKENDS/HOLIDAY,5,5.8,3.7
King Albert Park,DT6,WEEKENDS/HOLIDAY,6,49.1,60.0
King Albert Park,DT6,WEEKENDS/HOLIDAY,7,125.9,240.2
King Albert Park,DT6,WEEKENDS/HOLIDAY,8,266.4,371.2
King Albert Park,DT6,WEEKENDS/HOLIDAY,9,348.0,262.1
King Albert Park,DT6,WEEKENDS/HOLIDAY,10,354.1,239.3
King Albert Park,DT6,WEEKENDS/HOLIDAY,11,427.1,273.7
King Albert Park,DT6,WEEKENDS/HOLIDAY,12,436.4,268.6
King Albert Park,DT6,WEEKENDS/HOLIDAY,13,374.8,317.4
King Albert Park,DT6,WEEKENDS/HOLIDAY,14,314.6,297.6
King Albert Park,DT6,WEEKENDS/HOLIDAY,15,380.2,320.5
King Albert Park,DT6,WEEKENDS/HOLIDAY,16,428.2,301.6
King Albert Park,DT6,WEEKENDS/HOLIDAY,17,449.3,319.8
King Albert Park,DT6,WEEKENDS/HOLIDAY,18,447.9,320.6
King Albert Park,DT6,WEEKENDS/HOLIDAY,19,236.9,297.4
King Albert Park,DT6,WEEKENDS/HOLIDAY,20,128.6,268.6
King Albert Park,DT6,WEEKENDS/HOLIDAY,21,101.5,240.6
King Albert Park,DT6,WEEKENDS/HOLIDAY,22,64.4,194.8
King Albert Park,DT6,WEEKENDS/HOLIDAY,23,26.5,103.6
Kovan,NE13,WEEKDAY,0,8.476190476190476,72.14285714285714
Kovan,NE13,WEEKDAY,5,208.1904761904762,30.142857142857142
Kovan,NE13,WEEKDAY,6,1225.142857142857,571.1904761904761
Kovan,NE13,WEEKDAY,7,2325.190476190476,1410.4761904761904
Kovan,NE13,WEEKDAY,8,2880.3809523809523,1652.8095238095239
Kovan,NE13,WEEKDAY,9,1951.8095238095239,1085.952380952381
Kovan,NE13,WEEKDAY,10,1173.5238095238096,766.5714285714286
Kovan,NE13,WEEKDAY,11,1106.4285714285713,710.4761904761905
Kovan,NE13,WEEKDAY,12,1110.5714285714287,833.952380952381
Kovan,NE13,WEEKDAY,13,1140.904761904762,983.2380952380952
Kovan,NE13,WEEKDAY,14,1048.3809523809523,1160.4285714285713
Kovan,NE13,WEEKDAY,15,1244.3333333333333,1182.4285714285713
Kovan,NE13,WEEKDAY,16,1139.2857142857142,1347.1904761904761
Kovan,NE13,WEEKDAY,17,1542.857142857143,1944.1904761904761
Kovan,NE13,WEEKDAY,18,1857.904761904762,3190.0
Kovan,NE13,WEEKDAY,19,1244.142857142857,2509.285714285714
Kovan,NE13,WEEKDAY,20,871.0,1493.3333333333333
Kovan,NE13,WEEKDAY,21,819.7142857142857,1279.3333333333333
Kovan,NE13,WEEKDAY,22,389.57142857142856,1131.952380952381
Kovan,NE13,WEEKDAY,23,131.14285714285714,503.2857142857143
Kovan,NE13,WEEKENDS/HOLIDAY,0,11.5,70.9
Kovan,NE13,WEEKENDS/HOLIDAY,5,75.8,16.8
Kovan,NE13,WEEKENDS/HOLIDAY,6,401.1,293.5
Kovan,NE13,WEEKENDS/HOLIDAY,7,694.6,685.4
Kovan,NE13,WEEKENDS/HOLIDAY,8,1090.6,1119.6
Kovan,NE13,WEEKENDS/HOLIDAY,9,1483.2,1227.1
Kovan,NE13,WEEKENDS/HOLIDAY,10,1583.7,1284.4
Kovan,NE13,WEEKENDS/HOLIDAY,11,1741.9,1161.8
Kovan,NE13,WEEKENDS/HOLIDAY,12,1740.4,1222.3
Kovan,NE13,WEEKENDS/HOLIDAY,13,1742.8,1351.1
Kovan,NE13,WEEKENDS/HOLIDAY,14,1424.4,1232.5
Kovan,NE13,WEEKENDS/HOLIDAY,15,1305.9,1222.3
Kovan,NE13,WEEKENDS/HOLIDAY,16,1342.1,1257.8
Kovan,NE13,WEEKENDS/HOLIDAY,17,1413.6,1463.4
Kovan,NE13,WEEKENDS/HOLIDAY,18,1447.3,1511.5
Kovan,NE13,WEEKENDS/HOLIDAY,19,1113.9,1342.8
Kovan,NE13,WEEKENDS/HOLIDAY,20,782.8,1216.1
Kovan,NE13,WEEKENDS/HOLIDAY,21,642.5,1156.3
Kovan,NE13,WEEKENDS/HOLIDAY,22,390.7,1043.5
Kovan,NE13,WEEKENDS/HOLIDAY,23,148.4,546.2
Kranji,NS7,WEEKDAY,0,38.523809523809526,125.38095238095238
Kranji,NS7,WEEKDAY,5,2035.7142857142858,102.85714285714286
Kranji,NS7,WEEKDAY,6,3051.0,758.3333333333334
Kranji,NS7,WEEKDAY,7,3520.8571428571427,2073.6666666666665
Kranji,NS7,WEEKDAY,8,2389.285714285714,2136.7619047619046
Kranji,NS7,WEEKDAY,9,2060.9523809523807,1368.952380952381
Kranji,NS7,WEEKDAY,10,1415.952380952381,1015.2380952380952
Kranji,NS7,WEEKDAY,11,1017.3333333333334,745.5714285714286
Kranji,NS7,WEEKDAY,12,838.0,684.0952380952381
Kranji,NS7,WEEKDAY,13,783.047619047619,632.7142857142857
Kranji,NS7,WEEKDAY,14,725.2380952380952,656.2857142857143
Kranji,NS7,WEEKDAY,15,821.8095238095239,793.4761904761905
Kranji,NS7,WEEKDAY,16,993.8095238095239,1174.4285714285713
Kranji,NS7,WEEKDAY,17,1890.3809523809523,1983.095238095238
Kranji,NS7,WEEKDAY,18,1776.1904761904761,2739.0476190476193
Kranji,NS7,WEEKDAY,19,1184.7619047619048,2230.904761904762
Kranji,NS7,WEEKDAY,20,965.0,1916.7142857142858
Kranji,NS7,WEEKDAY,21,1044.5238095238096,1961.5714285714287
Kranji,NS7,WEEKDAY,22,686.3809523809524,1938.7619047619048
Kranji,NS7,WEEKDAY,23,289.7142857142857,932.1904761904761
Kranji,NS7,WEEKENDS/HOLIDAY,0,167.6,161.6
Kranji,NS7,WEEKENDS/HOLIDAY,5,897.6,170.8
Kranji,NS7,WEEKENDS/HOLIDAY,6,1865.1,956.9
Kranji,NS7,WEEKENDS/HOLIDAY,7,2079.1,1742.6
Kranji,NS7,WEEKENDS/HOLIDAY,8,1792.0,1927.7
Kranji,NS7,WEEKENDS/HOLIDAY,9,1922.9,1599.7
Kranji,NS7,WEEKENDS/HOLIDAY,10,1560.5,1314.7
Kranji,NS7,WEEKENDS/HOLIDAY,11,1222.4,1205.8
Kranji,NS7,WEEKENDS/HOLIDAY,12,1254.8,1161.0
Kranji,NS7,WEEKENDS/HOLIDAY,13,1207.3,1144.4
Kranji,NS7,WEEKENDS/HOLIDAY,14,1265.4,1015.3
Kranji,NS7,WEEKENDS/HOLIDAY,15,1372.0,1068.2
Kranji,NS7,WEEKENDS/HOLIDAY,16,1495.2,1191.4
Kranji,NS7,WEEKENDS/HOLIDAY,17,1502.0,1413.6
Kranji,NS7,WEEKENDS/HOLIDAY,18,2013.3,1633.9
Kranji,NS7,WEEKENDS/HOLIDAY,19,1880.2,1713.1
Kranji,NS7,WEEKENDS/HOLIDAY,20,1892.3,1740.9
Kranji,NS7,WEEKENDS/HOLIDAY,21,1852.0,1708.9
Kranji,NS7,WEEKENDS/HOLIDAY,22,1805.3,1954.5
Kranji,NS7,WEEKENDS/HOLIDAY,23,1062.0,1041.5
Labrador Park,CC27,WEEKDAY,0,0.09523809523809523,0.047619047619047616
Labrador Park,CC27,WEEKDAY,5,7.142857142857143,3.9523809523809526
Labrador Park,CC27,WEEKDAY,6,26.714285714285715,259.14285714285717
Labrador Park,CC27,WEEKDAY,7,73.9047619047619,886.2380952380952
Labrador Park,CC27,WEEKDAY,8,67.71428571428571,3221.5238095238096
Labrador Park,CC27,WEEKDAY,9,58.80952380952381,2335.3809523809523
Labrador Park,CC27,WEEKDAY,10,67.85714285714286,533.4285714285714
Labrador Park,CC27,WEEKDAY,11,245.57142857142858,228.28571428571428
Labrador Park,CC27,WEEKDAY,12,357.42857142857144,232.14285714285714
Labrador Park,CC27,WEEKDAY,13,215.33333333333334,391.85714285714283
Labrador Park,CC27,WEEKDAY,14,200.95238095238096,220.33333333333334
Labrador Park,CC27,WEEKDAY,15,274.0,111.04761904761905
Labrador Park,CC27,WEEKDAY,16,587.2857142857143,100.04761904761905
Labrador Park,CC27,WEEKDAY,17,2009.7142857142858,130.8095238095238
Labrador Park,CC27,WEEKDAY,18,2990.0476190476193,196.04761904761904
Labrador Park,CC27,WEEKDAY,19,1190.6190476190477,128.14285714285714
Labrador Park,CC27,WEEKDAY,20,452.7142857142857,52.523809523809526
Labrador Park,CC27,WEEKDAY,21,262.6190476190476,41.04761904761905
Labrador Park,CC27,WEEKDAY,22,116.52380952380952,25.666666666666668
Labrador Park,CC27,WEEKDAY,23,25.80952380952381,10.0
Labrador Park,CC27,WEEKENDS/HOLIDAY,0,0.0,0.8
Labrador Park,CC27,WEEKENDS/HOLIDAY,5,5.1,0.3
Labrador Park,CC27,WEEKENDS/HOLIDAY,6,9.2,34.8
Labrador Park,CC27,WEEKENDS/HOLIDAY,7,26.9,92.1
Labrador Park,CC27,WEEKENDS/HOLIDAY,8,29.2,140.8
Labrador Park,CC27,WEEKENDS/HOLIDAY,9,38.2,125.8
Labrador Park,CC27,WEEKENDS/HOLIDAY,10,50.3,120.4
Labrador Park,CC27,WEEKENDS/HOLIDAY,11,77.8,114.1
Labrador Park,CC27,WEEKENDS/HOLIDAY,12,97.7,101.8
Labrador Park,CC27,WEEKENDS/HOLIDAY,13,108.6,116.4
Labrador Park,CC27,WEEKENDS/HOLIDAY,14,104.5,95.0
Labrador Park,CC27,WEEKENDS/HOLIDAY,15,111.2,84.6
Labrador Park,CC27,WEEKENDS/HOLIDAY,16,113.1,95.0
Labrador Park,CC27,WEEKENDS/HOLIDAY,17,146.4,110.3
Labrador Park,CC27,WEEKENDS/HOLIDAY,18,121.6,94.8
Labrador Park,CC27,WEEKENDS/HOLIDAY,19,125.5,69.6
Labrador Park,CC27,WEEKENDS/HOLIDAY,20,111.3,38.1
Labrador Park,CC27,WEEKENDS/HOLIDAY,21,91.8,31.5
Labrador Park,CC27,WEEKENDS/HOLIDAY,22,72.9,23.0
Labrador Park,CC27,WEEKENDS/HOLIDAY,23,16.4,10.0
Lakeside,EW26,WEEKDAY,0,2.3333333333333335,195.61904761904762
Lakeside,EW26,WEEKDAY,5,911.3333333333334,105.0952380952381
Lakeside,EW26,WEEKDAY,6,3405.809523809524,1566.4285714285713
Lakeside,EW26,WEEKDAY,7,6572.714285714285,2866.809523809524
Lakeside,EW26,WEEKDAY,8,5694.380952380952,1818.7142857142858
Lakeside,EW26,WEEKDAY,9,2544.809523809524,724.7142857142857
Lakeside,EW26,WEEKDAY,10,1557.3333333333333,515.9047619047619
Lakeside,EW26,WEEKDAY,11,1334.857142857143,522.6190476190476
Lakeside,EW26,WEEKDAY,12,1396.7619047619048,735.4761904761905
Lakeside,EW26,WEEKDAY,13,1345.1904761904761,955.8095238095239
Lakeside,EW26,WEEKDAY,14,1225.7142857142858,1016.5714285714286
Lakeside,EW26,WEEKDAY,15,1164.5238095238096,1199.5238095238096
Lakeside,EW26,WEEKDAY,16,1343.904761904762,1625.7619047619048
Lakeside,EW26,WEEKDAY,17,2684.2380952380954,3109.3809523809523
Lakeside,EW26,WEEKDAY,18,2872.9523809523807,4961.476190476191
Lakeside,EW26,WEEKDAY,19,1357.5714285714287,3898.4285714285716
Lakeside,EW26,WEEKDAY,20,918.0,2672.5714285714284
Lakeside,EW26,WEEKDAY,21,592.8571428571429,2243.5714285714284
Lakeside,EW26,WEEKDAY,22,399.23809523809524,1906.8095238095239
Lakeside,EW26,WEEKDAY,23,146.0,914.047619047619
Lakeside,EW26,WEEKENDS/HOLIDAY,0,4.3,226.1
Lakeside,EW26,WEEKENDS/HOLIDAY,5,370.8,21.1
Lakeside,EW26,WEEKENDS/HOLIDAY,6,1395.6,563.3
Lakeside,EW26,WEEKENDS/HOLIDAY,7,1818.8,1017.9
Lakeside,EW26,WEEKENDS/HOLIDAY,8,2055.4,901.6
Lakeside,EW26,WEEKENDS/HOLIDAY,9,2055.4,778.7
Lakeside,EW26,WEEKENDS/HOLIDAY,10,2085.5,704.3
Lakeside,EW26,WEEKENDS/HOLIDAY,11,2022.8,775.6
Lakeside,EW26,WEEKENDS/HOLIDAY,12,2073.0,1012.5
Lakeside,EW26,WEEKENDS/HOLIDAY,13,1790.8,1221.4
Lakeside,EW26,WEEKENDS/HOLIDAY,14,1519.7,1303.3
Lakeside,EW26,WEEKENDS/HOLIDAY,15,1437.4,1459.6
Lakeside,EW26,WEEKENDS/HOLIDAY,16,1537.3,1623.9
Lakeside,EW26,WEEKENDS/HOLIDAY,17,1865.2,2036.6
Lakeside,EW26,WEEKENDS/HOLIDAY,18,1683.2,2115.9
Lakeside,EW26,WEEKENDS/HOLIDAY,19,1290.4,2061.9
Lakeside,EW26,WEEKENDS/HOLIDAY,20,911.9,2059.0
Lakeside,EW26,WEEKENDS/HOLIDAY,21,646.7,1982.2
Lakeside,EW26,WEEKENDS/HOLIDAY,22,447.2,1805.5
Lakeside,EW26,WEEKENDS/HOLIDAY,23,160.1,1069.5
Lavender,EW11,WEEKDAY,0,8.619047619047619,26.38095238095238
Lavender,EW11,WEEKDAY,5,133.8095238095238,22.428571428571427
Lavender,EW11,WEEKDAY,6,808.7142857142857,378.4761904761905
Lavender,EW11,WEEKDAY,7,1077.6666666666667,1207.7142857142858
Lavender,EW11,WEEKDAY,8,1304.2380952380952,2242.6190476190477
Lavender,EW11,WEEKDAY,9,1098.5714285714287,1624.2857142857142
Lavender,EW11,WEEKDAY,10,911.5238095238095,856.0952380952381
Lavender,EW11,WEEKDAY,11,887.9047619047619,724.3333333333334
Lavender,EW11,WEEKDAY,12,854.9047619047619,804.3333333333334
Lavender,EW11,WEEKDAY,13,782.4761904761905,931.8095238095239
Lavender,EW11,WEEKDAY,14,754.2857142857143,873.1904761904761
Lavender,EW11,WEEKDAY,15,825.2380952380952,859.2857142857143
Lavender,EW11,WEEKDAY,16,916.0952380952381,862.7142857142857
Lavender,EW11,WEEKDAY,17,1859.6190476190477,1223.142857142857
Lavender,EW11,WEEKDAY,18,2344.5238095238096,2041.7142857142858
Lavender,EW11,WEEKDAY,19,1310.5714285714287,1476.095238095238
Lavender,EW11,WEEKDAY,20,808.9047619047619,1014.3333333333334
Lavender,EW11,WEEKDAY,21,727.047619047619,1028.7619047619048
Lavender,EW11,WEEKDAY,22,597.2857142857143,755.6666666666666
Lavender,EW11,WEEKDAY,23,259.4761904761905,341.5238095238095
Lavender,EW11,WEEKENDS/HOLIDAY,0,6.6,34.7
Lavender,EW11,WEEKENDS/HOLIDAY,5,47.1,4.9
Lavender,EW11,WEEKENDS/HOLIDAY,6,466.3,219.8
Lavender,EW11,WEEKENDS/HOLIDAY,7,546.7,417.9
Lavender,EW11,WEEKENDS/HOLIDAY,8,599.4,653.0
Lavender,EW11,WEEKENDS/HOLIDAY,9,782.5,815.4
Lavender,EW11,WEEKENDS/HOLIDAY,10,954.9,925.8
Lavender,EW11,WEEKENDS/HOLIDAY,11,1011.1,978.4
Lavender,EW11,WEEKENDS/HOLIDAY,12,1028.6,1067.5
Lavender,EW11,WEEKENDS/HOLIDAY,13,1011.5,1152.8
Lavender,EW11,WEEKENDS/HOLIDAY,14,972.7,1133.8
Lavender,EW11,WEEKENDS/HOLIDAY,15,971.2,1124.5
Lavender,EW11,WEEKENDS/HOLIDAY,16,1087.4,1067.6
Lavender,EW11,WEEKENDS/HOLIDAY,17,1179.6,1113.0
Lavender,EW11,WEEKENDS/HOLIDAY,18,1205.0,1144.5
Lavender,EW11,WEEKENDS/HOLIDAY,19,1030.4,986.2
Lavender,EW11,WEEKENDS/HOLIDAY,20,813.1,884.5
Lavender,EW11,WEEKENDS/HOLIDAY,21,706.2,959.3
Lavender,EW11,WEEKENDS/HOLIDAY,22,552.3,805.4
Lavender,EW11,WEEKENDS/HOLIDAY,23,273.9,377.6
Lentor,TE5,WEEKDAY,0,2.761904761904762,30.047619047619047
Lentor,TE5,WEEKDAY,5,47.476190476190474,5.476190476190476
Lentor,TE5,WEEKDAY,6,429.6666666666667,136.04761904761904
Lentor,TE5,WEEKDAY,7,884.7619047619048,601.1428571428571
Lentor,TE5,WEEKDAY,8,1012.3333333333334,459.4761904761905
Lentor,TE5,WEEKDAY,9,465.42857142857144,255.38095238095238
Lentor,TE5,WEEKDAY,10,262.85714285714283,148.76190476190476
Lentor,TE5,WEEKDAY,11,251.0952380952381,140.66666666666666
Lentor,TE5,WEEKDAY,12,261.9047619047619,207.85714285714286
Lentor,TE5,WEEKDAY,13,247.28571428571428,286.0952380952381
Lentor,TE5,WEEKDAY,14,207.14285714285714,295.95238095238096
Lentor,TE5,WEEKDAY,15,192.23809523809524,312.8095238095238
Lentor,TE5,WEEKDAY,16,253.9047619047619,351.6190476190476
Lentor,TE5,WEEKDAY,17,471.8095238095238,565.4285714285714
Lentor,TE5,WEEKDAY,18,679.4761904761905,1008.1428571428571
Lentor,TE5,WEEKDAY,19,387.4761904761905,768.4761904761905
Lentor,TE5,WEEKDAY,20,280.8095238095238,431.1904761904762
Lentor,TE5,WEEKDAY,21,237.38095238095238,360.14285714285717
Lentor,TE5,WEEKDAY,22,157.04761904761904,311.3333333333333
Lentor,TE5,WEEKDAY,23,39.42857142857143,159.66666666666666
Lentor,TE5,WEEKENDS/HOLIDAY,0,6.4,33.8
Lentor,TE5,WEEKENDS/HOLIDAY,5,22.5,1.8
Lentor,TE5,WEEKENDS/HOLIDAY,6,111.7,65.4
Lentor,TE5,WEEKENDS/HOLIDAY,7,212.4,304.8
Lentor,TE5,WEEKENDS/HOLIDAY,8,300.6,213.6
Lentor,TE5,WEEKENDS/HOLIDAY,9,342.3,199.8
Lentor,TE5,WEEKENDS/HOLIDAY,10,344.3,188.7
Lentor,TE5,WEEKENDS/HOLIDAY,11,344.9,239.5
Lentor,TE5,WEEKENDS/HOLIDAY,12,374.8,299.0
Lentor,TE5,WEEKENDS/HOLIDAY,13,355.1,332.4
Lentor,TE5,WEEKENDS/HOLIDAY,14,350.0,311.1
Lentor,TE5,WEEKENDS/HOLIDAY,15,331.1,305.3
Lentor,TE5,WEEKENDS/HOLIDAY,16,353.2,355.4
Lentor,TE5,WEEKENDS/HOLIDAY,17,353.9,418.1
Lentor,TE5,WEEKENDS/HOLIDAY,18,382.3,511.1
Lentor,TE5,WEEKENDS/HOLIDAY,19,357.3,431.3
Lentor,TE5,WEEKENDS/HOLIDAY,20,265.9,329.7
Lentor,TE5,WEEKENDS/HOLIDAY,21,225.8,298.5
Lentor,TE5,WEEKENDS/HOLIDAY,22,169.4,276.8
Lentor,TE5,WEEKENDS/HOLIDAY,23,44.6,156.7
Little India,NE7/DT12,WEEKDAY,0,9.142857142857142,31.428571428571427
Little India,NE7/DT12,WEEKDAY,5,63.61904761904762,18.333333333333332
Little India,NE7/DT12,WEEKDAY,6,792.8571428571429,748.047619047619
Little India,NE7/DT12,WEEKDAY,7,1334.7142857142858,1786.3809523809523
Little India,NE7/DT12,WEEKDAY,8,1298.4761904761904,3071.809523809524
Little India,NE7/DT12,WEEKDAY,9,968.5238095238095,2036.2857142857142
Little India,NE7/DT12,WEEKDAY,10,921.1904761904761,1539.142857142857
Little India,NE7/DT12,WEEKDAY,11,1347.1904761904761,1596.5238095238096
Little India,NE7/DT12,WEEKDAY,12,2043.047619047619,1732.5238095238096
Little India,NE7/DT12,WEEKDAY,13,1523.0,1976.2857142857142
Little India,NE7/DT12,WEEKDAY,14,1250.7619047619048,1432.857142857143
Little India,NE7/DT12,WEEKDAY,15,1302.3333333333333,1202.6666666666667
Little India,NE7/DT12,WEEKDAY,16,1456.5714285714287,1233.142857142857
Little India,NE7/DT12,WEEKDAY,17,2536.9523809523807,1747.857142857143
Little India,NE7/DT12,WEEKDAY,18,3272.714285714286,2688.5714285714284
Little India,NE7/DT12,WEEKDAY,19,2109.6190476190477,2321.5238095238096
Little India,NE7/DT12,WEEKDAY,20,1750.952380952381,1406.857142857143
Little India,NE7/DT12,WEEKDAY,21,1492.3333333333333,878.4761904761905
Little India,NE7/DT12,WEEKDAY,22,914.4285714285714,562.2857142857143
Little India,NE7/DT12,WEEKDAY,23,284.9047619047619,249.47619047619048
Little India,NE7/DT12,WEEKENDS/HOLIDAY,0,13.3,39.7
Little India,NE7/DT12,WEEKENDS/HOLIDAY,5,25.5,6.1
Little India,NE7/DT12,WEEKENDS/HOLIDAY,6,509.6,469.6
Little India,NE7/DT12,WEEKENDS/HOLIDAY,7,781.3,864.3
Little India,NE7/DT12,WEEKENDS/HOLIDAY,8,748.3,1386.6
Little India,NE7/DT12,WEEKENDS/HOLIDAY,9,921.1,2253.0
Little India,NE7/DT12,WEEKENDS/HOLIDAY,10,1272.9,2919.2
Little India,NE7/DT12,WEEKENDS/HOLIDAY,11,1715.4,3084.8
Little India,NE7/DT12,WEEKENDS/HOLIDAY,12,2214.1,2890.3
Little India,NE7/DT12,WEEKENDS/HOLIDAY,13,2318.1,2563.3
Little India,NE7/DT12,WEEKENDS/HOLIDAY,14,2159.2,2205.8
Little India,NE7/DT12,WEEKENDS/HOLIDAY,15,2159.1,2056.3
Little India,NE7/DT12,WEEKENDS/HOLIDAY,16,2195.8,2273.1
Little India,NE7/DT12,WEEKENDS/HOLIDAY,17,2400.4,2681.0
Little India,NE7/DT12,WEEKENDS/HOLIDAY,18,2714.4,2891.9
Little India,NE7/DT12,WEEKENDS/HOLIDAY,19,2642.8,2478.0
Little India,NE7/DT12,WEEKENDS/HOLIDAY,20,2574.5,1668.3
Little India,NE7/DT12,WEEKENDS/HOLIDAY,21,2294.9,1090.7
Little India,NE7/DT12,WEEKENDS/HOLIDAY,22,1408.9,693.5
Little India,NE7/DT12,WEEKENDS/HOLIDAY,23,420.7,325.0
Lorong Chuan,CC14,WEEKDAY,0,1.2857142857142858,13.952380952380953
Lorong Chuan,CC14,WEEKDAY,5,36.476190476190474,15.523809523809524
Lorong Chuan,CC14,WEEKDAY,6,370.6190476190476,246.14285714285714
Lorong Chuan,CC14,WEEKDAY,7,865.9047619047619,807.047619047619
Lorong Chuan,CC14,WEEKDAY,8,1018.4761904761905,1120.5714285714287
Lorong Chuan,CC14,WEEKDAY,9,537.1428571428571,405.6666666666667
Lorong Chuan,CC14,WEEKDAY,10,293.76190476190476,176.8095238095238
Lorong Chuan,CC14,WEEKDAY,11,350.6666666666667,157.47619047619048
Lorong Chuan,CC14,WEEKDAY,12,374.85714285714283,251.28571428571428
Lorong Chuan,CC14,WEEKDAY,13,522.2857142857143,426.7142857142857
Lorong Chuan,CC14,WEEKDAY,14,322.0,390.14285714285717
Lorong Chuan,CC14,WEEKDAY,15,498.23809523809524,377.1904761904762
Lorong Chuan,CC14,WEEKDAY,16,559.8571428571429,390.04761904761904
Lorong Chuan,CC14,WEEKDAY,17,786.7142857142857,527.1428571428571
Lorong Chuan,CC14,WEEKDAY,18,829.9047619047619,850.4761904761905
Lorong Chuan,CC14,WEEKDAY,19,443.95238095238096,686.2857142857143
Lorong Chuan,CC14,WEEKDAY,20,189.8095238095238,379.0
Lorong Chuan,CC14,WEEKDAY,21,175.71428571428572,318.76190476190476
Lorong Chuan,CC14,WEEKDAY,22,126.33333333333333,238.85714285714286
Lorong Chuan,CC14,WEEKDAY,23,29.476190476190474,96.23809523809524
Lorong Chuan,CC14,WEEKENDS/HOLIDAY,0,1.6,14.6
Lorong Chuan,CC14,WEEKENDS/HOLIDAY,5,17.4,2.2
Lorong Chuan,CC14,WEEKENDS/HOLIDAY,6,74.6,61.0
Lorong Chuan,CC14,WEEKENDS/HOLIDAY,7,148.3,143.0
Lorong Chuan,CC14,WEEKENDS/HOLIDAY,8,268.7,187.6
Lorong Chuan,CC14,WEEKENDS/HOLIDAY,9,335.6,192.1
Lorong Chuan,CC14,WEEKENDS/HOLIDAY,10,346.5,206.4
Lorong Chuan,CC14,WEEKENDS/HOLIDAY,11,388.9,241.9
Lorong Chuan,CC14,WEEKENDS/HOLIDAY,12,370.0,267.0
Lorong Chuan,CC14,WEEKENDS/HOLIDAY,13,380.0,337.2
Lorong Chuan,CC14,WEEKENDS/HOLIDAY,14,318.8,332.6
Lorong Chuan,CC14,WEEKENDS/HOLIDAY,15,306.2,306.5
Lorong Chuan,CC14,WEEKENDS/HOLIDAY,16,325.1,308.4
Lorong Chuan,CC14,WEEKENDS/HOLIDAY,17,378.7,312.5
Lorong Chuan,CC14,WEEKENDS/HOLIDAY,18,314.7,334.5
Lorong Chuan,CC14,WEEKENDS/HOLIDAY,19,225.5,326.0
Lorong Chuan,CC14,WEEKENDS/HOLIDAY,20,151.5,279.8
Lorong Chuan,CC14,WEEKENDS/HOLIDAY,21,117.5,274.6
Lorong Chuan,CC14,WEEKENDS/HOLIDAY,22,101.7,211.3
Lorong Chuan,CC14,WEEKENDS/HOLIDAY,23,30.5,97.5
MacPherson,CC10/DT26,WEEKDAY,0,9.047619047619047,46.19047619047619
MacPherson,CC10/DT26,WEEKDAY,5,196.1904761904762,24.571428571428573
MacPherson,CC10/DT26,WEEKDAY,6,1033.4285714285713,403.2857142857143
MacPherson,CC10/DT26,WEEKDAY,7,1686.7142857142858,1215.7142857142858
MacPherson,CC10/DT26,WEEKDAY,8,1847.2380952380952,2709.904761904762
MacPherson,CC10/DT26,WEEKDAY,9,1049.952380952381,1569.0
MacPherson,CC10/DT26,WEEKDAY,10,673.3809523809524,613.1428571428571
MacPherson,CC10/DT26,WEEKDAY,11,692.5714285714286,436.23809523809524
MacPherson,CC10/DT26,WEEKDAY,12,740.0,544.2380952380952
MacPherson,CC10/DT26,WEEKDAY,13,633.1904761904761,762.4761904761905
MacPherson,CC10/DT26,WEEKDAY,14,546.4285714285714,630.8571428571429
MacPherson,CC10/DT26,WEEKDAY,15,581.0952380952381,618.5238095238095
MacPherson,CC10/DT26,WEEKDAY,16,832.9047619047619,674.8571428571429
MacPherson,CC10/DT26,WEEKDAY,17,2107.9523809523807,1102.904761904762
MacPherson,CC10/DT26,WEEKDAY,18,3043.0476190476193,1744.3809523809523
MacPherson,CC10/DT26,WEEKDAY,19,1187.6190476190477,1279.904761904762
MacPherson,CC10/DT26,WEEKDAY,20,654.0952380952381,854.9047619047619
MacPherson,CC10/DT26,WEEKDAY,21,468.6190476190476,859.0
MacPherson,CC10/DT26,WEEKDAY,22,328.42857142857144,722.952380952381
MacPherson,CC10/DT26,WEEKDAY,23,116.76190476190476,348.42857142857144
MacPherson,CC10/DT26,WEEKENDS/HOLIDAY,0,10.1,61.0
MacPherson,CC10/DT26,WEEKENDS/HOLIDAY,5,77.9,5.6
MacPherson,CC10/DT26,WEEKENDS/HOLIDAY,6,427.6,139.3
MacPherson,CC10/DT26,WEEKENDS/HOLIDAY,7,554.1,336.9
MacPherson,CC10/DT26,WEEKENDS/HOLIDAY,8,663.7,584.4
MacPherson,CC10/DT26,WEEKENDS/HOLIDAY,9,823.3,651.9
MacPherson,CC10/DT26,WEEKENDS/HOLIDAY,10,824.1,597.4
MacPherson,CC10/DT26,WEEKENDS/HOLIDAY,11,828.4,536.2
MacPherson,CC10/DT26,WEEKENDS/HOLIDAY,12,921.6,658.4
MacPherson,CC10/DT26,WEEKENDS/HOLIDAY,13,948.2,794.7
MacPherson,CC10/DT26,WEEKENDS/HOLIDAY,14,784.2,765.8
MacPherson,CC10/DT26,WEEKENDS/HOLIDAY,15,821.3,780.4
MacPherson,CC10/DT26,WEEKENDS/HOLIDAY,16,887.4,786.9
MacPherson,CC10/DT26,WEEKENDS/HOLIDAY,17,988.9,779.6
MacPherson,CC10/DT26,WEEKENDS/HOLIDAY,18,902.8,776.5
MacPherson,CC10/DT26,WEEKENDS/HOLIDAY,19,670.1,741.0
MacPherson,CC10/DT26,WEEKENDS/HOLIDAY,20,465.6,745.4
MacPherson,CC10/DT26,WEEKENDS/HOLIDAY,21,401.9,838.3
MacPherson,CC10/DT26,WEEKENDS/HOLIDAY,22,253.9,764.9
MacPherson,CC10/DT26,WEEKENDS/HOLIDAY,23,117.2,391.7
Marina Bay,NS27/CE2/TE20,WEEKDAY,0,1.8571428571428572,7.428571428571429
Marina Bay,NS27/CE2/TE20,WEEKDAY,5,26.19047619047619,13.952380952380953
Marina Bay,NS27/CE2/TE20,WEEKDAY,6,44.666666666666664,164.76190476190476
Marina Bay,NS27/CE2/TE20,WEEKDAY,7,61.42857142857143,405.42857142857144
Marina Bay,NS27/CE2/TE20,WEEKDAY,8,83.57142857142857,1454.5714285714287
Marina Bay,NS27/CE2/TE20,WEEKDAY,9,70.23809523809524,1352.8095238095239
Marina Bay,NS27/CE2/TE20,WEEKDAY,10,85.66666666666667,388.1904761904762
Marina Bay,NS27/CE2/TE20,WEEKDAY,11,234.23809523809524,225.0952380952381
Marina Bay,NS27/CE2/TE20,WEEKDAY,12,298.14285714285717,233.71428571428572
Marina Bay,NS27/CE2/TE20,WEEKDAY,13,180.57142857142858,394.0952380952381
Marina Bay,NS27/CE2/TE20,WEEKDAY,14,162.95238095238096,256.04761904761904
Marina Bay,NS27/CE2/TE20,WEEKDAY,15,213.1904761904762,168.95238095238096
Marina Bay,NS27/CE2/TE20,WEEKDAY,16,366.3809523809524,177.0952380952381
Marina Bay,NS27/CE2/TE20,WEEKDAY,17,879.8095238095239,191.33333333333334
Marina Bay,NS27/CE2/TE20,WEEKDAY,18,1945.1904761904761,248.38095238095238
Marina Bay,NS27/CE2/TE20,WEEKDAY,19,947.952380952381,204.66666666666666
Marina Bay,NS27/CE2/TE20,WEEKDAY,20,395.6190476190476,152.14285714285714
Marina Bay,NS27/CE2/TE20,WEEKDAY,21,221.38095238095238,113.76190476190476
Marina Bay,NS27/CE2/TE20,WEEKDAY,22,151.42857142857142,68.57142857142857
Marina Bay,NS27/CE2/TE20,WEEKDAY,23,48.904761904761905,32.38095238095238
Marina Bay,NS27/CE2/TE20,WEEKENDS/HOLIDAY,0,2.0,11.4
Marina Bay,NS27/CE2/TE20,WEEKENDS/HOLIDAY,5,20.9,1.1
Marina Bay,NS27/CE2/TE20,WEEKENDS/HOLIDAY,6,91.8,46.1
Marina Bay,NS27/CE2/TE20,WEEKENDS/HOLIDAY,7,57.0,84.1
Marina Bay,NS27/CE2/TE20,WEEKENDS/HOLIDAY,8,53.0,95.5
Marina Bay,NS27/CE2/TE20,WEEKENDS/HOLIDAY,9,72.5,136.4
Marina Bay,NS27/CE2/TE20,WEEKENDS/HOLIDAY,10,112.0,189.3
Marina Bay,NS27/CE2/TE20,WEEKENDS/HOLIDAY,11,146.2,232.5
Marina Bay,NS27/CE2/TE20,WEEKENDS/HOLIDAY,12,166.5,251.0
Marina Bay,NS27/CE2/TE20,WEEKENDS/HOLIDAY,13,174.1,290.0
Marina Bay,NS27/CE2/TE20,WEEKENDS/HOLIDAY,14,213.3,300.1
Marina Bay,NS27/CE2/TE20,WEEKENDS/HOLIDAY,15,221.4,332.4
Marina Bay,NS27/CE2/TE20,WEEKENDS/HOLIDAY,16,238.6,333.1
Marina Bay,NS27/CE2/TE20,WEEKENDS/HOLIDAY,17,236.0,332.7
Marina Bay,NS27/CE2/TE20,WEEKENDS/HOLIDAY,18,230.1,310.2
Marina Bay,NS27/CE2/TE20,WEEKENDS/HOLIDAY,19,217.8,275.9
Marina Bay,NS27/CE2/TE20,WEEKENDS/HOLIDAY,20,181.3,215.0
Marina Bay,NS27/CE2/TE20,WEEKENDS/HOLIDAY,21,133.4,134.0
Marina Bay,NS27/CE2/TE20,WEEKENDS/HOLIDAY,22,91.1,82.5
Marina Bay,NS27/CE2/TE20,WEEKENDS/HOLIDAY,23,44.3,42.5
Marina South Pier,NS28,WEEKDAY,0,0.09523809523809523,0.47619047619047616
Marina South Pier,NS28,WEEKDAY,5,3.0,0.38095238095238093
Marina South Pier,NS28,WEEKDAY,6,11.761904761904763,92.9047619047619
Marina South Pier,NS28,WEEKDAY,7,80.95238095238095,161.8095238095238
Marina South Pier,NS28,WEEKDAY,8,192.9047619047619,220.04761904761904
Marina South Pier,NS28,WEEKDAY,9,257.2857142857143,140.38095238095238
Marina South Pier,NS28,WEEKDAY,10,165.66666666666666,163.04761904761904
Marina South Pier,NS28,WEEKDAY,11,98.42857142857143,163.23809523809524
Marina South Pier,NS28,WEEKDAY,12,91.47619047619048,143.61904761904762
Marina South Pier,NS28,WEEKDAY,13,71.9047619047619,137.0
Marina South Pier,NS28,WEEKDAY,14,151.66666666666666,129.04761904761904
Marina South Pier,NS28,WEEKDAY,15,248.28571428571428,135.85714285714286
Marina South Pier,NS28,WEEKDAY,16,187.66666666666666,180.57142857142858
Marina South Pier,NS28,WEEKDAY,17,184.23809523809524,161.71428571428572
Marina South Pier,NS28,WEEKDAY,18,216.8095238095238,94.80952380952381
Marina South Pier,NS28,WEEKDAY,19,170.42857142857142,68.0952380952381
Marina South Pier,NS28,WEEKDAY,20,55.76190476190476,54.38095238095238
Marina South Pier,NS28,WEEKDAY,21,33.95238095238095,40.95238095238095
Marina South Pier,NS28,WEEKDAY,22,37.523809523809526,23.19047619047619
Marina South Pier,NS28,WEEKDAY,23,14.523809523809524,12.904761904761905
Marina South Pier,NS28,WEEKENDS/HOLIDAY,0,0.2,0.7
Marina South Pier,NS28,WEEKENDS/HOLIDAY,5,13.3,0.9
Marina South Pier,NS28,WEEKENDS/HOLIDAY,6,29.2,54.9
Marina South Pier,NS28,WEEKENDS/HOLIDAY,7,39.4,102.3
Marina South Pier,NS28,WEEKENDS/HOLIDAY,8,52.3,181.8
Marina South Pier,NS28,WEEKENDS/HOLIDAY,9,70.1,210.7
Marina South Pier,NS28,WEEKENDS/HOLIDAY,10,65.6,265.6
Marina South Pier,NS28,WEEKENDS/HOLIDAY,11,102.3,282.7
Marina South Pier,NS28,WEEKENDS/HOLIDAY,12,126.3,297.1
Marina South Pier,NS28,WEEKENDS/HOLIDAY,13,150.9,294.5
Marina South Pier,NS28,WEEKENDS/HOLIDAY,14,360.4,270.1
Marina South Pier,NS28,WEEKENDS/HOLIDAY,15,611.0,268.9
Marina South Pier,NS28,WEEKENDS/HOLIDAY,16,419.4,278.7
Marina South Pier,NS28,WEEKENDS/HOLIDAY,17,334.4,223.3
Marina South Pier,NS28,WEEKENDS/HOLIDAY,18,393.3,119.6
Marina South Pier,NS28,WEEKENDS/HOLIDAY,19,269.9,68.0
Marina South Pier,NS28,WEEKENDS/HOLIDAY,20,127.6,41.1
Marina South Pier,NS28,WEEKENDS/HOLIDAY,21,70.1,39.7
Marina South Pier,NS28,WEEKENDS/HOLIDAY,22,37.9,23.2
Marina South Pier,NS28,WEEKENDS/HOLIDAY,23,14.5,10.8
Marine Parade,TE26,WEEKDAY,0,6.0,25.714285714285715
Marine Parade,TE26,WEEKDAY,5,22.38095238095238,1.2857142857142858
Marine Parade,TE26,WEEKDAY,6,195.33333333333334,113.66666666666667
Marine Parade,TE26,WEEKDAY,7,590.3333333333334,333.8095238095238
Marine Parade,TE26,WEEKDAY,8,866.2380952380952,569.1904761904761
Marine Parade,TE26,WEEKDAY,9,588.3809523809524,629.6190476190476
Marine Parade,TE26,WEEKDAY,10,423.0952380952381,558.1428571428571
Marine Parade,TE26,WEEKDAY,11,496.4761904761905,566.6190476190476
Marine Parade,TE26,WEEKDAY,12,566.2380952380952,615.047619047619
Marine Parade,TE26,WEEKDAY,13,665.9047619047619,734.5238095238095
Marine Parade,TE26,WEEKDAY,14,662.7619047619048,756.6666666666666
Marine Parade,TE26,WEEKDAY,15,609.5714285714286,656.2380952380952
Marine Parade,TE26,WEEKDAY,16,665.7619047619048,790.9047619047619
Marine Parade,TE26,WEEKDAY,17,901.1904761904761,934.952380952381
Marine Parade,TE26,WEEKDAY,18,1021.2857142857143,1404.047619047619
Marine Parade,TE26,WEEKDAY,19,824.952380952381,1006.8095238095239
Marine Parade,TE26,WEEKDAY,20,652.9047619047619,487.0
Marine Parade,TE26,WEEKDAY,21,590.8571428571429,332.85714285714283
Marine Parade,TE26,WEEKDAY,22,319.9047619047619,253.42857142857142
Marine Parade,TE26,WEEKDAY,23,99.76190476190476,123.38095238095238
Marine Parade,TE26,WEEKENDS/HOLIDAY,0,7.2,35.1
Marine Parade,TE26,WEEKENDS/HOLIDAY,5,15.2,0.2
Marine Parade,TE26,WEEKENDS/HOLIDAY,6,94.0,64.1
Marine Parade,TE26,WEEKENDS/HOLIDAY,7,169.3,202.5
Marine Parade,TE26,WEEKENDS/HOLIDAY,8,259.8,584.9
Marine Parade,TE26,WEEKENDS/HOLIDAY,9,402.3,815.8
Marine Parade,TE26,WEEKENDS/HOLIDAY,10,582.4,939.0
Marine Parade,TE26,WEEKENDS/HOLIDAY,11,804.2,1002.6
Marine Parade,TE26,WEEKENDS/HOLIDAY,12,922.0,937.0
Marine Parade,TE26,WEEKENDS/HOLIDAY,13,1007.5,932.1
Marine Parade,TE26,WEEKENDS/HOLIDAY,14,964.9,813.7
Marine Parade,TE26,WEEKENDS/HOLIDAY,15,938.2,811.1
Marine Parade,TE26,WEEKENDS/HOLIDAY,16,1066.1,901.8
Marine Parade,TE26,WEEKENDS/HOLIDAY,17,1014.9,893.4
Marine Parade,TE26,WEEKENDS/HOLIDAY,18,1060.2,859.8
Marine Parade,TE26,WEEKENDS/HOLIDAY,19,968.0,675.7
Marine Parade,TE26,WEEKENDS/HOLIDAY,20,870.0,459.1
Marine Parade,TE26,WEEKENDS/HOLIDAY,21,771.3,340.2
Marine Parade,TE26,WEEKENDS/HOLIDAY,22,431.5,263.1
Marine Parade,TE26,WEEKENDS/HOLIDAY,23,139.3,114.5
Marine Terrace,TE27,WEEKDAY,0,0.7619047619047619,28.857142857142858
Marine Terrace,TE27,WEEKDAY,5,44.523809523809526,0.23809523809523808
Marine Terrace,TE27,WEEKDAY,6,306.5238095238095,111.47619047619048
Marine Terrace,TE27,WEEKDAY,7,842.1904761904761,724.1428571428571
Marine Terrace,TE27,WEEKDAY,8,928.4285714285714,228.57142857142858
Marine Terrace,TE27,WEEKDAY,9,555.9047619047619,159.66666666666666
Marine Terrace,TE27,WEEKDAY,10,321.8095238095238,128.28571428571428
Marine Terrace,TE27,WEEKDAY,11,272.6666666666667,149.71428571428572
Marine Terrace,TE27,WEEKDAY,12,321.14285714285717,221.52380952380952
Marine Terrace,TE27,WEEKDAY,13,647.9047619047619,309.04761904761904
Marine Terrace,TE27,WEEKDAY,14,457.14285714285717,319.6190476190476
Marine Terrace,TE27,WEEKDAY,15,352.0,314.42857142857144
Marine Terrace,TE27,WEEKDAY,16,351.42857142857144,365.3333333333333
Marine Terrace,TE27,WEEKDAY,17,387.6666666666667,516.4285714285714
Marine Terrace,TE27,WEEKDAY,18,340.6190476190476,835.7142857142857
Marine Terrace,TE27,WEEKDAY,19,203.33333333333334,677.1428571428571
Marine Terrace,TE27,WEEKDAY,20,113.0952380952381,423.23809523809524
Marine Terrace,TE27,WEEKDAY,21,74.04761904761905,355.1904761904762
Marine Terrace,TE27,WEEKDAY,22,53.285714285714285,275.14285714285717
Marine Terrace,TE27,WEEKDAY,23,23.19047619047619,145.0952380952381
Marine Terrace,TE27,WEEKENDS/HOLIDAY,0,1.6,35.6
Marine Terrace,TE27,WEEKENDS/HOLIDAY,5,13.8,0.0
Marine Terrace,TE27,WEEKENDS/HOLIDAY,6,137.0,25.5
Marine Terrace,TE27,WEEKENDS/HOLIDAY,7,203.7,95.1
Marine Terrace,TE27,WEEKENDS/HOLIDAY,8,350.7,133.9
Marine Terrace,TE27,WEEKENDS/HOLIDAY,9,418.3,183.5
Marine Terrace,TE27,WEEKENDS/HOLIDAY,10,404.5,216.8
Marine Terrace,TE27,WEEKENDS/HOLIDAY,11,414.3,276.8
Marine Terrace,TE27,WEEKENDS/HOLIDAY,12,402.5,296.7
Marine Terrace,TE27,WEEKENDS/HOLIDAY,13,346.9,302.9
Marine Terrace,TE27,WEEKENDS/HOLIDAY,14,275.3,329.6
Marine Terrace,TE27,WEEKENDS/HOLIDAY,15,284.5,323.9
Marine Terrace,TE27,WEEKENDS/HOLIDAY,16,289.8,338.5
Marine Terrace,TE27,WEEKENDS/HOLIDAY,17,338.1,351.0
Marine Terrace,TE27,WEEKENDS/HOLIDAY,18,314.2,363.0
Marine Terrace,TE27,WEEKENDS/HOLIDAY,19,255.7,375.9
Marine Terrace,TE27,WEEKENDS/HOLIDAY,20,143.5,375.4
Marine Terrace,TE27,WEEKENDS/HOLIDAY,21,106.8,334.8
Marine Terrace,TE27,WEEKENDS/HOLIDAY,22,71.0,271.4
Marine Terrace,TE27,WEEKENDS/HOLIDAY,23,37.3,153.2
Marsiling,NS8,WEEKDAY,0,24.761904761904763,134.61904761904762
Marsiling,NS8,WEEKDAY,5,702.952380952381,111.28571428571429
Marsiling,NS8,WEEKDAY,6,2411.2380952380954,619.047619047619
Marsiling,NS8,WEEKDAY,7,3997.714285714286,1494.047619047619
Marsiling,NS8,WEEKDAY,8,2669.1428571428573,945.0
Marsiling,NS8,WEEKDAY,9,1634.4761904761904,627.2857142857143
Marsiling,NS8,WEEKDAY,10,1073.6666666666667,486.8095238095238
Marsiling,NS8,WEEKDAY,11,868.7142857142857,447.8095238095238
Marsiling,NS8,WEEKDAY,12,916.8095238095239,515.047619047619
Marsiling,NS8,WEEKDAY,13,915.3809523809524,632.9047619047619
Marsiling,NS8,WEEKDAY,14,739.4761904761905,661.047619047619
Marsiling,NS8,WEEKDAY,15,793.5714285714286,719.6666666666666
Marsiling,NS8,WEEKDAY,16,898.8095238095239,884.047619047619
Marsiling,NS8,WEEKDAY,17,1519.6190476190477,1649.0
Marsiling,NS8,WEEKDAY,18,1536.3333333333333,2731.0476190476193
Marsiling,NS8,WEEKDAY,19,987.0,1961.6190476190477
Marsiling,NS8,WEEKDAY,20,646.1904761904761,1251.4761904761904
Marsiling,NS8,WEEKDAY,21,553.0952380952381,1013.9047619047619
Marsiling,NS8,WEEKDAY,22,371.85714285714283,795.1904761904761
Marsiling,NS8,WEEKDAY,23,181.76190476190476,437.1904761904762
Marsiling,NS8,WEEKENDS/HOLIDAY,0,63.0,138.7
Marsiling,NS8,WEEKENDS/HOLIDAY,5,289.3,49.7
Marsiling,NS8,WEEKENDS/HOLIDAY,6,815.3,294.5
Marsiling,NS8,WEEKENDS/HOLIDAY,7,1067.6,599.0
Marsiling,NS8,WEEKENDS/HOLIDAY,8,1173.4,673.3
Marsiling,NS8,WEEKENDS/HOLIDAY,9,1320.2,623.4
Marsiling,NS8,WEEKENDS/HOLIDAY,10,1179.8,645.1
Marsiling,NS8,WEEKENDS/HOLIDAY,11,1057.9,609.9
Marsiling,NS8,WEEKENDS/HOLIDAY,12,1112.1,685.3
Marsiling,NS8,WEEKENDS/HOLIDAY,13,1012.4,742.7
Marsiling,NS8,WEEKENDS/HOLIDAY,14,905.7,718.7
Marsiling,NS8,WEEKENDS/HOLIDAY,15,830.5,737.1
Marsiling,NS8,WEEKENDS/HOLIDAY,16,861.4,799.3
Marsiling,NS8,WEEKENDS/HOLIDAY,17,955.7,958.7
Marsiling,NS8,WEEKENDS/HOLIDAY,18,965.5,980.2
Marsiling,NS8,WEEKENDS/HOLIDAY,19,794.5,881.0
Marsiling,NS8,WEEKENDS/HOLIDAY,20,679.1,884.0
Marsiling,NS8,WEEKENDS/HOLIDAY,21,602.9,830.6
Marsiling,NS8,WEEKENDS/HOLIDAY,22,476.8,730.5
Marsiling,NS8,WEEKENDS/HOLIDAY,23,280.9,464.0
Marymount,CC16,WEEKDAY,0,1.5714285714285714,10.571428571428571
Marymount,CC16,WEEKDAY,5,49.904761904761905,12.333333333333334
Marymount,CC16,WEEKDAY,6,344.42857142857144,198.52380952380952
Marymount,CC16,WEEKDAY,7,763.1428571428571,1249.0
Marymount,CC16,WEEKDAY,8,944.952380952381,1045.4761904761904
Marymount,CC16,WEEKDAY,9,506.0952380952381,637.7619047619048
Marymount,CC16,WEEKDAY,10,272.5238095238095,249.0952380952381
Marymount,CC16,WEEKDAY,11,302.95238095238096,179.33333333333334
Marymount,CC16,WEEKDAY,12,387.3333333333333,235.33333333333334
Marymount,CC16,WEEKDAY,13,342.8095238095238,357.57142857142856
Marymount,CC16,WEEKDAY,14,365.4761904761905,319.3809523809524
Marymount,CC16,WEEKDAY,15,400.0952380952381,300.42857142857144
Marymount,CC16,WEEKDAY,16,476.8095238095238,356.2857142857143
Marymount,CC16,WEEKDAY,17,881.8095238095239,518.952380952381
Marymount,CC16,WEEKDAY,18,1138.6190476190477,837.047619047619
Marymount,CC16,WEEKDAY,19,494.8095238095238,664.2857142857143
Marymount,CC16,WEEKDAY,20,279.6666666666667,376.2857142857143
Marymount,CC16,WEEKDAY,21,194.85714285714286,322.0952380952381
Marymount,CC16,WEEKDAY,22,169.8095238095238,237.0952380952381
Marymount,CC16,WEEKDAY,23,42.38095238095238,95.57142857142857
Marymount,CC16,WEEKENDS/HOLIDAY,0,2.1,11.7
Marymount,CC16,WEEKENDS/HOLIDAY,5,19.7,3.1
Marymount,CC16,WEEKENDS/HOLIDAY,6,74.4,65.9
Marymount,CC16,WEEKENDS/HOLIDAY,7,143.2,262.6
Marymount,CC16,WEEKENDS/HOLIDAY,8,245.9,329.7
Marymount,CC16,WEEKENDS/HOLIDAY,9,307.8,400.1
Marymount,CC16,WEEKENDS/HOLIDAY,10,320.2,323.9
Marymount,CC16,WEEKENDS/HOLIDAY,11,373.0,252.5
Marymount,CC16,WEEKENDS/HOLIDAY,12,464.0,257.1
Marymount,CC16,WEEKENDS/HOLIDAY,13,447.4,295.9
Marymount,CC16,WEEKENDS/HOLIDAY,14,332.2,312.7
Marymount,CC16,WEEKENDS/HOLIDAY,15,330.9,304.3
Marymount,CC16,WEEKENDS/HOLIDAY,16,339.8,306.3
Marymount,CC16,WEEKENDS/HOLIDAY,17,387.4,294.6
Marymount,CC16,WEEKENDS/HOLIDAY,18,375.3,322.6
Marymount,CC16,WEEKENDS/HOLIDAY,19,252.8,315.6
Marymount,CC16,WEEKENDS/HOLIDAY,20,190.1,277.6
Marymount,CC16,WEEKENDS/HOLIDAY,21,162.2,281.7
Marymount,CC16,WEEKENDS/HOLIDAY,22,104.8,221.1
Marymount,CC16,WEEKENDS/HOLIDAY,23,32.0,96.0
Mattar,DT25,WEEKDAY,0,2.4761904761904763,13.523809523809524
Mattar,DT25,WEEKDAY,5,32.523809523809526,13.952380952380953
Mattar,DT25,WEEKDAY,6,282.3809523809524,202.8095238095238
Mattar,DT25,WEEKDAY,7,583.6190476190476,433.1904761904762
Mattar,DT25,WEEKDAY,8,648.1904761904761,548.952380952381
Mattar,DT25,WEEKDAY,9,336.3333333333333,280.3809523809524
Mattar,DT25,WEEKDAY,10,187.42857142857142,121.57142857142857
Mattar,DT25,WEEKDAY,11,158.0,110.42857142857143
Mattar,DT25,WEEKDAY,12,143.85714285714286,133.8095238095238
Mattar,DT25,WEEKDAY,13,289.8095238095238,196.57142857142858
Mattar,DT25,WEEKDAY,14,170.42857142857142,153.8095238095238
Mattar,DT25,WEEKDAY,15,152.33333333333334,180.71428571428572
Mattar,DT25,WEEKDAY,16,238.66666666666666,222.23809523809524
Mattar,DT25,WEEKDAY,17,436.1904761904762,338.0
Mattar,DT25,WEEKDAY,18,619.9047619047619,598.0952380952381
Mattar,DT25,WEEKDAY,19,242.9047619047619,484.6666666666667
Mattar,DT25,WEEKDAY,20,137.04761904761904,278.5238095238095
Mattar,DT25,WEEKDAY,21,120.23809523809524,285.95238095238096
Mattar,DT25,WEEKDAY,22,83.28571428571429,237.23809523809524
Mattar,DT25,WEEKDAY,23,28.0,137.9047619047619
Mattar,DT25,WEEKENDS/HOLIDAY,0,2.0,14.3
Mattar,DT25,WEEKENDS/HOLIDAY,5,16.0,1.5
Mattar,DT25,WEEKENDS/HOLIDAY,6,131.5,53.7
Mattar,DT25,WEEKENDS/HOLIDAY,7,211.1,112.9
Mattar,DT25,WEEKENDS/HOLIDAY,8,216.3,212.9
Mattar,DT25,WEEKENDS/HOLIDAY,9,210.8,151.5
Mattar,DT25,WEEKENDS/HOLIDAY,10,262.8,150.0
Mattar,DT25,WEEKENDS/HOLIDAY,11,232.9,121.7
Mattar,DT25,WEEKENDS/HOLIDAY,12,272.9,134.6
Mattar,DT25,WEEKENDS/HOLIDAY,13,239.3,166.5
Mattar,DT25,WEEKENDS/HOLIDAY,14,200.0,188.2
Mattar,DT25,WEEKENDS/HOLIDAY,15,164.9,188.2
Mattar,DT25,WEEKENDS/HOLIDAY,16,220.0,199.2
Mattar,DT25,WEEKENDS/HOLIDAY,17,216.8,268.6
Mattar,DT25,WEEKENDS/HOLIDAY,18,266.1,234.1
Mattar,DT25,WEEKENDS/HOLIDAY,19,168.3,247.0
Mattar,DT25,WEEKENDS/HOLIDAY,20,113.0,252.5
Mattar,DT25,WEEKENDS/HOLIDAY,21,94.6,277.2
Mattar,DT25,WEEKENDS/HOLIDAY,22,75.2,223.1
Mattar,DT25,WEEKENDS/HOLIDAY,23,38.7,154.1
Maxwell,TE18,WEEKDAY,0,12.333333333333334,8.095238095238095
Maxwell,TE18,WEEKDAY,5,7.190476190476191,1.7142857142857142
Maxwell,TE18,WEEKDAY,6,74.14285714285714,182.8095238095238
Maxwell,TE18,WEEKDAY,7,135.47619047619048,457.85714285714283
Maxwell,TE18,WEEKDAY,8,198.47619047619048,1236.3809523809523
Maxwell,TE18,WEEKDAY,9,243.0,1266.8095238095239
Maxwell,TE18,WEEKDAY,10,298.1904761904762,839.3333333333334
Maxwell,TE18,WEEKDAY,11,412.0952380952381,850.4285714285714
Maxwell,TE18,WEEKDAY,12,608.6666666666666,860.6190476190476
Maxwell,TE18,WEEKDAY,13,814.3809523809524,641.0
Maxwell,TE18,WEEKDAY,14,697.0952380952381,519.3809523809524
Maxwell,TE18,WEEKDAY,15,611.4285714285714,444.0
Maxwell,TE18,WEEKDAY,16,668.1428571428571,471.3333333333333
Maxwell,TE18,WEEKDAY,17,1033.904761904762,631.6190476190476
Maxwell,TE18,WEEKDAY,18,1549.047619047619,1052.4761904761904
Maxwell,TE18,WEEKDAY,19,1013.6666666666666,679.6190476190476
Maxwell,TE18,WEEKDAY,20,850.0,342.7142857142857
Maxwell,TE18,WEEKDAY,21,815.9047619047619,245.0
Maxwell,TE18,WEEKDAY,22,633.9047619047619,151.23809523809524
Maxwell,TE18,WEEKDAY,23,293.7142857142857,62.523809523809526
Maxwell,TE18,WEEKENDS/HOLIDAY,0,11.3,14.0
Maxwell,TE18,WEEKENDS/HOLIDAY,5,3.1,0.2
Maxwell,TE18,WEEKENDS/HOLIDAY,6,46.3,114.2
Maxwell,TE18,WEEKENDS/HOLIDAY,7,69.0,179.3
Maxwell,TE18,WEEKENDS/HOLIDAY,8,131.0,391.3
Maxwell,TE18,WEEKENDS/HOLIDAY,9,239.5,601.8
Maxwell,TE18,WEEKENDS/HOLIDAY,10,378.2,845.9
Maxwell,TE18,WEEKENDS/HOLIDAY,11,525.0,1003.7
Maxwell,TE18,WEEKENDS/HOLIDAY,12,717.5,1078.0
Maxwell,TE18,WEEKENDS/HOLIDAY,13,888.5,938.8
Maxwell,TE18,WEEKENDS/HOLIDAY,14,1000.1,777.3
Maxwell,TE18,WEEKENDS/HOLIDAY,15,961.4,680.1
Maxwell,TE18,WEEKENDS/HOLIDAY,16,872.6,651.7
Maxwell,TE18,WEEKENDS/HOLIDAY,17,851.3,792.2
Maxwell,TE18,WEEKENDS/HOLIDAY,18,806.3,910.1
Maxwell,TE18,WEEKENDS/HOLIDAY,19,818.2,643.0
Maxwell,TE18,WEEKENDS/HOLIDAY,20,807.3,444.1
Maxwell,TE18,WEEKENDS/HOLIDAY,21,696.7,304.0
Maxwell,TE18,WEEKENDS/HOLIDAY,22,556.3,200.4
Maxwell,TE18,WEEKENDS/HOLIDAY,23,253.8,97.8
Mayflower,TE6,WEEKDAY,0,6.904761904761905,78.0
Mayflower,TE6,WEEKDAY,5,215.57142857142858,21.428571428571427
Mayflower,TE6,WEEKDAY,6,1031.3809523809523,381.6190476190476
Mayflower,TE6,WEEKDAY,7,2139.5714285714284,950.2857142857143
Mayflower,TE6,WEEKDAY,8,2294.3809523809523,443.6666666666667
Mayflower,TE6,WEEKDAY,9,1124.904761904762,267.9047619047619
Mayflower,TE6,WEEKDAY,10,631.4285714285714,192.57142857142858
Mayflower,TE6,WEEKDAY,11,528.4761904761905,229.28571428571428
Mayflower,TE6,WEEKDAY,12,534.2857142857143,309.76190476190476
Mayflower,TE6,WEEKDAY,13,686.2380952380952,499.95238095238096
Mayflower,TE6,WEEKDAY,14,725.9047619047619,429.5238095238095
Mayflower,TE6,WEEKDAY,15,453.85714285714283,517.9047619047619
Mayflower,TE6,WEEKDAY,16,469.3333333333333,631.8095238095239
Mayflower,TE6,WEEKDAY,17,622.7619047619048,1110.3809523809523
Mayflower,TE6,WEEKDAY,18,925.1428571428571,1925.4285714285713
Mayflower,TE6,WEEKDAY,19,413.42857142857144,1488.3809523809523
Mayflower,TE6,WEEKDAY,20,239.71428571428572,996.0
Mayflower,TE6,WEEKDAY,21,204.76190476190476,908.4285714285714
Mayflower,TE6,WEEKDAY,22,148.85714285714286,823.8095238095239
Mayflower,TE6,WEEKDAY,23,53.904761904761905,427.3809523809524
Mayflower,TE6,WEEKENDS/HOLIDAY,0,8.0,82.3
Mayflower,TE6,WEEKENDS/HOLIDAY,5,96.3,3.8
Mayflower,TE6,WEEKENDS/HOLIDAY,6,383.3,71.5
Mayflower,TE6,WEEKENDS/HOLIDAY,7,577.0,194.1
Mayflower,TE6,WEEKENDS/HOLIDAY,8,764.5,278.4
Mayflower,TE6,WEEKENDS/HOLIDAY,9,869.4,316.6
Mayflower,TE6,WEEKENDS/HOLIDAY,10,816.1,297.5
Mayflower,TE6,WEEKENDS/HOLIDAY,11,764.8,316.6
Mayflower,TE6,WEEKENDS/HOLIDAY,12,725.1,401.1
Mayflower,TE6,WEEKENDS/HOLIDAY,13,638.0,494.0
Mayflower,TE6,WEEKENDS/HOLIDAY,14,530.5,504.2
Mayflower,TE6,WEEKENDS/HOLIDAY,15,494.5,548.7
Mayflower,TE6,WEEKENDS/HOLIDAY,16,524.5,565.8
Mayflower,TE6,WEEKENDS/HOLIDAY,17,570.6,659.8
Mayflower,TE6,WEEKENDS/HOLIDAY,18,564.3,764.2
Mayflower,TE6,WEEKENDS/HOLIDAY,19,378.1,777.1
Mayflower,TE6,WEEKENDS/HOLIDAY,20,264.8,781.5
Mayflower,TE6,WEEKENDS/HOLIDAY,21,210.5,842.2
Mayflower,TE6,WEEKENDS/HOLIDAY,22,162.2,840.9
Mayflower,TE6,WEEKENDS/HOLIDAY,23,64.5,444.8
Mountbatten,CC7,WEEKDAY,0,1.1904761904761905,19.333333333333332
Mountbatten,CC7,WEEKDAY,5,71.28571428571429,4.809523809523809
Mountbatten,CC7,WEEKDAY,6,300.2857142857143,106.80952380952381
Mountbatten,CC7,WEEKDAY,7,505.04761904761904,419.85714285714283
Mountbatten,CC7,WEEKDAY,8,580.8571428571429,479.14285714285717
Mountbatten,CC7,WEEKDAY,9,344.76190476190476,298.3809523809524
Mountbatten,CC7,WEEKDAY,10,216.9047619047619,151.38095238095238
Mountbatten,CC7,WEEKDAY,11,241.38095238095238,155.04761904761904
Mountbatten,CC7,WEEKDAY,12,343.6666666666667,218.85714285714286
Mountbatten,CC7,WEEKDAY,13,257.3333333333333,293.14285714285717
Mountbatten,CC7,WEEKDAY,14,235.8095238095238,284.8095238095238
Mountbatten,CC7,WEEKDAY,15,259.04761904761904,281.3809523809524
Mountbatten,CC7,WEEKDAY,16,307.23809523809524,316.04761904761904
Mountbatten,CC7,WEEKDAY,17,451.04761904761904,454.57142857142856
Mountbatten,CC7,WEEKDAY,18,564.2380952380952,760.4761904761905
Mountbatten,CC7,WEEKDAY,19,306.14285714285717,587.5238095238095
Mountbatten,CC7,WEEKDAY,20,188.71428571428572,403.85714285714283
Mountbatten,CC7,WEEKDAY,21,184.28571428571428,381.04761904761904
Mountbatten,CC7,WEEKDAY,22,172.1904761904762,305.2857142857143
Mountbatten,CC7,WEEKDAY,23,48.904761904761905,142.47619047619048
Mountbatten,CC7,WEEKENDS/HOLIDAY,0,1.7,21.1
Mountbatten,CC7,WEEKENDS/HOLIDAY,5,27.3,1.3
Mountbatten,CC7,WEEKENDS/HOLIDAY,6,104.7,71.7
Mountbatten,CC7,WEEKENDS/HOLIDAY,7,167.2,125.4
Mountbatten,CC7,WEEKENDS/HOLIDAY,8,206.0,188.4
Mountbatten,CC7,WEEKENDS/HOLIDAY,9,275.8,189.6
Mountbatten,CC7,WEEKENDS/HOLIDAY,10,299.6,212.0
Mountbatten,CC7,WEEKENDS/HOLIDAY,11,331.6,230.5
Mountbatten,CC7,WEEKENDS/HOLIDAY,12,322.8,262.1
Mountbatten,CC7,WEEKENDS/HOLIDAY,13,295.1,305.1
Mountbatten,CC7,WEEKENDS/HOLIDAY,14,272.2,351.1
Mountbatten,CC7,WEEKENDS/HOLIDAY,15,244.7,361.0
Mountbatten,CC7,WEEKENDS/HOLIDAY,16,282.0,343.4
Mountbatten,CC7,WEEKENDS/HOLIDAY,17,331.3,359.5
Mountbatten,CC7,WEEKENDS/HOLIDAY,18,341.1,386.0
Mountbatten,CC7,WEEKENDS/HOLIDAY,19,252.2,379.5
Mountbatten,CC7,WEEKENDS/HOLIDAY,20,187.0,374.3
Mountbatten,CC7,WEEKENDS/HOLIDAY,21,154.8,374.3
Mountbatten,CC7,WEEKENDS/HOLIDAY,22,130.7,308.0
Mountbatten,CC7,WEEKENDS/HOLIDAY,23,47.4,148.7
Napier,TE12,WEEKDAY,0,0.9523809523809523,3.761904761904762
Napier,TE12,WEEKDAY,5,9.857142857142858,13.476190476190476
Napier,TE12,WEEKDAY,6,79.66666666666667,263.0
Napier,TE12,WEEKDAY,7,196.85714285714286,552.5714285714286
Napier,TE12,WEEKDAY,8,364.95238095238096,1134.4285714285713
Napier,TE12,WEEKDAY,9,281.3333333333333,601.7142857142857
Napier,TE12,WEEKDAY,10,258.04761904761904,362.5238095238095
Napier,TE12,WEEKDAY,11,323.14285714285717,302.9047619047619
Napier,TE12,WEEKDAY,12,396.23809523809524,244.04761904761904
Napier,TE12,WEEKDAY,13,263.1904761904762,335.95238095238096
Napier,TE12,WEEKDAY,14,242.76190476190476,336.76190476190476
Napier,TE12,WEEKDAY,15,323.57142857142856,248.8095238095238
Napier,TE12,WEEKDAY,16,423.57142857142856,208.47619047619048
Napier,TE12,WEEKDAY,17,800.1904761904761,222.76190476190476
Napier,TE12,WEEKDAY,18,648.7619047619048,330.6666666666667
Napier,TE12,WEEKDAY,19,303.14285714285717,209.8095238095238
Napier,TE12,WEEKDAY,20,163.66666666666666,133.04761904761904
Napier,TE12,WEEKDAY,21,163.42857142857142,95.42857142857143
Napier,TE12,WEEKDAY,22,136.14285714285714,62.0
Napier,TE12,WEEKDAY,23,34.285714285714285,25.142857142857142
Napier,TE12,WEEKENDS/HOLIDAY,0,1.4,5.3
Napier,TE12,WEEKENDS/HOLIDAY,5,3.8,4.4
Napier,TE12,WEEKENDS/HOLIDAY,6,30.5,167.4
Napier,TE12,WEEKENDS/HOLIDAY,7,55.3,265.4
Napier,TE12,WEEKENDS/HOLIDAY,8,111.5,420.0
Napier,TE12,WEEKENDS/HOLIDAY,9,162.1,327.5
Napier,TE12,WEEKENDS/HOLIDAY,10,244.3,359.8
Napier,TE12,WEEKENDS/HOLIDAY,11,321.2,325.7
Napier,TE12,WEEKENDS/HOLIDAY,12,362.1,275.9
Napier,TE12,WEEKENDS/HOLIDAY,13,326.8,238.2
Napier,TE12,WEEKENDS/HOLIDAY,14,240.3,195.1
Napier,TE12,WEEKENDS/HOLIDAY,15,286.2,193.6
Napier,TE12,WEEKENDS/HOLIDAY,16,285.2,181.7
Napier,TE12,WEEKENDS/HOLIDAY,17,306.4,187.6
Napier,TE12,WEEKENDS/HOLIDAY,18,280.8,154.0
Napier,TE12,WEEKENDS/HOLIDAY,19,232.3,133.7
Napier,TE12,WEEKENDS/HOLIDAY,20,128.1,122.8
Napier,TE12,WEEKENDS/HOLIDAY,21,142.7,99.1
Napier,TE12,WEEKENDS/HOLIDAY,22,136.9,56.5
Napier,TE12,WEEKENDS/HOLIDAY,23,44.4,32.7
Newton,NS21/DT11,WEEKDAY,0,71.28571428571429,81.80952380952381
Newton,NS21/DT11,WEEKDAY,5,193.8095238095238,124.9047619047619
Newton,NS21/DT11,WEEKDAY,6,1409.4285714285713,1534.3333333333333
Newton,NS21/DT11,WEEKDAY,7,3652.1428571428573,3965.6190476190477
Newton,NS21/DT11,WEEKDAY,8,5900.476190476191,6289.047619047619
Newton,NS21/DT11,WEEKDAY,9,3902.1428571428573,3880.2380952380954
Newton,NS21/DT11,WEEKDAY,10,2308.0,2272.3333333333335
Newton,NS21/DT11,WEEKDAY,11,2363.904761904762,2090.0
Newton,NS21/DT11,WEEKDAY,12,2694.9523809523807,2313.8571428571427
Newton,NS21/DT11,WEEKDAY,13,2535.809523809524,2917.6666666666665
Newton,NS21/DT11,WEEKDAY,14,2495.8571428571427,2806.8571428571427
Newton,NS21/DT11,WEEKDAY,15,2524.6666666666665,2812.1428571428573
Newton,NS21/DT11,WEEKDAY,16,2904.3333333333335,3094.6666666666665
Newton,NS21/DT11,WEEKDAY,17,5028.9047619047615,4923.190476190476
Newton,NS21/DT11,WEEKDAY,18,7445.857142857143,7296.428571428572
Newton,NS21/DT11,WEEKDAY,19,4161.333333333333,4492.333333333333
Newton,NS21/DT11,WEEKDAY,20,2630.8571428571427,2966.1428571428573
Newton,NS21/DT11,WEEKDAY,21,2476.5238095238096,2854.5238095238096
Newton,NS21/DT11,WEEKDAY,22,1874.8095238095239,2149.0476190476193
Newton,NS21/DT11,WEEKDAY,23,991.1428571428571,973.3333333333334
Newton,NS21/DT11,WEEKENDS/HOLIDAY,0,84.9,97.1
Newton,NS21/DT11,WEEKENDS/HOLIDAY,5,71.2,52.1
Newton,NS21/DT11,WEEKENDS/HOLIDAY,6,771.3,831.6
Newton,NS21/DT11,WEEKENDS/HOLIDAY,7,1290.0,1556.0
Newton,NS21/DT11,WEEKENDS/HOLIDAY,8,1996.6,2169.7
Newton,NS21/DT11,WEEKENDS/HOLIDAY,9,2597.9,2572.9
Newton,NS21/DT11,WEEKENDS/HOLIDAY,10,2894.0,2921.7
Newton,NS21/DT11,WEEKENDS/HOLIDAY,11,3185.0,3086.0
Newton,NS21/DT11,WEEKENDS/HOLIDAY,12,3434.9,3236.9
Newton,NS21/DT11,WEEKENDS/HOLIDAY,13,3502.5,3454.4
Newton,NS21/DT11,WEEKENDS/HOLIDAY,14,3157.3,3209.3
Newton,NS21/DT11,WEEKENDS/HOLIDAY,15,3246.4,3333.6
Newton,NS21/DT11,WEEKENDS/HOLIDAY,16,3412.2,3505.5
Newton,NS21/DT11,WEEKENDS/HOLIDAY,17,3647.9,3858.0
Newton,NS21/DT11,WEEKENDS/HOLIDAY,18,3723.1,3926.5
Newton,NS21/DT11,WEEKENDS/HOLIDAY,19,3015.3,3274.8
Newton,NS21/DT11,WEEKENDS/HOLIDAY,20,2521.3,2802.4
Newton,NS21/DT11,WEEKENDS/HOLIDAY,21,2343.1,2668.9
Newton,NS21/DT11,WEEKENDS/HOLIDAY,22,2028.8,2252.1
Newton,NS21/DT11,WEEKENDS/HOLIDAY,23,1133.3,1098.3
Nicoll Highway,CC5,WEEKDAY,0,0.7142857142857143,5.0476190476190474
Nicoll Highway,CC5,WEEKDAY,5,25.0,0.9047619047619048
Nicoll Highway,CC5,WEEKDAY,6,112.80952380952381,75.85714285714286
Nicoll Highway,CC5,WEEKDAY,7,129.14285714285714,254.33333333333334
Nicoll Highway,CC5,WEEKDAY,8,172.23809523809524,686.952380952381
Nicoll Highway,CC5,WEEKDAY,9,159.52380952380952,522.6190476190476
Nicoll Highway,CC5,WEEKDAY,10,104.57142857142857,220.47619047619048
Nicoll Highway,CC5,WEEKDAY,11,162.28571428571428,174.76190476190476
Nicoll Highway,CC5,WEEKDAY,12,212.76190476190476,242.66666666666666
Nicoll Highway,CC5,WEEKDAY,13,244.85714285714286,237.23809523809524
Nicoll Highway,CC5,WEEKDAY,14,173.47619047619048,172.95238095238096
Nicoll Highway,CC5,WEEKDAY,15,161.57142857142858,155.14285714285714
Nicoll Highway,CC5,WEEKDAY,16,222.42857142857142,154.61904761904762
Nicoll Highway,CC5,WEEKDAY,17,578.3333333333334,208.9047619047619
Nicoll Highway,CC5,WEEKDAY,18,737.5238095238095,325.76190476190476
Nicoll Highway,CC5,WEEKDAY,19,374.6190476190476,262.4761904761905
Nicoll Highway,CC5,WEEKDAY,20,234.38095238095238,176.85714285714286
Nicoll Highway,CC5,WEEKDAY,21,191.1904761904762,153.66666666666666
Nicoll Highway,CC5,WEEKDAY,22,152.23809523809524,120.42857142857143
Nicoll Highway,CC5,WEEKDAY,23,48.142857142857146,66.04761904761905
Nicoll Highway,CC5,WEEKENDS/HOLIDAY,0,1.4,6.7
Nicoll Highway,CC5,WEEKENDS/HOLIDAY,5,10.9,0.3
Nicoll Highway,CC5,WEEKENDS/HOLIDAY,6,74.0,34.9
Nicoll Highway,CC5,WEEKENDS/HOLIDAY,7,58.1,59.1
Nicoll Highway,CC5,WEEKENDS/HOLIDAY,8,66.8,87.7
Nicoll Highway,CC5,WEEKENDS/HOLIDAY,9,95.7,152.7
Nicoll Highway,CC5,WEEKENDS/HOLIDAY,10,120.4,195.2
Nicoll Highway,CC5,WEEKENDS/HOLIDAY,11,155.5,231.8
Nicoll Highway,CC5,WEEKENDS/HOLIDAY,12,201.0,269.8
Nicoll Highway,CC5,WEEKENDS/HOLIDAY,13,237.9,287.1
Nicoll Highway,CC5,WEEKENDS/HOLIDAY,14,254.5,260.2
Nicoll Highway,CC5,WEEKENDS/HOLIDAY,15,265.7,264.8
Nicoll Highway,CC5,WEEKENDS/HOLIDAY,16,319.3,257.4
Nicoll Highway,CC5,WEEKENDS/HOLIDAY,17,335.0,201.2
Nicoll Highway,CC5,WEEKENDS/HOLIDAY,18,305.7,226.1
Nicoll Highway,CC5,WEEKENDS/HOLIDAY,19,346.8,206.9
Nicoll Highway,CC5,WEEKENDS/HOLIDAY,20,200.8,194.2
Nicoll Highway,CC5,WEEKENDS/HOLIDAY,21,191.6,177.8
Nicoll Highway,CC5,WEEKENDS/HOLIDAY,22,147.0,150.5
Nicoll Highway,CC5,WEEKENDS/HOLIDAY,23,59.5,72.6
Novena,NS20,WEEKDAY,0,9.047619047619047,18.428571428571427
Novena,NS20,WEEKDAY,5,44.857142857142854,85.23809523809524
Novena,NS20,WEEKDAY,6,350.0952380952381,1719.5714285714287
Novena,NS20,WEEKDAY,7,994.2857142857143,4819.047619047619
Novena,NS20,WEEKDAY,8,1711.047619047619,7634.523809523809
Novena,NS20,WEEKDAY,9,1353.8095238095239,4085.3809523809523
Novena,NS20,WEEKDAY,10,1412.1904761904761,2286.0
Novena,NS20,WEEKDAY,11,1897.0,2096.2380952380954
Novena,NS20,WEEKDAY,12,2389.5714285714284,2352.8571428571427
Novena,NS20,WEEKDAY,13,2216.8571428571427,2414.6666666666665
Novena,NS20,WEEKDAY,14,1984.4761904761904,2108.3333333333335
Novena,NS20,WEEKDAY,15,2483.3809523809523,1656.7619047619048
Novena,NS20,WEEKDAY,16,3117.9523809523807,1489.142857142857
Novena,NS20,WEEKDAY,17,6520.619047619048,1702.047619047619
Novena,NS20,WEEKDAY,18,6503.333333333333,2654.190476190476
Novena,NS20,WEEKDAY,19,3282.809523809524,1836.4285714285713
Novena,NS20,WEEKDAY,20,2248.095238095238,866.9047619047619
Novena,NS20,WEEKDAY,21,2111.095238095238,600.3809523809524
Novena,NS20,WEEKDAY,22,720.2380952380952,417.42857142857144
Novena,NS20,WEEKDAY,23,161.85714285714286,154.57142857142858
Novena,NS20,WEEKENDS/HOLIDAY,0,6.8,20.6
Novena,NS20,WEEKENDS/HOLIDAY,5,14.3,28.6
Novena,NS20,WEEKENDS/HOLIDAY,6,126.7,1008.2
Novena,NS20,WEEKENDS/HOLIDAY,7,364.0,1189.5
Novena,NS20,WEEKENDS/HOLIDAY,8,813.3,1906.0
Novena,NS20,WEEKENDS/HOLIDAY,9,1055.3,2182.2
Novena,NS20,WEEKENDS/HOLIDAY,10,1291.9,2022.9
Novena,NS20,WEEKENDS/HOLIDAY,11,1973.4,2176.3
Novena,NS20,WEEKENDS/HOLIDAY,12,2091.7,2027.8
Novena,NS20,WEEKENDS/HOLIDAY,13,2488.1,1644.6
Novena,NS20,WEEKENDS/HOLIDAY,14,1997.6,1375.4
Novena,NS20,WEEKENDS/HOLIDAY,15,1968.4,1444.2
Novena,NS20,WEEKENDS/HOLIDAY,16,1866.9,1458.9
Novena,NS20,WEEKENDS/HOLIDAY,17,1681.8,1646.5
Novena,NS20,WEEKENDS/HOLIDAY,18,1826.9,1529.4
Novena,NS20,WEEKENDS/HOLIDAY,19,1892.9,1243.6
Novena,NS20,WEEKENDS/HOLIDAY,20,1671.8,772.6
Novena,NS20,WEEKENDS/HOLIDAY,21,1544.6,570.1
Novena,NS20,WEEKENDS/HOLIDAY,22,612.4,399.6
Novena,NS20,WEEKENDS/HOLIDAY,23,148.7,173.4
Orchard,TE14/NS22,WEEKDAY,0,25.61904761904762,28.523809523809526
Orchard,TE14/NS22,WEEKDAY,5,43.0,70.52380952380952
Orchard,TE14/NS22,WEEKDAY,6,266.42857142857144,1189.4285714285713
Orchard,TE14/NS22,WEEKDAY,7,715.8571428571429,2896.0476190476193
Orchard,TE14/NS22,WEEKDAY,8,1245.6190476190477,6301.0
Orchard,TE14/NS22,WEEKDAY,9,1167.3809523809523,6136.619047619048
Orchard,TE14/NS22,WEEKDAY,10,1405.7142857142858,4478.666666666667
Orchard,TE14/NS22,WEEKDAY,11,1894.5714285714287,4428.238095238095
Orchard,TE14/NS22,WEEKDAY,12,2630.0,4839.809523809524
Orchard,TE14/NS22,WEEKDAY,13,3752.3333333333335,3746.4285714285716
Orchard,TE14/NS22,WEEKDAY,14,3373.285714285714,3439.8571428571427
Orchard,TE14/NS22,WEEKDAY,15,3643.285714285714,3365.190476190476
Orchard,TE14/NS22,WEEKDAY,16,4162.809523809524,3383.8571428571427
Orchard,TE14/NS22,WEEKDAY,17,5766.142857142857,4266.619047619048
Orchard,TE14/NS22,WEEKDAY,18,7481.142857142857,6112.142857142857
Orchard,TE14/NS22,WEEKDAY,19,5579.238095238095,3494.1428571428573
Orchard,TE14/NS22,WEEKDAY,20,5125.523809523809,1741.4761904761904
Orchard,TE14/NS22,WEEKDAY,21,5818.666666666667,1089.8095238095239
Orchard,TE14/NS22,WEEKDAY,22,3159.5714285714284,663.1428571428571
Orchard,TE14/NS22,WEEKDAY,23,836.4285714285714,249.04761904761904
Orchard,TE14/NS22,WEEKENDS/HOLIDAY,0,33.5,39.1
Orchard,TE14/NS22,WEEKENDS/HOLIDAY,5,23.4,28.5
Orchard,TE14/NS22,WEEKENDS/HOLIDAY,6,174.6,793.8
Orchard,TE14/NS22,WEEKENDS/HOLIDAY,7,344.6,1549.0
Orchard,TE14/NS22,WEEKENDS/HOLIDAY,8,598.7,3225.2
Orchard,TE14/NS22,WEEKENDS/HOLIDAY,9,1144.8,5652.4
Orchard,TE14/NS22,WEEKENDS/HOLIDAY,10,2019.1,6110.8
Orchard,TE14/NS22,WEEKENDS/HOLIDAY,11,2884.9,6625.1
Orchard,TE14/NS22,WEEKENDS/HOLIDAY,12,3665.0,6339.8
Orchard,TE14/NS22,WEEKENDS/HOLIDAY,13,4384.7,6249.0
Orchard,TE14/NS22,WEEKENDS/HOLIDAY,14,4953.2,6018.2
Orchard,TE14/NS22,WEEKENDS/HOLIDAY,15,5761.6,5798.3
Orchard,TE14/NS22,WEEKENDS/HOLIDAY,16,6430.3,5617.1
Orchard,TE14/NS22,WEEKENDS/HOLIDAY,17,6918.3,5128.4
Orchard,TE14/NS22,WEEKENDS/HOLIDAY,18,6831.2,4446.0
Orchard,TE14/NS22,WEEKENDS/HOLIDAY,19,6050.1,3099.9
Orchard,TE14/NS22,WEEKENDS/HOLIDAY,20,5446.6,1942.0
Orchard,TE14/NS22,WEEKENDS/HOLIDAY,21,6033.4,1207.7
Orchard,TE14/NS22,WEEKENDS/HOLIDAY,22,3515.6,736.0
Orchard,TE14/NS22,WEEKENDS/HOLIDAY,23,955.3,299.8
Orchard Boulevard,TE13,WEEKDAY,0,1.5714285714285714,5.285714285714286
Orchard Boulevard,TE13,WEEKDAY,5,1.2857142857142858,4.333333333333333
Orchard Boulevard,TE13,WEEKDAY,6,38.714285714285715,168.33333333333334
Orchard Boulevard,TE13,WEEKDAY,7,121.76190476190476,358.4761904761905
Orchard Boulevard,TE13,WEEKDAY,8,187.85714285714286,642.7142857142857
Orchard Boulevard,TE13,WEEKDAY,9,211.42857142857142,467.85714285714283
Orchard Boulevard,TE13,WEEKDAY,10,228.38095238095238,247.95238095238096
Orchard Boulevard,TE13,WEEKDAY,11,251.66666666666666,212.95238095238096
Orchard Boulevard,TE13,WEEKDAY,12,311.57142857142856,213.66666666666666
Orchard Boulevard,TE13,WEEKDAY,13,189.33333333333334,288.7142857142857
Orchard Boulevard,TE13,WEEKDAY,14,208.04761904761904,285.8095238095238
Orchard Boulevard,TE13,WEEKDAY,15,247.52380952380952,252.61904761904762
Orchard Boulevard,TE13,WEEKDAY,16,296.85714285714283,247.76190476190476
Orchard Boulevard,TE13,WEEKDAY,17,516.2380952380952,240.1904761904762
Orchard Boulevard,TE13,WEEKDAY,18,555.7619047619048,323.3333333333333
Orchard Boulevard,TE13,WEEKDAY,19,306.0,226.9047619047619
Orchard Boulevard,TE13,WEEKDAY,20,212.23809523809524,148.57142857142858
Orchard Boulevard,TE13,WEEKDAY,21,166.04761904761904,143.14285714285714
Orchard Boulevard,TE13,WEEKDAY,22,133.95238095238096,120.61904761904762
Orchard Boulevard,TE13,WEEKDAY,23,63.80952380952381,51.666666666666664
Orchard Boulevard,TE13,WEEKENDS/HOLIDAY,0,2.4,7.1
Orchard Boulevard,TE13,WEEKENDS/HOLIDAY,5,1.0,1.4
Orchard Boulevard,TE13,WEEKENDS/HOLIDAY,6,14.8,82.1
Orchard Boulevard,TE13,WEEKENDS/HOLIDAY,7,46.5,187.9
Orchard Boulevard,TE13,WEEKENDS/HOLIDAY,8,100.6,245.1
Orchard Boulevard,TE13,WEEKENDS/HOLIDAY,9,162.1,254.6
Orchard Boulevard,TE13,WEEKENDS/HOLIDAY,10,217.5,261.7
Orchard Boulevard,TE13,WEEKENDS/HOLIDAY,11,257.8,243.1
Orchard Boulevard,TE13,WEEKENDS/HOLIDAY,12,262.0,226.9
Orchard Boulevard,TE13,WEEKENDS/HOLIDAY,13,246.2,207.9
Orchard Boulevard,TE13,WEEKENDS/HOLIDAY,14,201.6,211.0
Orchard Boulevard,TE13,WEEKENDS/HOLIDAY,15,222.7,199.4
Orchard Boulevard,TE13,WEEKENDS/HOLIDAY,16,226.6,193.1
Orchard Boulevard,TE13,WEEKENDS/HOLIDAY,17,240.8,203.0
Orchard Boulevard,TE13,WEEKENDS/HOLIDAY,18,270.5,220.9
Orchard Boulevard,TE13,WEEKENDS/HOLIDAY,19,216.4,199.4
Orchard Boulevard,TE13,WEEKENDS/HOLIDAY,20,199.3,162.8
Orchard Boulevard,TE13,WEEKENDS/HOLIDAY,21,155.2,171.5
Orchard Boulevard,TE13,WEEKENDS/HOLIDAY,22,142.3,147.2
Orchard Boulevard,TE13,WEEKENDS/HOLIDAY,23,70.4,61.1
Outram Park,EW16/NE3/TE17,WEEKDAY,0,3.619047619047619,36.95238095238095
Outram Park,EW16/NE3/TE17,WEEKDAY,5,83.85714285714286,12.238095238095237
Outram Park,EW16/NE3/TE17,WEEKDAY,6,644.5714285714286,1952.2857142857142
Outram Park,EW16/NE3/TE17,WEEKDAY,7,1290.2857142857142,5720.857142857143
Outram Park,EW16/NE3/TE17,WEEKDAY,8,1850.2857142857142,6724.047619047619
Outram Park,EW16/NE3/TE17,WEEKDAY,9,1466.4761904761904,3674.190476190476
Outram Park,EW16/NE3/TE17,WEEKDAY,10,1387.857142857143,1963.142857142857
Outram Park,EW16/NE3/TE17,WEEKDAY,11,1991.952380952381,1578.5714285714287
Outram Park,EW16/NE3/TE17,WEEKDAY,12,2375.2380952380954,1855.5238095238096
Outram Park,EW16/NE3/TE17,WEEKDAY,13,1615.8095238095239,2547.1428571428573
Outram Park,EW16/NE3/TE17,WEEKDAY,14,1500.1904761904761,1942.4761904761904
Outram Park,EW16/NE3/TE17,WEEKDAY,15,1961.0,1272.5238095238096
Outram Park,EW16/NE3/TE17,WEEKDAY,16,2909.714285714286,1046.8095238095239
Outram Park,EW16/NE3/TE17,WEEKDAY,17,6351.333333333333,1415.857142857143
Outram Park,EW16/NE3/TE17,WEEKDAY,18,6512.9047619047615,2113.3809523809523
Outram Park,EW16/NE3/TE17,WEEKDAY,19,2698.714285714286,1542.5238095238096
Outram Park,EW16/NE3/TE17,WEEKDAY,20,1877.1904761904761,944.7142857142857
Outram Park,EW16/NE3/TE17,WEEKDAY,21,1801.2857142857142,732.6190476190476
Outram Park,EW16/NE3/TE17,WEEKDAY,22,945.5714285714286,595.4761904761905
Outram Park,EW16/NE3/TE17,WEEKDAY,23,329.0952380952381,289.1904761904762
Outram Park,EW16/NE3/TE17,WEEKENDS/HOLIDAY,0,4.5,61.2
Outram Park,EW16/NE3/TE17,WEEKENDS/HOLIDAY,5,38.5,5.2
Outram Park,EW16/NE3/TE17,WEEKENDS/HOLIDAY,6,282.8,874.4
Outram Park,EW16/NE3/TE17,WEEKENDS/HOLIDAY,7,585.0,1341.0
Outram Park,EW16/NE3/TE17,WEEKENDS/HOLIDAY,8,845.2,1136.0
Outram Park,EW16/NE3/TE17,WEEKENDS/HOLIDAY,9,878.2,1104.9
Outram Park,EW16/NE3/TE17,WEEKENDS/HOLIDAY,10,1044.2,1216.2
Outram Park,EW16/NE3/TE17,WEEKENDS/HOLIDAY,11,1263.4,1369.4
Outram Park,EW16/NE3/TE17,WEEKENDS/HOLIDAY,12,1554.4,1475.9
Outram Park,EW16/NE3/TE17,WEEKENDS/HOLIDAY,13,1413.4,1263.0
Outram Park,EW16/NE3/TE17,WEEKENDS/HOLIDAY,14,1357.3,1129.9
Outram Park,EW16/NE3/TE17,WEEKENDS/HOLIDAY,15,1435.4,1076.5
Outram Park,EW16/NE3/TE17,WEEKENDS/HOLIDAY,16,1551.4,1064.8
Outram Park,EW16/NE3/TE17,WEEKENDS/HOLIDAY,17,1593.4,1149.1
Outram Park,EW16/NE3/TE17,WEEKENDS/HOLIDAY,18,1407.5,1217.5
Outram Park,EW16/NE3/TE17,WEEKENDS/HOLIDAY,19,1325.9,1145.4
Outram Park,EW16/NE3/TE17,WEEKENDS/HOLIDAY,20,1200.3,942.1
Outram Park,EW16/NE3/TE17,WEEKENDS/HOLIDAY,21,1261.5,757.8
Outram Park,EW16/NE3/TE17,WEEKENDS/HOLIDAY,22,724.2,592.6
Outram Park,EW16/NE3/TE17,WEEKENDS/HOLIDAY,23,310.5,309.4
Pasir Panjang,CC26,WEEKDAY,0,0.23809523809523808,4.380952380952381
Pasir Panjang,CC26,WEEKDAY,5,6.904761904761905,10.857142857142858
Pasir Panjang,CC26,WEEKDAY,6,108.47619047619048,623.5714285714286
Pasir Panjang,CC26,WEEKDAY,7,343.2857142857143,1092.2380952380952
Pasir Panjang,CC26,WEEKDAY,8,333.57142857142856,1385.142857142857
Pasir Panjang,CC26,WEEKDAY,9,186.95238095238096,737.0
Pasir Panjang,CC26,WEEKDAY,10,137.04761904761904,193.57142857142858
Pasir Panjang,CC26,WEEKDAY,11,206.71428571428572,110.04761904761905
Pasir Panjang,CC26,WEEKDAY,12,263.3333333333333,146.57142857142858
Pasir Panjang,CC26,WEEKDAY,13,141.28571428571428,279.5238095238095
Pasir Panjang,CC26,WEEKDAY,14,119.66666666666667,193.04761904761904
Pasir Panjang,CC26,WEEKDAY,15,184.9047619047619,139.61904761904762
Pasir Panjang,CC26,WEEKDAY,16,361.23809523809524,154.47619047619048
Pasir Panjang,CC26,WEEKDAY,17,1356.8095238095239,238.04761904761904
Pasir Panjang,CC26,WEEKDAY,18,1349.857142857143,466.95238095238096
Pasir Panjang,CC26,WEEKDAY,19,691.6190476190476,313.14285714285717
Pasir Panjang,CC26,WEEKDAY,20,276.8095238095238,180.61904761904762
Pasir Panjang,CC26,WEEKDAY,21,130.66666666666666,154.23809523809524
Pasir Panjang,CC26,WEEKDAY,22,123.47619047619048,88.0952380952381
Pasir Panjang,CC26,WEEKDAY,23,32.142857142857146,28.761904761904763
Pasir Panjang,CC26,WEEKENDS/HOLIDAY,0,0.6,6.2
Pasir Panjang,CC26,WEEKENDS/HOLIDAY,5,6.0,2.5
Pasir Panjang,CC26,WEEKENDS/HOLIDAY,6,32.4,265.7
Pasir Panjang,CC26,WEEKENDS/HOLIDAY,7,239.1,262.7
Pasir Panjang,CC26,WEEKENDS/HOLIDAY,8,151.7,133.1
Pasir Panjang,CC26,WEEKENDS/HOLIDAY,9,139.0,169.0
Pasir Panjang,CC26,WEEKENDS/HOLIDAY,10,128.1,116.3
Pasir Panjang,CC26,WEEKENDS/HOLIDAY,11,146.5,92.4
Pasir Panjang,CC26,WEEKENDS/HOLIDAY,12,153.4,113.4
Pasir Panjang,CC26,WEEKENDS/HOLIDAY,13,143.9,144.8
Pasir Panjang,CC26,WEEKENDS/HOLIDAY,14,126.8,135.9
Pasir Panjang,CC26,WEEKENDS/HOLIDAY,15,167.8,117.4
Pasir Panjang,CC26,WEEKENDS/HOLIDAY,16,158.0,110.4
Pasir Panjang,CC26,WEEKENDS/HOLIDAY,17,259.7,165.6
Pasir Panjang,CC26,WEEKENDS/HOLIDAY,18,180.8,299.3
Pasir Panjang,CC26,WEEKENDS/HOLIDAY,19,335.8,209.4
Pasir Panjang,CC26,WEEKENDS/HOLIDAY,20,131.2,168.1
Pasir Panjang,CC26,WEEKENDS/HOLIDAY,21,64.9,155.1
Pasir Panjang,CC26,WEEKENDS/HOLIDAY,22,71.0,85.5
Pasir Panjang,CC26,WEEKENDS/HOLIDAY,23,25.5,36.2
Pasir Ris,EW1,WEEKDAY,0,0.14285714285714285,188.14285714285714
Pasir Ris,EW1,WEEKDAY,5,476.5238095238095,25.38095238095238
Pasir Ris,EW1,WEEKDAY,6,2187.904761904762,644.1428571428571
Pasir Ris,EW1,WEEKDAY,7,4688.857142857143,1663.4285714285713
Pasir Ris,EW1,WEEKDAY,8,5243.238095238095,1340.142857142857
Pasir Ris,EW1,WEEKDAY,9,2323.285714285714,653.2380952380952
Pasir Ris,EW1,WEEKDAY,10,1452.1904761904761,573.0
Pasir Ris,EW1,WEEKDAY,11,1302.5714285714287,619.952380952381
Pasir Ris,EW1,WEEKDAY,12,1263.8095238095239,849.2380952380952
Pasir Ris,EW1,WEEKDAY,13,1186.7142857142858,1059.047619047619
Pasir Ris,EW1,WEEKDAY,14,1117.4285714285713,1253.4761904761904
Pasir Ris,EW1,WEEKDAY,15,1138.4285714285713,1400.4285714285713
Pasir Ris,EW1,WEEKDAY,16,1265.142857142857,1632.095238095238
Pasir Ris,EW1,WEEKDAY,17,1884.2380952380952,2590.095238095238
Pasir Ris,EW1,WEEKDAY,18,2019.3333333333333,4836.9047619047615
Pasir Ris,EW1,WEEKDAY,19,1160.142857142857,3961.4761904761904
Pasir Ris,EW1,WEEKDAY,20,734.8571428571429,2249.285714285714
Pasir Ris,EW1,WEEKDAY,21,687.8571428571429,1924.047619047619
Pasir Ris,EW1,WEEKDAY,22,462.4761904761905,1540.857142857143
Pasir Ris,EW1,WEEKDAY,23,77.42857142857143,767.5714285714286
Pasir Ris,EW1,WEEKENDS/HOLIDAY,0,0.0,198.1
Pasir Ris,EW1,WEEKENDS/HOLIDAY,5,182.5,11.2
Pasir Ris,EW1,WEEKENDS/HOLIDAY,6,555.8,218.1
Pasir Ris,EW1,WEEKENDS/HOLIDAY,7,1043.5,712.2
Pasir Ris,EW1,WEEKENDS/HOLIDAY,8,1528.9,703.8
Pasir Ris,EW1,WEEKENDS/HOLIDAY,9,1804.5,703.0
Pasir Ris,EW1,WEEKENDS/HOLIDAY,10,1842.7,776.2
Pasir Ris,EW1,WEEKENDS/HOLIDAY,11,1872.6,907.5
Pasir Ris,EW1,WEEKENDS/HOLIDAY,12,1817.6,1141.8
Pasir Ris,EW1,WEEKENDS/HOLIDAY,13,1659.8,1351.5
Pasir Ris,EW1,WEEKENDS/HOLIDAY,14,1467.7,1413.6
Pasir Ris,EW1,WEEKENDS/HOLIDAY,15,1410.2,1462.1
Pasir Ris,EW1,WEEKENDS/HOLIDAY,16,1433.9,1621.3
Pasir Ris,EW1,WEEKENDS/HOLIDAY,17,1652.7,1906.2
Pasir Ris,EW1,WEEKENDS/HOLIDAY,18,1468.6,2034.6
Pasir Ris,EW1,WEEKENDS/HOLIDAY,19,1119.8,1841.1
Pasir Ris,EW1,WEEKENDS/HOLIDAY,20,830.4,1685.9
Pasir Ris,EW1,WEEKENDS/HOLIDAY,21,704.8,1590.4
Pasir Ris,EW1,WEEKENDS/HOLIDAY,22,514.9,1430.0
Pasir Ris,EW1,WEEKENDS/HOLIDAY,23,99.4,766.6
Paya Lebar,EW8/CC9,WEEKDAY,0,28.238095238095237,68.38095238095238
Paya Lebar,EW8/CC9,WEEKDAY,5,147.42857142857142,62.23809523809524
Paya Lebar,EW8/CC9,WEEKDAY,6,1330.3809523809523,997.3333333333334
Paya Lebar,EW8/CC9,WEEKDAY,7,2372.4285714285716,2562.3809523809523
Paya Lebar,EW8/CC9,WEEKDAY,8,2633.0476190476193,4626.190476190476
Paya Lebar,EW8/CC9,WEEKDAY,9,1608.1904761904761,3860.5714285714284
Paya Lebar,EW8/CC9,WEEKDAY,10,1096.6666666666667,2289.904761904762
Paya Lebar,EW8/CC9,WEEKDAY,11,1395.1904761904761,2077.809523809524
Paya Lebar,EW8/CC9,WEEKDAY,12,1903.7142857142858,2474.6666666666665
Paya Lebar,EW8/CC9,WEEKDAY,13,2364.0,2299.9523809523807
Paya Lebar,EW8/CC9,WEEKDAY,14,2172.809523809524,2087.5714285714284
Paya Lebar,EW8/CC9,WEEKDAY,15,2374.4761904761904,1967.1904761904761
Paya Lebar,EW8/CC9,WEEKDAY,16,2675.0476190476193,2102.9523809523807
Paya Lebar,EW8/CC9,WEEKDAY,17,4836.809523809524,3228.190476190476
Paya Lebar,EW8/CC9,WEEKDAY,18,6128.476190476191,5720.857142857143
Paya Lebar,EW8/CC9,WEEKDAY,19,3768.2380952380954,3968.0
Paya Lebar,EW8/CC9,WEEKDAY,20,2930.5238095238096,1943.4761904761904
Paya Lebar,EW8/CC9,WEEKDAY,21,2747.5238095238096,1368.5714285714287
Paya Lebar,EW8/CC9,WEEKDAY,22,1468.047619047619,1032.904761904762
Paya Lebar,EW8/CC9,WEEKDAY,23,478.0,445.2857142857143
Paya Lebar,EW8/CC9,WEEKENDS/HOLIDAY,0,35.6,84.5
Paya Lebar,EW8/CC9,WEEKENDS/HOLIDAY,5,78.8,15.4
Paya Lebar,EW8/CC9,WEEKENDS/HOLIDAY,6,645.5,386.0
Paya Lebar,EW8/CC9,WEEKENDS/HOLIDAY,7,958.3,935.4
Paya Lebar,EW8/CC9,WEEKENDS/HOLIDAY,8,977.4,1975.2
Paya Lebar,EW8/CC9,WEEKENDS/HOLIDAY,9,1306.4,3580.5
Paya Lebar,EW8/CC9,WEEKENDS/HOLIDAY,10,1952.1,4463.4
Paya Lebar,EW8/CC9,WEEKENDS/HOLIDAY,11,2586.1,3773.5
Paya Lebar,EW8/CC9,WEEKENDS/HOLIDAY,12,3127.7,3580.7
Paya Lebar,EW8/CC9,WEEKENDS/HOLIDAY,13,3341.7,3545.9
Paya Lebar,EW8/CC9,WEEKENDS/HOLIDAY,14,3214.7,3183.1
Paya Lebar,EW8/CC9,WEEKENDS/HOLIDAY,15,3268.3,3164.9
Paya Lebar,EW8/CC9,WEEKENDS/HOLIDAY,16,3794.5,3257.4
Paya Lebar,EW8/CC9,WEEKENDS/HOLIDAY,17,4403.0,3389.6
Paya Lebar,EW8/CC9,WEEKENDS/HOLIDAY,18,4184.2,3314.8
Paya Lebar,EW8/CC9,WEEKENDS/HOLIDAY,19,3492.6,2646.7
Paya Lebar,EW8/CC9,WEEKENDS/HOLIDAY,20,2756.3,1762.4
Paya Lebar,EW8/CC9,WEEKENDS/HOLIDAY,21,2515.9,1282.7
Paya Lebar,EW8/CC9,WEEKENDS/HOLIDAY,22,1533.3,1026.7
Paya Lebar,EW8/CC9,WEEKENDS/HOLIDAY,23,561.2,504.2
Pioneer,EW28,WEEKDAY,0,1.0476190476190477,179.1904761904762
Pioneer,EW28,WEEKDAY,5,886.0952380952381,56.095238095238095
Pioneer,EW28,WEEKDAY,6,3534.285714285714,756.1904761904761
Pioneer,EW28,WEEKDAY,7,6471.428571428572,2082.7619047619046
Pioneer,EW28,WEEKDAY,8,4331.047619047619,2316.4761904761904
Pioneer,EW28,WEEKDAY,9,1693.0,1235.4285714285713
Pioneer,EW28,WEEKDAY,10,1161.1904761904761,746.0
Pioneer,EW28,WEEKDAY,11,1095.7142857142858,687.7142857142857
Pioneer,EW28,WEEKDAY,12,1239.2857142857142,815.3333333333334
Pioneer,EW28,WEEKDAY,13,1121.857142857143,936.8095238095239
Pioneer,EW28,WEEKDAY,14,1025.4285714285713,874.7619047619048
Pioneer,EW28,WEEKDAY,15,1101.5238095238096,942.6666666666666
Pioneer,EW28,WEEKDAY,16,1689.8095238095239,1174.1904761904761
Pioneer,EW28,WEEKDAY,17,3356.8571428571427,2435.1428571428573
Pioneer,EW28,WEEKDAY,18,3192.1428571428573,3695.2380952380954
Pioneer,EW28,WEEKDAY,19,1548.5714285714287,2838.1428571428573
Pioneer,EW28,WEEKDAY,20,1026.3333333333333,2134.3809523809523
Pioneer,EW28,WEEKDAY,21,939.952380952381,1796.4285714285713
Pioneer,EW28,WEEKDAY,22,609.3809523809524,1405.8095238095239
Pioneer,EW28,WEEKDAY,23,161.14285714285714,739.0
Pioneer,EW28,WEEKENDS/HOLIDAY,0,2.5,282.6
Pioneer,EW28,WEEKENDS/HOLIDAY,5,392.7,28.7
Pioneer,EW28,WEEKENDS/HOLIDAY,6,1331.5,257.2
Pioneer,EW28,WEEKENDS/HOLIDAY,7,1963.7,841.4
Pioneer,EW28,WEEKENDS/HOLIDAY,8,1797.8,961.5
Pioneer,EW28,WEEKENDS/HOLIDAY,9,1679.8,686.3
Pioneer,EW28,WEEKENDS/HOLIDAY,10,1787.4,596.2
Pioneer,EW28,WEEKENDS/HOLIDAY,11,1716.6,647.9
Pioneer,EW28,WEEKENDS/HOLIDAY,12,1752.6,842.5
Pioneer,EW28,WEEKENDS/HOLIDAY,13,1559.4,1019.1
Pioneer,EW28,WEEKENDS/HOLIDAY,14,1312.1,1039.4
Pioneer,EW28,WEEKENDS/HOLIDAY,15,1277.0,1083.5
Pioneer,EW28,WEEKENDS/HOLIDAY,16,1416.2,1258.2
Pioneer,EW28,WEEKENDS/HOLIDAY,17,1830.3,1592.1
Pioneer,EW28,WEEKENDS/HOLIDAY,18,1615.2,1709.2
Pioneer,EW28,WEEKENDS/HOLIDAY,19,1172.6,1778.6
Pioneer,EW28,WEEKENDS/HOLIDAY,20,810.6,1882.8
Pioneer,EW28,WEEKENDS/HOLIDAY,21,569.7,1850.4
Pioneer,EW28,WEEKENDS/HOLIDAY,22,364.6,1612.3
Pioneer,EW28,WEEKENDS/HOLIDAY,23,123.7,977.2
Potong Pasir,NE10,WEEKDAY,0,3.5714285714285716,17.142857142857142
Potong Pasir,NE10,WEEKDAY,5,78.76190476190476,28.095238095238095
Potong Pasir,NE10,WEEKDAY,6,745.5714285714286,520.952380952381
Potong Pasir,NE10,WEEKDAY,7,1494.2380952380952,1788.047619047619
Potong Pasir,NE10,WEEKDAY,8,2192.4285714285716,1835.4285714285713
Potong Pasir,NE10,WEEKDAY,9,1256.2857142857142,937.8571428571429
Potong Pasir,NE10,WEEKDAY,10,768.1904761904761,521.5238095238095
Potong Pasir,NE10,WEEKDAY,11,762.4285714285714,493.04761904761904
Potong Pasir,NE10,WEEKDAY,12,827.3333333333334,591.4285714285714
Potong Pasir,NE10,WEEKDAY,13,844.2857142857143,777.7619047619048
Potong Pasir,NE10,WEEKDAY,14,757.8095238095239,771.4761904761905
Potong Pasir,NE10,WEEKDAY,15,864.6190476190476,784.5238095238095
Potong Pasir,NE10,WEEKDAY,16,844.3333333333334,861.0952380952381
Potong Pasir,NE10,WEEKDAY,17,1466.7142857142858,1214.952380952381
Potong Pasir,NE10,WEEKDAY,18,1923.4285714285713,1973.7619047619048
Potong Pasir,NE10,WEEKDAY,19,1030.5714285714287,1522.7619047619048
Potong Pasir,NE10,WEEKDAY,20,593.7142857142857,1003.6666666666666
Potong Pasir,NE10,WEEKDAY,21,446.8095238095238,913.3809523809524
Potong Pasir,NE10,WEEKDAY,22,273.76190476190476,649.5714285714286
Potong Pasir,NE10,WEEKDAY,23,108.52380952380952,277.6666666666667
Potong Pasir,NE10,WEEKENDS/HOLIDAY,0,8.9,24.2
Potong Pasir,NE10,WEEKENDS/HOLIDAY,5,25.9,8.5
Potong Pasir,NE10,WEEKENDS/HOLIDAY,6,262.2,165.8
Potong Pasir,NE10,WEEKENDS/HOLIDAY,7,452.5,318.3
Potong Pasir,NE10,WEEKENDS/HOLIDAY,8,668.1,539.6
Potong Pasir,NE10,WEEKENDS/HOLIDAY,9,802.5,573.6
Potong Pasir,NE10,WEEKENDS/HOLIDAY,10,949.7,616.5
Potong Pasir,NE10,WEEKENDS/HOLIDAY,11,1005.7,645.5
Potong Pasir,NE10,WEEKENDS/HOLIDAY,12,1034.2,702.8
Potong Pasir,NE10,WEEKENDS/HOLIDAY,13,980.9,787.4
Potong Pasir,NE10,WEEKENDS/HOLIDAY,14,788.5,793.6
Potong Pasir,NE10,WEEKENDS/HOLIDAY,15,757.5,790.8
Potong Pasir,NE10,WEEKENDS/HOLIDAY,16,822.4,808.5
Potong Pasir,NE10,WEEKENDS/HOLIDAY,17,912.2,860.3
Potong Pasir,NE10,WEEKENDS/HOLIDAY,18,935.7,916.9
Potong Pasir,NE10,WEEKENDS/HOLIDAY,19,693.4,887.0
Potong Pasir,NE10,WEEKENDS/HOLIDAY,20,492.4,835.3
Potong Pasir,NE10,WEEKENDS/HOLIDAY,21,365.6,850.2
Potong Pasir,NE10,WEEKENDS/HOLIDAY,22,274.5,636.7
Potong Pasir,NE10,WEEKENDS/HOLIDAY,23,121.3,289.2
Promenade,CC4/DT15,WEEKDAY,0,12.428571428571429,5.571428571428571
Promenade,CC4/DT15,WEEKDAY,5,7.523809523809524,10.238095238095237
Promenade,CC4/DT15,WEEKDAY,6,33.142857142857146,432.04761904761904
Promenade,CC4/DT15,WEEKDAY,7,89.04761904761905,1144.0
Promenade,CC4/DT15,WEEKDAY,8,197.0952380952381,3708.0
Promenade,CC4/DT15,WEEKDAY,9,207.28571428571428,3689.1428571428573
Promenade,CC4/DT15,WEEKDAY,10,256.14285714285717,1341.1904761904761
Promenade,CC4/DT15,WEEKDAY,11,619.3333333333334,1187.952380952381
Promenade,CC4/DT15,WEEKDAY,12,919.5714285714286,1356.952380952381
Promenade,CC4/DT15,WEEKDAY,13,1135.6190476190477,1171.5238095238096
Promenade,CC4/DT15,WEEKDAY,14,836.2857142857143,890.952380952381
Promenade,CC4/DT15,WEEKDAY,15,891.7619047619048,752.2857142857143
Promenade,CC4/DT15,WEEKDAY,16,1125.8095238095239,701.6666666666666
Promenade,CC4/DT15,WEEKDAY,17,2625.5714285714284,942.0952380952381
Promenade,CC4/DT15,WEEKDAY,18,4389.761904761905,1594.7142857142858
Promenade,CC4/DT15,WEEKDAY,19,2106.285714285714,902.1904761904761
Promenade,CC4/DT15,WEEKDAY,20,1526.904761904762,347.04761904761904
Promenade,CC4/DT15,WEEKDAY,21,1727.4761904761904,181.8095238095238
Promenade,CC4/DT15,WEEKDAY,22,1114.6190476190477,126.04761904761905
Promenade,CC4/DT15,WEEKDAY,23,358.23809523809524,43.19047619047619
Promenade,CC4/DT15,WEEKENDS/HOLIDAY,0,12.5,5.4
Promenade,CC4/DT15,WEEKENDS/HOLIDAY,5,6.2,0.1
Promenade,CC4/DT15,WEEKENDS/HOLIDAY,6,31.4,182.1
Promenade,CC4/DT15,WEEKENDS/HOLIDAY,7,56.7,366.4
Promenade,CC4/DT15,WEEKENDS/HOLIDAY,8,76.0,566.3
Promenade,CC4/DT15,WEEKENDS/HOLIDAY,9,121.9,895.3
Promenade,CC4/DT15,WEEKENDS/HOLIDAY,10,204.8,1072.2
Promenade,CC4/DT15,WEEKENDS/HOLIDAY,11,336.7,1218.5
Promenade,CC4/DT15,WEEKENDS/HOLIDAY,12,542.4,1305.5
Promenade,CC4/DT15,WEEKENDS/HOLIDAY,13,821.8,1442.7
Promenade,CC4/DT15,WEEKENDS/HOLIDAY,14,1005.9,1369.8
Promenade,CC4/DT15,WEEKENDS/HOLIDAY,15,1225.5,1248.9
Promenade,CC4/DT15,WEEKENDS/HOLIDAY,16,1246.6,1310.3
Promenade,CC4/DT15,WEEKENDS/HOLIDAY,17,1308.5,1327.1
Promenade,CC4/DT15,WEEKENDS/HOLIDAY,18,1399.3,1287.6
Promenade,CC4/DT15,WEEKENDS/HOLIDAY,19,1363.7,811.0
Promenade,CC4/DT15,WEEKENDS/HOLIDAY,20,1405.2,450.4
Promenade,CC4/DT15,WEEKENDS/HOLIDAY,21,1763.2,247.5
Promenade,CC4/DT15,WEEKENDS/HOLIDAY,22,1377.4,157.4
Promenade,CC4/DT15,WEEKENDS/HOLIDAY,23,422.5,53.6
Punggol,NE17/PTC,WEEKDAY,0,21.0,166.95238095238096
Punggol,NE17/PTC,WEEKDAY,5,464.1904761904762,100.61904761904762
Punggol,NE17/PTC,WEEKDAY,6,2961.9523809523807,847.1904761904761
Punggol,NE17/PTC,WEEKDAY,7,5964.142857142857,1706.047619047619
Punggol,NE17/PTC,WEEKDAY,8,5956.142857142857,1177.0
Punggol,NE17/PTC,WEEKDAY,9,2818.2380952380954,1050.1904761904761
Punggol,NE17/PTC,WEEKDAY,10,1719.095238095238,1139.5714285714287
Punggol,NE17/PTC,WEEKDAY,11,1657.904761904762,1341.6190476190477
Punggol,NE17/PTC,WEEKDAY,12,1854.4761904761904,1753.7142857142858
Punggol,NE17/PTC,WEEKDAY,13,2205.3333333333335,2211.809523809524
Punggol,NE17/PTC,WEEKDAY,14,2126.0476190476193,2347.6190476190477
Punggol,NE17/PTC,WEEKDAY,15,1908.7142857142858,2381.6666666666665
Punggol,NE17/PTC,WEEKDAY,16,2028.4285714285713,2760.8571428571427
Punggol,NE17/PTC,WEEKDAY,17,2439.3333333333335,3833.809523809524
Punggol,NE17/PTC,WEEKDAY,18,2780.809523809524,6466.571428571428
Punggol,NE17/PTC,WEEKDAY,19,2318.3809523809523,5241.190476190476
Punggol,NE17/PTC,WEEKDAY,20,1721.7142857142858,2916.6190476190477
Punggol,NE17/PTC,WEEKDAY,21,1491.047619047619,2184.5714285714284
Punggol,NE17/PTC,WEEKDAY,22,766.6666666666666,1685.7142857142858
Punggol,NE17/PTC,WEEKDAY,23,215.52380952380952,848.3333333333334
Punggol,NE17/PTC,WEEKENDS/HOLIDAY,0,27.9,190.2
Punggol,NE17/PTC,WEEKENDS/HOLIDAY,5,214.7,49.5
Punggol,NE17/PTC,WEEKENDS/HOLIDAY,6,667.1,243.4
Punggol,NE17/PTC,WEEKENDS/HOLIDAY,7,1128.0,515.4
Punggol,NE17/PTC,WEEKENDS/HOLIDAY,8,1834.4,1017.2
Punggol,NE17/PTC,WEEKENDS/HOLIDAY,9,2181.2,1208.9
Punggol,NE17/PTC,WEEKENDS/HOLIDAY,10,2430.3,1708.5
Punggol,NE17/PTC,WEEKENDS/HOLIDAY,11,2523.0,2122.3
Punggol,NE17/PTC,WEEKENDS/HOLIDAY,12,2858.2,2487.8
Punggol,NE17/PTC,WEEKENDS/HOLIDAY,13,2808.6,2558.4
Punggol,NE17/PTC,WEEKENDS/HOLIDAY,14,2661.3,2523.2
Punggol,NE17/PTC,WEEKENDS/HOLIDAY,15,2556.0,2606.4
Punggol,NE17/PTC,WEEKENDS/HOLIDAY,16,2492.1,2624.7
Punggol,NE17/PTC,WEEKENDS/HOLIDAY,17,2664.4,2978.5
Punggol,NE17/PTC,WEEKENDS/HOLIDAY,18,2588.0,3068.0
Punggol,NE17/PTC,WEEKENDS/HOLIDAY,19,2383.6,2838.1
Punggol,NE17/PTC,WEEKENDS/HOLIDAY,20,2011.9,2427.5
Punggol,NE17/PTC,WEEKENDS/HOLIDAY,21,1678.4,2023.3
Punggol,NE17/PTC,WEEKENDS/HOLIDAY,22,935.3,1610.3
Punggol,NE17/PTC,WEEKENDS/HOLIDAY,23,269.9,916.9
Punggol Coast,NE18,WEEKDAY,0,0.0,28.38095238095238
Punggol Coast,NE18,WEEKDAY,5,126.14285714285714,11.333333333333334
Punggol Coast,NE18,WEEKDAY,6,628.3333333333334,188.23809523809524
Punggol Coast,NE18,WEEKDAY,7,1180.4761904761904,505.42857142857144
Punggol Coast,NE18,WEEKDAY,8,986.0,2423.285714285714
Punggol Coast,NE18,WEEKDAY,9,531.3333333333334,1541.904761904762
Punggol Coast,NE18,WEEKDAY,10,415.2857142857143,790.6666666666666
Punggol Coast,NE18,WEEKDAY,11,653.7619047619048,634.3809523809524
Punggol Coast,NE18,WEEKDAY,12,819.2380952380952,717.4761904761905
Punggol Coast,NE18,WEEKDAY,13,732.3809523809524,1094.2380952380952
Punggol Coast,NE18,WEEKDAY,14,643.6190476190476,763.9047619047619
Punggol Coast,NE18,WEEKDAY,15,734.3333333333334,605.2857142857143
Punggol Coast,NE18,WEEKDAY,16,1198.047619047619,568.8095238095239
Punggol Coast,NE18,WEEKDAY,17,1648.2857142857142,839.2857142857143
Punggol Coast,NE18,WEEKDAY,18,1677.6666666666667,1329.5238095238096
Punggol Coast,NE18,WEEKDAY,19,862.952380952381,1089.0
Punggol Coast,NE18,WEEKDAY,20,717.0,532.8095238095239
Punggol Coast,NE18,WEEKDAY,21,684.047619047619,387.3809523809524
Punggol Coast,NE18,WEEKDAY,22,515.7142857142857,287.3333333333333
Punggol Coast,NE18,WEEKDAY,23,93.38095238095238,136.28571428571428
Punggol Coast,NE18,WEEKENDS/HOLIDAY,0,0.0,36.6
Punggol Coast,NE18,WEEKENDS/HOLIDAY,5,60.1,6.7
Punggol Coast,NE18,WEEKENDS/HOLIDAY,6,183.0,110.7
Punggol Coast,NE18,WEEKENDS/HOLIDAY,7,275.4,273.5
Punggol Coast,NE18,WEEKENDS/HOLIDAY,8,362.9,469.4
Punggol Coast,NE18,WEEKENDS/HOLIDAY,9,444.8,504.2
Punggol Coast,NE18,WEEKENDS/HOLIDAY,10,560.8,596.9
Punggol Coast,NE18,WEEKENDS/HOLIDAY,11,605.4,679.4
Punggol Coast,NE18,WEEKENDS/HOLIDAY,12,706.2,711.5
Punggol Coast,NE18,WEEKENDS/HOLIDAY,13,726.8,718.2
Punggol Coast,NE18,WEEKENDS/HOLIDAY,14,731.9,655.5
Punggol Coast,NE18,WEEKENDS/HOLIDAY,15,720.2,686.1
Punggol Coast,NE18,WEEKENDS/HOLIDAY,16,748.5,741.8
Punggol Coast,NE18,WEEKENDS/HOLIDAY,17,785.4,878.0
Punggol Coast,NE18,WEEKENDS/HOLIDAY,18,753.6,854.4
Punggol Coast,NE18,WEEKENDS/HOLIDAY,19,767.9,711.3
Punggol Coast,NE18,WEEKENDS/HOLIDAY,20,735.4,493.9
Punggol Coast,NE18,WEEKENDS/HOLIDAY,21,565.1,383.5
Punggol Coast,NE18,WEEKENDS/HOLIDAY,22,319.7,287.3
Punggol Coast,NE18,WEEKENDS/HOLIDAY,23,69.3,156.0
Queenstown,EW19,WEEKDAY,0,5.0476190476190474,38.476190476190474
Queenstown,EW19,WEEKDAY,5,180.61904761904762,20.714285714285715
Queenstown,EW19,WEEKDAY,6,1029.857142857143,390.7142857142857
Queenstown,EW19,WEEKDAY,7,2127.7619047619046,1209.4285714285713
Queenstown,EW19,WEEKDAY,8,2893.714285714286,1386.3809523809523
Queenstown,EW19,WEEKDAY,9,1733.8095238095239,622.1428571428571
Queenstown,EW19,WEEKDAY,10,895.3809523809524,376.9047619047619
Queenstown,EW19,WEEKDAY,11,760.6666666666666,420.76190476190476
Queenstown,EW19,WEEKDAY,12,760.3809523809524,587.2857142857143
Queenstown,EW19,WEEKDAY,13,744.1904761904761,687.4285714285714
Queenstown,EW19,WEEKDAY,14,583.0952380952381,753.6190476190476
Queenstown,EW19,WEEKDAY,15,623.047619047619,770.0952380952381
Queenstown,EW19,WEEKDAY,16,824.8571428571429,933.3809523809524
Queenstown,EW19,WEEKDAY,17,1628.8095238095239,1478.4285714285713
Queenstown,EW19,WEEKDAY,18,1904.7619047619048,2582.904761904762
Queenstown,EW19,WEEKDAY,19,858.6190476190476,1860.3333333333333
Queenstown,EW19,WEEKDAY,20,458.6666666666667,1212.7619047619048
Queenstown,EW19,WEEKDAY,21,381.85714285714283,1019.0
Queenstown,EW19,WEEKDAY,22,258.6190476190476,734.6666666666666
Queenstown,EW19,WEEKDAY,23,93.76190476190476,356.42857142857144
Queenstown,EW19,WEEKENDS/HOLIDAY,0,5.5,34.6
Queenstown,EW19,WEEKENDS/HOLIDAY,5,47.9,7.2
Queenstown,EW19,WEEKENDS/HOLIDAY,6,295.3,157.5
Queenstown,EW19,WEEKENDS/HOLIDAY,7,522.3,328.0
Queenstown,EW19,WEEKENDS/HOLIDAY,8,812.2,467.9
Queenstown,EW19,WEEKENDS/HOLIDAY,9,902.9,486.3
Queenstown,EW19,WEEKENDS/HOLIDAY,10,1011.2,581.1
Queenstown,EW19,WEEKENDS/HOLIDAY,11,999.6,573.4
Queenstown,EW19,WEEKENDS/HOLIDAY,12,1070.1,679.3
Queenstown,EW19,WEEKENDS/HOLIDAY,13,903.7,803.2
Queenstown,EW19,WEEKENDS/HOLIDAY,14,789.2,875.1
Queenstown,EW19,WEEKENDS/HOLIDAY,15,749.8,861.4
Queenstown,EW19,WEEKENDS/HOLIDAY,16,891.8,913.3
Queenstown,EW19,WEEKENDS/HOLIDAY,17,924.0,918.9
Queenstown,EW19,WEEKENDS/HOLIDAY,18,895.5,931.8
Queenstown,EW19,WEEKENDS/HOLIDAY,19,691.9,912.6
Queenstown,EW19,WEEKENDS/HOLIDAY,20,435.6,907.5
Queenstown,EW19,WEEKENDS/HOLIDAY,21,367.7,849.5
Queenstown,EW19,WEEKENDS/HOLIDAY,22,259.3,678.2
Queenstown,EW19,WEEKENDS/HOLIDAY,23,89.6,397.1
Raffles Place,EW14/NS26,WEEKDAY,0,28.095238095238095,5.285714285714286
Raffles Place,EW14/NS26,WEEKDAY,5,32.19047619047619,121.71428571428571
Raffles Place,EW14/NS26,WEEKDAY,6,107.0952380952381,1780.7142857142858
Raffles Place,EW14/NS26,WEEKDAY,7,256.85714285714283,4620.190476190476
Raffles Place,EW14/NS26,WEEKDAY,8,506.42857142857144,17356.428571428572
Raffles Place,EW14/NS26,WEEKDAY,9,645.3333333333334,15254.380952380952
Raffles Place,EW14/NS26,WEEKDAY,10,946.952380952381,4387.190476190476
Raffles Place,EW14/NS26,WEEKDAY,11,2803.095238095238,2569.2380952380954
Raffles Place,EW14/NS26,WEEKDAY,12,3383.190476190476,2565.4285714285716
Raffles Place,EW14/NS26,WEEKDAY,13,2176.190476190476,4173.666666666667
Raffles Place,EW14/NS26,WEEKDAY,14,2060.190476190476,2434.285714285714
Raffles Place,EW14/NS26,WEEKDAY,15,2498.095238095238,1482.5714285714287
Raffles Place,EW14/NS26,WEEKDAY,16,3652.714285714286,1451.095238095238
Raffles Place,EW14/NS26,WEEKDAY,17,9753.904761904761,1714.4761904761904
Raffles Place,EW14/NS26,WEEKDAY,18,18360.761904761905,2347.8571428571427
Raffles Place,EW14/NS26,WEEKDAY,19,8214.238095238095,1390.7142857142858
Raffles Place,EW14/NS26,WEEKDAY,20,4335.0,681.5714285714286
Raffles Place,EW14/NS26,WEEKDAY,21,2790.809523809524,499.6666666666667
Raffles Place,EW14/NS26,WEEKDAY,22,1961.095238095238,288.3333333333333
Raffles Place,EW14/NS26,WEEKDAY,23,968.6666666666666,117.19047619047619
Raffles Place,EW14/NS26,WEEKENDS/HOLIDAY,0,21.2,9.9
Raffles Place,EW14/NS26,WEEKENDS/HOLIDAY,5,73.6,16.9
Raffles Place,EW14/NS26,WEEKENDS/HOLIDAY,6,175.8,410.2
Raffles Place,EW14/NS26,WEEKENDS/HOLIDAY,7,179.9,725.2
Raffles Place,EW14/NS26,WEEKENDS/HOLIDAY,8,235.4,1033.9
Raffles Place,EW14/NS26,WEEKENDS/HOLIDAY,9,337.6,1392.2
Raffles Place,EW14/NS26,WEEKENDS/HOLIDAY,10,619.0,1504.2
Raffles Place,EW14/NS26,WEEKENDS/HOLIDAY,11,968.6,1555.0
Raffles Place,EW14/NS26,WEEKENDS/HOLIDAY,12,1175.3,1453.0
Raffles Place,EW14/NS26,WEEKENDS/HOLIDAY,13,1297.4,1383.1
Raffles Place,EW14/NS26,WEEKENDS/HOLIDAY,14,1297.5,1297.1
Raffles Place,EW14/NS26,WEEKENDS/HOLIDAY,15,1355.1,1256.9
Raffles Place,EW14/NS26,WEEKENDS/HOLIDAY,16,1398.5,1272.2
Raffles Place,EW14/NS26,WEEKENDS/HOLIDAY,17,1431.9,1390.1
Raffles Place,EW14/NS26,WEEKENDS/HOLIDAY,18,1342.9,1489.6
Raffles Place,EW14/NS26,WEEKENDS/HOLIDAY,19,1232.7,1099.7
Raffles Place,EW14/NS26,WEEKENDS/HOLIDAY,20,1327.1,697.5
Raffles Place,EW14/NS26,WEEKENDS/HOLIDAY,21,1460.5,476.0
Raffles Place,EW14/NS26,WEEKENDS/HOLIDAY,22,1413.8,305.9
Raffles Place,EW14/NS26,WEEKENDS/HOLIDAY,23,836.1,135.8
Redhill,EW18,WEEKDAY,0,2.761904761904762,22.333333333333332
Redhill,EW18,WEEKDAY,5,126.19047619047619,33.857142857142854
Redhill,EW18,WEEKDAY,6,890.0,705.1428571428571
Redhill,EW18,WEEKDAY,7,1711.047619047619,1831.6666666666667
Redhill,EW18,WEEKDAY,8,2292.714285714286,2857.285714285714
Redhill,EW18,WEEKDAY,9,1445.095238095238,1372.904761904762
Redhill,EW18,WEEKDAY,10,787.0952380952381,634.4285714285714
Redhill,EW18,WEEKDAY,11,776.2380952380952,588.1428571428571
Redhill,EW18,WEEKDAY,12,826.4285714285714,677.2380952380952
Redhill,EW18,WEEKDAY,13,840.7619047619048,804.6666666666666
Redhill,EW18,WEEKDAY,14,802.8095238095239,835.7142857142857
Redhill,EW18,WEEKDAY,15,796.1428571428571,793.2857142857143
Redhill,EW18,WEEKDAY,16,929.6190476190476,998.2380952380952
Redhill,EW18,WEEKDAY,17,1768.6666666666667,1476.7142857142858
Redhill,EW18,WEEKDAY,18,2763.2380952380954,2381.190476190476
Redhill,EW18,WEEKDAY,19,1268.6190476190477,1674.5714285714287
Redhill,EW18,WEEKDAY,20,714.0952380952381,1000.8095238095239
Redhill,EW18,WEEKDAY,21,584.5238095238095,874.8571428571429
Redhill,EW18,WEEKDAY,22,371.76190476190476,681.0952380952381
Redhill,EW18,WEEKDAY,23,127.85714285714286,326.6190476190476
Redhill,EW18,WEEKENDS/HOLIDAY,0,3.0,27.9
Redhill,EW18,WEEKENDS/HOLIDAY,5,37.8,10.2
Redhill,EW18,WEEKENDS/HOLIDAY,6,298.0,294.9
Redhill,EW18,WEEKENDS/HOLIDAY,7,442.9,568.1
Redhill,EW18,WEEKENDS/HOLIDAY,8,726.0,772.9
Redhill,EW18,WEEKENDS/HOLIDAY,9,845.1,851.3
Redhill,EW18,WEEKENDS/HOLIDAY,10,950.1,747.2
Redhill,EW18,WEEKENDS/HOLIDAY,11,1018.2,731.0
Redhill,EW18,WEEKENDS/HOLIDAY,12,1137.8,818.6
Redhill,EW18,WEEKENDS/HOLIDAY,13,977.9,875.7
Redhill,EW18,WEEKENDS/HOLIDAY,14,830.7,863.8
Redhill,EW18,WEEKENDS/HOLIDAY,15,816.7,882.7
Redhill,EW18,WEEKENDS/HOLIDAY,16,852.0,902.8
Redhill,EW18,WEEKENDS/HOLIDAY,17,1001.3,948.9
Redhill,EW18,WEEKENDS/HOLIDAY,18,972.9,953.7
Redhill,EW18,WEEKENDS/HOLIDAY,19,733.2,896.0
Redhill,EW18,WEEKENDS/HOLIDAY,20,502.5,835.2
Redhill,EW18,WEEKENDS/HOLIDAY,21,466.3,783.0
Redhill,EW18,WEEKENDS/HOLIDAY,22,333.3,635.9
Redhill,EW18,WEEKENDS/HOLIDAY,23,141.0,360.0
Rochor,DT13,WEEKDAY,0,9.476190476190476,25.047619047619047
Rochor,DT13,WEEKDAY,5,33.57142857142857,4.476190476190476
Rochor,DT13,WEEKDAY,6,300.95238095238096,140.1904761904762
Rochor,DT13,WEEKDAY,7,457.42857142857144,436.0952380952381
Rochor,DT13,WEEKDAY,8,517.047619047619,1175.0
Rochor,DT13,WEEKDAY,9,384.7142857142857,1037.904761904762
Rochor,DT13,WEEKDAY,10,356.76190476190476,772.7142857142857
Rochor,DT13,WEEKDAY,11,464.3333333333333,708.5238095238095
Rochor,DT13,WEEKDAY,12,607.3333333333334,873.5714285714286
Rochor,DT13,WEEKDAY,13,814.1428571428571,622.4285714285714
Rochor,DT13,WEEKDAY,14,555.6190476190476,575.0952380952381
Rochor,DT13,WEEKDAY,15,547.2380952380952,490.04761904761904
Rochor,DT13,WEEKDAY,16,673.8571428571429,488.76190476190476
Rochor,DT13,WEEKDAY,17,1139.5238095238096,633.7619047619048
Rochor,DT13,WEEKDAY,18,1341.4285714285713,945.952380952381
Rochor,DT13,WEEKDAY,19,926.6666666666666,733.4285714285714
Rochor,DT13,WEEKDAY,20,682.5714285714286,460.95238095238096
Rochor,DT13,WEEKDAY,21,511.23809523809524,478.42857142857144
Rochor,DT13,WEEKDAY,22,354.2857142857143,372.6190476190476
Rochor,DT13,WEEKDAY,23,150.57142857142858,168.1904761904762
Rochor,DT13,WEEKENDS/HOLIDAY,0,12.7,30.6
Rochor,DT13,WEEKENDS/HOLIDAY,5,12.3,2.3
Rochor,DT13,WEEKENDS/HOLIDAY,6,194.8,103.0
Rochor,DT13,WEEKENDS/HOLIDAY,7,267.9,210.1
Rochor,DT13,WEEKENDS/HOLIDAY,8,297.7,531.8
Rochor,DT13,WEEKENDS/HOLIDAY,9,351.7,679.6
Rochor,DT13,WEEKENDS/HOLIDAY,10,463.0,794.6
Rochor,DT13,WEEKENDS/HOLIDAY,11,594.0,836.6
Rochor,DT13,WEEKENDS/HOLIDAY,12,683.6,816.8
Rochor,DT13,WEEKENDS/HOLIDAY,13,770.6,874.5
Rochor,DT13,WEEKENDS/HOLIDAY,14,709.4,864.2
Rochor,DT13,WEEKENDS/HOLIDAY,15,716.0,732.9
Rochor,DT13,WEEKENDS/HOLIDAY,16,859.5,733.3
Rochor,DT13,WEEKENDS/HOLIDAY,17,893.1,680.7
Rochor,DT13,WEEKENDS/HOLIDAY,18,931.4,634.0
Rochor,DT13,WEEKENDS/HOLIDAY,19,777.9,526.6
Rochor,DT13,WEEKENDS/HOLIDAY,20,671.2,479.4
Rochor,DT13,WEEKENDS/HOLIDAY,21,451.2,473.5
Rochor,DT13,WEEKENDS/HOLIDAY,22,329.5,408.5
Rochor,DT13,WEEKENDS/HOLIDAY,23,175.8,204.5
Sembawang,NS11,WEEKDAY,0,34.904761904761905,341.3809523809524
Sembawang,NS11,WEEKDAY,5,1034.2857142857142,147.23809523809524
Sembawang,NS11,WEEKDAY,6,4417.619047619048,1352.7619047619048
Sembawang,NS11,WEEKDAY,7,7747.238095238095,3046.714285714286
Sembawang,NS11,WEEKDAY,8,5731.809523809524,1907.6190476190477
Sembawang,NS11,WEEKDAY,9,2727.714285714286,958.8571428571429
Sembawang,NS11,WEEKDAY,10,1814.4285714285713,747.952380952381
Sembawang,NS11,WEEKDAY,11,1541.047619047619,814.5238095238095
Sembawang,NS11,WEEKDAY,12,1495.2380952380952,1116.8095238095239
Sembawang,NS11,WEEKDAY,13,1534.7142857142858,1430.6190476190477
Sembawang,NS11,WEEKDAY,14,1426.4761904761904,1556.904761904762
Sembawang,NS11,WEEKDAY,15,1282.1904761904761,1879.1904761904761
Sembawang,NS11,WEEKDAY,16,1454.7619047619048,2249.1428571428573
Sembawang,NS11,WEEKDAY,17,2746.2380952380954,3609.3809523809523
Sembawang,NS11,WEEKDAY,18,2827.3333333333335,6551.761904761905
Sembawang,NS11,WEEKDAY,19,1693.3333333333333,5331.619047619048
Sembawang,NS11,WEEKDAY,20,1137.7142857142858,3177.095238095238
Sembawang,NS11,WEEKDAY,21,956.1428571428571,2761.809523809524
Sembawang,NS11,WEEKDAY,22,593.2857142857143,2403.6190476190477
Sembawang,NS11,WEEKDAY,23,220.57142857142858,1297.7142857142858
Sembawang,NS11,WEEKENDS/HOLIDAY,0,51.2,455.6
Sembawang,NS11,WEEKENDS/HOLIDAY,5,565.8,69.7
Sembawang,NS11,WEEKENDS/HOLIDAY,6,1358.3,446.7
Sembawang,NS11,WEEKENDS/HOLIDAY,7,1937.2,1007.8
Sembawang,NS11,WEEKENDS/HOLIDAY,8,2449.3,1080.7
Sembawang,NS11,WEEKENDS/HOLIDAY,9,2557.8,1014.0
Sembawang,NS11,WEEKENDS/HOLIDAY,10,2417.7,1144.7
Sembawang,NS11,WEEKENDS/HOLIDAY,11,2337.1,1287.6
Sembawang,NS11,WEEKENDS/HOLIDAY,12,2363.2,1568.2
Sembawang,NS11,WEEKENDS/HOLIDAY,13,2207.6,1890.5
Sembawang,NS11,WEEKENDS/HOLIDAY,14,1991.3,1967.2
Sembawang,NS11,WEEKENDS/HOLIDAY,15,1890.9,1966.5
Sembawang,NS11,WEEKENDS/HOLIDAY,16,1993.3,2165.9
Sembawang,NS11,WEEKENDS/HOLIDAY,17,2197.3,2352.6
Sembawang,NS11,WEEKENDS/HOLIDAY,18,2006.6,2648.1
Sembawang,NS11,WEEKENDS/HOLIDAY,19,1538.4,2613.9
Sembawang,NS11,WEEKENDS/HOLIDAY,20,1195.4,2592.1
Sembawang,NS11,WEEKENDS/HOLIDAY,21,917.9,2571.9
Sembawang,NS11,WEEKENDS/HOLIDAY,22,674.2,2384.7
Sembawang,NS11,WEEKENDS/HOLIDAY,23,265.9,1480.4
Sengkang,NE16/STC,WEEKDAY,0,23.047619047619047,176.71428571428572
Sengkang,NE16/STC,WEEKDAY,5,508.5238095238095,138.04761904761904
Sengkang,NE16/STC,WEEKDAY,6,2749.5238095238096,1186.4285714285713
Sengkang,NE16/STC,WEEKDAY,7,6147.476190476191,1907.2380952380952
Sengkang,NE16/STC,WEEKDAY,8,6150.142857142857,1328.4761904761904
Sengkang,NE16/STC,WEEKDAY,9,3309.2380952380954,1121.142857142857
Sengkang,NE16/STC,WEEKDAY,10,2034.952380952381,1146.904761904762
Sengkang,NE16/STC,WEEKDAY,11,1975.2857142857142,1422.7142857142858
Sengkang,NE16/STC,WEEKDAY,12,2060.0,1893.3809523809523
Sengkang,NE16/STC,WEEKDAY,13,2251.095238095238,2229.5238095238096
Sengkang,NE16/STC,WEEKDAY,14,2147.285714285714,2443.2380952380954
Sengkang,NE16/STC,WEEKDAY,15,1971.047619047619,2555.095238095238
Sengkang,NE16/STC,WEEKDAY,16,2116.5714285714284,2840.1428571428573
Sengkang,NE16/STC,WEEKDAY,17,2656.4761904761904,4486.428571428572
Sengkang,NE16/STC,WEEKDAY,18,3356.904761904762,7404.666666666667
Sengkang,NE16/STC,WEEKDAY,19,2540.190476190476,5867.190476190476
Sengkang,NE16/STC,WEEKDAY,20,1704.6190476190477,3481.285714285714
Sengkang,NE16/STC,WEEKDAY,21,1337.7142857142858,2776.0
Sengkang,NE16/STC,WEEKDAY,22,668.047619047619,2135.190476190476
Sengkang,NE16/STC,WEEKDAY,23,226.14285714285714,1066.1904761904761
Sengkang,NE16/STC,WEEKENDS/HOLIDAY,0,29.9,192.8
Sengkang,NE16/STC,WEEKENDS/HOLIDAY,5,214.6,52.3
Sengkang,NE16/STC,WEEKENDS/HOLIDAY,6,782.6,300.2
Sengkang,NE16/STC,WEEKENDS/HOLIDAY,7,1334.0,586.9
Sengkang,NE16/STC,WEEKENDS/HOLIDAY,8,2030.5,887.1
Sengkang,NE16/STC,WEEKENDS/HOLIDAY,9,2390.7,1142.4
Sengkang,NE16/STC,WEEKENDS/HOLIDAY,10,2536.2,1521.5
Sengkang,NE16/STC,WEEKENDS/HOLIDAY,11,2695.9,1960.0
Sengkang,NE16/STC,WEEKENDS/HOLIDAY,12,2771.0,2288.8
Sengkang,NE16/STC,WEEKENDS/HOLIDAY,13,2839.3,2558.0
Sengkang,NE16/STC,WEEKENDS/HOLIDAY,14,2517.3,2497.5
Sengkang,NE16/STC,WEEKENDS/HOLIDAY,15,2478.6,2574.9
Sengkang,NE16/STC,WEEKENDS/HOLIDAY,16,2439.9,2750.8
Sengkang,NE16/STC,WEEKENDS/HOLIDAY,17,2581.3,3107.3
Sengkang,NE16/STC,WEEKENDS/HOLIDAY,18,2485.7,3227.6
Sengkang,NE16/STC,WEEKENDS/HOLIDAY,19,2033.4,3099.5
Sengkang,NE16/STC,WEEKENDS/HOLIDAY,20,1619.3,2765.6
Sengkang,NE16/STC,WEEKENDS/HOLIDAY,21,1346.8,2465.5
Sengkang,NE16/STC,WEEKENDS/HOLIDAY,22,722.7,2106.4
Sengkang,NE16/STC,WEEKENDS/HOLIDAY,23,251.4,1056.1
Serangoon,NE12/CC13,WEEKDAY,0,22.0,139.9047619047619
Serangoon,NE12/CC13,WEEKDAY,5,431.1904761904762,59.61904761904762
Serangoon,NE12/CC13,WEEKDAY,6,2787.7619047619046,1609.904761904762
Serangoon,NE12/CC13,WEEKDAY,7,5612.0,3673.3333333333335
Serangoon,NE12/CC13,WEEKDAY,8,7617.666666666667,2686.6190476190477
Serangoon,NE12/CC13,WEEKDAY,9,4216.619047619048,1720.5238095238096
Serangoon,NE12/CC13,WEEKDAY,10,2389.285714285714,1766.2857142857142
Serangoon,NE12/CC13,WEEKDAY,11,2175.6190476190477,2098.904761904762
Serangoon,NE12/CC13,WEEKDAY,12,2450.7619047619046,2558.5714285714284
Serangoon,NE12/CC13,WEEKDAY,13,2930.285714285714,2812.7619047619046
Serangoon,NE12/CC13,WEEKDAY,14,3075.3809523809523,2921.809523809524
Serangoon,NE12/CC13,WEEKDAY,15,2681.0,3093.7619047619046
Serangoon,NE12/CC13,WEEKDAY,16,2765.7619047619046,3526.0
Serangoon,NE12/CC13,WEEKDAY,17,3622.5714285714284,5550.190476190476
Serangoon,NE12/CC13,WEEKDAY,18,4837.428571428572,9308.57142857143
Serangoon,NE12/CC13,WEEKDAY,19,3352.2380952380954,6609.190476190476
Serangoon,NE12/CC13,WEEKDAY,20,2625.1428571428573,3760.3809523809523
Serangoon,NE12/CC13,WEEKDAY,21,2573.1428571428573,3109.714285714286
Serangoon,NE12/CC13,WEEKDAY,22,1432.3809523809523,2503.8571428571427
Serangoon,NE12/CC13,WEEKDAY,23,417.7142857142857,1152.0
Serangoon,NE12/CC13,WEEKENDS/HOLIDAY,0,29.8,170.0
Serangoon,NE12/CC13,WEEKENDS/HOLIDAY,5,171.1,13.8
Serangoon,NE12/CC13,WEEKENDS/HOLIDAY,6,986.4,375.5
Serangoon,NE12/CC13,WEEKENDS/HOLIDAY,7,1528.5,883.5
Serangoon,NE12/CC13,WEEKENDS/HOLIDAY,8,2247.7,1481.2
Serangoon,NE12/CC13,WEEKENDS/HOLIDAY,9,2918.2,1933.4
Serangoon,NE12/CC13,WEEKENDS/HOLIDAY,10,2941.8,2413.6
Serangoon,NE12/CC13,WEEKENDS/HOLIDAY,11,3025.1,2939.4
Serangoon,NE12/CC13,WEEKENDS/HOLIDAY,12,3339.7,3420.6
Serangoon,NE12/CC13,WEEKENDS/HOLIDAY,13,3494.5,3780.4
Serangoon,NE12/CC13,WEEKENDS/HOLIDAY,14,3463.9,3492.0
Serangoon,NE12/CC13,WEEKENDS/HOLIDAY,15,3396.8,3504.7
Serangoon,NE12/CC13,WEEKENDS/HOLIDAY,16,3491.6,3877.3
Serangoon,NE12/CC13,WEEKENDS/HOLIDAY,17,3633.9,4334.6
Serangoon,NE12/CC13,WEEKENDS/HOLIDAY,18,3634.5,4412.4
Serangoon,NE12/CC13,WEEKENDS/HOLIDAY,19,3183.3,3769.9
Serangoon,NE12/CC13,WEEKENDS/HOLIDAY,20,2709.6,3070.3
Serangoon,NE12/CC13,WEEKENDS/HOLIDAY,21,2585.3,2709.4
Serangoon,NE12/CC13,WEEKENDS/HOLIDAY,22,1541.7,2324.1
Serangoon,NE12/CC13,WEEKENDS/HOLIDAY,23,456.8,1173.4
Shenton Way,TE19,WEEKDAY,0,8.380952380952381,4.333333333333333
Shenton Way,TE19,WEEKDAY,5,3.761904761904762,0.19047619047619047
Shenton Way,TE19,WEEKDAY,6,40.04761904761905,351.0
Shenton Way,TE19,WEEKDAY,7,74.38095238095238,1176.6190476190477
Shenton Way,TE19,WEEKDAY,8,122.95238095238095,4615.9047619047615
Shenton Way,TE19,WEEKDAY,9,113.9047619047619,4301.047619047619
Shenton Way,TE19,WEEKDAY,10,152.95238095238096,1103.7619047619048
Shenton Way,TE19,WEEKDAY,11,445.2857142857143,565.7619047619048
Shenton Way,TE19,WEEKDAY,12,516.6190476190476,457.0
Shenton Way,TE19,WEEKDAY,13,368.04761904761904,640.0952380952381
Shenton Way,TE19,WEEKDAY,14,428.23809523809524,409.04761904761904
Shenton Way,TE19,WEEKDAY,15,482.6666666666667,213.8095238095238
Shenton Way,TE19,WEEKDAY,16,824.7619047619048,206.0952380952381
Shenton Way,TE19,WEEKDAY,17,2678.809523809524,267.57142857142856
Shenton Way,TE19,WEEKDAY,18,4575.0,355.2857142857143
Shenton Way,TE19,WEEKDAY,19,2027.6190476190477,230.38095238095238
Shenton Way,TE19,WEEKDAY,20,910.1904761904761,137.9047619047619
Shenton Way,TE19,WEEKDAY,21,523.5714285714286,95.28571428571429
Shenton Way,TE19,WEEKDAY,22,311.04761904761904,55.714285714285715
Shenton Way,TE19,WEEKDAY,23,134.47619047619048,26.666666666666668
Shenton Way,TE19,WEEKENDS/HOLIDAY,0,5.7,6.1
Shenton Way,TE19,WEEKENDS/HOLIDAY,5,2.8,0.1
Shenton Way,TE19,WEEKENDS/HOLIDAY,6,21.0,54.7
Shenton Way,TE19,WEEKENDS/HOLIDAY,7,37.2,117.6
Shenton Way,TE19,WEEKENDS/HOLIDAY,8,63.3,217.8
Shenton Way,TE19,WEEKENDS/HOLIDAY,9,85.3,220.3
Shenton Way,TE19,WEEKENDS/HOLIDAY,10,142.5,212.5
Shenton Way,TE19,WEEKENDS/HOLIDAY,11,191.3,228.1
Shenton Way,TE19,WEEKENDS/HOLIDAY,12,225.4,229.5
Shenton Way,TE19,WEEKENDS/HOLIDAY,13,220.2,220.7
Shenton Way,TE19,WEEKENDS/HOLIDAY,14,231.7,215.8
Shenton Way,TE19,WEEKENDS/HOLIDAY,15,251.9,184.6
Shenton Way,TE19,WEEKENDS/HOLIDAY,16,250.9,173.1
Shenton Way,TE19,WEEKENDS/HOLIDAY,17,262.9,195.5
Shenton Way,TE19,WEEKENDS/HOLIDAY,18,263.7,216.9
Shenton Way,TE19,WEEKENDS/HOLIDAY,19,243.6,184.0
Shenton Way,TE19,WEEKENDS/HOLIDAY,20,209.8,147.2
Shenton Way,TE19,WEEKENDS/HOLIDAY,21,184.7,115.2
Shenton Way,TE19,WEEKENDS/HOLIDAY,22,151.0,65.7
Shenton Way,TE19,WEEKENDS/HOLIDAY,23,85.0,27.1
Siglap,TE28,WEEKDAY,0,0.42857142857142855,18.285714285714285
Siglap,TE28,WEEKDAY,5,14.571428571428571,0.09523809523809523
Siglap,TE28,WEEKDAY,6,183.0,71.33333333333333
Siglap,TE28,WEEKDAY,7,529.5238095238095,314.9047619047619
Siglap,TE28,WEEKDAY,8,680.6190476190476,206.9047619047619
Siglap,TE28,WEEKDAY,9,351.23809523809524,118.71428571428571
Siglap,TE28,WEEKDAY,10,199.71428571428572,96.0
Siglap,TE28,WEEKDAY,11,178.1904761904762,107.19047619047619
Siglap,TE28,WEEKDAY,12,207.52380952380952,180.38095238095238
Siglap,TE28,WEEKDAY,13,279.42857142857144,282.14285714285717
Siglap,TE28,WEEKDAY,14,243.85714285714286,230.61904761904762
Siglap,TE28,WEEKDAY,15,187.95238095238096,251.9047619047619
Siglap,TE28,WEEKDAY,16,207.28571428571428,284.57142857142856
Siglap,TE28,WEEKDAY,17,279.57142857142856,403.85714285714283
Siglap,TE28,WEEKDAY,18,290.23809523809524,632.0
Siglap,TE28,WEEKDAY,19,149.85714285714286,550.0952380952381
Siglap,TE28,WEEKDAY,20,94.95238095238095,304.76190476190476
Siglap,TE28,WEEKDAY,21,65.0,228.28571428571428
Siglap,TE28,WEEKDAY,22,46.76190476190476,173.23809523809524
Siglap,TE28,WEEKDAY,23,18.666666666666668,81.71428571428571
Siglap,TE28,WEEKENDS/HOLIDAY,0,0.1,23.9
Siglap,TE28,WEEKENDS/HOLIDAY,5,4.1,0.2
Siglap,TE28,WEEKENDS/HOLIDAY,6,59.5,12.8
Siglap,TE28,WEEKENDS/HOLIDAY,7,107.7,63.3
Siglap,TE28,WEEKENDS/HOLIDAY,8,201.6,85.7
Siglap,TE28,WEEKENDS/HOLIDAY,9,227.5,120.7
Siglap,TE28,WEEKENDS/HOLIDAY,10,254.3,138.9
Siglap,TE28,WEEKENDS/HOLIDAY,11,261.1,175.0
Siglap,TE28,WEEKENDS/HOLIDAY,12,239.4,203.3
Siglap,TE28,WEEKENDS/HOLIDAY,13,220.3,241.6
Siglap,TE28,WEEKENDS/HOLIDAY,14,178.9,245.4
Siglap,TE28,WEEKENDS/HOLIDAY,15,186.2,233.8
Siglap,TE28,WEEKENDS/HOLIDAY,16,188.4,293.4
Siglap,TE28,WEEKENDS/HOLIDAY,17,222.6,287.6
Siglap,TE28,WEEKENDS/HOLIDAY,18,217.7,299.7
Siglap,TE28,WEEKENDS/HOLIDAY,19,190.9,289.7
Siglap,TE28,WEEKENDS/HOLIDAY,20,136.9,250.8
Siglap,TE28,WEEKENDS/HOLIDAY,21,119.2,220.3
Siglap,TE28,WEEKENDS/HOLIDAY,22,87.1,169.4
Siglap,TE28,WEEKENDS/HOLIDAY,23,29.1,73.6
Simei,EW3,WEEKDAY,0,4.0,91.85714285714286
Simei,EW3,WEEKDAY,5,212.14285714285714,15.619047619047619
Simei,EW3,WEEKDAY,6,987.4761904761905,409.7142857142857
Simei,EW3,WEEKDAY,7,1970.6190476190477,1240.857142857143
Simei,EW3,WEEKDAY,8,2407.1428571428573,956.3809523809524
Simei,EW3,WEEKDAY,9,1230.1904761904761,582.0952380952381
Simei,EW3,WEEKDAY,10,855.6190476190476,492.1904761904762
Simei,EW3,WEEKDAY,11,868.4761904761905,514.2380952380952
Simei,EW3,WEEKDAY,12,907.6190476190476,681.0952380952381
Simei,EW3,WEEKDAY,13,851.0952380952381,801.3809523809524
Simei,EW3,WEEKDAY,14,827.0,904.2857142857143
Simei,EW3,WEEKDAY,15,821.9047619047619,890.3809523809524
Simei,EW3,WEEKDAY,16,904.1428571428571,999.6666666666666
Simei,EW3,WEEKDAY,17,1371.952380952381,1460.7142857142858
Simei,EW3,WEEKDAY,18,1521.857142857143,2621.0
Simei,EW3,WEEKDAY,19,832.2857142857143,2111.095238095238
Simei,EW3,WEEKDAY,20,547.5238095238095,1283.142857142857
Simei,EW3,WEEKDAY,21,469.8095238095238,1098.095238095238
Simei,EW3,WEEKDAY,22,260.7142857142857,870.2857142857143
Simei,EW3,WEEKDAY,23,74.04761904761905,401.0952380952381
Simei,EW3,WEEKENDS/HOLIDAY,0,5.7,98.8
Simei,EW3,WEEKENDS/HOLIDAY,5,96.4,4.6
Simei,EW3,WEEKENDS/HOLIDAY,6,310.8,165.2
Simei,EW3,WEEKENDS/HOLIDAY,7,552.5,315.7
Simei,EW3,WEEKENDS/HOLIDAY,8,839.9,399.6
Simei,EW3,WEEKENDS/HOLIDAY,9,1009.9,451.6
Simei,EW3,WEEKENDS/HOLIDAY,10,1033.9,525.7
Simei,EW3,WEEKENDS/HOLIDAY,11,1014.7,638.6
Simei,EW3,WEEKENDS/HOLIDAY,12,1040.3,759.9
Simei,EW3,WEEKENDS/HOLIDAY,13,979.8,894.3
Simei,EW3,WEEKENDS/HOLIDAY,14,880.8,911.1
Simei,EW3,WEEKENDS/HOLIDAY,15,845.3,903.9
Simei,EW3,WEEKENDS/HOLIDAY,16,907.0,1001.3
Simei,EW3,WEEKENDS/HOLIDAY,17,1007.0,1088.8
Simei,EW3,WEEKENDS/HOLIDAY,18,964.6,1187.4
Simei,EW3,WEEKENDS/HOLIDAY,19,721.8,1161.0
Simei,EW3,WEEKENDS/HOLIDAY,20,537.9,1056.2
Simei,EW3,WEEKENDS/HOLIDAY,21,423.3,948.1
Simei,EW3,WEEKENDS/HOLIDAY,22,277.3,849.5
Simei,EW3,WEEKENDS/HOLIDAY,23,90.0,433.5
Sixth Avenue,DT7,WEEKDAY,0,1.0476190476190477,11.904761904761905
Sixth Avenue,DT7,WEEKDAY,5,12.095238095238095,2.2857142857142856
Sixth Avenue,DT7,WEEKDAY,6,118.61904761904762,158.04761904761904
Sixth Avenue,DT7,WEEKDAY,7,327.57142857142856,799.0952380952381
Sixth Avenue,DT7,WEEKDAY,8,448.1904761904762,828.952380952381
Sixth Avenue,DT7,WEEKDAY,9,265.8095238095238,260.0
Sixth Avenue,DT7,WEEKDAY,10,148.1904761904762,135.42857142857142
Sixth Avenue,DT7,WEEKDAY,11,149.9047619047619,173.95238095238096
Sixth Avenue,DT7,WEEKDAY,12,157.61904761904762,163.04761904761904
Sixth Avenue,DT7,WEEKDAY,13,166.76190476190476,221.76190476190476
Sixth Avenue,DT7,WEEKDAY,14,190.52380952380952,256.6190476190476
Sixth Avenue,DT7,WEEKDAY,15,370.0,279.57142857142856
Sixth Avenue,DT7,WEEKDAY,16,381.7142857142857,285.8095238095238
Sixth Avenue,DT7,WEEKDAY,17,512.6190476190476,386.04761904761904
Sixth Avenue,DT7,WEEKDAY,18,608.3809523809524,614.5238095238095
Sixth Avenue,DT7,WEEKDAY,19,310.3333333333333,416.57142857142856
Sixth Avenue,DT7,WEEKDAY,20,122.95238095238095,222.1904761904762
Sixth Avenue,DT7,WEEKDAY,21,78.42857142857143,189.38095238095238
Sixth Avenue,DT7,WEEKDAY,22,76.14285714285714,135.71428571428572
Sixth Avenue,DT7,WEEKDAY,23,22.952380952380953,57.04761904761905
Sixth Avenue,DT7,WEEKENDS/HOLIDAY,0,0.8,10.8
Sixth Avenue,DT7,WEEKENDS/HOLIDAY,5,4.0,0.6
Sixth Avenue,DT7,WEEKENDS/HOLIDAY,6,29.6,53.9
Sixth Avenue,DT7,WEEKENDS/HOLIDAY,7,80.0,185.1
Sixth Avenue,DT7,WEEKENDS/HOLIDAY,8,167.1,192.0
Sixth Avenue,DT7,WEEKENDS/HOLIDAY,9,238.2,159.0
Sixth Avenue,DT7,WEEKENDS/HOLIDAY,10,234.7,148.2
Sixth Avenue,DT7,WEEKENDS/HOLIDAY,11,229.8,168.7
Sixth Avenue,DT7,WEEKENDS/HOLIDAY,12,226.5,166.6
Sixth Avenue,DT7,WEEKENDS/HOLIDAY,13,201.8,176.6
Sixth Avenue,DT7,WEEKENDS/HOLIDAY,14,175.3,181.7
Sixth Avenue,DT7,WEEKENDS/HOLIDAY,15,168.0,191.2
Sixth Avenue,DT7,WEEKENDS/HOLIDAY,16,186.6,226.8
Sixth Avenue,DT7,WEEKENDS/HOLIDAY,17,239.1,255.1
Sixth Avenue,DT7,WEEKENDS/HOLIDAY,18,236.3,297.2
Sixth Avenue,DT7,WEEKENDS/HOLIDAY,19,156.6,241.1
Sixth Avenue,DT7,WEEKENDS/HOLIDAY,20,99.0,196.4
Sixth Avenue,DT7,WEEKENDS/HOLIDAY,21,72.3,174.0
Sixth Avenue,DT7,WEEKENDS/HOLIDAY,22,73.6,125.6
Sixth Avenue,DT7,WEEKENDS/HOLIDAY,23,30.5,55.5
Somerset,NS23,WEEKDAY,0,22.285714285714285,9.714285714285714
Somerset,NS23,WEEKDAY,5,21.333333333333332,27.19047619047619
Somerset,NS23,WEEKDAY,6,162.38095238095238,484.14285714285717
Somerset,NS23,WEEKDAY,7,458.7142857142857,1218.952380952381
Somerset,NS23,WEEKDAY,8,811.9047619047619,2536.0476190476193
Somerset,NS23,WEEKDAY,9,605.1904761904761,2682.0
Somerset,NS23,WEEKDAY,10,554.1428571428571,1906.3809523809523
Somerset,NS23,WEEKDAY,11,822.0952380952381,1930.4285714285713
Somerset,NS23,WEEKDAY,12,1169.3333333333333,2202.3809523809523
Somerset,NS23,WEEKDAY,13,1818.7142857142858,1817.0
Somerset,NS23,WEEKDAY,14,1518.095238095238,1776.142857142857
Somerset,NS23,WEEKDAY,15,1756.8095238095239,1805.3333333333333
Somerset,NS23,WEEKDAY,16,2074.3809523809523,1973.5714285714287
Somerset,NS23,WEEKDAY,17,2949.6190476190477,2419.5238095238096
Somerset,NS23,WEEKDAY,18,3730.904761904762,4119.619047619048
Somerset,NS23,WEEKDAY,19,2673.2380952380954,2424.4285714285716
Somerset,NS23,WEEKDAY,20,2718.3333333333335,1155.4761904761904
Somerset,NS23,WEEKDAY,21,3056.714285714286,752.8095238095239
Somerset,NS23,WEEKDAY,22,2240.9523809523807,418.14285714285717
Somerset,NS23,WEEKDAY,23,825.5714285714286,174.38095238095238
Somerset,NS23,WEEKENDS/HOLIDAY,0,25.9,10.4
Somerset,NS23,WEEKENDS/HOLIDAY,5,8.5,11.1
Somerset,NS23,WEEKENDS/HOLIDAY,6,130.0,297.4
Somerset,NS23,WEEKENDS/HOLIDAY,7,180.4,692.3
Somerset,NS23,WEEKENDS/HOLIDAY,8,263.0,956.5
Somerset,NS23,WEEKENDS/HOLIDAY,9,395.3,1800.5
Somerset,NS23,WEEKENDS/HOLIDAY,10,606.5,2120.7
Somerset,NS23,WEEKENDS/HOLIDAY,11,872.0,2451.0
Somerset,NS23,WEEKENDS/HOLIDAY,12,1308.9,2792.7
Somerset,NS23,WEEKENDS/HOLIDAY,13,1730.3,3032.1
Somerset,NS23,WEEKENDS/HOLIDAY,14,2121.1,2831.3
Somerset,NS23,WEEKENDS/HOLIDAY,15,2508.2,2777.8
Somerset,NS23,WEEKENDS/HOLIDAY,16,2815.7,2637.5
Somerset,NS23,WEEKENDS/HOLIDAY,17,3174.9,2659.9
Somerset,NS23,WEEKENDS/HOLIDAY,18,2943.0,2517.2
Somerset,NS23,WEEKENDS/HOLIDAY,19,2768.4,1836.4
Somerset,NS23,WEEKENDS/HOLIDAY,20,2760.7,1143.2
Somerset,NS23,WEEKENDS/HOLIDAY,21,2970.5,816.0
Somerset,NS23,WEEKENDS/HOLIDAY,22,2230.3,458.6
Somerset,NS23,WEEKENDS/HOLIDAY,23,936.3,190.3
Springleaf,TE4,WEEKDAY,0,7.619047619047619,19.285714285714285
Springleaf,TE4,WEEKDAY,5,32.523809523809526,19.38095238095238
Springleaf,TE4,WEEKDAY,6,324.3333333333333,208.28571428571428
Springleaf,TE4,WEEKDAY,7,473.0952380952381,797.6190476190476
Springleaf,TE4,WEEKDAY,8,519.1428571428571,744.7142857142857
Springleaf,TE4,WEEKDAY,9,256.42857142857144,268.3333333333333
Springleaf,TE4,WEEKDAY,10,165.85714285714286,189.04761904761904
Springleaf,TE4,WEEKDAY,11,176.47619047619048,156.52380952380952
Springleaf,TE4,WEEKDAY,12,213.95238095238096,185.33333333333334
Springleaf,TE4,WEEKDAY,13,224.33333333333334,200.14285714285714
Springleaf,TE4,WEEKDAY,14,194.38095238095238,215.28571428571428
Springleaf,TE4,WEEKDAY,15,239.38095238095238,187.0952380952381
Springleaf,TE4,WEEKDAY,16,343.5238095238095,221.23809523809524
Springleaf,TE4,WEEKDAY,17,832.6666666666666,375.2857142857143
Springleaf,TE4,WEEKDAY,18,812.6190476190476,628.0
Springleaf,TE4,WEEKDAY,19,388.7142857142857,483.95238095238096
Springleaf,TE4,WEEKDAY,20,235.85714285714286,285.3809523809524
Springleaf,TE4,WEEKDAY,21,197.23809523809524,233.85714285714286
Springleaf,TE4,WEEKDAY,22,161.95238095238096,168.04761904761904
Springleaf,TE4,WEEKDAY,23,74.14285714285714,81.23809523809524
Springleaf,TE4,WEEKENDS/HOLIDAY,0,9.1,19.3
Springleaf,TE4,WEEKENDS/HOLIDAY,5,10.7,3.0
Springleaf,TE4,WEEKENDS/HOLIDAY,6,87.7,106.0
Springleaf,TE4,WEEKENDS/HOLIDAY,7,146.4,241.5
Springleaf,TE4,WEEKENDS/HOLIDAY,8,214.2,265.8
Springleaf,TE4,WEEKENDS/HOLIDAY,9,242.3,257.9
Springleaf,TE4,WEEKENDS/HOLIDAY,10,248.4,268.9
Springleaf,TE4,WEEKENDS/HOLIDAY,11,290.6,267.9
Springleaf,TE4,WEEKENDS/HOLIDAY,12,319.3,284.9
Springleaf,TE4,WEEKENDS/HOLIDAY,13,327.4,266.8
Springleaf,TE4,WEEKENDS/HOLIDAY,14,306.8,238.7
Springleaf,TE4,WEEKENDS/HOLIDAY,15,306.4,212.7
Springleaf,TE4,WEEKENDS/HOLIDAY,16,299.4,227.5
Springleaf,TE4,WEEKENDS/HOLIDAY,17,353.9,308.0
Springleaf,TE4,WEEKENDS/HOLIDAY,18,427.7,417.3
Springleaf,TE4,WEEKENDS/HOLIDAY,19,332.0,352.0
Springleaf,TE4,WEEKENDS/HOLIDAY,20,246.0,274.4
Springleaf,TE4,WEEKENDS/HOLIDAY,21,195.4,249.4
Springleaf,TE4,WEEKENDS/HOLIDAY,22,192.2,161.0
Springleaf,TE4,WEEKENDS/HOLIDAY,23,105.9,100.6
Stadium,CC6,WEEKDAY,0,4.476190476190476,2.0952380952380953
Stadium,CC6,WEEKDAY,5,4.285714285714286,1.9523809523809523
Stadium,CC6,WEEKDAY,6,34.285714285714285,138.47619047619048
Stadium,CC6,WEEKDAY,7,102.71428571428571,203.42857142857142
Stadium,CC6,WEEKDAY,8,219.0,459.9047619047619
Stadium,CC6,WEEKDAY,9,172.71428571428572,469.0952380952381
Stadium,CC6,WEEKDAY,10,156.76190476190476,279.6190476190476
Stadium,CC6,WEEKDAY,11,209.38095238095238,267.0
Stadium,CC6,WEEKDAY,12,328.3809523809524,359.95238095238096
Stadium,CC6,WEEKDAY,13,332.6190476190476,364.14285714285717
Stadium,CC6,WEEKDAY,14,236.14285714285714,382.0952380952381
Stadium,CC6,WEEKDAY,15,248.95238095238096,405.4761904761905
Stadium,CC6,WEEKDAY,16,342.2857142857143,422.2857142857143
Stadium,CC6,WEEKDAY,17,457.3809523809524,472.9047619047619
Stadium,CC6,WEEKDAY,18,732.5714285714286,884.0
Stadium,CC6,WEEKDAY,19,508.57142857142856,557.9047619047619
Stadium,CC6,WEEKDAY,20,556.0952380952381,187.8095238095238
Stadium,CC6,WEEKDAY,21,727.1428571428571,98.95238095238095
Stadium,CC6,WEEKDAY,22,495.4761904761905,52.76190476190476
Stadium,CC6,WEEKDAY,23,226.76190476190476,22.19047619047619
Stadium,CC6,WEEKENDS/HOLIDAY,0,4.5,1.7
Stadium,CC6,WEEKENDS/HOLIDAY,5,2.7,0.8
Stadium,CC6,WEEKENDS/HOLIDAY,6,23.5,207.4
Stadium,CC6,WEEKENDS/HOLIDAY,7,32.6,390.2
Stadium,CC6,WEEKENDS/HOLIDAY,8,91.6,434.2
Stadium,CC6,WEEKENDS/HOLIDAY,9,212.0,501.3
Stadium,CC6,WEEKENDS/HOLIDAY,10,406.1,604.0
Stadium,CC6,WEEKENDS/HOLIDAY,11,522.2,712.6
Stadium,CC6,WEEKENDS/HOLIDAY,12,549.2,796.0
Stadium,CC6,WEEKENDS/HOLIDAY,13,572.9,925.9
Stadium,CC6,WEEKENDS/HOLIDAY,14,557.6,891.6
Stadium,CC6,WEEKENDS/HOLIDAY,15,627.8,813.6
Stadium,CC6,WEEKENDS/HOLIDAY,16,715.9,909.5
Stadium,CC6,WEEKENDS/HOLIDAY,17,825.3,774.3
Stadium,CC6,WEEKENDS/HOLIDAY,18,749.3,708.7
Stadium,CC6,WEEKENDS/HOLIDAY,19,901.2,586.1
Stadium,CC6,WEEKENDS/HOLIDAY,20,1324.8,241.0
Stadium,CC6,WEEKENDS/HOLIDAY,21,1210.6,132.7
Stadium,CC6,WEEKENDS/HOLIDAY,22,1072.2,75.0
Stadium,CC6,WEEKENDS/HOLIDAY,23,169.1,27.1
Stevens,DT10,WEEKDAY,0,1.9523809523809523,8.952380952380953
Stevens,TE11,WEEKDAY,0,4.095238095238095,14.285714285714286
Stevens,DT10,WEEKDAY,5,3.857142857142857,2.142857142857143
Stevens,TE11,WEEKDAY,5,7.857142857142857,2.3333333333333335
Stevens,DT10,WEEKDAY,6,182.1904761904762,238.8095238095238
Stevens,TE11,WEEKDAY,6,192.76190476190476,207.76190476190476
Stevens,DT10,WEEKDAY,7,454.76190476190476,768.4761904761905
Stevens,TE11,WEEKDAY,7,427.1904761904762,662.5238095238095
Stevens,DT10,WEEKDAY,8,636.0,293.14285714285717
Stevens,TE11,WEEKDAY,8,607.0,351.23809523809524
Stevens,DT10,WEEKDAY,9,399.23809523809524,120.14285714285714
Stevens,TE11,WEEKDAY,9,351.2857142857143,157.42857142857142
Stevens,DT10,WEEKDAY,10,218.66666666666666,79.23809523809524
Stevens,TE11,WEEKDAY,10,200.04761904761904,102.9047619047619
Stevens,DT10,WEEKDAY,11,199.95238095238096,87.23809523809524
Stevens,TE11,WEEKDAY,11,184.38095238095238,113.80952380952381
Stevens,DT10,WEEKDAY,12,201.33333333333334,124.57142857142857
Stevens,TE11,WEEKDAY,12,190.61904761904762,155.38095238095238
Stevens,DT10,WEEKDAY,13,392.7142857142857,161.95238095238096
Stevens,TE11,WEEKDAY,13,351.6666666666667,196.47619047619048
Stevens,DT10,WEEKDAY,14,454.1904761904762,163.1904761904762
Stevens,TE11,WEEKDAY,14,397.23809523809524,186.04761904761904
Stevens,DT10,WEEKDAY,15,343.0,167.61904761904762
Stevens,TE11,WEEKDAY,15,299.4761904761905,228.0952380952381
Stevens,DT10,WEEKDAY,16,283.14285714285717,203.85714285714286
Stevens,TE11,WEEKDAY,16,294.76190476190476,249.42857142857142
Stevens,DT10,WEEKDAY,17,358.5238095238095,285.0
Stevens,TE11,WEEKDAY,17,389.85714285714283,357.6190476190476
Stevens,DT10,WEEKDAY,18,489.23809523809524,445.4761904761905
Stevens,TE11,WEEKDAY,18,535.2857142857143,540.7142857142857
Stevens,DT10,WEEKDAY,19,231.1904761904762,310.23809523809524
Stevens,TE11,WEEKDAY,19,285.42857142857144,364.5238095238095
Stevens,DT10,WEEKDAY,20,114.66666666666667,165.23809523809524
Stevens,TE11,WEEKDAY,20,136.95238095238096,232.0
Stevens,DT10,WEEKDAY,21,115.23809523809524,152.71428571428572
Stevens,TE11,WEEKDAY,21,115.80952380952381,237.42857142857142
Stevens,DT10,WEEKDAY,22,79.38095238095238,113.61904761904762
Stevens,TE11,WEEKDAY,22,107.66666666666667,191.85714285714286
Stevens,DT10,WEEKDAY,23,28.714285714285715,69.42857142857143
Stevens,TE11,WEEKDAY,23,48.714285714285715,112.95238095238095
Stevens,DT10,WEEKENDS/HOLIDAY,0,3.2,8.0
Stevens,TE11,WEEKENDS/HOLIDAY,0,4.9,18.9
Stevens,DT10,WEEKENDS/HOLIDAY,5,2.9,1.5
Stevens,TE11,WEEKENDS/HOLIDAY,5,4.5,0.5
Stevens,DT10,WEEKENDS/HOLIDAY,6,60.9,45.4
Stevens,TE11,WEEKENDS/HOLIDAY,6,72.6,41.9
Stevens,DT10,WEEKENDS/HOLIDAY,7,104.9,115.9
Stevens,TE11,WEEKENDS/HOLIDAY,7,114.6,126.9
Stevens,DT10,WEEKENDS/HOLIDAY,8,181.1,119.5
Stevens,TE11,WEEKENDS/HOLIDAY,8,181.0,150.7
Stevens,DT10,WEEKENDS/HOLIDAY,9,224.4,124.7
Stevens,TE11,WEEKENDS/HOLIDAY,9,218.1,162.1
Stevens,DT10,WEEKENDS/HOLIDAY,10,270.4,120.1
Stevens,TE11,WEEKENDS/HOLIDAY,10,247.9,151.8
Stevens,DT10,WEEKENDS/HOLIDAY,11,289.6,130.3
Stevens,TE11,WEEKENDS/HOLIDAY,11,264.2,158.5
Stevens,DT10,WEEKENDS/HOLIDAY,12,293.0,132.3
Stevens,TE11,WEEKENDS/HOLIDAY,12,278.2,183.0
Stevens,DT10,WEEKENDS/HOLIDAY,13,245.7,154.1
Stevens,TE11,WEEKENDS/HOLIDAY,13,210.6,202.9
Stevens,DT10,WEEKENDS/HOLIDAY,14,213.9,150.7
Stevens,TE11,WEEKENDS/HOLIDAY,14,201.0,198.7
Stevens,DT10,WEEKENDS/HOLIDAY,15,211.1,144.1
Stevens,TE11,WEEKENDS/HOLIDAY,15,194.6,201.7
Stevens,DT10,WEEKENDS/HOLIDAY,16,219.2,162.5
Stevens,TE11,WEEKENDS/HOLIDAY,16,215.0,221.6
Stevens,DT10,WEEKENDS/HOLIDAY,17,231.2,164.4
Stevens,TE11,WEEKENDS/HOLIDAY,17,245.3,225.6
Stevens,DT10,WEEKENDS/HOLIDAY,18,230.1,183.6
Stevens,TE11,WEEKENDS/HOLIDAY,18,246.8,229.9
Stevens,DT10,WEEKENDS/HOLIDAY,19,156.1,154.2
Stevens,TE11,WEEKENDS/HOLIDAY,19,175.8,218.2
Stevens,DT10,WEEKENDS/HOLIDAY,20,94.5,125.4
Stevens,TE11,WEEKENDS/HOLIDAY,20,110.1,208.1
Stevens,DT10,WEEKENDS/HOLIDAY,21,90.1,137.1
Stevens,TE11,WEEKENDS/HOLIDAY,21,96.8,219.6
Stevens,DT10,WEEKENDS/HOLIDAY,22,80.7,113.6
Stevens,TE11,WEEKENDS/HOLIDAY,22,93.1,194.5
Stevens,DT10,WEEKENDS/HOLIDAY,23,30.3,72.6
Stevens,TE11,WEEKENDS/HOLIDAY,23,51.2,116.4
Tai Seng,CC11,WEEKDAY,0,5.666666666666667,16.0
Tai Seng,CC11,WEEKDAY,5,60.333333333333336,53.523809523809526
Tai Seng,CC11,WEEKDAY,6,479.4761904761905,1107.1904761904761
Tai Seng,CC11,WEEKDAY,7,660.8571428571429,2906.3809523809523
Tai Seng,CC11,WEEKDAY,8,509.95238095238096,5330.380952380952
Tai Seng,CC11,WEEKDAY,9,325.5238095238095,3423.6190476190477
Tai Seng,CC11,WEEKDAY,10,284.0,1004.6666666666666
Tai Seng,CC11,WEEKDAY,11,460.04761904761904,605.7142857142857
Tai Seng,CC11,WEEKDAY,12,714.0,595.5714285714286
Tai Seng,CC11,WEEKDAY,13,621.1904761904761,730.1428571428571
Tai Seng,CC11,WEEKDAY,14,594.8571428571429,575.0952380952381
Tai Seng,CC11,WEEKDAY,15,778.3333333333334,453.57142857142856
Tai Seng,CC11,WEEKDAY,16,1328.6666666666667,468.1904761904762
Tai Seng,CC11,WEEKDAY,17,3876.190476190476,678.952380952381
Tai Seng,CC11,WEEKDAY,18,4708.666666666667,1108.4761904761904
Tai Seng,CC11,WEEKDAY,19,2197.5714285714284,942.1428571428571
Tai Seng,CC11,WEEKDAY,20,1141.1904761904761,473.8095238095238
Tai Seng,CC11,WEEKDAY,21,815.7142857142857,366.6190476190476
Tai Seng,CC11,WEEKDAY,22,490.5238095238095,288.23809523809524
Tai Seng,CC11,WEEKDAY,23,142.57142857142858,108.04761904761905
Tai Seng,CC11,WEEKENDS/HOLIDAY,0,4.4,19.8
Tai Seng,CC11,WEEKENDS/HOLIDAY,5,34.0,14.5
Tai Seng,CC11,WEEKENDS/HOLIDAY,6,305.8,400.7
Tai Seng,CC11,WEEKENDS/HOLIDAY,7,374.2,643.2
Tai Seng,CC11,WEEKENDS/HOLIDAY,8,272.4,810.5
Tai Seng,CC11,WEEKENDS/HOLIDAY,9,243.8,972.2
Tai Seng,CC11,WEEKENDS/HOLIDAY,10,301.1,751.8
Tai Seng,CC11,WEEKENDS/HOLIDAY,11,443.4,590.4
Tai Seng,CC11,WEEKENDS/HOLIDAY,12,713.1,625.8
Tai Seng,CC11,WEEKENDS/HOLIDAY,13,869.7,684.9
Tai Seng,CC11,WEEKENDS/HOLIDAY,14,809.7,572.1
Tai Seng,CC11,WEEKENDS/HOLIDAY,15,833.4,552.0
Tai Seng,CC11,WEEKENDS/HOLIDAY,16,963.9,580.4
Tai Seng,CC11,WEEKENDS/HOLIDAY,17,1109.7,611.8
Tai Seng,CC11,WEEKENDS/HOLIDAY,18,955.1,678.3
Tai Seng,CC11,WEEKENDS/HOLIDAY,19,806.5,594.2
Tai Seng,CC11,WEEKENDS/HOLIDAY,20,644.4,431.9
Tai Seng,CC11,WEEKENDS/HOLIDAY,21,584.5,400.4
Tai Seng,CC11,WEEKENDS/HOLIDAY,22,330.0,310.8
Tai Seng,CC11,WEEKENDS/HOLIDAY,23,105.4,137.1
Tampines,EW2/DT32,WEEKDAY,0,30.476190476190474,240.8095238095238
Tampines,EW2/DT32,WEEKDAY,5,667.4285714285714,105.19047619047619
Tampines,EW2/DT32,WEEKDAY,6,2898.8571428571427,1366.3809523809523
Tampines,EW2/DT32,WEEKDAY,7,6146.9047619047615,3048.190476190476
Tampines,EW2/DT32,WEEKDAY,8,7372.190476190476,3085.0476190476193
Tampines,EW2/DT32,WEEKDAY,9,3653.4285714285716,2168.5238095238096
Tampines,EW2/DT32,WEEKDAY,10,2256.6666666666665,1617.142857142857
Tampines,EW2/DT32,WEEKDAY,11,2030.0,1770.2380952380952
Tampines,EW2/DT32,WEEKDAY,12,2270.0,2264.5714285714284
Tampines,EW2/DT32,WEEKDAY,13,2416.285714285714,2429.7619047619046
Tampines,EW2/DT32,WEEKDAY,14,2411.5238095238096,2662.190476190476
Tampines,EW2/DT32,WEEKDAY,15,2243.8571428571427,2763.4761904761904
Tampines,EW2/DT32,WEEKDAY,16,2481.809523809524,3372.904761904762
Tampines,EW2/DT32,WEEKDAY,17,3662.6190476190477,5571.380952380952
Tampines,EW2/DT32,WEEKDAY,18,5015.428571428572,9629.285714285714
Tampines,EW2/DT32,WEEKDAY,19,3442.7619047619046,6353.523809523809
Tampines,EW2/DT32,WEEKDAY,20,2461.4285714285716,3365.285714285714
Tampines,EW2/DT32,WEEKDAY,21,2227.2380952380954,2540.9523809523807
Tampines,EW2/DT32,WEEKDAY,22,1179.8095238095239,2142.714285714286
Tampines,EW2/DT32,WEEKDAY,23,328.5238095238095,1039.4761904761904
Tampines,EW2/DT32,WEEKENDS/HOLIDAY,0,34.5,263.7
Tampines,EW2/DT32,WEEKENDS/HOLIDAY,5,283.2,43.1
Tampines,EW2/DT32,WEEKENDS/HOLIDAY,6,900.5,514.0
Tampines,EW2/DT32,WEEKENDS/HOLIDAY,7,1520.0,1058.9
Tampines,EW2/DT32,WEEKENDS/HOLIDAY,8,2150.2,1559.0
Tampines,EW2/DT32,WEEKENDS/HOLIDAY,9,2660.1,1792.8
Tampines,EW2/DT32,WEEKENDS/HOLIDAY,10,2761.7,2095.9
Tampines,EW2/DT32,WEEKENDS/HOLIDAY,11,2885.0,2429.7
Tampines,EW2/DT32,WEEKENDS/HOLIDAY,12,3131.1,2817.0
Tampines,EW2/DT32,WEEKENDS/HOLIDAY,13,3291.4,3010.3
Tampines,EW2/DT32,WEEKENDS/HOLIDAY,14,3119.7,2972.1
Tampines,EW2/DT32,WEEKENDS/HOLIDAY,15,3025.8,3095.1
Tampines,EW2/DT32,WEEKENDS/HOLIDAY,16,3156.4,3342.5
Tampines,EW2/DT32,WEEKENDS/HOLIDAY,17,3291.3,3888.2
Tampines,EW2/DT32,WEEKENDS/HOLIDAY,18,3272.2,3968.2
Tampines,EW2/DT32,WEEKENDS/HOLIDAY,19,2742.8,3424.6
Tampines,EW2/DT32,WEEKENDS/HOLIDAY,20,2375.2,2767.0
Tampines,EW2/DT32,WEEKENDS/HOLIDAY,21,2145.3,2348.6
Tampines,EW2/DT32,WEEKENDS/HOLIDAY,22,1253.0,2105.4
Tampines,EW2/DT32,WEEKENDS/HOLIDAY,23,359.0,1101.9
Tampines East,DT33,WEEKDAY,0,1.9047619047619047,135.1904761904762
Tampines East,DT33,WEEKDAY,5,304.23809523809524,4.523809523809524
Tampines East,DT33,WEEKDAY,6,1583.142857142857,478.6190476190476
Tampines East,DT33,WEEKDAY,7,3586.7619047619046,1570.857142857143
Tampines East,DT33,WEEKDAY,8,4226.0952380952385,777.8095238095239
Tampines East,DT33,WEEKDAY,9,1883.095238095238,312.9047619047619
Tampines East,DT33,WEEKDAY,10,986.9047619047619,216.0952380952381
Tampines East,DT33,WEEKDAY,11,714.3333333333334,246.04761904761904
Tampines East,DT33,WEEKDAY,12,766.2857142857143,399.3809523809524
Tampines East,DT33,WEEKDAY,13,737.3809523809524,526.047619047619
Tampines East,DT33,WEEKDAY,14,732.0952380952381,618.3809523809524
Tampines East,DT33,WEEKDAY,15,606.0,682.7142857142857
Tampines East,DT33,WEEKDAY,16,677.4285714285714,896.7619047619048
Tampines East,DT33,WEEKDAY,17,1086.095238095238,1620.6666666666667
Tampines East,DT33,WEEKDAY,18,1293.1904761904761,3213.3809523809523
Tampines East,DT33,WEEKDAY,19,746.952380952381,2474.5714285714284
Tampines East,DT33,WEEKDAY,20,385.95238095238096,1592.7142857142858
Tampines East,DT33,WEEKDAY,21,277.3809523809524,1290.6190476190477
Tampines East,DT33,WEEKDAY,22,177.0952380952381,1155.095238095238
Tampines East,DT33,WEEKDAY,23,68.28571428571429,662.2380952380952
Tampines East,DT33,WEEKENDS/HOLIDAY,0,0.7,175.2
Tampines East,DT33,WEEKENDS/HOLIDAY,5,131.2,2.9
Tampines East,DT33,WEEKENDS/HOLIDAY,6,459.8,157.5
Tampines East,DT33,WEEKENDS/HOLIDAY,7,789.9,369.6
Tampines East,DT33,WEEKENDS/HOLIDAY,8,961.5,326.3
Tampines East,DT33,WEEKENDS/HOLIDAY,9,1061.8,276.2
Tampines East,DT33,WEEKENDS/HOLIDAY,10,1093.1,270.9
Tampines East,DT33,WEEKENDS/HOLIDAY,11,1009.6,336.5
Tampines East,DT33,WEEKENDS/HOLIDAY,12,962.2,466.2
Tampines East,DT33,WEEKENDS/HOLIDAY,13,833.2,624.6
Tampines East,DT33,WEEKENDS/HOLIDAY,14,763.8,651.6
Tampines East,DT33,WEEKENDS/HOLIDAY,15,724.4,720.2
Tampines East,DT33,WEEKENDS/HOLIDAY,16,751.9,739.6
Tampines East,DT33,WEEKENDS/HOLIDAY,17,950.2,832.2
Tampines East,DT33,WEEKENDS/HOLIDAY,18,860.1,941.7
Tampines East,DT33,WEEKENDS/HOLIDAY,19,577.5,976.1
Tampines East,DT33,WEEKENDS/HOLIDAY,20,368.4,1072.2
Tampines East,DT33,WEEKENDS/HOLIDAY,21,275.1,1156.8
Tampines East,DT33,WEEKENDS/HOLIDAY,22,191.7,1072.8
Tampines East,DT33,WEEKENDS/HOLIDAY,23,84.8,619.1
Tampines West,DT31,WEEKDAY,0,2.380952380952381,46.0
Tampines West,DT31,WEEKDAY,5,114.19047619047619,4.142857142857143
Tampines West,DT31,WEEKDAY,6,646.6666666666666,215.47619047619048
Tampines West,DT31,WEEKDAY,7,1527.6666666666667,637.0952380952381
Tampines West,DT31,WEEKDAY,8,1853.0,867.952380952381
Tampines West,DT31,WEEKDAY,9,816.4761904761905,361.95238095238096
Tampines West,DT31,WEEKDAY,10,408.3809523809524,219.76190476190476
Tampines West,DT31,WEEKDAY,11,371.4761904761905,221.8095238095238
Tampines West,DT31,WEEKDAY,12,370.4761904761905,345.6190476190476
Tampines West,DT31,WEEKDAY,13,446.0,357.4761904761905
Tampines West,DT31,WEEKDAY,14,311.04761904761904,351.57142857142856
Tampines West,DT31,WEEKDAY,15,355.0952380952381,367.85714285714283
Tampines West,DT31,WEEKDAY,16,453.7142857142857,473.4761904761905
Tampines West,DT31,WEEKDAY,17,655.4285714285714,885.0952380952381
Tampines West,DT31,WEEKDAY,18,703.7619047619048,1797.857142857143
Tampines West,DT31,WEEKDAY,19,376.04761904761904,1209.6666666666667
Tampines West,DT31,WEEKDAY,20,255.9047619047619,713.5714285714286
Tampines West,DT31,WEEKDAY,21,264.7142857142857,589.4761904761905
Tampines West,DT31,WEEKDAY,22,162.61904761904762,523.1904761904761
Tampines West,DT31,WEEKDAY,23,55.57142857142857,280.3809523809524
Tampines West,DT31,WEEKENDS/HOLIDAY,0,2.8,62.1
Tampines West,DT31,WEEKENDS/HOLIDAY,5,44.8,1.7
Tampines West,DT31,WEEKENDS/HOLIDAY,6,233.6,90.0
Tampines West,DT31,WEEKENDS/HOLIDAY,7,341.0,182.8
Tampines West,DT31,WEEKENDS/HOLIDAY,8,438.6,246.4
Tampines West,DT31,WEEKENDS/HOLIDAY,9,468.4,214.6
Tampines West,DT31,WEEKENDS/HOLIDAY,10,456.9,202.2
Tampines West,DT31,WEEKENDS/HOLIDAY,11,467.6,257.8
Tampines West,DT31,WEEKENDS/HOLIDAY,12,476.7,322.2
Tampines West,DT31,WEEKENDS/HOLIDAY,13,448.9,384.3
Tampines West,DT31,WEEKENDS/HOLIDAY,14,392.3,382.1
Tampines West,DT31,WEEKENDS/HOLIDAY,15,378.9,385.2
Tampines West,DT31,WEEKENDS/HOLIDAY,16,417.1,443.3
Tampines West,DT31,WEEKENDS/HOLIDAY,17,471.9,498.3
Tampines West,DT31,WEEKENDS/HOLIDAY,18,461.7,508.0
Tampines West,DT31,WEEKENDS/HOLIDAY,19,325.5,531.6
Tampines West,DT31,WEEKENDS/HOLIDAY,20,234.9,553.3
Tampines West,DT31,WEEKENDS/HOLIDAY,21,209.9,532.1
Tampines West,DT31,WEEKENDS/HOLIDAY,22,128.2,482.7
Tampines West,DT31,WEEKENDS/HOLIDAY,23,60.9,281.2
Tan Kah Kee,DT8,WEEKDAY,0,1.380952380952381,9.523809523809524
Tan Kah Kee,DT8,WEEKDAY,5,7.571428571428571,7.238095238095238
Tan Kah Kee,DT8,WEEKDAY,6,123.28571428571429,328.85714285714283
Tan Kah Kee,DT8,WEEKDAY,7,457.3809523809524,1532.5714285714287
Tan Kah Kee,DT8,WEEKDAY,8,460.2857142857143,532.5238095238095
Tan Kah Kee,DT8,WEEKDAY,9,252.95238095238096,195.8095238095238
Tan Kah Kee,DT8,WEEKDAY,10,145.71428571428572,133.76190476190476
Tan Kah Kee,DT8,WEEKDAY,11,178.85714285714286,124.23809523809524
Tan Kah Kee,DT8,WEEKDAY,12,215.23809523809524,195.52380952380952
Tan Kah Kee,DT8,WEEKDAY,13,511.4761904761905,279.7142857142857
Tan Kah Kee,DT8,WEEKDAY,14,537.7142857142857,280.7142857142857
Tan Kah Kee,DT8,WEEKDAY,15,579.5238095238095,305.57142857142856
Tan Kah Kee,DT8,WEEKDAY,16,606.1428571428571,286.14285714285717
Tan Kah Kee,DT8,WEEKDAY,17,641.8095238095239,375.2857142857143
Tan Kah Kee,DT8,WEEKDAY,18,801.7619047619048,492.7142857142857
Tan Kah Kee,DT8,WEEKDAY,19,417.42857142857144,369.6190476190476
Tan Kah Kee,DT8,WEEKDAY,20,136.28571428571428,168.1904761904762
Tan Kah Kee,DT8,WEEKDAY,21,111.66666666666667,150.33333333333334
Tan Kah Kee,DT8,WEEKDAY,22,62.04761904761905,102.19047619047619
Tan Kah Kee,DT8,WEEKDAY,23,16.428571428571427,45.095238095238095
Tan Kah Kee,DT8,WEEKENDS/HOLIDAY,0,1.2,10.8
Tan Kah Kee,DT8,WEEKENDS/HOLIDAY,5,3.6,0.9
Tan Kah Kee,DT8,WEEKENDS/HOLIDAY,6,24.2,45.6
Tan Kah Kee,DT8,WEEKENDS/HOLIDAY,7,70.0,128.1
Tan Kah Kee,DT8,WEEKENDS/HOLIDAY,8,188.5,179.6
Tan Kah Kee,DT8,WEEKENDS/HOLIDAY,9,252.5,161.3
Tan Kah Kee,DT8,WEEKENDS/HOLIDAY,10,244.7,190.4
Tan Kah Kee,DT8,WEEKENDS/HOLIDAY,11,258.5,183.2
Tan Kah Kee,DT8,WEEKENDS/HOLIDAY,12,267.9,186.1
Tan Kah Kee,DT8,WEEKENDS/HOLIDAY,13,249.3,208.4
Tan Kah Kee,DT8,WEEKENDS/HOLIDAY,14,210.9,201.0
Tan Kah Kee,DT8,WEEKENDS/HOLIDAY,15,188.4,192.8
Tan Kah Kee,DT8,WEEKENDS/HOLIDAY,16,202.9,222.2
Tan Kah Kee,DT8,WEEKENDS/HOLIDAY,17,212.4,251.2
Tan Kah Kee,DT8,WEEKENDS/HOLIDAY,18,220.8,276.9
Tan Kah Kee,DT8,WEEKENDS/HOLIDAY,19,146.2,217.9
Tan Kah Kee,DT8,WEEKENDS/HOLIDAY,20,86.1,182.9
Tan Kah Kee,DT8,WEEKENDS/HOLIDAY,21,73.0,137.7
Tan Kah Kee,DT8,WEEKENDS/HOLIDAY,22,63.3,104.3
Tan Kah Kee,DT8,WEEKENDS/HOLIDAY,23,23.6,51.3
Tanah Merah,EW4,WEEKDAY,0,2.8095238095238093,123.52380952380952
Tanah Merah,EW4,WEEKDAY,5,205.28571428571428,23.952380952380953
Tanah Merah,EW4,WEEKDAY,6,896.5238095238095,612.4285714285714
Tanah Merah,EW4,WEEKDAY,7,1767.2380952380952,2202.714285714286
Tanah Merah,EW4,WEEKDAY,8,2370.904761904762,1154.5714285714287
Tanah Merah,EW4,WEEKDAY,9,1115.952380952381,508.95238095238096
Tanah Merah,EW4,WEEKDAY,10,687.4761904761905,275.42857142857144
Tanah Merah,EW4,WEEKDAY,11,672.3333333333334,293.3333333333333
Tanah Merah,EW4,WEEKDAY,12,752.047619047619,400.57142857142856
Tanah Merah,EW4,WEEKDAY,13,730.6190476190476,472.42857142857144
Tanah Merah,EW4,WEEKDAY,14,661.5238095238095,552.1428571428571
Tanah Merah,EW4,WEEKDAY,15,714.4285714285714,612.6666666666666
Tanah Merah,EW4,WEEKDAY,16,845.2857142857143,750.7619047619048
Tanah Merah,EW4,WEEKDAY,17,1712.7619047619048,961.1428571428571
Tanah Merah,EW4,WEEKDAY,18,1944.7142857142858,1800.6190476190477
Tanah Merah,EW4,WEEKDAY,19,812.1904761904761,1580.095238095238
Tanah Merah,EW4,WEEKDAY,20,435.3333333333333,1013.1428571428571
Tanah Merah,EW4,WEEKDAY,21,286.2857142857143,961.2857142857143
Tanah Merah,EW4,WEEKDAY,22,207.85714285714286,768.7142857142857
Tanah Merah,EW4,WEEKDAY,23,68.66666666666667,431.1904761904762
Tanah Merah,EW4,WEEKENDS/HOLIDAY,0,5.0,115.6
Tanah Merah,EW4,WEEKENDS/HOLIDAY,5,107.6,8.5
Tanah Merah,EW4,WEEKENDS/HOLIDAY,6,392.1,191.6
Tanah Merah,EW4,WEEKENDS/HOLIDAY,7,550.1,617.3
Tanah Merah,EW4,WEEKENDS/HOLIDAY,8,867.8,453.1
Tanah Merah,EW4,WEEKENDS/HOLIDAY,9,933.4,405.4
Tanah Merah,EW4,WEEKENDS/HOLIDAY,10,962.8,379.0
Tanah Merah,EW4,WEEKENDS/HOLIDAY,11,898.6,392.6
Tanah Merah,EW4,WEEKENDS/HOLIDAY,12,910.0,502.4
Tanah Merah,EW4,WEEKENDS/HOLIDAY,13,782.7,572.2
Tanah Merah,EW4,WEEKENDS/HOLIDAY,14,717.0,587.3
Tanah Merah,EW4,WEEKENDS/HOLIDAY,15,669.4,691.6
Tanah Merah,EW4,WEEKENDS/HOLIDAY,16,722.8,737.3
Tanah Merah,EW4,WEEKENDS/HOLIDAY,17,935.0,842.2
Tanah Merah,EW4,WEEKENDS/HOLIDAY,18,842.3,953.2
Tanah Merah,EW4,WEEKENDS/HOLIDAY,19,625.3,883.6
Tanah Merah,EW4,WEEKENDS/HOLIDAY,20,436.3,906.3
Tanah Merah,EW4,WEEKENDS/HOLIDAY,21,309.5,890.5
Tanah Merah,EW4,WEEKENDS/HOLIDAY,22,268.2,757.4
Tanah Merah,EW4,WEEKENDS/HOLIDAY,23,79.4,445.3
Tanjong Katong,TE25,WEEKDAY,0,0.6190476190476191,9.333333333333334
Tanjong Katong,TE25,WEEKDAY,5,4.9523809523809526,0.09523809523809523
Tanjong Katong,TE25,WEEKDAY,6,106.0952380952381,26.333333333333332
Tanjong Katong,TE25,WEEKDAY,7,315.0952380952381,108.04761904761905
Tanjong Katong,TE25,WEEKDAY,8,503.1904761904762,124.61904761904762
Tanjong Katong,TE25,WEEKDAY,9,311.4761904761905,99.52380952380952
Tanjong Katong,TE25,WEEKDAY,10,160.52380952380952,79.52380952380952
Tanjong Katong,TE25,WEEKDAY,11,153.85714285714286,86.80952380952381
Tanjong Katong,TE25,WEEKDAY,12,141.71428571428572,119.28571428571429
Tanjong Katong,TE25,WEEKDAY,13,124.52380952380952,158.52380952380952
Tanjong Katong,TE25,WEEKDAY,14,115.57142857142857,167.23809523809524
Tanjong Katong,TE25,WEEKDAY,15,116.04761904761905,192.61904761904762
Tanjong Katong,TE25,WEEKDAY,16,152.47619047619048,217.38095238095238
Tanjong Katong,TE25,WEEKDAY,17,179.0952380952381,307.9047619047619
Tanjong Katong,TE25,WEEKDAY,18,216.9047619047619,467.04761904761904
Tanjong Katong,TE25,WEEKDAY,19,137.0,366.2857142857143
Tanjong Katong,TE25,WEEKDAY,20,75.66666666666667,189.85714285714286
Tanjong Katong,TE25,WEEKDAY,21,53.666666666666664,148.95238095238096
Tanjong Katong,TE25,WEEKDAY,22,37.142857142857146,100.19047619047619
Tanjong Katong,TE25,WEEKDAY,23,12.380952380952381,44.904761904761905
Tanjong Katong,TE25,WEEKENDS/HOLIDAY,0,0.8,9.3
Tanjong Katong,TE25,WEEKENDS/HOLIDAY,5,1.5,0.1
Tanjong Katong,TE25,WEEKENDS/HOLIDAY,6,27.7,14.3
Tanjong Katong,TE25,WEEKENDS/HOLIDAY,7,74.5,67.8
Tanjong Katong,TE25,WEEKENDS/HOLIDAY,8,149.2,73.7
Tanjong Katong,TE25,WEEKENDS/HOLIDAY,9,194.6,95.7
Tanjong Katong,TE25,WEEKENDS/HOLIDAY,10,207.3,118.3
Tanjong Katong,TE25,WEEKENDS/HOLIDAY,11,205.3,141.5
Tanjong Katong,TE25,WEEKENDS/HOLIDAY,12,192.0,176.4
Tanjong Katong,TE25,WEEKENDS/HOLIDAY,13,177.8,177.5
Tanjong Katong,TE25,WEEKENDS/HOLIDAY,14,154.3,175.9
Tanjong Katong,TE25,WEEKENDS/HOLIDAY,15,163.0,176.2
Tanjong Katong,TE25,WEEKENDS/HOLIDAY,16,165.6,183.3
Tanjong Katong,TE25,WEEKENDS/HOLIDAY,17,182.6,199.7
Tanjong Katong,TE25,WEEKENDS/HOLIDAY,18,184.1,214.3
Tanjong Katong,TE25,WEEKENDS/HOLIDAY,19,149.3,209.3
Tanjong Katong,TE25,WEEKENDS/HOLIDAY,20,100.7,190.8
Tanjong Katong,TE25,WEEKENDS/HOLIDAY,21,67.6,135.4
Tanjong Katong,TE25,WEEKENDS/HOLIDAY,22,47.0,93.1
Tanjong Katong,TE25,WEEKENDS/HOLIDAY,23,22.0,40.6
Tanjong Pagar,EW15,WEEKDAY,0,7.333333333333333,12.523809523809524
Tanjong Pagar,EW15,WEEKDAY,5,37.57142857142857,30.047619047619047
Tanjong Pagar,EW15,WEEKDAY,6,207.47619047619048,1337.2857142857142
Tanjong Pagar,EW15,WEEKDAY,7,512.6666666666666,3472.285714285714
Tanjong Pagar,EW15,WEEKDAY,8,925.5238095238095,10380.761904761905
Tanjong Pagar,EW15,WEEKDAY,9,735.6190476190476,8580.047619047618
Tanjong Pagar,EW15,WEEKDAY,10,699.6190476190476,3321.809523809524
Tanjong Pagar,EW15,WEEKDAY,11,1192.3809523809523,1944.2380952380952
Tanjong Pagar,EW15,WEEKDAY,12,1547.857142857143,1777.7619047619048
Tanjong Pagar,EW15,WEEKDAY,13,1636.7619047619048,1857.5238095238096
Tanjong Pagar,EW15,WEEKDAY,14,1403.047619047619,1351.7142857142858
Tanjong Pagar,EW15,WEEKDAY,15,1499.7142857142858,962.2857142857143
Tanjong Pagar,EW15,WEEKDAY,16,2144.0,943.1904761904761
Tanjong Pagar,EW15,WEEKDAY,17,6096.714285714285,1502.2857142857142
Tanjong Pagar,EW15,WEEKDAY,18,10946.047619047618,2702.809523809524
Tanjong Pagar,EW15,WEEKDAY,19,4879.190476190476,1491.5714285714287
Tanjong Pagar,EW15,WEEKDAY,20,3036.1428571428573,580.047619047619
Tanjong Pagar,EW15,WEEKDAY,21,2491.5714285714284,465.5238095238095
Tanjong Pagar,EW15,WEEKDAY,22,1520.0,334.0
Tanjong Pagar,EW15,WEEKDAY,23,564.5238095238095,141.04761904761904
Tanjong Pagar,EW15,WEEKENDS/HOLIDAY,0,5.9,11.4
Tanjong Pagar,EW15,WEEKENDS/HOLIDAY,5,21.1,6.9
Tanjong Pagar,EW15,WEEKENDS/HOLIDAY,6,114.1,372.0
Tanjong Pagar,EW15,WEEKENDS/HOLIDAY,7,208.9,812.8
Tanjong Pagar,EW15,WEEKENDS/HOLIDAY,8,269.4,1074.4
Tanjong Pagar,EW15,WEEKENDS/HOLIDAY,9,391.8,1302.8
Tanjong Pagar,EW15,WEEKENDS/HOLIDAY,10,578.0,1372.6
Tanjong Pagar,EW15,WEEKENDS/HOLIDAY,11,772.1,1329.5
Tanjong Pagar,EW15,WEEKENDS/HOLIDAY,12,1033.0,1435.1
Tanjong Pagar,EW15,WEEKENDS/HOLIDAY,13,1143.2,1272.5
Tanjong Pagar,EW15,WEEKENDS/HOLIDAY,14,1270.4,1049.8
Tanjong Pagar,EW15,WEEKENDS/HOLIDAY,15,1305.1,920.2
Tanjong Pagar,EW15,WEEKENDS/HOLIDAY,16,1297.8,909.0
Tanjong Pagar,EW15,WEEKENDS/HOLIDAY,17,1325.0,1055.0
Tanjong Pagar,EW15,WEEKENDS/HOLIDAY,18,1214.3,1126.4
Tanjong Pagar,EW15,WEEKENDS/HOLIDAY,19,1158.1,790.7
Tanjong Pagar,EW15,WEEKENDS/HOLIDAY,20,1044.0,501.3
Tanjong Pagar,EW15,WEEKENDS/HOLIDAY,21,1019.1,434.7
Tanjong Pagar,EW15,WEEKENDS/HOLIDAY,22,873.2,346.2
Tanjong Pagar,EW15,WEEKENDS/HOLIDAY,23,423.1,156.7
Tanjong Rhu,TE23,WEEKDAY,0,2.1904761904761907,10.666666666666666
Tanjong Rhu,TE23,WEEKDAY,5,5.380952380952381,0.7142857142857143
Tanjong Rhu,TE23,WEEKDAY,6,122.28571428571429,40.04761904761905
Tanjong Rhu,TE23,WEEKDAY,7,283.76190476190476,102.71428571428571
Tanjong Rhu,TE23,WEEKDAY,8,401.7142857142857,128.14285714285714
Tanjong Rhu,TE23,WEEKDAY,9,285.6666666666667,93.52380952380952
Tanjong Rhu,TE23,WEEKDAY,10,172.1904761904762,63.523809523809526
Tanjong Rhu,TE23,WEEKDAY,11,139.04761904761904,69.33333333333333
Tanjong Rhu,TE23,WEEKDAY,12,126.33333333333333,113.66666666666667
Tanjong Rhu,TE23,WEEKDAY,13,106.23809523809524,122.95238095238095
Tanjong Rhu,TE23,WEEKDAY,14,98.47619047619048,159.04761904761904
Tanjong Rhu,TE23,WEEKDAY,15,91.85714285714286,197.66666666666666
Tanjong Rhu,TE23,WEEKDAY,16,116.28571428571429,232.9047619047619
Tanjong Rhu,TE23,WEEKDAY,17,160.04761904761904,270.4761904761905
Tanjong Rhu,TE23,WEEKDAY,18,193.1904761904762,451.6190476190476
Tanjong Rhu,TE23,WEEKDAY,19,148.52380952380952,358.04761904761904
Tanjong Rhu,TE23,WEEKDAY,20,110.47619047619048,190.71428571428572
Tanjong Rhu,TE23,WEEKDAY,21,93.85714285714286,137.71428571428572
Tanjong Rhu,TE23,WEEKDAY,22,55.76190476190476,93.23809523809524
Tanjong Rhu,TE23,WEEKDAY,23,44.476190476190474,47.142857142857146
Tanjong Rhu,TE23,WEEKENDS/HOLIDAY,0,2.7,14.7
Tanjong Rhu,TE23,WEEKENDS/HOLIDAY,5,1.6,0.4
Tanjong Rhu,TE23,WEEKENDS/HOLIDAY,6,44.0,60.7
Tanjong Rhu,TE23,WEEKENDS/HOLIDAY,7,70.2,126.5
Tanjong Rhu,TE23,WEEKENDS/HOLIDAY,8,146.8,139.5
Tanjong Rhu,TE23,WEEKENDS/HOLIDAY,9,173.3,108.7
Tanjong Rhu,TE23,WEEKENDS/HOLIDAY,10,230.7,134.2
Tanjong Rhu,TE23,WEEKENDS/HOLIDAY,11,244.2,150.3
Tanjong Rhu,TE23,WEEKENDS/HOLIDAY,12,205.9,178.6
Tanjong Rhu,TE23,WEEKENDS/HOLIDAY,13,188.5,215.8
Tanjong Rhu,TE23,WEEKENDS/HOLIDAY,14,172.4,225.1
Tanjong Rhu,TE23,WEEKENDS/HOLIDAY,15,157.8,228.7
Tanjong Rhu,TE23,WEEKENDS/HOLIDAY,16,176.6,253.0
Tanjong Rhu,TE23,WEEKENDS/HOLIDAY,17,237.6,236.7
Tanjong Rhu,TE23,WEEKENDS/HOLIDAY,18,222.8,250.0
Tanjong Rhu,TE23,WEEKENDS/HOLIDAY,19,219.3,248.1
Tanjong Rhu,TE23,WEEKENDS/HOLIDAY,20,270.0,199.3
Tanjong Rhu,TE23,WEEKENDS/HOLIDAY,21,170.5,163.3
Tanjong Rhu,TE23,WEEKENDS/HOLIDAY,22,236.1,110.5
Tanjong Rhu,TE23,WEEKENDS/HOLIDAY,23,43.3,51.2
Telok Ayer,DT18,WEEKDAY,0,16.19047619047619,7.904761904761905
Telok Ayer,DT18,WEEKDAY,5,1.2857142857142858,0.0
Telok Ayer,DT18,WEEKDAY,6,38.857142857142854,463.0952380952381
Telok Ayer,DT18,WEEKDAY,7,79.14285714285714,1429.857142857143
Telok Ayer,DT18,WEEKDAY,8,202.95238095238096,4843.809523809524
Telok Ayer,DT18,WEEKDAY,9,225.0,4367.380952380952
Telok Ayer,DT18,WEEKDAY,10,253.14285714285714,1335.095238095238
Telok Ayer,DT18,WEEKDAY,11,594.9047619047619,853.9047619047619
Telok Ayer,DT18,WEEKDAY,12,748.7619047619048,967.7619047619048
Telok Ayer,DT18,WEEKDAY,13,825.6190476190476,812.952380952381
Telok Ayer,DT18,WEEKDAY,14,558.2380952380952,505.6190476190476
Telok Ayer,DT18,WEEKDAY,15,580.7619047619048,338.95238095238096
Telok Ayer,DT18,WEEKDAY,16,878.0952380952381,339.8095238095238
Telok Ayer,DT18,WEEKDAY,17,2739.5714285714284,488.6190476190476
Telok Ayer,DT18,WEEKDAY,18,4740.0952380952385,888.6190476190476
Telok Ayer,DT18,WEEKDAY,19,2211.095238095238,519.952380952381
Telok Ayer,DT18,WEEKDAY,20,1164.095238095238,292.0
Telok Ayer,DT18,WEEKDAY,21,880.8571428571429,214.66666666666666
Telok Ayer,DT18,WEEKDAY,22,657.1428571428571,127.52380952380952
Telok Ayer,DT18,WEEKDAY,23,323.3333333333333,57.857142857142854
Telok Ayer,DT18,WEEKENDS/HOLIDAY,0,15.4,9.3
Telok Ayer,DT18,WEEKENDS/HOLIDAY,5,0.6,0.0
Telok Ayer,DT18,WEEKENDS/HOLIDAY,6,29.2,100.7
Telok Ayer,DT18,WEEKENDS/HOLIDAY,7,38.1,189.2
Telok Ayer,DT18,WEEKENDS/HOLIDAY,8,59.7,288.4
Telok Ayer,DT18,WEEKENDS/HOLIDAY,9,115.5,361.3
Telok Ayer,DT18,WEEKENDS/HOLIDAY,10,206.1,429.9
Telok Ayer,DT18,WEEKENDS/HOLIDAY,11,266.3,435.6
Telok Ayer,DT18,WEEKENDS/HOLIDAY,12,304.9,402.0
Telok Ayer,DT18,WEEKENDS/HOLIDAY,13,348.5,345.9
Telok Ayer,DT18,WEEKENDS/HOLIDAY,14,383.8,283.3
Telok Ayer,DT18,WEEKENDS/HOLIDAY,15,345.5,262.0
Telok Ayer,DT18,WEEKENDS/HOLIDAY,16,316.5,252.5
Telok Ayer,DT18,WEEKENDS/HOLIDAY,17,315.5,342.5
Telok Ayer,DT18,WEEKENDS/HOLIDAY,18,323.7,427.7
Telok Ayer,DT18,WEEKENDS/HOLIDAY,19,336.7,341.6
Telok Ayer,DT18,WEEKENDS/HOLIDAY,20,307.7,276.8
Telok Ayer,DT18,WEEKENDS/HOLIDAY,21,337.6,240.8
Telok Ayer,DT18,WEEKENDS/HOLIDAY,22,373.5,156.4
Telok Ayer,DT18,WEEKENDS/HOLIDAY,23,215.5,73.7
Telok Blangah,CC28,WEEKDAY,0,0.14285714285714285,3.8095238095238093
Telok Blangah,CC28,WEEKDAY,5,58.666666666666664,2.8095238095238093
Telok Blangah,CC28,WEEKDAY,6,297.5238095238095,79.71428571428571
Telok Blangah,CC28,WEEKDAY,7,464.3809523809524,256.5238095238095
Telok Blangah,CC28,WEEKDAY,8,573.1428571428571,441.8095238095238
Telok Blangah,CC28,WEEKDAY,9,357.7142857142857,409.6666666666667
Telok Blangah,CC28,WEEKDAY,10,188.61904761904762,150.47619047619048
Telok Blangah,CC28,WEEKDAY,11,180.42857142857142,98.0952380952381
Telok Blangah,CC28,WEEKDAY,12,185.1904761904762,141.47619047619048
Telok Blangah,CC28,WEEKDAY,13,179.0,143.47619047619048
Telok Blangah,CC28,WEEKDAY,14,133.52380952380952,147.28571428571428
Telok Blangah,CC28,WEEKDAY,15,123.47619047619048,170.1904761904762
Telok Blangah,CC28,WEEKDAY,16,156.8095238095238,214.0
Telok Blangah,CC28,WEEKDAY,17,286.42857142857144,323.42857142857144
Telok Blangah,CC28,WEEKDAY,18,374.85714285714283,545.2380952380952
Telok Blangah,CC28,WEEKDAY,19,193.28571428571428,423.42857142857144
Telok Blangah,CC28,WEEKDAY,20,97.04761904761905,284.57142857142856
Telok Blangah,CC28,WEEKDAY,21,81.14285714285714,260.6666666666667
Telok Blangah,CC28,WEEKDAY,22,47.476190476190474,198.04761904761904
Telok Blangah,CC28,WEEKDAY,23,11.476190476190476,84.47619047619048
Telok Blangah,CC28,WEEKENDS/HOLIDAY,0,0.4,5.5
Telok Blangah,CC28,WEEKENDS/HOLIDAY,5,18.0,1.2
Telok Blangah,CC28,WEEKENDS/HOLIDAY,6,68.3,38.1
Telok Blangah,CC28,WEEKENDS/HOLIDAY,7,127.1,73.0
Telok Blangah,CC28,WEEKENDS/HOLIDAY,8,160.7,102.4
Telok Blangah,CC28,WEEKENDS/HOLIDAY,9,227.7,120.9
Telok Blangah,CC28,WEEKENDS/HOLIDAY,10,244.6,172.6
Telok Blangah,CC28,WEEKENDS/HOLIDAY,11,237.5,220.4
Telok Blangah,CC28,WEEKENDS/HOLIDAY,12,255.1,207.7
Telok Blangah,CC28,WEEKENDS/HOLIDAY,13,278.7,190.3
Telok Blangah,CC28,WEEKENDS/HOLIDAY,14,247.5,186.4
Telok Blangah,CC28,WEEKENDS/HOLIDAY,15,229.1,176.1
Telok Blangah,CC28,WEEKENDS/HOLIDAY,16,220.5,187.4
Telok Blangah,CC28,WEEKENDS/HOLIDAY,17,219.4,204.1
Telok Blangah,CC28,WEEKENDS/HOLIDAY,18,210.7,222.5
Telok Blangah,CC28,WEEKENDS/HOLIDAY,19,145.3,236.6
Telok Blangah,CC28,WEEKENDS/HOLIDAY,20,100.8,238.9
Telok Blangah,CC28,WEEKENDS/HOLIDAY,21,78.2,238.8
Telok Blangah,CC28,WEEKENDS/HOLIDAY,22,48.4,203.3
Telok Blangah,CC28,WEEKENDS/HOLIDAY,23,14.1,81.0
Tiong Bahru,EW17,WEEKDAY,0,2.1904761904761907,42.095238095238095
Tiong Bahru,EW17,WEEKDAY,5,218.66666666666666,19.333333333333332
Tiong Bahru,EW17,WEEKDAY,6,1412.4761904761904,553.5238095238095
Tiong Bahru,EW17,WEEKDAY,7,2586.1428571428573,1216.142857142857
Tiong Bahru,EW17,WEEKDAY,8,3379.4761904761904,1800.952380952381
Tiong Bahru,EW17,WEEKDAY,9,2089.809523809524,1308.5238095238096
Tiong Bahru,EW17,WEEKDAY,10,1135.8095238095239,952.6190476190476
Tiong Bahru,EW17,WEEKDAY,11,1025.047619047619,959.2380952380952
Tiong Bahru,EW17,WEEKDAY,12,1109.952380952381,1190.047619047619
Tiong Bahru,EW17,WEEKDAY,13,1322.2380952380952,1182.904761904762
Tiong Bahru,EW17,WEEKDAY,14,1118.1904761904761,1167.095238095238
Tiong Bahru,EW17,WEEKDAY,15,966.9047619047619,1236.7142857142858
Tiong Bahru,EW17,WEEKDAY,16,1162.4761904761904,1481.0
Tiong Bahru,EW17,WEEKDAY,17,1910.857142857143,2402.714285714286
Tiong Bahru,EW17,WEEKDAY,18,2335.4761904761904,3985.904761904762
Tiong Bahru,EW17,WEEKDAY,19,1413.952380952381,2659.5714285714284
Tiong Bahru,EW17,WEEKDAY,20,985.047619047619,1645.5238095238096
Tiong Bahru,EW17,WEEKDAY,21,915.8571428571429,1449.095238095238
Tiong Bahru,EW17,WEEKDAY,22,525.6190476190476,1171.1904761904761
Tiong Bahru,EW17,WEEKDAY,23,157.38095238095238,575.1428571428571
Tiong Bahru,EW17,WEEKENDS/HOLIDAY,0,2.8,55.8
Tiong Bahru,EW17,WEEKENDS/HOLIDAY,5,60.4,8.5
Tiong Bahru,EW17,WEEKENDS/HOLIDAY,6,488.2,252.5
Tiong Bahru,EW17,WEEKENDS/HOLIDAY,7,736.6,433.4
Tiong Bahru,EW17,WEEKENDS/HOLIDAY,8,1023.8,814.4
Tiong Bahru,EW17,WEEKENDS/HOLIDAY,9,1278.3,986.3
Tiong Bahru,EW17,WEEKENDS/HOLIDAY,10,1272.4,1123.4
Tiong Bahru,EW17,WEEKENDS/HOLIDAY,11,1310.6,1226.9
Tiong Bahru,EW17,WEEKENDS/HOLIDAY,12,1380.7,1295.4
Tiong Bahru,EW17,WEEKENDS/HOLIDAY,13,1413.4,1342.6
Tiong Bahru,EW17,WEEKENDS/HOLIDAY,14,1305.6,1325.0
Tiong Bahru,EW17,WEEKENDS/HOLIDAY,15,1220.5,1322.6
Tiong Bahru,EW17,WEEKENDS/HOLIDAY,16,1278.6,1402.3
Tiong Bahru,EW17,WEEKENDS/HOLIDAY,17,1310.0,1521.3
Tiong Bahru,EW17,WEEKENDS/HOLIDAY,18,1276.8,1549.1
Tiong Bahru,EW17,WEEKENDS/HOLIDAY,19,1069.5,1377.1
Tiong Bahru,EW17,WEEKENDS/HOLIDAY,20,869.0,1242.4
Tiong Bahru,EW17,WEEKENDS/HOLIDAY,21,807.0,1234.9
Tiong Bahru,EW17,WEEKENDS/HOLIDAY,22,547.0,1119.2
Tiong Bahru,EW17,WEEKENDS/HOLIDAY,23,193.8,593.0
Toa Payoh,NS19,WEEKDAY,0,23.285714285714285,108.76190476190476
Toa Payoh,NS19,WEEKDAY,5,300.0952380952381,144.33333333333334
Toa Payoh,NS19,WEEKDAY,6,1656.047619047619,1007.0
Toa Payoh,NS19,WEEKDAY,7,3136.3809523809523,2498.6666666666665
Toa Payoh,NS19,WEEKDAY,8,4361.9047619047615,3468.809523809524
Toa Payoh,NS19,WEEKDAY,9,2714.6666666666665,1948.8095238095239
Toa Payoh,NS19,WEEKDAY,10,1827.3809523809523,1300.5238095238096
Toa Payoh,NS19,WEEKDAY,11,1755.142857142857,1311.5238095238096
Toa Payoh,NS19,WEEKDAY,12,1930.7142857142858,1632.3333333333333
Toa Payoh,NS19,WEEKDAY,13,1907.047619047619,1762.7619047619048
Toa Payoh,NS19,WEEKDAY,14,1699.8095238095239,1876.5238095238096
Toa Payoh,NS19,WEEKDAY,15,1557.4761904761904,1808.2380952380952
Toa Payoh,NS19,WEEKDAY,16,1809.3333333333333,2080.095238095238
Toa Payoh,NS19,WEEKDAY,17,3063.4285714285716,3038.2380952380954
Toa Payoh,NS19,WEEKDAY,18,4245.238095238095,4708.0
Toa Payoh,NS19,WEEKDAY,19,2286.3809523809523,3251.0
Toa Payoh,NS19,WEEKDAY,20,1388.095238095238,2257.1428571428573
Toa Payoh,NS19,WEEKDAY,21,1085.857142857143,2191.809523809524
Toa Payoh,NS19,WEEKDAY,22,621.6190476190476,1716.095238095238
Toa Payoh,NS19,WEEKDAY,23,222.0952380952381,811.1904761904761
Toa Payoh,NS19,WEEKENDS/HOLIDAY,0,34.1,143.7
Toa Payoh,NS19,WEEKENDS/HOLIDAY,5,113.1,43.3
Toa Payoh,NS19,WEEKENDS/HOLIDAY,6,736.6,402.1
Toa Payoh,NS19,WEEKENDS/HOLIDAY,7,1163.4,678.1
Toa Payoh,NS19,WEEKENDS/HOLIDAY,8,1588.5,1185.1
Toa Payoh,NS19,WEEKENDS/HOLIDAY,9,2037.9,1439.2
Toa Payoh,NS19,WEEKENDS/HOLIDAY,10,2096.4,1548.0
Toa Payoh,NS19,WEEKENDS/HOLIDAY,11,2218.6,1565.1
Toa Payoh,NS19,WEEKENDS/HOLIDAY,12,2319.4,1771.2
Toa Payoh,NS19,WEEKENDS/HOLIDAY,13,2211.4,1932.2
Toa Payoh,NS19,WEEKENDS/HOLIDAY,14,2005.0,1953.1
Toa Payoh,NS19,WEEKENDS/HOLIDAY,15,1963.7,2008.5
Toa Payoh,NS19,WEEKENDS/HOLIDAY,16,1962.7,2062.7
Toa Payoh,NS19,WEEKENDS/HOLIDAY,17,2130.9,2199.0
Toa Payoh,NS19,WEEKENDS/HOLIDAY,18,2006.6,2270.7
Toa Payoh,NS19,WEEKENDS/HOLIDAY,19,1559.8,2136.4
Toa Payoh,NS19,WEEKENDS/HOLIDAY,20,1172.7,2005.2
Toa Payoh,NS19,WEEKENDS/HOLIDAY,21,943.8,2012.4
Toa Payoh,NS19,WEEKENDS/HOLIDAY,22,620.7,1705.8
Toa Payoh,NS19,WEEKENDS/HOLIDAY,23,228.9,906.5
Tuas Crescent,EW31,WEEKDAY,0,0.0,6.0476190476190474
Tuas Crescent,EW31,WEEKDAY,5,100.52380952380952,73.0
Tuas Crescent,EW31,WEEKDAY,6,293.4761904761905,559.5238095238095
Tuas Crescent,EW31,WEEKDAY,7,190.23809523809524,1674.4285714285713
Tuas Crescent,EW31,WEEKDAY,8,153.04761904761904,1150.8095238095239
Tuas Crescent,EW31,WEEKDAY,9,75.66666666666667,238.57142857142858
Tuas Crescent,EW31,WEEKDAY,10,62.38095238095238,65.19047619047619
Tuas Crescent,EW31,WEEKDAY,11,91.38095238095238,47.0
Tuas Crescent,EW31,WEEKDAY,12,109.9047619047619,64.23809523809524
Tuas Crescent,EW31,WEEKDAY,13,81.0952380952381,52.0
Tuas Crescent,EW31,WEEKDAY,14,98.76190476190476,48.80952380952381
Tuas Crescent,EW31,WEEKDAY,15,146.57142857142858,29.238095238095237
Tuas Crescent,EW31,WEEKDAY,16,349.95238095238096,48.714285714285715
Tuas Crescent,EW31,WEEKDAY,17,1511.952380952381,93.85714285714286
Tuas Crescent,EW31,WEEKDAY,18,1054.047619047619,156.57142857142858
Tuas Crescent,EW31,WEEKDAY,19,573.2380952380952,220.95238095238096
Tuas Crescent,EW31,WEEKDAY,20,337.9047619047619,146.33333333333334
Tuas Crescent,EW31,WEEKDAY,21,144.47619047619048,103.38095238095238
Tuas Crescent,EW31,WEEKDAY,22,70.38095238095238,66.61904761904762
Tuas Crescent,EW31,WEEKDAY,23,6.619047619047619,27.952380952380953
Tuas Crescent,EW31,WEEKENDS/HOLIDAY,0,0.0,14.7
Tuas Crescent,EW31,WEEKENDS/HOLIDAY,5,65.5,19.3
Tuas Crescent,EW31,WEEKENDS/HOLIDAY,6,205.6,266.9
Tuas Crescent,EW31,WEEKENDS/HOLIDAY,7,208.7,527.3
Tuas Crescent,EW31,WEEKENDS/HOLIDAY,8,216.1,271.3
Tuas Crescent,EW31,WEEKENDS/HOLIDAY,9,154.6,105.7
Tuas Crescent,EW31,WEEKENDS/HOLIDAY,10,146.2,37.9
Tuas Crescent,EW31,WEEKENDS/HOLIDAY,11,146.9,54.5
Tuas Crescent,EW31,WEEKENDS/HOLIDAY,12,225.5,60.5
Tuas Crescent,EW31,WEEKENDS/HOLIDAY,13,156.6,58.5
Tuas Crescent,EW31,WEEKENDS/HOLIDAY,14,153.3,72.4
Tuas Crescent,EW31,WEEKENDS/HOLIDAY,15,168.8,59.3
Tuas Crescent,EW31,WEEKENDS/HOLIDAY,16,264.2,87.9
Tuas Crescent,EW31,WEEKENDS/HOLIDAY,17,536.2,136.1
Tuas Crescent,EW31,WEEKENDS/HOLIDAY,18,290.9,216.1
Tuas Crescent,EW31,WEEKENDS/HOLIDAY,19,240.9,241.9
Tuas Crescent,EW31,WEEKENDS/HOLIDAY,20,190.4,235.8
Tuas Crescent,EW31,WEEKENDS/HOLIDAY,21,87.0,181.3
Tuas Crescent,EW31,WEEKENDS/HOLIDAY,22,50.3,132.3
Tuas Crescent,EW31,WEEKENDS/HOLIDAY,23,8.2,72.1
Tuas Link,EW33,WEEKDAY,0,0.047619047619047616,10.238095238095237
Tuas Link,EW33,WEEKDAY,5,449.0952380952381,34.23809523809524
Tuas Link,EW33,WEEKDAY,6,950.4761904761905,333.76190476190476
Tuas Link,EW33,WEEKDAY,7,965.6666666666666,743.5714285714286
Tuas Link,EW33,WEEKDAY,8,487.0,667.7619047619048
Tuas Link,EW33,WEEKDAY,9,223.38095238095238,214.57142857142858
Tuas Link,EW33,WEEKDAY,10,154.0,105.85714285714286
Tuas Link,EW33,WEEKDAY,11,144.66666666666666,84.71428571428571
Tuas Link,EW33,WEEKDAY,12,156.95238095238096,80.80952380952381
Tuas Link,EW33,WEEKDAY,13,102.33333333333333,113.47619047619048
Tuas Link,EW33,WEEKDAY,14,114.85714285714286,105.0952380952381
Tuas Link,EW33,WEEKDAY,15,144.0,104.42857142857143
Tuas Link,EW33,WEEKDAY,16,321.9047619047619,200.0952380952381
Tuas Link,EW33,WEEKDAY,17,831.2380952380952,614.952380952381
Tuas Link,EW33,WEEKDAY,18,611.7142857142857,755.3333333333334
Tuas Link,EW33,WEEKDAY,19,316.85714285714283,627.4285714285714
Tuas Link,EW33,WEEKDAY,20,221.95238095238096,425.6190476190476
Tuas Link,EW33,WEEKDAY,21,105.71428571428571,255.76190476190476
Tuas Link,EW33,WEEKDAY,22,60.523809523809526,175.95238095238096
Tuas Link,EW33,WEEKDAY,23,17.333333333333332,50.57142857142857
Tuas Link,EW33,WEEKENDS/HOLIDAY,0,0.1,25.9
Tuas Link,EW33,WEEKENDS/HOLIDAY,5,142.2,13.5
Tuas Link,EW33,WEEKENDS/HOLIDAY,6,348.1,139.2
Tuas Link,EW33,WEEKENDS/HOLIDAY,7,407.0,333.4
Tuas Link,EW33,WEEKENDS/HOLIDAY,8,326.9,321.7
Tuas Link,EW33,WEEKENDS/HOLIDAY,9,281.2,168.6
Tuas Link,EW33,WEEKENDS/HOLIDAY,10,286.7,142.5
Tuas Link,EW33,WEEKENDS/HOLIDAY,11,254.4,137.3
Tuas Link,EW33,WEEKENDS/HOLIDAY,12,241.2,143.1
Tuas Link,EW33,WEEKENDS/HOLIDAY,13,240.7,214.2
Tuas Link,EW33,WEEKENDS/HOLIDAY,14,229.9,175.4
Tuas Link,EW33,WEEKENDS/HOLIDAY,15,238.2,165.4
Tuas Link,EW33,WEEKENDS/HOLIDAY,16,293.1,243.4
Tuas Link,EW33,WEEKENDS/HOLIDAY,17,399.6,319.8
Tuas Link,EW33,WEEKENDS/HOLIDAY,18,396.8,367.4
Tuas Link,EW33,WEEKENDS/HOLIDAY,19,325.4,431.9
Tuas Link,EW33,WEEKENDS/HOLIDAY,20,259.9,356.6
Tuas Link,EW33,WEEKENDS/HOLIDAY,21,181.8,321.3
Tuas Link,EW33,WEEKENDS/HOLIDAY,22,107.6,242.9
Tuas Link,EW33,WEEKENDS/HOLIDAY,23,21.7,107.7
Tuas West Road,EW32,WEEKDAY,0,0.0,17.476190476190474
Tuas West Road,EW32,WEEKDAY,5,59.80952380952381,61.904761904761905
Tuas West Road,EW32,WEEKDAY,6,280.04761904761904,553.5714285714286
Tuas West Road,EW32,WEEKDAY,7,249.57142857142858,1756.857142857143
Tuas West Road,EW32,WEEKDAY,8,185.28571428571428,1283.7619047619048
Tuas West Road,EW32,WEEKDAY,9,89.57142857142857,234.61904761904762
Tuas West Road,EW32,WEEKDAY,10,86.38095238095238,88.61904761904762
Tuas West Road,EW32,WEEKDAY,11,112.80952380952381,88.0952380952381
Tuas West Road,EW32,WEEKDAY,12,124.95238095238095,81.0952380952381
Tuas West Road,EW32,WEEKDAY,13,103.14285714285714,109.52380952380952
Tuas West Road,EW32,WEEKDAY,14,113.0,83.47619047619048
Tuas West Road,EW32,WEEKDAY,15,148.61904761904762,70.0952380952381
Tuas West Road,EW32,WEEKDAY,16,413.23809523809524,109.47619047619048
Tuas West Road,EW32,WEEKDAY,17,1674.6190476190477,175.14285714285714
Tuas West Road,EW32,WEEKDAY,18,1050.3809523809523,263.23809523809524
Tuas West Road,EW32,WEEKDAY,19,583.7142857142857,316.8095238095238
Tuas West Road,EW32,WEEKDAY,20,541.7619047619048,193.04761904761904
Tuas West Road,EW32,WEEKDAY,21,173.61904761904762,153.1904761904762
Tuas West Road,EW32,WEEKDAY,22,94.42857142857143,115.14285714285714
Tuas West Road,EW32,WEEKDAY,23,9.80952380952381,66.14285714285714
Tuas West Road,EW32,WEEKENDS/HOLIDAY,0,0.0,48.2
Tuas West Road,EW32,WEEKENDS/HOLIDAY,5,44.7,16.5
Tuas West Road,EW32,WEEKENDS/HOLIDAY,6,258.5,276.3
Tuas West Road,EW32,WEEKENDS/HOLIDAY,7,310.9,725.2
Tuas West Road,EW32,WEEKENDS/HOLIDAY,8,279.7,341.3
Tuas West Road,EW32,WEEKENDS/HOLIDAY,9,256.3,99.1
Tuas West Road,EW32,WEEKENDS/HOLIDAY,10,318.8,78.7
Tuas West Road,EW32,WEEKENDS/HOLIDAY,11,290.8,93.5
Tuas West Road,EW32,WEEKENDS/HOLIDAY,12,364.2,124.6
Tuas West Road,EW32,WEEKENDS/HOLIDAY,13,265.6,149.2
Tuas West Road,EW32,WEEKENDS/HOLIDAY,14,222.9,170.5
Tuas West Road,EW32,WEEKENDS/HOLIDAY,15,271.6,162.7
Tuas West Road,EW32,WEEKENDS/HOLIDAY,16,333.4,258.5
Tuas West Road,EW32,WEEKENDS/HOLIDAY,17,598.9,340.9
Tuas West Road,EW32,WEEKENDS/HOLIDAY,18,432.0,417.6
Tuas West Road,EW32,WEEKENDS/HOLIDAY,19,338.6,546.4
Tuas West Road,EW32,WEEKENDS/HOLIDAY,20,267.9,475.9
Tuas West Road,EW32,WEEKENDS/HOLIDAY,21,100.0,466.1
Tuas West Road,EW32,WEEKENDS/HOLIDAY,22,72.7,310.0
Tuas West Road,EW32,WEEKENDS/HOLIDAY,23,11.3,168.4
Ubi,DT27,WEEKDAY,0,2.4285714285714284,28.571428571428573
Ubi,DT27,WEEKDAY,5,49.61904761904762,20.38095238095238
Ubi,DT27,WEEKDAY,6,412.3809523809524,385.7142857142857
Ubi,DT27,WEEKDAY,7,963.9047619047619,1277.4285714285713
Ubi,DT27,WEEKDAY,8,986.5714285714286,1757.047619047619
Ubi,DT27,WEEKDAY,9,564.8095238095239,894.2857142857143
Ubi,DT27,WEEKDAY,10,391.9047619047619,373.3333333333333
Ubi,DT27,WEEKDAY,11,339.14285714285717,270.85714285714283
Ubi,DT27,WEEKDAY,12,435.3333333333333,352.76190476190476
Ubi,DT27,WEEKDAY,13,644.1428571428571,427.7142857142857
Ubi,DT27,WEEKDAY,14,415.0952380952381,342.4761904761905
Ubi,DT27,WEEKDAY,15,367.23809523809524,344.57142857142856
Ubi,DT27,WEEKDAY,16,498.14285714285717,388.2857142857143
Ubi,DT27,WEEKDAY,17,1287.6666666666667,645.8571428571429
Ubi,DT27,WEEKDAY,18,1945.6666666666667,1060.142857142857
Ubi,DT27,WEEKDAY,19,786.9047619047619,799.047619047619
Ubi,DT27,WEEKDAY,20,404.23809523809524,559.2380952380952
Ubi,DT27,WEEKDAY,21,299.6190476190476,453.2857142857143
Ubi,DT27,WEEKDAY,22,176.23809523809524,361.3333333333333
Ubi,DT27,WEEKDAY,23,55.19047619047619,180.04761904761904
Ubi,DT27,WEEKENDS/HOLIDAY,0,3.7,47.3
Ubi,DT27,WEEKENDS/HOLIDAY,5,23.5,4.6
Ubi,DT27,WEEKENDS/HOLIDAY,6,189.2,103.7
Ubi,DT27,WEEKENDS/HOLIDAY,7,328.8,283.2
Ubi,DT27,WEEKENDS/HOLIDAY,8,363.2,412.9
Ubi,DT27,WEEKENDS/HOLIDAY,9,425.4,322.1
Ubi,DT27,WEEKENDS/HOLIDAY,10,499.1,294.1
Ubi,DT27,WEEKENDS/HOLIDAY,11,452.9,297.3
Ubi,DT27,WEEKENDS/HOLIDAY,12,512.7,401.4
Ubi,DT27,WEEKENDS/HOLIDAY,13,492.9,373.1
Ubi,DT27,WEEKENDS/HOLIDAY,14,425.4,398.0
Ubi,DT27,WEEKENDS/HOLIDAY,15,425.0,372.6
Ubi,DT27,WEEKENDS/HOLIDAY,16,485.9,419.1
Ubi,DT27,WEEKENDS/HOLIDAY,17,587.5,491.3
Ubi,DT27,WEEKENDS/HOLIDAY,18,570.8,510.2
Ubi,DT27,WEEKENDS/HOLIDAY,19,435.6,528.6
Ubi,DT27,WEEKENDS/HOLIDAY,20,273.7,537.6
Ubi,DT27,WEEKENDS/HOLIDAY,21,254.4,512.1
Ubi,DT27,WEEKENDS/HOLIDAY,22,156.7,433.6
Ubi,DT27,WEEKENDS/HOLIDAY,23,58.1,214.7
Upper Changi,DT34,WEEKDAY,0,0.2857142857142857,42.714285714285715
Upper Changi,DT34,WEEKDAY,5,49.857142857142854,1.0476190476190477
Upper Changi,DT34,WEEKDAY,6,253.47619047619048,127.95238095238095
Upper Changi,DT34,WEEKDAY,7,575.0,467.04761904761904
Upper Changi,DT34,WEEKDAY,8,761.6190476190476,612.952380952381
Upper Changi,DT34,WEEKDAY,9,420.9047619047619,288.76190476190476
Upper Changi,DT34,WEEKDAY,10,223.9047619047619,159.38095238095238
Upper Changi,DT34,WEEKDAY,11,249.47619047619048,132.14285714285714
Upper Changi,DT34,WEEKDAY,12,289.23809523809524,185.57142857142858
Upper Changi,DT34,WEEKDAY,13,195.0952380952381,252.61904761904762
Upper Changi,DT34,WEEKDAY,14,167.38095238095238,236.1904761904762
Upper Changi,DT34,WEEKDAY,15,188.0952380952381,185.66666666666666
Upper Changi,DT34,WEEKDAY,16,356.8095238095238,217.23809523809524
Upper Changi,DT34,WEEKDAY,17,794.047619047619,311.6666666666667
Upper Changi,DT34,WEEKDAY,18,728.5714285714286,595.8095238095239
Upper Changi,DT34,WEEKDAY,19,333.9047619047619,557.4761904761905
Upper Changi,DT34,WEEKDAY,20,203.57142857142858,356.42857142857144
Upper Changi,DT34,WEEKDAY,21,132.71428571428572,255.0952380952381
Upper Changi,DT34,WEEKDAY,22,92.71428571428571,203.33333333333334
Upper Changi,DT34,WEEKDAY,23,50.95238095238095,110.52380952380952
Upper Changi,DT34,WEEKENDS/HOLIDAY,0,0.2,47.5
Upper Changi,DT34,WEEKENDS/HOLIDAY,5,25.0,0.6
Upper Changi,DT34,WEEKENDS/HOLIDAY,6,69.2,46.6
Upper Changi,DT34,WEEKENDS/HOLIDAY,7,105.2,144.5
Upper Changi,DT34,WEEKENDS/HOLIDAY,8,176.4,149.8
Upper Changi,DT34,WEEKENDS/HOLIDAY,9,198.3,125.2
Upper Changi,DT34,WEEKENDS/HOLIDAY,10,213.9,122.9
Upper Changi,DT34,WEEKENDS/HOLIDAY,11,229.2,117.0
Upper Changi,DT34,WEEKENDS/HOLIDAY,12,277.1,145.6
Upper Changi,DT34,WEEKENDS/HOLIDAY,13,238.2,177.4
Upper Changi,DT34,WEEKENDS/HOLIDAY,14,188.3,190.8
Upper Changi,DT34,WEEKENDS/HOLIDAY,15,195.8,200.6
Upper Changi,DT34,WEEKENDS/HOLIDAY,16,218.7,197.5
Upper Changi,DT34,WEEKENDS/HOLIDAY,17,353.2,206.6
Upper Changi,DT34,WEEKENDS/HOLIDAY,18,296.4,218.2
Upper Changi,DT34,WEEKENDS/HOLIDAY,19,234.0,232.8
Upper Changi,DT34,WEEKENDS/HOLIDAY,20,129.6,250.9
Upper Changi,DT34,WEEKENDS/HOLIDAY,21,90.8,249.1
Upper Changi,DT34,WEEKENDS/HOLIDAY,22,57.3,213.6
Upper Changi,DT34,WEEKENDS/HOLIDAY,23,31.6,121.1
Upper Thomson,TE8,WEEKDAY,0,12.761904761904763,25.0
Upper Thomson,TE8,WEEKDAY,5,32.42857142857143,16.285714285714285
Upper Thomson,TE8,WEEKDAY,6,338.4761904761905,158.38095238095238
Upper Thomson,TE8,WEEKDAY,7,725.4285714285714,459.14285714285717
Upper Thomson,TE8,WEEKDAY,8,1015.9047619047619,719.2380952380952
Upper Thomson,TE8,WEEKDAY,9,565.1428571428571,541.9047619047619
Upper Thomson,TE8,WEEKDAY,10,358.3333333333333,380.42857142857144
Upper Thomson,TE8,WEEKDAY,11,380.04761904761904,383.7142857142857
Upper Thomson,TE8,WEEKDAY,12,428.3809523809524,456.6666666666667
Upper Thomson,TE8,WEEKDAY,13,503.7142857142857,493.5238095238095
Upper Thomson,TE8,WEEKDAY,14,436.6666666666667,497.3809523809524
Upper Thomson,TE8,WEEKDAY,15,418.85714285714283,480.4761904761905
Upper Thomson,TE8,WEEKDAY,16,485.57142857142856,560.2857142857143
Upper Thomson,TE8,WEEKDAY,17,805.4761904761905,818.5238095238095
Upper Thomson,TE8,WEEKDAY,18,1127.142857142857,1455.6666666666667
Upper Thomson,TE8,WEEKDAY,19,785.3809523809524,1022.7142857142857
Upper Thomson,TE8,WEEKDAY,20,585.4761904761905,509.04761904761904
Upper Thomson,TE8,WEEKDAY,21,593.9047619047619,402.04761904761904
Upper Thomson,TE8,WEEKDAY,22,329.14285714285717,331.42857142857144
Upper Thomson,TE8,WEEKDAY,23,112.71428571428571,147.04761904761904
Upper Thomson,TE8,WEEKENDS/HOLIDAY,0,15.6,25.7
Upper Thomson,TE8,WEEKENDS/HOLIDAY,5,10.7,4.4
Upper Thomson,TE8,WEEKENDS/HOLIDAY,6,105.2,126.9
Upper Thomson,TE8,WEEKENDS/HOLIDAY,7,209.8,250.0
Upper Thomson,TE8,WEEKENDS/HOLIDAY,8,362.2,483.1
Upper Thomson,TE8,WEEKENDS/HOLIDAY,9,440.5,634.3
Upper Thomson,TE8,WEEKENDS/HOLIDAY,10,566.8,600.5
Upper Thomson,TE8,WEEKENDS/HOLIDAY,11,669.3,655.6
Upper Thomson,TE8,WEEKENDS/HOLIDAY,12,776.5,621.4
Upper Thomson,TE8,WEEKENDS/HOLIDAY,13,835.4,589.3
Upper Thomson,TE8,WEEKENDS/HOLIDAY,14,743.4,561.0
Upper Thomson,TE8,WEEKENDS/HOLIDAY,15,703.7,529.8
Upper Thomson,TE8,WEEKENDS/HOLIDAY,16,667.0,671.0
Upper Thomson,TE8,WEEKENDS/HOLIDAY,17,674.5,649.4
Upper Thomson,TE8,WEEKENDS/HOLIDAY,18,808.6,719.0
Upper Thomson,TE8,WEEKENDS/HOLIDAY,19,633.0,567.8
Upper Thomson,TE8,WEEKENDS/HOLIDAY,20,528.9,398.2
Upper Thomson,TE8,WEEKENDS/HOLIDAY,21,498.6,362.5
Upper Thomson,TE8,WEEKENDS/HOLIDAY,22,310.2,307.1
Upper Thomson,TE8,WEEKENDS/HOLIDAY,23,117.8,151.8
Woodlands,NS9/TE2,WEEKDAY,0,89.95238095238095,391.76190476190476
Woodlands,NS9/TE2,WEEKDAY,5,1166.4285714285713,442.76190476190476
Woodlands,NS9/TE2,WEEKDAY,6,4383.238095238095,2223.0476190476193
Woodlands,NS9/TE2,WEEKDAY,7,7722.047619047619,4185.666666666667
Woodlands,NS9/TE2,WEEKDAY,8,6309.714285714285,3722.6666666666665
Woodlands,NS9/TE2,WEEKDAY,9,3336.6190476190477,2402.904761904762
Woodlands,NS9/TE2,WEEKDAY,10,2294.4285714285716,1993.4285714285713
Woodlands,NS9/TE2,WEEKDAY,11,2052.0,2161.809523809524
Woodlands,NS9/TE2,WEEKDAY,12,2459.904761904762,2639.4285714285716
Woodlands,NS9/TE2,WEEKDAY,13,2512.8571428571427,2693.095238095238
Woodlands,NS9/TE2,WEEKDAY,14,2340.809523809524,2885.095238095238
Woodlands,NS9/TE2,WEEKDAY,15,2181.809523809524,3155.809523809524
Woodlands,NS9/TE2,WEEKDAY,16,2457.5714285714284,3981.9523809523807
Woodlands,NS9/TE2,WEEKDAY,17,3865.095238095238,6703.142857142857
Woodlands,NS9/TE2,WEEKDAY,18,4733.142857142857,10376.047619047618
Woodlands,NS9/TE2,WEEKDAY,19,3118.7619047619046,7451.857142857143
Woodlands,NS9/TE2,WEEKDAY,20,2363.9523809523807,4387.9047619047615
Woodlands,NS9/TE2,WEEKDAY,21,2181.8571428571427,3762.4761904761904
Woodlands,NS9/TE2,WEEKDAY,22,1282.6190476190477,3034.6190476190477
Woodlands,NS9/TE2,WEEKDAY,23,533.8095238095239,1530.857142857143
Woodlands,NS9/TE2,WEEKENDS/HOLIDAY,0,146.7,439.0
Woodlands,NS9/TE2,WEEKENDS/HOLIDAY,5,397.7,260.3
Woodlands,NS9/TE2,WEEKENDS/HOLIDAY,6,1516.8,1022.2
Woodlands,NS9/TE2,WEEKENDS/HOLIDAY,7,2063.8,1891.8
Woodlands,NS9/TE2,WEEKENDS/HOLIDAY,8,2458.1,2334.6
Woodlands,NS9/TE2,WEEKENDS/HOLIDAY,9,2683.2,2290.2
Woodlands,NS9/TE2,WEEKENDS/HOLIDAY,10,2690.7,2501.0
Woodlands,NS9/TE2,WEEKENDS/HOLIDAY,11,2757.1,2837.4
Woodlands,NS9/TE2,WEEKENDS/HOLIDAY,12,3037.7,3181.7
Woodlands,NS9/TE2,WEEKENDS/HOLIDAY,13,3247.2,3452.6
Woodlands,NS9/TE2,WEEKENDS/HOLIDAY,14,3152.9,3382.8
Woodlands,NS9/TE2,WEEKENDS/HOLIDAY,15,3070.1,3452.7
Woodlands,NS9/TE2,WEEKENDS/HOLIDAY,16,3156.4,3567.1
Woodlands,NS9/TE2,WEEKENDS/HOLIDAY,17,3380.8,4029.5
Woodlands,NS9/TE2,WEEKENDS/HOLIDAY,18,3333.2,4336.3
Woodlands,NS9/TE2,WEEKENDS/HOLIDAY,19,2881.6,3939.3
Woodlands,NS9/TE2,WEEKENDS/HOLIDAY,20,2617.8,3565.5
Woodlands,NS9/TE2,WEEKENDS/HOLIDAY,21,2355.3,3201.8
Woodlands,NS9/TE2,WEEKENDS/HOLIDAY,22,1563.5,3021.9
Woodlands,NS9/TE2,WEEKENDS/HOLIDAY,23,759.7,1640.3
Woodlands North,TE1,WEEKDAY,0,1.6666666666666667,13.571428571428571
Woodlands North,TE1,WEEKDAY,5,84.85714285714286,13.952380952380953
Woodlands North,TE1,WEEKDAY,6,565.3333333333334,176.8095238095238
Woodlands North,TE1,WEEKDAY,7,631.4761904761905,946.2380952380952
Woodlands North,TE1,WEEKDAY,8,470.85714285714283,1984.952380952381
Woodlands North,TE1,WEEKDAY,9,233.66666666666666,1570.7619047619048
Woodlands North,TE1,WEEKDAY,10,174.38095238095238,587.8095238095239
Woodlands North,TE1,WEEKDAY,11,364.6666666666667,340.76190476190476
Woodlands North,TE1,WEEKDAY,12,424.3809523809524,562.6666666666666
Woodlands North,TE1,WEEKDAY,13,407.6666666666667,457.0
Woodlands North,TE1,WEEKDAY,14,353.5238095238095,315.8095238095238
Woodlands North,TE1,WEEKDAY,15,677.6666666666666,155.66666666666666
Woodlands North,TE1,WEEKDAY,16,1289.2857142857142,151.1904761904762
Woodlands North,TE1,WEEKDAY,17,1901.5238095238096,247.66666666666666
Woodlands North,TE1,WEEKDAY,18,1309.7142857142858,354.0
Woodlands North,TE1,WEEKDAY,19,639.0,414.23809523809524
Woodlands North,TE1,WEEKDAY,20,505.5238095238095,234.47619047619048
Woodlands North,TE1,WEEKDAY,21,474.95238095238096,164.71428571428572
Woodlands North,TE1,WEEKDAY,22,184.28571428571428,113.80952380952381
Woodlands North,TE1,WEEKDAY,23,26.095238095238095,49.523809523809526
Woodlands North,TE1,WEEKENDS/HOLIDAY,0,1.4,32.5
Woodlands North,TE1,WEEKENDS/HOLIDAY,5,31.9,5.2
Woodlands North,TE1,WEEKENDS/HOLIDAY,6,299.9,76.3
Woodlands North,TE1,WEEKENDS/HOLIDAY,7,370.8,398.4
Woodlands North,TE1,WEEKENDS/HOLIDAY,8,255.3,313.6
Woodlands North,TE1,WEEKENDS/HOLIDAY,9,237.9,140.2
Woodlands North,TE1,WEEKENDS/HOLIDAY,10,206.4,99.0
Woodlands North,TE1,WEEKENDS/HOLIDAY,11,223.7,98.1
Woodlands North,TE1,WEEKENDS/HOLIDAY,12,249.1,110.6
Woodlands North,TE1,WEEKENDS/HOLIDAY,13,229.4,153.4
Woodlands North,TE1,WEEKENDS/HOLIDAY,14,198.8,149.4
Woodlands North,TE1,WEEKENDS/HOLIDAY,15,222.9,149.7
Woodlands North,TE1,WEEKENDS/HOLIDAY,16,273.2,177.0
Woodlands North,TE1,WEEKENDS/HOLIDAY,17,326.7,223.1
Woodlands North,TE1,WEEKENDS/HOLIDAY,18,347.1,283.1
Woodlands North,TE1,WEEKENDS/HOLIDAY,19,261.0,372.1
Woodlands North,TE1,WEEKENDS/HOLIDAY,20,211.9,306.4
Woodlands North,TE1,WEEKENDS/HOLIDAY,21,128.9,262.5
Woodlands North,TE1,WEEKENDS/HOLIDAY,22,87.3,213.4
Woodlands North,TE1,WEEKENDS/HOLIDAY,23,31.8,113.3
Woodlands South,TE3,WEEKDAY,0,3.9523809523809526,82.42857142857143
Woodlands South,TE3,WEEKDAY,5,218.33333333333334,33.80952380952381
Woodlands South,TE3,WEEKDAY,6,950.7142857142857,650.952380952381
Woodlands South,TE3,WEEKDAY,7,2045.8095238095239,1630.4761904761904
Woodlands South,TE3,WEEKDAY,8,1783.6190476190477,942.9047619047619
Woodlands South,TE3,WEEKDAY,9,752.8571428571429,381.3333333333333
Woodlands South,TE3,WEEKDAY,10,499.85714285714283,269.0952380952381
Woodlands South,TE3,WEEKDAY,11,520.6190476190476,320.8095238095238
Woodlands South,TE3,WEEKDAY,12,715.5238095238095,518.0952380952381
Woodlands South,TE3,WEEKDAY,13,589.0,548.1428571428571
Woodlands South,TE3,WEEKDAY,14,704.8095238095239,469.6666666666667
Woodlands South,TE3,WEEKDAY,15,715.7619047619048,478.57142857142856
Woodlands South,TE3,WEEKDAY,16,772.5238095238095,524.4761904761905
Woodlands South,TE3,WEEKDAY,17,1263.0,926.952380952381
Woodlands South,TE3,WEEKDAY,18,1144.1904761904761,1730.047619047619
Woodlands South,TE3,WEEKDAY,19,550.0952380952381,1409.8095238095239
Woodlands South,TE3,WEEKDAY,20,381.2857142857143,758.4761904761905
Woodlands South,TE3,WEEKDAY,21,449.8095238095238,654.6190476190476
Woodlands South,TE3,WEEKDAY,22,167.85714285714286,590.8095238095239
Woodlands South,TE3,WEEKDAY,23,44.142857142857146,320.23809523809524
Woodlands South,TE3,WEEKENDS/HOLIDAY,0,4.6,86.1
Woodlands South,TE3,WEEKENDS/HOLIDAY,5,97.4,9.7
Woodlands South,TE3,WEEKENDS/HOLIDAY,6,264.9,275.1
Woodlands South,TE3,WEEKENDS/HOLIDAY,7,434.4,344.0
Woodlands South,TE3,WEEKENDS/HOLIDAY,8,589.3,328.8
Woodlands South,TE3,WEEKENDS/HOLIDAY,9,565.8,261.7
Woodlands South,TE3,WEEKENDS/HOLIDAY,10,571.3,316.1
Woodlands South,TE3,WEEKENDS/HOLIDAY,11,625.6,330.0
Woodlands South,TE3,WEEKENDS/HOLIDAY,12,704.4,438.4
Woodlands South,TE3,WEEKENDS/HOLIDAY,13,606.1,394.7
Woodlands South,TE3,WEEKENDS/HOLIDAY,14,555.6,438.9
Woodlands South,TE3,WEEKENDS/HOLIDAY,15,563.1,456.0
Woodlands South,TE3,WEEKENDS/HOLIDAY,16,541.2,453.7
Woodlands South,TE3,WEEKENDS/HOLIDAY,17,624.6,490.9
Woodlands South,TE3,WEEKENDS/HOLIDAY,18,554.6,580.0
Woodlands South,TE3,WEEKENDS/HOLIDAY,19,403.3,602.4
Woodlands South,TE3,WEEKENDS/HOLIDAY,20,320.8,562.3
Woodlands South,TE3,WEEKENDS/HOLIDAY,21,363.5,567.3
Woodlands South,TE3,WEEKENDS/HOLIDAY,22,135.9,550.8
Woodlands South,TE3,WEEKENDS/HOLIDAY,23,45.7,320.5
Woodleigh,NE11,WEEKDAY,0,4.190476190476191,16.047619047619047
Woodleigh,NE11,WEEKDAY,5,39.80952380952381,24.333333333333332
Woodleigh,NE11,WEEKDAY,6,621.3333333333334,524.9047619047619
Woodleigh,NE11,WEEKDAY,7,1279.142857142857,1202.7142857142858
Woodleigh,NE11,WEEKDAY,8,1909.952380952381,1296.3809523809523
Woodleigh,NE11,WEEKDAY,9,1001.1904761904761,654.5238095238095
Woodleigh,NE11,WEEKDAY,10,573.2380952380952,446.6190476190476
Woodleigh,NE11,WEEKDAY,11,594.4285714285714,505.76190476190476
Woodleigh,NE11,WEEKDAY,12,645.6190476190476,674.2380952380952
Woodleigh,NE11,WEEKDAY,13,781.5238095238095,719.6190476190476
Woodleigh,NE11,WEEKDAY,14,755.047619047619,873.4285714285714
Woodleigh,NE11,WEEKDAY,15,860.0,803.3809523809524
Woodleigh,NE11,WEEKDAY,16,1104.5238095238096,861.2857142857143
Woodleigh,NE11,WEEKDAY,17,1257.857142857143,1351.2380952380952
Woodleigh,NE11,WEEKDAY,18,1558.7142857142858,2355.5714285714284
Woodleigh,NE11,WEEKDAY,19,1011.6666666666666,1625.904761904762
Woodleigh,NE11,WEEKDAY,20,696.1904761904761,865.8095238095239
Woodleigh,NE11,WEEKDAY,21,624.1428571428571,713.2380952380952
Woodleigh,NE11,WEEKDAY,22,349.76190476190476,521.0952380952381
Woodleigh,NE11,WEEKDAY,23,96.19047619047619,201.23809523809524
Woodleigh,NE11,WEEKENDS/HOLIDAY,0,6.3,11.4
Woodleigh,NE11,WEEKENDS/HOLIDAY,5,9.6,6.6
Woodleigh,NE11,WEEKENDS/HOLIDAY,6,155.3,155.1
Woodleigh,NE11,WEEKENDS/HOLIDAY,7,320.3,303.4
Woodleigh,NE11,WEEKENDS/HOLIDAY,8,544.3,538.7
Woodleigh,NE11,WEEKENDS/HOLIDAY,9,668.5,564.5
Woodleigh,NE11,WEEKENDS/HOLIDAY,10,776.4,628.3
Woodleigh,NE11,WEEKENDS/HOLIDAY,11,899.0,719.5
Woodleigh,NE11,WEEKENDS/HOLIDAY,12,943.2,833.0
Woodleigh,NE11,WEEKENDS/HOLIDAY,13,981.6,944.3
Woodleigh,NE11,WEEKENDS/HOLIDAY,14,896.3,823.8
Woodleigh,NE11,WEEKENDS/HOLIDAY,15,842.4,845.5
Woodleigh,NE11,WEEKENDS/HOLIDAY,16,892.2,834.7
Woodleigh,NE11,WEEKENDS/HOLIDAY,17,911.4,945.5
Woodleigh,NE11,WEEKENDS/HOLIDAY,18,919.5,1011.9
Woodleigh,NE11,WEEKENDS/HOLIDAY,19,756.6,927.2
Woodleigh,NE11,WEEKENDS/HOLIDAY,20,608.0,764.7
Woodleigh,NE11,WEEKENDS/HOLIDAY,21,495.1,689.8
Woodleigh,NE11,WEEKENDS/HOLIDAY,22,349.7,486.8
Woodleigh,NE11,WEEKENDS/HOLIDAY,23,106.1,219.6
Yew Tee,NS5,WEEKDAY,0,22.61904761904762,225.28571428571428
Yew Tee,NS5,WEEKDAY,5,801.0952380952381,115.33333333333333
Yew Tee,NS5,WEEKDAY,6,3377.2380952380954,933.7142857142857
Yew Tee,NS5,WEEKDAY,7,5913.428571428572,2090.7619047619046
Yew Tee,NS5,WEEKDAY,8,4269.285714285715,1163.142857142857
Yew Tee,NS5,WEEKDAY,9,1937.8095238095239,703.8095238095239
Yew Tee,NS5,WEEKDAY,10,1326.095238095238,594.7619047619048
Yew Tee,NS5,WEEKDAY,11,1223.7142857142858,617.0952380952381
Yew Tee,NS5,WEEKDAY,12,1269.5714285714287,826.4761904761905
Yew Tee,NS5,WEEKDAY,13,1228.4761904761904,1062.857142857143
Yew Tee,NS5,WEEKDAY,14,1185.4761904761904,1141.5238095238096
Yew Tee,NS5,WEEKDAY,15,1011.9047619047619,1303.6190476190477
Yew Tee,NS5,WEEKDAY,16,1178.5714285714287,1587.047619047619
Yew Tee,NS5,WEEKDAY,17,1970.8095238095239,2774.8571428571427
Yew Tee,NS5,WEEKDAY,18,1986.857142857143,4823.380952380952
Yew Tee,NS5,WEEKDAY,19,1041.2380952380952,3831.5714285714284
Yew Tee,NS5,WEEKDAY,20,749.2380952380952,2288.9523809523807
Yew Tee,NS5,WEEKDAY,21,644.5238095238095,1905.857142857143
Yew Tee,NS5,WEEKDAY,22,397.6190476190476,1480.857142857143
Yew Tee,NS5,WEEKDAY,23,131.76190476190476,727.5714285714286
Yew Tee,NS5,WEEKENDS/HOLIDAY,0,28.8,265.7
Yew Tee,NS5,WEEKENDS/HOLIDAY,5,389.7,37.6
Yew Tee,NS5,WEEKENDS/HOLIDAY,6,1099.9,239.9
Yew Tee,NS5,WEEKENDS/HOLIDAY,7,1487.5,529.4
Yew Tee,NS5,WEEKENDS/HOLIDAY,8,1697.8,652.4
Yew Tee,NS5,WEEKENDS/HOLIDAY,9,1662.8,760.3
Yew Tee,NS5,WEEKENDS/HOLIDAY,10,1700.0,748.3
Yew Tee,NS5,WEEKENDS/HOLIDAY,11,1675.0,884.3
Yew Tee,NS5,WEEKENDS/HOLIDAY,12,1631.0,1101.5
Yew Tee,NS5,WEEKENDS/HOLIDAY,13,1458.5,1355.5
Yew Tee,NS5,WEEKENDS/HOLIDAY,14,1313.1,1375.5
Yew Tee,NS5,WEEKENDS/HOLIDAY,15,1242.8,1427.3
Yew Tee,NS5,WEEKENDS/HOLIDAY,16,1298.2,1511.3
Yew Tee,NS5,WEEKENDS/HOLIDAY,17,1439.7,1703.5
Yew Tee,NS5,WEEKENDS/HOLIDAY,18,1322.9,1888.3
Yew Tee,NS5,WEEKENDS/HOLIDAY,19,1024.5,1906.1
Yew Tee,NS5,WEEKENDS/HOLIDAY,20,755.6,1931.3
Yew Tee,NS5,WEEKENDS/HOLIDAY,21,635.7,1813.0
Yew Tee,NS5,WEEKENDS/HOLIDAY,22,434.9,1420.7
Yew Tee,NS5,WEEKENDS/HOLIDAY,23,151.4,842.8
Yio Chu Kang,NS15,WEEKDAY,0,14.19047619047619,56.95238095238095
Yio Chu Kang,NS15,WEEKDAY,5,216.71428571428572,141.66666666666666
Yio Chu Kang,NS15,WEEKDAY,6,935.952380952381,1218.4761904761904
Yio Chu Kang,NS15,WEEKDAY,7,1864.2857142857142,3559.8571428571427
Yio Chu Kang,NS15,WEEKDAY,8,1650.142857142857,4481.761904761905
Yio Chu Kang,NS15,WEEKDAY,9,947.2857142857143,2105.5238095238096
Yio Chu Kang,NS15,WEEKDAY,10,737.2380952380952,935.7142857142857
Yio Chu Kang,NS15,WEEKDAY,11,820.1904761904761,782.7142857142857
Yio Chu Kang,NS15,WEEKDAY,12,1193.857142857143,833.2857142857143
Yio Chu Kang,NS15,WEEKDAY,13,978.0952380952381,831.4285714285714
Yio Chu Kang,NS15,WEEKDAY,14,1094.952380952381,729.8095238095239
Yio Chu Kang,NS15,WEEKDAY,15,1519.5714285714287,642.3809523809524
Yio Chu Kang,NS15,WEEKDAY,16,2005.095238095238,731.3809523809524
Yio Chu Kang,NS15,WEEKDAY,17,3511.2380952380954,1163.3809523809523
Yio Chu Kang,NS15,WEEKDAY,18,3890.809523809524,1823.095238095238
Yio Chu Kang,NS15,WEEKDAY,19,1599.5238095238096,1249.4761904761904
Yio Chu Kang,NS15,WEEKDAY,20,935.5238095238095,768.2857142857143
Yio Chu Kang,NS15,WEEKDAY,21,711.6666666666666,693.1904761904761
Yio Chu Kang,NS15,WEEKDAY,22,497.2857142857143,612.4761904761905
Yio Chu Kang,NS15,WEEKDAY,23,158.33333333333334,246.0
Yio Chu Kang,NS15,WEEKENDS/HOLIDAY,0,13.9,65.0
Yio Chu Kang,NS15,WEEKENDS/HOLIDAY,5,105.6,35.0
Yio Chu Kang,NS15,WEEKENDS/HOLIDAY,6,378.2,396.6
Yio Chu Kang,NS15,WEEKENDS/HOLIDAY,7,582.6,559.0
Yio Chu Kang,NS15,WEEKENDS/HOLIDAY,8,718.3,573.8
Yio Chu Kang,NS15,WEEKENDS/HOLIDAY,9,852.3,520.4
Yio Chu Kang,NS15,WEEKENDS/HOLIDAY,10,791.3,420.7
Yio Chu Kang,NS15,WEEKENDS/HOLIDAY,11,740.4,402.1
Yio Chu Kang,NS15,WEEKENDS/HOLIDAY,12,802.2,446.6
Yio Chu Kang,NS15,WEEKENDS/HOLIDAY,13,702.0,519.1
Yio Chu Kang,NS15,WEEKENDS/HOLIDAY,14,647.0,547.6
Yio Chu Kang,NS15,WEEKENDS/HOLIDAY,15,637.6,569.8
Yio Chu Kang,NS15,WEEKENDS/HOLIDAY,16,699.8,596.9
Yio Chu Kang,NS15,WEEKENDS/HOLIDAY,17,771.4,709.8
Yio Chu Kang,NS15,WEEKENDS/HOLIDAY,18,736.4,777.8
Yio Chu Kang,NS15,WEEKENDS/HOLIDAY,19,637.9,685.2
Yio Chu Kang,NS15,WEEKENDS/HOLIDAY,20,419.1,620.7
Yio Chu Kang,NS15,WEEKENDS/HOLIDAY,21,310.1,608.0
Yio Chu Kang,NS15,WEEKENDS/HOLIDAY,22,243.5,587.0
Yio Chu Kang,NS15,WEEKENDS/HOLIDAY,23,103.0,276.7
Yishun,NS13,WEEKDAY,0,65.38095238095238,377.8095238095238
Yishun,NS13,WEEKDAY,5,1314.3333333333333,219.71428571428572
Yishun,NS13,WEEKDAY,6,4506.142857142857,1230.6190476190477
Yishun,NS13,WEEKDAY,7,8123.238095238095,2631.3809523809523
Yishun,NS13,WEEKDAY,8,6840.761904761905,2372.1428571428573
Yishun,NS13,WEEKDAY,9,3428.5238095238096,1560.7142857142858
Yishun,NS13,WEEKDAY,10,2317.904761904762,1402.3333333333333
Yishun,NS13,WEEKDAY,11,1940.2857142857142,1456.6190476190477
Yishun,NS13,WEEKDAY,12,2060.8571428571427,1864.952380952381
Yishun,NS13,WEEKDAY,13,2065.904761904762,2070.095238095238
Yishun,NS13,WEEKDAY,14,1941.3333333333333,2280.4761904761904
Yishun,NS13,WEEKDAY,15,1937.8095238095239,2564.7619047619046
Yishun,NS13,WEEKDAY,16,2032.4761904761904,3254.190476190476
Yishun,NS13,WEEKDAY,17,3020.0476190476193,5555.571428571428
Yishun,NS13,WEEKDAY,18,3309.1428571428573,9394.666666666666
Yishun,NS13,WEEKDAY,19,2223.1428571428573,6890.0
Yishun,NS13,WEEKDAY,20,1834.5238095238096,4023.2380952380954
Yishun,NS13,WEEKDAY,21,1881.0,3213.904761904762
Yishun,NS13,WEEKDAY,22,1092.6190476190477,2966.6190476190477
Yishun,NS13,WEEKDAY,23,368.2857142857143,1521.4761904761904
Yishun,NS13,WEEKENDS/HOLIDAY,0,80.4,505.1
Yishun,NS13,WEEKENDS/HOLIDAY,5,664.7,101.2
Yishun,NS13,WEEKENDS/HOLIDAY,6,1607.2,478.5
Yishun,NS13,WEEKENDS/HOLIDAY,7,2174.4,952.7
Yishun,NS13,WEEKENDS/HOLIDAY,8,2647.1,1459.1
Yishun,NS13,WEEKENDS/HOLIDAY,9,2956.4,1606.6
Yishun,NS13,WEEKENDS/HOLIDAY,10,2649.4,1833.9
Yishun,NS13,WEEKENDS/HOLIDAY,11,2543.8,2112.2
Yishun,NS13,WEEKENDS/HOLIDAY,12,2738.5,2401.5
Yishun,NS13,WEEKENDS/HOLIDAY,13,2777.1,2708.5
Yishun,NS13,WEEKENDS/HOLIDAY,14,2658.4,2600.2
Yishun,NS13,WEEKENDS/HOLIDAY,15,2547.0,2730.0
Yishun,NS13,WEEKENDS/HOLIDAY,16,2362.0,3071.6
Yishun,NS13,WEEKENDS/HOLIDAY,17,2583.3,3601.6
Yishun,NS13,WEEKENDS/HOLIDAY,18,2424.8,3747.7
Yishun,NS13,WEEKENDS/HOLIDAY,19,2168.3,3400.0
Yishun,NS13,WEEKENDS/HOLIDAY,20,1953.5,3058.4
Yishun,NS13,WEEKENDS/HOLIDAY,21,1981.5,2867.3
Yishun,NS13,WEEKENDS/HOLIDAY,22,1270.3,2845.4
Yishun,NS13,WEEKENDS/HOLIDAY,23,464.5,1663.2
one-north,CC23,WEEKDAY,0,2.0476190476190474,5.904761904761905
one-north,CC23,WEEKDAY,5,15.476190476190476,37.19047619047619
one-north,CC23,WEEKDAY,6,57.904761904761905,691.9047619047619
one-north,CC23,WEEKDAY,7,184.0952380952381,1851.3333333333333
one-north,CC23,WEEKDAY,8,242.0952380952381,4013.4285714285716
one-north,CC23,WEEKDAY,9,177.0,4349.380952380952
one-north,CC23,WEEKDAY,10,171.1904761904762,1376.3809523809523
one-north,CC23,WEEKDAY,11,522.0,617.0952380952381
one-north,CC23,WEEKDAY,12,825.7142857142857,728.1428571428571
one-north,CC23,WEEKDAY,13,643.8095238095239,870.2857142857143
one-north,CC23,WEEKDAY,14,481.7142857142857,506.7142857142857
one-north,CC23,WEEKDAY,15,706.2380952380952,283.6666666666667
one-north,CC23,WEEKDAY,16,1371.1904761904761,275.42857142857144
one-north,CC23,WEEKDAY,17,3572.285714285714,343.6666666666667
one-north,CC23,WEEKDAY,18,4426.809523809524,484.23809523809524
one-north,CC23,WEEKDAY,19,2128.3333333333335,269.7142857142857
one-north,CC23,WEEKDAY,20,868.8571428571429,117.57142857142857
one-north,CC23,WEEKDAY,21,449.6190476190476,92.38095238095238
one-north,CC23,WEEKDAY,22,194.33333333333334,59.523809523809526
one-north,CC23,WEEKDAY,23,75.52380952380952,24.38095238095238
one-north,CC23,WEEKENDS/HOLIDAY,0,1.6,7.6
one-north,CC23,WEEKENDS/HOLIDAY,5,8.7,1.3
one-north,CC23,WEEKENDS/HOLIDAY,6,20.4,127.0
one-north,CC23,WEEKENDS/HOLIDAY,7,58.0,254.0
one-north,CC23,WEEKENDS/HOLIDAY,8,73.0,292.4
one-north,CC23,WEEKENDS/HOLIDAY,9,96.6,280.0
one-north,CC23,WEEKENDS/HOLIDAY,10,149.4,233.7
one-north,CC23,WEEKENDS/HOLIDAY,11,221.9,197.3
one-north,CC23,WEEKENDS/HOLIDAY,12,289.6,210.8
one-north,CC23,WEEKENDS/HOLIDAY,13,254.4,254.5
one-north,CC23,WEEKENDS/HOLIDAY,14,262.9,213.5
one-north,CC23,WEEKENDS/HOLIDAY,15,242.5,180.0
one-north,CC23,WEEKENDS/HOLIDAY,16,262.2,143.2
one-north,CC23,WEEKENDS/HOLIDAY,17,343.3,138.1
one-north,CC23,WEEKENDS/HOLIDAY,18,267.6,181.1
one-north,CC23,WEEKENDS/HOLIDAY,19,228.4,155.1
one-north,CC23,WEEKENDS/HOLIDAY,20,208.1,106.9
one-north,CC23,WEEKENDS/HOLIDAY,21,163.9,98.8
one-north,CC23,WEEKENDS/HOLIDAY,22,123.0,69.7
one-north,CC23,WEEKENDS/HOLIDAY,23,28.7,28.9
