from_station_name,to_station_name,trip_duration_in_minutes
Admiralty,Admiralty,0
Admiralty,Aljunied,53
Admiralty,Ang Mo Kio,21
Admiralty,Bartley,41
Admiralty,Bayfront,49
Admiralty,Bayshore,68
Admiralty,Beauty World,52
Admiralty,Bedok,61
Admiralty,Bedok North,55
Admiralty,Bedok Reservoir,57
Admiralty,Bencoolen,58
Admiralty,Bendemeer,55
Admiralty,Bishan,24
Admiralty,Boon Keng,51
Admiralty,Boon Lay,45
Admiralty,Botanic Gardens,42
Admiralty,Braddell,27
Admiralty,Bras Basah,48
Admiralty,Bright Hill,28
Admiralty,Buangkok,51
Admiralty,Bugis,45
Admiralty,Bukit Batok,29
Admiralty,Bukit Gombak,27
Admiralty,Bukit Panjang,37
Admiralty,Buona Vista,46
Admiralty,Caldecott,33
Admiralty,Canberra,9
Admiralty,Cashew,45
Admiralty,Changi Airport,82
Admiralty,Chinatown,50
Admiralty,Chinese Garden,39
Admiralty,Choa Chu Kang,23
Admiralty,City Hall,40
Admiralty,Clarke Quay,48
Admiralty,Clementi,41
Admiralty,Commonwealth,48
Admiralty,Dakota,50
Admiralty,Dhoby Ghaut,38
Admiralty,Dover,43
Admiralty,Downtown,51
Admiralty,Esplanade,50
Admiralty,Eunos,56
Admiralty,Expo,68
Admiralty,Farrer Park,50
Admiralty,Farrer Road,45
Admiralty,Fort Canning,56
Admiralty,Gardens by the Bay,53
Admiralty,Geylang Bahru,53
Admiralty,Great World,43
Admiralty,Gul Circle,53
Admiralty,HarbourFront,55
Admiralty,Havelock,44
Admiralty,Haw Par Villa,56
Admiralty,Hillview,46
Admiralty,Holland Village,48
Admiralty,Hougang,49
Admiralty,Hume,47
Admiralty,Jalan Besar,58
Admiralty,Joo Koon,50
Admiralty,Jurong East,33
Admiralty,Kaki Bukit,54
Admiralty,Kallang,51
Admiralty,Katong Park,59
Admiralty,Kembangan,58
Admiralty,Kent Ridge,54
Admiralty,Khatib,14
Admiralty,King Albert Park,50
Admiralty,Kovan,47
Admiralty,Kranji,13
Admiralty,Labrador Park,61
Admiralty,Lakeside,42
Admiralty,Lavender,49
Admiralty,Lentor,23
Admiralty,Little India,42
Admiralty,Lorong Chuan,35
Admiralty,MacPherson,45
Admiralty,Marina Bay,44
Admiralty,Marina South Pier,47
Admiralty,Marine Parade,62
Admiralty,Marine Terrace,64
Admiralty,Marsiling,10
Admiralty,Marymount,35
Admiralty,Mattar,52
Admiralty,Maxwell,48
Admiralty,Mayflower,26
Admiralty,Mountbatten,52
Admiralty,Napier,40
Admiralty,Newton,33
Admiralty,Nicoll Highway,54
Admiralty,Novena,31
Admiralty,Orchard,35
Admiralty,Orchard Boulevard,42
Admiralty,Outram Park,46
Admiralty,Pasir Panjang,59
Admiralty,Pasir Ris,73
Admiralty,Paya Lebar,48
Admiralty,Pioneer,47
Admiralty,Potong Pasir,48
Admiralty,Promenade,47
Admiralty,Punggol,56
Admiralty,Punggol Coast,58
Admiralty,Queenstown,50
Admiralty,Raffles Place,42
Admiralty,Redhill,52
Admiralty,Rochor,43
Admiralty,Sembawang,6
Admiralty,Sengkang,53
Admiralty,Serangoon,37
Admiralty,Shenton Way,49
Admiralty,Siglap,66
Admiralty,Simei,68
Admiralty,Sixth Avenue,48
Admiralty,Somerset,37
Admiralty,Springleaf,20
Admiralty,Stadium,54
Admiralty,Stevens,38
Admiralty,Tai Seng,43
Admiralty,Tampines,62
Admiralty,Tampines East,64
Admiralty,Tampines West,60
Admiralty,Tan Kah Kee,46
Admiralty,Tanah Merah,63
Admiralty,Tanjong Katong,61
Admiralty,Tanjong Pagar,49
Admiralty,Tanjong Rhu,57
Admiralty,Telok Ayer,52
Admiralty,Telok Blangah,63
Admiralty,Tiong Bahru,54
Admiralty,Toa Payoh,28
Admiralty,Tuas Crescent,55
Admiralty,Tuas Link,59
Admiralty,Tuas West Road,57
Admiralty,Ubi,52
Admiralty,Upper Changi,67
Admiralty,Upper Thomson,30
Admiralty,Woodlands,6
Admiralty,Woodlands North,16
Admiralty,Woodlands South,16
Admiralty,Woodleigh,46
Admiralty,Yew Tee,21
Admiralty,Yio Chu Kang,19
Admiralty,Yishun,12
Admiralty,one-north,52
Aljunied,Admiralty,53
Aljunied,Aljunied,0
Aljunied,Ang Mo Kio,35
Aljunied,Bartley,20
Aljunied,Bayfront,21
Aljunied,Bayshore,43
Aljunied,Beauty World,34
Aljunied,Bedok,12
Aljunied,Bedok North,25
Aljunied,Bedok Reservoir,27
Aljunied,Bencoolen,29
Aljunied,Bendemeer,25
Aljunied,Bishan,28
Aljunied,Boon Keng,30
Aljunied,Boon Lay,47
Aljunied,Botanic Gardens,26
Aljunied,Braddell,30
Aljunied,Bras Basah,27
Aljunied,Bright Hill,40
Aljunied,Buangkok,37
Aljunied,Bugis,10
Aljunied,Bukit Batok,46
Aljunied,Bukit Gombak,48
Aljunied,Bukit Panjang,43
Aljunied,Buona Vista,30
Aljunied,Caldecott,34
Aljunied,Canberra,47
Aljunied,Cashew,41
Aljunied,Changi Airport,33
Aljunied,Chinatown,26
Aljunied,Chinese Garden,41
Aljunied,Choa Chu Kang,52
Aljunied,City Hall,12
Aljunied,Clarke Quay,28
Aljunied,Clementi,34
Aljunied,Commonwealth,28
Aljunied,Dakota,16
Aljunied,Dhoby Ghaut,18
Aljunied,Dover,32
Aljunied,Downtown,23
Aljunied,Esplanade,26
Aljunied,Eunos,7
Aljunied,Expo,28
Aljunied,Farrer Park,28
Aljunied,Farrer Road,37
Aljunied,Fort Canning,28
Aljunied,Gardens by the Bay,28
Aljunied,Geylang Bahru,24
Aljunied,Great World,28
Aljunied,Gul Circle,54
Aljunied,HarbourFront,28
Aljunied,Havelock,27
Aljunied,Haw Par Villa,44
Aljunied,Hillview,40
Aljunied,Holland Village,39
Aljunied,Hougang,35
Aljunied,Hume,36
Aljunied,Jalan Besar,28
Aljunied,Joo Koon,52
Aljunied,Jurong East,38
Aljunied,Kaki Bukit,24
Aljunied,Kallang,6
Aljunied,Katong Park,34
Aljunied,Kembangan,9
Aljunied,Kent Ridge,42
Aljunied,Khatib,42
Aljunied,King Albert Park,32
Aljunied,Kovan,33
Aljunied,Kranji,62
Aljunied,Labrador Park,40
Aljunied,Lakeside,43
Aljunied,Lavender,8
Aljunied,Lentor,44
Aljunied,Little India,20
Aljunied,Lorong Chuan,26
Aljunied,MacPherson,15
Aljunied,Marina Bay,20
Aljunied,Marina South Pier,22
Aljunied,Marine Parade,37
Aljunied,Marine Terrace,39
Aljunied,Marsiling,59
Aljunied,Marymount,31
Aljunied,Mattar,22
Aljunied,Maxwell,27
Aljunied,Mayflower,42
Aljunied,Mountbatten,17
Aljunied,Napier,31
Aljunied,Newton,22
Aljunied,Nicoll Highway,22
Aljunied,Novena,26
Aljunied,Orchard,21
Aljunied,Orchard Boulevard,29
Aljunied,Outram Park,19
Aljunied,Pasir Panjang,42
Aljunied,Pasir Ris,25
Aljunied,Paya Lebar,5
Aljunied,Pioneer,48
Aljunied,Potong Pasir,32
Aljunied,Promenade,19
Aljunied,Punggol,42
Aljunied,Punggol Coast,44
Aljunied,Queenstown,26
Aljunied,Raffles Place,14
Aljunied,Redhill,23
Aljunied,Rochor,19
Aljunied,Sembawang,50
Aljunied,Sengkang,39
Aljunied,Serangoon,23
Aljunied,Shenton Way,28
Aljunied,Siglap,41
Aljunied,Simei,19
Aljunied,Sixth Avenue,30
Aljunied,Somerset,20
Aljunied,Springleaf,47
Aljunied,Stadium,19
Aljunied,Stevens,25
Aljunied,Tai Seng,18
Aljunied,Tampines,22
Aljunied,Tampines East,32
Aljunied,Tampines West,30
Aljunied,Tan Kah Kee,28
Aljunied,Tanah Merah,15
Aljunied,Tanjong Katong,36
Aljunied,Tanjong Pagar,16
Aljunied,Tanjong Rhu,32
Aljunied,Telok Ayer,24
Aljunied,Telok Blangah,38
Aljunied,Tiong Bahru,21
Aljunied,Toa Payoh,28
Aljunied,Tuas Crescent,57
Aljunied,Tuas Link,61
Aljunied,Tuas West Road,59
Aljunied,Ubi,22
Aljunied,Upper Changi,35
Aljunied,Upper Thomson,37
Aljunied,Woodlands,54
Aljunied,Woodlands North,56
Aljunied,Woodlands South,52
Aljunied,Woodleigh,32
Aljunied,Yew Tee,55
Aljunied,Yio Chu Kang,37
Aljunied,Yishun,45
Aljunied,one-north,40
Ang Mo Kio,Admiralty,21
Ang Mo Kio,Aljunied,35
Ang Mo Kio,Bartley,23
Ang Mo Kio,Bayfront,31
Ang Mo Kio,Bayshore,50
Ang Mo Kio,Beauty World,34
Ang Mo Kio,Bedok,43
Ang Mo Kio,Bedok North,37
Ang Mo Kio,Bedok Reservoir,39
Ang Mo Kio,Bencoolen,39
Ang Mo Kio,Bendemeer,37
Ang Mo Kio,Bishan,6
Ang Mo Kio,Boon Keng,33
Ang Mo Kio,Boon Lay,55
Ang Mo Kio,Botanic Gardens,24
Ang Mo Kio,Braddell,9
Ang Mo Kio,Bras Basah,30
Ang Mo Kio,Bright Hill,32
Ang Mo Kio,Buangkok,33
Ang Mo Kio,Bugis,27
Ang Mo Kio,Bukit Batok,47
Ang Mo Kio,Bukit Gombak,45
Ang Mo Kio,Bukit Panjang,43
Ang Mo Kio,Buona Vista,32
Ang Mo Kio,Caldecott,20
Ang Mo Kio,Canberra,16
Ang Mo Kio,Cashew,41
Ang Mo Kio,Changi Airport,64
Ang Mo Kio,Chinatown,32
Ang Mo Kio,Chinese Garden,49
Ang Mo Kio,Choa Chu Kang,41
Ang Mo Kio,City Hall,22
Ang Mo Kio,Clarke Quay,30
Ang Mo Kio,Clementi,43
Ang Mo Kio,Commonwealth,40
Ang Mo Kio,Dakota,32
Ang Mo Kio,Dhoby Ghaut,20
Ang Mo Kio,Dover,40
Ang Mo Kio,Downtown,33
Ang Mo Kio,Esplanade,32
Ang Mo Kio,Eunos,38
Ang Mo Kio,Expo,50
Ang Mo Kio,Farrer Park,32
Ang Mo Kio,Farrer Road,27
Ang Mo Kio,Fort Canning,38
Ang Mo Kio,Gardens by the Bay,35
Ang Mo Kio,Geylang Bahru,35
Ang Mo Kio,Great World,25
Ang Mo Kio,Gul Circle,63
Ang Mo Kio,HarbourFront,37
Ang Mo Kio,Havelock,26
Ang Mo Kio,Haw Par Villa,38
Ang Mo Kio,Hillview,39
Ang Mo Kio,Holland Village,29
Ang Mo Kio,Hougang,31
Ang Mo Kio,Hume,36
Ang Mo Kio,Jalan Besar,40
Ang Mo Kio,Joo Koon,60
Ang Mo Kio,Jurong East,47
Ang Mo Kio,Kaki Bukit,36
Ang Mo Kio,Kallang,33
Ang Mo Kio,Katong Park,41
Ang Mo Kio,Kembangan,40
Ang Mo Kio,Kent Ridge,36
Ang Mo Kio,Khatib,11
Ang Mo Kio,King Albert Park,32
Ang Mo Kio,Kovan,29
Ang Mo Kio,Kranji,31
Ang Mo Kio,Labrador Park,43
Ang Mo Kio,Lakeside,52
Ang Mo Kio,Lavender,31
Ang Mo Kio,Lentor,36
Ang Mo Kio,Little India,24
Ang Mo Kio,Lorong Chuan,17
Ang Mo Kio,MacPherson,27
Ang Mo Kio,Marina Bay,26
Ang Mo Kio,Marina South Pier,29
Ang Mo Kio,Marine Parade,44
Ang Mo Kio,Marine Terrace,46
Ang Mo Kio,Marsiling,28
Ang Mo Kio,Marymount,17
Ang Mo Kio,Mattar,34
Ang Mo Kio,Maxwell,30
Ang Mo Kio,Mayflower,34
Ang Mo Kio,Mountbatten,34
Ang Mo Kio,Napier,26
Ang Mo Kio,Newton,15
Ang Mo Kio,Nicoll Highway,36
Ang Mo Kio,Novena,13
Ang Mo Kio,Orchard,17
Ang Mo Kio,Orchard Boulevard,25
Ang Mo Kio,Outram Park,28
Ang Mo Kio,Pasir Panjang,41
Ang Mo Kio,Pasir Ris,55
Ang Mo Kio,Paya Lebar,30
Ang Mo Kio,Pioneer,57
Ang Mo Kio,Potong Pasir,30
Ang Mo Kio,Promenade,29
Ang Mo Kio,Punggol,38
Ang Mo Kio,Punggol Coast,40
Ang Mo Kio,Queenstown,40
Ang Mo Kio,Raffles Place,24
Ang Mo Kio,Redhill,38
Ang Mo Kio,Rochor,25
Ang Mo Kio,Sembawang,18
Ang Mo Kio,Sengkang,35
Ang Mo Kio,Serangoon,19
Ang Mo Kio,Shenton Way,31
Ang Mo Kio,Siglap,48
Ang Mo Kio,Simei,50
Ang Mo Kio,Sixth Avenue,29
Ang Mo Kio,Somerset,19
Ang Mo Kio,Springleaf,38
Ang Mo Kio,Stadium,36
Ang Mo Kio,Stevens,24
Ang Mo Kio,Tai Seng,25
Ang Mo Kio,Tampines,44
Ang Mo Kio,Tampines East,46
Ang Mo Kio,Tampines West,41
Ang Mo Kio,Tan Kah Kee,28
Ang Mo Kio,Tanah Merah,45
Ang Mo Kio,Tanjong Katong,43
Ang Mo Kio,Tanjong Pagar,31
Ang Mo Kio,Tanjong Rhu,39
Ang Mo Kio,Telok Ayer,34
Ang Mo Kio,Telok Blangah,45
Ang Mo Kio,Tiong Bahru,35
Ang Mo Kio,Toa Payoh,10
Ang Mo Kio,Tuas Crescent,65
Ang Mo Kio,Tuas Link,69
Ang Mo Kio,Tuas West Road,67
Ang Mo Kio,Ubi,34
Ang Mo Kio,Upper Changi,49
Ang Mo Kio,Upper Thomson,29
Ang Mo Kio,Woodlands,24
Ang Mo Kio,Woodlands North,34
Ang Mo Kio,Woodlands South,34
Ang Mo Kio,Woodleigh,28
Ang Mo Kio,Yew Tee,39
Ang Mo Kio,Yio Chu Kang,6
Ang Mo Kio,Yishun,13
Ang Mo Kio,one-north,34
Bartley,Admiralty,41
Bartley,Aljunied,20
Bartley,Ang Mo Kio,23
Bartley,Bartley,0
Bartley,Bayfront,30
Bartley,Bayshore,57
Bartley,Beauty World,37
Bartley,Bedok,25
Bartley,Bedok North,20
Bartley,Bedok Reservoir,22
Bartley,Bencoolen,24
Bartley,Bendemeer,20
Bartley,Bishan,13
Bartley,Boon Keng,21
Bartley,Boon Lay,54
Bartley,Botanic Gardens,23
Bartley,Braddell,22
Bartley,Bras Basah,28
Bartley,Bright Hill,30
Bartley,Buangkok,22
Bartley,Bugis,27
Bartley,Bukit Batok,53
Bartley,Bukit Gombak,55
Bartley,Bukit Panjang,46
Bartley,Buona Vista,30
Bartley,Caldecott,18
Bartley,Canberra,35
Bartley,Cashew,44
Bartley,Changi Airport,46
Bartley,Chinatown,28
Bartley,Chinese Garden,48
Bartley,Choa Chu Kang,60
Bartley,City Hall,29
Bartley,Clarke Quay,30
Bartley,Clementi,41
Bartley,Commonwealth,39
Bartley,Dakota,15
Bartley,Dhoby Ghaut,27
Bartley,Dover,39
Bartley,Downtown,31
Bartley,Esplanade,26
Bartley,Eunos,20
Bartley,Expo,33
Bartley,Farrer Park,24
Bartley,Farrer Road,26
Bartley,Fort Canning,25
Bartley,Gardens by the Bay,42
Bartley,Geylang Bahru,18
Bartley,Great World,37
Bartley,Gul Circle,61
Bartley,HarbourFront,36
Bartley,Havelock,38
Bartley,Haw Par Villa,37
Bartley,Hillview,42
Bartley,Holland Village,28
Bartley,Hougang,20
Bartley,Hume,39
Bartley,Jalan Besar,22
Bartley,Joo Koon,58
Bartley,Jurong East,46
Bartley,Kaki Bukit,18
Bartley,Kallang,23
Bartley,Katong Park,48
Bartley,Kembangan,22
Bartley,Kent Ridge,34
Bartley,Khatib,30
Bartley,King Albert Park,35
Bartley,Kovan,18
Bartley,Kranji,50
Bartley,Labrador Park,42
Bartley,Lakeside,50
Bartley,Lavender,25
Bartley,Lentor,35
Bartley,Little India,25
Bartley,Lorong Chuan,10
Bartley,MacPherson,10
Bartley,Marina Bay,33
Bartley,Marina South Pier,39
Bartley,Marine Parade,51
Bartley,Marine Terrace,53
Bartley,Marsiling,47
Bartley,Marymount,16
Bartley,Mattar,16
Bartley,Maxwell,41
Bartley,Mayflower,32
Bartley,Mountbatten,17
Bartley,Napier,31
Bartley,Newton,28
Bartley,Nicoll Highway,21
Bartley,Novena,26
Bartley,Orchard,30
Bartley,Orchard Boulevard,33
Bartley,Outram Park,33
Bartley,Pasir Panjang,39
Bartley,Pasir Ris,37
Bartley,Paya Lebar,12
Bartley,Pioneer,55
Bartley,Potong Pasir,19
Bartley,Promenade,23
Bartley,Punggol,26
Bartley,Punggol Coast,28
Bartley,Queenstown,41
Bartley,Raffles Place,31
Bartley,Redhill,40
Bartley,Rochor,31
Bartley,Sembawang,37
Bartley,Sengkang,24
Bartley,Serangoon,8
Bartley,Shenton Way,41
Bartley,Siglap,55
Bartley,Simei,32
Bartley,Sixth Avenue,33
Bartley,Somerset,32
Bartley,Springleaf,38
Bartley,Stadium,19
Bartley,Stevens,29
Bartley,Tai Seng,8
Bartley,Tampines,26
Bartley,Tampines East,28
Bartley,Tampines West,24
Bartley,Tan Kah Kee,31
Bartley,Tanah Merah,28
Bartley,Tanjong Katong,50
Bartley,Tanjong Pagar,34
Bartley,Tanjong Rhu,46
Bartley,Telok Ayer,29
Bartley,Telok Blangah,44
Bartley,Tiong Bahru,38
Bartley,Toa Payoh,23
Bartley,Tuas Crescent,64
Bartley,Tuas Link,68
Bartley,Tuas West Road,66
Bartley,Ubi,16
Bartley,Upper Changi,32
Bartley,Upper Thomson,28
Bartley,Woodlands,43
Bartley,Woodlands North,47
Bartley,Woodlands South,42
Bartley,Woodleigh,17
Bartley,Yew Tee,58
Bartley,Yio Chu Kang,25
Bartley,Yishun,32
Bartley,one-north,32
Bayfront,Admiralty,49
Bayfront,Aljunied,21
Bayfront,Ang Mo Kio,31
Bayfront,Bartley,30
Bayfront,Bayfront,0
Bayfront,Bayshore,31
Bayfront,Beauty World,24
Bayfront,Bedok,30
Bayfront,Bedok North,27
Bayfront,Bedok Reservoir,29
Bayfront,Bencoolen,12
Bayfront,Bendemeer,16
Bayfront,Bishan,28
Bayfront,Boon Keng,20
Bayfront,Boon Lay,49
Bayfront,Botanic Gardens,17
Bayfront,Braddell,25
Bayfront,Bras Basah,17
Bayfront,Bright Hill,30
Bayfront,Buangkok,34
Bayfront,Bugis,7
Bayfront,Bukit Batok,49
Bayfront,Bukit Gombak,51
Bayfront,Bukit Panjang,34
Bayfront,Buona Vista,32
Bayfront,Caldecott,24
Bayfront,Canberra,43
Bayfront,Cashew,32
Bayfront,Changi Airport,51
Bayfront,Chinatown,8
Bayfront,Chinese Garden,44
Bayfront,Choa Chu Kang,49
Bayfront,City Hall,17
Bayfront,Clarke Quay,15
Bayfront,Clementi,37
Bayfront,Commonwealth,30
Bayfront,Dakota,20
Bayfront,Dhoby Ghaut,17
Bayfront,Dover,34
Bayfront,Downtown,5
Bayfront,Esplanade,15
Bayfront,Eunos,25
Bayfront,Expo,40
Bayfront,Farrer Park,18
Bayfront,Farrer Road,27
Bayfront,Fort Canning,11
Bayfront,Gardens by the Bay,16
Bayfront,Geylang Bahru,18
Bayfront,Great World,22
Bayfront,Gul Circle,57
Bayfront,HarbourFront,18
Bayfront,Havelock,21
Bayfront,Haw Par Villa,34
Bayfront,Hillview,30
Bayfront,Holland Village,29
Bayfront,Hougang,31
Bayfront,Hume,26
Bayfront,Jalan Besar,14
Bayfront,Joo Koon,54
Bayfront,Jurong East,41
Bayfront,Kaki Bukit,25
Bayfront,Kallang,19
Bayfront,Katong Park,22
Bayfront,Kembangan,27
Bayfront,Kent Ridge,36
Bayfront,Khatib,38
Bayfront,King Albert Park,22
Bayfront,Kovan,29
Bayfront,Kranji,58
Bayfront,Labrador Park,30
Bayfront,Lakeside,46
Bayfront,Lavender,17
Bayfront,Lentor,34
Bayfront,Little India,10
Bayfront,Lorong Chuan,35
Bayfront,MacPherson,21
Bayfront,Marina Bay,8
Bayfront,Marina South Pier,17
Bayfront,Marine Parade,25
Bayfront,Marine Terrace,27
Bayfront,Marsiling,55
Bayfront,Marymount,31
Bayfront,Mattar,20
Bayfront,Maxwell,17
Bayfront,Mayflower,32
Bayfront,Mountbatten,18
Bayfront,Napier,22
Bayfront,Newton,12
Bayfront,Nicoll Highway,14
Bayfront,Novena,21
Bayfront,Orchard,22
Bayfront,Orchard Boulevard,24
Bayfront,Outram Park,15
Bayfront,Pasir Panjang,32
Bayfront,Pasir Ris,43
Bayfront,Paya Lebar,23
Bayfront,Pioneer,51
Bayfront,Potong Pasir,22
Bayfront,Promenade,6
Bayfront,Punggol,38
Bayfront,Punggol Coast,40
Bayfront,Queenstown,28
Bayfront,Raffles Place,16
Bayfront,Redhill,26
Bayfront,Rochor,9
Bayfront,Sembawang,46
Bayfront,Sengkang,36
Bayfront,Serangoon,26
Bayfront,Shenton Way,16
Bayfront,Siglap,29
Bayfront,Simei,37
Bayfront,Sixth Avenue,20
Bayfront,Somerset,22
Bayfront,Springleaf,37
Bayfront,Stadium,17
Bayfront,Stevens,15
Bayfront,Tai Seng,28
Bayfront,Tampines,33
Bayfront,Tampines East,35
Bayfront,Tampines West,31
Bayfront,Tan Kah Kee,18
Bayfront,Tanah Merah,33
Bayfront,Tanjong Katong,24
Bayfront,Tanjong Pagar,22
Bayfront,Tanjong Rhu,20
Bayfront,Telok Ayer,7
Bayfront,Telok Blangah,28
Bayfront,Tiong Bahru,24
Bayfront,Toa Payoh,24
Bayfront,Tuas Crescent,59
Bayfront,Tuas Link,64
Bayfront,Tuas West Road,62
Bayfront,Ubi,24
Bayfront,Upper Changi,39
Bayfront,Upper Thomson,27
Bayfront,Woodlands,44
Bayfront,Woodlands North,46
Bayfront,Woodlands South,42
Bayfront,Woodleigh,24
Bayfront,Yew Tee,55
Bayfront,Yio Chu Kang,33
Bayfront,Yishun,40
Bayfront,one-north,34
Bayshore,Admiralty,68
Bayshore,Aljunied,43
Bayshore,Ang Mo Kio,50
Bayshore,Bartley,57
Bayshore,Bayfront,31
Bayshore,Bayshore,0
Bayshore,Beauty World,52
Bayshore,Bedok,52
Bayshore,Bedok North,58
Bayshore,Bedok Reservoir,60
Bayshore,Bencoolen,43
Bayshore,Bendemeer,47
Bayshore,Bishan,47
Bayshore,Boon Keng,44
Bayshore,Boon Lay,60
Bayshore,Botanic Gardens,44
Bayshore,Braddell,45
Bayshore,Bras Basah,42
Bayshore,Bright Hill,47
Bayshore,Buangkok,57
Bayshore,Bugis,37
Bayshore,Bukit Batok,60
Bayshore,Bukit Gombak,62
Bayshore,Bukit Panjang,61
Bayshore,Buona Vista,43
Bayshore,Caldecott,41
Bayshore,Canberra,62
Bayshore,Cashew,59
Bayshore,Changi Airport,73
Bayshore,Chinatown,34
Bayshore,Chinese Garden,54
Bayshore,Choa Chu Kang,66
Bayshore,City Hall,31
Bayshore,Clarke Quay,36
Bayshore,Clementi,48
Bayshore,Commonwealth,41
Bayshore,Dakota,47
Bayshore,Dhoby Ghaut,33
Bayshore,Dover,45
Bayshore,Downtown,37
Bayshore,Esplanade,41
Bayshore,Eunos,48
Bayshore,Expo,68
Bayshore,Farrer Park,42
Bayshore,Farrer Road,55
Bayshore,Fort Canning,41
Bayshore,Gardens by the Bay,19
Bayshore,Geylang Bahru,49
Bayshore,Great World,29
Bayshore,Gul Circle,68
Bayshore,HarbourFront,35
Bayshore,Havelock,28
Bayshore,Haw Par Villa,51
Bayshore,Hillview,57
Bayshore,Holland Village,53
Bayshore,Hougang,55
Bayshore,Hume,54
Bayshore,Jalan Besar,45
Bayshore,Joo Koon,65
Bayshore,Jurong East,52
Bayshore,Kaki Bukit,56
Bayshore,Kallang,41
Bayshore,Katong Park,13
Bayshore,Kembangan,49
Bayshore,Kent Ridge,54
Bayshore,Khatib,57
Bayshore,King Albert Park,50
Bayshore,Kovan,53
Bayshore,Kranji,76
Bayshore,Labrador Park,47
Bayshore,Lakeside,57
Bayshore,Lavender,39
Bayshore,Lentor,52
Bayshore,Little India,40
Bayshore,Lorong Chuan,57
Bayshore,MacPherson,52
Bayshore,Marina Bay,21
Bayshore,Marina South Pier,29
Bayshore,Marine Parade,10
Bayshore,Marine Terrace,8
Bayshore,Marsiling,72
Bayshore,Marymount,52
Bayshore,Mattar,51
Bayshore,Maxwell,24
Bayshore,Mayflower,49
Bayshore,Mountbatten,45
Bayshore,Napier,35
Bayshore,Newton,39
Bayshore,Nicoll Highway,41
Bayshore,Novena,41
Bayshore,Orchard,31
Bayshore,Orchard Boulevard,33
Bayshore,Outram Park,25
Bayshore,Pasir Panjang,49
Bayshore,Pasir Ris,65
Bayshore,Paya Lebar,45
Bayshore,Pioneer,62
Bayshore,Potong Pasir,46
Bayshore,Promenade,34
Bayshore,Punggol,62
Bayshore,Punggol Coast,64
Bayshore,Queenstown,39
Bayshore,Raffles Place,29
Bayshore,Redhill,37
Bayshore,Rochor,41
Bayshore,Sembawang,65
Bayshore,Sengkang,59
Bayshore,Serangoon,50
Bayshore,Shenton Way,22
Bayshore,Siglap,6
Bayshore,Simei,60
Bayshore,Sixth Avenue,48
Bayshore,Somerset,35
Bayshore,Springleaf,55
Bayshore,Stadium,43
Bayshore,Stevens,37
Bayshore,Tai Seng,54
Bayshore,Tampines,62
Bayshore,Tampines East,66
Bayshore,Tampines West,62
Bayshore,Tan Kah Kee,46
Bayshore,Tanah Merah,55
Bayshore,Tanjong Katong,11
Bayshore,Tanjong Pagar,34
Bayshore,Tanjong Rhu,15
Bayshore,Telok Ayer,39
Bayshore,Telok Blangah,45
Bayshore,Tiong Bahru,35
Bayshore,Toa Payoh,43
Bayshore,Tuas Crescent,70
Bayshore,Tuas Link,74
Bayshore,Tuas West Road,72
Bayshore,Ubi,54
Bayshore,Upper Changi,69
Bayshore,Upper Thomson,45
Bayshore,Woodlands,61
Bayshore,Woodlands North,64
Bayshore,Woodlands South,59
Bayshore,Woodleigh,48
Bayshore,Yew Tee,68
Bayshore,Yio Chu Kang,52
Bayshore,Yishun,60
Bayshore,one-north,53
Beauty World,Admiralty,52
Beauty World,Aljunied,34
Beauty World,Ang Mo Kio,34
Beauty World,Bartley,37
Beauty World,Bayfront,24
Beauty World,Bayshore,52
Beauty World,Beauty World,0
Beauty World,Bedok,43
Beauty World,Bedok North,48
Beauty World,Bedok Reservoir,50
Beauty World,Bencoolen,33
Beauty World,Bendemeer,37
Beauty World,Bishan,29
Beauty World,Boon Keng,28
Beauty World,Boon Lay,50
Beauty World,Botanic Gardens,11
Beauty World,Braddell,28
Beauty World,Bras Basah,33
Beauty World,Bright Hill,28
Beauty World,Buangkok,41
Beauty World,Bugis,21
Beauty World,Bukit Batok,38
Beauty World,Bukit Gombak,36
Beauty World,Bukit Panjang,12
Beauty World,Buona Vista,26
Beauty World,Caldecott,22
Beauty World,Canberra,46
Beauty World,Cashew,10
Beauty World,Changi Airport,64
Beauty World,Chinatown,29
Beauty World,Chinese Garden,44
Beauty World,Choa Chu Kang,28
Beauty World,City Hall,30
Beauty World,Clarke Quay,28
Beauty World,Clementi,38
Beauty World,Commonwealth,35
Beauty World,Dakota,37
Beauty World,Dhoby Ghaut,26
Beauty World,Dover,35
Beauty World,Downtown,26
Beauty World,Esplanade,31
Beauty World,Eunos,38
Beauty World,Expo,59
Beauty World,Farrer Park,25
Beauty World,Farrer Road,22
Beauty World,Fort Canning,32
Beauty World,Gardens by the Bay,37
Beauty World,Geylang Bahru,39
Beauty World,Great World,26
Beauty World,Gul Circle,58
Beauty World,HarbourFront,35
Beauty World,Havelock,28
Beauty World,Haw Par Villa,33
Beauty World,Hillview,9
Beauty World,Holland Village,24
Beauty World,Hougang,39
Beauty World,Hume,6
Beauty World,Jalan Besar,35
Beauty World,Joo Koon,55
Beauty World,Jurong East,42
Beauty World,Kaki Bukit,46
Beauty World,Kallang,32
Beauty World,Katong Park,43
Beauty World,Kembangan,40
Beauty World,Kent Ridge,30
Beauty World,Khatib,41
Beauty World,King Albert Park,6
Beauty World,Kovan,36
Beauty World,Kranji,42
Beauty World,Labrador Park,38
Beauty World,Lakeside,46
Beauty World,Lavender,30
Beauty World,Lentor,33
Beauty World,Little India,18
Beauty World,Lorong Chuan,32
Beauty World,MacPherson,42
Beauty World,Marina Bay,33
Beauty World,Marina South Pier,36
Beauty World,Marine Parade,46
Beauty World,Marine Terrace,48
Beauty World,Marsiling,45
Beauty World,Marymount,26
Beauty World,Mattar,41
Beauty World,Maxwell,31
Beauty World,Mayflower,30
Beauty World,Mountbatten,35
Beauty World,Napier,21
Beauty World,Newton,15
Beauty World,Nicoll Highway,31
Beauty World,Novena,24
Beauty World,Orchard,24
Beauty World,Orchard Boulevard,22
Beauty World,Outram Park,30
Beauty World,Pasir Panjang,35
Beauty World,Pasir Ris,56
Beauty World,Paya Lebar,36
Beauty World,Pioneer,51
Beauty World,Potong Pasir,30
Beauty World,Promenade,22
Beauty World,Punggol,46
Beauty World,Punggol Coast,48
Beauty World,Queenstown,37
Beauty World,Raffles Place,32
Beauty World,Redhill,39
Beauty World,Rochor,19
Beauty World,Sembawang,49
Beauty World,Sengkang,43
Beauty World,Serangoon,34
Beauty World,Shenton Way,33
Beauty World,Siglap,50
Beauty World,Simei,50
Beauty World,Sixth Avenue,8
Beauty World,Somerset,26
Beauty World,Springleaf,36
Beauty World,Stadium,33
Beauty World,Stevens,13
Beauty World,Tai Seng,40
Beauty World,Tampines,53
Beauty World,Tampines East,56
Beauty World,Tampines West,52
Beauty World,Tan Kah Kee,10
Beauty World,Tanah Merah,46
Beauty World,Tanjong Katong,45
Beauty World,Tanjong Pagar,35
Beauty World,Tanjong Rhu,41
Beauty World,Telok Ayer,28
Beauty World,Telok Blangah,40
Beauty World,Tiong Bahru,39
Beauty World,Toa Payoh,26
Beauty World,Tuas Crescent,60
Beauty World,Tuas Link,64
Beauty World,Tuas West Road,62
Beauty World,Ubi,45
Beauty World,Upper Changi,60
Beauty World,Upper Thomson,26
Beauty World,Woodlands,42
Beauty World,Woodlands North,45
Beauty World,Woodlands South,40
Beauty World,Woodleigh,32
Beauty World,Yew Tee,34
Beauty World,Yio Chu Kang,36
Beauty World,Yishun,43
Beauty World,one-north,29
Bedok,Admiralty,61
Bedok,Aljunied,12
Bedok,Ang Mo Kio,43
Bedok,Bartley,25
Bedok,Bayfront,30
Bedok,Bayshore,52
Bedok,Beauty World,43
Bedok,Bedok,0
Bedok,Bedok North,28
Bedok,Bedok Reservoir,26
Bedok,Bencoolen,34
Bedok,Bendemeer,30
Bedok,Bishan,33
Bedok,Boon Keng,39
Bedok,Boon Lay,56
Bedok,Botanic Gardens,35
Bedok,Braddell,38
Bedok,Bras Basah,33
Bedok,Bright Hill,49
Bedok,Buangkok,42
Bedok,Bugis,18
Bedok,Bukit Batok,55
Bedok,Bukit Gombak,57
Bedok,Bukit Panjang,52
Bedok,Buona Vista,39
Bedok,Caldecott,38
Bedok,Canberra,55
Bedok,Cashew,50
Bedok,Changi Airport,24
Bedok,Chinatown,35
Bedok,Chinese Garden,50
Bedok,Choa Chu Kang,61
Bedok,City Hall,21
Bedok,Clarke Quay,37
Bedok,Clementi,43
Bedok,Commonwealth,37
Bedok,Dakota,20
Bedok,Dhoby Ghaut,27
Bedok,Dover,41
Bedok,Downtown,32
Bedok,Esplanade,31
Bedok,Eunos,8
Bedok,Expo,19
Bedok,Farrer Park,37
Bedok,Farrer Road,46
Bedok,Fort Canning,36
Bedok,Gardens by the Bay,37
Bedok,Geylang Bahru,28
Bedok,Great World,37
Bedok,Gul Circle,63
Bedok,HarbourFront,37
Bedok,Havelock,36
Bedok,Haw Par Villa,53
Bedok,Hillview,49
Bedok,Holland Village,48
Bedok,Hougang,40
Bedok,Hume,45
Bedok,Jalan Besar,32
Bedok,Joo Koon,60
Bedok,Jurong East,47
Bedok,Kaki Bukit,28
Bedok,Kallang,14
Bedok,Katong Park,43
Bedok,Kembangan,6
Bedok,Kent Ridge,51
Bedok,Khatib,50
Bedok,King Albert Park,41
Bedok,Kovan,38
Bedok,Kranji,70
Bedok,Labrador Park,48
Bedok,Lakeside,52
Bedok,Lavender,16
Bedok,Lentor,53
Bedok,Little India,29
Bedok,Lorong Chuan,30
Bedok,MacPherson,20
Bedok,Marina Bay,29
Bedok,Marina South Pier,31
Bedok,Marine Parade,46
Bedok,Marine Terrace,48
Bedok,Marsiling,67
Bedok,Marymount,36
Bedok,Mattar,26
Bedok,Maxwell,36
Bedok,Mayflower,51
Bedok,Mountbatten,22
Bedok,Napier,40
Bedok,Newton,31
Bedok,Nicoll Highway,26
Bedok,Novena,34
Bedok,Orchard,30
Bedok,Orchard Boulevard,38
Bedok,Outram Park,28
Bedok,Pasir Panjang,51
Bedok,Pasir Ris,16
Bedok,Paya Lebar,10
Bedok,Pioneer,57
Bedok,Potong Pasir,39
Bedok,Promenade,28
Bedok,Punggol,46
Bedok,Punggol Coast,48
Bedok,Queenstown,35
Bedok,Raffles Place,23
Bedok,Redhill,32
Bedok,Rochor,28
Bedok,Sembawang,57
Bedok,Sengkang,44
Bedok,Serangoon,28
Bedok,Shenton Way,36
Bedok,Siglap,50
Bedok,Simei,10
Bedok,Sixth Avenue,39
Bedok,Somerset,28
Bedok,Springleaf,56
Bedok,Stadium,24
Bedok,Stevens,34
Bedok,Tai Seng,22
Bedok,Tampines,13
Bedok,Tampines East,23
Bedok,Tampines West,23
Bedok,Tan Kah Kee,37
Bedok,Tanah Merah,6
Bedok,Tanjong Katong,45
Bedok,Tanjong Pagar,25
Bedok,Tanjong Rhu,41
Bedok,Telok Ayer,33
Bedok,Telok Blangah,47
Bedok,Tiong Bahru,30
Bedok,Toa Payoh,37
Bedok,Tuas Crescent,66
Bedok,Tuas Link,70
Bedok,Tuas West Road,68
Bedok,Ubi,27
Bedok,Upper Changi,26
Bedok,Upper Thomson,46
Bedok,Woodlands,63
Bedok,Woodlands North,65
Bedok,Woodlands South,60
Bedok,Woodleigh,37
Bedok,Yew Tee,64
Bedok,Yio Chu Kang,45
Bedok,Yishun,52
Bedok,one-north,49
Bedok North,Admiralty,55
Bedok North,Aljunied,25
Bedok North,Ang Mo Kio,37
Bedok North,Bartley,20
Bedok North,Bayfront,27
Bedok North,Bayshore,58
Bedok North,Beauty World,48
Bedok North,Bedok,28
Bedok North,Bedok North,0
Bedok North,Bedok Reservoir,5
Bedok North,Bencoolen,18
Bedok North,Bendemeer,14
Bedok North,Bishan,28
Bedok North,Boon Keng,36
Bedok North,Boon Lay,63
Bedok North,Botanic Gardens,38
Bedok North,Braddell,36
Bedok North,Bras Basah,33
Bedok North,Bright Hill,45
Bedok North,Buangkok,37
Bedok North,Bugis,31
Bedok North,Bukit Batok,63
Bedok North,Bukit Gombak,65
Bedok North,Bukit Panjang,57
Bedok North,Buona Vista,45
Bedok North,Caldecott,33
Bedok North,Canberra,50
Bedok North,Cashew,55
Bedok North,Changi Airport,33
Bedok North,Chinatown,22
Bedok North,Chinese Garden,58
Bedok North,Choa Chu Kang,69
Bedok North,City Hall,34
Bedok North,Clarke Quay,29
Bedok North,Clementi,51
Bedok North,Commonwealth,44
Bedok North,Dakota,20
Bedok North,Dhoby Ghaut,31
Bedok North,Dover,48
Bedok North,Downtown,25
Bedok North,Esplanade,31
Bedok North,Eunos,25
Bedok North,Expo,17
Bedok North,Farrer Park,35
Bedok North,Farrer Road,40
Bedok North,Fort Canning,20
Bedok North,Gardens by the Bay,43
Bedok North,Geylang Bahru,12
Bedok North,Great World,39
Bedok North,Gul Circle,71
Bedok North,HarbourFront,32
Bedok North,Havelock,37
Bedok North,Haw Par Villa,48
Bedok North,Hillview,53
Bedok North,Holland Village,43
Bedok North,Hougang,35
Bedok North,Hume,50
Bedok North,Jalan Besar,16
Bedok North,Joo Koon,68
Bedok North,Jurong East,55
Bedok North,Kaki Bukit,5
Bedok North,Kallang,28
Bedok North,Katong Park,49
Bedok North,Kembangan,27
Bedok North,Kent Ridge,49
Bedok North,Khatib,45
Bedok North,King Albert Park,46
Bedok North,Kovan,32
Bedok North,Kranji,65
Bedok North,Labrador Park,44
Bedok North,Lakeside,60
Bedok North,Lavender,30
Bedok North,Lentor,50
Bedok North,Little India,33
Bedok North,Lorong Chuan,25
Bedok North,MacPherson,9
Bedok North,Marina Bay,35
Bedok North,Marina South Pier,44
Bedok North,Marine Parade,52
Bedok North,Marine Terrace,54
Bedok North,Marsiling,62
Bedok North,Marymount,31
Bedok North,Mattar,10
Bedok North,Maxwell,37
Bedok North,Mayflower,47
Bedok North,Mountbatten,22
Bedok North,Napier,44
Bedok North,Newton,36
Bedok North,Nicoll Highway,26
Bedok North,Novena,40
Bedok North,Orchard,40
Bedok North,Orchard Boulevard,43
Bedok North,Outram Park,29
Bedok North,Pasir Panjang,46
Bedok North,Pasir Ris,21
Bedok North,Paya Lebar,17
Bedok North,Pioneer,65
Bedok North,Potong Pasir,34
Bedok North,Promenade,28
Bedok North,Punggol,41
Bedok North,Punggol Coast,43
Bedok North,Queenstown,42
Bedok North,Raffles Place,36
Bedok North,Redhill,40
Bedok North,Rochor,32
Bedok North,Sembawang,52
Bedok North,Sengkang,39
Bedok North,Serangoon,23
Bedok North,Shenton Way,38
Bedok North,Siglap,56
Bedok North,Simei,20
Bedok North,Sixth Avenue,44
Bedok North,Somerset,40
Bedok North,Springleaf,53
Bedok North,Stadium,24
Bedok North,Stevens,38
Bedok North,Tai Seng,17
Bedok North,Tampines,10
Bedok North,Tampines East,12
Bedok North,Tampines West,8
Bedok North,Tan Kah Kee,42
Bedok North,Tanah Merah,25
Bedok North,Tanjong Katong,51
Bedok North,Tanjong Pagar,37
Bedok North,Tanjong Rhu,47
Bedok North,Telok Ayer,24
Bedok North,Telok Blangah,42
Bedok North,Tiong Bahru,38
Bedok North,Toa Payoh,38
Bedok North,Tuas Crescent,73
Bedok North,Tuas Link,78
Bedok North,Tuas West Road,76
Bedok North,Ubi,7
Bedok North,Upper Changi,15
Bedok North,Upper Thomson,43
Bedok North,Woodlands,58
Bedok North,Woodlands North,62
Bedok North,Woodlands South,57
Bedok North,Woodleigh,32
Bedok North,Yew Tee,71
Bedok North,Yio Chu Kang,40
Bedok North,Yishun,47
Bedok North,one-north,47
Bedok Reservoir,Admiralty,57
Bedok Reservoir,Aljunied,27
Bedok Reservoir,Ang Mo Kio,39
Bedok Reservoir,Bartley,22
Bedok Reservoir,Bayfront,29
Bedok Reservoir,Bayshore,60
Bedok Reservoir,Beauty World,50
Bedok Reservoir,Bedok,26
Bedok Reservoir,Bedok North,5
Bedok Reservoir,Bedok Reservoir,0
Bedok Reservoir,Bencoolen,20
Bedok Reservoir,Bendemeer,16
Bedok Reservoir,Bishan,30
Bedok Reservoir,Boon Keng,38
Bedok Reservoir,Boon Lay,65
Bedok Reservoir,Botanic Gardens,39
Bedok Reservoir,Braddell,38
Bedok Reservoir,Bras Basah,35
Bedok Reservoir,Bright Hill,47
Bedok Reservoir,Buangkok,39
Bedok Reservoir,Bugis,33
Bedok Reservoir,Bukit Batok,65
Bedok Reservoir,Bukit Gombak,67
Bedok Reservoir,Bukit Panjang,59
Bedok Reservoir,Buona Vista,47
Bedok Reservoir,Caldecott,35
Bedok Reservoir,Canberra,52
Bedok Reservoir,Cashew,57
Bedok Reservoir,Changi Airport,31
Bedok Reservoir,Chinatown,24
Bedok Reservoir,Chinese Garden,59
Bedok Reservoir,Choa Chu Kang,71
Bedok Reservoir,City Hall,36
Bedok Reservoir,Clarke Quay,31
Bedok Reservoir,Clementi,53
Bedok Reservoir,Commonwealth,46
Bedok Reservoir,Dakota,22
Bedok Reservoir,Dhoby Ghaut,33
Bedok Reservoir,Dover,50
Bedok Reservoir,Downtown,27
Bedok Reservoir,Esplanade,33
Bedok Reservoir,Eunos,27
Bedok Reservoir,Expo,15
Bedok Reservoir,Farrer Park,37
Bedok Reservoir,Farrer Road,42
Bedok Reservoir,Fort Canning,22
Bedok Reservoir,Gardens by the Bay,45
Bedok Reservoir,Geylang Bahru,14
Bedok Reservoir,Great World,41
Bedok Reservoir,Gul Circle,73
Bedok Reservoir,HarbourFront,34
Bedok Reservoir,Havelock,39
Bedok Reservoir,Haw Par Villa,50
Bedok Reservoir,Hillview,55
Bedok Reservoir,Holland Village,45
Bedok Reservoir,Hougang,36
Bedok Reservoir,Hume,52
Bedok Reservoir,Jalan Besar,18
Bedok Reservoir,Joo Koon,70
Bedok Reservoir,Jurong East,57
Bedok Reservoir,Kaki Bukit,7
Bedok Reservoir,Kallang,30
Bedok Reservoir,Katong Park,51
Bedok Reservoir,Kembangan,28
Bedok Reservoir,Kent Ridge,51
Bedok Reservoir,Khatib,47
Bedok Reservoir,King Albert Park,48
Bedok Reservoir,Kovan,34
Bedok Reservoir,Kranji,67
Bedok Reservoir,Labrador Park,45
Bedok Reservoir,Lakeside,62
Bedok Reservoir,Lavender,32
Bedok Reservoir,Lentor,52
Bedok Reservoir,Little India,35
Bedok Reservoir,Lorong Chuan,27
Bedok Reservoir,MacPherson,10
Bedok Reservoir,Marina Bay,37
Bedok Reservoir,Marina South Pier,46
Bedok Reservoir,Marine Parade,54
Bedok Reservoir,Marine Terrace,56
Bedok Reservoir,Marsiling,64
Bedok Reservoir,Marymount,33
Bedok Reservoir,Mattar,12
Bedok Reservoir,Maxwell,39
Bedok Reservoir,Mayflower,49
Bedok Reservoir,Mountbatten,24
Bedok Reservoir,Napier,46
Bedok Reservoir,Newton,38
Bedok Reservoir,Nicoll Highway,28
Bedok Reservoir,Novena,42
Bedok Reservoir,Orchard,42
Bedok Reservoir,Orchard Boulevard,45
Bedok Reservoir,Outram Park,31
Bedok Reservoir,Pasir Panjang,48
Bedok Reservoir,Pasir Ris,19
Bedok Reservoir,Paya Lebar,19
Bedok Reservoir,Pioneer,67
Bedok Reservoir,Potong Pasir,36
Bedok Reservoir,Promenade,30
Bedok Reservoir,Punggol,43
Bedok Reservoir,Punggol Coast,45
Bedok Reservoir,Queenstown,44
Bedok Reservoir,Raffles Place,38
Bedok Reservoir,Redhill,42
Bedok Reservoir,Rochor,34
Bedok Reservoir,Sembawang,54
Bedok Reservoir,Sengkang,41
Bedok Reservoir,Serangoon,24
Bedok Reservoir,Shenton Way,40
Bedok Reservoir,Siglap,58
Bedok Reservoir,Simei,18
Bedok Reservoir,Sixth Avenue,46
Bedok Reservoir,Somerset,42
Bedok Reservoir,Springleaf,54
Bedok Reservoir,Stadium,26
Bedok Reservoir,Stevens,40
Bedok Reservoir,Tai Seng,19
Bedok Reservoir,Tampines,8
Bedok Reservoir,Tampines East,10
Bedok Reservoir,Tampines West,6
Bedok Reservoir,Tan Kah Kee,44
Bedok Reservoir,Tanah Merah,23
Bedok Reservoir,Tanjong Katong,53
Bedok Reservoir,Tanjong Pagar,39
Bedok Reservoir,Tanjong Rhu,49
Bedok Reservoir,Telok Ayer,26
Bedok Reservoir,Telok Blangah,44
Bedok Reservoir,Tiong Bahru,40
Bedok Reservoir,Toa Payoh,40
Bedok Reservoir,Tuas Crescent,75
Bedok Reservoir,Tuas Link,80
Bedok Reservoir,Tuas West Road,77
Bedok Reservoir,Ubi,9
Bedok Reservoir,Upper Changi,13
Bedok Reservoir,Upper Thomson,45
Bedok Reservoir,Woodlands,60
Bedok Reservoir,Woodlands North,64
Bedok Reservoir,Woodlands South,59
Bedok Reservoir,Woodleigh,34
Bedok Reservoir,Yew Tee,73
Bedok Reservoir,Yio Chu Kang,42
Bedok Reservoir,Yishun,49
Bedok Reservoir,one-north,49
Bencoolen,Admiralty,58
Bencoolen,Aljunied,29
Bencoolen,Ang Mo Kio,39
Bencoolen,Bartley,24
Bencoolen,Bayfront,12
Bencoolen,Bayshore,43
Bencoolen,Beauty World,33
Bencoolen,Bedok,34
Bencoolen,Bedok North,18
Bencoolen,Bedok Reservoir,20
Bencoolen,Bencoolen,0
Bencoolen,Bendemeer,8
Bencoolen,Bishan,32
Bencoolen,Boon Keng,22
Bencoolen,Boon Lay,48
Bencoolen,Botanic Gardens,25
Bencoolen,Braddell,34
Bencoolen,Bras Basah,25
Bencoolen,Bright Hill,39
Bencoolen,Buangkok,36
Bencoolen,Bugis,16
Bencoolen,Bukit Batok,48
Bencoolen,Bukit Gombak,50
Bencoolen,Bukit Panjang,42
Bencoolen,Buona Vista,32
Bencoolen,Caldecott,32
Bencoolen,Canberra,52
Bencoolen,Cashew,40
Bencoolen,Changi Airport,48
Bencoolen,Chinatown,8
Bencoolen,Chinese Garden,43
Bencoolen,Choa Chu Kang,54
Bencoolen,City Hall,26
Bencoolen,Clarke Quay,14
Bencoolen,Clementi,36
Bencoolen,Commonwealth,30
Bencoolen,Dakota,24
Bencoolen,Dhoby Ghaut,16
Bencoolen,Dover,34
Bencoolen,Downtown,10
Bencoolen,Esplanade,23
Bencoolen,Eunos,29
Bencoolen,Expo,31
Bencoolen,Farrer Park,20
Bencoolen,Farrer Road,36
Bencoolen,Fort Canning,5
Bencoolen,Gardens by the Bay,28
Bencoolen,Geylang Bahru,9
Bencoolen,Great World,24
Bencoolen,Gul Circle,56
Bencoolen,HarbourFront,18
Bencoolen,Havelock,23
Bencoolen,Haw Par Villa,34
Bencoolen,Hillview,39
Bencoolen,Holland Village,38
Bencoolen,Hougang,34
Bencoolen,Hume,35
Bencoolen,Jalan Besar,5
Bencoolen,Joo Koon,53
Bencoolen,Jurong East,40
Bencoolen,Kaki Bukit,17
Bencoolen,Kallang,28
Bencoolen,Katong Park,34
Bencoolen,Kembangan,31
Bencoolen,Kent Ridge,36
Bencoolen,Khatib,47
Bencoolen,King Albert Park,31
Bencoolen,Kovan,31
Bencoolen,Kranji,64
Bencoolen,Labrador Park,29
Bencoolen,Lakeside,45
Bencoolen,Lavender,26
Bencoolen,Lentor,43
Bencoolen,Little India,18
Bencoolen,Lorong Chuan,29
Bencoolen,MacPherson,13
Bencoolen,Marina Bay,20
Bencoolen,Marina South Pier,29
Bencoolen,Marine Parade,37
Bencoolen,Marine Terrace,39
Bencoolen,Marsiling,64
Bencoolen,Marymount,35
Bencoolen,Mattar,11
Bencoolen,Maxwell,22
Bencoolen,Mayflower,41
Bencoolen,Mountbatten,26
Bencoolen,Napier,30
Bencoolen,Newton,21
Bencoolen,Nicoll Highway,23
Bencoolen,Novena,30
Bencoolen,Orchard,26
Bencoolen,Orchard Boulevard,28
Bencoolen,Outram Park,14
Bencoolen,Pasir Panjang,31
Bencoolen,Pasir Ris,35
Bencoolen,Paya Lebar,21
Bencoolen,Pioneer,50
Bencoolen,Potong Pasir,25
Bencoolen,Promenade,14
Bencoolen,Punggol,40
Bencoolen,Punggol Coast,42
Bencoolen,Queenstown,28
Bencoolen,Raffles Place,25
Bencoolen,Redhill,25
Bencoolen,Rochor,18
Bencoolen,Sembawang,54
Bencoolen,Sengkang,38
Bencoolen,Serangoon,27
Bencoolen,Shenton Way,24
Bencoolen,Siglap,41
Bencoolen,Simei,35
Bencoolen,Sixth Avenue,29
Bencoolen,Somerset,25
Bencoolen,Springleaf,46
Bencoolen,Stadium,25
Bencoolen,Stevens,24
Bencoolen,Tai Seng,21
Bencoolen,Tampines,24
Bencoolen,Tampines East,27
Bencoolen,Tampines West,22
Bencoolen,Tan Kah Kee,27
Bencoolen,Tanah Merah,37
Bencoolen,Tanjong Katong,36
Bencoolen,Tanjong Pagar,23
Bencoolen,Tanjong Rhu,32
Bencoolen,Telok Ayer,9
Bencoolen,Telok Blangah,27
Bencoolen,Tiong Bahru,23
Bencoolen,Toa Payoh,32
Bencoolen,Tuas Crescent,59
Bencoolen,Tuas Link,63
Bencoolen,Tuas West Road,61
Bencoolen,Ubi,15
Bencoolen,Upper Changi,30
Bencoolen,Upper Thomson,36
Bencoolen,Woodlands,53
Bencoolen,Woodlands North,55
Bencoolen,Woodlands South,50
Bencoolen,Woodleigh,27
Bencoolen,Yew Tee,57
Bencoolen,Yio Chu Kang,42
Bencoolen,Yishun,49
Bencoolen,one-north,38
Bendemeer,Admiralty,55
Bendemeer,Aljunied,25
Bendemeer,Ang Mo Kio,37
Bendemeer,Bartley,20
Bendemeer,Bayfront,16
Bendemeer,Bayshore,47
Bendemeer,Beauty World,37
Bendemeer,Bedok,30
Bendemeer,Bedok North,14
Bendemeer,Bedok Reservoir,16
Bendemeer,Bencoolen,8
Bendemeer,Bendemeer,0
Bendemeer,Bishan,28
Bendemeer,Boon Keng,26
Bendemeer,Boon Lay,52
Bendemeer,Botanic Gardens,29
Bendemeer,Braddell,36
Bendemeer,Bras Basah,29
Bendemeer,Bright Hill,43
Bendemeer,Buangkok,37
Bendemeer,Bugis,20
Bendemeer,Bukit Batok,52
Bendemeer,Bukit Gombak,54
Bendemeer,Bukit Panjang,46
Bendemeer,Buona Vista,36
Bendemeer,Caldecott,33
Bendemeer,Canberra,50
Bendemeer,Cashew,44
Bendemeer,Changi Airport,44
Bendemeer,Chinatown,12
Bendemeer,Chinese Garden,47
Bendemeer,Choa Chu Kang,58
Bendemeer,City Hall,30
Bendemeer,Clarke Quay,18
Bendemeer,Clementi,40
Bendemeer,Commonwealth,34
Bendemeer,Dakota,20
Bendemeer,Dhoby Ghaut,20
Bendemeer,Dover,38
Bendemeer,Downtown,14
Bendemeer,Esplanade,27
Bendemeer,Eunos,25
Bendemeer,Expo,27
Bendemeer,Farrer Park,24
Bendemeer,Farrer Road,40
Bendemeer,Fort Canning,9
Bendemeer,Gardens by the Bay,32
Bendemeer,Geylang Bahru,5
Bendemeer,Great World,28
Bendemeer,Gul Circle,60
Bendemeer,HarbourFront,22
Bendemeer,Havelock,27
Bendemeer,Haw Par Villa,38
Bendemeer,Hillview,43
Bendemeer,Holland Village,42
Bendemeer,Hougang,35
Bendemeer,Hume,39
Bendemeer,Jalan Besar,6
Bendemeer,Joo Koon,57
Bendemeer,Jurong East,44
Bendemeer,Kaki Bukit,13
Bendemeer,Kallang,28
Bendemeer,Katong Park,38
Bendemeer,Kembangan,27
Bendemeer,Kent Ridge,40
Bendemeer,Khatib,45
Bendemeer,King Albert Park,35
Bendemeer,Kovan,32
Bendemeer,Kranji,65
Bendemeer,Labrador Park,33
Bendemeer,Lakeside,49
Bendemeer,Lavender,30
Bendemeer,Lentor,47
Bendemeer,Little India,22
Bendemeer,Lorong Chuan,25
Bendemeer,MacPherson,9
Bendemeer,Marina Bay,24
Bendemeer,Marina South Pier,33
Bendemeer,Marine Parade,41
Bendemeer,Marine Terrace,43
Bendemeer,Marsiling,62
Bendemeer,Marymount,31
Bendemeer,Mattar,7
Bendemeer,Maxwell,26
Bendemeer,Mayflower,45
Bendemeer,Mountbatten,22
Bendemeer,Napier,34
Bendemeer,Newton,25
Bendemeer,Nicoll Highway,26
Bendemeer,Novena,34
Bendemeer,Orchard,30
Bendemeer,Orchard Boulevard,32
Bendemeer,Outram Park,18
Bendemeer,Pasir Panjang,35
Bendemeer,Pasir Ris,31
Bendemeer,Paya Lebar,17
Bendemeer,Pioneer,54
Bendemeer,Potong Pasir,29
Bendemeer,Promenade,18
Bendemeer,Punggol,41
Bendemeer,Punggol Coast,43
Bendemeer,Queenstown,32
Bendemeer,Raffles Place,29
Bendemeer,Redhill,29
Bendemeer,Rochor,22
Bendemeer,Sembawang,52
Bendemeer,Sengkang,39
Bendemeer,Serangoon,23
Bendemeer,Shenton Way,28
Bendemeer,Siglap,45
Bendemeer,Simei,31
Bendemeer,Sixth Avenue,33
Bendemeer,Somerset,29
Bendemeer,Springleaf,50
Bendemeer,Stadium,24
Bendemeer,Stevens,28
Bendemeer,Tai Seng,17
Bendemeer,Tampines,20
Bendemeer,Tampines East,23
Bendemeer,Tampines West,18
Bendemeer,Tan Kah Kee,31
Bendemeer,Tanah Merah,33
Bendemeer,Tanjong Katong,40
Bendemeer,Tanjong Pagar,27
Bendemeer,Tanjong Rhu,36
Bendemeer,Telok Ayer,13
Bendemeer,Telok Blangah,31
Bendemeer,Tiong Bahru,27
Bendemeer,Toa Payoh,36
Bendemeer,Tuas Crescent,63
Bendemeer,Tuas Link,67
Bendemeer,Tuas West Road,65
Bendemeer,Ubi,11
Bendemeer,Upper Changi,26
Bendemeer,Upper Thomson,40
Bendemeer,Woodlands,57
Bendemeer,Woodlands North,59
Bendemeer,Woodlands South,54
Bendemeer,Woodleigh,31
Bendemeer,Yew Tee,61
Bendemeer,Yio Chu Kang,40
Bendemeer,Yishun,47
Bendemeer,one-north,42
Bishan,Admiralty,24
Bishan,Aljunied,28
Bishan,Ang Mo Kio,6
Bishan,Bartley,13
Bishan,Bayfront,28
Bishan,Bayshore,47
Bishan,Beauty World,29
Bishan,Bedok,33
Bishan,Bedok North,28
Bishan,Bedok Reservoir,30
Bishan,Bencoolen,32
Bishan,Bendemeer,28
Bishan,Bishan,0
Bishan,Boon Keng,23
Bishan,Boon Lay,45
Bishan,Botanic Gardens,14
Bishan,Braddell,5
Bishan,Bras Basah,26
Bishan,Bright Hill,22
Bishan,Buangkok,24
Bishan,Bugis,24
Bishan,Bukit Batok,45
Bishan,Bukit Gombak,47
Bishan,Bukit Panjang,38
Bishan,Buona Vista,22
Bishan,Caldecott,10
Bishan,Canberra,19
Bishan,Cashew,36
Bishan,Changi Airport,54
Bishan,Chinatown,29
Bishan,Chinese Garden,40
Bishan,Choa Chu Kang,44
Bishan,City Hall,19
Bishan,Clarke Quay,27
Bishan,Clementi,33
Bishan,Commonwealth,30
Bishan,Dakota,23
Bishan,Dhoby Ghaut,17
Bishan,Dover,31
Bishan,Downtown,29
Bishan,Esplanade,28
Bishan,Eunos,28
Bishan,Expo,41
Bishan,Farrer Park,25
Bishan,Farrer Road,17
Bishan,Fort Canning,33
Bishan,Gardens by the Bay,32
Bishan,Geylang Bahru,26
Bishan,Great World,22
Bishan,Gul Circle,53
Bishan,HarbourFront,34
Bishan,Havelock,23
Bishan,Haw Par Villa,29
Bishan,Hillview,34
Bishan,Holland Village,20
Bishan,Hougang,22
Bishan,Hume,31
Bishan,Jalan Besar,30
Bishan,Joo Koon,50
Bishan,Jurong East,37
Bishan,Kaki Bukit,26
Bishan,Kallang,29
Bishan,Katong Park,38
Bishan,Kembangan,30
Bishan,Kent Ridge,26
Bishan,Khatib,14
Bishan,King Albert Park,27
Bishan,Kovan,19
Bishan,Kranji,34
Bishan,Labrador Park,33
Bishan,Lakeside,42
Bishan,Lavender,27
Bishan,Lentor,27
Bishan,Little India,21
Bishan,Lorong Chuan,8
Bishan,MacPherson,17
Bishan,Marina Bay,23
Bishan,Marina South Pier,26
Bishan,Marine Parade,41
Bishan,Marine Terrace,43
Bishan,Marsiling,31
Bishan,Marymount,8
Bishan,Mattar,24
Bishan,Maxwell,27
Bishan,Mayflower,24
Bishan,Mountbatten,25
Bishan,Napier,23
Bishan,Newton,11
Bishan,Nicoll Highway,29
Bishan,Novena,9
Bishan,Orchard,14
Bishan,Orchard Boulevard,22
Bishan,Outram Park,25
Bishan,Pasir Panjang,31
Bishan,Pasir Ris,45
Bishan,Paya Lebar,20
Bishan,Pioneer,47
Bishan,Potong Pasir,21
Bishan,Promenade,25
Bishan,Punggol,28
Bishan,Punggol Coast,30
Bishan,Queenstown,32
Bishan,Raffles Place,21
Bishan,Redhill,34
Bishan,Rochor,22
Bishan,Sembawang,21
Bishan,Sengkang,26
Bishan,Serangoon,10
Bishan,Shenton Way,28
Bishan,Siglap,45
Bishan,Simei,40
Bishan,Sixth Avenue,25
Bishan,Somerset,15
Bishan,Springleaf,29
Bishan,Stadium,26
Bishan,Stevens,20
Bishan,Tai Seng,15
Bishan,Tampines,34
Bishan,Tampines East,36
Bishan,Tampines West,32
Bishan,Tan Kah Kee,23
Bishan,Tanah Merah,36
Bishan,Tanjong Katong,40
Bishan,Tanjong Pagar,27
Bishan,Tanjong Rhu,36
Bishan,Telok Ayer,31
Bishan,Telok Blangah,35
Bishan,Tiong Bahru,32
Bishan,Toa Payoh,7
Bishan,Tuas Crescent,56
Bishan,Tuas Link,60
Bishan,Tuas West Road,58
Bishan,Ubi,24
Bishan,Upper Changi,39
Bishan,Upper Thomson,20
Bishan,Woodlands,27
Bishan,Woodlands North,37
Bishan,Woodlands South,34
Bishan,Woodleigh,19
Bishan,Yew Tee,42
Bishan,Yio Chu Kang,9
Bishan,Yishun,16
Bishan,one-north,24
Boon Keng,Admiralty,51
Boon Keng,Aljunied,30
Boon Keng,Ang Mo Kio,33
Boon Keng,Bartley,21
Boon Keng,Bayfront,20
Boon Keng,Bayshore,44
Boon Keng,Beauty World,28
Boon Keng,Bedok,39
Boon Keng,Bedok North,36
Boon Keng,Bedok Reservoir,38
Boon Keng,Bencoolen,22
Boon Keng,Bendemeer,26
Boon Keng,Bishan,23
Boon Keng,Boon Keng,0
Boon Keng,Boon Lay,49
Boon Keng,Botanic Gardens,20
Boon Keng,Braddell,28
Boon Keng,Bras Basah,18
Boon Keng,Bright Hill,33
Boon Keng,Buangkok,17
Boon Keng,Bugis,16
Boon Keng,Bukit Batok,49
Boon Keng,Bukit Gombak,51
Boon Keng,Bukit Panjang,36
Boon Keng,Buona Vista,32
Boon Keng,Caldecott,27
Boon Keng,Canberra,45
Boon Keng,Cashew,34
Boon Keng,Changi Airport,60
Boon Keng,Chinatown,13
Boon Keng,Chinese Garden,44
Boon Keng,Choa Chu Kang,52
Boon Keng,City Hall,19
Boon Keng,Clarke Quay,12
Boon Keng,Clementi,37
Boon Keng,Commonwealth,30
Boon Keng,Dakota,31
Boon Keng,Dhoby Ghaut,9
Boon Keng,Dover,35
Boon Keng,Downtown,21
Boon Keng,Esplanade,20
Boon Keng,Eunos,34
Boon Keng,Expo,49
Boon Keng,Farrer Park,6
Boon Keng,Farrer Road,30
Boon Keng,Fort Canning,21
Boon Keng,Gardens by the Bay,29
Boon Keng,Geylang Bahru,28
Boon Keng,Great World,25
Boon Keng,Gul Circle,57
Boon Keng,HarbourFront,18
Boon Keng,Havelock,23
Boon Keng,Haw Par Villa,34
Boon Keng,Hillview,33
Boon Keng,Holland Village,32
Boon Keng,Hougang,15
Boon Keng,Hume,30
Boon Keng,Jalan Besar,24
Boon Keng,Joo Koon,54
Boon Keng,Jurong East,41
Boon Keng,Kaki Bukit,35
Boon Keng,Kallang,28
Boon Keng,Katong Park,35
Boon Keng,Kembangan,36
Boon Keng,Kent Ridge,37
Boon Keng,Khatib,40
Boon Keng,King Albert Park,26
Boon Keng,Kovan,12
Boon Keng,Kranji,61
Boon Keng,Labrador Park,30
Boon Keng,Lakeside,46
Boon Keng,Lavender,26
Boon Keng,Lentor,37
Boon Keng,Little India,7
Boon Keng,Lorong Chuan,20
Boon Keng,MacPherson,26
Boon Keng,Marina Bay,23
Boon Keng,Marina South Pier,25
Boon Keng,Marine Parade,38
Boon Keng,Marine Terrace,40
Boon Keng,Marsiling,57
Boon Keng,Marymount,26
Boon Keng,Mattar,30
Boon Keng,Maxwell,23
Boon Keng,Mayflower,35
Boon Keng,Mountbatten,29
Boon Keng,Napier,25
Boon Keng,Newton,16
Boon Keng,Nicoll Highway,25
Boon Keng,Novena,24
Boon Keng,Orchard,20
Boon Keng,Orchard Boulevard,27
Boon Keng,Outram Park,15
Boon Keng,Pasir Panjang,32
Boon Keng,Pasir Ris,52
Boon Keng,Paya Lebar,28
Boon Keng,Pioneer,51
Boon Keng,Potong Pasir,6
Boon Keng,Promenade,18
Boon Keng,Punggol,22
Boon Keng,Punggol Coast,24
Boon Keng,Queenstown,28
Boon Keng,Raffles Place,21
Boon Keng,Redhill,26
Boon Keng,Rochor,15
Boon Keng,Sembawang,48
Boon Keng,Sengkang,19
Boon Keng,Serangoon,10
Boon Keng,Shenton Way,25
Boon Keng,Siglap,42
Boon Keng,Simei,46
Boon Keng,Sixth Avenue,23
Boon Keng,Somerset,18
Boon Keng,Springleaf,40
Boon Keng,Stadium,27
Boon Keng,Stevens,18
Boon Keng,Tai Seng,24
Boon Keng,Tampines,42
Boon Keng,Tampines East,45
Boon Keng,Tampines West,40
Boon Keng,Tan Kah Kee,21
Boon Keng,Tanah Merah,42
Boon Keng,Tanjong Katong,37
Boon Keng,Tanjong Pagar,24
Boon Keng,Tanjong Rhu,33
Boon Keng,Telok Ayer,20
Boon Keng,Telok Blangah,28
Boon Keng,Tiong Bahru,24
Boon Keng,Toa Payoh,26
Boon Keng,Tuas Crescent,60
Boon Keng,Tuas Link,64
Boon Keng,Tuas West Road,62
Boon Keng,Ubi,33
Boon Keng,Upper Changi,48
Boon Keng,Upper Thomson,30
Boon Keng,Woodlands,47
Boon Keng,Woodlands North,49
Boon Keng,Woodlands South,45
Boon Keng,Woodleigh,8
Boon Keng,Yew Tee,57
Boon Keng,Yio Chu Kang,35
Boon Keng,Yishun,42
Boon Keng,one-north,37
Boon Lay,Admiralty,45
Boon Lay,Aljunied,47
Boon Lay,Ang Mo Kio,55
Boon Lay,Bartley,54
Boon Lay,Bayfront,49
Boon Lay,Bayshore,60
Boon Lay,Beauty World,50
Boon Lay,Bedok,56
Boon Lay,Bedok North,63
Boon Lay,Bedok Reservoir,65
Boon Lay,Bencoolen,48
Boon Lay,Bendemeer,52
Boon Lay,Bishan,45
Boon Lay,Boon Keng,49
Boon Lay,Boon Lay,0
Boon Lay,Botanic Gardens,35
Boon Lay,Braddell,54
Boon Lay,Bras Basah,52
Boon Lay,Bright Hill,53
Boon Lay,Buangkok,63
Boon Lay,Bugis,40
Boon Lay,Bukit Batok,19
Boon Lay,Bukit Gombak,21
Boon Lay,Bukit Panjang,40
Boon Lay,Buona Vista,20
Boon Lay,Caldecott,40
Boon Lay,Canberra,51
Boon Lay,Cashew,47
Boon Lay,Changi Airport,77
Boon Lay,Chinatown,40
Boon Lay,Chinese Garden,9
Boon Lay,Choa Chu Kang,25
Boon Lay,City Hall,38
Boon Lay,Clarke Quay,41
Boon Lay,Clementi,16
Boon Lay,Commonwealth,22
Boon Lay,Dakota,59
Boon Lay,Dhoby Ghaut,43
Boon Lay,Dover,18
Boon Lay,Downtown,47
Boon Lay,Esplanade,54
Boon Lay,Eunos,51
Boon Lay,Expo,71
Boon Lay,Farrer Park,47
Boon Lay,Farrer Road,33
Boon Lay,Fort Canning,47
Boon Lay,Gardens by the Bay,45
Boon Lay,Geylang Bahru,54
Boon Lay,Great World,41
Boon Lay,Gul Circle,11
Boon Lay,HarbourFront,41
Boon Lay,Havelock,40
Boon Lay,Haw Par Villa,35
Boon Lay,Hillview,49
Boon Lay,Holland Village,31
Boon Lay,Hougang,61
Boon Lay,Hume,50
Boon Lay,Jalan Besar,50
Boon Lay,Joo Koon,8
Boon Lay,Jurong East,11
Boon Lay,Kaki Bukit,62
Boon Lay,Kallang,44
Boon Lay,Katong Park,51
Boon Lay,Kembangan,53
Boon Lay,Kent Ridge,32
Boon Lay,Khatib,56
Boon Lay,King Albert Park,48
Boon Lay,Kovan,58
Boon Lay,Kranji,35
Boon Lay,Labrador Park,39
Boon Lay,Lakeside,7
Boon Lay,Lavender,42
Boon Lay,Lentor,57
Boon Lay,Little India,45
Boon Lay,Lorong Chuan,48
Boon Lay,MacPherson,58
Boon Lay,Marina Bay,42
Boon Lay,Marina South Pier,44
Boon Lay,Marine Parade,54
Boon Lay,Marine Terrace,56
Boon Lay,Marsiling,39
Boon Lay,Marymount,43
Boon Lay,Mattar,56
Boon Lay,Maxwell,39
Boon Lay,Mayflower,55
Boon Lay,Mountbatten,61
Boon Lay,Napier,47
Boon Lay,Newton,46
Boon Lay,Nicoll Highway,58
Boon Lay,Novena,51
Boon Lay,Orchard,43
Boon Lay,Orchard Boulevard,45
Boon Lay,Outram Park,31
Boon Lay,Pasir Panjang,37
Boon Lay,Pasir Ris,68
Boon Lay,Paya Lebar,49
Boon Lay,Pioneer,5
Boon Lay,Potong Pasir,52
Boon Lay,Promenade,50
Boon Lay,Punggol,67
Boon Lay,Punggol Coast,69
Boon Lay,Queenstown,24
Boon Lay,Raffles Place,36
Boon Lay,Redhill,26
Boon Lay,Rochor,49
Boon Lay,Sembawang,48
Boon Lay,Sengkang,65
Boon Lay,Serangoon,50
Boon Lay,Shenton Way,41
Boon Lay,Siglap,58
Boon Lay,Simei,63
Boon Lay,Sixth Avenue,46
Boon Lay,Somerset,45
Boon Lay,Springleaf,56
Boon Lay,Stadium,61
Boon Lay,Stevens,44
Boon Lay,Tai Seng,56
Boon Lay,Tampines,65
Boon Lay,Tampines East,72
Boon Lay,Tampines West,67
Boon Lay,Tan Kah Kee,44
Boon Lay,Tanah Merah,58
Boon Lay,Tanjong Katong,53
Boon Lay,Tanjong Pagar,34
Boon Lay,Tanjong Rhu,49
Boon Lay,Telok Ayer,46
Boon Lay,Telok Blangah,41
Boon Lay,Tiong Bahru,29
Boon Lay,Toa Payoh,54
Boon Lay,Tuas Crescent,13
Boon Lay,Tuas Link,18
Boon Lay,Tuas West Road,16
Boon Lay,Ubi,60
Boon Lay,Upper Changi,75
Boon Lay,Upper Thomson,50
Boon Lay,Woodlands,42
Boon Lay,Woodlands North,52
Boon Lay,Woodlands South,52
Boon Lay,Woodleigh,54
Boon Lay,Yew Tee,28
Boon Lay,Yio Chu Kang,57
Boon Lay,Yishun,53
Boon Lay,one-north,30
Botanic Gardens,Admiralty,42
Botanic Gardens,Aljunied,26
Botanic Gardens,Ang Mo Kio,24
Botanic Gardens,Bartley,23
Botanic Gardens,Bayfront,17
Botanic Gardens,Bayshore,44
Botanic Gardens,Beauty World,11
Botanic Gardens,Bedok,35
Botanic Gardens,Bedok North,38
Botanic Gardens,Bedok Reservoir,39
Botanic Gardens,Bencoolen,25
Botanic Gardens,Bendemeer,29
Botanic Gardens,Bishan,14
Botanic Gardens,Boon Keng,20
Botanic Gardens,Boon Lay,35
Botanic Gardens,Botanic Gardens,0
Botanic Gardens,Braddell,20
Botanic Gardens,Bras Basah,25
Botanic Gardens,Bright Hill,20
Botanic Gardens,Buangkok,33
Botanic Gardens,Bugis,13
Botanic Gardens,Bukit Batok,35
Botanic Gardens,Bukit Gombak,37
Botanic Gardens,Bukit Panjang,20
Botanic Gardens,Buona Vista,12
Botanic Gardens,Caldecott,10
Botanic Gardens,Canberra,37
Botanic Gardens,Cashew,18
Botanic Gardens,Changi Airport,56
Botanic Gardens,Chinatown,21
Botanic Gardens,Chinese Garden,30
Botanic Gardens,Choa Chu Kang,36
Botanic Gardens,City Hall,22
Botanic Gardens,Clarke Quay,20
Botanic Gardens,Clementi,23
Botanic Gardens,Commonwealth,20
Botanic Gardens,Dakota,29
Botanic Gardens,Dhoby Ghaut,18
Botanic Gardens,Dover,21
Botanic Gardens,Downtown,18
Botanic Gardens,Esplanade,23
Botanic Gardens,Eunos,31
Botanic Gardens,Expo,51
Botanic Gardens,Farrer Park,18
Botanic Gardens,Farrer Road,7
Botanic Gardens,Fort Canning,24
Botanic Gardens,Gardens by the Bay,29
Botanic Gardens,Geylang Bahru,31
Botanic Gardens,Great World,18
Botanic Gardens,Gul Circle,43
Botanic Gardens,HarbourFront,27
Botanic Gardens,Havelock,20
Botanic Gardens,Haw Par Villa,19
Botanic Gardens,Hillview,17
Botanic Gardens,Holland Village,10
Botanic Gardens,Hougang,31
Botanic Gardens,Hume,13
Botanic Gardens,Jalan Besar,27
Botanic Gardens,Joo Koon,40
Botanic Gardens,Jurong East,27
Botanic Gardens,Kaki Bukit,36
Botanic Gardens,Kallang,24
Botanic Gardens,Katong Park,35
Botanic Gardens,Kembangan,32
Botanic Gardens,Kent Ridge,16
Botanic Gardens,Khatib,32
Botanic Gardens,King Albert Park,9
Botanic Gardens,Kovan,29
Botanic Gardens,Kranji,49
Botanic Gardens,Labrador Park,23
Botanic Gardens,Lakeside,32
Botanic Gardens,Lavender,22
Botanic Gardens,Lentor,25
Botanic Gardens,Little India,10
Botanic Gardens,Lorong Chuan,18
Botanic Gardens,MacPherson,27
Botanic Gardens,Marina Bay,25
Botanic Gardens,Marina South Pier,29
Botanic Gardens,Marine Parade,38
Botanic Gardens,Marine Terrace,40
Botanic Gardens,Marsiling,45
Botanic Gardens,Marymount,12
Botanic Gardens,Mattar,33
Botanic Gardens,Maxwell,24
Botanic Gardens,Mayflower,22
Botanic Gardens,Mountbatten,27
Botanic Gardens,Napier,13
Botanic Gardens,Newton,8
Botanic Gardens,Nicoll Highway,23
Botanic Gardens,Novena,16
Botanic Gardens,Orchard,16
Botanic Gardens,Orchard Boulevard,14
Botanic Gardens,Outram Park,22
Botanic Gardens,Pasir Panjang,21
Botanic Gardens,Pasir Ris,48
Botanic Gardens,Paya Lebar,28
Botanic Gardens,Pioneer,37
Botanic Gardens,Potong Pasir,22
Botanic Gardens,Promenade,14
Botanic Gardens,Punggol,38
Botanic Gardens,Punggol Coast,40
Botanic Gardens,Queenstown,22
Botanic Gardens,Raffles Place,24
Botanic Gardens,Redhill,25
Botanic Gardens,Rochor,11
Botanic Gardens,Sembawang,39
Botanic Gardens,Sengkang,35
Botanic Gardens,Serangoon,19
Botanic Gardens,Shenton Way,25
Botanic Gardens,Siglap,42
Botanic Gardens,Simei,43
Botanic Gardens,Sixth Avenue,7
Botanic Gardens,Somerset,18
Botanic Gardens,Springleaf,28
Botanic Gardens,Stadium,25
Botanic Gardens,Stevens,5
Botanic Gardens,Tai Seng,25
Botanic Gardens,Tampines,44
Botanic Gardens,Tampines East,46
Botanic Gardens,Tampines West,42
Botanic Gardens,Tan Kah Kee,5
Botanic Gardens,Tanah Merah,38
Botanic Gardens,Tanjong Katong,37
Botanic Gardens,Tanjong Pagar,27
Botanic Gardens,Tanjong Rhu,33
Botanic Gardens,Telok Ayer,20
Botanic Gardens,Telok Blangah,25
Botanic Gardens,Tiong Bahru,27
Botanic Gardens,Toa Payoh,18
Botanic Gardens,Tuas Crescent,46
Botanic Gardens,Tuas Link,50
Botanic Gardens,Tuas West Road,48
Botanic Gardens,Ubi,34
Botanic Gardens,Upper Changi,49
Botanic Gardens,Upper Thomson,18
Botanic Gardens,Woodlands,34
Botanic Gardens,Woodlands North,37
Botanic Gardens,Woodlands South,32
Botanic Gardens,Woodleigh,24
Botanic Gardens,Yew Tee,42
Botanic Gardens,Yio Chu Kang,26
Botanic Gardens,Yishun,34
Botanic Gardens,one-north,14
Braddell,Admiralty,27
Braddell,Aljunied,30
Braddell,Ang Mo Kio,9
Braddell,Bartley,22
Braddell,Bayfront,25
Braddell,Bayshore,45
Braddell,Beauty World,28
Braddell,Bedok,38
Braddell,Bedok North,36
Braddell,Bedok Reservoir,38
Braddell,Bencoolen,34
Braddell,Bendemeer,36
Braddell,Bishan,5
Braddell,Boon Keng,28
Braddell,Boon Lay,54
Braddell,Botanic Gardens,20
Braddell,Braddell,0
Braddell,Bras Basah,24
Braddell,Bright Hill,31
Braddell,Buangkok,32
Braddell,Bugis,22
Braddell,Bukit Batok,52
Braddell,Bukit Gombak,50
Braddell,Bukit Panjang,37
Braddell,Buona Vista,30
Braddell,Caldecott,18
Braddell,Canberra,21
Braddell,Cashew,35
Braddell,Changi Airport,59
Braddell,Chinatown,26
Braddell,Chinese Garden,48
Braddell,Choa Chu Kang,46
Braddell,City Hall,17
Braddell,Clarke Quay,25
Braddell,Clementi,42
Braddell,Commonwealth,36
Braddell,Dakota,31
Braddell,Dhoby Ghaut,15
Braddell,Dover,39
Braddell,Downtown,27
Braddell,Esplanade,26
Braddell,Eunos,34
Braddell,Expo,49
Braddell,Farrer Park,26
Braddell,Farrer Road,26
Braddell,Fort Canning,33
Braddell,Gardens by the Bay,30
Braddell,Geylang Bahru,34
Braddell,Great World,19
Braddell,Gul Circle,62
Braddell,HarbourFront,32
Braddell,Havelock,21
Braddell,Haw Par Villa,37
Braddell,Hillview,34
Braddell,Holland Village,28
Braddell,Hougang,30
Braddell,Hume,30
Braddell,Jalan Besar,36
Braddell,Joo Koon,59
Braddell,Jurong East,46
Braddell,Kaki Bukit,35
Braddell,Kallang,27
Braddell,Katong Park,36
Braddell,Kembangan,36
Braddell,Kent Ridge,35
Braddell,Khatib,16
Braddell,King Albert Park,26
Braddell,Kovan,28
Braddell,Kranji,36
Braddell,Labrador Park,42
Braddell,Lakeside,51
Braddell,Lavender,25
Braddell,Lentor,35
Braddell,Little India,19
Braddell,Lorong Chuan,16
Braddell,MacPherson,26
Braddell,Marina Bay,21
Braddell,Marina South Pier,24
Braddell,Marine Parade,39
Braddell,Marine Terrace,41
Braddell,Marsiling,33
Braddell,Marymount,16
Braddell,Mattar,33
Braddell,Maxwell,24
Braddell,Mayflower,33
Braddell,Mountbatten,33
Braddell,Napier,21
Braddell,Newton,9
Braddell,Nicoll Highway,31
Braddell,Novena,7
Braddell,Orchard,11
Braddell,Orchard Boulevard,19
Braddell,Outram Park,23
Braddell,Pasir Panjang,40
Braddell,Pasir Ris,51
Braddell,Paya Lebar,29
Braddell,Pioneer,56
Braddell,Potong Pasir,29
Braddell,Promenade,23
Braddell,Punggol,37
Braddell,Punggol Coast,39
Braddell,Queenstown,34
Braddell,Raffles Place,19
Braddell,Redhill,32
Braddell,Rochor,20
Braddell,Sembawang,23
Braddell,Sengkang,34
Braddell,Serangoon,18
Braddell,Shenton Way,26
Braddell,Siglap,43
Braddell,Simei,46
Braddell,Sixth Avenue,24
Braddell,Somerset,13
Braddell,Springleaf,38
Braddell,Stadium,33
Braddell,Stevens,19
Braddell,Tai Seng,24
Braddell,Tampines,42
Braddell,Tampines East,45
Braddell,Tampines West,40
Braddell,Tan Kah Kee,22
Braddell,Tanah Merah,41
Braddell,Tanjong Katong,38
Braddell,Tanjong Pagar,25
Braddell,Tanjong Rhu,34
Braddell,Telok Ayer,29
Braddell,Telok Blangah,41
Braddell,Tiong Bahru,30
Braddell,Toa Payoh,5
Braddell,Tuas Crescent,64
Braddell,Tuas Link,68
Braddell,Tuas West Road,66
Braddell,Ubi,33
Braddell,Upper Changi,48
Braddell,Upper Thomson,28
Braddell,Woodlands,29
Braddell,Woodlands North,39
Braddell,Woodlands South,39
Braddell,Woodleigh,27
Braddell,Yew Tee,44
Braddell,Yio Chu Kang,11
Braddell,Yishun,18
Braddell,one-north,33
Bras Basah,Admiralty,48
Bras Basah,Aljunied,27
Bras Basah,Ang Mo Kio,30
Bras Basah,Bartley,28
Bras Basah,Bayfront,17
Bras Basah,Bayshore,42
Bras Basah,Beauty World,33
Bras Basah,Bedok,33
Bras Basah,Bedok North,33
Bras Basah,Bedok Reservoir,35
Bras Basah,Bencoolen,25
Bras Basah,Bendemeer,29
Bras Basah,Bishan,26
Bras Basah,Boon Keng,18
Bras Basah,Boon Lay,52
Bras Basah,Botanic Gardens,25
Bras Basah,Braddell,24
Bras Basah,Bras Basah,0
Bras Basah,Bright Hill,38
Bras Basah,Buangkok,32
Bras Basah,Bugis,16
Bras Basah,Bukit Batok,52
Bras Basah,Bukit Gombak,54
Bras Basah,Bukit Panjang,42
Bras Basah,Buona Vista,35
Bras Basah,Caldecott,32
Bras Basah,Canberra,42
Bras Basah,Cashew,40
Bras Basah,Changi Airport,54
Bras Basah,Chinatown,16
Bras Basah,Chinese Garden,47
Bras Basah,Choa Chu Kang,58
Bras Basah,City Hall,15
Bras Basah,Clarke Quay,15
Bras Basah,Clementi,40
Bras Basah,Commonwealth,33
Bras Basah,Dakota,18
Bras Basah,Dhoby Ghaut,7
Bras Basah,Dover,38
Bras Basah,Downtown,18
Bras Basah,Esplanade,7
Bras Basah,Eunos,28
Bras Basah,Expo,46
Bras Basah,Farrer Park,16
Bras Basah,Farrer Road,36
Bras Basah,Fort Canning,24
Bras Basah,Gardens by the Bay,27
Bras Basah,Geylang Bahru,31
Bras Basah,Great World,24
Bras Basah,Gul Circle,60
Bras Basah,HarbourFront,22
Bras Basah,Havelock,26
Bras Basah,Haw Par Villa,37
Bras Basah,Hillview,39
Bras Basah,Holland Village,38
Bras Basah,Hougang,30
Bras Basah,Hume,35
Bras Basah,Jalan Besar,27
Bras Basah,Joo Koon,57
Bras Basah,Jurong East,44
Bras Basah,Kaki Bukit,31
Bras Basah,Kallang,25
Bras Basah,Katong Park,33
Bras Basah,Kembangan,30
Bras Basah,Kent Ridge,40
Bras Basah,Khatib,37
Bras Basah,King Albert Park,31
Bras Basah,Kovan,27
Bras Basah,Kranji,57
Bras Basah,Labrador Park,33
Bras Basah,Lakeside,49
Bras Basah,Lavender,23
Bras Basah,Lentor,43
Bras Basah,Little India,14
Bras Basah,Lorong Chuan,33
Bras Basah,MacPherson,22
Bras Basah,Marina Bay,19
Bras Basah,Marina South Pier,21
Bras Basah,Marine Parade,36
Bras Basah,Marine Terrace,38
Bras Basah,Marsiling,54
Bras Basah,Marymount,37
Bras Basah,Mattar,29
Bras Basah,Maxwell,26
Bras Basah,Mayflower,40
Bras Basah,Mountbatten,16
Bras Basah,Napier,26
Bras Basah,Newton,18
Bras Basah,Nicoll Highway,12
Bras Basah,Novena,20
Bras Basah,Orchard,16
Bras Basah,Orchard Boulevard,24
Bras Basah,Outram Park,18
Bras Basah,Pasir Panjang,35
Bras Basah,Pasir Ris,46
Bras Basah,Paya Lebar,20
Bras Basah,Pioneer,54
Bras Basah,Potong Pasir,21
Bras Basah,Promenade,9
Bras Basah,Punggol,36
Bras Basah,Punggol Coast,38
Bras Basah,Queenstown,31
Bras Basah,Raffles Place,17
Bras Basah,Redhill,29
Bras Basah,Rochor,18
Bras Basah,Sembawang,45
Bras Basah,Sengkang,34
Bras Basah,Serangoon,25
Bras Basah,Shenton Way,26
Bras Basah,Siglap,40
Bras Basah,Simei,40
Bras Basah,Sixth Avenue,29
Bras Basah,Somerset,14
Bras Basah,Springleaf,46
Bras Basah,Stadium,14
Bras Basah,Stevens,24
Bras Basah,Tai Seng,25
Bras Basah,Tampines,39
Bras Basah,Tampines East,41
Bras Basah,Tampines West,37
Bras Basah,Tan Kah Kee,27
Bras Basah,Tanah Merah,36
Bras Basah,Tanjong Katong,35
Bras Basah,Tanjong Pagar,23
Bras Basah,Tanjong Rhu,31
Bras Basah,Telok Ayer,20
Bras Basah,Telok Blangah,31
Bras Basah,Tiong Bahru,27
Bras Basah,Toa Payoh,22
Bras Basah,Tuas Crescent,63
Bras Basah,Tuas Link,67
Bras Basah,Tuas West Road,65
Bras Basah,Ubi,29
Bras Basah,Upper Changi,44
Bras Basah,Upper Thomson,36
Bras Basah,Woodlands,50
Bras Basah,Woodlands North,55
Bras Basah,Woodlands South,50
Bras Basah,Woodleigh,23
Bras Basah,Yew Tee,60
Bras Basah,Yio Chu Kang,32
Bras Basah,Yishun,39
Bras Basah,one-north,42
Bright Hill,Admiralty,28
Bright Hill,Aljunied,40
Bright Hill,Ang Mo Kio,32
Bright Hill,Bartley,30
Bright Hill,Bayfront,30
Bright Hill,Bayshore,47
Bright Hill,Beauty World,28
Bright Hill,Bedok,49
Bright Hill,Bedok North,45
Bright Hill,Bedok Reservoir,47
Bright Hill,Bencoolen,39
Bright Hill,Bendemeer,43
Bright Hill,Bishan,22
Bright Hill,Boon Keng,33
Bright Hill,Boon Lay,53
Bright Hill,Botanic Gardens,20
Bright Hill,Braddell,31
Bright Hill,Bras Basah,38
Bright Hill,Bright Hill,0
Bright Hill,Buangkok,41
Bright Hill,Bugis,26
Bright Hill,Bukit Batok,48
Bright Hill,Bukit Gombak,46
Bright Hill,Bukit Panjang,37
Bright Hill,Buona Vista,29
Bright Hill,Caldecott,9
Bright Hill,Canberra,33
Bright Hill,Cashew,35
Bright Hill,Changi Airport,70
Bright Hill,Chinatown,33
Bright Hill,Chinese Garden,47
Bright Hill,Choa Chu Kang,42
Bright Hill,City Hall,31
Bright Hill,Clarke Quay,33
Bright Hill,Clementi,40
Bright Hill,Commonwealth,38
Bright Hill,Dakota,40
Bright Hill,Dhoby Ghaut,29
Bright Hill,Dover,38
Bright Hill,Downtown,32
Bright Hill,Esplanade,37
Bright Hill,Eunos,44
Bright Hill,Expo,58
Bright Hill,Farrer Park,31
Bright Hill,Farrer Road,24
Bright Hill,Fort Canning,37
Bright Hill,Gardens by the Bay,32
Bright Hill,Geylang Bahru,43
Bright Hill,Great World,21
Bright Hill,Gul Circle,60
Bright Hill,HarbourFront,35
Bright Hill,Havelock,23
Bright Hill,Haw Par Villa,36
Bright Hill,Hillview,34
Bright Hill,Holland Village,27
Bright Hill,Hougang,39
Bright Hill,Hume,30
Bright Hill,Jalan Besar,40
Bright Hill,Joo Koon,58
Bright Hill,Jurong East,44
Bright Hill,Kaki Bukit,44
Bright Hill,Kallang,37
Bright Hill,Katong Park,38
Bright Hill,Kembangan,46
Bright Hill,Kent Ridge,33
Bright Hill,Khatib,38
Bright Hill,King Albert Park,26
Bright Hill,Kovan,37
Bright Hill,Kranji,32
Bright Hill,Labrador Park,41
Bright Hill,Lakeside,49
Bright Hill,Lavender,35
Bright Hill,Lentor,8
Bright Hill,Little India,23
Bright Hill,Lorong Chuan,25
Bright Hill,MacPherson,35
Bright Hill,Marina Bay,29
Bright Hill,Marina South Pier,37
Bright Hill,Marine Parade,41
Bright Hill,Marine Terrace,43
Bright Hill,Marsiling,28
Bright Hill,Marymount,19
Bright Hill,Mattar,41
Bright Hill,Maxwell,26
Bright Hill,Mayflower,5
Bright Hill,Mountbatten,40
Bright Hill,Napier,16
Bright Hill,Newton,21
Bright Hill,Nicoll Highway,36
Bright Hill,Novena,29
Bright Hill,Orchard,19
Bright Hill,Orchard Boulevard,17
Bright Hill,Outram Park,25
Bright Hill,Pasir Panjang,38
Bright Hill,Pasir Ris,61
Bright Hill,Paya Lebar,37
Bright Hill,Pioneer,54
Bright Hill,Potong Pasir,35
Bright Hill,Promenade,28
Bright Hill,Punggol,46
Bright Hill,Punggol Coast,48
Bright Hill,Queenstown,38
Bright Hill,Raffles Place,33
Bright Hill,Redhill,36
Bright Hill,Rochor,24
Bright Hill,Sembawang,31
Bright Hill,Sengkang,43
Bright Hill,Serangoon,27
Bright Hill,Shenton Way,28
Bright Hill,Siglap,45
Bright Hill,Simei,56
Bright Hill,Sixth Avenue,24
Bright Hill,Somerset,27
Bright Hill,Springleaf,11
Bright Hill,Stadium,39
Bright Hill,Stevens,13
Bright Hill,Tai Seng,33
Bright Hill,Tampines,51
Bright Hill,Tampines East,54
Bright Hill,Tampines West,49
Bright Hill,Tan Kah Kee,22
Bright Hill,Tanah Merah,51
Bright Hill,Tanjong Katong,40
Bright Hill,Tanjong Pagar,33
Bright Hill,Tanjong Rhu,36
Bright Hill,Telok Ayer,33
Bright Hill,Telok Blangah,42
Bright Hill,Tiong Bahru,34
Bright Hill,Toa Payoh,32
Bright Hill,Tuas Crescent,63
Bright Hill,Tuas Link,67
Bright Hill,Tuas West Road,65
Bright Hill,Ubi,42
Bright Hill,Upper Changi,57
Bright Hill,Upper Thomson,6
Bright Hill,Woodlands,17
Bright Hill,Woodlands North,20
Bright Hill,Woodlands South,15
Bright Hill,Woodleigh,36
Bright Hill,Yew Tee,39
Bright Hill,Yio Chu Kang,34
Bright Hill,Yishun,36
Bright Hill,one-north,32
Buangkok,Admiralty,51
Buangkok,Aljunied,37
Buangkok,Ang Mo Kio,33
Buangkok,Bartley,22
Buangkok,Bayfront,34
Buangkok,Bayshore,57
Buangkok,Beauty World,41
Buangkok,Bedok,42
Buangkok,Bedok North,37
Buangkok,Bedok Reservoir,39
Buangkok,Bencoolen,36
Buangkok,Bendemeer,37
Buangkok,Bishan,24
Buangkok,Boon Keng,17
Buangkok,Boon Lay,63
Buangkok,Botanic Gardens,33
Buangkok,Braddell,32
Buangkok,Bras Basah,32
Buangkok,Bright Hill,41
Buangkok,Buangkok,0
Buangkok,Bugis,30
Buangkok,Bukit Batok,62
Buangkok,Bukit Gombak,64
Buangkok,Bukit Panjang,50
Buangkok,Buona Vista,41
Buangkok,Caldecott,29
Buangkok,Canberra,46
Buangkok,Cashew,48
Buangkok,Changi Airport,63
Buangkok,Chinatown,27
Buangkok,Chinese Garden,57
Buangkok,Choa Chu Kang,65
Buangkok,City Hall,32
Buangkok,Clarke Quay,25
Buangkok,Clementi,51
Buangkok,Commonwealth,44
Buangkok,Dakota,32
Buangkok,Dhoby Ghaut,23
Buangkok,Dover,48
Buangkok,Downtown,35
Buangkok,Esplanade,34
Buangkok,Eunos,37
Buangkok,Expo,50
Buangkok,Farrer Park,19
Buangkok,Farrer Road,36
Buangkok,Fort Canning,34
Buangkok,Gardens by the Bay,42
Buangkok,Geylang Bahru,35
Buangkok,Great World,38
Buangkok,Gul Circle,71
Buangkok,HarbourFront,32
Buangkok,Havelock,37
Buangkok,Haw Par Villa,48
Buangkok,Hillview,46
Buangkok,Holland Village,39
Buangkok,Hougang,6
Buangkok,Hume,43
Buangkok,Jalan Besar,38
Buangkok,Joo Koon,68
Buangkok,Jurong East,55
Buangkok,Kaki Bukit,35
Buangkok,Kallang,40
Buangkok,Katong Park,48
Buangkok,Kembangan,39
Buangkok,Kent Ridge,45
Buangkok,Khatib,41
Buangkok,King Albert Park,39
Buangkok,Kovan,8
Buangkok,Kranji,61
Buangkok,Labrador Park,43
Buangkok,Lakeside,59
Buangkok,Lavender,39
Buangkok,Lentor,46
Buangkok,Little India,21
Buangkok,Lorong Chuan,21
Buangkok,MacPherson,27
Buangkok,Marina Bay,36
Buangkok,Marina South Pier,39
Buangkok,Marine Parade,51
Buangkok,Marine Terrace,53
Buangkok,Marsiling,58
Buangkok,Marymount,27
Buangkok,Mattar,33
Buangkok,Maxwell,37
Buangkok,Mayflower,43
Buangkok,Mountbatten,34
Buangkok,Napier,39
Buangkok,Newton,29
Buangkok,Nicoll Highway,38
Buangkok,Novena,36
Buangkok,Orchard,34
Buangkok,Orchard Boulevard,40
Buangkok,Outram Park,29
Buangkok,Pasir Panjang,46
Buangkok,Pasir Ris,54
Buangkok,Paya Lebar,29
Buangkok,Pioneer,64
Buangkok,Potong Pasir,15
Buangkok,Promenade,31
Buangkok,Punggol,8
Buangkok,Punggol Coast,10
Buangkok,Queenstown,42
Buangkok,Raffles Place,34
Buangkok,Redhill,40
Buangkok,Rochor,28
Buangkok,Sembawang,48
Buangkok,Sengkang,5
Buangkok,Serangoon,10
Buangkok,Shenton Way,38
Buangkok,Siglap,55
Buangkok,Simei,49
Buangkok,Sixth Avenue,37
Buangkok,Somerset,32
Buangkok,Springleaf,49
Buangkok,Stadium,36
Buangkok,Stevens,31
Buangkok,Tai Seng,25
Buangkok,Tampines,43
Buangkok,Tampines East,45
Buangkok,Tampines West,41
Buangkok,Tan Kah Kee,35
Buangkok,Tanah Merah,45
Buangkok,Tanjong Katong,50
Buangkok,Tanjong Pagar,37
Buangkok,Tanjong Rhu,46
Buangkok,Telok Ayer,33
Buangkok,Telok Blangah,41
Buangkok,Tiong Bahru,38
Buangkok,Toa Payoh,34
Buangkok,Tuas Crescent,73
Buangkok,Tuas Link,77
Buangkok,Tuas West Road,75
Buangkok,Ubi,33
Buangkok,Upper Changi,48
Buangkok,Upper Thomson,39
Buangkok,Woodlands,54
Buangkok,Woodlands North,58
Buangkok,Woodlands South,53
Buangkok,Woodleigh,13
Buangkok,Yew Tee,69
Buangkok,Yio Chu Kang,36
Buangkok,Yishun,43
Buangkok,one-north,43
Bugis,Admiralty,45
Bugis,Aljunied,10
Bugis,Ang Mo Kio,27
Bugis,Bartley,27
Bugis,Bayfront,7
Bugis,Bayshore,37
Bugis,Beauty World,21
Bugis,Bedok,18
Bugis,Bedok North,31
Bugis,Bedok Reservoir,33
Bugis,Bencoolen,16
Bugis,Bendemeer,20
Bugis,Bishan,24
Bugis,Boon Keng,16
Bugis,Boon Lay,40
Bugis,Botanic Gardens,13
Bugis,Braddell,22
Bugis,Bras Basah,16
Bugis,Bright Hill,26
Bugis,Buangkok,30
Bugis,Bugis,0
Bugis,Bukit Batok,40
Bugis,Bukit Gombak,42
Bugis,Bukit Panjang,30
Bugis,Buona Vista,23
Bugis,Caldecott,20
Bugis,Canberra,39
Bugis,Cashew,28
Bugis,Changi Airport,39
Bugis,Chinatown,12
Bugis,Chinese Garden,35
Bugis,Choa Chu Kang,45
Bugis,City Hall,6
Bugis,Clarke Quay,17
Bugis,Clementi,28
Bugis,Commonwealth,21
Bugis,Dakota,20
Bugis,Dhoby Ghaut,11
Bugis,Dover,26
Bugis,Downtown,9
Bugis,Esplanade,14
Bugis,Eunos,14
Bugis,Expo,34
Bugis,Farrer Park,14
Bugis,Farrer Road,23
Bugis,Fort Canning,14
Bugis,Gardens by the Bay,22
Bugis,Geylang Bahru,22
Bugis,Great World,22
Bugis,Gul Circle,48
Bugis,HarbourFront,22
Bugis,Havelock,20
Bugis,Haw Par Villa,34
Bugis,Hillview,26
Bugis,Holland Village,26
Bugis,Hougang,28
Bugis,Hume,23
Bugis,Jalan Besar,18
Bugis,Joo Koon,45
Bugis,Jurong East,32
Bugis,Kaki Bukit,29
Bugis,Kallang,7
Bugis,Katong Park,28
Bugis,Kembangan,16
Bugis,Kent Ridge,32
Bugis,Khatib,34
Bugis,King Albert Park,19
Bugis,Kovan,25
Bugis,Kranji,54
Bugis,Labrador Park,33
Bugis,Lakeside,37
Bugis,Lavender,5
Bugis,Lentor,30
Bugis,Little India,6
Bugis,Lorong Chuan,32
Bugis,MacPherson,22
Bugis,Marina Bay,14
Bugis,Marina South Pier,16
Bugis,Marine Parade,31
Bugis,Marine Terrace,33
Bugis,Marsiling,51
Bugis,Marymount,28
Bugis,Mattar,24
Bugis,Maxwell,20
Bugis,Mayflower,28
Bugis,Mountbatten,18
Bugis,Napier,18
Bugis,Newton,9
Bugis,Nicoll Highway,14
Bugis,Novena,17
Bugis,Orchard,15
Bugis,Orchard Boulevard,20
Bugis,Outram Park,12
Bugis,Pasir Panjang,36
Bugis,Pasir Ris,31
Bugis,Paya Lebar,12
Bugis,Pioneer,42
Bugis,Potong Pasir,19
Bugis,Promenade,5
Bugis,Punggol,34
Bugis,Punggol Coast,36
Bugis,Queenstown,19
Bugis,Raffles Place,8
Bugis,Redhill,17
Bugis,Rochor,5
Bugis,Sembawang,42
Bugis,Sengkang,32
Bugis,Serangoon,23
Bugis,Shenton Way,21
Bugis,Siglap,35
Bugis,Simei,26
Bugis,Sixth Avenue,16
Bugis,Somerset,13
Bugis,Springleaf,33
Bugis,Stadium,16
Bugis,Stevens,11
Bugis,Tai Seng,24
Bugis,Tampines,28
Bugis,Tampines East,38
Bugis,Tampines West,35
Bugis,Tan Kah Kee,14
Bugis,Tanah Merah,21
Bugis,Tanjong Katong,30
Bugis,Tanjong Pagar,10
Bugis,Tanjong Rhu,26
Bugis,Telok Ayer,11
Bugis,Telok Blangah,31
Bugis,Tiong Bahru,15
Bugis,Toa Payoh,20
Bugis,Tuas Crescent,50
Bugis,Tuas Link,55
Bugis,Tuas West Road,53
Bugis,Ubi,27
Bugis,Upper Changi,41
Bugis,Upper Thomson,23
Bugis,Woodlands,40
Bugis,Woodlands North,43
Bugis,Woodlands South,38
Bugis,Woodleigh,20
Bugis,Yew Tee,48
Bugis,Yio Chu Kang,29
Bugis,Yishun,36
Bugis,one-north,30
Bukit Batok,Admiralty,29
Bukit Batok,Aljunied,46
Bukit Batok,Ang Mo Kio,47
Bukit Batok,Bartley,53
Bukit Batok,Bayfront,49
Bukit Batok,Bayshore,60
Bukit Batok,Beauty World,38
Bukit Batok,Bedok,55
Bukit Batok,Bedok North,63
Bukit Batok,Bedok Reservoir,65
Bukit Batok,Bencoolen,48
Bukit Batok,Bendemeer,52
Bukit Batok,Bishan,45
Bukit Batok,Boon Keng,49
Bukit Batok,Boon Lay,19
Bukit Batok,Botanic Gardens,35
Bukit Batok,Braddell,52
Bukit Batok,Bras Basah,52
Bukit Batok,Bright Hill,48
Bukit Batok,Buangkok,62
Bukit Batok,Bugis,40
Bukit Batok,Bukit Batok,0
Bukit Batok,Bukit Gombak,5
Bukit Batok,Bukit Panjang,24
Bukit Batok,Buona Vista,20
Bukit Batok,Caldecott,40
Bukit Batok,Canberra,35
Bukit Batok,Cashew,31
Bukit Batok,Changi Airport,76
Bukit Batok,Chinatown,39
Bukit Batok,Chinese Garden,14
Bukit Batok,Choa Chu Kang,9
Bukit Batok,City Hall,38
Bukit Batok,Clarke Quay,41
Bukit Batok,Clementi,15
Bukit Batok,Commonwealth,22
Bukit Batok,Dakota,59
Bukit Batok,Dhoby Ghaut,43
Bukit Batok,Dover,18
Bukit Batok,Downtown,47
Bukit Batok,Esplanade,54
Bukit Batok,Eunos,50
Bukit Batok,Expo,71
Bukit Batok,Farrer Park,47
Bukit Batok,Farrer Road,33
Bukit Batok,Fort Canning,47
Bukit Batok,Gardens by the Bay,45
Bukit Batok,Geylang Bahru,54
Bukit Batok,Great World,41
Bukit Batok,Gul Circle,27
Bukit Batok,HarbourFront,41
Bukit Batok,Havelock,39
Bukit Batok,Haw Par Villa,34
Bukit Batok,Hillview,33
Bukit Batok,Holland Village,30
Bukit Batok,Hougang,60
Bukit Batok,Hume,34
Bukit Batok,Jalan Besar,50
Bukit Batok,Joo Koon,24
Bukit Batok,Jurong East,7
Bukit Batok,Kaki Bukit,61
Bukit Batok,Kallang,44
Bukit Batok,Katong Park,51
Bukit Batok,Kembangan,52
Bukit Batok,Kent Ridge,32
Bukit Batok,Khatib,40
Bukit Batok,King Albert Park,40
Bukit Batok,Kovan,58
Bukit Batok,Kranji,19
Bukit Batok,Labrador Park,39
Bukit Batok,Lakeside,16
Bukit Batok,Lavender,42
Bukit Batok,Lentor,43
Bukit Batok,Little India,45
Bukit Batok,Lorong Chuan,48
Bukit Batok,MacPherson,57
Bukit Batok,Marina Bay,41
Bukit Batok,Marina South Pier,44
Bukit Batok,Marine Parade,54
Bukit Batok,Marine Terrace,56
Bukit Batok,Marsiling,23
Bukit Batok,Marymount,42
Bukit Batok,Mattar,56
Bukit Batok,Maxwell,39
Bukit Batok,Mayflower,46
Bukit Batok,Mountbatten,60
Bukit Batok,Napier,46
Bukit Batok,Newton,46
Bukit Batok,Nicoll Highway,58
Bukit Batok,Novena,51
Bukit Batok,Orchard,42
Bukit Batok,Orchard Boulevard,45
Bukit Batok,Outram Park,31
Bukit Batok,Pasir Panjang,37
Bukit Batok,Pasir Ris,68
Bukit Batok,Paya Lebar,48
Bukit Batok,Pioneer,21
Bukit Batok,Potong Pasir,51
Bukit Batok,Promenade,49
Bukit Batok,Punggol,67
Bukit Batok,Punggol Coast,69
Bukit Batok,Queenstown,24
Bukit Batok,Raffles Place,35
Bukit Batok,Redhill,26
Bukit Batok,Rochor,49
Bukit Batok,Sembawang,32
Bukit Batok,Sengkang,64
Bukit Batok,Serangoon,50
Bukit Batok,Shenton Way,40
Bukit Batok,Siglap,58
Bukit Batok,Simei,62
Bukit Batok,Sixth Avenue,42
Bukit Batok,Somerset,45
Bukit Batok,Springleaf,40
Bukit Batok,Stadium,60
Bukit Batok,Stevens,43
Bukit Batok,Tai Seng,56
Bukit Batok,Tampines,65
Bukit Batok,Tampines East,71
Bukit Batok,Tampines West,67
Bukit Batok,Tan Kah Kee,43
Bukit Batok,Tanah Merah,58
Bukit Batok,Tanjong Katong,53
Bukit Batok,Tanjong Pagar,33
Bukit Batok,Tanjong Rhu,49
Bukit Batok,Telok Ayer,46
Bukit Batok,Telok Blangah,41
Bukit Batok,Tiong Bahru,28
Bukit Batok,Toa Payoh,53
Bukit Batok,Tuas Crescent,29
Bukit Batok,Tuas Link,34
Bukit Batok,Tuas West Road,32
Bukit Batok,Ubi,60
Bukit Batok,Upper Changi,75
Bukit Batok,Upper Thomson,50
Bukit Batok,Woodlands,26
Bukit Batok,Woodlands North,36
Bukit Batok,Woodlands South,36
Bukit Batok,Woodleigh,53
Bukit Batok,Yew Tee,12
Bukit Batok,Yio Chu Kang,45
Bukit Batok,Yishun,37
Bukit Batok,one-north,30
Bukit Gombak,Admiralty,27
Bukit Gombak,Aljunied,48
Bukit Gombak,Ang Mo Kio,45
Bukit Gombak,Bartley,55
Bukit Gombak,Bayfront,51
Bukit Gombak,Bayshore,62
Bukit Gombak,Beauty World,36
Bukit Gombak,Bedok,57
Bukit Gombak,Bedok North,65
Bukit Gombak,Bedok Reservoir,67
Bukit Gombak,Bencoolen,50
Bukit Gombak,Bendemeer,54
Bukit Gombak,Bishan,47
Bukit Gombak,Boon Keng,51
Bukit Gombak,Boon Lay,21
Bukit Gombak,Botanic Gardens,37
Bukit Gombak,Braddell,50
Bukit Gombak,Bras Basah,54
Bukit Gombak,Bright Hill,46
Bukit Gombak,Buangkok,64
Bukit Gombak,Bugis,42
Bukit Gombak,Bukit Batok,5
Bukit Gombak,Bukit Gombak,0
Bukit Gombak,Bukit Panjang,22
Bukit Gombak,Buona Vista,22
Bukit Gombak,Caldecott,42
Bukit Gombak,Canberra,33
Bukit Gombak,Cashew,29
Bukit Gombak,Changi Airport,78
Bukit Gombak,Chinatown,41
Bukit Gombak,Chinese Garden,16
Bukit Gombak,Choa Chu Kang,7
Bukit Gombak,City Hall,40
Bukit Gombak,Clarke Quay,43
Bukit Gombak,Clementi,17
Bukit Gombak,Commonwealth,24
Bukit Gombak,Dakota,61
Bukit Gombak,Dhoby Ghaut,45
Bukit Gombak,Dover,20
Bukit Gombak,Downtown,49
Bukit Gombak,Esplanade,56
Bukit Gombak,Eunos,52
Bukit Gombak,Expo,73
Bukit Gombak,Farrer Park,49
Bukit Gombak,Farrer Road,35
Bukit Gombak,Fort Canning,49
Bukit Gombak,Gardens by the Bay,47
Bukit Gombak,Geylang Bahru,56
Bukit Gombak,Great World,43
Bukit Gombak,Gul Circle,29
Bukit Gombak,HarbourFront,43
Bukit Gombak,Havelock,41
Bukit Gombak,Haw Par Villa,36
Bukit Gombak,Hillview,31
Bukit Gombak,Holland Village,32
Bukit Gombak,Hougang,62
Bukit Gombak,Hume,32
Bukit Gombak,Jalan Besar,52
Bukit Gombak,Joo Koon,26
Bukit Gombak,Jurong East,9
Bukit Gombak,Kaki Bukit,63
Bukit Gombak,Kallang,46
Bukit Gombak,Katong Park,53
Bukit Gombak,Kembangan,54
Bukit Gombak,Kent Ridge,34
Bukit Gombak,Khatib,38
Bukit Gombak,King Albert Park,38
Bukit Gombak,Kovan,60
Bukit Gombak,Kranji,17
Bukit Gombak,Labrador Park,41
Bukit Gombak,Lakeside,18
Bukit Gombak,Lavender,44
Bukit Gombak,Lentor,41
Bukit Gombak,Little India,47
Bukit Gombak,Lorong Chuan,50
Bukit Gombak,MacPherson,59
Bukit Gombak,Marina Bay,43
Bukit Gombak,Marina South Pier,46
Bukit Gombak,Marine Parade,56
Bukit Gombak,Marine Terrace,58
Bukit Gombak,Marsiling,21
Bukit Gombak,Marymount,44
Bukit Gombak,Mattar,58
Bukit Gombak,Maxwell,41
Bukit Gombak,Mayflower,44
Bukit Gombak,Mountbatten,62
Bukit Gombak,Napier,48
Bukit Gombak,Newton,48
Bukit Gombak,Nicoll Highway,60
Bukit Gombak,Novena,53
Bukit Gombak,Orchard,44
Bukit Gombak,Orchard Boulevard,47
Bukit Gombak,Outram Park,33
Bukit Gombak,Pasir Panjang,39
Bukit Gombak,Pasir Ris,70
Bukit Gombak,Paya Lebar,50
Bukit Gombak,Pioneer,23
Bukit Gombak,Potong Pasir,53
Bukit Gombak,Promenade,51
Bukit Gombak,Punggol,69
Bukit Gombak,Punggol Coast,71
Bukit Gombak,Queenstown,26
Bukit Gombak,Raffles Place,37
Bukit Gombak,Redhill,28
Bukit Gombak,Rochor,51
Bukit Gombak,Sembawang,30
Bukit Gombak,Sengkang,66
Bukit Gombak,Serangoon,52
Bukit Gombak,Shenton Way,42
Bukit Gombak,Siglap,60
Bukit Gombak,Simei,64
Bukit Gombak,Sixth Avenue,40
Bukit Gombak,Somerset,47
Bukit Gombak,Springleaf,38
Bukit Gombak,Stadium,62
Bukit Gombak,Stevens,45
Bukit Gombak,Tai Seng,58
Bukit Gombak,Tampines,67
Bukit Gombak,Tampines East,73
Bukit Gombak,Tampines West,69
Bukit Gombak,Tan Kah Kee,42
Bukit Gombak,Tanah Merah,60
Bukit Gombak,Tanjong Katong,55
Bukit Gombak,Tanjong Pagar,35
Bukit Gombak,Tanjong Rhu,51
Bukit Gombak,Telok Ayer,48
Bukit Gombak,Telok Blangah,43
Bukit Gombak,Tiong Bahru,30
Bukit Gombak,Toa Payoh,52
Bukit Gombak,Tuas Crescent,31
Bukit Gombak,Tuas Link,36
Bukit Gombak,Tuas West Road,34
Bukit Gombak,Ubi,62
Bukit Gombak,Upper Changi,77
Bukit Gombak,Upper Thomson,48
Bukit Gombak,Woodlands,24
Bukit Gombak,Woodlands North,34
Bukit Gombak,Woodlands South,34
Bukit Gombak,Woodleigh,55
Bukit Gombak,Yew Tee,10
Bukit Gombak,Yio Chu Kang,43
Bukit Gombak,Yishun,35
Bukit Gombak,one-north,32
Bukit Panjang,Admiralty,37
Bukit Panjang,Aljunied,43
Bukit Panjang,Ang Mo Kio,43
Bukit Panjang,Bartley,46
Bukit Panjang,Bayfront,34
Bukit Panjang,Bayshore,61
Bukit Panjang,Beauty World,12
Bukit Panjang,Bedok,52
Bukit Panjang,Bedok North,57
Bukit Panjang,Bedok Reservoir,59
Bukit Panjang,Bencoolen,42
Bukit Panjang,Bendemeer,46
Bukit Panjang,Bishan,38
Bukit Panjang,Boon Keng,36
Bukit Panjang,Boon Lay,40
Bukit Panjang,Botanic Gardens,20
Bukit Panjang,Braddell,37
Bukit Panjang,Bras Basah,42
Bukit Panjang,Bright Hill,37
Bukit Panjang,Buangkok,50
Bukit Panjang,Bugis,30
Bukit Panjang,Bukit Batok,24
Bukit Panjang,Bukit Gombak,22
Bukit Panjang,Bukit Panjang,0
Bukit Panjang,Buona Vista,35
Bukit Panjang,Caldecott,31
Bukit Panjang,Canberra,43
Bukit Panjang,Cashew,6
Bukit Panjang,Changi Airport,73
Bukit Panjang,Chinatown,38
Bukit Panjang,Chinese Garden,34
Bukit Panjang,Choa Chu Kang,13
Bukit Panjang,City Hall,39
Bukit Panjang,Clarke Quay,37
Bukit Panjang,Clementi,36
Bukit Panjang,Commonwealth,42
Bukit Panjang,Dakota,46
Bukit Panjang,Dhoby Ghaut,35
Bukit Panjang,Dover,38
Bukit Panjang,Downtown,35
Bukit Panjang,Esplanade,40
Bukit Panjang,Eunos,48
Bukit Panjang,Expo,68
Bukit Panjang,Farrer Park,34
Bukit Panjang,Farrer Road,31
Bukit Panjang,Fort Canning,41
Bukit Panjang,Gardens by the Bay,46
Bukit Panjang,Geylang Bahru,48
Bukit Panjang,Great World,35
Bukit Panjang,Gul Circle,47
Bukit Panjang,HarbourFront,44
Bukit Panjang,Havelock,37
Bukit Panjang,Haw Par Villa,42
Bukit Panjang,Hillview,7
Bukit Panjang,Holland Village,33
Bukit Panjang,Hougang,48
Bukit Panjang,Hume,8
Bukit Panjang,Jalan Besar,44
Bukit Panjang,Joo Koon,44
Bukit Panjang,Jurong East,27
Bukit Panjang,Kaki Bukit,55
Bukit Panjang,Kallang,41
Bukit Panjang,Katong Park,52
Bukit Panjang,Kembangan,49
Bukit Panjang,Kent Ridge,40
Bukit Panjang,Khatib,48
Bukit Panjang,King Albert Park,14
Bukit Panjang,Kovan,46
Bukit Panjang,Kranji,28
Bukit Panjang,Labrador Park,47
Bukit Panjang,Lakeside,36
Bukit Panjang,Lavender,39
Bukit Panjang,Lentor,42
Bukit Panjang,Little India,27
Bukit Panjang,Lorong Chuan,41
Bukit Panjang,MacPherson,51
Bukit Panjang,Marina Bay,42
Bukit Panjang,Marina South Pier,46
Bukit Panjang,Marine Parade,55
Bukit Panjang,Marine Terrace,57
Bukit Panjang,Marsiling,31
Bukit Panjang,Marymount,35
Bukit Panjang,Mattar,50
Bukit Panjang,Maxwell,40
Bukit Panjang,Mayflower,39
Bukit Panjang,Mountbatten,44
Bukit Panjang,Napier,30
Bukit Panjang,Newton,24
Bukit Panjang,Nicoll Highway,40
Bukit Panjang,Novena,33
Bukit Panjang,Orchard,33
Bukit Panjang,Orchard Boulevard,31
Bukit Panjang,Outram Park,38
Bukit Panjang,Pasir Panjang,44
Bukit Panjang,Pasir Ris,65
Bukit Panjang,Paya Lebar,45
Bukit Panjang,Pioneer,41
Bukit Panjang,Potong Pasir,39
Bukit Panjang,Promenade,31
Bukit Panjang,Punggol,54
Bukit Panjang,Punggol Coast,56
Bukit Panjang,Queenstown,44
Bukit Panjang,Raffles Place,41
Bukit Panjang,Redhill,47
Bukit Panjang,Rochor,28
Bukit Panjang,Sembawang,40
Bukit Panjang,Sengkang,52
Bukit Panjang,Serangoon,43
Bukit Panjang,Shenton Way,42
Bukit Panjang,Siglap,59
Bukit Panjang,Simei,60
Bukit Panjang,Sixth Avenue,17
Bukit Panjang,Somerset,35
Bukit Panjang,Springleaf,45
Bukit Panjang,Stadium,42
Bukit Panjang,Stevens,22
Bukit Panjang,Tai Seng,49
Bukit Panjang,Tampines,62
Bukit Panjang,Tampines East,65
Bukit Panjang,Tampines West,61
Bukit Panjang,Tan Kah Kee,19
Bukit Panjang,Tanah Merah,55
Bukit Panjang,Tanjong Katong,54
Bukit Panjang,Tanjong Pagar,44
Bukit Panjang,Tanjong Rhu,50
Bukit Panjang,Telok Ayer,37
Bukit Panjang,Telok Blangah,49
Bukit Panjang,Tiong Bahru,48
Bukit Panjang,Toa Payoh,35
Bukit Panjang,Tuas Crescent,50
Bukit Panjang,Tuas Link,54
Bukit Panjang,Tuas West Road,52
Bukit Panjang,Ubi,54
Bukit Panjang,Upper Changi,69
Bukit Panjang,Upper Thomson,35
Bukit Panjang,Woodlands,34
Bukit Panjang,Woodlands North,44
Bukit Panjang,Woodlands South,44
Bukit Panjang,Woodleigh,41
Bukit Panjang,Yew Tee,20
Bukit Panjang,Yio Chu Kang,45
Bukit Panjang,Yishun,46
Bukit Panjang,one-north,38
Buona Vista,Admiralty,46
Buona Vista,Aljunied,30
Buona Vista,Ang Mo Kio,32
Buona Vista,Bartley,30
Buona Vista,Bayfront,32
Buona Vista,Bayshore,43
Buona Vista,Beauty World,26
Buona Vista,Bedok,39
Buona Vista,Bedok North,45
Buona Vista,Bedok Reservoir,47
Buona Vista,Bencoolen,32
Buona Vista,Bendemeer,36
Buona Vista,Bishan,22
Buona Vista,Boon Keng,32
Buona Vista,Boon Lay,20
Buona Vista,Botanic Gardens,12
Buona Vista,Braddell,30
Buona Vista,Bras Basah,35
Buona Vista,Bright Hill,29
Buona Vista,Buangkok,41
Buona Vista,Bugis,23
Buona Vista,Bukit Batok,20
Buona Vista,Bukit Gombak,22
Buona Vista,Bukit Panjang,35
Buona Vista,Buona Vista,0
Buona Vista,Caldecott,17
Buona Vista,Canberra,44
Buona Vista,Cashew,33
Buona Vista,Changi Airport,60
Buona Vista,Chinatown,22
Buona Vista,Chinese Garden,14
Buona Vista,Choa Chu Kang,26
Buona Vista,City Hall,21
Buona Vista,Clarke Quay,24
Buona Vista,Clementi,8
Buona Vista,Commonwealth,5
Buona Vista,Dakota,40
Buona Vista,Dhoby Ghaut,26
Buona Vista,Dover,6
Buona Vista,Downtown,30
Buona Vista,Esplanade,37
Buona Vista,Eunos,34
Buona Vista,Expo,54
Buona Vista,Farrer Park,30
Buona Vista,Farrer Road,10
Buona Vista,Fort Canning,30
Buona Vista,Gardens by the Bay,28
Buona Vista,Geylang Bahru,37
Buona Vista,Great World,24
Buona Vista,Gul Circle,28
Buona Vista,HarbourFront,20
Buona Vista,Havelock,23
Buona Vista,Haw Par Villa,11
Buona Vista,Hillview,32
Buona Vista,Holland Village,7
Buona Vista,Hougang,39
Buona Vista,Hume,28
Buona Vista,Jalan Besar,33
Buona Vista,Joo Koon,25
Buona Vista,Jurong East,12
Buona Vista,Kaki Bukit,43
Buona Vista,Kallang,27
Buona Vista,Katong Park,34
Buona Vista,Kembangan,36
Buona Vista,Kent Ridge,9
Buona Vista,Khatib,39
Buona Vista,King Albert Park,24
Buona Vista,Kovan,36
Buona Vista,Kranji,36
Buona Vista,Labrador Park,16
Buona Vista,Lakeside,17
Buona Vista,Lavender,25
Buona Vista,Lentor,34
Buona Vista,Little India,25
Buona Vista,Lorong Chuan,25
Buona Vista,MacPherson,35
Buona Vista,Marina Bay,24
Buona Vista,Marina South Pier,27
Buona Vista,Marine Parade,37
Buona Vista,Marine Terrace,39
Buona Vista,Marsiling,39
Buona Vista,Marymount,19
Buona Vista,Mattar,39
Buona Vista,Maxwell,22
Buona Vista,Mayflower,31
Buona Vista,Mountbatten,42
Buona Vista,Napier,28
Buona Vista,Newton,22
Buona Vista,Nicoll Highway,38
Buona Vista,Novena,31
Buona Vista,Orchard,26
Buona Vista,Orchard Boulevard,28
Buona Vista,Outram Park,14
Buona Vista,Pasir Panjang,14
Buona Vista,Pasir Ris,51
Buona Vista,Paya Lebar,32
Buona Vista,Pioneer,22
Buona Vista,Potong Pasir,35
Buona Vista,Promenade,29
Buona Vista,Punggol,46
Buona Vista,Punggol Coast,48
Buona Vista,Queenstown,7
Buona Vista,Raffles Place,19
Buona Vista,Redhill,10
Buona Vista,Rochor,26
Buona Vista,Sembawang,46
Buona Vista,Sengkang,43
Buona Vista,Serangoon,27
Buona Vista,Shenton Way,24
Buona Vista,Siglap,41
Buona Vista,Simei,46
Buona Vista,Sixth Avenue,22
Buona Vista,Somerset,28
Buona Vista,Springleaf,37
Buona Vista,Stadium,40
Buona Vista,Stevens,20
Buona Vista,Tai Seng,33
Buona Vista,Tampines,48
Buona Vista,Tampines East,53
Buona Vista,Tampines West,49
Buona Vista,Tan Kah Kee,20
Buona Vista,Tanah Merah,41
Buona Vista,Tanjong Katong,36
Buona Vista,Tanjong Pagar,16
Buona Vista,Tanjong Rhu,32
Buona Vista,Telok Ayer,29
Buona Vista,Telok Blangah,18
Buona Vista,Tiong Bahru,12
Buona Vista,Toa Payoh,32
Buona Vista,Tuas Crescent,30
Buona Vista,Tuas Link,35
Buona Vista,Tuas West Road,32
Buona Vista,Ubi,42
Buona Vista,Upper Changi,57
Buona Vista,Upper Thomson,27
Buona Vista,Woodlands,42
Buona Vista,Woodlands North,46
Buona Vista,Woodlands South,41
Buona Vista,Woodleigh,36
Buona Vista,Yew Tee,28
Buona Vista,Yio Chu Kang,34
Buona Vista,Yishun,41
Buona Vista,one-north,7
Caldecott,Admiralty,33
Caldecott,Aljunied,34
Caldecott,Ang Mo Kio,20
Caldecott,Bartley,18
Caldecott,Bayfront,24
Caldecott,Bayshore,41
Caldecott,Beauty World,22
Caldecott,Bedok,38
Caldecott,Bedok North,33
Caldecott,Bedok Reservoir,35
Caldecott,Bencoolen,32
Caldecott,Bendemeer,33
Caldecott,Bishan,10
Caldecott,Boon Keng,27
Caldecott,Boon Lay,40
Caldecott,Botanic Gardens,10
Caldecott,Braddell,18
Caldecott,Bras Basah,32
Caldecott,Bright Hill,9
Caldecott,Buangkok,29
Caldecott,Bugis,20
Caldecott,Bukit Batok,40
Caldecott,Bukit Gombak,42
Caldecott,Bukit Panjang,31
Caldecott,Buona Vista,17
Caldecott,Caldecott,0
Caldecott,Canberra,32
Caldecott,Cashew,29
Caldecott,Changi Airport,59
Caldecott,Chinatown,27
Caldecott,Chinese Garden,35
Caldecott,Choa Chu Kang,46
Caldecott,City Hall,25
Caldecott,Clarke Quay,27
Caldecott,Clementi,28
Caldecott,Commonwealth,26
Caldecott,Dakota,28
Caldecott,Dhoby Ghaut,23
Caldecott,Dover,26
Caldecott,Downtown,26
Caldecott,Esplanade,31
Caldecott,Eunos,33
Caldecott,Expo,46
Caldecott,Farrer Park,25
Caldecott,Farrer Road,12
Caldecott,Fort Canning,31
Caldecott,Gardens by the Bay,26
Caldecott,Geylang Bahru,31
Caldecott,Great World,15
Caldecott,Gul Circle,48
Caldecott,HarbourFront,29
Caldecott,Havelock,17
Caldecott,Haw Par Villa,24
Caldecott,Hillview,28
Caldecott,Holland Village,15
Caldecott,Hougang,27
Caldecott,Hume,24
Caldecott,Jalan Besar,34
Caldecott,Joo Koon,45
Caldecott,Jurong East,32
Caldecott,Kaki Bukit,31
Caldecott,Kallang,31
Caldecott,Katong Park,32
Caldecott,Kembangan,35
Caldecott,Kent Ridge,21
Caldecott,Khatib,27
Caldecott,King Albert Park,20
Caldecott,Kovan,24
Caldecott,Kranji,37
Caldecott,Labrador Park,28
Caldecott,Lakeside,37
Caldecott,Lavender,29
Caldecott,Lentor,13
Caldecott,Little India,17
Caldecott,Lorong Chuan,13
Caldecott,MacPherson,23
Caldecott,Marina Bay,23
Caldecott,Marina South Pier,31
Caldecott,Marine Parade,35
Caldecott,Marine Terrace,37
Caldecott,Marsiling,34
Caldecott,Marymount,7
Caldecott,Mattar,29
Caldecott,Maxwell,20
Caldecott,Mayflower,11
Caldecott,Mountbatten,30
Caldecott,Napier,10
Caldecott,Newton,15
Caldecott,Nicoll Highway,30
Caldecott,Novena,23
Caldecott,Orchard,13
Caldecott,Orchard Boulevard,11
Caldecott,Outram Park,18
Caldecott,Pasir Panjang,26
Caldecott,Pasir Ris,50
Caldecott,Paya Lebar,25
Caldecott,Pioneer,42
Caldecott,Potong Pasir,26
Caldecott,Promenade,22
Caldecott,Punggol,34
Caldecott,Punggol Coast,36
Caldecott,Queenstown,28
Caldecott,Raffles Place,27
Caldecott,Redhill,30
Caldecott,Rochor,18
Caldecott,Sembawang,34
Caldecott,Sengkang,31
Caldecott,Serangoon,15
Caldecott,Shenton Way,22
Caldecott,Siglap,39
Caldecott,Simei,45
Caldecott,Sixth Avenue,18
Caldecott,Somerset,21
Caldecott,Springleaf,16
Caldecott,Stadium,32
Caldecott,Stevens,7
Caldecott,Tai Seng,21
Caldecott,Tampines,39
Caldecott,Tampines East,41
Caldecott,Tampines West,37
Caldecott,Tan Kah Kee,16
Caldecott,Tanah Merah,41
Caldecott,Tanjong Katong,34
Caldecott,Tanjong Pagar,27
Caldecott,Tanjong Rhu,30
Caldecott,Telok Ayer,27
Caldecott,Telok Blangah,30
Caldecott,Tiong Bahru,28
Caldecott,Toa Payoh,20
Caldecott,Tuas Crescent,51
Caldecott,Tuas Link,55
Caldecott,Tuas West Road,53
Caldecott,Ubi,30
Caldecott,Upper Changi,45
Caldecott,Upper Thomson,6
Caldecott,Woodlands,23
Caldecott,Woodlands North,25
Caldecott,Woodlands South,21
Caldecott,Woodleigh,24
Caldecott,Yew Tee,45
Caldecott,Yio Chu Kang,22
Caldecott,Yishun,29
Caldecott,one-north,19
Canberra,Admiralty,9
Canberra,Aljunied,47
Canberra,Ang Mo Kio,16
Canberra,Bartley,35
Canberra,Bayfront,43
Canberra,Bayshore,62
Canberra,Beauty World,46
Canberra,Bedok,55
Canberra,Bedok North,50
Canberra,Bedok Reservoir,52
Canberra,Bencoolen,52
Canberra,Bendemeer,50
Canberra,Bishan,19
Canberra,Boon Keng,45
Canberra,Boon Lay,51
Canberra,Botanic Gardens,37
Canberra,Braddell,21
Canberra,Bras Basah,42
Canberra,Bright Hill,33
Canberra,Buangkok,46
Canberra,Bugis,39
Canberra,Bukit Batok,35
Canberra,Bukit Gombak,33
Canberra,Bukit Panjang,43
Canberra,Buona Vista,44
Canberra,Caldecott,32
Canberra,Canberra,0
Canberra,Cashew,50
Canberra,Changi Airport,76
Canberra,Chinatown,44
Canberra,Chinese Garden,45
Canberra,Choa Chu Kang,28
Canberra,City Hall,35
Canberra,Clarke Quay,43
Canberra,Clementi,47
Canberra,Commonwealth,53
Canberra,Dakota,45
Canberra,Dhoby Ghaut,33
Canberra,Dover,49
Canberra,Downtown,45
Canberra,Esplanade,44
Canberra,Eunos,50
Canberra,Expo,63
Canberra,Farrer Park,44
Canberra,Farrer Road,39
Canberra,Fort Canning,50
Canberra,Gardens by the Bay,47
Canberra,Geylang Bahru,48
Canberra,Great World,37
Canberra,Gul Circle,58
Canberra,HarbourFront,49
Canberra,Havelock,39
Canberra,Haw Par Villa,51
Canberra,Hillview,51
Canberra,Holland Village,42
Canberra,Hougang,44
Canberra,Hume,48
Canberra,Jalan Besar,52
Canberra,Joo Koon,55
Canberra,Jurong East,38
Canberra,Kaki Bukit,48
Canberra,Kallang,45
Canberra,Katong Park,53
Canberra,Kembangan,52
Canberra,Kent Ridge,48
Canberra,Khatib,8
Canberra,King Albert Park,44
Canberra,Kovan,41
Canberra,Kranji,18
Canberra,Labrador Park,55
Canberra,Lakeside,47
Canberra,Lavender,43
Canberra,Lentor,29
Canberra,Little India,36
Canberra,Lorong Chuan,30
Canberra,MacPherson,40
Canberra,Marina Bay,39
Canberra,Marina South Pier,41
Canberra,Marine Parade,56
Canberra,Marine Terrace,58
Canberra,Marsiling,15
Canberra,Marymount,30
Canberra,Mattar,46
Canberra,Maxwell,42
Canberra,Mayflower,31
Canberra,Mountbatten,47
Canberra,Napier,39
Canberra,Newton,27
Canberra,Nicoll Highway,49
Canberra,Novena,25
Canberra,Orchard,29
Canberra,Orchard Boulevard,37
Canberra,Outram Park,40
Canberra,Pasir Panjang,53
Canberra,Pasir Ris,67
Canberra,Paya Lebar,42
Canberra,Pioneer,52
Canberra,Potong Pasir,43
Canberra,Promenade,41
Canberra,Punggol,50
Canberra,Punggol Coast,52
Canberra,Queenstown,52
Canberra,Raffles Place,37
Canberra,Redhill,50
Canberra,Rochor,38
Canberra,Sembawang,6
Canberra,Sengkang,48
Canberra,Serangoon,32
Canberra,Shenton Way,44
Canberra,Siglap,60
Canberra,Simei,62
Canberra,Sixth Avenue,42
Canberra,Somerset,31
Canberra,Springleaf,26
Canberra,Stadium,49
Canberra,Stevens,36
Canberra,Tai Seng,38
Canberra,Tampines,56
Canberra,Tampines East,58
Canberra,Tampines West,54
Canberra,Tan Kah Kee,40
Canberra,Tanah Merah,58
Canberra,Tanjong Katong,55
Canberra,Tanjong Pagar,43
Canberra,Tanjong Rhu,51
Canberra,Telok Ayer,47
Canberra,Telok Blangah,57
Canberra,Tiong Bahru,48
Canberra,Toa Payoh,23
Canberra,Tuas Crescent,61
Canberra,Tuas Link,65
Canberra,Tuas West Road,63
Canberra,Ubi,46
Canberra,Upper Changi,62
Canberra,Upper Thomson,36
Canberra,Woodlands,12
Canberra,Woodlands North,22
Canberra,Woodlands South,21
Canberra,Woodleigh,41
Canberra,Yew Tee,26
Canberra,Yio Chu Kang,13
Canberra,Yishun,6
Canberra,one-north,46
Cashew,Admiralty,45
Cashew,Aljunied,41
Cashew,Ang Mo Kio,41
Cashew,Bartley,44
Cashew,Bayfront,32
Cashew,Bayshore,59
Cashew,Beauty World,10
Cashew,Bedok,50
Cashew,Bedok North,55
Cashew,Bedok Reservoir,57
Cashew,Bencoolen,40
Cashew,Bendemeer,44
Cashew,Bishan,36
Cashew,Boon Keng,34
Cashew,Boon Lay,47
Cashew,Botanic Gardens,18
Cashew,Braddell,35
Cashew,Bras Basah,40
Cashew,Bright Hill,35
Cashew,Buangkok,48
Cashew,Bugis,28
Cashew,Bukit Batok,31
Cashew,Bukit Gombak,29
Cashew,Bukit Panjang,6
Cashew,Buona Vista,33
Cashew,Caldecott,29
Cashew,Canberra,50
Cashew,Cashew,0
Cashew,Changi Airport,71
Cashew,Chinatown,36
Cashew,Chinese Garden,42
Cashew,Choa Chu Kang,21
Cashew,City Hall,37
Cashew,Clarke Quay,35
Cashew,Clementi,43
Cashew,Commonwealth,42
Cashew,Dakota,44
Cashew,Dhoby Ghaut,33
Cashew,Dover,42
Cashew,Downtown,33
Cashew,Esplanade,38
Cashew,Eunos,46
Cashew,Expo,66
Cashew,Farrer Park,32
Cashew,Farrer Road,29
Cashew,Fort Canning,39
Cashew,Gardens by the Bay,44
Cashew,Geylang Bahru,46
Cashew,Great World,33
Cashew,Gul Circle,55
Cashew,HarbourFront,42
Cashew,Havelock,35
Cashew,Haw Par Villa,40
Cashew,Hillview,5
Cashew,Holland Village,31
Cashew,Hougang,46
Cashew,Hume,6
Cashew,Jalan Besar,42
Cashew,Joo Koon,52
Cashew,Jurong East,35
Cashew,Kaki Bukit,53
Cashew,Kallang,39
Cashew,Katong Park,50
Cashew,Kembangan,47
Cashew,Kent Ridge,38
Cashew,Khatib,48
Cashew,King Albert Park,12
Cashew,Kovan,44
Cashew,Kranji,35
Cashew,Labrador Park,45
Cashew,Lakeside,44
Cashew,Lavender,37
Cashew,Lentor,40
Cashew,Little India,25
Cashew,Lorong Chuan,39
Cashew,MacPherson,49
Cashew,Marina Bay,40
Cashew,Marina South Pier,44
Cashew,Marine Parade,53
Cashew,Marine Terrace,55
Cashew,Marsiling,38
Cashew,Marymount,33
Cashew,Mattar,48
Cashew,Maxwell,38
Cashew,Mayflower,37
Cashew,Mountbatten,42
Cashew,Napier,28
Cashew,Newton,22
Cashew,Nicoll Highway,38
Cashew,Novena,31
Cashew,Orchard,31
Cashew,Orchard Boulevard,29
Cashew,Outram Park,36
Cashew,Pasir Panjang,42
Cashew,Pasir Ris,63
Cashew,Paya Lebar,43
Cashew,Pioneer,49
Cashew,Potong Pasir,37
Cashew,Promenade,29
Cashew,Punggol,52
Cashew,Punggol Coast,54
Cashew,Queenstown,44
Cashew,Raffles Place,39
Cashew,Redhill,46
Cashew,Rochor,26
Cashew,Sembawang,48
Cashew,Sengkang,50
Cashew,Serangoon,41
Cashew,Shenton Way,40
Cashew,Siglap,57
Cashew,Simei,58
Cashew,Sixth Avenue,15
Cashew,Somerset,33
Cashew,Springleaf,43
Cashew,Stadium,40
Cashew,Stevens,20
Cashew,Tai Seng,47
Cashew,Tampines,60
Cashew,Tampines East,63
Cashew,Tampines West,59
Cashew,Tan Kah Kee,17
Cashew,Tanah Merah,53
Cashew,Tanjong Katong,52
Cashew,Tanjong Pagar,42
Cashew,Tanjong Rhu,48
Cashew,Telok Ayer,35
Cashew,Telok Blangah,47
Cashew,Tiong Bahru,46
Cashew,Toa Payoh,33
Cashew,Tuas Crescent,57
Cashew,Tuas Link,62
Cashew,Tuas West Road,60
Cashew,Ubi,52
Cashew,Upper Changi,67
Cashew,Upper Thomson,33
Cashew,Woodlands,42
Cashew,Woodlands North,52
Cashew,Woodlands South,47
Cashew,Woodleigh,39
Cashew,Yew Tee,27
Cashew,Yio Chu Kang,43
Cashew,Yishun,50
Cashew,one-north,36
Changi Airport,Admiralty,82
Changi Airport,Aljunied,33
Changi Airport,Ang Mo Kio,64
Changi Airport,Bartley,46
Changi Airport,Bayfront,51
Changi Airport,Bayshore,73
Changi Airport,Beauty World,64
Changi Airport,Bedok,24
Changi Airport,Bedok North,33
Changi Airport,Bedok Reservoir,31
Changi Airport,Bencoolen,48
Changi Airport,Bendemeer,44
Changi Airport,Bishan,54
Changi Airport,Boon Keng,60
Changi Airport,Boon Lay,77
Changi Airport,Botanic Gardens,56
Changi Airport,Braddell,59
Changi Airport,Bras Basah,54
Changi Airport,Bright Hill,70
Changi Airport,Buangkok,63
Changi Airport,Bugis,39
Changi Airport,Bukit Batok,76
Changi Airport,Bukit Gombak,78
Changi Airport,Bukit Panjang,73
Changi Airport,Buona Vista,60
Changi Airport,Caldecott,59
Changi Airport,Canberra,76
Changi Airport,Cashew,71
Changi Airport,Changi Airport,0
Changi Airport,Chinatown,52
Changi Airport,Chinese Garden,71
Changi Airport,Choa Chu Kang,82
Changi Airport,City Hall,42
Changi Airport,Clarke Quay,58
Changi Airport,Clementi,64
Changi Airport,Commonwealth,58
Changi Airport,Dakota,41
Changi Airport,Dhoby Ghaut,48
Changi Airport,Dover,62
Changi Airport,Downtown,53
Changi Airport,Esplanade,52
Changi Airport,Eunos,29
Changi Airport,Expo,14
Changi Airport,Farrer Park,58
Changi Airport,Farrer Road,66
Changi Airport,Fort Canning,50
Changi Airport,Gardens by the Bay,58
Changi Airport,Geylang Bahru,42
Changi Airport,Great World,58
Changi Airport,Gul Circle,84
Changi Airport,HarbourFront,58
Changi Airport,Havelock,57
Changi Airport,Haw Par Villa,74
Changi Airport,Hillview,70
Changi Airport,Holland Village,69
Changi Airport,Hougang,61
Changi Airport,Hume,66
Changi Airport,Jalan Besar,46
Changi Airport,Joo Koon,81
Changi Airport,Jurong East,68
Changi Airport,Kaki Bukit,35
Changi Airport,Kallang,35
Changi Airport,Katong Park,64
Changi Airport,Kembangan,27
Changi Airport,Kent Ridge,72
Changi Airport,Khatib,71
Changi Airport,King Albert Park,62
Changi Airport,Kovan,58
Changi Airport,Kranji,91
Changi Airport,Labrador Park,69
Changi Airport,Lakeside,73
Changi Airport,Lavender,37
Changi Airport,Lentor,74
Changi Airport,Little India,50
Changi Airport,Lorong Chuan,51
Changi Airport,MacPherson,38
Changi Airport,Marina Bay,50
Changi Airport,Marina South Pier,52
Changi Airport,Marine Parade,67
Changi Airport,Marine Terrace,69
Changi Airport,Marsiling,88
Changi Airport,Marymount,57
Changi Airport,Mattar,40
Changi Airport,Maxwell,56
Changi Airport,Mayflower,72
Changi Airport,Mountbatten,43
Changi Airport,Napier,61
Changi Airport,Newton,52
Changi Airport,Nicoll Highway,47
Changi Airport,Novena,55
Changi Airport,Orchard,51
Changi Airport,Orchard Boulevard,59
Changi Airport,Outram Park,48
Changi Airport,Pasir Panjang,72
Changi Airport,Pasir Ris,32
Changi Airport,Paya Lebar,31
Changi Airport,Pioneer,78
Changi Airport,Potong Pasir,60
Changi Airport,Promenade,49
Changi Airport,Punggol,67
Changi Airport,Punggol Coast,69
Changi Airport,Queenstown,56
Changi Airport,Raffles Place,44
Changi Airport,Redhill,53
Changi Airport,Rochor,49
Changi Airport,Sembawang,78
Changi Airport,Sengkang,65
Changi Airport,Serangoon,49
Changi Airport,Shenton Way,57
Changi Airport,Siglap,71
Changi Airport,Simei,26
Changi Airport,Sixth Avenue,60
Changi Airport,Somerset,49
Changi Airport,Springleaf,77
Changi Airport,Stadium,45
Changi Airport,Stevens,54
Changi Airport,Tai Seng,43
Changi Airport,Tampines,27
Changi Airport,Tampines East,25
Changi Airport,Tampines West,29
Changi Airport,Tan Kah Kee,58
Changi Airport,Tanah Merah,18
Changi Airport,Tanjong Katong,66
Changi Airport,Tanjong Pagar,46
Changi Airport,Tanjong Rhu,62
Changi Airport,Telok Ayer,53
Changi Airport,Telok Blangah,68
Changi Airport,Tiong Bahru,51
Changi Airport,Toa Payoh,58
Changi Airport,Tuas Crescent,87
Changi Airport,Tuas Link,91
Changi Airport,Tuas West Road,89
Changi Airport,Ubi,37
Changi Airport,Upper Changi,22
Changi Airport,Upper Thomson,67
Changi Airport,Woodlands,84
Changi Airport,Woodlands North,86
Changi Airport,Woodlands South,81
Changi Airport,Woodleigh,58
Changi Airport,Yew Tee,85
Changi Airport,Yio Chu Kang,66
Changi Airport,Yishun,73
Changi Airport,one-north,70
Chinatown,Admiralty,50
Chinatown,Aljunied,26
Chinatown,Ang Mo Kio,32
Chinatown,Bartley,28
Chinatown,Bayfront,8
Chinatown,Bayshore,34
Chinatown,Beauty World,29
Chinatown,Bedok,35
Chinatown,Bedok North,22
Chinatown,Bedok Reservoir,24
Chinatown,Bencoolen,8
Chinatown,Bendemeer,12
Chinatown,Bishan,29
Chinatown,Boon Keng,13
Chinatown,Boon Lay,40
Chinatown,Botanic Gardens,21
Chinatown,Braddell,26
Chinatown,Bras Basah,16
Chinatown,Bright Hill,33
Chinatown,Buangkok,27
Chinatown,Bugis,12
Chinatown,Bukit Batok,39
Chinatown,Bukit Gombak,41
Chinatown,Bukit Panjang,38
Chinatown,Buona Vista,22
Chinatown,Caldecott,27
Chinatown,Canberra,44
Chinatown,Cashew,36
Chinatown,Changi Airport,52
Chinatown,Chinatown,0
Chinatown,Chinese Garden,34
Chinatown,Choa Chu Kang,45
Chinatown,City Hall,17
Chinatown,Clarke Quay,5
Chinatown,Clementi,27
Chinatown,Commonwealth,20
Chinatown,Dakota,25
Chinatown,Dhoby Ghaut,7
Chinatown,Dover,25
Chinatown,Downtown,6
Chinatown,Esplanade,18
Chinatown,Eunos,30
Chinatown,Expo,35
Chinatown,Farrer Park,11
Chinatown,Farrer Road,32
Chinatown,Fort Canning,6
Chinatown,Gardens by the Bay,19
Chinatown,Geylang Bahru,13
Chinatown,Great World,15
Chinatown,Gul Circle,47
Chinatown,HarbourFront,9
Chinatown,Havelock,14
Chinatown,Haw Par Villa,24
Chinatown,Hillview,35
Chinatown,Holland Village,33
Chinatown,Hougang,25
Chinatown,Hume,31
Chinatown,Jalan Besar,9
Chinatown,Joo Koon,44
Chinatown,Jurong East,31
Chinatown,Kaki Bukit,21
Chinatown,Kallang,24
Chinatown,Katong Park,25
Chinatown,Kembangan,32
Chinatown,Kent Ridge,27
Chinatown,Khatib,39
Chinatown,King Albert Park,27
Chinatown,Kovan,22
Chinatown,Kranji,55
Chinatown,Labrador Park,20
Chinatown,Lakeside,36
Chinatown,Lavender,22
Chinatown,Lentor,38
Chinatown,Little India,9
Chinatown,Lorong Chuan,30
Chinatown,MacPherson,17
Chinatown,Marina Bay,16
Chinatown,Marina South Pier,23
Chinatown,Marine Parade,28
Chinatown,Marine Terrace,30
Chinatown,Marsiling,56
Chinatown,Marymount,36
Chinatown,Mattar,15
Chinatown,Maxwell,13
Chinatown,Mayflower,35
Chinatown,Mountbatten,23
Chinatown,Napier,21
Chinatown,Newton,17
Chinatown,Nicoll Highway,19
Chinatown,Novena,22
Chinatown,Orchard,17
Chinatown,Orchard Boulevard,19
Chinatown,Outram Park,5
Chinatown,Pasir Panjang,22
Chinatown,Pasir Ris,39
Chinatown,Paya Lebar,25
Chinatown,Pioneer,41
Chinatown,Potong Pasir,16
Chinatown,Promenade,10
Chinatown,Punggol,31
Chinatown,Punggol Coast,33
Chinatown,Queenstown,18
Chinatown,Raffles Place,16
Chinatown,Redhill,16
Chinatown,Rochor,14
Chinatown,Sembawang,47
Chinatown,Sengkang,29
Chinatown,Serangoon,20
Chinatown,Shenton Way,15
Chinatown,Siglap,32
Chinatown,Simei,39
Chinatown,Sixth Avenue,25
Chinatown,Somerset,16
Chinatown,Springleaf,41
Chinatown,Stadium,21
Chinatown,Stevens,20
Chinatown,Tai Seng,25
Chinatown,Tampines,28
Chinatown,Tampines East,31
Chinatown,Tampines West,26
Chinatown,Tan Kah Kee,23
Chinatown,Tanah Merah,37
Chinatown,Tanjong Katong,27
Chinatown,Tanjong Pagar,14
Chinatown,Tanjong Rhu,23
Chinatown,Telok Ayer,5
Chinatown,Telok Blangah,18
Chinatown,Tiong Bahru,14
Chinatown,Toa Payoh,25
Chinatown,Tuas Crescent,50
Chinatown,Tuas Link,54
Chinatown,Tuas West Road,52
Chinatown,Ubi,19
Chinatown,Upper Changi,34
Chinatown,Upper Thomson,31
Chinatown,Woodlands,47
Chinatown,Woodlands North,50
Chinatown,Woodlands South,45
Chinatown,Woodleigh,18
Chinatown,Yew Tee,48
Chinatown,Yio Chu Kang,34
Chinatown,Yishun,41
Chinatown,one-north,29
Chinese Garden,Admiralty,39
Chinese Garden,Aljunied,41
Chinese Garden,Ang Mo Kio,49
Chinese Garden,Bartley,48
Chinese Garden,Bayfront,44
Chinese Garden,Bayshore,54
Chinese Garden,Beauty World,44
Chinese Garden,Bedok,50
Chinese Garden,Bedok North,58
Chinese Garden,Bedok Reservoir,59
Chinese Garden,Bencoolen,43
Chinese Garden,Bendemeer,47
Chinese Garden,Bishan,40
Chinese Garden,Boon Keng,44
Chinese Garden,Boon Lay,9
Chinese Garden,Botanic Gardens,30
Chinese Garden,Braddell,48
Chinese Garden,Bras Basah,47
Chinese Garden,Bright Hill,47
Chinese Garden,Buangkok,57
Chinese Garden,Bugis,35
Chinese Garden,Bukit Batok,14
Chinese Garden,Bukit Gombak,16
Chinese Garden,Bukit Panjang,34
Chinese Garden,Buona Vista,14
Chinese Garden,Caldecott,35
Chinese Garden,Canberra,45
Chinese Garden,Cashew,42
Chinese Garden,Changi Airport,71
Chinese Garden,Chinatown,34
Chinese Garden,Chinese Garden,0
Chinese Garden,Choa Chu Kang,20
Chinese Garden,City Hall,32
Chinese Garden,Clarke Quay,36
Chinese Garden,Clementi,10
Chinese Garden,Commonwealth,17
Chinese Garden,Dakota,53
Chinese Garden,Dhoby Ghaut,38
Chinese Garden,Dover,12
Chinese Garden,Downtown,42
Chinese Garden,Esplanade,49
Chinese Garden,Eunos,45
Chinese Garden,Expo,65
Chinese Garden,Farrer Park,42
Chinese Garden,Farrer Road,28
Chinese Garden,Fort Canning,41
Chinese Garden,Gardens by the Bay,39
Chinese Garden,Geylang Bahru,49
Chinese Garden,Great World,35
Chinese Garden,Gul Circle,17
Chinese Garden,HarbourFront,35
Chinese Garden,Havelock,34
Chinese Garden,Haw Par Villa,29
Chinese Garden,Hillview,43
Chinese Garden,Holland Village,25
Chinese Garden,Hougang,55
Chinese Garden,Hume,44
Chinese Garden,Jalan Besar,45
Chinese Garden,Joo Koon,14
Chinese Garden,Jurong East,6
Chinese Garden,Kaki Bukit,56
Chinese Garden,Kallang,39
Chinese Garden,Katong Park,45
Chinese Garden,Kembangan,47
Chinese Garden,Kent Ridge,27
Chinese Garden,Khatib,50
Chinese Garden,King Albert Park,42
Chinese Garden,Kovan,53
Chinese Garden,Kranji,30
Chinese Garden,Labrador Park,34
Chinese Garden,Lakeside,6
Chinese Garden,Lavender,37
Chinese Garden,Lentor,52
Chinese Garden,Little India,40
Chinese Garden,Lorong Chuan,43
Chinese Garden,MacPherson,52
Chinese Garden,Marina Bay,36
Chinese Garden,Marina South Pier,38
Chinese Garden,Marine Parade,48
Chinese Garden,Marine Terrace,50
Chinese Garden,Marsiling,33
Chinese Garden,Marymount,37
Chinese Garden,Mattar,50
Chinese Garden,Maxwell,34
Chinese Garden,Mayflower,49
Chinese Garden,Mountbatten,55
Chinese Garden,Napier,41
Chinese Garden,Newton,40
Chinese Garden,Nicoll Highway,53
Chinese Garden,Novena,46
Chinese Garden,Orchard,37
Chinese Garden,Orchard Boulevard,39
Chinese Garden,Outram Park,26
Chinese Garden,Pasir Panjang,31
Chinese Garden,Pasir Ris,63
Chinese Garden,Paya Lebar,43
Chinese Garden,Pioneer,10
Chinese Garden,Potong Pasir,46
Chinese Garden,Promenade,44
Chinese Garden,Punggol,62
Chinese Garden,Punggol Coast,64
Chinese Garden,Queenstown,19
Chinese Garden,Raffles Place,30
Chinese Garden,Redhill,21
Chinese Garden,Rochor,44
Chinese Garden,Sembawang,43
Chinese Garden,Sengkang,59
Chinese Garden,Serangoon,45
Chinese Garden,Shenton Way,35
Chinese Garden,Siglap,52
Chinese Garden,Simei,57
Chinese Garden,Sixth Avenue,40
Chinese Garden,Somerset,40
Chinese Garden,Springleaf,51
Chinese Garden,Stadium,55
Chinese Garden,Stevens,38
Chinese Garden,Tai Seng,51
Chinese Garden,Tampines,59
Chinese Garden,Tampines East,66
Chinese Garden,Tampines West,62
Chinese Garden,Tan Kah Kee,38
Chinese Garden,Tanah Merah,53
Chinese Garden,Tanjong Katong,47
Chinese Garden,Tanjong Pagar,28
Chinese Garden,Tanjong Rhu,43
Chinese Garden,Telok Ayer,40
Chinese Garden,Telok Blangah,36
Chinese Garden,Tiong Bahru,23
Chinese Garden,Toa Payoh,48
Chinese Garden,Tuas Crescent,19
Chinese Garden,Tuas Link,23
Chinese Garden,Tuas West Road,21
Chinese Garden,Ubi,54
Chinese Garden,Upper Changi,69
Chinese Garden,Upper Thomson,45
Chinese Garden,Woodlands,36
Chinese Garden,Woodlands North,46
Chinese Garden,Woodlands South,46
Chinese Garden,Woodleigh,48
Chinese Garden,Yew Tee,22
Chinese Garden,Yio Chu Kang,52
Chinese Garden,Yishun,48
Chinese Garden,one-north,25
Choa Chu Kang,Admiralty,23
Choa Chu Kang,Aljunied,52
Choa Chu Kang,Ang Mo Kio,41
Choa Chu Kang,Bartley,60
Choa Chu Kang,Bayfront,49
Choa Chu Kang,Bayshore,66
Choa Chu Kang,Beauty World,28
Choa Chu Kang,Bedok,61
Choa Chu Kang,Bedok North,69
Choa Chu Kang,Bedok Reservoir,71
Choa Chu Kang,Bencoolen,54
Choa Chu Kang,Bendemeer,58
Choa Chu Kang,Bishan,44
Choa Chu Kang,Boon Keng,52
Choa Chu Kang,Boon Lay,25
Choa Chu Kang,Botanic Gardens,36
Choa Chu Kang,Braddell,46
Choa Chu Kang,Bras Basah,58
Choa Chu Kang,Bright Hill,42
Choa Chu Kang,Buangkok,65
Choa Chu Kang,Bugis,45
Choa Chu Kang,Bukit Batok,9
Choa Chu Kang,Bukit Gombak,7
Choa Chu Kang,Bukit Panjang,13
Choa Chu Kang,Buona Vista,26
Choa Chu Kang,Caldecott,46
Choa Chu Kang,Canberra,28
Choa Chu Kang,Cashew,21
Choa Chu Kang,Changi Airport,82
Choa Chu Kang,Chinatown,45
Choa Chu Kang,Chinese Garden,20
Choa Chu Kang,Choa Chu Kang,0
Choa Chu Kang,City Hall,44
Choa Chu Kang,Clarke Quay,47
Choa Chu Kang,Clementi,21
Choa Chu Kang,Commonwealth,28
Choa Chu Kang,Dakota,61
Choa Chu Kang,Dhoby Ghaut,49
Choa Chu Kang,Dover,24
Choa Chu Kang,Downtown,51
Choa Chu Kang,Esplanade,56
Choa Chu Kang,Eunos,57
Choa Chu Kang,Expo,77
Choa Chu Kang,Farrer Park,50
Choa Chu Kang,Farrer Road,39
Choa Chu Kang,Fort Canning,53
Choa Chu Kang,Gardens by the Bay,51
Choa Chu Kang,Geylang Bahru,60
Choa Chu Kang,Great World,47
Choa Chu Kang,Gul Circle,33
Choa Chu Kang,HarbourFront,47
Choa Chu Kang,Havelock,45
Choa Chu Kang,Haw Par Villa,41
Choa Chu Kang,Hillview,22
Choa Chu Kang,Holland Village,36
Choa Chu Kang,Hougang,63
Choa Chu Kang,Hume,23
Choa Chu Kang,Jalan Besar,56
Choa Chu Kang,Joo Koon,30
Choa Chu Kang,Jurong East,13
Choa Chu Kang,Kaki Bukit,67
Choa Chu Kang,Kallang,50
Choa Chu Kang,Katong Park,57
Choa Chu Kang,Kembangan,59
Choa Chu Kang,Kent Ridge,38
Choa Chu Kang,Khatib,34
Choa Chu Kang,King Albert Park,30
Choa Chu Kang,Kovan,61
Choa Chu Kang,Kranji,13
Choa Chu Kang,Labrador Park,45
Choa Chu Kang,Lakeside,22
Choa Chu Kang,Lavender,48
Choa Chu Kang,Lentor,37
Choa Chu Kang,Little India,42
Choa Chu Kang,Lorong Chuan,54
Choa Chu Kang,MacPherson,63
Choa Chu Kang,Marina Bay,47
Choa Chu Kang,Marina South Pier,50
Choa Chu Kang,Marine Parade,60
Choa Chu Kang,Marine Terrace,62
Choa Chu Kang,Marsiling,16
Choa Chu Kang,Marymount,49
Choa Chu Kang,Mattar,62
Choa Chu Kang,Maxwell,45
Choa Chu Kang,Mayflower,40
Choa Chu Kang,Mountbatten,60
Choa Chu Kang,Napier,45
Choa Chu Kang,Newton,40
Choa Chu Kang,Nicoll Highway,55
Choa Chu Kang,Novena,49
Choa Chu Kang,Orchard,48
Choa Chu Kang,Orchard Boulevard,47
Choa Chu Kang,Outram Park,37
Choa Chu Kang,Pasir Panjang,43
Choa Chu Kang,Pasir Ris,74
Choa Chu Kang,Paya Lebar,55
Choa Chu Kang,Pioneer,27
Choa Chu Kang,Potong Pasir,54
Choa Chu Kang,Promenade,47
Choa Chu Kang,Punggol,70
Choa Chu Kang,Punggol Coast,72
Choa Chu Kang,Queenstown,30
Choa Chu Kang,Raffles Place,42
Choa Chu Kang,Redhill,32
Choa Chu Kang,Rochor,43
Choa Chu Kang,Sembawang,26
Choa Chu Kang,Sengkang,67
Choa Chu Kang,Serangoon,56
Choa Chu Kang,Shenton Way,47
Choa Chu Kang,Siglap,64
Choa Chu Kang,Simei,69
Choa Chu Kang,Sixth Avenue,32
Choa Chu Kang,Somerset,51
Choa Chu Kang,Springleaf,34
Choa Chu Kang,Stadium,58
Choa Chu Kang,Stevens,38
Choa Chu Kang,Tai Seng,62
Choa Chu Kang,Tampines,71
Choa Chu Kang,Tampines East,78
Choa Chu Kang,Tampines West,73
Choa Chu Kang,Tan Kah Kee,34
Choa Chu Kang,Tanah Merah,64
Choa Chu Kang,Tanjong Katong,59
Choa Chu Kang,Tanjong Pagar,39
Choa Chu Kang,Tanjong Rhu,55
Choa Chu Kang,Telok Ayer,52
Choa Chu Kang,Telok Blangah,47
Choa Chu Kang,Tiong Bahru,34
Choa Chu Kang,Toa Payoh,48
Choa Chu Kang,Tuas Crescent,36
Choa Chu Kang,Tuas Link,40
Choa Chu Kang,Tuas West Road,38
Choa Chu Kang,Ubi,66
Choa Chu Kang,Upper Changi,81
Choa Chu Kang,Upper Thomson,44
Choa Chu Kang,Woodlands,20
Choa Chu Kang,Woodlands North,30
Choa Chu Kang,Woodlands South,30
Choa Chu Kang,Woodleigh,56
Choa Chu Kang,Yew Tee,6
Choa Chu Kang,Yio Chu Kang,39
Choa Chu Kang,Yishun,31
Choa Chu Kang,one-north,36
City Hall,Admiralty,40
City Hall,Aljunied,12
City Hall,Ang Mo Kio,22
City Hall,Bartley,29
City Hall,Bayfront,17
City Hall,Bayshore,31
City Hall,Beauty World,30
City Hall,Bedok,21
City Hall,Bedok North,34
City Hall,Bedok Reservoir,36
City Hall,Bencoolen,26
City Hall,Bendemeer,30
City Hall,Bishan,19
City Hall,Boon Keng,19
City Hall,Boon Lay,38
City Hall,Botanic Gardens,22
City Hall,Braddell,17
City Hall,Bras Basah,15
City Hall,Bright Hill,31
City Hall,Buangkok,32
City Hall,Bugis,6
City Hall,Bukit Batok,38
City Hall,Bukit Gombak,40
City Hall,Bukit Panjang,39
City Hall,Buona Vista,21
City Hall,Caldecott,25
City Hall,Canberra,35
City Hall,Cashew,37
City Hall,Changi Airport,42
City Hall,Chinatown,17
City Hall,Chinese Garden,32
City Hall,Choa Chu Kang,44
City Hall,City Hall,0
City Hall,Clarke Quay,15
City Hall,Clementi,26
City Hall,Commonwealth,19
City Hall,Dakota,24
City Hall,Dhoby Ghaut,5
City Hall,Dover,23
City Hall,Downtown,19
City Hall,Esplanade,17
City Hall,Eunos,16
City Hall,Expo,36
City Hall,Farrer Park,17
City Hall,Farrer Road,32
City Hall,Fort Canning,24
City Hall,Gardens by the Bay,16
City Hall,Geylang Bahru,32
City Hall,Great World,17
City Hall,Gul Circle,46
City Hall,HarbourFront,20
City Hall,Havelock,18
City Hall,Haw Par Villa,36
City Hall,Hillview,35
City Hall,Holland Village,31
City Hall,Hougang,30
City Hall,Hume,32
City Hall,Jalan Besar,27
City Hall,Joo Koon,43
City Hall,Jurong East,30
City Hall,Kaki Bukit,32
City Hall,Kallang,10
City Hall,Katong Park,22
City Hall,Kembangan,18
City Hall,Kent Ridge,33
City Hall,Khatib,30
City Hall,King Albert Park,28
City Hall,Kovan,28
City Hall,Kranji,50
City Hall,Labrador Park,31
City Hall,Lakeside,34
City Hall,Lavender,8
City Hall,Lentor,36
City Hall,Little India,15
City Hall,Lorong Chuan,30
City Hall,MacPherson,24
City Hall,Marina Bay,7
City Hall,Marina South Pier,10
City Hall,Marine Parade,25
City Hall,Marine Terrace,27
City Hall,Marsiling,47
City Hall,Marymount,30
City Hall,Mattar,30
City Hall,Maxwell,17
City Hall,Mayflower,33
City Hall,Mountbatten,25
City Hall,Napier,18
City Hall,Newton,11
City Hall,Nicoll Highway,21
City Hall,Novena,13
City Hall,Orchard,9
City Hall,Orchard Boulevard,17
City Hall,Outram Park,10
City Hall,Pasir Panjang,33
City Hall,Pasir Ris,34
City Hall,Paya Lebar,14
City Hall,Pioneer,40
City Hall,Potong Pasir,21
City Hall,Promenade,15
City Hall,Punggol,37
City Hall,Punggol Coast,39
City Hall,Queenstown,17
City Hall,Raffles Place,5
City Hall,Redhill,15
City Hall,Rochor,15
City Hall,Sembawang,37
City Hall,Sengkang,34
City Hall,Serangoon,25
City Hall,Shenton Way,15
City Hall,Siglap,29
City Hall,Simei,28
City Hall,Sixth Avenue,26
City Hall,Somerset,7
City Hall,Springleaf,38
City Hall,Stadium,24
City Hall,Stevens,20
City Hall,Tai Seng,26
City Hall,Tampines,30
City Hall,Tampines East,41
City Hall,Tampines West,38
City Hall,Tan Kah Kee,24
City Hall,Tanah Merah,24
City Hall,Tanjong Katong,24
City Hall,Tanjong Pagar,8
City Hall,Tanjong Rhu,20
City Hall,Telok Ayer,20
City Hall,Telok Blangah,29
City Hall,Tiong Bahru,13
City Hall,Toa Payoh,15
City Hall,Tuas Crescent,48
City Hall,Tuas Link,52
City Hall,Tuas West Road,50
City Hall,Ubi,31
City Hall,Upper Changi,44
City Hall,Upper Thomson,29
City Hall,Woodlands,43
City Hall,Woodlands North,48
City Hall,Woodlands South,43
City Hall,Woodleigh,23
City Hall,Yew Tee,46
City Hall,Yio Chu Kang,25
City Hall,Yishun,32
City Hall,one-north,31
Clarke Quay,Admiralty,48
Clarke Quay,Aljunied,28
Clarke Quay,Ang Mo Kio,30
Clarke Quay,Bartley,30
Clarke Quay,Bayfront,15
Clarke Quay,Bayshore,36
Clarke Quay,Beauty World,28
Clarke Quay,Bedok,37
Clarke Quay,Bedok North,29
Clarke Quay,Bedok Reservoir,31
Clarke Quay,Bencoolen,14
Clarke Quay,Bendemeer,18
Clarke Quay,Bishan,27
Clarke Quay,Boon Keng,12
Clarke Quay,Boon Lay,41
Clarke Quay,Botanic Gardens,20
Clarke Quay,Braddell,25
Clarke Quay,Bras Basah,15
Clarke Quay,Bright Hill,33
Clarke Quay,Buangkok,25
Clarke Quay,Bugis,17
Clarke Quay,Bukit Batok,41
Clarke Quay,Bukit Gombak,43
Clarke Quay,Bukit Panjang,37
Clarke Quay,Buona Vista,24
Clarke Quay,Caldecott,27
Clarke Quay,Canberra,43
Clarke Quay,Cashew,35
Clarke Quay,Changi Airport,58
Clarke Quay,Chinatown,5
Clarke Quay,Chinese Garden,36
Clarke Quay,Choa Chu Kang,47
Clarke Quay,City Hall,15
Clarke Quay,Clarke Quay,0
Clarke Quay,Clementi,29
Clarke Quay,Commonwealth,22
Clarke Quay,Dakota,27
Clarke Quay,Dhoby Ghaut,6
Clarke Quay,Dover,26
Clarke Quay,Downtown,13
Clarke Quay,Esplanade,17
Clarke Quay,Eunos,32
Clarke Quay,Expo,42
Clarke Quay,Farrer Park,10
Clarke Quay,Farrer Road,30
Clarke Quay,Fort Canning,12
Clarke Quay,Gardens by the Bay,21
Clarke Quay,Geylang Bahru,20
Clarke Quay,Great World,17
Clarke Quay,Gul Circle,49
Clarke Quay,HarbourFront,10
Clarke Quay,Havelock,15
Clarke Quay,Haw Par Villa,26
Clarke Quay,Hillview,33
Clarke Quay,Holland Village,33
Clarke Quay,Hougang,23
Clarke Quay,Hume,30
Clarke Quay,Jalan Besar,16
Clarke Quay,Joo Koon,46
Clarke Quay,Jurong East,33
Clarke Quay,Kaki Bukit,27
Clarke Quay,Kallang,25
Clarke Quay,Katong Park,27
Clarke Quay,Kembangan,34
Clarke Quay,Kent Ridge,29
Clarke Quay,Khatib,38
Clarke Quay,King Albert Park,26
Clarke Quay,Kovan,21
Clarke Quay,Kranji,57
Clarke Quay,Labrador Park,22
Clarke Quay,Lakeside,38
Clarke Quay,Lavender,23
Clarke Quay,Lentor,38
Clarke Quay,Little India,8
Clarke Quay,Lorong Chuan,29
Clarke Quay,MacPherson,23
Clarke Quay,Marina Bay,18
Clarke Quay,Marina South Pier,22
Clarke Quay,Marine Parade,30
Clarke Quay,Marine Terrace,32
Clarke Quay,Marsiling,55
Clarke Quay,Marymount,34
Clarke Quay,Mattar,22
Clarke Quay,Maxwell,15
Clarke Quay,Mayflower,35
Clarke Quay,Mountbatten,26
Clarke Quay,Napier,22
Clarke Quay,Newton,16
Clarke Quay,Nicoll Highway,22
Clarke Quay,Novena,21
Clarke Quay,Orchard,17
Clarke Quay,Orchard Boulevard,21
Clarke Quay,Outram Park,7
Clarke Quay,Pasir Panjang,24
Clarke Quay,Pasir Ris,46
Clarke Quay,Paya Lebar,30
Clarke Quay,Pioneer,43
Clarke Quay,Potong Pasir,14
Clarke Quay,Promenade,17
Clarke Quay,Punggol,30
Clarke Quay,Punggol Coast,32
Clarke Quay,Queenstown,20
Clarke Quay,Raffles Place,17
Clarke Quay,Redhill,18
Clarke Quay,Rochor,15
Clarke Quay,Sembawang,45
Clarke Quay,Sengkang,27
Clarke Quay,Serangoon,18
Clarke Quay,Shenton Way,16
Clarke Quay,Siglap,34
Clarke Quay,Simei,44
Clarke Quay,Sixth Avenue,24
Clarke Quay,Somerset,15
Clarke Quay,Springleaf,41
Clarke Quay,Stadium,24
Clarke Quay,Stevens,18
Clarke Quay,Tai Seng,32
Clarke Quay,Tampines,35
Clarke Quay,Tampines East,37
Clarke Quay,Tampines West,33
Clarke Quay,Tan Kah Kee,22
Clarke Quay,Tanah Merah,39
Clarke Quay,Tanjong Katong,29
Clarke Quay,Tanjong Pagar,15
Clarke Quay,Tanjong Rhu,25
Clarke Quay,Telok Ayer,12
Clarke Quay,Telok Blangah,20
Clarke Quay,Tiong Bahru,16
Clarke Quay,Toa Payoh,23
Clarke Quay,Tuas Crescent,51
Clarke Quay,Tuas Link,56
Clarke Quay,Tuas West Road,54
Clarke Quay,Ubi,25
Clarke Quay,Upper Changi,40
Clarke Quay,Upper Thomson,31
Clarke Quay,Woodlands,47
Clarke Quay,Woodlands North,50
Clarke Quay,Woodlands South,45
Clarke Quay,Woodleigh,16
Clarke Quay,Yew Tee,49
Clarke Quay,Yio Chu Kang,33
Clarke Quay,Yishun,40
Clarke Quay,one-north,31
Clementi,Admiralty,41
Clementi,Aljunied,34
Clementi,Ang Mo Kio,43
Clementi,Bartley,41
Clementi,Bayfront,37
Clementi,Bayshore,48
Clementi,Beauty World,38
Clementi,Bedok,43
Clementi,Bedok North,51
Clementi,Bedok Reservoir,53
Clementi,Bencoolen,36
Clementi,Bendemeer,40
Clementi,Bishan,33
Clementi,Boon Keng,37
Clementi,Boon Lay,16
Clementi,Botanic Gardens,23
Clementi,Braddell,42
Clementi,Bras Basah,40
Clementi,Bright Hill,40
Clementi,Buangkok,51
Clementi,Bugis,28
Clementi,Bukit Batok,15
Clementi,Bukit Gombak,17
Clementi,Bukit Panjang,36
Clementi,Buona Vista,8
Clementi,Caldecott,28
Clementi,Canberra,47
Clementi,Cashew,43
Clementi,Changi Airport,64
Clementi,Chinatown,27
Clementi,Chinese Garden,10
Clementi,Choa Chu Kang,21
Clementi,City Hall,26
Clementi,Clarke Quay,29
Clementi,Clementi,0
Clementi,Commonwealth,10
Clementi,Dakota,47
Clementi,Dhoby Ghaut,31
Clementi,Dover,6
Clementi,Downtown,35
Clementi,Esplanade,42
Clementi,Eunos,39
Clementi,Expo,59
Clementi,Farrer Park,35
Clementi,Farrer Road,21
Clementi,Fort Canning,35
Clementi,Gardens by the Bay,33
Clementi,Geylang Bahru,42
Clementi,Great World,29
Clementi,Gul Circle,23
Clementi,HarbourFront,29
Clementi,Havelock,27
Clementi,Haw Par Villa,22
Clementi,Hillview,43
Clementi,Holland Village,18
Clementi,Hougang,48
Clementi,Hume,40
Clementi,Jalan Besar,38
Clementi,Joo Koon,20
Clementi,Jurong East,7
Clementi,Kaki Bukit,49
Clementi,Kallang,32
Clementi,Katong Park,39
Clementi,Kembangan,40
Clementi,Kent Ridge,20
Clementi,Khatib,50
Clementi,King Albert Park,36
Clementi,Kovan,46
Clementi,Kranji,31
Clementi,Labrador Park,27
Clementi,Lakeside,12
Clementi,Lavender,30
Clementi,Lentor,45
Clementi,Little India,33
Clementi,Lorong Chuan,36
Clementi,MacPherson,45
Clementi,Marina Bay,29
Clementi,Marina South Pier,32
Clementi,Marine Parade,42
Clementi,Marine Terrace,44
Clementi,Marsiling,35
Clementi,Marymount,30
Clementi,Mattar,44
Clementi,Maxwell,27
Clementi,Mayflower,42
Clementi,Mountbatten,49
Clementi,Napier,34
Clementi,Newton,34
Clementi,Nicoll Highway,46
Clementi,Novena,39
Clementi,Orchard,30
Clementi,Orchard Boulevard,33
Clementi,Outram Park,19
Clementi,Pasir Panjang,25
Clementi,Pasir Ris,56
Clementi,Paya Lebar,36
Clementi,Pioneer,17
Clementi,Potong Pasir,40
Clementi,Promenade,37
Clementi,Punggol,55
Clementi,Punggol Coast,57
Clementi,Queenstown,12
Clementi,Raffles Place,23
Clementi,Redhill,14
Clementi,Rochor,37
Clementi,Sembawang,44
Clementi,Sengkang,52
Clementi,Serangoon,38
Clementi,Shenton Way,29
Clementi,Siglap,46
Clementi,Simei,51
Clementi,Sixth Avenue,33
Clementi,Somerset,33
Clementi,Springleaf,48
Clementi,Stadium,48
Clementi,Stevens,32
Clementi,Tai Seng,44
Clementi,Tampines,53
Clementi,Tampines East,59
Clementi,Tampines West,55
Clementi,Tan Kah Kee,31
Clementi,Tanah Merah,46
Clementi,Tanjong Katong,41
Clementi,Tanjong Pagar,21
Clementi,Tanjong Rhu,37
Clementi,Telok Ayer,34
Clementi,Telok Blangah,29
Clementi,Tiong Bahru,16
Clementi,Toa Payoh,41
Clementi,Tuas Crescent,26
Clementi,Tuas Link,30
Clementi,Tuas West Road,28
Clementi,Ubi,48
Clementi,Upper Changi,63
Clementi,Upper Thomson,38
Clementi,Woodlands,38
Clementi,Woodlands North,48
Clementi,Woodlands South,48
Clementi,Woodleigh,41
Clementi,Yew Tee,24
Clementi,Yio Chu Kang,45
Clementi,Yishun,49
Clementi,one-north,18
Commonwealth,Admiralty,48
Commonwealth,Aljunied,28
Commonwealth,Ang Mo Kio,40
Commonwealth,Bartley,39
Commonwealth,Bayfront,30
Commonwealth,Bayshore,41
Commonwealth,Beauty World,35
Commonwealth,Bedok,37
Commonwealth,Bedok North,44
Commonwealth,Bedok Reservoir,46
Commonwealth,Bencoolen,30
Commonwealth,Bendemeer,34
Commonwealth,Bishan,30
Commonwealth,Boon Keng,30
Commonwealth,Boon Lay,22
Commonwealth,Botanic Gardens,20
Commonwealth,Braddell,36
Commonwealth,Bras Basah,33
Commonwealth,Bright Hill,38
Commonwealth,Buangkok,44
Commonwealth,Bugis,21
Commonwealth,Bukit Batok,22
Commonwealth,Bukit Gombak,24
Commonwealth,Bukit Panjang,42
Commonwealth,Buona Vista,5
Commonwealth,Caldecott,26
Commonwealth,Canberra,53
Commonwealth,Cashew,42
Commonwealth,Changi Airport,58
Commonwealth,Chinatown,20
Commonwealth,Chinese Garden,17
Commonwealth,Choa Chu Kang,28
Commonwealth,City Hall,19
Commonwealth,Clarke Quay,22
Commonwealth,Clementi,10
Commonwealth,Commonwealth,0
Commonwealth,Dakota,40
Commonwealth,Dhoby Ghaut,24
Commonwealth,Dover,8
Commonwealth,Downtown,28
Commonwealth,Esplanade,35
Commonwealth,Eunos,32
Commonwealth,Expo,52
Commonwealth,Farrer Park,28
Commonwealth,Farrer Road,18
Commonwealth,Fort Canning,28
Commonwealth,Gardens by the Bay,26
Commonwealth,Geylang Bahru,35
Commonwealth,Great World,22
Commonwealth,Gul Circle,30
Commonwealth,HarbourFront,22
Commonwealth,Havelock,21
Commonwealth,Haw Par Villa,20
Commonwealth,Hillview,40
Commonwealth,Holland Village,16
Commonwealth,Hougang,42
Commonwealth,Hume,37
Commonwealth,Jalan Besar,31
Commonwealth,Joo Koon,27
Commonwealth,Jurong East,14
Commonwealth,Kaki Bukit,43
Commonwealth,Kallang,25
Commonwealth,Katong Park,32
Commonwealth,Kembangan,34
Commonwealth,Kent Ridge,17
Commonwealth,Khatib,48
Commonwealth,King Albert Park,33
Commonwealth,Kovan,39
Commonwealth,Kranji,38
Commonwealth,Labrador Park,24
Commonwealth,Lakeside,19
Commonwealth,Lavender,23
Commonwealth,Lentor,42
Commonwealth,Little India,26
Commonwealth,Lorong Chuan,34
Commonwealth,MacPherson,39
Commonwealth,Marina Bay,22
Commonwealth,Marina South Pier,25
Commonwealth,Marine Parade,35
Commonwealth,Marine Terrace,37
Commonwealth,Marsiling,41
Commonwealth,Marymount,28
Commonwealth,Mattar,37
Commonwealth,Maxwell,20
Commonwealth,Mayflower,40
Commonwealth,Mountbatten,42
Commonwealth,Napier,28
Commonwealth,Newton,30
Commonwealth,Nicoll Highway,39
Commonwealth,Novena,32
Commonwealth,Orchard,24
Commonwealth,Orchard Boulevard,26
Commonwealth,Outram Park,12
Commonwealth,Pasir Panjang,22
Commonwealth,Pasir Ris,49
Commonwealth,Paya Lebar,30
Commonwealth,Pioneer,24
Commonwealth,Potong Pasir,33
Commonwealth,Promenade,31
Commonwealth,Punggol,48
Commonwealth,Punggol Coast,50
Commonwealth,Queenstown,5
Commonwealth,Raffles Place,17
Commonwealth,Redhill,8
Commonwealth,Rochor,30
Commonwealth,Sembawang,51
Commonwealth,Sengkang,46
Commonwealth,Serangoon,35
Commonwealth,Shenton Way,22
Commonwealth,Siglap,39
Commonwealth,Simei,44
Commonwealth,Sixth Avenue,31
Commonwealth,Somerset,26
Commonwealth,Springleaf,45
Commonwealth,Stadium,42
Commonwealth,Stevens,29
Commonwealth,Tai Seng,41
Commonwealth,Tampines,46
Commonwealth,Tampines East,53
Commonwealth,Tampines West,48
Commonwealth,Tan Kah Kee,29
Commonwealth,Tanah Merah,39
Commonwealth,Tanjong Katong,34
Commonwealth,Tanjong Pagar,14
Commonwealth,Tanjong Rhu,30
Commonwealth,Telok Ayer,27
Commonwealth,Telok Blangah,26
Commonwealth,Tiong Bahru,10
Commonwealth,Toa Payoh,35
Commonwealth,Tuas Crescent,32
Commonwealth,Tuas Link,37
Commonwealth,Tuas West Road,35
Commonwealth,Ubi,41
Commonwealth,Upper Changi,56
Commonwealth,Upper Thomson,35
Commonwealth,Woodlands,45
Commonwealth,Woodlands North,54
Commonwealth,Woodlands South,50
Commonwealth,Woodleigh,35
Commonwealth,Yew Tee,30
Commonwealth,Yio Chu Kang,42
Commonwealth,Yishun,50
Commonwealth,one-north,15
Dakota,Admiralty,50
Dakota,Aljunied,16
Dakota,Ang Mo Kio,32
Dakota,Bartley,15
Dakota,Bayfront,20
Dakota,Bayshore,47
Dakota,Beauty World,37
Dakota,Bedok,20
Dakota,Bedok North,20
Dakota,Bedok Reservoir,22
Dakota,Bencoolen,24
Dakota,Bendemeer,20
Dakota,Bishan,23
Dakota,Boon Keng,31
Dakota,Boon Lay,59
Dakota,Botanic Gardens,29
Dakota,Braddell,31
Dakota,Bras Basah,18
Dakota,Bright Hill,40
Dakota,Buangkok,32
Dakota,Bugis,20
Dakota,Bukit Batok,59
Dakota,Bukit Gombak,61
Dakota,Bukit Panjang,46
Dakota,Buona Vista,40
Dakota,Caldecott,28
Dakota,Canberra,45
Dakota,Cashew,44
Dakota,Changi Airport,41
Dakota,Chinatown,25
Dakota,Chinese Garden,53
Dakota,Choa Chu Kang,61
Dakota,City Hall,24
Dakota,Clarke Quay,27
Dakota,Clementi,47
Dakota,Commonwealth,40
Dakota,Dakota,0
Dakota,Dhoby Ghaut,20
Dakota,Dover,44
Dakota,Downtown,22
Dakota,Esplanade,16
Dakota,Eunos,16
Dakota,Expo,33
Dakota,Farrer Park,29
Dakota,Farrer Road,35
Dakota,Fort Canning,26
Dakota,Gardens by the Bay,32
Dakota,Geylang Bahru,18
Dakota,Great World,37
Dakota,Gul Circle,67
Dakota,HarbourFront,34
Dakota,Havelock,36
Dakota,Haw Par Villa,47
Dakota,Hillview,42
Dakota,Holland Village,38
Dakota,Hougang,30
Dakota,Hume,39
Dakota,Jalan Besar,22
Dakota,Joo Koon,64
Dakota,Jurong East,51
Dakota,Kaki Bukit,18
Dakota,Kallang,18
Dakota,Katong Park,38
Dakota,Kembangan,17
Dakota,Kent Ridge,44
Dakota,Khatib,40
Dakota,King Albert Park,35
Dakota,Kovan,27
Dakota,Kranji,60
Dakota,Labrador Park,45
Dakota,Lakeside,56
Dakota,Lavender,20
Dakota,Lentor,45
Dakota,Little India,23
Dakota,Lorong Chuan,20
Dakota,MacPherson,10
Dakota,Marina Bay,23
Dakota,Marina South Pier,32
Dakota,Marine Parade,41
Dakota,Marine Terrace,43
Dakota,Marsiling,57
Dakota,Marymount,26
Dakota,Mattar,16
Dakota,Maxwell,33
Dakota,Mayflower,42
Dakota,Mountbatten,7
Dakota,Napier,35
Dakota,Newton,25
Dakota,Nicoll Highway,11
Dakota,Novena,33
Dakota,Orchard,29
Dakota,Orchard Boulevard,36
Dakota,Outram Park,31
Dakota,Pasir Panjang,48
Dakota,Pasir Ris,33
Dakota,Paya Lebar,7
Dakota,Pioneer,61
Dakota,Potong Pasir,29
Dakota,Promenade,13
Dakota,Punggol,36
Dakota,Punggol Coast,38
Dakota,Queenstown,38
Dakota,Raffles Place,26
Dakota,Redhill,36
Dakota,Rochor,21
Dakota,Sembawang,47
Dakota,Sengkang,34
Dakota,Serangoon,18
Dakota,Shenton Way,31
Dakota,Siglap,45
Dakota,Simei,28
Dakota,Sixth Avenue,33
Dakota,Somerset,27
Dakota,Springleaf,48
Dakota,Stadium,9
Dakota,Stevens,27
Dakota,Tai Seng,12
Dakota,Tampines,26
Dakota,Tampines East,28
Dakota,Tampines West,24
Dakota,Tan Kah Kee,31
Dakota,Tanah Merah,23
Dakota,Tanjong Katong,40
Dakota,Tanjong Pagar,29
Dakota,Tanjong Rhu,36
Dakota,Telok Ayer,24
Dakota,Telok Blangah,44
Dakota,Tiong Bahru,34
Dakota,Toa Payoh,33
Dakota,Tuas Crescent,69
Dakota,Tuas Link,73
Dakota,Tuas West Road,71
Dakota,Ubi,17
Dakota,Upper Changi,32
Dakota,Upper Thomson,38
Dakota,Woodlands,53
Dakota,Woodlands North,57
Dakota,Woodlands South,52
Dakota,Woodleigh,27
Dakota,Yew Tee,67
Dakota,Yio Chu Kang,35
Dakota,Yishun,42
Dakota,one-north,42
Dhoby Ghaut,Admiralty,38
Dhoby Ghaut,Aljunied,18
Dhoby Ghaut,Ang Mo Kio,20
Dhoby Ghaut,Bartley,27
Dhoby Ghaut,Bayfront,17
Dhoby Ghaut,Bayshore,33
Dhoby Ghaut,Beauty World,26
Dhoby Ghaut,Bedok,27
Dhoby Ghaut,Bedok North,31
Dhoby Ghaut,Bedok Reservoir,33
Dhoby Ghaut,Bencoolen,16
Dhoby Ghaut,Bendemeer,20
Dhoby Ghaut,Bishan,17
Dhoby Ghaut,Boon Keng,9
Dhoby Ghaut,Boon Lay,43
Dhoby Ghaut,Botanic Gardens,18
Dhoby Ghaut,Braddell,15
Dhoby Ghaut,Bras Basah,7
Dhoby Ghaut,Bright Hill,29
Dhoby Ghaut,Buangkok,23
Dhoby Ghaut,Bugis,11
Dhoby Ghaut,Bukit Batok,43
Dhoby Ghaut,Bukit Gombak,45
Dhoby Ghaut,Bukit Panjang,35
Dhoby Ghaut,Buona Vista,26
Dhoby Ghaut,Caldecott,23
Dhoby Ghaut,Canberra,33
Dhoby Ghaut,Cashew,33
Dhoby Ghaut,Changi Airport,48
Dhoby Ghaut,Chinatown,7
Dhoby Ghaut,Chinese Garden,38
Dhoby Ghaut,Choa Chu Kang,49
Dhoby Ghaut,City Hall,5
Dhoby Ghaut,Clarke Quay,6
Dhoby Ghaut,Clementi,31
Dhoby Ghaut,Commonwealth,24
Dhoby Ghaut,Dakota,20
Dhoby Ghaut,Dhoby Ghaut,0
Dhoby Ghaut,Dover,29
Dhoby Ghaut,Downtown,15
Dhoby Ghaut,Esplanade,9
Dhoby Ghaut,Eunos,22
Dhoby Ghaut,Expo,42
Dhoby Ghaut,Farrer Park,7
Dhoby Ghaut,Farrer Road,28
Dhoby Ghaut,Fort Canning,15
Dhoby Ghaut,Gardens by the Bay,18
Dhoby Ghaut,Geylang Bahru,22
Dhoby Ghaut,Great World,15
Dhoby Ghaut,Gul Circle,51
Dhoby Ghaut,HarbourFront,12
Dhoby Ghaut,Havelock,16
Dhoby Ghaut,Haw Par Villa,28
Dhoby Ghaut,Hillview,31
Dhoby Ghaut,Holland Village,30
Dhoby Ghaut,Hougang,21
Dhoby Ghaut,Hume,28
Dhoby Ghaut,Jalan Besar,18
Dhoby Ghaut,Joo Koon,48
Dhoby Ghaut,Jurong East,35
Dhoby Ghaut,Kaki Bukit,29
Dhoby Ghaut,Kallang,16
Dhoby Ghaut,Katong Park,24
Dhoby Ghaut,Kembangan,24
Dhoby Ghaut,Kent Ridge,31
Dhoby Ghaut,Khatib,28
Dhoby Ghaut,King Albert Park,24
Dhoby Ghaut,Kovan,18
Dhoby Ghaut,Kranji,48
Dhoby Ghaut,Labrador Park,24
Dhoby Ghaut,Lakeside,40
Dhoby Ghaut,Lavender,14
Dhoby Ghaut,Lentor,34
Dhoby Ghaut,Little India,5
Dhoby Ghaut,Lorong Chuan,26
Dhoby Ghaut,MacPherson,24
Dhoby Ghaut,Marina Bay,9
Dhoby Ghaut,Marina South Pier,12
Dhoby Ghaut,Marine Parade,27
Dhoby Ghaut,Marine Terrace,29
Dhoby Ghaut,Marsiling,45
Dhoby Ghaut,Marymount,28
Dhoby Ghaut,Mattar,24
Dhoby Ghaut,Maxwell,17
Dhoby Ghaut,Mayflower,31
Dhoby Ghaut,Mountbatten,18
Dhoby Ghaut,Napier,16
Dhoby Ghaut,Newton,9
Dhoby Ghaut,Nicoll Highway,14
Dhoby Ghaut,Novena,11
Dhoby Ghaut,Orchard,7
Dhoby Ghaut,Orchard Boulevard,15
Dhoby Ghaut,Outram Park,9
Dhoby Ghaut,Pasir Panjang,26
Dhoby Ghaut,Pasir Ris,39
Dhoby Ghaut,Paya Lebar,20
Dhoby Ghaut,Pioneer,45
Dhoby Ghaut,Potong Pasir,12
Dhoby Ghaut,Promenade,11
Dhoby Ghaut,Punggol,27
Dhoby Ghaut,Punggol Coast,29
Dhoby Ghaut,Queenstown,22
Dhoby Ghaut,Raffles Place,7
Dhoby Ghaut,Redhill,20
Dhoby Ghaut,Rochor,13
Dhoby Ghaut,Sembawang,35
Dhoby Ghaut,Sengkang,25
Dhoby Ghaut,Serangoon,16
Dhoby Ghaut,Shenton Way,17
Dhoby Ghaut,Siglap,31
Dhoby Ghaut,Simei,34
Dhoby Ghaut,Sixth Avenue,21
Dhoby Ghaut,Somerset,5
Dhoby Ghaut,Springleaf,36
Dhoby Ghaut,Stadium,16
Dhoby Ghaut,Stevens,16
Dhoby Ghaut,Tai Seng,27
Dhoby Ghaut,Tampines,36
Dhoby Ghaut,Tampines East,40
Dhoby Ghaut,Tampines West,35
Dhoby Ghaut,Tan Kah Kee,20
Dhoby Ghaut,Tanah Merah,29
Dhoby Ghaut,Tanjong Katong,26
Dhoby Ghaut,Tanjong Pagar,13
Dhoby Ghaut,Tanjong Rhu,22
Dhoby Ghaut,Telok Ayer,14
Dhoby Ghaut,Telok Blangah,22
Dhoby Ghaut,Tiong Bahru,18
Dhoby Ghaut,Toa Payoh,13
Dhoby Ghaut,Tuas Crescent,54
Dhoby Ghaut,Tuas Link,58
Dhoby Ghaut,Tuas West Road,56
Dhoby Ghaut,Ubi,28
Dhoby Ghaut,Upper Changi,43
Dhoby Ghaut,Upper Thomson,27
Dhoby Ghaut,Woodlands,41
Dhoby Ghaut,Woodlands North,46
Dhoby Ghaut,Woodlands South,41
Dhoby Ghaut,Woodleigh,14
Dhoby Ghaut,Yew Tee,52
Dhoby Ghaut,Yio Chu Kang,23
Dhoby Ghaut,Yishun,30
Dhoby Ghaut,one-north,33
Dover,Admiralty,43
Dover,Aljunied,32
Dover,Ang Mo Kio,40
Dover,Bartley,39
Dover,Bayfront,34
Dover,Bayshore,45
Dover,Beauty World,35
Dover,Bedok,41
Dover,Bedok North,48
Dover,Bedok Reservoir,50
Dover,Bencoolen,34
Dover,Bendemeer,38
Dover,Bishan,31
Dover,Boon Keng,35
Dover,Boon Lay,18
Dover,Botanic Gardens,21
Dover,Braddell,39
Dover,Bras Basah,38
Dover,Bright Hill,38
Dover,Buangkok,48
Dover,Bugis,26
Dover,Bukit Batok,18
Dover,Bukit Gombak,20
Dover,Bukit Panjang,38
Dover,Buona Vista,6
Dover,Caldecott,26
Dover,Canberra,49
Dover,Cashew,42
Dover,Changi Airport,62
Dover,Chinatown,25
Dover,Chinese Garden,12
Dover,Choa Chu Kang,24
Dover,City Hall,23
Dover,Clarke Quay,26
Dover,Clementi,6
Dover,Commonwealth,8
Dover,Dakota,44
Dover,Dhoby Ghaut,29
Dover,Dover,0
Dover,Downtown,33
Dover,Esplanade,40
Dover,Eunos,36
Dover,Expo,56
Dover,Farrer Park,33
Dover,Farrer Road,18
Dover,Fort Canning,32
Dover,Gardens by the Bay,30
Dover,Geylang Bahru,40
Dover,Great World,26
Dover,Gul Circle,26
Dover,HarbourFront,26
Dover,Havelock,25
Dover,Haw Par Villa,20
Dover,Hillview,40
Dover,Holland Village,16
Dover,Hougang,46
Dover,Hume,37
Dover,Jalan Besar,36
Dover,Joo Koon,23
Dover,Jurong East,10
Dover,Kaki Bukit,47
Dover,Kallang,30
Dover,Katong Park,36
Dover,Kembangan,38
Dover,Kent Ridge,18
Dover,Khatib,48
Dover,King Albert Park,33
Dover,Kovan,44
Dover,Kranji,34
Dover,Labrador Park,25
Dover,Lakeside,14
Dover,Lavender,28
Dover,Lentor,43
Dover,Little India,31
Dover,Lorong Chuan,34
Dover,MacPherson,43
Dover,Marina Bay,27
Dover,Marina South Pier,29
Dover,Marine Parade,39
Dover,Marine Terrace,41
Dover,Marsiling,37
Dover,Marymount,28
Dover,Mattar,42
Dover,Maxwell,25
Dover,Mayflower,40
Dover,Mountbatten,46
Dover,Napier,32
Dover,Newton,31
Dover,Nicoll Highway,44
Dover,Novena,37
Dover,Orchard,28
Dover,Orchard Boulevard,30
Dover,Outram Park,17
Dover,Pasir Panjang,22
Dover,Pasir Ris,54
Dover,Paya Lebar,34
Dover,Pioneer,20
Dover,Potong Pasir,37
Dover,Promenade,35
Dover,Punggol,53
Dover,Punggol Coast,55
Dover,Queenstown,10
Dover,Raffles Place,21
Dover,Redhill,12
Dover,Rochor,35
Dover,Sembawang,47
Dover,Sengkang,50
Dover,Serangoon,36
Dover,Shenton Way,26
Dover,Siglap,43
Dover,Simei,48
Dover,Sixth Avenue,31
Dover,Somerset,31
Dover,Springleaf,45
Dover,Stadium,46
Dover,Stevens,29
Dover,Tai Seng,42
Dover,Tampines,50
Dover,Tampines East,57
Dover,Tampines West,53
Dover,Tan Kah Kee,29
Dover,Tanah Merah,44
Dover,Tanjong Katong,38
Dover,Tanjong Pagar,19
Dover,Tanjong Rhu,34
Dover,Telok Ayer,31
Dover,Telok Blangah,27
Dover,Tiong Bahru,14
Dover,Toa Payoh,39
Dover,Tuas Crescent,28
Dover,Tuas Link,32
Dover,Tuas West Road,30
Dover,Ubi,45
Dover,Upper Changi,60
Dover,Upper Thomson,36
Dover,Woodlands,40
Dover,Woodlands North,50
Dover,Woodlands South,50
Dover,Woodleigh,39
Dover,Yew Tee,26
Dover,Yio Chu Kang,43
Dover,Yishun,50
Dover,one-north,16
Downtown,Admiralty,51
Downtown,Aljunied,23
Downtown,Ang Mo Kio,33
Downtown,Bartley,31
Downtown,Bayfront,5
Downtown,Bayshore,37
Downtown,Beauty World,26
Downtown,Bedok,32
Downtown,Bedok North,25
Downtown,Bedok Reservoir,27
Downtown,Bencoolen,10
Downtown,Bendemeer,14
Downtown,Bishan,29
Downtown,Boon Keng,21
Downtown,Boon Lay,47
Downtown,Botanic Gardens,18
Downtown,Braddell,27
Downtown,Bras Basah,18
Downtown,Bright Hill,32
Downtown,Buangkok,35
Downtown,Bugis,9
Downtown,Bukit Batok,47
Downtown,Bukit Gombak,49
Downtown,Bukit Panjang,35
Downtown,Buona Vista,30
Downtown,Caldecott,26
Downtown,Canberra,45
Downtown,Cashew,33
Downtown,Changi Airport,53
Downtown,Chinatown,6
Downtown,Chinese Garden,42
Downtown,Choa Chu Kang,51
Downtown,City Hall,19
Downtown,Clarke Quay,13
Downtown,Clementi,35
Downtown,Commonwealth,28
Downtown,Dakota,22
Downtown,Dhoby Ghaut,15
Downtown,Dover,33
Downtown,Downtown,0
Downtown,Esplanade,16
Downtown,Eunos,27
Downtown,Expo,38
Downtown,Farrer Park,19
Downtown,Farrer Road,29
Downtown,Fort Canning,9
Downtown,Gardens by the Bay,22
Downtown,Geylang Bahru,16
Downtown,Great World,23
Downtown,Gul Circle,55
Downtown,HarbourFront,16
Downtown,Havelock,22
Downtown,Haw Par Villa,32
Downtown,Hillview,32
Downtown,Holland Village,31
Downtown,Hougang,32
Downtown,Hume,28
Downtown,Jalan Besar,12
Downtown,Joo Koon,52
Downtown,Jurong East,39
Downtown,Kaki Bukit,24
Downtown,Kallang,21
Downtown,Katong Park,28
Downtown,Kembangan,29
Downtown,Kent Ridge,35
Downtown,Khatib,40
Downtown,King Albert Park,24
Downtown,Kovan,30
Downtown,Kranji,60
Downtown,Labrador Park,28
Downtown,Lakeside,44
Downtown,Lavender,19
Downtown,Lentor,36
Downtown,Little India,12
Downtown,Lorong Chuan,36
Downtown,MacPherson,20
Downtown,Marina Bay,14
Downtown,Marina South Pier,22
Downtown,Marine Parade,31
Downtown,Marine Terrace,33
Downtown,Marsiling,57
Downtown,Marymount,33
Downtown,Mattar,18
Downtown,Maxwell,21
Downtown,Mayflower,34
Downtown,Mountbatten,20
Downtown,Napier,24
Downtown,Newton,14
Downtown,Nicoll Highway,16
Downtown,Novena,23
Downtown,Orchard,23
Downtown,Orchard Boulevard,26
Downtown,Outram Park,13
Downtown,Pasir Panjang,30
Downtown,Pasir Ris,42
Downtown,Paya Lebar,24
Downtown,Pioneer,49
Downtown,Potong Pasir,24
Downtown,Promenade,7
Downtown,Punggol,39
Downtown,Punggol Coast,41
Downtown,Queenstown,26
Downtown,Raffles Place,21
Downtown,Redhill,24
Downtown,Rochor,11
Downtown,Sembawang,47
Downtown,Sengkang,37
Downtown,Serangoon,28
Downtown,Shenton Way,21
Downtown,Siglap,35
Downtown,Simei,39
Downtown,Sixth Avenue,22
Downtown,Somerset,24
Downtown,Springleaf,39
Downtown,Stadium,18
Downtown,Stevens,17
Downtown,Tai Seng,28
Downtown,Tampines,31
Downtown,Tampines East,34
Downtown,Tampines West,29
Downtown,Tan Kah Kee,20
Downtown,Tanah Merah,34
Downtown,Tanjong Katong,30
Downtown,Tanjong Pagar,22
Downtown,Tanjong Rhu,26
Downtown,Telok Ayer,5
Downtown,Telok Blangah,26
Downtown,Tiong Bahru,22
Downtown,Toa Payoh,25
Downtown,Tuas Crescent,58
Downtown,Tuas Link,62
Downtown,Tuas West Road,60
Downtown,Ubi,22
Downtown,Upper Changi,37
Downtown,Upper Thomson,29
Downtown,Woodlands,46
Downtown,Woodlands North,48
Downtown,Woodlands South,44
Downtown,Woodleigh,26
Downtown,Yew Tee,56
Downtown,Yio Chu Kang,35
Downtown,Yishun,42
Downtown,one-north,38
Downtown,one-north,36
Esplanade,Admiralty,50
Esplanade,Aljunied,26
Esplanade,Ang Mo Kio,32
Esplanade,Bartley,26
Esplanade,Bayfront,15
Esplanade,Bayshore,41
Esplanade,Beauty World,31
Esplanade,Bedok,31
Esplanade,Bedok North,31
Esplanade,Bedok Reservoir,33
Esplanade,Bencoolen,23
Esplanade,Bendemeer,27
Esplanade,Bishan,28
Esplanade,Boon Keng,20
Esplanade,Boon Lay,54
Esplanade,Botanic Gardens,23
Esplanade,Braddell,26
Esplanade,Bras Basah,7
Esplanade,Bright Hill,37
Esplanade,Buangkok,34
Esplanade,Bugis,14
Esplanade,Bukit Batok,54
Esplanade,Bukit Gombak,56
Esplanade,Bukit Panjang,40
Esplanade,Buona Vista,37
Esplanade,Caldecott,31
Esplanade,Canberra,44
Esplanade,Cashew,38
Esplanade,Changi Airport,52
Esplanade,Chinatown,18
Esplanade,Chinese Garden,49
Esplanade,Choa Chu Kang,56
Esplanade,City Hall,17
Esplanade,Clarke Quay,17
Esplanade,Clementi,42
Esplanade,Commonwealth,35
Esplanade,Dakota,16
Esplanade,Dhoby Ghaut,9
Esplanade,Dover,40
Esplanade,Downtown,16
Esplanade,Esplanade,0
Esplanade,Eunos,26
Esplanade,Expo,44
Esplanade,Farrer Park,18
Esplanade,Farrer Road,34
Esplanade,Fort Canning,22
Esplanade,Gardens by the Bay,26
Esplanade,Geylang Bahru,29
Esplanade,Great World,26
Esplanade,Gul Circle,62
Esplanade,HarbourFront,24
Esplanade,Havelock,28
Esplanade,Haw Par Villa,39
Esplanade,Hillview,37
Esplanade,Holland Village,36
Esplanade,Hougang,32
Esplanade,Hume,33
Esplanade,Jalan Besar,25
Esplanade,Joo Koon,59
Esplanade,Jurong East,46
Esplanade,Kaki Bukit,29
Esplanade,Kallang,26
Esplanade,Katong Park,32
Esplanade,Kembangan,28
Esplanade,Kent Ridge,42
Esplanade,Khatib,39
Esplanade,King Albert Park,29
Esplanade,Kovan,29
Esplanade,Kranji,59
Esplanade,Labrador Park,35
Esplanade,Lakeside,51
Esplanade,Lavender,24
Esplanade,Lentor,41
Esplanade,Little India,16
Esplanade,Lorong Chuan,31
Esplanade,MacPherson,20
Esplanade,Marina Bay,18
Esplanade,Marina South Pier,23
Esplanade,Marine Parade,35
Esplanade,Marine Terrace,37
Esplanade,Marsiling,56
Esplanade,Marymount,36
Esplanade,Mattar,27
Esplanade,Maxwell,27
Esplanade,Mayflower,39
Esplanade,Mountbatten,14
Esplanade,Napier,28
Esplanade,Newton,19
Esplanade,Nicoll Highway,10
Esplanade,Novena,22
Esplanade,Orchard,18
Esplanade,Orchard Boulevard,26
Esplanade,Outram Park,20
Esplanade,Pasir Panjang,37
Esplanade,Pasir Ris,44
Esplanade,Paya Lebar,18
Esplanade,Pioneer,56
Esplanade,Potong Pasir,23
Esplanade,Promenade,7
Esplanade,Punggol,38
Esplanade,Punggol Coast,40
Esplanade,Queenstown,33
Esplanade,Raffles Place,19
Esplanade,Redhill,31
Esplanade,Rochor,16
Esplanade,Sembawang,47
Esplanade,Sengkang,36
Esplanade,Serangoon,27
Esplanade,Shenton Way,25
Esplanade,Siglap,39
Esplanade,Simei,38
Esplanade,Sixth Avenue,27
Esplanade,Somerset,16
Esplanade,Springleaf,44
Esplanade,Stadium,12
Esplanade,Stevens,22
Esplanade,Tai Seng,23
Esplanade,Tampines,37
Esplanade,Tampines East,39
Esplanade,Tampines West,35
Esplanade,Tan Kah Kee,25
Esplanade,Tanah Merah,34
Esplanade,Tanjong Katong,34
Esplanade,Tanjong Pagar,25
Esplanade,Tanjong Rhu,30
Esplanade,Telok Ayer,18
Esplanade,Telok Blangah,33
Esplanade,Tiong Bahru,29
Esplanade,Toa Payoh,24
Esplanade,Tuas Crescent,65
Esplanade,Tuas Link,69
Esplanade,Tuas West Road,67
Esplanade,Ubi,27
Esplanade,Upper Changi,42
Esplanade,Upper Thomson,34
Esplanade,Woodlands,51
Esplanade,Woodlands North,53
Esplanade,Woodlands South,49
Esplanade,Woodleigh,25
Esplanade,Yew Tee,62
Esplanade,Yio Chu Kang,34
Esplanade,Yishun,41
Esplanade,one-north,41
Eunos,Admiralty,56
Eunos,Aljunied,7
Eunos,Ang Mo Kio,38
Eunos,Bartley,20
Eunos,Bayfront,25
Eunos,Bayshore,48
Eunos,Beauty World,38
Eunos,Bedok,8
Eunos,Bedok North,25
Eunos,Bedok Reservoir,27
Eunos,Bencoolen,29
Eunos,Bendemeer,25
Eunos,Bishan,28
Eunos,Boon Keng,34
Eunos,Boon Lay,51
Eunos,Botanic Gardens,31
Eunos,Braddell,34
Eunos,Bras Basah,28
Eunos,Bright Hill,44
Eunos,Buangkok,37
Eunos,Bugis,14
Eunos,Bukit Batok,50
Eunos,Bukit Gombak,52
Eunos,Bukit Panjang,48
Eunos,Buona Vista,34
Eunos,Caldecott,33
Eunos,Canberra,50
Eunos,Cashew,46
Eunos,Changi Airport,29
Eunos,Chinatown,30
Eunos,Chinese Garden,45
Eunos,Choa Chu Kang,57
Eunos,City Hall,16
Eunos,Clarke Quay,32
Eunos,Clementi,39
Eunos,Commonwealth,32
Eunos,Dakota,16
Eunos,Dhoby Ghaut,22
Eunos,Dover,36
Eunos,Downtown,27
Eunos,Esplanade,26
Eunos,Eunos,0
Eunos,Expo,24
Eunos,Farrer Park,32
Eunos,Farrer Road,41
Eunos,Fort Canning,31
Eunos,Gardens by the Bay,33
Eunos,Geylang Bahru,23
Eunos,Great World,32
Eunos,Gul Circle,59
Eunos,HarbourFront,32
Eunos,Havelock,31
Eunos,Haw Par Villa,48
Eunos,Hillview,44
Eunos,Holland Village,43
Eunos,Hougang,35
Eunos,Hume,40
Eunos,Jalan Besar,28
Eunos,Joo Koon,56
Eunos,Jurong East,43
Eunos,Kaki Bukit,24
Eunos,Kallang,10
Eunos,Katong Park,39
Eunos,Kembangan,5
Eunos,Kent Ridge,46
Eunos,Khatib,45
Eunos,King Albert Park,36
Eunos,Kovan,33
Eunos,Kranji,66
Eunos,Labrador Park,44
Eunos,Lakeside,47
Eunos,Lavender,12
Eunos,Lentor,48
Eunos,Little India,24
Eunos,Lorong Chuan,26
Eunos,MacPherson,15
Eunos,Marina Bay,24
Eunos,Marina South Pier,26
Eunos,Marine Parade,42
Eunos,Marine Terrace,44
Eunos,Marsiling,62
Eunos,Marymount,31
Eunos,Mattar,22
Eunos,Maxwell,31
Eunos,Mayflower,46
Eunos,Mountbatten,17
Eunos,Napier,35
Eunos,Newton,26
Eunos,Nicoll Highway,21
Eunos,Novena,30
Eunos,Orchard,26
Eunos,Orchard Boulevard,34
Eunos,Outram Park,23
Eunos,Pasir Panjang,46
Eunos,Pasir Ris,21
Eunos,Paya Lebar,5
Eunos,Pioneer,52
Eunos,Potong Pasir,34
Eunos,Promenade,23
Eunos,Punggol,42
Eunos,Punggol Coast,44
Eunos,Queenstown,30
Eunos,Raffles Place,18
Eunos,Redhill,28
Eunos,Rochor,23
Eunos,Sembawang,53
Eunos,Sengkang,39
Eunos,Serangoon,23
Eunos,Shenton Way,32
Eunos,Siglap,46
Eunos,Simei,15
Eunos,Sixth Avenue,34
Eunos,Somerset,24
Eunos,Springleaf,51
Eunos,Stadium,19
Eunos,Stevens,29
Eunos,Tai Seng,18
Eunos,Tampines,18
Eunos,Tampines East,28
Eunos,Tampines West,28
Eunos,Tan Kah Kee,32
Eunos,Tanah Merah,11
Eunos,Tanjong Katong,41
Eunos,Tanjong Pagar,21
Eunos,Tanjong Rhu,37
Eunos,Telok Ayer,29
Eunos,Telok Blangah,42
Eunos,Tiong Bahru,26
Eunos,Toa Payoh,32
Eunos,Tuas Crescent,61
Eunos,Tuas Link,65
Eunos,Tuas West Road,63
Eunos,Ubi,22
Eunos,Upper Changi,31
Eunos,Upper Thomson,41
Eunos,Woodlands,58
Eunos,Woodlands North,60
Eunos,Woodlands South,56
Eunos,Woodleigh,32
Eunos,Yew Tee,59
Eunos,Yio Chu Kang,40
Eunos,Yishun,47
Eunos,one-north,44
Expo,Admiralty,68
Expo,Aljunied,28
Expo,Ang Mo Kio,50
Expo,Bartley,33
Expo,Bayfront,40
Expo,Bayshore,68
Expo,Beauty World,59
Expo,Bedok,19
Expo,Bedok North,17
Expo,Bedok Reservoir,15
Expo,Bencoolen,31
Expo,Bendemeer,27
Expo,Bishan,41
Expo,Boon Keng,49
Expo,Boon Lay,71
Expo,Botanic Gardens,51
Expo,Braddell,49
Expo,Bras Basah,46
Expo,Bright Hill,58
Expo,Buangkok,50
Expo,Bugis,34
Expo,Bukit Batok,71
Expo,Bukit Gombak,73
Expo,Bukit Panjang,68
Expo,Buona Vista,54
Expo,Caldecott,46
Expo,Canberra,63
Expo,Cashew,66
Expo,Changi Airport,14
Expo,Chinatown,35
Expo,Chinese Garden,65
Expo,Choa Chu Kang,77
Expo,City Hall,36
Expo,Clarke Quay,42
Expo,Clementi,59
Expo,Commonwealth,52
Expo,Dakota,33
Expo,Dhoby Ghaut,42
Expo,Dover,56
Expo,Downtown,38
Expo,Esplanade,44
Expo,Eunos,24
Expo,Expo,0
Expo,Farrer Park,48
Expo,Farrer Road,53
Expo,Fort Canning,33
Expo,Gardens by the Bay,53
Expo,Geylang Bahru,25
Expo,Great World,52
Expo,Gul Circle,79
Expo,HarbourFront,45
Expo,Havelock,50
Expo,Haw Par Villa,61
Expo,Hillview,64
Expo,Holland Village,56
Expo,Hougang,48
Expo,Hume,61
Expo,Jalan Besar,30
Expo,Joo Koon,76
Expo,Jurong East,63
Expo,Kaki Bukit,18
Expo,Kallang,30
Expo,Katong Park,59
Expo,Kembangan,22
Expo,Kent Ridge,62
Expo,Khatib,58
Expo,King Albert Park,57
Expo,Kovan,45
Expo,Kranji,78
Expo,Labrador Park,57
Expo,Lakeside,68
Expo,Lavender,32
Expo,Lentor,63
Expo,Little India,44
Expo,Lorong Chuan,38
Expo,MacPherson,22
Expo,Marina Bay,44
Expo,Marina South Pier,47
Expo,Marine Parade,62
Expo,Marine Terrace,64
Expo,Marsiling,75
Expo,Marymount,44
Expo,Mattar,24
Expo,Maxwell,50
Expo,Mayflower,60
Expo,Mountbatten,35
Expo,Napier,55
Expo,Newton,47
Expo,Nicoll Highway,39
Expo,Novena,50
Expo,Orchard,46
Expo,Orchard Boulevard,54
Expo,Outram Park,42
Expo,Pasir Panjang,59
Expo,Pasir Ris,21
Expo,Paya Lebar,26
Expo,Pioneer,73
Expo,Potong Pasir,47
Expo,Promenade,41
Expo,Punggol,54
Expo,Punggol Coast,56
Expo,Queenstown,50
Expo,Raffles Place,39
Expo,Redhill,48
Expo,Rochor,43
Expo,Sembawang,65
Expo,Sengkang,52
Expo,Serangoon,36
Expo,Shenton Way,52
Expo,Siglap,66
Expo,Simei,20
Expo,Sixth Avenue,55
Expo,Somerset,44
Expo,Springleaf,66
Expo,Stadium,37
Expo,Stevens,49
Expo,Tai Seng,30
Expo,Tampines,10
Expo,Tampines East,8
Expo,Tampines West,12
Expo,Tan Kah Kee,53
Expo,Tanah Merah,13
Expo,Tanjong Katong,61
Expo,Tanjong Pagar,41
Expo,Tanjong Rhu,57
Expo,Telok Ayer,37
Expo,Telok Blangah,55
Expo,Tiong Bahru,46
Expo,Toa Payoh,51
Expo,Tuas Crescent,81
Expo,Tuas Link,86
Expo,Tuas West Road,83
Expo,Ubi,20
Expo,Upper Changi,5
Expo,Upper Thomson,56
Expo,Woodlands,71
Expo,Woodlands North,75
Expo,Woodlands South,70
Expo,Woodleigh,45
Expo,Yew Tee,79
Expo,Yio Chu Kang,53
Expo,Yishun,60
Expo,one-north,60
Farrer Park,Admiralty,50
Farrer Park,Aljunied,28
Farrer Park,Ang Mo Kio,32
Farrer Park,Bartley,24
Farrer Park,Bayfront,18
Farrer Park,Bayshore,42
Farrer Park,Beauty World,25
Farrer Park,Bedok,37
Farrer Park,Bedok North,35
Farrer Park,Bedok Reservoir,37
Farrer Park,Bencoolen,20
Farrer Park,Bendemeer,24
Farrer Park,Bishan,25
Farrer Park,Boon Keng,6
Farrer Park,Boon Lay,47
Farrer Park,Botanic Gardens,18
Farrer Park,Braddell,26
Farrer Park,Bras Basah,16
Farrer Park,Bright Hill,31
Farrer Park,Buangkok,19
Farrer Park,Bugis,14
Farrer Park,Bukit Batok,47
Farrer Park,Bukit Gombak,49
Farrer Park,Bukit Panjang,34
Farrer Park,Buona Vista,30
Farrer Park,Caldecott,25
Farrer Park,Canberra,44
Farrer Park,Cashew,32
Farrer Park,Changi Airport,58
Farrer Park,Chinatown,11
Farrer Park,Chinese Garden,42
Farrer Park,Choa Chu Kang,50
Farrer Park,City Hall,17
Farrer Park,Clarke Quay,10
Farrer Park,Clementi,35
Farrer Park,Commonwealth,28
Farrer Park,Dakota,29
Farrer Park,Dhoby Ghaut,7
Farrer Park,Dover,33
Farrer Park,Downtown,19
Farrer Park,Esplanade,18
Farrer Park,Eunos,32
Farrer Park,Expo,48
Farrer Park,Farrer Park,0
Farrer Park,Farrer Road,28
Farrer Park,Fort Canning,19
Farrer Park,Gardens by the Bay,27
Farrer Park,Geylang Bahru,26
Farrer Park,Great World,23
Farrer Park,Gul Circle,55
Farrer Park,HarbourFront,16
Farrer Park,Havelock,21
Farrer Park,Haw Par Villa,32
Farrer Park,Hillview,31
Farrer Park,Holland Village,30
Farrer Park,Hougang,17
Farrer Park,Hume,27
Farrer Park,Jalan Besar,22
Farrer Park,Joo Koon,52
Farrer Park,Jurong East,39
Farrer Park,Kaki Bukit,33
Farrer Park,Kallang,26
Farrer Park,Katong Park,33
Farrer Park,Kembangan,34
Farrer Park,Kent Ridge,35
Farrer Park,Khatib,39
Farrer Park,King Albert Park,23
Farrer Park,Kovan,15
Farrer Park,Kranji,59
Farrer Park,Labrador Park,28
Farrer Park,Lakeside,44
Farrer Park,Lavender,24
Farrer Park,Lentor,35
Farrer Park,Little India,5
Farrer Park,Lorong Chuan,23
Farrer Park,MacPherson,28
Farrer Park,Marina Bay,21
Farrer Park,Marina South Pier,23
Farrer Park,Marine Parade,36
Farrer Park,Marine Terrace,38
Farrer Park,Marsiling,56
Farrer Park,Marymount,28
Farrer Park,Mattar,28
Farrer Park,Maxwell,21
Farrer Park,Mayflower,33
Farrer Park,Mountbatten,27
Farrer Park,Napier,23
Farrer Park,Newton,13
Farrer Park,Nicoll Highway,23
Farrer Park,Novena,22
Farrer Park,Orchard,18
Farrer Park,Orchard Boulevard,25
Farrer Park,Outram Park,13
Farrer Park,Pasir Panjang,30
Farrer Park,Pasir Ris,50
Farrer Park,Paya Lebar,30
Farrer Park,Pioneer,49
Farrer Park,Potong Pasir,8
Farrer Park,Promenade,16
Farrer Park,Punggol,24
Farrer Park,Punggol Coast,26
Farrer Park,Queenstown,26
Farrer Park,Raffles Place,19
Farrer Park,Redhill,24
Farrer Park,Rochor,13
Farrer Park,Sembawang,47
Farrer Park,Sengkang,21
Farrer Park,Serangoon,12
Farrer Park,Shenton Way,23
Farrer Park,Siglap,40
Farrer Park,Simei,44
Farrer Park,Sixth Avenue,21
Farrer Park,Somerset,16
Farrer Park,Springleaf,38
Farrer Park,Stadium,25
Farrer Park,Stevens,16
Farrer Park,Tai Seng,26
Farrer Park,Tampines,41
Farrer Park,Tampines East,43
Farrer Park,Tampines West,39
Farrer Park,Tan Kah Kee,19
Farrer Park,Tanah Merah,39
Farrer Park,Tanjong Katong,35
Farrer Park,Tanjong Pagar,21
Farrer Park,Tanjong Rhu,31
Farrer Park,Telok Ayer,18
Farrer Park,Telok Blangah,26
Farrer Park,Tiong Bahru,22
Farrer Park,Toa Payoh,24
Farrer Park,Tuas Crescent,57
Farrer Park,Tuas Link,62
Farrer Park,Tuas West Road,60
Farrer Park,Ubi,32
Farrer Park,Upper Changi,47
Farrer Park,Upper Thomson,28
Farrer Park,Woodlands,45
Farrer Park,Woodlands North,47
Farrer Park,Woodlands South,43
Farrer Park,Woodleigh,10
Farrer Park,Yew Tee,55
Farrer Park,Yio Chu Kang,34
Farrer Park,Yishun,41
Farrer Park,one-north,35
Farrer Road,Admiralty,45
Farrer Road,Aljunied,37
Farrer Road,Ang Mo Kio,27
Farrer Road,Bartley,26
Farrer Road,Bayfront,27
Farrer Road,Bayshore,55
Farrer Road,Beauty World,22
Farrer Road,Bedok,46
Farrer Road,Bedok North,40
Farrer Road,Bedok Reservoir,42
Farrer Road,Bencoolen,36
Farrer Road,Bendemeer,40
Farrer Road,Bishan,17
Farrer Road,Boon Keng,30
Farrer Road,Boon Lay,33
Farrer Road,Botanic Gardens,7
Farrer Road,Braddell,26
Farrer Road,Bras Basah,36
Farrer Road,Bright Hill,24
Farrer Road,Buangkok,36
Farrer Road,Bugis,23
Farrer Road,Bukit Batok,33
Farrer Road,Bukit Gombak,35
Farrer Road,Bukit Panjang,31
Farrer Road,Buona Vista,10
Farrer Road,Caldecott,12
Farrer Road,Canberra,39
Farrer Road,Cashew,29
Farrer Road,Changi Airport,66
Farrer Road,Chinatown,32
Farrer Road,Chinese Garden,28
Farrer Road,Choa Chu Kang,39
Farrer Road,City Hall,32
Farrer Road,Clarke Quay,30
Farrer Road,Clementi,21
Farrer Road,Commonwealth,18
Farrer Road,Dakota,35
Farrer Road,Dhoby Ghaut,28
Farrer Road,Dover,18
Farrer Road,Downtown,29
Farrer Road,Esplanade,34
Farrer Road,Eunos,41
Farrer Road,Expo,53
Farrer Road,Farrer Park,28
Farrer Road,Farrer Road,0
Farrer Road,Fort Canning,34
Farrer Road,Gardens by the Bay,40
Farrer Road,Geylang Bahru,38
Farrer Road,Great World,29
Farrer Road,Gul Circle,41
Farrer Road,HarbourFront,25
Farrer Road,Havelock,30
Farrer Road,Haw Par Villa,16
Farrer Road,Hillview,27
Farrer Road,Holland Village,8
Farrer Road,Hougang,34
Farrer Road,Hume,24
Farrer Road,Jalan Besar,37
Farrer Road,Joo Koon,38
Farrer Road,Jurong East,25
Farrer Road,Kaki Bukit,39
Farrer Road,Kallang,34
Farrer Road,Katong Park,46
Farrer Road,Kembangan,43
Farrer Road,Kent Ridge,14
Farrer Road,Khatib,34
Farrer Road,King Albert Park,20
Farrer Road,Kovan,32
Farrer Road,Kranji,49
Farrer Road,Labrador Park,21
Farrer Road,Lakeside,30
Farrer Road,Lavender,32
Farrer Road,Lentor,29
Farrer Road,Little India,20
Farrer Road,Lorong Chuan,20
Farrer Road,MacPherson,30
Farrer Road,Marina Bay,35
Farrer Road,Marina South Pier,39
Farrer Road,Marine Parade,49
Farrer Road,Marine Terrace,51
Farrer Road,Marsiling,50
Farrer Road,Marymount,15
Farrer Road,Mattar,37
Farrer Road,Maxwell,34
Farrer Road,Mayflower,27
Farrer Road,Mountbatten,37
Farrer Road,Napier,23
Farrer Road,Newton,18
Farrer Road,Nicoll Highway,33
Farrer Road,Novena,27
Farrer Road,Orchard,26
Farrer Road,Orchard Boulevard,25
Farrer Road,Outram Park,27
Farrer Road,Pasir Panjang,19
Farrer Road,Pasir Ris,58
Farrer Road,Paya Lebar,33
Farrer Road,Pioneer,35
Farrer Road,Potong Pasir,32
Farrer Road,Promenade,25
Farrer Road,Punggol,41
Farrer Road,Punggol Coast,43
Farrer Road,Queenstown,20
Farrer Road,Raffles Place,32
Farrer Road,Redhill,22
Farrer Road,Rochor,21
Farrer Road,Sembawang,42
Farrer Road,Sengkang,38
Farrer Road,Serangoon,22
Farrer Road,Shenton Way,35
Farrer Road,Siglap,53
Farrer Road,Simei,53
Farrer Road,Sixth Avenue,17
Farrer Road,Somerset,29
Farrer Road,Springleaf,32
Farrer Road,Stadium,36
Farrer Road,Stevens,16
Farrer Road,Tai Seng,28
Farrer Road,Tampines,46
Farrer Road,Tampines East,49
Farrer Road,Tampines West,44
Farrer Road,Tan Kah Kee,16
Farrer Road,Tanah Merah,48
Farrer Road,Tanjong Katong,48
Farrer Road,Tanjong Pagar,30
Farrer Road,Tanjong Rhu,44
Farrer Road,Telok Ayer,30
Farrer Road,Telok Blangah,23
Farrer Road,Tiong Bahru,25
Farrer Road,Toa Payoh,28
Farrer Road,Tuas Crescent,43
Farrer Road,Tuas Link,48
Farrer Road,Tuas West Road,46
Farrer Road,Ubi,37
Farrer Road,Upper Changi,52
Farrer Road,Upper Thomson,22
Farrer Road,Woodlands,39
Farrer Road,Woodlands North,41
Farrer Road,Woodlands South,36
Farrer Road,Woodleigh,31
Farrer Road,Yew Tee,41
Farrer Road,Yio Chu Kang,29
Farrer Road,Yishun,37
Farrer Road,one-north,12
Fort Canning,Admiralty,56
Fort Canning,Aljunied,28
Fort Canning,Ang Mo Kio,38
Fort Canning,Bartley,25
Fort Canning,Bayfront,11
Fort Canning,Bayshore,41
Fort Canning,Beauty World,32
Fort Canning,Bedok,36
Fort Canning,Bedok North,20
Fort Canning,Bedok Reservoir,22
Fort Canning,Bencoolen,5
Fort Canning,Bendemeer,9
Fort Canning,Bishan,33
Fort Canning,Boon Keng,21
Fort Canning,Boon Lay,47
Fort Canning,Botanic Gardens,24
Fort Canning,Braddell,33
Fort Canning,Bras Basah,24
Fort Canning,Bright Hill,37
Fort Canning,Buangkok,34
Fort Canning,Bugis,14
Fort Canning,Bukit Batok,47
Fort Canning,Bukit Gombak,49
Fort Canning,Bukit Panjang,41
Fort Canning,Buona Vista,30
Fort Canning,Caldecott,31
Fort Canning,Canberra,50
Fort Canning,Cashew,39
Fort Canning,Changi Airport,50
Fort Canning,Chinatown,6
Fort Canning,Chinese Garden,41
Fort Canning,Choa Chu Kang,53
Fort Canning,City Hall,24
Fort Canning,Clarke Quay,12
Fort Canning,Clementi,35
Fort Canning,Commonwealth,28
Fort Canning,Dakota,26
Fort Canning,Dhoby Ghaut,15
Fort Canning,Dover,32
Fort Canning,Downtown,9
Fort Canning,Esplanade,22
Fort Canning,Eunos,31
Fort Canning,Expo,33
Fort Canning,Farrer Park,19
Fort Canning,Farrer Road,34
Fort Canning,Fort Canning,0
Fort Canning,Gardens by the Bay,26
Fort Canning,Geylang Bahru,11
Fort Canning,Great World,22
Fort Canning,Gul Circle,55
Fort Canning,HarbourFront,16
Fort Canning,Havelock,21
Fort Canning,Haw Par Villa,32
Fort Canning,Hillview,37
Fort Canning,Holland Village,37
Fort Canning,Hougang,32
Fort Canning,Hume,34
Fort Canning,Jalan Besar,7
Fort Canning,Joo Koon,52
Fort Canning,Jurong East,39
Fort Canning,Kaki Bukit,18
Fort Canning,Kallang,26
Fort Canning,Katong Park,32
Fort Canning,Kembangan,33
Fort Canning,Kent Ridge,34
Fort Canning,Khatib,45
Fort Canning,King Albert Park,30
Fort Canning,Kovan,30
Fort Canning,Kranji,63
Fort Canning,Labrador Park,27
Fort Canning,Lakeside,44
Fort Canning,Lavender,24
Fort Canning,Lentor,42
Fort Canning,Little India,17
Fort Canning,Lorong Chuan,31
Fort Canning,MacPherson,14
Fort Canning,Marina Bay,19
Fort Canning,Marina South Pier,28
Fort Canning,Marine Parade,35
Fort Canning,Marine Terrace,37
Fort Canning,Marsiling,62
Fort Canning,Marymount,36
Fort Canning,Mattar,13
Fort Canning,Maxwell,21
Fort Canning,Mayflower,39
Fort Canning,Mountbatten,26
Fort Canning,Napier,28
Fort Canning,Newton,20
Fort Canning,Nicoll Highway,22
Fort Canning,Novena,28
Fort Canning,Orchard,24
Fort Canning,Orchard Boulevard,26
Fort Canning,Outram Park,13
Fort Canning,Pasir Panjang,30
Fort Canning,Pasir Ris,37
Fort Canning,Paya Lebar,23
Fort Canning,Pioneer,48
Fort Canning,Potong Pasir,23
Fort Canning,Promenade,13
Fort Canning,Punggol,39
Fort Canning,Punggol Coast,41
Fort Canning,Queenstown,26
Fort Canning,Raffles Place,23
Fort Canning,Redhill,24
Fort Canning,Rochor,16
Fort Canning,Sembawang,53
Fort Canning,Sengkang,36
Fort Canning,Serangoon,27
Fort Canning,Shenton Way,22
Fort Canning,Siglap,39
Fort Canning,Simei,36
Fort Canning,Sixth Avenue,28
Fort Canning,Somerset,24
Fort Canning,Springleaf,44
Fort Canning,Stadium,24
Fort Canning,Stevens,22
Fort Canning,Tai Seng,23
Fort Canning,Tampines,26
Fort Canning,Tampines East,28
Fort Canning,Tampines West,24
Fort Canning,Tan Kah Kee,26
Fort Canning,Tanah Merah,38
Fort Canning,Tanjong Katong,34
Fort Canning,Tanjong Pagar,21
Fort Canning,Tanjong Rhu,30
Fort Canning,Telok Ayer,7
Fort Canning,Telok Blangah,25
Fort Canning,Tiong Bahru,22
Fort Canning,Toa Payoh,31
Fort Canning,Tuas Crescent,57
Fort Canning,Tuas Link,61
Fort Canning,Tuas West Road,59
Fort Canning,Ubi,16
Fort Canning,Upper Changi,32
Fort Canning,Upper Thomson,35
Fort Canning,Woodlands,51
Fort Canning,Woodlands North,54
Fort Canning,Woodlands South,49
Fort Canning,Woodleigh,25
Fort Canning,Yew Tee,55
Fort Canning,Yio Chu Kang,40
Fort Canning,Yishun,48
Fort Canning,one-north,36
Gardens by the Bay,Admiralty,53
Gardens by the Bay,Aljunied,28
Gardens by the Bay,Ang Mo Kio,35
Gardens by the Bay,Bartley,42
Gardens by the Bay,Bayfront,16
Gardens by the Bay,Bayshore,19
Gardens by the Bay,Beauty World,37
Gardens by the Bay,Bedok,37
Gardens by the Bay,Bedok North,43
Gardens by the Bay,Bedok Reservoir,45
Gardens by the Bay,Bencoolen,28
Gardens by the Bay,Bendemeer,32
Gardens by the Bay,Bishan,32
Gardens by the Bay,Boon Keng,29
Gardens by the Bay,Boon Lay,45
Gardens by the Bay,Botanic Gardens,29
Gardens by the Bay,Braddell,30
Gardens by the Bay,Bras Basah,27
Gardens by the Bay,Bright Hill,32
Gardens by the Bay,Buangkok,42
Gardens by the Bay,Bugis,22
Gardens by the Bay,Bukit Batok,45
Gardens by the Bay,Bukit Gombak,47
Gardens by the Bay,Bukit Panjang,46
Gardens by the Bay,Buona Vista,28
Gardens by the Bay,Caldecott,26
Gardens by the Bay,Canberra,47
Gardens by the Bay,Cashew,44
Gardens by the Bay,Changi Airport,58
Gardens by the Bay,Chinatown,19
Gardens by the Bay,Chinese Garden,39
Gardens by the Bay,Choa Chu Kang,51
Gardens by the Bay,City Hall,16
Gardens by the Bay,Clarke Quay,21
Gardens by the Bay,Clementi,33
Gardens by the Bay,Commonwealth,26
Gardens by the Bay,Dakota,32
Gardens by the Bay,Dhoby Ghaut,18
Gardens by the Bay,Dover,30
Gardens by the Bay,Downtown,22
Gardens by the Bay,Esplanade,26
Gardens by the Bay,Eunos,33
Gardens by the Bay,Expo,53
Gardens by the Bay,Farrer Park,27
Gardens by the Bay,Farrer Road,40
Gardens by the Bay,Fort Canning,26
Gardens by the Bay,Gardens by the Bay,0
Gardens by the Bay,Geylang Bahru,34
Gardens by the Bay,Great World,14
Gardens by the Bay,Gul Circle,53
Gardens by the Bay,HarbourFront,20
Gardens by the Bay,Havelock,13
Gardens by the Bay,Haw Par Villa,36
Gardens by the Bay,Hillview,42
Gardens by the Bay,Holland Village,38
Gardens by the Bay,Hougang,40
Gardens by the Bay,Hume,39
Gardens by the Bay,Jalan Besar,30
Gardens by the Bay,Joo Koon,50
Gardens by the Bay,Jurong East,37
Gardens by the Bay,Kaki Bukit,41
Gardens by the Bay,Kallang,26
Gardens by the Bay,Katong Park,10
Gardens by the Bay,Kembangan,34
Gardens by the Bay,Kent Ridge,39
Gardens by the Bay,Khatib,42
Gardens by the Bay,King Albert Park,35
Gardens by the Bay,Kovan,38
Gardens by the Bay,Kranji,61
Gardens by the Bay,Labrador Park,32
Gardens by the Bay,Lakeside,42
Gardens by the Bay,Lavender,24
Gardens by the Bay,Lentor,37
Gardens by the Bay,Little India,25
Gardens by the Bay,Lorong Chuan,42
Gardens by the Bay,MacPherson,37
Gardens by the Bay,Marina Bay,6
Gardens by the Bay,Marina South Pier,14
Gardens by the Bay,Marine Parade,13
Gardens by the Bay,Marine Terrace,15
Gardens by the Bay,Marsiling,57
Gardens by the Bay,Marymount,37
Gardens by the Bay,Mattar,36
Gardens by the Bay,Maxwell,9
Gardens by the Bay,Mayflower,34
Gardens by the Bay,Mountbatten,30
Gardens by the Bay,Napier,20
Gardens by the Bay,Newton,24
Gardens by the Bay,Nicoll Highway,26
Gardens by the Bay,Novena,26
Gardens by the Bay,Orchard,16
Gardens by the Bay,Orchard Boulevard,18
Gardens by the Bay,Outram Park,10
Gardens by the Bay,Pasir Panjang,34
Gardens by the Bay,Pasir Ris,50
Gardens by the Bay,Paya Lebar,30
Gardens by the Bay,Pioneer,47
Gardens by the Bay,Potong Pasir,31
Gardens by the Bay,Promenade,19
Gardens by the Bay,Punggol,47
Gardens by the Bay,Punggol Coast,49
Gardens by the Bay,Queenstown,24
Gardens by the Bay,Raffles Place,14
Gardens by the Bay,Redhill,22
Gardens by the Bay,Rochor,26
Gardens by the Bay,Sembawang,50
Gardens by the Bay,Sengkang,44
Gardens by the Bay,Serangoon,35
Gardens by the Bay,Shenton Way,7
Gardens by the Bay,Siglap,17
Gardens by the Bay,Simei,45
Gardens by the Bay,Sixth Avenue,33
Gardens by the Bay,Somerset,20
Gardens by the Bay,Springleaf,40
Gardens by the Bay,Stadium,28
Gardens by the Bay,Stevens,22
Gardens by the Bay,Tai Seng,39
Gardens by the Bay,Tampines,47
Gardens by the Bay,Tampines East,51
Gardens by the Bay,Tampines West,47
Gardens by the Bay,Tan Kah Kee,31
Gardens by the Bay,Tanah Merah,40
Gardens by the Bay,Tanjong Katong,12
Gardens by the Bay,Tanjong Pagar,19
Gardens by the Bay,Tanjong Rhu,8
Gardens by the Bay,Telok Ayer,24
Gardens by the Bay,Telok Blangah,30
Gardens by the Bay,Tiong Bahru,20
Gardens by the Bay,Toa Payoh,28
Gardens by the Bay,Tuas Crescent,55
Gardens by the Bay,Tuas Link,59
Gardens by the Bay,Tuas West Road,57
Gardens by the Bay,Ubi,39
Gardens by the Bay,Upper Changi,54
Gardens by the Bay,Upper Thomson,30
Gardens by the Bay,Woodlands,46
Gardens by the Bay,Woodlands North,49
Gardens by the Bay,Woodlands South,44
Gardens by the Bay,Woodleigh,33
Gardens by the Bay,Yew Tee,53
Gardens by the Bay,Yio Chu Kang,37
Gardens by the Bay,Yishun,45
Gardens by the Bay,one-north,38
Geylang Bahru,Admiralty,53
Geylang Bahru,Aljunied,24
Geylang Bahru,Ang Mo Kio,35
Geylang Bahru,Bartley,18
Geylang Bahru,Bayfront,18
Geylang Bahru,Bayshore,49
Geylang Bahru,Beauty World,39
Geylang Bahru,Bedok,28
Geylang Bahru,Bedok North,12
Geylang Bahru,Bedok Reservoir,14
Geylang Bahru,Bencoolen,9
Geylang Bahru,Bendemeer,5
Geylang Bahru,Bishan,26
Geylang Bahru,Boon Keng,28
Geylang Bahru,Boon Lay,54
Geylang Bahru,Botanic Gardens,31
Geylang Bahru,Braddell,34
Geylang Bahru,Bras Basah,31
Geylang Bahru,Bright Hill,43
Geylang Bahru,Buangkok,35
Geylang Bahru,Bugis,22
Geylang Bahru,Bukit Batok,54
Geylang Bahru,Bukit Gombak,56
Geylang Bahru,Bukit Panjang,48
Geylang Bahru,Buona Vista,37
Geylang Bahru,Caldecott,31
Geylang Bahru,Canberra,48
Geylang Bahru,Cashew,46
Geylang Bahru,Changi Airport,42
Geylang Bahru,Chinatown,13
Geylang Bahru,Chinese Garden,49
Geylang Bahru,Choa Chu Kang,60
Geylang Bahru,City Hall,32
Geylang Bahru,Clarke Quay,20
Geylang Bahru,Clementi,42
Geylang Bahru,Commonwealth,35
Geylang Bahru,Dakota,18
Geylang Bahru,Dhoby Ghaut,22
Geylang Bahru,Dover,40
Geylang Bahru,Downtown,16
Geylang Bahru,Esplanade,29
Geylang Bahru,Eunos,23
Geylang Bahru,Expo,25
Geylang Bahru,Farrer Park,26
Geylang Bahru,Farrer Road,38
Geylang Bahru,Fort Canning,11
Geylang Bahru,Gardens by the Bay,34
Geylang Bahru,Geylang Bahru,0
Geylang Bahru,Great World,30
Geylang Bahru,Gul Circle,62
Geylang Bahru,HarbourFront,24
Geylang Bahru,Havelock,28
Geylang Bahru,Haw Par Villa,39
Geylang Bahru,Hillview,44
Geylang Bahru,Holland Village,41
Geylang Bahru,Hougang,33
Geylang Bahru,Hume,41
Geylang Bahru,Jalan Besar,8
Geylang Bahru,Joo Koon,59
Geylang Bahru,Jurong East,46
Geylang Bahru,Kaki Bukit,11
Geylang Bahru,Kallang,26
Geylang Bahru,Katong Park,40
Geylang Bahru,Kembangan,25
Geylang Bahru,Kent Ridge,42
Geylang Bahru,Khatib,43
Geylang Bahru,King Albert Park,37
Geylang Bahru,Kovan,30
Geylang Bahru,Kranji,63
Geylang Bahru,Labrador Park,35
Geylang Bahru,Lakeside,51
Geylang Bahru,Lavender,28
Geylang Bahru,Lentor,48
Geylang Bahru,Little India,24
Geylang Bahru,Lorong Chuan,23
Geylang Bahru,MacPherson,7
Geylang Bahru,Marina Bay,26
Geylang Bahru,Marina South Pier,35
Geylang Bahru,Marine Parade,43
Geylang Bahru,Marine Terrace,45
Geylang Bahru,Marsiling,60
Geylang Bahru,Marymount,29
Geylang Bahru,Mattar,5
Geylang Bahru,Maxwell,28
Geylang Bahru,Mayflower,45
Geylang Bahru,Mountbatten,20
Geylang Bahru,Napier,36
Geylang Bahru,Newton,27
Geylang Bahru,Nicoll Highway,24
Geylang Bahru,Novena,36
Geylang Bahru,Orchard,32
Geylang Bahru,Orchard Boulevard,34
Geylang Bahru,Outram Park,20
Geylang Bahru,Pasir Panjang,37
Geylang Bahru,Pasir Ris,30
Geylang Bahru,Paya Lebar,15
Geylang Bahru,Pioneer,56
Geylang Bahru,Potong Pasir,31
Geylang Bahru,Promenade,20
Geylang Bahru,Punggol,39
Geylang Bahru,Punggol Coast,41
Geylang Bahru,Queenstown,33
Geylang Bahru,Raffles Place,31
Geylang Bahru,Redhill,31
Geylang Bahru,Rochor,24
Geylang Bahru,Sembawang,50
Geylang Bahru,Sengkang,37
Geylang Bahru,Serangoon,21
Geylang Bahru,Shenton Way,30
Geylang Bahru,Siglap,47
Geylang Bahru,Simei,29
Geylang Bahru,Sixth Avenue,35
Geylang Bahru,Somerset,31
Geylang Bahru,Springleaf,51
Geylang Bahru,Stadium,22
Geylang Bahru,Stevens,29
Geylang Bahru,Tai Seng,15
Geylang Bahru,Tampines,18
Geylang Bahru,Tampines East,21
Geylang Bahru,Tampines West,16
Geylang Bahru,Tan Kah Kee,33
Geylang Bahru,Tanah Merah,31
Geylang Bahru,Tanjong Katong,42
Geylang Bahru,Tanjong Pagar,29
Geylang Bahru,Tanjong Rhu,38
Geylang Bahru,Telok Ayer,15
Geylang Bahru,Telok Blangah,33
Geylang Bahru,Tiong Bahru,29
Geylang Bahru,Toa Payoh,36
Geylang Bahru,Tuas Crescent,65
Geylang Bahru,Tuas Link,69
Geylang Bahru,Tuas West Road,67
Geylang Bahru,Ubi,9
Geylang Bahru,Upper Changi,24
Geylang Bahru,Upper Thomson,41
Geylang Bahru,Woodlands,56
Geylang Bahru,Woodlands North,60
Geylang Bahru,Woodlands South,55
Geylang Bahru,Woodleigh,30
Geylang Bahru,Yew Tee,62
Geylang Bahru,Yio Chu Kang,38
Geylang Bahru,Yishun,45
Geylang Bahru,one-north,44
Great World,Admiralty,43
Great World,Aljunied,28
Great World,Ang Mo Kio,25
Great World,Bartley,37
Great World,Bayfront,22
Great World,Bayshore,29
Great World,Beauty World,26
Great World,Bedok,37
Great World,Bedok North,39
Great World,Bedok Reservoir,41
Great World,Bencoolen,24
Great World,Bendemeer,28
Great World,Bishan,22
Great World,Boon Keng,25
Great World,Boon Lay,41
Great World,Botanic Gardens,18
Great World,Braddell,19
Great World,Bras Basah,24
Great World,Bright Hill,21
Great World,Buangkok,38
Great World,Bugis,22
Great World,Bukit Batok,41
Great World,Bukit Gombak,43
Great World,Bukit Panjang,35
Great World,Buona Vista,24
Great World,Caldecott,15
Great World,Canberra,37
Great World,Cashew,33
Great World,Changi Airport,58
Great World,Chinatown,15
Great World,Chinese Garden,35
Great World,Choa Chu Kang,47
Great World,City Hall,17
Great World,Clarke Quay,17
Great World,Clementi,29
Great World,Commonwealth,22
Great World,Dakota,37
Great World,Dhoby Ghaut,15
Great World,Dover,26
Great World,Downtown,23
Great World,Esplanade,26
Great World,Eunos,32
Great World,Expo,52
Great World,Farrer Park,23
Great World,Farrer Road,29
Great World,Fort Canning,22
Great World,Gardens by the Bay,14
Great World,Geylang Bahru,30
Great World,Great World,0
Great World,Gul Circle,49
Great World,HarbourFront,16
Great World,Havelock,5
Great World,Haw Par Villa,32
Great World,Hillview,32
Great World,Holland Village,31
Great World,Hougang,36
Great World,Hume,28
Great World,Jalan Besar,26
Great World,Joo Koon,46
Great World,Jurong East,33
Great World,Kaki Bukit,37
Great World,Kallang,26
Great World,Katong Park,20
Great World,Kembangan,34
Great World,Kent Ridge,35
Great World,Khatib,32
Great World,King Albert Park,24
Great World,Kovan,34
Great World,Kranji,50
Great World,Labrador Park,28
Great World,Lakeside,38
Great World,Lavender,24
Great World,Lentor,26
Great World,Little India,21
Great World,Lorong Chuan,32
Great World,MacPherson,33
Great World,Marina Bay,11
Great World,Marina South Pier,20
Great World,Marine Parade,23
Great World,Marine Terrace,25
Great World,Marsiling,46
Great World,Marymount,26
Great World,Mattar,32
Great World,Maxwell,8
Great World,Mayflower,23
Great World,Mountbatten,35
Great World,Napier,9
Great World,Newton,13
Great World,Nicoll Highway,31
Great World,Novena,15
Great World,Orchard,5
Great World,Orchard Boulevard,7
Great World,Outram Park,6
Great World,Pasir Panjang,30
Great World,Pasir Ris,50
Great World,Paya Lebar,30
Great World,Pioneer,43
Great World,Potong Pasir,27
Great World,Promenade,24
Great World,Punggol,43
Great World,Punggol Coast,45
Great World,Queenstown,20
Great World,Raffles Place,17
Great World,Redhill,18
Great World,Rochor,22
Great World,Sembawang,40
Great World,Sengkang,40
Great World,Serangoon,31
Great World,Shenton Way,10
Great World,Siglap,27
Great World,Simei,44
Great World,Sixth Avenue,22
Great World,Somerset,13
Great World,Springleaf,29
Great World,Stadium,33
Great World,Stevens,11
Great World,Tai Seng,39
Great World,Tampines,45
Great World,Tampines East,47
Great World,Tampines West,43
Great World,Tan Kah Kee,20
Great World,Tanah Merah,40
Great World,Tanjong Katong,22
Great World,Tanjong Pagar,15
Great World,Tanjong Rhu,18
Great World,Telok Ayer,21
Great World,Telok Blangah,26
Great World,Tiong Bahru,16
Great World,Toa Payoh,18
Great World,Tuas Crescent,51
Great World,Tuas Link,55
Great World,Tuas West Road,53
Great World,Ubi,35
Great World,Upper Changi,50
Great World,Upper Thomson,19
Great World,Woodlands,35
Great World,Woodlands North,38
Great World,Woodlands South,33
Great World,Woodleigh,29
Great World,Yew Tee,49
Great World,Yio Chu Kang,27
Great World,Yishun,34
Great World,one-north,34
Gul Circle,Admiralty,53
Gul Circle,Aljunied,54
Gul Circle,Ang Mo Kio,63
Gul Circle,Bartley,61
Gul Circle,Bayfront,57
Gul Circle,Bayshore,68
Gul Circle,Beauty World,58
Gul Circle,Bedok,63
Gul Circle,Bedok North,71
Gul Circle,Bedok Reservoir,73
Gul Circle,Bencoolen,56
Gul Circle,Bendemeer,60
Gul Circle,Bishan,53
Gul Circle,Boon Keng,57
Gul Circle,Boon Lay,11
Gul Circle,Botanic Gardens,43
Gul Circle,Braddell,62
Gul Circle,Bras Basah,60
Gul Circle,Bright Hill,60
Gul Circle,Buangkok,71
Gul Circle,Bugis,48
Gul Circle,Bukit Batok,27
Gul Circle,Bukit Gombak,29
Gul Circle,Bukit Panjang,47
Gul Circle,Buona Vista,28
Gul Circle,Caldecott,48
Gul Circle,Canberra,58
Gul Circle,Cashew,55
Gul Circle,Changi Airport,84
Gul Circle,Chinatown,47
Gul Circle,Chinese Garden,17
Gul Circle,Choa Chu Kang,33
Gul Circle,City Hall,46
Gul Circle,Clarke Quay,49
Gul Circle,Clementi,23
Gul Circle,Commonwealth,30
Gul Circle,Dakota,67
Gul Circle,Dhoby Ghaut,51
Gul Circle,Dover,26
Gul Circle,Downtown,55
Gul Circle,Esplanade,62
Gul Circle,Eunos,59
Gul Circle,Expo,79
Gul Circle,Farrer Park,55
Gul Circle,Farrer Road,41
Gul Circle,Fort Canning,55
Gul Circle,Gardens by the Bay,53
Gul Circle,Geylang Bahru,62
Gul Circle,Great World,49
Gul Circle,Gul Circle,0
Gul Circle,HarbourFront,49
Gul Circle,Havelock,47
Gul Circle,Haw Par Villa,42
Gul Circle,Hillview,57
Gul Circle,Holland Village,38
Gul Circle,Hougang,68
Gul Circle,Hume,58
Gul Circle,Jalan Besar,58
Gul Circle,Joo Koon,6
Gul Circle,Jurong East,19
Gul Circle,Kaki Bukit,69
Gul Circle,Kallang,52
Gul Circle,Katong Park,59
Gul Circle,Kembangan,60
Gul Circle,Kent Ridge,40
Gul Circle,Khatib,63
Gul Circle,King Albert Park,56
Gul Circle,Kovan,66
Gul Circle,Kranji,43
Gul Circle,Labrador Park,47
Gul Circle,Lakeside,14
Gul Circle,Lavender,50
Gul Circle,Lentor,65
Gul Circle,Little India,53
Gul Circle,Lorong Chuan,56
Gul Circle,MacPherson,65
Gul Circle,Marina Bay,49
Gul Circle,Marina South Pier,52
Gul Circle,Marine Parade,62
Gul Circle,Marine Terrace,64
Gul Circle,Marsiling,46
Gul Circle,Marymount,50
Gul Circle,Mattar,64
Gul Circle,Maxwell,47
Gul Circle,Mayflower,62
Gul Circle,Mountbatten,69
Gul Circle,Napier,54
Gul Circle,Newton,54
Gul Circle,Nicoll Highway,66
Gul Circle,Novena,59
Gul Circle,Orchard,50
Gul Circle,Orchard Boulevard,53
Gul Circle,Outram Park,39
Gul Circle,Pasir Panjang,45
Gul Circle,Pasir Ris,76
Gul Circle,Paya Lebar,56
Gul Circle,Pioneer,9
Gul Circle,Potong Pasir,60
Gul Circle,Promenade,57
Gul Circle,Punggol,75
Gul Circle,Punggol Coast,77
Gul Circle,Queenstown,32
Gul Circle,Raffles Place,43
Gul Circle,Redhill,34
Gul Circle,Rochor,57
Gul Circle,Sembawang,56
Gul Circle,Sengkang,72
Gul Circle,Serangoon,58
Gul Circle,Shenton Way,49
Gul Circle,Siglap,66
Gul Circle,Simei,71
Gul Circle,Sixth Avenue,53
Gul Circle,Somerset,53
Gul Circle,Springleaf,64
Gul Circle,Stadium,68
Gul Circle,Stevens,52
Gul Circle,Tai Seng,64
Gul Circle,Tampines,73
Gul Circle,Tampines East,79
Gul Circle,Tampines West,75
Gul Circle,Tan Kah Kee,51
Gul Circle,Tanah Merah,66
Gul Circle,Tanjong Katong,61
Gul Circle,Tanjong Pagar,41
Gul Circle,Tanjong Rhu,57
Gul Circle,Telok Ayer,54
Gul Circle,Telok Blangah,49
Gul Circle,Tiong Bahru,36
Gul Circle,Toa Payoh,61
Gul Circle,Tuas Crescent,6
Gul Circle,Tuas Link,10
Gul Circle,Tuas West Road,8
Gul Circle,Ubi,68
Gul Circle,Upper Changi,83
Gul Circle,Upper Thomson,58
Gul Circle,Woodlands,50
Gul Circle,Woodlands North,60
Gul Circle,Woodlands South,60
Gul Circle,Woodleigh,61
Gul Circle,Yew Tee,35
Gul Circle,Yio Chu Kang,65
Gul Circle,Yishun,61
Gul Circle,one-north,38
HarbourFront,Admiralty,55
HarbourFront,Aljunied,28
HarbourFront,Ang Mo Kio,37
HarbourFront,Bartley,36
HarbourFront,Bayfront,18
HarbourFront,Bayshore,35
HarbourFront,Beauty World,35
HarbourFront,Bedok,37
HarbourFront,Bedok North,32
HarbourFront,Bedok Reservoir,34
HarbourFront,Bencoolen,18
HarbourFront,Bendemeer,22
HarbourFront,Bishan,34
HarbourFront,Boon Keng,18
HarbourFront,Boon Lay,41
HarbourFront,Botanic Gardens,27
HarbourFront,Braddell,32
HarbourFront,Bras Basah,22
HarbourFront,Bright Hill,35
HarbourFront,Buangkok,32
HarbourFront,Bugis,22
HarbourFront,Bukit Batok,41
HarbourFront,Bukit Gombak,43
HarbourFront,Bukit Panjang,44
HarbourFront,Buona Vista,20
HarbourFront,Caldecott,29
HarbourFront,Canberra,49
HarbourFront,Cashew,42
HarbourFront,Changi Airport,58
HarbourFront,Chinatown,9
HarbourFront,Chinese Garden,35
HarbourFront,Choa Chu Kang,47
HarbourFront,City Hall,20
HarbourFront,Clarke Quay,10
HarbourFront,Clementi,29
HarbourFront,Commonwealth,22
HarbourFront,Dakota,34
HarbourFront,Dhoby Ghaut,12
HarbourFront,Dover,26
HarbourFront,Downtown,16
HarbourFront,Esplanade,24
HarbourFront,Eunos,32
HarbourFront,Expo,45
HarbourFront,Farrer Park,16
HarbourFront,Farrer Road,25
HarbourFront,Fort Canning,16
HarbourFront,Gardens by the Bay,20
HarbourFront,Geylang Bahru,24
HarbourFront,Great World,16
HarbourFront,Gul Circle,49
HarbourFront,HarbourFront,0
HarbourFront,Havelock,15
HarbourFront,Haw Par Villa,14
HarbourFront,Hillview,40
HarbourFront,Holland Village,23
HarbourFront,Hougang,30
HarbourFront,Hume,37
HarbourFront,Jalan Besar,19
HarbourFront,Joo Koon,46
HarbourFront,Jurong East,33
HarbourFront,Kaki Bukit,31
HarbourFront,Kallang,26
HarbourFront,Katong Park,26
HarbourFront,Kembangan,34
HarbourFront,Kent Ridge,16
HarbourFront,Khatib,44
HarbourFront,King Albert Park,33
HarbourFront,Kovan,27
HarbourFront,Kranji,57
HarbourFront,Labrador Park,9
HarbourFront,Lakeside,38
HarbourFront,Lavender,24
HarbourFront,Lentor,39
HarbourFront,Little India,14
HarbourFront,Lorong Chuan,35
HarbourFront,MacPherson,27
HarbourFront,Marina Bay,18
HarbourFront,Marina South Pier,26
HarbourFront,Marine Parade,29
HarbourFront,Marine Terrace,31
HarbourFront,Marsiling,60
HarbourFront,Marymount,35
HarbourFront,Mattar,25
HarbourFront,Maxwell,15
HarbourFront,Mayflower,37
HarbourFront,Mountbatten,32
HarbourFront,Napier,22
HarbourFront,Newton,23
HarbourFront,Nicoll Highway,28
HarbourFront,Novena,28
HarbourFront,Orchard,18
HarbourFront,Orchard Boulevard,20
HarbourFront,Outram Park,7
HarbourFront,Pasir Panjang,12
HarbourFront,Pasir Ris,50
HarbourFront,Paya Lebar,30
HarbourFront,Pioneer,43
HarbourFront,Potong Pasir,21
HarbourFront,Promenade,20
HarbourFront,Punggol,36
HarbourFront,Punggol Coast,38
HarbourFront,Queenstown,20
HarbourFront,Raffles Place,17
HarbourFront,Redhill,18
HarbourFront,Rochor,22
HarbourFront,Sembawang,52
HarbourFront,Sengkang,34
HarbourFront,Serangoon,25
HarbourFront,Shenton Way,16
HarbourFront,Siglap,33
HarbourFront,Simei,44
HarbourFront,Sixth Avenue,30
HarbourFront,Somerset,22
HarbourFront,Springleaf,42
HarbourFront,Stadium,30
HarbourFront,Stevens,24
HarbourFront,Tai Seng,35
HarbourFront,Tampines,38
HarbourFront,Tampines East,41
HarbourFront,Tampines West,36
HarbourFront,Tan Kah Kee,29
HarbourFront,Tanah Merah,40
HarbourFront,Tanjong Katong,28
HarbourFront,Tanjong Pagar,15
HarbourFront,Tanjong Rhu,24
HarbourFront,Telok Ayer,15
HarbourFront,Telok Blangah,7
HarbourFront,Tiong Bahru,16
HarbourFront,Toa Payoh,30
HarbourFront,Tuas Crescent,51
HarbourFront,Tuas Link,55
HarbourFront,Tuas West Road,53
HarbourFront,Ubi,29
HarbourFront,Upper Changi,44
HarbourFront,Upper Thomson,32
HarbourFront,Woodlands,49
HarbourFront,Woodlands North,51
HarbourFront,Woodlands South,47
HarbourFront,Woodleigh,23
HarbourFront,Yew Tee,49
HarbourFront,Yio Chu Kang,39
HarbourFront,Yishun,47
HarbourFront,one-north,18
Havelock,Admiralty,44
Havelock,Aljunied,27
Havelock,Ang Mo Kio,26
Havelock,Bartley,38
Havelock,Bayfront,21
Havelock,Bayshore,28
Havelock,Beauty World,28
Havelock,Bedok,36
Havelock,Bedok North,37
Havelock,Bedok Reservoir,39
Havelock,Bencoolen,23
Havelock,Bendemeer,27
Havelock,Bishan,23
Havelock,Boon Keng,23
Havelock,Boon Lay,40
Havelock,Botanic Gardens,20
Havelock,Braddell,21
Havelock,Bras Basah,26
Havelock,Bright Hill,23
Havelock,Buangkok,37
Havelock,Bugis,20
Havelock,Bukit Batok,39
Havelock,Bukit Gombak,41
Havelock,Bukit Panjang,37
Havelock,Buona Vista,23
Havelock,Caldecott,17
Havelock,Canberra,39
Havelock,Cashew,35
Havelock,Changi Airport,57
Havelock,Chinatown,14
Havelock,Chinese Garden,34
Havelock,Choa Chu Kang,45
Havelock,City Hall,18
Havelock,Clarke Quay,15
Havelock,Clementi,27
Havelock,Commonwealth,21
Havelock,Dakota,36
Havelock,Dhoby Ghaut,16
Havelock,Dover,25
Havelock,Downtown,22
Havelock,Esplanade,28
Havelock,Eunos,31
Havelock,Expo,50
Havelock,Farrer Park,21
Havelock,Farrer Road,30
Havelock,Fort Canning,21
Havelock,Gardens by the Bay,13
Havelock,Geylang Bahru,28
Havelock,Great World,5
Havelock,Gul Circle,47
Havelock,HarbourFront,15
Havelock,Havelock,0
Havelock,Haw Par Villa,31
Havelock,Hillview,33
Havelock,Holland Village,33
Havelock,Hougang,35
Havelock,Hume,30
Havelock,Jalan Besar,24
Havelock,Joo Koon,44
Havelock,Jurong East,31
Havelock,Kaki Bukit,36
Havelock,Kallang,25
Havelock,Katong Park,19
Havelock,Kembangan,33
Havelock,Kent Ridge,34
Havelock,Khatib,34
Havelock,King Albert Park,26
Havelock,Kovan,32
Havelock,Kranji,51
Havelock,Labrador Park,26
Havelock,Lakeside,36
Havelock,Lavender,23
Havelock,Lentor,27
Havelock,Little India,20
Havelock,Lorong Chuan,33
Havelock,MacPherson,32
Havelock,Marina Bay,10
Havelock,Marina South Pier,18
Havelock,Marine Parade,22
Havelock,Marine Terrace,24
Havelock,Marsiling,48
Havelock,Marymount,27
Havelock,Mattar,30
Havelock,Maxwell,7
Havelock,Mayflower,25
Havelock,Mountbatten,34
Havelock,Napier,10
Havelock,Newton,15
Havelock,Nicoll Highway,30
Havelock,Novena,17
Havelock,Orchard,6
Havelock,Orchard Boulevard,9
Havelock,Outram Park,5
Havelock,Pasir Panjang,29
Havelock,Pasir Ris,49
Havelock,Paya Lebar,29
Havelock,Pioneer,41
Havelock,Potong Pasir,26
Havelock,Promenade,23
Havelock,Punggol,41
Havelock,Punggol Coast,43
Havelock,Queenstown,19
Havelock,Raffles Place,16
Havelock,Redhill,16
Havelock,Rochor,24
Havelock,Sembawang,41
Havelock,Sengkang,39
Havelock,Serangoon,30
Havelock,Shenton Way,8
Havelock,Siglap,26
Havelock,Simei,43
Havelock,Sixth Avenue,24
Havelock,Somerset,15
Havelock,Springleaf,30
Havelock,Stadium,33
Havelock,Stevens,12
Havelock,Tai Seng,40
Havelock,Tampines,44
Havelock,Tampines East,46
Havelock,Tampines West,41
Havelock,Tan Kah Kee,22
Havelock,Tanah Merah,38
Havelock,Tanjong Katong,21
Havelock,Tanjong Pagar,14
Havelock,Tanjong Rhu,17
Havelock,Telok Ayer,20
Havelock,Telok Blangah,24
Havelock,Tiong Bahru,14
Havelock,Toa Payoh,19
Havelock,Tuas Crescent,50
Havelock,Tuas Link,54
Havelock,Tuas West Road,52
Havelock,Ubi,34
Havelock,Upper Changi,49
Havelock,Upper Thomson,20
Havelock,Woodlands,37
Havelock,Woodlands North,39
Havelock,Woodlands South,35
Havelock,Woodleigh,28
Havelock,Yew Tee,48
Havelock,Yio Chu Kang,28
Havelock,Yishun,36
Havelock,one-north,33
Haw Par Villa,Admiralty,56
Haw Par Villa,Aljunied,44
Haw Par Villa,Ang Mo Kio,38
Haw Par Villa,Bartley,37
Haw Par Villa,Bayfront,34
Haw Par Villa,Bayshore,51
Haw Par Villa,Beauty World,33
Haw Par Villa,Bedok,53
Haw Par Villa,Bedok North,48
Haw Par Villa,Bedok Reservoir,50
Haw Par Villa,Bencoolen,34
Haw Par Villa,Bendemeer,38
Haw Par Villa,Bishan,29
Haw Par Villa,Boon Keng,34
Haw Par Villa,Boon Lay,35
Haw Par Villa,Botanic Gardens,19
Haw Par Villa,Braddell,37
Haw Par Villa,Bras Basah,37
Haw Par Villa,Bright Hill,36
Haw Par Villa,Buangkok,48
Haw Par Villa,Bugis,34
Haw Par Villa,Bukit Batok,34
Haw Par Villa,Bukit Gombak,36
Haw Par Villa,Bukit Panjang,42
Haw Par Villa,Buona Vista,11
Haw Par Villa,Caldecott,24
Haw Par Villa,Canberra,51
Haw Par Villa,Cashew,40
Haw Par Villa,Changi Airport,74
Haw Par Villa,Chinatown,24
Haw Par Villa,Chinese Garden,29
Haw Par Villa,Choa Chu Kang,41
Haw Par Villa,City Hall,36
Haw Par Villa,Clarke Quay,26
Haw Par Villa,Clementi,22
Haw Par Villa,Commonwealth,20
Haw Par Villa,Dakota,47
Haw Par Villa,Dhoby Ghaut,28
Haw Par Villa,Dover,20
Haw Par Villa,Downtown,32
Haw Par Villa,Esplanade,39
Haw Par Villa,Eunos,48
Haw Par Villa,Expo,61
Haw Par Villa,Farrer Park,32
Haw Par Villa,Farrer Road,16
Haw Par Villa,Fort Canning,32
Haw Par Villa,Gardens by the Bay,36
Haw Par Villa,Geylang Bahru,39
Haw Par Villa,Great World,32
Haw Par Villa,Gul Circle,42
Haw Par Villa,HarbourFront,14
Haw Par Villa,Havelock,31
Haw Par Villa,Haw Par Villa,0
Haw Par Villa,Hillview,38
Haw Par Villa,Holland Village,14
Haw Par Villa,Hougang,46
Haw Par Villa,Hume,35
Haw Par Villa,Jalan Besar,35
Haw Par Villa,Joo Koon,40
Haw Par Villa,Jurong East,27
Haw Par Villa,Kaki Bukit,47
Haw Par Villa,Kallang,42
Haw Par Villa,Katong Park,42
Haw Par Villa,Kembangan,50
Haw Par Villa,Kent Ridge,8
Haw Par Villa,Khatib,46
Haw Par Villa,King Albert Park,31
Haw Par Villa,Kovan,43
Haw Par Villa,Kranji,51
Haw Par Villa,Labrador Park,10
Haw Par Villa,Lakeside,31
Haw Par Villa,Lavender,40
Haw Par Villa,Lentor,41
Haw Par Villa,Little India,30
Haw Par Villa,Lorong Chuan,32
Haw Par Villa,MacPherson,42
Haw Par Villa,Marina Bay,34
Haw Par Villa,Marina South Pier,41
Haw Par Villa,Marine Parade,45
Haw Par Villa,Marine Terrace,47
Haw Par Villa,Marsiling,54
Haw Par Villa,Marymount,26
Haw Par Villa,Mattar,41
Haw Par Villa,Maxwell,31
Haw Par Villa,Mayflower,38
Haw Par Villa,Mountbatten,48
Haw Par Villa,Napier,34
Haw Par Villa,Newton,29
Haw Par Villa,Nicoll Highway,44
Haw Par Villa,Novena,38
Haw Par Villa,Orchard,34
Haw Par Villa,Orchard Boulevard,36
Haw Par Villa,Outram Park,23
Haw Par Villa,Pasir Panjang,7
Haw Par Villa,Pasir Ris,65
Haw Par Villa,Paya Lebar,44
Haw Par Villa,Pioneer,36
Haw Par Villa,Potong Pasir,37
Haw Par Villa,Promenade,36
Haw Par Villa,Punggol,52
Haw Par Villa,Punggol Coast,54
Haw Par Villa,Queenstown,22
Haw Par Villa,Raffles Place,33
Haw Par Villa,Redhill,24
Haw Par Villa,Rochor,33
Haw Par Villa,Sembawang,53
Haw Par Villa,Sengkang,50
Haw Par Villa,Serangoon,34
Haw Par Villa,Shenton Way,32
Haw Par Villa,Siglap,49
Haw Par Villa,Simei,60
Haw Par Villa,Sixth Avenue,29
Haw Par Villa,Somerset,38
Haw Par Villa,Springleaf,43
Haw Par Villa,Stadium,46
Haw Par Villa,Stevens,27
Haw Par Villa,Tai Seng,40
Haw Par Villa,Tampines,54
Haw Par Villa,Tampines East,57
Haw Par Villa,Tampines West,52
Haw Par Villa,Tan Kah Kee,27
Haw Par Villa,Tanah Merah,56
Haw Par Villa,Tanjong Katong,44
Haw Par Villa,Tanjong Pagar,31
Haw Par Villa,Tanjong Rhu,40
Haw Par Villa,Telok Ayer,31
Haw Par Villa,Telok Blangah,12
Haw Par Villa,Tiong Bahru,26
Haw Par Villa,Toa Payoh,39
Haw Par Villa,Tuas Crescent,45
Haw Par Villa,Tuas Link,49
Haw Par Villa,Tuas West Road,47
Haw Par Villa,Ubi,45
Haw Par Villa,Upper Changi,60
Haw Par Villa,Upper Thomson,34
Haw Par Villa,Woodlands,50
Haw Par Villa,Woodlands North,53
Haw Par Villa,Woodlands South,48
Haw Par Villa,Woodleigh,39
Haw Par Villa,Yew Tee,43
Haw Par Villa,Yio Chu Kang,41
Haw Par Villa,Yishun,48
Haw Par Villa,one-north,9
Hillview,Admiralty,46
Hillview,Aljunied,40
Hillview,Ang Mo Kio,39
Hillview,Bartley,42
Hillview,Bayfront,30
Hillview,Bayshore,57
Hillview,Beauty World,9
Hillview,Bedok,49
Hillview,Bedok North,53
Hillview,Bedok Reservoir,55
Hillview,Bencoolen,39
Hillview,Bendemeer,43
Hillview,Bishan,34
Hillview,Boon Keng,33
Hillview,Boon Lay,49
Hillview,Botanic Gardens,17
Hillview,Braddell,34
Hillview,Bras Basah,39
Hillview,Bright Hill,34
Hillview,Buangkok,46
Hillview,Bugis,26
Hillview,Bukit Batok,33
Hillview,Bukit Gombak,31
Hillview,Bukit Panjang,7
Hillview,Buona Vista,32
Hillview,Caldecott,28
Hillview,Canberra,51
Hillview,Cashew,5
Hillview,Changi Airport,70
Hillview,Chinatown,35
Hillview,Chinese Garden,43
Hillview,Choa Chu Kang,22
Hillview,City Hall,35
Hillview,Clarke Quay,33
Hillview,Clementi,43
Hillview,Commonwealth,40
Hillview,Dakota,42
Hillview,Dhoby Ghaut,31
Hillview,Dover,40
Hillview,Downtown,32
Hillview,Esplanade,37
Hillview,Eunos,44
Hillview,Expo,64
Hillview,Farrer Park,31
Hillview,Farrer Road,27
Hillview,Fort Canning,37
Hillview,Gardens by the Bay,42
Hillview,Geylang Bahru,44
Hillview,Great World,32
Hillview,Gul Circle,57
Hillview,HarbourFront,40
Hillview,Havelock,33
Hillview,Haw Par Villa,38
Hillview,Hillview,0
Hillview,Holland Village,30
Hillview,Hougang,44
Hillview,Hume,5
Hillview,Jalan Besar,40
Hillview,Joo Koon,54
Hillview,Jurong East,36
Hillview,Kaki Bukit,52
Hillview,Kallang,37
Hillview,Katong Park,48
Hillview,Kembangan,46
Hillview,Kent Ridge,36
Hillview,Khatib,46
Hillview,King Albert Park,11
Hillview,Kovan,42
Hillview,Kranji,37
Hillview,Labrador Park,43
Hillview,Lakeside,45
Hillview,Lavender,35
Hillview,Lentor,38
Hillview,Little India,23
Hillview,Lorong Chuan,37
Hillview,MacPherson,47
Hillview,Marina Bay,38
Hillview,Marina South Pier,42
Hillview,Marine Parade,51
Hillview,Marine Terrace,53
Hillview,Marsiling,40
Hillview,Marymount,32
Hillview,Mattar,46
Hillview,Maxwell,37
Hillview,Mayflower,36
Hillview,Mountbatten,40
Hillview,Napier,26
Hillview,Newton,21
Hillview,Nicoll Highway,36
Hillview,Novena,30
Hillview,Orchard,29
Hillview,Orchard Boulevard,28
Hillview,Outram Park,35
Hillview,Pasir Panjang,41
Hillview,Pasir Ris,61
Hillview,Paya Lebar,42
Hillview,Pioneer,50
Hillview,Potong Pasir,35
Hillview,Promenade,28
Hillview,Punggol,51
Hillview,Punggol Coast,53
Hillview,Queenstown,42
Hillview,Raffles Place,38
Hillview,Redhill,44
Hillview,Rochor,24
Hillview,Sembawang,50
Hillview,Sengkang,48
Hillview,Serangoon,39
Hillview,Shenton Way,38
Hillview,Siglap,55
Hillview,Simei,56
Hillview,Sixth Avenue,13
Hillview,Somerset,32
Hillview,Springleaf,41
Hillview,Stadium,39
Hillview,Stevens,19
Hillview,Tai Seng,45
Hillview,Tampines,58
Hillview,Tampines East,62
Hillview,Tampines West,57
Hillview,Tan Kah Kee,15
Hillview,Tanah Merah,51
Hillview,Tanjong Katong,50
Hillview,Tanjong Pagar,40
Hillview,Tanjong Rhu,46
Hillview,Telok Ayer,33
Hillview,Telok Blangah,45
Hillview,Tiong Bahru,44
Hillview,Toa Payoh,32
Hillview,Tuas Crescent,59
Hillview,Tuas Link,63
Hillview,Tuas West Road,61
Hillview,Ubi,50
Hillview,Upper Changi,65
Hillview,Upper Thomson,31
Hillview,Woodlands,43
Hillview,Woodlands North,50
Hillview,Woodlands South,46
Hillview,Woodleigh,37
Hillview,Yew Tee,29
Hillview,Yio Chu Kang,41
Hillview,Yishun,49
Hillview,one-north,34
Holland Village,Admiralty,48
Holland Village,Aljunied,39
Holland Village,Ang Mo Kio,29
Holland Village,Bartley,28
Holland Village,Bayfront,29
Holland Village,Bayshore,53
Holland Village,Beauty World,24
Holland Village,Bedok,48
Holland Village,Bedok North,43
Holland Village,Bedok Reservoir,45
Holland Village,Bencoolen,38
Holland Village,Bendemeer,42
Holland Village,Bishan,20
Holland Village,Boon Keng,32
Holland Village,Boon Lay,31
Holland Village,Botanic Gardens,10
Holland Village,Braddell,28
Holland Village,Bras Basah,38
Holland Village,Bright Hill,27
Holland Village,Buangkok,39
Holland Village,Bugis,26
Holland Village,Bukit Batok,30
Holland Village,Bukit Gombak,32
Holland Village,Bukit Panjang,33
Holland Village,Buona Vista,7
Holland Village,Caldecott,15
Holland Village,Canberra,42
Holland Village,Cashew,31
Holland Village,Changi Airport,69
Holland Village,Chinatown,33
Holland Village,Chinese Garden,25
Holland Village,Choa Chu Kang,36
Holland Village,City Hall,31
Holland Village,Clarke Quay,33
Holland Village,Clementi,18
Holland Village,Commonwealth,16
Holland Village,Dakota,38
Holland Village,Dhoby Ghaut,30
Holland Village,Dover,16
Holland Village,Downtown,31
Holland Village,Esplanade,36
Holland Village,Eunos,43
Holland Village,Expo,56
Holland Village,Farrer Park,30
Holland Village,Farrer Road,8
Holland Village,Fort Canning,37
Holland Village,Gardens by the Bay,38
Holland Village,Geylang Bahru,41
Holland Village,Great World,31
Holland Village,Gul Circle,38
Holland Village,HarbourFront,23
Holland Village,Havelock,33
Holland Village,Haw Par Villa,14
Holland Village,Hillview,30
Holland Village,Holland Village,0
Holland Village,Hougang,37
Holland Village,Hume,26
Holland Village,Jalan Besar,40
Holland Village,Joo Koon,35
Holland Village,Jurong East,22
Holland Village,Kaki Bukit,41
Holland Village,Kallang,37
Holland Village,Katong Park,44
Holland Village,Kembangan,45
Holland Village,Kent Ridge,11
Holland Village,Khatib,37
Holland Village,King Albert Park,22
Holland Village,Kovan,34
Holland Village,Kranji,46
Holland Village,Labrador Park,18
Holland Village,Lakeside,27
Holland Village,Lavender,35
Holland Village,Lentor,32
Holland Village,Little India,23
Holland Village,Lorong Chuan,23
Holland Village,MacPherson,33
Holland Village,Marina Bay,35
Holland Village,Marina South Pier,37
Holland Village,Marine Parade,47
Holland Village,Marine Terrace,49
Holland Village,Marsiling,50
Holland Village,Marymount,17
Holland Village,Mattar,39
Holland Village,Maxwell,33
Holland Village,Mayflower,29
Holland Village,Mountbatten,40
Holland Village,Napier,26
Holland Village,Newton,20
Holland Village,Nicoll Highway,36
Holland Village,Novena,29
Holland Village,Orchard,29
Holland Village,Orchard Boulevard,27
Holland Village,Outram Park,25
Holland Village,Pasir Panjang,16
Holland Village,Pasir Ris,60
Holland Village,Paya Lebar,35
Holland Village,Pioneer,32
Holland Village,Potong Pasir,35
Holland Village,Promenade,27
Holland Village,Punggol,43
Holland Village,Punggol Coast,45
Holland Village,Queenstown,18
Holland Village,Raffles Place,29
Holland Village,Redhill,20
Holland Village,Rochor,24
Holland Village,Sembawang,44
Holland Village,Sengkang,41
Holland Village,Serangoon,25
Holland Village,Shenton Way,34
Holland Village,Siglap,51
Holland Village,Simei,55
Holland Village,Sixth Avenue,20
Holland Village,Somerset,31
Holland Village,Springleaf,35
Holland Village,Stadium,38
Holland Village,Stevens,18
Holland Village,Tai Seng,31
Holland Village,Tampines,49
Holland Village,Tampines East,51
Holland Village,Tampines West,47
Holland Village,Tan Kah Kee,18
Holland Village,Tanah Merah,51
Holland Village,Tanjong Katong,46
Holland Village,Tanjong Pagar,27
Holland Village,Tanjong Rhu,42
Holland Village,Telok Ayer,33
Holland Village,Telok Blangah,20
Holland Village,Tiong Bahru,22
Holland Village,Toa Payoh,30
Holland Village,Tuas Crescent,41
Holland Village,Tuas Link,45
Holland Village,Tuas West Road,43
Holland Village,Ubi,40
Holland Village,Upper Changi,55
Holland Village,Upper Thomson,25
Holland Village,Woodlands,41
Holland Village,Woodlands North,44
Holland Village,Woodlands South,39
Holland Village,Woodleigh,34
Holland Village,Yew Tee,39
Holland Village,Yio Chu Kang,32
Holland Village,Yishun,39
Holland Village,one-north,9
Hougang,Admiralty,49
Hougang,Aljunied,35
Hougang,Ang Mo Kio,31
Hougang,Bartley,20
Hougang,Bayfront,31
Hougang,Bayshore,55
Hougang,Beauty World,39
Hougang,Bedok,40
Hougang,Bedok North,35
Hougang,Bedok Reservoir,36
Hougang,Bencoolen,34
Hougang,Bendemeer,35
Hougang,Bishan,22
Hougang,Boon Keng,15
Hougang,Boon Lay,61
Hougang,Botanic Gardens,31
Hougang,Braddell,30
Hougang,Bras Basah,30
Hougang,Bright Hill,39
Hougang,Buangkok,6
Hougang,Bugis,28
Hougang,Bukit Batok,60
Hougang,Bukit Gombak,62
Hougang,Bukit Panjang,48
Hougang,Buona Vista,39
Hougang,Caldecott,27
Hougang,Canberra,44
Hougang,Cashew,46
Hougang,Changi Airport,61
Hougang,Chinatown,25
Hougang,Chinese Garden,55
Hougang,Choa Chu Kang,63
Hougang,City Hall,30
Hougang,Clarke Quay,23
Hougang,Clementi,48
Hougang,Commonwealth,42
Hougang,Dakota,30
Hougang,Dhoby Ghaut,21
Hougang,Dover,46
Hougang,Downtown,32
Hougang,Esplanade,32
Hougang,Eunos,35
Hougang,Expo,48
Hougang,Farrer Park,17
Hougang,Farrer Road,34
Hougang,Fort Canning,32
Hougang,Gardens by the Bay,40
Hougang,Geylang Bahru,33
Hougang,Great World,36
Hougang,Gul Circle,68
Hougang,HarbourFront,30
Hougang,Havelock,35
Hougang,Haw Par Villa,46
Hougang,Hillview,44
Hougang,Holland Village,37
Hougang,Hougang,0
Hougang,Hume,41
Hougang,Jalan Besar,35
Hougang,Joo Koon,66
Hougang,Jurong East,52
Hougang,Kaki Bukit,33
Hougang,Kallang,37
Hougang,Katong Park,46
Hougang,Kembangan,37
Hougang,Kent Ridge,43
Hougang,Khatib,39
Hougang,King Albert Park,37
Hougang,Kovan,6
Hougang,Kranji,59
Hougang,Labrador Park,41
Hougang,Lakeside,57
Hougang,Lavender,37
Hougang,Lentor,44
Hougang,Little India,19
Hougang,Lorong Chuan,19
Hougang,MacPherson,24
Hougang,Marina Bay,34
Hougang,Marina South Pier,36
Hougang,Marine Parade,49
Hougang,Marine Terrace,51
Hougang,Marsiling,56
Hougang,Marymount,25
Hougang,Mattar,31
Hougang,Maxwell,34
Hougang,Mayflower,41
Hougang,Mountbatten,32
Hougang,Napier,37
Hougang,Newton,27
Hougang,Nicoll Highway,36
Hougang,Novena,34
Hougang,Orchard,32
Hougang,Orchard Boulevard,38
Hougang,Outram Park,26
Hougang,Pasir Panjang,43
Hougang,Pasir Ris,52
Hougang,Paya Lebar,27
Hougang,Pioneer,62
Hougang,Potong Pasir,12
Hougang,Promenade,29
Hougang,Punggol,10
Hougang,Punggol Coast,12
Hougang,Queenstown,40
Hougang,Raffles Place,32
Hougang,Redhill,37
Hougang,Rochor,26
Hougang,Sembawang,46
Hougang,Sengkang,8
Hougang,Serangoon,8
Hougang,Shenton Way,36
Hougang,Siglap,53
Hougang,Simei,47
Hougang,Sixth Avenue,35
Hougang,Somerset,30
Hougang,Springleaf,46
Hougang,Stadium,33
Hougang,Stevens,29
Hougang,Tai Seng,22
Hougang,Tampines,41
Hougang,Tampines East,43
Hougang,Tampines West,39
Hougang,Tan Kah Kee,33
Hougang,Tanah Merah,42
Hougang,Tanjong Katong,48
Hougang,Tanjong Pagar,35
Hougang,Tanjong Rhu,44
Hougang,Telok Ayer,31
Hougang,Telok Blangah,39
Hougang,Tiong Bahru,35
Hougang,Toa Payoh,32
Hougang,Tuas Crescent,71
Hougang,Tuas Link,75
Hougang,Tuas West Road,73
Hougang,Ubi,31
Hougang,Upper Changi,46
Hougang,Upper Thomson,37
Hougang,Woodlands,52
Hougang,Woodlands North,56
Hougang,Woodlands South,51
Hougang,Woodleigh,10
Hougang,Yew Tee,67
Hougang,Yio Chu Kang,34
Hougang,Yishun,41
Hougang,one-north,41
Hume,Admiralty,47
Hume,Aljunied,36
Hume,Ang Mo Kio,36
Hume,Bartley,39
Hume,Bayfront,26
Hume,Bayshore,54
Hume,Beauty World,6
Hume,Bedok,45
Hume,Bedok North,50
Hume,Bedok Reservoir,52
Hume,Bencoolen,35
Hume,Bendemeer,39
Hume,Bishan,31
Hume,Boon Keng,30
Hume,Boon Lay,50
Hume,Botanic Gardens,13
Hume,Braddell,30
Hume,Bras Basah,35
Hume,Bright Hill,30
Hume,Buangkok,43
Hume,Bugis,23
Hume,Bukit Batok,34
Hume,Bukit Gombak,32
Hume,Bukit Panjang,8
Hume,Buona Vista,28
Hume,Caldecott,24
Hume,Canberra,48
Hume,Cashew,6
Hume,Changi Airport,66
Hume,Chinatown,31
Hume,Chinese Garden,44
Hume,Choa Chu Kang,23
Hume,City Hall,32
Hume,Clarke Quay,30
Hume,Clementi,40
Hume,Commonwealth,37
Hume,Dakota,39
Hume,Dhoby Ghaut,28
Hume,Dover,37
Hume,Downtown,28
Hume,Esplanade,33
Hume,Eunos,40
Hume,Expo,61
Hume,Farrer Park,27
Hume,Farrer Road,24
Hume,Fort Canning,34
Hume,Gardens by the Bay,39
Hume,Geylang Bahru,41
Hume,Great World,28
Hume,Gul Circle,58
Hume,HarbourFront,37
Hume,Havelock,30
Hume,Haw Par Villa,35
Hume,Hillview,5
Hume,Holland Village,26
Hume,Hougang,41
Hume,Hume,0
Hume,Jalan Besar,37
Hume,Joo Koon,55
Hume,Jurong East,37
Hume,Kaki Bukit,48
Hume,Kallang,34
Hume,Katong Park,45
Hume,Kembangan,42
Hume,Kent Ridge,32
Hume,Khatib,43
Hume,King Albert Park,8
Hume,Kovan,38
Hume,Kranji,38
Hume,Labrador Park,40
Hume,Lakeside,46
Hume,Lavender,32
Hume,Lentor,35
Hume,Little India,20
Hume,Lorong Chuan,34
Hume,MacPherson,44
Hume,Marina Bay,35
Hume,Marina South Pier,38
Hume,Marine Parade,48
Hume,Marine Terrace,50
Hume,Marsiling,41
Hume,Marymount,28
Hume,Mattar,43
Hume,Maxwell,33
Hume,Mayflower,32
Hume,Mountbatten,37
Hume,Napier,23
Hume,Newton,17
Hume,Nicoll Highway,33
Hume,Novena,26
Hume,Orchard,26
Hume,Orchard Boulevard,24
Hume,Outram Park,32
Hume,Pasir Panjang,37
Hume,Pasir Ris,58
Hume,Paya Lebar,38
Hume,Pioneer,51
Hume,Potong Pasir,32
Hume,Promenade,24
Hume,Punggol,48
Hume,Punggol Coast,50
Hume,Queenstown,39
Hume,Raffles Place,34
Hume,Redhill,41
Hume,Rochor,21
Hume,Sembawang,51
Hume,Sengkang,45
Hume,Serangoon,36
Hume,Shenton Way,35
Hume,Siglap,52
Hume,Simei,52
Hume,Sixth Avenue,10
Hume,Somerset,28
Hume,Springleaf,38
Hume,Stadium,35
Hume,Stevens,15
Hume,Tai Seng,42
Hume,Tampines,55
Hume,Tampines East,58
Hume,Tampines West,54
Hume,Tan Kah Kee,12
Hume,Tanah Merah,48
Hume,Tanjong Katong,47
Hume,Tanjong Pagar,37
Hume,Tanjong Rhu,43
Hume,Telok Ayer,30
Hume,Telok Blangah,42
Hume,Tiong Bahru,41
Hume,Toa Payoh,28
Hume,Tuas Crescent,60
Hume,Tuas Link,64
Hume,Tuas West Road,62
Hume,Ubi,47
Hume,Upper Changi,62
Hume,Upper Thomson,28
Hume,Woodlands,44
Hume,Woodlands North,47
Hume,Woodlands South,42
Hume,Woodleigh,34
Hume,Yew Tee,30
Hume,Yio Chu Kang,38
Hume,Yishun,45
Hume,one-north,31
Jalan Besar,Admiralty,58
Jalan Besar,Aljunied,28
Jalan Besar,Ang Mo Kio,40
Jalan Besar,Bartley,22
Jalan Besar,Bayfront,14
Jalan Besar,Bayshore,45
Jalan Besar,Beauty World,35
Jalan Besar,Bedok,32
Jalan Besar,Bedok North,16
Jalan Besar,Bedok Reservoir,18
Jalan Besar,Bencoolen,5
Jalan Besar,Bendemeer,6
Jalan Besar,Bishan,30
Jalan Besar,Boon Keng,24
Jalan Besar,Boon Lay,50
Jalan Besar,Botanic Gardens,27
Jalan Besar,Braddell,36
Jalan Besar,Bras Basah,27
Jalan Besar,Bright Hill,40
Jalan Besar,Buangkok,38
Jalan Besar,Bugis,18
Jalan Besar,Bukit Batok,50
Jalan Besar,Bukit Gombak,52
Jalan Besar,Bukit Panjang,44
Jalan Besar,Buona Vista,33
Jalan Besar,Caldecott,34
Jalan Besar,Canberra,52
Jalan Besar,Cashew,42
Jalan Besar,Changi Airport,46
Jalan Besar,Chinatown,9
Jalan Besar,Chinese Garden,45
Jalan Besar,Choa Chu Kang,56
Jalan Besar,City Hall,27
Jalan Besar,Clarke Quay,16
Jalan Besar,Clementi,38
Jalan Besar,Commonwealth,31
Jalan Besar,Dakota,22
Jalan Besar,Dhoby Ghaut,18
Jalan Besar,Dover,36
Jalan Besar,Downtown,12
Jalan Besar,Esplanade,25
Jalan Besar,Eunos,28
Jalan Besar,Expo,30
Jalan Besar,Farrer Park,22
Jalan Besar,Farrer Road,37
Jalan Besar,Fort Canning,7
Jalan Besar,Gardens by the Bay,30
Jalan Besar,Geylang Bahru,8
Jalan Besar,Great World,26
Jalan Besar,Gul Circle,58
Jalan Besar,HarbourFront,19
Jalan Besar,Havelock,24
Jalan Besar,Haw Par Villa,35
Jalan Besar,Hillview,40
Jalan Besar,Holland Village,40
Jalan Besar,Hougang,35
Jalan Besar,Hume,37
Jalan Besar,Jalan Besar,0
Jalan Besar,Joo Koon,55
Jalan Besar,Jurong East,42
Jalan Besar,Kaki Bukit,15
Jalan Besar,Kallang,29
Jalan Besar,Katong Park,36
Jalan Besar,Kembangan,30
Jalan Besar,Kent Ridge,38
Jalan Besar,Khatib,47
Jalan Besar,King Albert Park,33
Jalan Besar,Kovan,33
Jalan Besar,Kranji,66
Jalan Besar,Labrador Park,31
Jalan Besar,Lakeside,47
Jalan Besar,Lavender,27
Jalan Besar,Lentor,45
Jalan Besar,Little India,20
Jalan Besar,Lorong Chuan,27
Jalan Besar,MacPherson,11
Jalan Besar,Marina Bay,22
Jalan Besar,Marina South Pier,31
Jalan Besar,Marine Parade,39
Jalan Besar,Marine Terrace,41
Jalan Besar,Marsiling,64
Jalan Besar,Marymount,33
Jalan Besar,Mattar,9
Jalan Besar,Maxwell,24
Jalan Besar,Mayflower,42
Jalan Besar,Mountbatten,24
Jalan Besar,Napier,31
Jalan Besar,Newton,23
Jalan Besar,Nicoll Highway,25
Jalan Besar,Novena,32
Jalan Besar,Orchard,28
Jalan Besar,Orchard Boulevard,30
Jalan Besar,Outram Park,16
Jalan Besar,Pasir Panjang,33
Jalan Besar,Pasir Ris,34
Jalan Besar,Paya Lebar,19
Jalan Besar,Pioneer,52
Jalan Besar,Potong Pasir,26
Jalan Besar,Promenade,16
Jalan Besar,Punggol,42
Jalan Besar,Punggol Coast,44
Jalan Besar,Queenstown,29
Jalan Besar,Raffles Place,27
Jalan Besar,Redhill,27
Jalan Besar,Rochor,19
Jalan Besar,Sembawang,54
Jalan Besar,Sengkang,39
Jalan Besar,Serangoon,25
Jalan Besar,Shenton Way,26
Jalan Besar,Siglap,43
Jalan Besar,Simei,33
Jalan Besar,Sixth Avenue,31
Jalan Besar,Somerset,27
Jalan Besar,Springleaf,48
Jalan Besar,Stadium,26
Jalan Besar,Stevens,25
Jalan Besar,Tai Seng,19
Jalan Besar,Tampines,23
Jalan Besar,Tampines East,25
Jalan Besar,Tampines West,21
Jalan Besar,Tan Kah Kee,29
Jalan Besar,Tanah Merah,35
Jalan Besar,Tanjong Katong,38
Jalan Besar,Tanjong Pagar,24
Jalan Besar,Tanjong Rhu,34
Jalan Besar,Telok Ayer,11
Jalan Besar,Telok Blangah,29
Jalan Besar,Tiong Bahru,25
Jalan Besar,Toa Payoh,34
Jalan Besar,Tuas Crescent,60
Jalan Besar,Tuas Link,65
Jalan Besar,Tuas West Road,63
Jalan Besar,Ubi,13
Jalan Besar,Upper Changi,28
Jalan Besar,Upper Thomson,38
Jalan Besar,Woodlands,54
Jalan Besar,Woodlands North,57
Jalan Besar,Woodlands South,52
Jalan Besar,Woodleigh,28
Jalan Besar,Yew Tee,58
Jalan Besar,Yio Chu Kang,42
Jalan Besar,Yishun,49
Jalan Besar,one-north,40
Joo Koon,Admiralty,50
Joo Koon,Aljunied,52
Joo Koon,Ang Mo Kio,60
Joo Koon,Bartley,58
Joo Koon,Bayfront,54
Joo Koon,Bayshore,65
Joo Koon,Beauty World,55
Joo Koon,Bedok,60
Joo Koon,Bedok North,68
Joo Koon,Bedok Reservoir,70
Joo Koon,Bencoolen,53
Joo Koon,Bendemeer,57
Joo Koon,Bishan,50
Joo Koon,Boon Keng,54
Joo Koon,Boon Lay,8
Joo Koon,Botanic Gardens,40
Joo Koon,Braddell,59
Joo Koon,Bras Basah,57
Joo Koon,Bright Hill,58
Joo Koon,Buangkok,68
Joo Koon,Bugis,45
Joo Koon,Bukit Batok,24
Joo Koon,Bukit Gombak,26
Joo Koon,Bukit Panjang,44
Joo Koon,Buona Vista,25
Joo Koon,Caldecott,45
Joo Koon,Canberra,55
Joo Koon,Cashew,52
Joo Koon,Changi Airport,81
Joo Koon,Chinatown,44
Joo Koon,Chinese Garden,14
Joo Koon,Choa Chu Kang,30
Joo Koon,City Hall,43
Joo Koon,Clarke Quay,46
Joo Koon,Clementi,20
Joo Koon,Commonwealth,27
Joo Koon,Dakota,64
Joo Koon,Dhoby Ghaut,48
Joo Koon,Dover,23
Joo Koon,Downtown,52
Joo Koon,Esplanade,59
Joo Koon,Eunos,56
Joo Koon,Expo,76
Joo Koon,Farrer Park,52
Joo Koon,Farrer Road,38
Joo Koon,Fort Canning,52
Joo Koon,Gardens by the Bay,50
Joo Koon,Geylang Bahru,59
Joo Koon,Great World,46
Joo Koon,Gul Circle,6
Joo Koon,HarbourFront,46
Joo Koon,Havelock,44
Joo Koon,Haw Par Villa,40
Joo Koon,Hillview,54
Joo Koon,Holland Village,35
Joo Koon,Hougang,66
Joo Koon,Hume,55
Joo Koon,Jalan Besar,55
Joo Koon,Joo Koon,0
Joo Koon,Jurong East,16
Joo Koon,Kaki Bukit,66
Joo Koon,Kallang,49
Joo Koon,Katong Park,56
Joo Koon,Kembangan,58
Joo Koon,Kent Ridge,37
Joo Koon,Khatib,60
Joo Koon,King Albert Park,53
Joo Koon,Kovan,63
Joo Koon,Kranji,40
Joo Koon,Labrador Park,44
Joo Koon,Lakeside,12
Joo Koon,Lavender,47
Joo Koon,Lentor,62
Joo Koon,Little India,50
Joo Koon,Lorong Chuan,53
Joo Koon,MacPherson,62
Joo Koon,Marina Bay,46
Joo Koon,Marina South Pier,49
Joo Koon,Marine Parade,59
Joo Koon,Marine Terrace,61
Joo Koon,Marsiling,43
Joo Koon,Marymount,48
Joo Koon,Mattar,61
Joo Koon,Maxwell,44
Joo Koon,Mayflower,60
Joo Koon,Mountbatten,66
Joo Koon,Napier,51
Joo Koon,Newton,51
Joo Koon,Nicoll Highway,63
Joo Koon,Novena,56
Joo Koon,Orchard,48
Joo Koon,Orchard Boulevard,50
Joo Koon,Outram Park,36
Joo Koon,Pasir Panjang,42
Joo Koon,Pasir Ris,73
Joo Koon,Paya Lebar,54
Joo Koon,Pioneer,6
Joo Koon,Potong Pasir,57
Joo Koon,Promenade,54
Joo Koon,Punggol,72
Joo Koon,Punggol Coast,74
Joo Koon,Queenstown,29
Joo Koon,Raffles Place,40
Joo Koon,Redhill,31
Joo Koon,Rochor,54
Joo Koon,Sembawang,53
Joo Koon,Sengkang,70
Joo Koon,Serangoon,55
Joo Koon,Shenton Way,46
Joo Koon,Siglap,63
Joo Koon,Simei,68
Joo Koon,Sixth Avenue,50
Joo Koon,Somerset,50
Joo Koon,Springleaf,61
Joo Koon,Stadium,65
Joo Koon,Stevens,49
Joo Koon,Tai Seng,61
Joo Koon,Tampines,70
Joo Koon,Tampines East,76
Joo Koon,Tampines West,72
Joo Koon,Tan Kah Kee,48
Joo Koon,Tanah Merah,63
Joo Koon,Tanjong Katong,58
Joo Koon,Tanjong Pagar,38
Joo Koon,Tanjong Rhu,54
Joo Koon,Telok Ayer,51
Joo Koon,Telok Blangah,46
Joo Koon,Tiong Bahru,33
Joo Koon,Toa Payoh,58
Joo Koon,Tuas Crescent,9
Joo Koon,Tuas Link,13
Joo Koon,Tuas West Road,11
Joo Koon,Ubi,65
Joo Koon,Upper Changi,80
Joo Koon,Upper Thomson,55
Joo Koon,Woodlands,47
Joo Koon,Woodlands North,57
Joo Koon,Woodlands South,57
Joo Koon,Woodleigh,58
Joo Koon,Yew Tee,32
Joo Koon,Yio Chu Kang,62
Joo Koon,Yishun,58
Joo Koon,one-north,35
Jurong East,Admiralty,33
Jurong East,Aljunied,38
Jurong East,Ang Mo Kio,47
Jurong East,Bartley,46
Jurong East,Bayfront,41
Jurong East,Bayshore,52
Jurong East,Beauty World,42
Jurong East,Bedok,47
Jurong East,Bedok North,55
Jurong East,Bedok Reservoir,57
Jurong East,Bencoolen,40
Jurong East,Bendemeer,44
Jurong East,Bishan,37
Jurong East,Boon Keng,41
Jurong East,Boon Lay,11
Jurong East,Botanic Gardens,27
Jurong East,Braddell,46
Jurong East,Bras Basah,44
Jurong East,Bright Hill,44
Jurong East,Buangkok,55
Jurong East,Bugis,32
Jurong East,Bukit Batok,7
Jurong East,Bukit Gombak,9
Jurong East,Bukit Panjang,27
Jurong East,Buona Vista,12
Jurong East,Caldecott,32
Jurong East,Canberra,38
Jurong East,Cashew,35
Jurong East,Changi Airport,68
Jurong East,Chinatown,31
Jurong East,Chinese Garden,6
Jurong East,Choa Chu Kang,13
Jurong East,City Hall,30
Jurong East,Clarke Quay,33
Jurong East,Clementi,7
Jurong East,Commonwealth,14
Jurong East,Dakota,51
Jurong East,Dhoby Ghaut,35
Jurong East,Dover,10
Jurong East,Downtown,39
Jurong East,Esplanade,46
Jurong East,Eunos,43
Jurong East,Expo,63
Jurong East,Farrer Park,39
Jurong East,Farrer Road,25
Jurong East,Fort Canning,39
Jurong East,Gardens by the Bay,37
Jurong East,Geylang Bahru,46
Jurong East,Great World,33
Jurong East,Gul Circle,19
Jurong East,HarbourFront,33
Jurong East,Havelock,31
Jurong East,Haw Par Villa,27
Jurong East,Hillview,36
Jurong East,Holland Village,22
Jurong East,Hougang,52
Jurong East,Hume,37
Jurong East,Jalan Besar,42
Jurong East,Joo Koon,16
Jurong East,Jurong East,0
Jurong East,Kaki Bukit,53
Jurong East,Kallang,36
Jurong East,Katong Park,43
Jurong East,Kembangan,45
Jurong East,Kent Ridge,24
Jurong East,Khatib,43
Jurong East,King Albert Park,40
Jurong East,Kovan,50
Jurong East,Kranji,23
Jurong East,Labrador Park,31
Jurong East,Lakeside,8
Jurong East,Lavender,34
Jurong East,Lentor,47
Jurong East,Little India,37
Jurong East,Lorong Chuan,40
Jurong East,MacPherson,49
Jurong East,Marina Bay,33
Jurong East,Marina South Pier,36
Jurong East,Marine Parade,46
Jurong East,Marine Terrace,48
Jurong East,Marsiling,26
Jurong East,Marymount,35
Jurong East,Mattar,48
Jurong East,Maxwell,31
Jurong East,Mayflower,47
Jurong East,Mountbatten,53
Jurong East,Napier,38
Jurong East,Newton,38
Jurong East,Nicoll Highway,50
Jurong East,Novena,43
Jurong East,Orchard,35
Jurong East,Orchard Boulevard,37
Jurong East,Outram Park,23
Jurong East,Pasir Panjang,29
Jurong East,Pasir Ris,60
Jurong East,Paya Lebar,41
Jurong East,Pioneer,13
Jurong East,Potong Pasir,44
Jurong East,Promenade,41
Jurong East,Punggol,59
Jurong East,Punggol Coast,61
Jurong East,Queenstown,16
Jurong East,Raffles Place,28
Jurong East,Redhill,18
Jurong East,Rochor,41
Jurong East,Sembawang,36
Jurong East,Sengkang,57
Jurong East,Serangoon,42
Jurong East,Shenton Way,33
Jurong East,Siglap,50
Jurong East,Simei,55
Jurong East,Sixth Avenue,37
Jurong East,Somerset,37
Jurong East,Springleaf,44
Jurong East,Stadium,52
Jurong East,Stevens,36
Jurong East,Tai Seng,48
Jurong East,Tampines,57
Jurong East,Tampines East,64
Jurong East,Tampines West,59
Jurong East,Tan Kah Kee,36
Jurong East,Tanah Merah,50
Jurong East,Tanjong Katong,45
Jurong East,Tanjong Pagar,25
Jurong East,Tanjong Rhu,41
Jurong East,Telok Ayer,38
Jurong East,Telok Blangah,33
Jurong East,Tiong Bahru,20
Jurong East,Toa Payoh,45
Jurong East,Tuas Crescent,22
Jurong East,Tuas Link,26
Jurong East,Tuas West Road,24
Jurong East,Ubi,52
Jurong East,Upper Changi,67
Jurong East,Upper Thomson,42
Jurong East,Woodlands,29
Jurong East,Woodlands North,39
Jurong East,Woodlands South,39
Jurong East,Woodleigh,46
Jurong East,Yew Tee,15
Jurong East,Yio Chu Kang,48
Jurong East,Yishun,41
Jurong East,one-north,22
Kaki Bukit,Admiralty,54
Kaki Bukit,Aljunied,24
Kaki Bukit,Ang Mo Kio,36
Kaki Bukit,Bartley,18
Kaki Bukit,Bayfront,25
Kaki Bukit,Bayshore,56
Kaki Bukit,Beauty World,46
Kaki Bukit,Bedok,28
Kaki Bukit,Bedok North,5
Kaki Bukit,Bedok Reservoir,7
Kaki Bukit,Bencoolen,17
Kaki Bukit,Bendemeer,13
Kaki Bukit,Bishan,26
Kaki Bukit,Boon Keng,35
Kaki Bukit,Boon Lay,62
Kaki Bukit,Botanic Gardens,36
Kaki Bukit,Braddell,35
Kaki Bukit,Bras Basah,31
Kaki Bukit,Bright Hill,44
Kaki Bukit,Buangkok,35
Kaki Bukit,Bugis,29
Kaki Bukit,Bukit Batok,61
Kaki Bukit,Bukit Gombak,63
Kaki Bukit,Bukit Panjang,55
Kaki Bukit,Buona Vista,43
Kaki Bukit,Caldecott,31
Kaki Bukit,Canberra,48
Kaki Bukit,Cashew,53
Kaki Bukit,Changi Airport,35
Kaki Bukit,Chinatown,21
Kaki Bukit,Chinese Garden,56
Kaki Bukit,Choa Chu Kang,67
Kaki Bukit,City Hall,32
Kaki Bukit,Clarke Quay,27
Kaki Bukit,Clementi,49
Kaki Bukit,Commonwealth,43
Kaki Bukit,Dakota,18
Kaki Bukit,Dhoby Ghaut,29
Kaki Bukit,Dover,47
Kaki Bukit,Downtown,24
Kaki Bukit,Esplanade,29
Kaki Bukit,Eunos,24
Kaki Bukit,Expo,18
Kaki Bukit,Farrer Park,33
Kaki Bukit,Farrer Road,39
Kaki Bukit,Fort Canning,18
Kaki Bukit,Gardens by the Bay,41
Kaki Bukit,Geylang Bahru,11
Kaki Bukit,Great World,37
Kaki Bukit,Gul Circle,69
Kaki Bukit,HarbourFront,31
Kaki Bukit,Havelock,36
Kaki Bukit,Haw Par Villa,47
Kaki Bukit,Hillview,52
Kaki Bukit,Holland Village,41
Kaki Bukit,Hougang,33
Kaki Bukit,Hume,48
Kaki Bukit,Jalan Besar,15
Kaki Bukit,Joo Koon,66
Kaki Bukit,Jurong East,53
Kaki Bukit,Kaki Bukit,0
Kaki Bukit,Kallang,26
Kaki Bukit,Katong Park,47
Kaki Bukit,Kembangan,26
Kaki Bukit,Kent Ridge,48
Kaki Bukit,Khatib,43
Kaki Bukit,King Albert Park,44
Kaki Bukit,Kovan,31
Kaki Bukit,Kranji,63
Kaki Bukit,Labrador Park,42
Kaki Bukit,Lakeside,58
Kaki Bukit,Lavender,28
Kaki Bukit,Lentor,48
Kaki Bukit,Little India,31
Kaki Bukit,Lorong Chuan,23
Kaki Bukit,MacPherson,7
Kaki Bukit,Marina Bay,34
Kaki Bukit,Marina South Pier,42
Kaki Bukit,Marine Parade,50
Kaki Bukit,Marine Terrace,52
Kaki Bukit,Marsiling,60
Kaki Bukit,Marymount,29
Kaki Bukit,Mattar,9
Kaki Bukit,Maxwell,35
Kaki Bukit,Mayflower,46
Kaki Bukit,Mountbatten,20
Kaki Bukit,Napier,43
Kaki Bukit,Newton,34
Kaki Bukit,Nicoll Highway,24
Kaki Bukit,Novena,39
Kaki Bukit,Orchard,39
Kaki Bukit,Orchard Boulevard,41
Kaki Bukit,Outram Park,27
Kaki Bukit,Pasir Panjang,44
Kaki Bukit,Pasir Ris,22
Kaki Bukit,Paya Lebar,16
Kaki Bukit,Pioneer,63
Kaki Bukit,Potong Pasir,32
Kaki Bukit,Promenade,26
Kaki Bukit,Punggol,40
Kaki Bukit,Punggol Coast,42
Kaki Bukit,Queenstown,41
Kaki Bukit,Raffles Place,35
Kaki Bukit,Redhill,38
Kaki Bukit,Rochor,31
Kaki Bukit,Sembawang,51
Kaki Bukit,Sengkang,37
Kaki Bukit,Serangoon,21
Kaki Bukit,Shenton Way,37
Kaki Bukit,Siglap,54
Kaki Bukit,Simei,22
Kaki Bukit,Sixth Avenue,42
Kaki Bukit,Somerset,38
Kaki Bukit,Springleaf,51
Kaki Bukit,Stadium,22
Kaki Bukit,Stevens,37
Kaki Bukit,Tai Seng,16
Kaki Bukit,Tampines,11
Kaki Bukit,Tampines East,14
Kaki Bukit,Tampines West,9
Kaki Bukit,Tan Kah Kee,40
Kaki Bukit,Tanah Merah,26
Kaki Bukit,Tanjong Katong,49
Kaki Bukit,Tanjong Pagar,36
Kaki Bukit,Tanjong Rhu,45
Kaki Bukit,Telok Ayer,22
Kaki Bukit,Telok Blangah,40
Kaki Bukit,Tiong Bahru,36
Kaki Bukit,Toa Payoh,37
Kaki Bukit,Tuas Crescent,72
Kaki Bukit,Tuas Link,76
Kaki Bukit,Tuas West Road,74
Kaki Bukit,Ubi,5
Kaki Bukit,Upper Changi,17
Kaki Bukit,Upper Thomson,41
Kaki Bukit,Woodlands,56
Kaki Bukit,Woodlands North,60
Kaki Bukit,Woodlands South,55
Kaki Bukit,Woodleigh,30
Kaki Bukit,Yew Tee,70
Kaki Bukit,Yio Chu Kang,38
Kaki Bukit,Yishun,45
Kaki Bukit,one-north,46
Kallang,Admiralty,51
Kallang,Aljunied,6
Kallang,Ang Mo Kio,33
Kallang,Bartley,23
Kallang,Bayfront,19
Kallang,Bayshore,41
Kallang,Beauty World,32
Kallang,Bedok,14
Kallang,Bedok North,28
Kallang,Bedok Reservoir,30
Kallang,Bencoolen,28
Kallang,Bendemeer,28
Kallang,Bishan,29
Kallang,Boon Keng,28
Kallang,Boon Lay,44
Kallang,Botanic Gardens,24
Kallang,Braddell,27
Kallang,Bras Basah,25
Kallang,Bright Hill,37
Kallang,Buangkok,40
Kallang,Bugis,7
Kallang,Bukit Batok,44
Kallang,Bukit Gombak,46
Kallang,Bukit Panjang,41
Kallang,Buona Vista,27
Kallang,Caldecott,31
Kallang,Canberra,45
Kallang,Cashew,39
Kallang,Changi Airport,35
Kallang,Chinatown,24
Kallang,Chinese Garden,39
Kallang,Choa Chu Kang,50
Kallang,City Hall,10
Kallang,Clarke Quay,25
Kallang,Clementi,32
Kallang,Commonwealth,25
Kallang,Dakota,18
Kallang,Dhoby Ghaut,16
Kallang,Dover,30
Kallang,Downtown,21
Kallang,Esplanade,26
Kallang,Eunos,10
Kallang,Expo,30
Kallang,Farrer Park,26
Kallang,Farrer Road,34
Kallang,Fort Canning,26
Kallang,Gardens by the Bay,26
Kallang,Geylang Bahru,26
Kallang,Great World,26
Kallang,Gul Circle,52
Kallang,HarbourFront,26
Kallang,Havelock,25
Kallang,Haw Par Villa,42
Kallang,Hillview,37
Kallang,Holland Village,37
Kallang,Hougang,37
Kallang,Hume,34
Kallang,Jalan Besar,29
Kallang,Joo Koon,49
Kallang,Jurong East,36
Kallang,Kaki Bukit,26
Kallang,Kallang,0
Kallang,Katong Park,32
Kallang,Kembangan,12
Kallang,Kent Ridge,40
Kallang,Khatib,40
Kallang,King Albert Park,30
Kallang,Kovan,35
Kallang,Kranji,60
Kallang,Labrador Park,37
Kallang,Lakeside,41
Kallang,Lavender,5
Kallang,Lentor,42
Kallang,Little India,18
Kallang,Lorong Chuan,28
Kallang,MacPherson,18
Kallang,Marina Bay,18
Kallang,Marina South Pier,20
Kallang,Marine Parade,35
Kallang,Marine Terrace,37
Kallang,Marsiling,57
Kallang,Marymount,34
Kallang,Mattar,24
Kallang,Maxwell,24
Kallang,Mayflower,39
Kallang,Mountbatten,20
Kallang,Napier,29
Kallang,Newton,20
Kallang,Nicoll Highway,24
Kallang,Novena,23
Kallang,Orchard,19
Kallang,Orchard Boulevard,27
Kallang,Outram Park,16
Kallang,Pasir Panjang,40
Kallang,Pasir Ris,27
Kallang,Paya Lebar,8
Kallang,Pioneer,46
Kallang,Potong Pasir,30
Kallang,Promenade,17
Kallang,Punggol,44
Kallang,Punggol Coast,46
Kallang,Queenstown,23
Kallang,Raffles Place,12
Kallang,Redhill,21
Kallang,Rochor,16
Kallang,Sembawang,48
Kallang,Sengkang,42
Kallang,Serangoon,25
Kallang,Shenton Way,25
Kallang,Siglap,39
Kallang,Simei,22
Kallang,Sixth Avenue,28
Kallang,Somerset,17
Kallang,Springleaf,45
Kallang,Stadium,22
Kallang,Stevens,22
Kallang,Tai Seng,20
Kallang,Tampines,24
Kallang,Tampines East,34
Kallang,Tampines West,32
Kallang,Tan Kah Kee,26
Kallang,Tanah Merah,17
Kallang,Tanjong Katong,34
Kallang,Tanjong Pagar,14
Kallang,Tanjong Rhu,30
Kallang,Telok Ayer,22
Kallang,Telok Blangah,35
Kallang,Tiong Bahru,19
Kallang,Toa Payoh,25
Kallang,Tuas Crescent,55
Kallang,Tuas Link,59
Kallang,Tuas West Road,57
Kallang,Ubi,24
Kallang,Upper Changi,37
Kallang,Upper Thomson,35
Kallang,Woodlands,51
Kallang,Woodlands North,54
Kallang,Woodlands South,49
Kallang,Woodleigh,32
Kallang,Yew Tee,52
Kallang,Yio Chu Kang,35
Kallang,Yishun,42
Kallang,one-north,38
Katong Park,Admiralty,59
Katong Park,Aljunied,34
Katong Park,Ang Mo Kio,41
Katong Park,Bartley,48
Katong Park,Bayfront,22
Katong Park,Bayshore,13
Katong Park,Beauty World,43
Katong Park,Bedok,43
Katong Park,Bedok North,49
Katong Park,Bedok Reservoir,51
Katong Park,Bencoolen,34
Katong Park,Bendemeer,38
Katong Park,Bishan,38
Katong Park,Boon Keng,35
Katong Park,Boon Lay,51
Katong Park,Botanic Gardens,35
Katong Park,Braddell,36
Katong Park,Bras Basah,33
Katong Park,Bright Hill,38
Katong Park,Buangkok,48
Katong Park,Bugis,28
Katong Park,Bukit Batok,51
Katong Park,Bukit Gombak,53
Katong Park,Bukit Panjang,52
Katong Park,Buona Vista,34
Katong Park,Caldecott,32
Katong Park,Canberra,53
Katong Park,Cashew,50
Katong Park,Changi Airport,64
Katong Park,Chinatown,25
Katong Park,Chinese Garden,45
Katong Park,Choa Chu Kang,57
Katong Park,City Hall,22
Katong Park,Clarke Quay,27
Katong Park,Clementi,39
Katong Park,Commonwealth,32
Katong Park,Dakota,38
Katong Park,Dhoby Ghaut,24
Katong Park,Dover,36
Katong Park,Downtown,28
Katong Park,Esplanade,32
Katong Park,Eunos,39
Katong Park,Expo,59
Katong Park,Farrer Park,33
Katong Park,Farrer Road,46
Katong Park,Fort Canning,32
Katong Park,Gardens by the Bay,10
Katong Park,Geylang Bahru,40
Katong Park,Great World,20
Katong Park,Gul Circle,59
Katong Park,HarbourFront,26
Katong Park,Havelock,19
Katong Park,Haw Par Villa,42
Katong Park,Hillview,48
Katong Park,Holland Village,44
Katong Park,Hougang,46
Katong Park,Hume,45
Katong Park,Jalan Besar,36
Katong Park,Joo Koon,56
Katong Park,Jurong East,43
Katong Park,Kaki Bukit,47
Katong Park,Kallang,32
Katong Park,Katong Park,0
Katong Park,Kembangan,40
Katong Park,Kent Ridge,45
Katong Park,Khatib,48
Katong Park,King Albert Park,41
Katong Park,Kovan,44
Katong Park,Kranji,67
Katong Park,Labrador Park,38
Katong Park,Lakeside,48
Katong Park,Lavender,30
Katong Park,Lentor,43
Katong Park,Little India,31
Katong Park,Lorong Chuan,48
Katong Park,MacPherson,43
Katong Park,Marina Bay,12
Katong Park,Marina South Pier,20
Katong Park,Marine Parade,7
Katong Park,Marine Terrace,9
Katong Park,Marsiling,63
Katong Park,Marymount,43
Katong Park,Mattar,42
Katong Park,Maxwell,15
Katong Park,Mayflower,40
Katong Park,Mountbatten,36
Katong Park,Napier,26
Katong Park,Newton,30
Katong Park,Nicoll Highway,32
Katong Park,Novena,32
Katong Park,Orchard,22
Katong Park,Orchard Boulevard,24
Katong Park,Outram Park,16
Katong Park,Pasir Panjang,40
Katong Park,Pasir Ris,56
Katong Park,Paya Lebar,36
Katong Park,Pioneer,53
Katong Park,Potong Pasir,37
Katong Park,Promenade,25
Katong Park,Punggol,53
Katong Park,Punggol Coast,55
Katong Park,Queenstown,30
Katong Park,Raffles Place,20
Katong Park,Redhill,28
Katong Park,Rochor,32
Katong Park,Sembawang,56
Katong Park,Sengkang,50
Katong Park,Serangoon,41
Katong Park,Shenton Way,13
Katong Park,Siglap,11
Katong Park,Simei,51
Katong Park,Sixth Avenue,39
Katong Park,Somerset,26
Katong Park,Springleaf,46
Katong Park,Stadium,34
Katong Park,Stevens,28
Katong Park,Tai Seng,45
Katong Park,Tampines,53
Katong Park,Tampines East,57
Katong Park,Tampines West,53
Katong Park,Tan Kah Kee,37
Katong Park,Tanah Merah,46
Katong Park,Tanjong Katong,6
Katong Park,Tanjong Pagar,25
Katong Park,Tanjong Rhu,6
Katong Park,Telok Ayer,30
Katong Park,Telok Blangah,36
Katong Park,Tiong Bahru,26
Katong Park,Toa Payoh,34
Katong Park,Tuas Crescent,61
Katong Park,Tuas Link,65
Katong Park,Tuas West Road,63
Katong Park,Ubi,45
Katong Park,Upper Changi,60
Katong Park,Upper Thomson,36
Katong Park,Woodlands,52
Katong Park,Woodlands North,55
Katong Park,Woodlands South,50
Katong Park,Woodleigh,39
Katong Park,Yew Tee,59
Katong Park,Yio Chu Kang,43
Katong Park,Yishun,51
Katong Park,one-north,44
Kembangan,Admiralty,58
Kembangan,Aljunied,9
Kembangan,Ang Mo Kio,40
Kembangan,Bartley,22
Kembangan,Bayfront,27
Kembangan,Bayshore,49
Kembangan,Beauty World,40
Kembangan,Bedok,6
Kembangan,Bedok North,27
Kembangan,Bedok Reservoir,28
Kembangan,Bencoolen,31
Kembangan,Bendemeer,27
Kembangan,Bishan,30
Kembangan,Boon Keng,36
Kembangan,Boon Lay,53
Kembangan,Botanic Gardens,32
Kembangan,Braddell,36
Kembangan,Bras Basah,30
Kembangan,Bright Hill,46
Kembangan,Buangkok,39
Kembangan,Bugis,16
Kembangan,Bukit Batok,52
Kembangan,Bukit Gombak,54
Kembangan,Bukit Panjang,49
Kembangan,Buona Vista,36
Kembangan,Caldecott,35
Kembangan,Canberra,52
Kembangan,Cashew,47
Kembangan,Changi Airport,27
Kembangan,Chinatown,32
Kembangan,Chinese Garden,47
Kembangan,Choa Chu Kang,59
Kembangan,City Hall,18
Kembangan,Clarke Quay,34
Kembangan,Clementi,40
Kembangan,Commonwealth,34
Kembangan,Dakota,17
Kembangan,Dhoby Ghaut,24
Kembangan,Dover,38
Kembangan,Downtown,29
Kembangan,Esplanade,28
Kembangan,Eunos,5
Kembangan,Expo,22
Kembangan,Farrer Park,34
Kembangan,Farrer Road,43
Kembangan,Fort Canning,33
Kembangan,Gardens by the Bay,34
Kembangan,Geylang Bahru,25
Kembangan,Great World,34
Kembangan,Gul Circle,60
Kembangan,HarbourFront,34
Kembangan,Havelock,33
Kembangan,Haw Par Villa,50
Kembangan,Hillview,46
Kembangan,Holland Village,45
Kembangan,Hougang,37
Kembangan,Hume,42
Kembangan,Jalan Besar,30
Kembangan,Joo Koon,58
Kembangan,Jurong East,45
Kembangan,Kaki Bukit,26
Kembangan,Kallang,12
Kembangan,Katong Park,40
Kembangan,Kembangan,0
Kembangan,Kent Ridge,48
Kembangan,Khatib,47
Kembangan,King Albert Park,38
Kembangan,Kovan,35
Kembangan,Kranji,67
Kembangan,Labrador Park,46
Kembangan,Lakeside,49
Kembangan,Lavender,14
Kembangan,Lentor,50
Kembangan,Little India,26
Kembangan,Lorong Chuan,27
Kembangan,MacPherson,17
Kembangan,Marina Bay,26
Kembangan,Marina South Pier,28
Kembangan,Marine Parade,43
Kembangan,Marine Terrace,45
Kembangan,Marsiling,64
Kembangan,Marymount,33
Kembangan,Mattar,24
Kembangan,Maxwell,33
Kembangan,Mayflower,48
Kembangan,Mountbatten,19
Kembangan,Napier,37
Kembangan,Newton,28
Kembangan,Nicoll Highway,23
Kembangan,Novena,32
Kembangan,Orchard,28
Kembangan,Orchard Boulevard,36
Kembangan,Outram Park,25
Kembangan,Pasir Panjang,48
Kembangan,Pasir Ris,19
Kembangan,Paya Lebar,7
Kembangan,Pioneer,54
Kembangan,Potong Pasir,36
Kembangan,Promenade,25
Kembangan,Punggol,44
Kembangan,Punggol Coast,46
Kembangan,Queenstown,32
Kembangan,Raffles Place,20
Kembangan,Redhill,30
Kembangan,Rochor,25
Kembangan,Sembawang,55
Kembangan,Sengkang,41
Kembangan,Serangoon,25
Kembangan,Shenton Way,34
Kembangan,Siglap,47
Kembangan,Simei,13
Kembangan,Sixth Avenue,36
Kembangan,Somerset,26
Kembangan,Springleaf,53
Kembangan,Stadium,21
Kembangan,Stevens,31
Kembangan,Tai Seng,20
Kembangan,Tampines,16
Kembangan,Tampines East,26
Kembangan,Tampines West,26
Kembangan,Tan Kah Kee,34
Kembangan,Tanah Merah,9
Kembangan,Tanjong Katong,42
Kembangan,Tanjong Pagar,22
Kembangan,Tanjong Rhu,38
Kembangan,Telok Ayer,30
Kembangan,Telok Blangah,44
Kembangan,Tiong Bahru,27
Kembangan,Toa Payoh,34
Kembangan,Tuas Crescent,63
Kembangan,Tuas Link,67
Kembangan,Tuas West Road,65
Kembangan,Ubi,24
Kembangan,Upper Changi,29
Kembangan,Upper Thomson,43
Kembangan,Woodlands,60
Kembangan,Woodlands North,62
Kembangan,Woodlands South,58
Kembangan,Woodleigh,34
Kembangan,Yew Tee,61
Kembangan,Yio Chu Kang,42
Kembangan,Yishun,49
Kembangan,one-north,46
Kent Ridge,Admiralty,54
Kent Ridge,Aljunied,42
Kent Ridge,Ang Mo Kio,36
Kent Ridge,Bartley,34
Kent Ridge,Bayfront,36
Kent Ridge,Bayshore,54
Kent Ridge,Beauty World,30
Kent Ridge,Bedok,51
Kent Ridge,Bedok North,49
Kent Ridge,Bedok Reservoir,51
Kent Ridge,Bencoolen,36
Kent Ridge,Bendemeer,40
Kent Ridge,Bishan,26
Kent Ridge,Boon Keng,37
Kent Ridge,Boon Lay,32
Kent Ridge,Botanic Gardens,16
Kent Ridge,Braddell,35
Kent Ridge,Bras Basah,40
Kent Ridge,Bright Hill,33
Kent Ridge,Buangkok,45
Kent Ridge,Bugis,32
Kent Ridge,Bukit Batok,32
Kent Ridge,Bukit Gombak,34
Kent Ridge,Bukit Panjang,40
Kent Ridge,Buona Vista,9
Kent Ridge,Caldecott,21
Kent Ridge,Canberra,48
Kent Ridge,Cashew,38
Kent Ridge,Changi Airport,72
Kent Ridge,Chinatown,27
Kent Ridge,Chinese Garden,27
Kent Ridge,Choa Chu Kang,38
Kent Ridge,City Hall,33
Kent Ridge,Clarke Quay,29
Kent Ridge,Clementi,20
Kent Ridge,Commonwealth,17
Kent Ridge,Dakota,44
Kent Ridge,Dhoby Ghaut,31
Kent Ridge,Dover,18
Kent Ridge,Downtown,35
Kent Ridge,Esplanade,42
Kent Ridge,Eunos,46
Kent Ridge,Expo,62
Kent Ridge,Farrer Park,35
Kent Ridge,Farrer Road,14
Kent Ridge,Fort Canning,34
Kent Ridge,Gardens by the Bay,39
Kent Ridge,Geylang Bahru,42
Kent Ridge,Great World,35
Kent Ridge,Gul Circle,40
Kent Ridge,HarbourFront,16
Kent Ridge,Havelock,34
Kent Ridge,Haw Par Villa,8
Kent Ridge,Hillview,36
Kent Ridge,Holland Village,11
Kent Ridge,Hougang,43
Kent Ridge,Hume,32
Kent Ridge,Jalan Besar,38
Kent Ridge,Joo Koon,37
Kent Ridge,Jurong East,24
Kent Ridge,Kaki Bukit,48
Kent Ridge,Kallang,40
Kent Ridge,Katong Park,45
Kent Ridge,Kembangan,48
Kent Ridge,Kent Ridge,0
Kent Ridge,Khatib,43
Kent Ridge,King Albert Park,28
Kent Ridge,Kovan,41
Kent Ridge,Kranji,48
Kent Ridge,Labrador Park,12
Kent Ridge,Lakeside,29
Kent Ridge,Lavender,38
Kent Ridge,Lentor,38
Kent Ridge,Little India,29
Kent Ridge,Lorong Chuan,29
Kent Ridge,MacPherson,39
Kent Ridge,Marina Bay,36
Kent Ridge,Marina South Pier,39
Kent Ridge,Marine Parade,48
Kent Ridge,Marine Terrace,50
Kent Ridge,Marsiling,51
Kent Ridge,Marymount,24
Kent Ridge,Mattar,44
Kent Ridge,Maxwell,33
Kent Ridge,Mayflower,35
Kent Ridge,Mountbatten,46
Kent Ridge,Napier,32
Kent Ridge,Newton,27
Kent Ridge,Nicoll Highway,42
Kent Ridge,Novena,36
Kent Ridge,Orchard,35
Kent Ridge,Orchard Boulevard,34
Kent Ridge,Outram Park,25
Kent Ridge,Pasir Panjang,10
Kent Ridge,Pasir Ris,63
Kent Ridge,Paya Lebar,42
Kent Ridge,Pioneer,34
Kent Ridge,Potong Pasir,39
Kent Ridge,Promenade,34
Kent Ridge,Punggol,50
Kent Ridge,Punggol Coast,52
Kent Ridge,Queenstown,19
Kent Ridge,Raffles Place,31
Kent Ridge,Redhill,22
Kent Ridge,Rochor,30
Kent Ridge,Sembawang,51
Kent Ridge,Sengkang,47
Kent Ridge,Serangoon,31
Kent Ridge,Shenton Way,35
Kent Ridge,Siglap,52
Kent Ridge,Simei,58
Kent Ridge,Sixth Avenue,26
Kent Ridge,Somerset,38
Kent Ridge,Springleaf,41
Kent Ridge,Stadium,45
Kent Ridge,Stevens,24
Kent Ridge,Tai Seng,37
Kent Ridge,Tampines,55
Kent Ridge,Tampines East,58
Kent Ridge,Tampines West,53
Kent Ridge,Tan Kah Kee,24
Kent Ridge,Tanah Merah,53
Kent Ridge,Tanjong Katong,47
Kent Ridge,Tanjong Pagar,29
Kent Ridge,Tanjong Rhu,43
Kent Ridge,Telok Ayer,33
Kent Ridge,Telok Blangah,14
Kent Ridge,Tiong Bahru,24
Kent Ridge,Toa Payoh,37
Kent Ridge,Tuas Crescent,42
Kent Ridge,Tuas Link,47
Kent Ridge,Tuas West Road,45
Kent Ridge,Ubi,46
Kent Ridge,Upper Changi,61
Kent Ridge,Upper Thomson,31
Kent Ridge,Woodlands,47
Kent Ridge,Woodlands North,50
Kent Ridge,Woodlands South,45
Kent Ridge,Woodleigh,40
Kent Ridge,Yew Tee,40
Kent Ridge,Yio Chu Kang,38
Kent Ridge,Yishun,45
Kent Ridge,one-north,7
Khatib,Admiralty,14
Khatib,Aljunied,42
Khatib,Ang Mo Kio,11
Khatib,Bartley,30
Khatib,Bayfront,38
Khatib,Bayshore,57
Khatib,Beauty World,41
Khatib,Bedok,50
Khatib,Bedok North,45
Khatib,Bedok Reservoir,47
Khatib,Bencoolen,47
Khatib,Bendemeer,45
Khatib,Bishan,14
Khatib,Boon Keng,40
Khatib,Boon Lay,56
Khatib,Botanic Gardens,32
Khatib,Braddell,16
Khatib,Bras Basah,37
Khatib,Bright Hill,38
Khatib,Buangkok,41
Khatib,Bugis,34
Khatib,Bukit Batok,40
Khatib,Bukit Gombak,38
Khatib,Bukit Panjang,48
Khatib,Buona Vista,39
Khatib,Caldecott,27
Khatib,Canberra,8
Khatib,Cashew,48
Khatib,Changi Airport,71
Khatib,Chinatown,39
Khatib,Chinese Garden,50
Khatib,Choa Chu Kang,34
Khatib,City Hall,30
Khatib,Clarke Quay,38
Khatib,Clementi,50
Khatib,Commonwealth,48
Khatib,Dakota,40
Khatib,Dhoby Ghaut,28
Khatib,Dover,48
Khatib,Downtown,40
Khatib,Esplanade,39
Khatib,Eunos,45
Khatib,Expo,58
Khatib,Farrer Park,39
Khatib,Farrer Road,34
Khatib,Fort Canning,45
Khatib,Gardens by the Bay,42
Khatib,Geylang Bahru,43
Khatib,Great World,32
Khatib,Gul Circle,63
Khatib,HarbourFront,44
Khatib,Havelock,34
Khatib,Haw Par Villa,46
Khatib,Hillview,46
Khatib,Holland Village,37
Khatib,Hougang,39
Khatib,Hume,43
Khatib,Jalan Besar,47
Khatib,Joo Koon,60
Khatib,Jurong East,43
Khatib,Kaki Bukit,43
Khatib,Kallang,40
Khatib,Katong Park,48
Khatib,Kembangan,47
Khatib,Kent Ridge,43
Khatib,Khatib,0
Khatib,King Albert Park,39
Khatib,Kovan,36
Khatib,Kranji,24
Khatib,Labrador Park,50
Khatib,Lakeside,52
Khatib,Lavender,38
Khatib,Lentor,34
Khatib,Little India,31
Khatib,Lorong Chuan,25
Khatib,MacPherson,35
Khatib,Marina Bay,34
Khatib,Marina South Pier,36
Khatib,Marine Parade,51
Khatib,Marine Terrace,53
Khatib,Marsiling,20
Khatib,Marymount,25
Khatib,Mattar,41
Khatib,Maxwell,37
Khatib,Mayflower,36
Khatib,Mountbatten,42
Khatib,Napier,34
Khatib,Newton,22
Khatib,Nicoll Highway,44
Khatib,Novena,20
Khatib,Orchard,24
Khatib,Orchard Boulevard,32
Khatib,Outram Park,35
Khatib,Pasir Panjang,48
Khatib,Pasir Ris,62
Khatib,Paya Lebar,37
Khatib,Pioneer,57
Khatib,Potong Pasir,38
Khatib,Promenade,36
Khatib,Punggol,45
Khatib,Punggol Coast,47
Khatib,Queenstown,47
Khatib,Raffles Place,32
Khatib,Redhill,45
Khatib,Rochor,33
Khatib,Sembawang,11
Khatib,Sengkang,43
Khatib,Serangoon,27
Khatib,Shenton Way,39
Khatib,Siglap,55
Khatib,Simei,57
Khatib,Sixth Avenue,37
Khatib,Somerset,26
Khatib,Springleaf,31
Khatib,Stadium,44
Khatib,Stevens,31
Khatib,Tai Seng,33
Khatib,Tampines,51
Khatib,Tampines East,53
Khatib,Tampines West,49
Khatib,Tan Kah Kee,35
Khatib,Tanah Merah,53
Khatib,Tanjong Katong,50
Khatib,Tanjong Pagar,38
Khatib,Tanjong Rhu,46
Khatib,Telok Ayer,41
Khatib,Telok Blangah,52
Khatib,Tiong Bahru,43
Khatib,Toa Payoh,18
Khatib,Tuas Crescent,66
Khatib,Tuas Link,70
Khatib,Tuas West Road,68
Khatib,Ubi,41
Khatib,Upper Changi,56
Khatib,Upper Thomson,37
Khatib,Woodlands,17
Khatib,Woodlands North,27
Khatib,Woodlands South,27
Khatib,Woodleigh,36
Khatib,Yew Tee,31
Khatib,Yio Chu Kang,8
Khatib,Yishun,6
Khatib,one-north,41
King Albert Park,Admiralty,50
King Albert Park,Aljunied,32
King Albert Park,Ang Mo Kio,32
King Albert Park,Bartley,35
King Albert Park,Bayfront,22
King Albert Park,Bayshore,50
King Albert Park,Beauty World,6
King Albert Park,Bedok,41
King Albert Park,Bedok North,46
King Albert Park,Bedok Reservoir,48
King Albert Park,Bencoolen,31
King Albert Park,Bendemeer,35
King Albert Park,Bishan,27
King Albert Park,Boon Keng,26
King Albert Park,Boon Lay,48
King Albert Park,Botanic Gardens,9
King Albert Park,Braddell,26
King Albert Park,Bras Basah,31
King Albert Park,Bright Hill,26
King Albert Park,Buangkok,39
King Albert Park,Bugis,19
King Albert Park,Bukit Batok,40
King Albert Park,Bukit Gombak,38
King Albert Park,Bukit Panjang,14
King Albert Park,Buona Vista,24
King Albert Park,Caldecott,20
King Albert Park,Canberra,44
King Albert Park,Cashew,12
King Albert Park,Changi Airport,62
King Albert Park,Chinatown,27
King Albert Park,Chinese Garden,42
King Albert Park,Choa Chu Kang,30
King Albert Park,City Hall,28
King Albert Park,Clarke Quay,26
King Albert Park,Clementi,36
King Albert Park,Commonwealth,33
King Albert Park,Dakota,35
King Albert Park,Dhoby Ghaut,24
King Albert Park,Dover,33
King Albert Park,Downtown,24
King Albert Park,Esplanade,29
King Albert Park,Eunos,36
King Albert Park,Expo,57
King Albert Park,Farrer Park,23
King Albert Park,Farrer Road,20
King Albert Park,Fort Canning,30
King Albert Park,Gardens by the Bay,35
King Albert Park,Geylang Bahru,37
King Albert Park,Great World,24
King Albert Park,Gul Circle,56
King Albert Park,HarbourFront,33
King Albert Park,Havelock,26
King Albert Park,Haw Par Villa,31
King Albert Park,Hillview,11
King Albert Park,Holland Village,22
King Albert Park,Hougang,37
King Albert Park,Hume,8
King Albert Park,Jalan Besar,33
King Albert Park,Joo Koon,53
King Albert Park,Jurong East,40
King Albert Park,Kaki Bukit,44
King Albert Park,Kallang,30
King Albert Park,Katong Park,41
King Albert Park,Kembangan,38
King Albert Park,Kent Ridge,28
King Albert Park,Khatib,39
King Albert Park,King Albert Park,0
King Albert Park,Kovan,34
King Albert Park,Kranji,44
King Albert Park,Labrador Park,36
King Albert Park,Lakeside,44
King Albert Park,Lavender,28
King Albert Park,Lentor,31
King Albert Park,Little India,16
King Albert Park,Lorong Chuan,30
King Albert Park,MacPherson,40
King Albert Park,Marina Bay,31
King Albert Park,Marina South Pier,34
King Albert Park,Marine Parade,44
King Albert Park,Marine Terrace,46
King Albert Park,Marsiling,47
King Albert Park,Marymount,24
King Albert Park,Mattar,39
King Albert Park,Maxwell,29
King Albert Park,Mayflower,28
King Albert Park,Mountbatten,33
King Albert Park,Napier,19
King Albert Park,Newton,13
King Albert Park,Nicoll Highway,29
King Albert Park,Novena,22
King Albert Park,Orchard,22
King Albert Park,Orchard Boulevard,20
King Albert Park,Outram Park,28
King Albert Park,Pasir Panjang,33
King Albert Park,Pasir Ris,54
King Albert Park,Paya Lebar,34
King Albert Park,Pioneer,49
King Albert Park,Potong Pasir,28
King Albert Park,Promenade,20
King Albert Park,Punggol,44
King Albert Park,Punggol Coast,46
King Albert Park,Queenstown,35
King Albert Park,Raffles Place,30
King Albert Park,Redhill,37
King Albert Park,Rochor,17
King Albert Park,Sembawang,47
King Albert Park,Sengkang,41
King Albert Park,Serangoon,32
King Albert Park,Shenton Way,31
King Albert Park,Siglap,48
King Albert Park,Simei,48
King Albert Park,Sixth Avenue,6
King Albert Park,Somerset,24
King Albert Park,Springleaf,34
King Albert Park,Stadium,31
King Albert Park,Stevens,11
King Albert Park,Tai Seng,38
King Albert Park,Tampines,51
King Albert Park,Tampines East,54
King Albert Park,Tampines West,50
King Albert Park,Tan Kah Kee,8
King Albert Park,Tanah Merah,44
King Albert Park,Tanjong Katong,43
King Albert Park,Tanjong Pagar,33
King Albert Park,Tanjong Rhu,39
King Albert Park,Telok Ayer,26
King Albert Park,Telok Blangah,38
King Albert Park,Tiong Bahru,37
King Albert Park,Toa Payoh,24
King Albert Park,Tuas Crescent,58
King Albert Park,Tuas Link,62
King Albert Park,Tuas West Road,60
King Albert Park,Ubi,43
King Albert Park,Upper Changi,58
King Albert Park,Upper Thomson,24
King Albert Park,Woodlands,40
King Albert Park,Woodlands North,43
King Albert Park,Woodlands South,38
King Albert Park,Woodleigh,30
King Albert Park,Yew Tee,36
King Albert Park,Yio Chu Kang,34
King Albert Park,Yishun,41
King Albert Park,one-north,27
Kovan,Admiralty,47
Kovan,Aljunied,33
Kovan,Ang Mo Kio,29
Kovan,Bartley,18
Kovan,Bayfront,29
Kovan,Bayshore,53
Kovan,Beauty World,36
Kovan,Bedok,38
Kovan,Bedok North,32
Kovan,Bedok Reservoir,34
Kovan,Bencoolen,31
Kovan,Bendemeer,32
Kovan,Bishan,19
Kovan,Boon Keng,12
Kovan,Boon Lay,58
Kovan,Botanic Gardens,29
Kovan,Braddell,28
Kovan,Bras Basah,27
Kovan,Bright Hill,37
Kovan,Buangkok,8
Kovan,Bugis,25
Kovan,Bukit Batok,58
Kovan,Bukit Gombak,60
Kovan,Bukit Panjang,46
Kovan,Buona Vista,36
Kovan,Caldecott,24
Kovan,Canberra,41
Kovan,Cashew,44
Kovan,Changi Airport,58
Kovan,Chinatown,22
Kovan,Chinese Garden,53
Kovan,Choa Chu Kang,61
Kovan,City Hall,28
Kovan,Clarke Quay,21
Kovan,Clementi,46
Kovan,Commonwealth,39
Kovan,Dakota,27
Kovan,Dhoby Ghaut,18
Kovan,Dover,44
Kovan,Downtown,30
Kovan,Esplanade,29
Kovan,Eunos,33
Kovan,Expo,45
Kovan,Farrer Park,15
Kovan,Farrer Road,32
Kovan,Fort Canning,30
Kovan,Gardens by the Bay,38
Kovan,Geylang Bahru,30
Kovan,Great World,34
Kovan,Gul Circle,66
Kovan,HarbourFront,27
Kovan,Havelock,32
Kovan,Haw Par Villa,43
Kovan,Hillview,42
Kovan,Holland Village,34
Kovan,Hougang,6
Kovan,Hume,38
Kovan,Jalan Besar,33
Kovan,Joo Koon,63
Kovan,Jurong East,50
Kovan,Kaki Bukit,31
Kovan,Kallang,35
Kovan,Katong Park,44
Kovan,Kembangan,35
Kovan,Kent Ridge,41
Kovan,Khatib,36
Kovan,King Albert Park,34
Kovan,Kovan,0
Kovan,Kranji,57
Kovan,Labrador Park,39
Kovan,Lakeside,55
Kovan,Lavender,35
Kovan,Lentor,41
Kovan,Little India,16
Kovan,Lorong Chuan,17
Kovan,MacPherson,22
Kovan,Marina Bay,32
Kovan,Marina South Pier,34
Kovan,Marine Parade,47
Kovan,Marine Terrace,49
Kovan,Marsiling,53
Kovan,Marymount,22
Kovan,Mattar,29
Kovan,Maxwell,32
Kovan,Mayflower,39
Kovan,Mountbatten,29
Kovan,Napier,34
Kovan,Newton,24
Kovan,Nicoll Highway,33
Kovan,Novena,32
Kovan,Orchard,29
Kovan,Orchard Boulevard,36
Kovan,Outram Park,24
Kovan,Pasir Panjang,41
Kovan,Pasir Ris,50
Kovan,Paya Lebar,25
Kovan,Pioneer,60
Kovan,Potong Pasir,10
Kovan,Promenade,27
Kovan,Punggol,12
Kovan,Punggol Coast,14
Kovan,Queenstown,37
Kovan,Raffles Place,30
Kovan,Redhill,35
Kovan,Rochor,24
Kovan,Sembawang,44
Kovan,Sengkang,10
Kovan,Serangoon,6
Kovan,Shenton Way,34
Kovan,Siglap,51
Kovan,Simei,45
Kovan,Sixth Avenue,32
Kovan,Somerset,27
Kovan,Springleaf,44
Kovan,Stadium,31
Kovan,Stevens,27
Kovan,Tai Seng,20
Kovan,Tampines,38
Kovan,Tampines East,41
Kovan,Tampines West,36
Kovan,Tan Kah Kee,30
Kovan,Tanah Merah,40
Kovan,Tanjong Katong,46
Kovan,Tanjong Pagar,32
Kovan,Tanjong Rhu,42
Kovan,Telok Ayer,29
Kovan,Telok Blangah,37
Kovan,Tiong Bahru,33
Kovan,Toa Payoh,30
Kovan,Tuas Crescent,68
Kovan,Tuas Link,73
Kovan,Tuas West Road,71
Kovan,Ubi,29
Kovan,Upper Changi,44
Kovan,Upper Thomson,34
Kovan,Woodlands,50
Kovan,Woodlands North,53
Kovan,Woodlands South,49
Kovan,Woodleigh,8
Kovan,Yew Tee,64
Kovan,Yio Chu Kang,31
Kovan,Yishun,39
Kovan,one-north,39
Kranji,Admiralty,13
Kranji,Aljunied,62
Kranji,Ang Mo Kio,31
Kranji,Bartley,50
Kranji,Bayfront,58
Kranji,Bayshore,76
Kranji,Beauty World,42
Kranji,Bedok,70
Kranji,Bedok North,65
Kranji,Bedok Reservoir,67
Kranji,Bencoolen,64
Kranji,Bendemeer,65
Kranji,Bishan,34
Kranji,Boon Keng,61
Kranji,Boon Lay,35
Kranji,Botanic Gardens,49
Kranji,Braddell,36
Kranji,Bras Basah,57
Kranji,Bright Hill,32
Kranji,Buangkok,61
Kranji,Bugis,54
Kranji,Bukit Batok,19
Kranji,Bukit Gombak,17
Kranji,Bukit Panjang,28
Kranji,Buona Vista,36
Kranji,Caldecott,37
Kranji,Canberra,18
Kranji,Cashew,35
Kranji,Changi Airport,91
Kranji,Chinatown,55
Kranji,Chinese Garden,30
Kranji,Choa Chu Kang,13
Kranji,City Hall,50
Kranji,Clarke Quay,57
Kranji,Clementi,31
Kranji,Commonwealth,38
Kranji,Dakota,60
Kranji,Dhoby Ghaut,48
Kranji,Dover,34
Kranji,Downtown,60
Kranji,Esplanade,59
Kranji,Eunos,66
Kranji,Expo,78
Kranji,Farrer Park,59
Kranji,Farrer Road,49
Kranji,Fort Canning,63
Kranji,Gardens by the Bay,61
Kranji,Geylang Bahru,63
Kranji,Great World,50
Kranji,Gul Circle,43
Kranji,HarbourFront,57
Kranji,Havelock,51
Kranji,Haw Par Villa,51
Kranji,Hillview,37
Kranji,Holland Village,46
Kranji,Hougang,59
Kranji,Hume,38
Kranji,Jalan Besar,66
Kranji,Joo Koon,40
Kranji,Jurong East,23
Kranji,Kaki Bukit,63
Kranji,Kallang,60
Kranji,Katong Park,67
Kranji,Kembangan,67
Kranji,Kent Ridge,48
Kranji,Khatib,24
Kranji,King Albert Park,44
Kranji,Kovan,57
Kranji,Kranji,0
Kranji,Labrador Park,55
Kranji,Lakeside,32
Kranji,Lavender,58
Kranji,Lentor,27
Kranji,Little India,51
Kranji,Lorong Chuan,45
Kranji,MacPherson,55
Kranji,Marina Bay,54
Kranji,Marina South Pier,57
Kranji,Marine Parade,70
Kranji,Marine Terrace,72
Kranji,Marsiling,6
Kranji,Marymount,45
Kranji,Mattar,61
Kranji,Maxwell,55
Kranji,Mayflower,30
Kranji,Mountbatten,62
Kranji,Napier,44
Kranji,Newton,42
Kranji,Nicoll Highway,64
Kranji,Novena,40
Kranji,Orchard,44
Kranji,Orchard Boulevard,46
Kranji,Outram Park,47
Kranji,Pasir Panjang,53
Kranji,Pasir Ris,82
Kranji,Paya Lebar,57
Kranji,Pioneer,37
Kranji,Potong Pasir,58
Kranji,Promenade,56
Kranji,Punggol,66
Kranji,Punggol Coast,68
Kranji,Queenstown,40
Kranji,Raffles Place,52
Kranji,Redhill,42
Kranji,Rochor,53
Kranji,Sembawang,16
Kranji,Sengkang,63
Kranji,Serangoon,47
Kranji,Shenton Way,56
Kranji,Siglap,74
Kranji,Simei,78
Kranji,Sixth Avenue,46
Kranji,Somerset,46
Kranji,Springleaf,24
Kranji,Stadium,64
Kranji,Stevens,41
Kranji,Tai Seng,53
Kranji,Tampines,71
Kranji,Tampines East,74
Kranji,Tampines West,69
Kranji,Tan Kah Kee,48
Kranji,Tanah Merah,73
Kranji,Tanjong Katong,69
Kranji,Tanjong Pagar,49
Kranji,Tanjong Rhu,65
Kranji,Telok Ayer,61
Kranji,Telok Blangah,57
Kranji,Tiong Bahru,44
Kranji,Toa Payoh,38
Kranji,Tuas Crescent,46
Kranji,Tuas Link,50
Kranji,Tuas West Road,48
Kranji,Ubi,62
Kranji,Upper Changi,77
Kranji,Upper Thomson,34
Kranji,Woodlands,10
Kranji,Woodlands North,20
Kranji,Woodlands South,20
Kranji,Woodleigh,56
Kranji,Yew Tee,11
Kranji,Yio Chu Kang,29
Kranji,Yishun,21
Kranji,one-north,46
Labrador Park,Admiralty,61
Labrador Park,Aljunied,40
Labrador Park,Ang Mo Kio,43
Labrador Park,Bartley,42
Labrador Park,Bayfront,30
Labrador Park,Bayshore,47
Labrador Park,Beauty World,38
Labrador Park,Bedok,48
Labrador Park,Bedok North,44
Labrador Park,Bedok Reservoir,45
Labrador Park,Bencoolen,29
Labrador Park,Bendemeer,33
Labrador Park,Bishan,33
Labrador Park,Boon Keng,30
Labrador Park,Boon Lay,39
Labrador Park,Botanic Gardens,23
Labrador Park,Braddell,42
Labrador Park,Bras Basah,33
Labrador Park,Bright Hill,41
Labrador Park,Buangkok,43
Labrador Park,Bugis,33
Labrador Park,Bukit Batok,39
Labrador Park,Bukit Gombak,41
Labrador Park,Bukit Panjang,47
Labrador Park,Buona Vista,16
Labrador Park,Caldecott,28
Labrador Park,Canberra,55
Labrador Park,Cashew,45
Labrador Park,Changi Airport,69
Labrador Park,Chinatown,20
Labrador Park,Chinese Garden,34
Labrador Park,Choa Chu Kang,45
Labrador Park,City Hall,31
Labrador Park,Clarke Quay,22
Labrador Park,Clementi,27
Labrador Park,Commonwealth,24
Labrador Park,Dakota,45
Labrador Park,Dhoby Ghaut,24
Labrador Park,Dover,25
Labrador Park,Downtown,28
Labrador Park,Esplanade,35
Labrador Park,Eunos,44
Labrador Park,Expo,57
Labrador Park,Farrer Park,28
Labrador Park,Farrer Road,21
Labrador Park,Fort Canning,27
Labrador Park,Gardens by the Bay,32
Labrador Park,Geylang Bahru,35
Labrador Park,Great World,28
Labrador Park,Gul Circle,47
Labrador Park,HarbourFront,9
Labrador Park,Havelock,26
Labrador Park,Haw Par Villa,10
Labrador Park,Hillview,43
Labrador Park,Holland Village,18
Labrador Park,Hougang,41
Labrador Park,Hume,40
Labrador Park,Jalan Besar,31
Labrador Park,Joo Koon,44
Labrador Park,Jurong East,31
Labrador Park,Kaki Bukit,42
Labrador Park,Kallang,37
Labrador Park,Katong Park,38
Labrador Park,Kembangan,46
Labrador Park,Kent Ridge,12
Labrador Park,Khatib,50
Labrador Park,King Albert Park,36
Labrador Park,Kovan,39
Labrador Park,Kranji,55
Labrador Park,Labrador Park,0
Labrador Park,Lakeside,36
Labrador Park,Lavender,35
Labrador Park,Lentor,45
Labrador Park,Little India,26
Labrador Park,Lorong Chuan,36
Labrador Park,MacPherson,38
Labrador Park,Marina Bay,29
Labrador Park,Marina South Pier,37
Labrador Park,Marine Parade,41
Labrador Park,Marine Terrace,43
Labrador Park,Marsiling,58
Labrador Park,Marymount,31
Labrador Park,Mattar,36
Labrador Park,Maxwell,26
Labrador Park,Mayflower,43
Labrador Park,Mountbatten,44
Labrador Park,Napier,33
Labrador Park,Newton,34
Labrador Park,Nicoll Highway,40
Labrador Park,Novena,39
Labrador Park,Orchard,30
Labrador Park,Orchard Boulevard,32
Labrador Park,Outram Park,18
Labrador Park,Pasir Panjang,7
Labrador Park,Pasir Ris,61
Labrador Park,Paya Lebar,42
Labrador Park,Pioneer,41
Labrador Park,Potong Pasir,32
Labrador Park,Promenade,32
Labrador Park,Punggol,48
Labrador Park,Punggol Coast,50
Labrador Park,Queenstown,26
Labrador Park,Raffles Place,29
Labrador Park,Redhill,29
Labrador Park,Rochor,33
Labrador Park,Sembawang,58
Labrador Park,Sengkang,45
Labrador Park,Serangoon,36
Labrador Park,Shenton Way,28
Labrador Park,Siglap,45
Labrador Park,Simei,56
Labrador Park,Sixth Avenue,34
Labrador Park,Somerset,33
Labrador Park,Springleaf,48
Labrador Park,Stadium,42
Labrador Park,Stevens,32
Labrador Park,Tai Seng,44
Labrador Park,Tampines,50
Labrador Park,Tampines East,52
Labrador Park,Tampines West,48
Labrador Park,Tan Kah Kee,32
Labrador Park,Tanah Merah,51
Labrador Park,Tanjong Katong,40
Labrador Park,Tanjong Pagar,26
Labrador Park,Tanjong Rhu,36
Labrador Park,Telok Ayer,26
Labrador Park,Telok Blangah,7
Labrador Park,Tiong Bahru,27
Labrador Park,Toa Payoh,41
Labrador Park,Tuas Crescent,50
Labrador Park,Tuas Link,54
Labrador Park,Tuas West Road,52
Labrador Park,Ubi,40
Labrador Park,Upper Changi,55
Labrador Park,Upper Thomson,38
Labrador Park,Woodlands,55
Labrador Park,Woodlands North,57
Labrador Park,Woodlands South,53
Labrador Park,Woodleigh,34
Labrador Park,Yew Tee,48
Labrador Park,Yio Chu Kang,45
Labrador Park,Yishun,53
Labrador Park,one-north,14
Lakeside,Admiralty,42
Lakeside,Aljunied,43
Lakeside,Ang Mo Kio,52
Lakeside,Bartley,50
Lakeside,Bayfront,46
Lakeside,Bayshore,57
Lakeside,Beauty World,46
Lakeside,Bedok,52
Lakeside,Bedok North,60
Lakeside,Bedok Reservoir,62
Lakeside,Bencoolen,45
Lakeside,Bendemeer,49
Lakeside,Bishan,42
Lakeside,Boon Keng,46
Lakeside,Boon Lay,7
Lakeside,Botanic Gardens,32
Lakeside,Braddell,51
Lakeside,Bras Basah,49
Lakeside,Bright Hill,49
Lakeside,Buangkok,59
Lakeside,Bugis,37
Lakeside,Bukit Batok,16
Lakeside,Bukit Gombak,18
Lakeside,Bukit Panjang,36
Lakeside,Buona Vista,17
Lakeside,Caldecott,37
Lakeside,Canberra,47
Lakeside,Cashew,44
Lakeside,Changi Airport,73
Lakeside,Chinatown,36
Lakeside,Chinese Garden,6
Lakeside,Choa Chu Kang,22
Lakeside,City Hall,34
Lakeside,Clarke Quay,38
Lakeside,Clementi,12
Lakeside,Commonwealth,19
Lakeside,Dakota,56
Lakeside,Dhoby Ghaut,40
Lakeside,Dover,14
Lakeside,Downtown,44
Lakeside,Esplanade,51
Lakeside,Eunos,47
Lakeside,Expo,68
Lakeside,Farrer Park,44
Lakeside,Farrer Road,30
Lakeside,Fort Canning,44
Lakeside,Gardens by the Bay,42
Lakeside,Geylang Bahru,51
Lakeside,Great World,38
Lakeside,Gul Circle,14
Lakeside,HarbourFront,38
Lakeside,Havelock,36
Lakeside,Haw Par Villa,31
Lakeside,Hillview,45
Lakeside,Holland Village,27
Lakeside,Hougang,57
Lakeside,Hume,46
Lakeside,Jalan Besar,47
Lakeside,Joo Koon,12
Lakeside,Jurong East,8
Lakeside,Kaki Bukit,58
Lakeside,Kallang,41
Lakeside,Katong Park,48
Lakeside,Kembangan,49
Lakeside,Kent Ridge,29
Lakeside,Khatib,52
Lakeside,King Albert Park,44
Lakeside,Kovan,55
Lakeside,Kranji,32
Lakeside,Labrador Park,36
Lakeside,Lakeside,0
Lakeside,Lavender,39
Lakeside,Lentor,54
Lakeside,Little India,42
Lakeside,Lorong Chuan,45
Lakeside,MacPherson,54
Lakeside,Marina Bay,38
Lakeside,Marina South Pier,40
Lakeside,Marine Parade,51
Lakeside,Marine Terrace,53
Lakeside,Marsiling,35
Lakeside,Marymount,39
Lakeside,Mattar,53
Lakeside,Maxwell,36
Lakeside,Mayflower,51
Lakeside,Mountbatten,57
Lakeside,Napier,43
Lakeside,Newton,42
Lakeside,Nicoll Highway,55
Lakeside,Novena,48
Lakeside,Orchard,39
Lakeside,Orchard Boulevard,42
Lakeside,Outram Park,28
Lakeside,Pasir Panjang,34
Lakeside,Pasir Ris,65
Lakeside,Paya Lebar,45
Lakeside,Pioneer,8
Lakeside,Potong Pasir,48
Lakeside,Promenade,46
Lakeside,Punggol,64
Lakeside,Punggol Coast,66
Lakeside,Queenstown,21
Lakeside,Raffles Place,32
Lakeside,Redhill,23
Lakeside,Rochor,46
Lakeside,Sembawang,45
Lakeside,Sengkang,61
Lakeside,Serangoon,47
Lakeside,Shenton Way,37
Lakeside,Siglap,55
Lakeside,Simei,59
Lakeside,Sixth Avenue,42
Lakeside,Somerset,42
Lakeside,Springleaf,53
Lakeside,Stadium,57
Lakeside,Stevens,40
Lakeside,Tai Seng,53
Lakeside,Tampines,62
Lakeside,Tampines East,68
Lakeside,Tampines West,64
Lakeside,Tan Kah Kee,40
Lakeside,Tanah Merah,55
Lakeside,Tanjong Katong,50
Lakeside,Tanjong Pagar,30
Lakeside,Tanjong Rhu,46
Lakeside,Telok Ayer,42
Lakeside,Telok Blangah,38
Lakeside,Tiong Bahru,25
Lakeside,Toa Payoh,50
Lakeside,Tuas Crescent,17
Lakeside,Tuas Link,21
Lakeside,Tuas West Road,19
Lakeside,Ubi,56
Lakeside,Upper Changi,72
Lakeside,Upper Thomson,47
Lakeside,Woodlands,38
Lakeside,Woodlands North,48
Lakeside,Woodlands South,48
Lakeside,Woodleigh,50
Lakeside,Yew Tee,24
Lakeside,Yio Chu Kang,54
Lakeside,Yishun,50
Lakeside,one-north,27
Lavender,Admiralty,49
Lavender,Aljunied,8
Lavender,Ang Mo Kio,31
Lavender,Bartley,25
Lavender,Bayfront,17
Lavender,Bayshore,39
Lavender,Beauty World,30
Lavender,Bedok,16
Lavender,Bedok North,30
Lavender,Bedok Reservoir,32
Lavender,Bencoolen,26
Lavender,Bendemeer,30
Lavender,Bishan,27
Lavender,Boon Keng,26
Lavender,Boon Lay,42
Lavender,Botanic Gardens,22
Lavender,Braddell,25
Lavender,Bras Basah,23
Lavender,Bright Hill,35
Lavender,Buangkok,39
Lavender,Bugis,5
Lavender,Bukit Batok,42
Lavender,Bukit Gombak,44
Lavender,Bukit Panjang,39
Lavender,Buona Vista,25
Lavender,Caldecott,29
Lavender,Canberra,43
Lavender,Cashew,37
Lavender,Changi Airport,37
Lavender,Chinatown,22
Lavender,Chinese Garden,37
Lavender,Choa Chu Kang,48
Lavender,City Hall,8
Lavender,Clarke Quay,23
Lavender,Clementi,30
Lavender,Commonwealth,23
Lavender,Dakota,20
Lavender,Dhoby Ghaut,14
Lavender,Dover,28
Lavender,Downtown,19
Lavender,Esplanade,24
Lavender,Eunos,12
Lavender,Expo,32
Lavender,Farrer Park,24
Lavender,Farrer Road,32
Lavender,Fort Canning,24
Lavender,Gardens by the Bay,24
Lavender,Geylang Bahru,28
Lavender,Great World,24
Lavender,Gul Circle,50
Lavender,HarbourFront,24
Lavender,Havelock,23
Lavender,Haw Par Villa,40
Lavender,Hillview,35
Lavender,Holland Village,35
Lavender,Hougang,37
Lavender,Hume,32
Lavender,Jalan Besar,27
Lavender,Joo Koon,47
Lavender,Jurong East,34
Lavender,Kaki Bukit,28
Lavender,Kallang,5
Lavender,Katong Park,30
Lavender,Kembangan,14
Lavender,Kent Ridge,38
Lavender,Khatib,38
Lavender,King Albert Park,28
Lavender,Kovan,35
Lavender,Kranji,58
Lavender,Labrador Park,35
Lavender,Lakeside,39
Lavender,Lavender,0
Lavender,Lentor,40
Lavender,Little India,16
Lavender,Lorong Chuan,30
Lavender,MacPherson,20
Lavender,Marina Bay,16
Lavender,Marina South Pier,18
Lavender,Marine Parade,33
Lavender,Marine Terrace,35
Lavender,Marsiling,55
Lavender,Marymount,36
Lavender,Mattar,26
Lavender,Maxwell,22
Lavender,Mayflower,37
Lavender,Mountbatten,22
Lavender,Napier,27
Lavender,Newton,18
Lavender,Nicoll Highway,23
Lavender,Novena,21
Lavender,Orchard,17
Lavender,Orchard Boulevard,25
Lavender,Outram Park,14
Lavender,Pasir Panjang,38
Lavender,Pasir Ris,29
Lavender,Paya Lebar,10
Lavender,Pioneer,44
Lavender,Potong Pasir,28
Lavender,Promenade,15
Lavender,Punggol,44
Lavender,Punggol Coast,46
Lavender,Queenstown,21
Lavender,Raffles Place,10
Lavender,Redhill,19
Lavender,Rochor,14
Lavender,Sembawang,46
Lavender,Sengkang,41
Lavender,Serangoon,27
Lavender,Shenton Way,23
Lavender,Siglap,37
Lavender,Simei,24
Lavender,Sixth Avenue,26
Lavender,Somerset,15
Lavender,Springleaf,43
Lavender,Stadium,24
Lavender,Stevens,20
Lavender,Tai Seng,22
Lavender,Tampines,26
Lavender,Tampines East,36
Lavender,Tampines West,34
Lavender,Tan Kah Kee,24
Lavender,Tanah Merah,19
Lavender,Tanjong Katong,32
Lavender,Tanjong Pagar,12
Lavender,Tanjong Rhu,28
Lavender,Telok Ayer,20
Lavender,Telok Blangah,33
Lavender,Tiong Bahru,17
Lavender,Toa Payoh,23
Lavender,Tuas Crescent,53
Lavender,Tuas Link,57
Lavender,Tuas West Road,55
Lavender,Ubi,26
Lavender,Upper Changi,39
Lavender,Upper Thomson,33
Lavender,Woodlands,49
Lavender,Woodlands North,52
Lavender,Woodlands South,47
Lavender,Woodleigh,30
Lavender,Yew Tee,50
Lavender,Yio Chu Kang,33
Lavender,Yishun,40
Lavender,one-north,36
Lentor,Admiralty,23
Lentor,Aljunied,44
Lentor,Ang Mo Kio,36
Lentor,Bartley,35
Lentor,Bayfront,34
Lentor,Bayshore,52
Lentor,Beauty World,33
Lentor,Bedok,53
Lentor,Bedok North,50
Lentor,Bedok Reservoir,52
Lentor,Bencoolen,43
Lentor,Bendemeer,47
Lentor,Bishan,27
Lentor,Boon Keng,37
Lentor,Boon Lay,57
Lentor,Botanic Gardens,25
Lentor,Braddell,35
Lentor,Bras Basah,43
Lentor,Bright Hill,8
Lentor,Buangkok,46
Lentor,Bugis,30
Lentor,Bukit Batok,43
Lentor,Bukit Gombak,41
Lentor,Bukit Panjang,42
Lentor,Buona Vista,34
Lentor,Caldecott,13
Lentor,Canberra,29
Lentor,Cashew,40
Lentor,Changi Airport,74
Lentor,Chinatown,38
Lentor,Chinese Garden,52
Lentor,Choa Chu Kang,37
Lentor,City Hall,36
Lentor,Clarke Quay,38
Lentor,Clementi,45
Lentor,Commonwealth,42
Lentor,Dakota,45
Lentor,Dhoby Ghaut,34
Lentor,Dover,43
Lentor,Downtown,36
Lentor,Esplanade,41
Lentor,Eunos,48
Lentor,Expo,63
Lentor,Farrer Park,35
Lentor,Farrer Road,29
Lentor,Fort Canning,42
Lentor,Gardens by the Bay,37
Lentor,Geylang Bahru,48
Lentor,Great World,26
Lentor,Gul Circle,65
Lentor,HarbourFront,39
Lentor,Havelock,27
Lentor,Haw Par Villa,41
Lentor,Hillview,38
Lentor,Holland Village,32
Lentor,Hougang,44
Lentor,Hume,35
Lentor,Jalan Besar,45
Lentor,Joo Koon,62
Lentor,Jurong East,47
Lentor,Kaki Bukit,48
Lentor,Kallang,42
Lentor,Katong Park,43
Lentor,Kembangan,50
Lentor,Kent Ridge,38
Lentor,Khatib,34
Lentor,King Albert Park,31
Lentor,Kovan,41
Lentor,Kranji,27
Lentor,Labrador Park,45
Lentor,Lakeside,54
Lentor,Lavender,40
Lentor,Lentor,0
Lentor,Little India,28
Lentor,Lorong Chuan,30
Lentor,MacPherson,40
Lentor,Marina Bay,34
Lentor,Marina South Pier,42
Lentor,Marine Parade,46
Lentor,Marine Terrace,48
Lentor,Marsiling,24
Lentor,Marymount,24
Lentor,Mattar,46
Lentor,Maxwell,31
Lentor,Mayflower,6
Lentor,Mountbatten,45
Lentor,Napier,20
Lentor,Newton,25
Lentor,Nicoll Highway,41
Lentor,Novena,34
Lentor,Orchard,24
Lentor,Orchard Boulevard,22
Lentor,Outram Park,29
Lentor,Pasir Panjang,43
Lentor,Pasir Ris,66
Lentor,Paya Lebar,42
Lentor,Pioneer,59
Lentor,Potong Pasir,40
Lentor,Promenade,32
Lentor,Punggol,50
Lentor,Punggol Coast,52
Lentor,Queenstown,43
Lentor,Raffles Place,38
Lentor,Redhill,40
Lentor,Rochor,29
Lentor,Sembawang,26
Lentor,Sengkang,48
Lentor,Serangoon,32
Lentor,Shenton Way,33
Lentor,Siglap,50
Lentor,Simei,60
Lentor,Sixth Avenue,29
Lentor,Somerset,32
Lentor,Springleaf,6
Lentor,Stadium,43
Lentor,Stevens,18
Lentor,Tai Seng,38
Lentor,Tampines,56
Lentor,Tampines East,58
Lentor,Tampines West,54
Lentor,Tan Kah Kee,27
Lentor,Tanah Merah,56
Lentor,Tanjong Katong,45
Lentor,Tanjong Pagar,38
Lentor,Tanjong Rhu,41
Lentor,Telok Ayer,38
Lentor,Telok Blangah,47
Lentor,Tiong Bahru,38
Lentor,Toa Payoh,36
Lentor,Tuas Crescent,67
Lentor,Tuas Link,72
Lentor,Tuas West Road,70
Lentor,Ubi,46
Lentor,Upper Changi,61
Lentor,Upper Thomson,10
Lentor,Woodlands,13
Lentor,Woodlands North,15
Lentor,Woodlands South,11
Lentor,Woodleigh,41
Lentor,Yew Tee,35
Lentor,Yio Chu Kang,39
Lentor,Yishun,32
Lentor,one-north,36
Little India,Admiralty,42
Little India,Aljunied,20
Little India,Ang Mo Kio,24
Little India,Bartley,25
Little India,Bayfront,10
Little India,Bayshore,40
Little India,Beauty World,18
Little India,Bedok,29
Little India,Bedok North,33
Little India,Bedok Reservoir,35
Little India,Bencoolen,18
Little India,Bendemeer,22
Little India,Bishan,21
Little India,Boon Keng,7
Little India,Boon Lay,45
Little India,Botanic Gardens,10
Little India,Braddell,19
Little India,Bras Basah,14
Little India,Bright Hill,23
Little India,Buangkok,21
Little India,Bugis,6
Little India,Bukit Batok,45
Little India,Bukit Gombak,47
Little India,Bukit Panjang,27
Little India,Buona Vista,25
Little India,Caldecott,17
Little India,Canberra,36
Little India,Cashew,25
Little India,Changi Airport,50
Little India,Chinatown,9
Little India,Chinese Garden,40
Little India,Choa Chu Kang,42
Little India,City Hall,15
Little India,Clarke Quay,8
Little India,Clementi,33
Little India,Commonwealth,26
Little India,Dakota,23
Little India,Dhoby Ghaut,5
Little India,Dover,31
Little India,Downtown,12
Little India,Esplanade,16
Little India,Eunos,24
Little India,Expo,44
Little India,Farrer Park,5
Little India,Farrer Road,20
Little India,Fort Canning,17
Little India,Gardens by the Bay,25
Little India,Geylang Bahru,24
Little India,Great World,21
Little India,Gul Circle,53
Little India,HarbourFront,14
Little India,Havelock,20
Little India,Haw Par Villa,30
Little India,Hillview,23
Little India,Holland Village,23
Little India,Hougang,19
Little India,Hume,20
Little India,Jalan Besar,20
Little India,Joo Koon,50
Little India,Jurong East,37
Little India,Kaki Bukit,31
Little India,Kallang,18
Little India,Katong Park,31
Little India,Kembangan,26
Little India,Kent Ridge,29
Little India,Khatib,31
Little India,King Albert Park,16
Little India,Kovan,16
Little India,Kranji,51
Little India,Labrador Park,26
Little India,Lakeside,42
Little India,Lavender,16
Little India,Lentor,28
Little India,Little India,0
Little India,Lorong Chuan,24
Little India,MacPherson,27
Little India,Marina Bay,18
Little India,Marina South Pier,21
Little India,Marine Parade,34
Little India,Marine Terrace,36
Little India,Marsiling,48
Little India,Marymount,25
Little India,Mattar,26
Little India,Maxwell,19
Little India,Mayflower,25
Little India,Mountbatten,21
Little India,Napier,15
Little India,Newton,6
Little India,Nicoll Highway,17
Little India,Novena,14
Little India,Orchard,15
Little India,Orchard Boulevard,17
Little India,Outram Park,11
Little India,Pasir Panjang,28
Little India,Pasir Ris,42
Little India,Paya Lebar,22
Little India,Pioneer,47
Little India,Potong Pasir,10
Little India,Promenade,8
Little India,Punggol,25
Little India,Punggol Coast,27
Little India,Queenstown,24
Little India,Raffles Place,17
Little India,Redhill,22
Little India,Rochor,5
Little India,Sembawang,39
Little India,Sengkang,23
Little India,Serangoon,14
Little India,Shenton Way,21
Little India,Siglap,38
Little India,Simei,36
Little India,Sixth Avenue,14
Little India,Somerset,14
Little India,Springleaf,30
Little India,Stadium,19
Little India,Stevens,8
Little India,Tai Seng,28
Little India,Tampines,38
Little India,Tampines East,42
Little India,Tampines West,37
Little India,Tan Kah Kee,12
Little India,Tanah Merah,32
Little India,Tanjong Katong,33
Little India,Tanjong Pagar,20
Little India,Tanjong Rhu,29
Little India,Telok Ayer,14
Little India,Telok Blangah,24
Little India,Tiong Bahru,20
Little India,Toa Payoh,17
Little India,Tuas Crescent,56
Little India,Tuas Link,60
Little India,Tuas West Road,58
Little India,Ubi,30
Little India,Upper Changi,45
Little India,Upper Thomson,21
Little India,Woodlands,37
Little India,Woodlands North,40
Little India,Woodlands South,35
Little India,Woodleigh,12
Little India,Yew Tee,48
Little India,Yio Chu Kang,26
Little India,Yishun,34
Little India,one-north,27
Lorong Chuan,Admiralty,35
Lorong Chuan,Aljunied,26
Lorong Chuan,Ang Mo Kio,17
Lorong Chuan,Bartley,10
Lorong Chuan,Bayfront,35
Lorong Chuan,Bayshore,57
Lorong Chuan,Beauty World,32
Lorong Chuan,Bedok,30
Lorong Chuan,Bedok North,25
Lorong Chuan,Bedok Reservoir,27
Lorong Chuan,Bencoolen,29
Lorong Chuan,Bendemeer,25
Lorong Chuan,Bishan,8
Lorong Chuan,Boon Keng,20
Lorong Chuan,Boon Lay,48
Lorong Chuan,Botanic Gardens,18
Lorong Chuan,Braddell,16
Lorong Chuan,Bras Basah,33
Lorong Chuan,Bright Hill,25
Lorong Chuan,Buangkok,21
Lorong Chuan,Bugis,32
Lorong Chuan,Bukit Batok,48
Lorong Chuan,Bukit Gombak,50
Lorong Chuan,Bukit Panjang,41
Lorong Chuan,Buona Vista,25
Lorong Chuan,Caldecott,13
Lorong Chuan,Canberra,30
Lorong Chuan,Cashew,39
Lorong Chuan,Changi Airport,51
Lorong Chuan,Chinatown,30
Lorong Chuan,Chinese Garden,43
Lorong Chuan,Choa Chu Kang,54
Lorong Chuan,City Hall,30
Lorong Chuan,Clarke Quay,29
Lorong Chuan,Clementi,36
Lorong Chuan,Commonwealth,34
Lorong Chuan,Dakota,20
Lorong Chuan,Dhoby Ghaut,26
Lorong Chuan,Dover,34
Lorong Chuan,Downtown,36
Lorong Chuan,Esplanade,31
Lorong Chuan,Eunos,26
Lorong Chuan,Expo,38
Lorong Chuan,Farrer Park,23
Lorong Chuan,Farrer Road,20
Lorong Chuan,Fort Canning,31
Lorong Chuan,Gardens by the Bay,42
Lorong Chuan,Geylang Bahru,23
Lorong Chuan,Great World,32
Lorong Chuan,Gul Circle,56
Lorong Chuan,HarbourFront,35
Lorong Chuan,Havelock,33
Lorong Chuan,Haw Par Villa,32
Lorong Chuan,Hillview,37
Lorong Chuan,Holland Village,23
Lorong Chuan,Hougang,19
Lorong Chuan,Hume,34
Lorong Chuan,Jalan Besar,27
Lorong Chuan,Joo Koon,53
Lorong Chuan,Jurong East,40
Lorong Chuan,Kaki Bukit,23
Lorong Chuan,Kallang,28
Lorong Chuan,Katong Park,48
Lorong Chuan,Kembangan,27
Lorong Chuan,Kent Ridge,29
Lorong Chuan,Khatib,25
Lorong Chuan,King Albert Park,30
Lorong Chuan,Kovan,17
Lorong Chuan,Kranji,45
Lorong Chuan,Labrador Park,36
Lorong Chuan,Lakeside,45
Lorong Chuan,Lavender,30
Lorong Chuan,Lentor,30
Lorong Chuan,Little India,24
Lorong Chuan,Lorong Chuan,0
Lorong Chuan,MacPherson,15
Lorong Chuan,Marina Bay,34
Lorong Chuan,Marina South Pier,36
Lorong Chuan,Marine Parade,51
Lorong Chuan,Marine Terrace,53
Lorong Chuan,Marsiling,42
Lorong Chuan,Marymount,11
Lorong Chuan,Mattar,21
Lorong Chuan,Maxwell,37
Lorong Chuan,Mayflower,27
Lorong Chuan,Mountbatten,22
Lorong Chuan,Napier,26
Lorong Chuan,Newton,22
Lorong Chuan,Nicoll Highway,26
Lorong Chuan,Novena,20
Lorong Chuan,Orchard,24
Lorong Chuan,Orchard Boulevard,28
Lorong Chuan,Outram Park,32
Lorong Chuan,Pasir Panjang,34
Lorong Chuan,Pasir Ris,42
Lorong Chuan,Paya Lebar,17
Lorong Chuan,Pioneer,50
Lorong Chuan,Potong Pasir,18
Lorong Chuan,Promenade,28
Lorong Chuan,Punggol,26
Lorong Chuan,Punggol Coast,28
Lorong Chuan,Queenstown,36
Lorong Chuan,Raffles Place,32
Lorong Chuan,Redhill,38
Lorong Chuan,Rochor,32
Lorong Chuan,Sembawang,32
Lorong Chuan,Sengkang,23
Lorong Chuan,Serangoon,7
Lorong Chuan,Shenton Way,38
Lorong Chuan,Siglap,55
Lorong Chuan,Simei,38
Lorong Chuan,Sixth Avenue,28
Lorong Chuan,Somerset,26
Lorong Chuan,Springleaf,33
Lorong Chuan,Stadium,24
Lorong Chuan,Stevens,23
Lorong Chuan,Tai Seng,13
Lorong Chuan,Tampines,31
Lorong Chuan,Tampines East,34
Lorong Chuan,Tampines West,29
Lorong Chuan,Tan Kah Kee,26
Lorong Chuan,Tanah Merah,33
Lorong Chuan,Tanjong Katong,50
Lorong Chuan,Tanjong Pagar,38
Lorong Chuan,Tanjong Rhu,46
Lorong Chuan,Telok Ayer,34
Lorong Chuan,Telok Blangah,38
Lorong Chuan,Tiong Bahru,40
Lorong Chuan,Toa Payoh,18
Lorong Chuan,Tuas Crescent,59
Lorong Chuan,Tuas Link,63
Lorong Chuan,Tuas West Road,61
Lorong Chuan,Ubi,22
Lorong Chuan,Upper Changi,37
Lorong Chuan,Upper Thomson,23
Lorong Chuan,Woodlands,38
Lorong Chuan,Woodlands North,42
Lorong Chuan,Woodlands South,37
Lorong Chuan,Woodleigh,16
Lorong Chuan,Yew Tee,53
Lorong Chuan,Yio Chu Kang,20
Lorong Chuan,Yishun,27
Lorong Chuan,one-north,27
MacPherson,Admiralty,45
MacPherson,Aljunied,15
MacPherson,Ang Mo Kio,27
MacPherson,Bartley,10
MacPherson,Bayfront,21
MacPherson,Bayshore,52
MacPherson,Beauty World,42
MacPherson,Bedok,20
MacPherson,Bedok North,9
MacPherson,Bedok Reservoir,10
MacPherson,Bencoolen,13
MacPherson,Bendemeer,9
MacPherson,Bishan,17
MacPherson,Boon Keng,26
MacPherson,Boon Lay,58
MacPherson,Botanic Gardens,27
MacPherson,Braddell,26
MacPherson,Bras Basah,22
MacPherson,Bright Hill,35
MacPherson,Buangkok,27
MacPherson,Bugis,22
MacPherson,Bukit Batok,57
MacPherson,Bukit Gombak,59
MacPherson,Bukit Panjang,51
MacPherson,Buona Vista,35
MacPherson,Caldecott,23
MacPherson,Canberra,40
MacPherson,Cashew,49
MacPherson,Changi Airport,38
MacPherson,Chinatown,17
MacPherson,Chinese Garden,52
MacPherson,Choa Chu Kang,63
MacPherson,City Hall,24
MacPherson,Clarke Quay,23
MacPherson,Clementi,45
MacPherson,Commonwealth,39
MacPherson,Dakota,10
MacPherson,Dhoby Ghaut,24
MacPherson,Dover,43
MacPherson,Downtown,20
MacPherson,Esplanade,20
MacPherson,Eunos,15
MacPherson,Expo,22
MacPherson,Farrer Park,28
MacPherson,Farrer Road,30
MacPherson,Fort Canning,14
MacPherson,Gardens by the Bay,37
MacPherson,Geylang Bahru,7
MacPherson,Great World,33
MacPherson,Gul Circle,65
MacPherson,HarbourFront,27
MacPherson,Havelock,32
MacPherson,Haw Par Villa,42
MacPherson,Hillview,47
MacPherson,Holland Village,33
MacPherson,Hougang,24
MacPherson,Hume,44
MacPherson,Jalan Besar,11
MacPherson,Joo Koon,62
MacPherson,Jurong East,49
MacPherson,Kaki Bukit,7
MacPherson,Kallang,18
MacPherson,Katong Park,43
MacPherson,Kembangan,17
MacPherson,Kent Ridge,39
MacPherson,Khatib,35
MacPherson,King Albert Park,40
MacPherson,Kovan,22
MacPherson,Kranji,55
MacPherson,Labrador Park,38
MacPherson,Lakeside,54
MacPherson,Lavender,20
MacPherson,Lentor,40
MacPherson,Little India,27
MacPherson,Lorong Chuan,15
MacPherson,MacPherson,0
MacPherson,Marina Bay,28
MacPherson,Marina South Pier,34
MacPherson,Marine Parade,46
MacPherson,Marine Terrace,48
MacPherson,Marsiling,52
MacPherson,Marymount,20
MacPherson,Mattar,5
MacPherson,Maxwell,31
MacPherson,Mayflower,37
MacPherson,Mountbatten,12
MacPherson,Napier,36
MacPherson,Newton,30
MacPherson,Nicoll Highway,16
MacPherson,Novena,30
MacPherson,Orchard,33
MacPherson,Orchard Boulevard,37
MacPherson,Outram Park,23
MacPherson,Pasir Panjang,40
MacPherson,Pasir Ris,26
MacPherson,Paya Lebar,7
MacPherson,Pioneer,59
MacPherson,Potong Pasir,24
MacPherson,Promenade,18
MacPherson,Punggol,31
MacPherson,Punggol Coast,33
MacPherson,Queenstown,37
MacPherson,Raffles Place,26
MacPherson,Redhill,34
MacPherson,Rochor,26
MacPherson,Sembawang,42
MacPherson,Sengkang,28
MacPherson,Serangoon,12
MacPherson,Shenton Way,33
MacPherson,Siglap,50
MacPherson,Simei,25
MacPherson,Sixth Avenue,38
MacPherson,Somerset,32
MacPherson,Springleaf,42
MacPherson,Stadium,14
MacPherson,Stevens,32
MacPherson,Tai Seng,7
MacPherson,Tampines,15
MacPherson,Tampines East,17
MacPherson,Tampines West,13
MacPherson,Tan Kah Kee,36
MacPherson,Tanah Merah,23
MacPherson,Tanjong Katong,45
MacPherson,Tanjong Pagar,28
MacPherson,Tanjong Rhu,41
MacPherson,Telok Ayer,18
MacPherson,Telok Blangah,36
MacPherson,Tiong Bahru,32
MacPherson,Toa Payoh,28
MacPherson,Tuas Crescent,68
MacPherson,Tuas Link,72
MacPherson,Tuas West Road,70
MacPherson,Ubi,5
MacPherson,Upper Changi,20
MacPherson,Upper Thomson,32
MacPherson,Woodlands,48
MacPherson,Woodlands North,52
MacPherson,Woodlands South,47
MacPherson,Woodleigh,22
MacPherson,Yew Tee,63
MacPherson,Yio Chu Kang,29
MacPherson,Yishun,37
MacPherson,one-north,37
Marina Bay,Admiralty,44
Marina Bay,Aljunied,20
Marina Bay,Ang Mo Kio,26
Marina Bay,Bartley,33
Marina Bay,Bayfront,8
Marina Bay,Bayshore,21
Marina Bay,Beauty World,33
Marina Bay,Bedok,29
Marina Bay,Bedok North,35
Marina Bay,Bedok Reservoir,37
Marina Bay,Bencoolen,20
Marina Bay,Bendemeer,24
Marina Bay,Bishan,23
Marina Bay,Boon Keng,23
Marina Bay,Boon Lay,42
Marina Bay,Botanic Gardens,25
Marina Bay,Braddell,21
Marina Bay,Bras Basah,19
Marina Bay,Bright Hill,29
Marina Bay,Buangkok,36
Marina Bay,Bugis,14
Marina Bay,Bukit Batok,41
Marina Bay,Bukit Gombak,43
Marina Bay,Bukit Panjang,42
Marina Bay,Buona Vista,24
Marina Bay,Caldecott,23
Marina Bay,Canberra,39
Marina Bay,Cashew,40
Marina Bay,Changi Airport,50
Marina Bay,Chinatown,16
Marina Bay,Chinese Garden,36
Marina Bay,Choa Chu Kang,47
Marina Bay,City Hall,7
Marina Bay,Clarke Quay,18
Marina Bay,Clementi,29
Marina Bay,Commonwealth,22
Marina Bay,Dakota,23
Marina Bay,Dhoby Ghaut,9
Marina Bay,Dover,27
Marina Bay,Downtown,14
Marina Bay,Esplanade,18
Marina Bay,Eunos,24
Marina Bay,Expo,44
Marina Bay,Farrer Park,21
Marina Bay,Farrer Road,35
Marina Bay,Fort Canning,19
Marina Bay,Gardens by the Bay,6
Marina Bay,Geylang Bahru,26
Marina Bay,Great World,11
Marina Bay,Gul Circle,49
Marina Bay,HarbourFront,18
Marina Bay,Havelock,10
Marina Bay,Haw Par Villa,34
Marina Bay,Hillview,38
Marina Bay,Holland Village,35
Marina Bay,Hougang,34
Marina Bay,Hume,35
Marina Bay,Jalan Besar,22
Marina Bay,Joo Koon,46
Marina Bay,Jurong East,33
Marina Bay,Kaki Bukit,34
Marina Bay,Kallang,18
Marina Bay,Katong Park,12
Marina Bay,Kembangan,26
Marina Bay,Kent Ridge,36
Marina Bay,Khatib,34
Marina Bay,King Albert Park,31
Marina Bay,Kovan,32
Marina Bay,Kranji,54
Marina Bay,Labrador Park,29
Marina Bay,Lakeside,38
Marina Bay,Lavender,16
Marina Bay,Lentor,34
Marina Bay,Little India,18
Marina Bay,Lorong Chuan,34
Marina Bay,MacPherson,28
Marina Bay,Marina Bay,0
Marina Bay,Marina South Pier,6
Marina Bay,Marine Parade,15
Marina Bay,Marine Terrace,17
Marina Bay,Marsiling,51
Marina Bay,Marymount,34
Marina Bay,Mattar,28
Marina Bay,Maxwell,6
Marina Bay,Mayflower,32
Marina Bay,Mountbatten,22
Marina Bay,Napier,17
Marina Bay,Newton,15
Marina Bay,Nicoll Highway,18
Marina Bay,Novena,17
Marina Bay,Orchard,13
Marina Bay,Orchard Boulevard,15
Marina Bay,Outram Park,8
Marina Bay,Pasir Panjang,31
Marina Bay,Pasir Ris,42
Marina Bay,Paya Lebar,22
Marina Bay,Pioneer,43
Marina Bay,Potong Pasir,25
Marina Bay,Promenade,10
Marina Bay,Punggol,41
Marina Bay,Punggol Coast,43
Marina Bay,Queenstown,20
Marina Bay,Raffles Place,5
Marina Bay,Redhill,18
Marina Bay,Rochor,17
Marina Bay,Sembawang,41
Marina Bay,Sengkang,38
Marina Bay,Serangoon,29
Marina Bay,Shenton Way,5
Marina Bay,Siglap,19
Marina Bay,Simei,36
Marina Bay,Sixth Avenue,29
Marina Bay,Somerset,11
Marina Bay,Springleaf,37
Marina Bay,Stadium,20
Marina Bay,Stevens,19
Marina Bay,Tai Seng,31
Marina Bay,Tampines,38
Marina Bay,Tampines East,44
Marina Bay,Tampines West,39
Marina Bay,Tan Kah Kee,27
Marina Bay,Tanah Merah,32
Marina Bay,Tanjong Katong,14
Marina Bay,Tanjong Pagar,11
Marina Bay,Tanjong Rhu,10
Marina Bay,Telok Ayer,15
Marina Bay,Telok Blangah,27
Marina Bay,Tiong Bahru,16
Marina Bay,Toa Payoh,19
Marina Bay,Tuas Crescent,52
Marina Bay,Tuas Link,56
Marina Bay,Tuas West Road,54
Marina Bay,Ubi,32
Marina Bay,Upper Changi,47
Marina Bay,Upper Thomson,27
Marina Bay,Woodlands,43
Marina Bay,Woodlands North,46
Marina Bay,Woodlands South,41
Marina Bay,Woodleigh,27
Marina Bay,Yew Tee,50
Marina Bay,Yio Chu Kang,29
Marina Bay,Yishun,36
Marina Bay,one-north,35
Marina South Pier,Admiralty,47
Marina South Pier,Aljunied,22
Marina South Pier,Ang Mo Kio,29
Marina South Pier,Bartley,39
Marina South Pier,Bayfront,17
Marina South Pier,Bayshore,29
Marina South Pier,Beauty World,36
Marina South Pier,Bedok,31
Marina South Pier,Bedok North,44
Marina South Pier,Bedok Reservoir,46
Marina South Pier,Bencoolen,29
Marina South Pier,Bendemeer,33
Marina South Pier,Bishan,26
Marina South Pier,Boon Keng,25
Marina South Pier,Boon Lay,44
Marina South Pier,Botanic Gardens,29
Marina South Pier,Braddell,24
Marina South Pier,Bras Basah,21
Marina South Pier,Bright Hill,37
Marina South Pier,Buangkok,39
Marina South Pier,Bugis,16
Marina South Pier,Bukit Batok,44
Marina South Pier,Bukit Gombak,46
Marina South Pier,Bukit Panjang,46
Marina South Pier,Buona Vista,27
Marina South Pier,Caldecott,31
Marina South Pier,Canberra,41
Marina South Pier,Cashew,44
Marina South Pier,Changi Airport,52
Marina South Pier,Chinatown,23
Marina South Pier,Chinese Garden,38
Marina South Pier,Choa Chu Kang,50
Marina South Pier,City Hall,10
Marina South Pier,Clarke Quay,22
Marina South Pier,Clementi,32
Marina South Pier,Commonwealth,25
Marina South Pier,Dakota,32
Marina South Pier,Dhoby Ghaut,12
Marina South Pier,Dover,29
Marina South Pier,Downtown,22
Marina South Pier,Esplanade,23
Marina South Pier,Eunos,26
Marina South Pier,Expo,47
Marina South Pier,Farrer Park,23
Marina South Pier,Farrer Road,39
Marina South Pier,Fort Canning,28
Marina South Pier,Gardens by the Bay,14
Marina South Pier,Geylang Bahru,35
Marina South Pier,Great World,20
Marina South Pier,Gul Circle,52
Marina South Pier,HarbourFront,26
Marina South Pier,Havelock,18
Marina South Pier,Haw Par Villa,41
Marina South Pier,Hillview,42
Marina South Pier,Holland Village,37
Marina South Pier,Hougang,36
Marina South Pier,Hume,38
Marina South Pier,Jalan Besar,31
Marina South Pier,Joo Koon,49
Marina South Pier,Jurong East,36
Marina South Pier,Kaki Bukit,42
Marina South Pier,Kallang,20
Marina South Pier,Katong Park,20
Marina South Pier,Kembangan,28
Marina South Pier,Kent Ridge,39
Marina South Pier,Khatib,36
Marina South Pier,King Albert Park,34
Marina South Pier,Kovan,34
Marina South Pier,Kranji,57
Marina South Pier,Labrador Park,37
Marina South Pier,Lakeside,40
Marina South Pier,Lavender,18
Marina South Pier,Lentor,42
Marina South Pier,Little India,21
Marina South Pier,Lorong Chuan,36
Marina South Pier,MacPherson,34
Marina South Pier,Marina Bay,6
Marina South Pier,Marina South Pier,0
Marina South Pier,Marine Parade,23
Marina South Pier,Marine Terrace,25
Marina South Pier,Marsiling,53
Marina South Pier,Marymount,36
Marina South Pier,Mattar,37
Marina South Pier,Maxwell,15
Marina South Pier,Mayflower,40
Marina South Pier,Mountbatten,30
Marina South Pier,Napier,25
Marina South Pier,Newton,17
Marina South Pier,Nicoll Highway,26
Marina South Pier,Novena,19
Marina South Pier,Orchard,15
Marina South Pier,Orchard Boulevard,23
Marina South Pier,Outram Park,16
Marina South Pier,Pasir Panjang,39
Marina South Pier,Pasir Ris,44
Marina South Pier,Paya Lebar,24
Marina South Pier,Pioneer,45
Marina South Pier,Potong Pasir,28
Marina South Pier,Promenade,19
Marina South Pier,Punggol,43
Marina South Pier,Punggol Coast,45
Marina South Pier,Queenstown,23
Marina South Pier,Raffles Place,8
Marina South Pier,Redhill,21
Marina South Pier,Rochor,25
Marina South Pier,Sembawang,44
Marina South Pier,Sengkang,41
Marina South Pier,Serangoon,32
Marina South Pier,Shenton Way,13
Marina South Pier,Siglap,27
Marina South Pier,Simei,38
Marina South Pier,Sixth Avenue,32
Marina South Pier,Somerset,13
Marina South Pier,Springleaf,45
Marina South Pier,Stadium,29
Marina South Pier,Stevens,27
Marina South Pier,Tai Seng,37
Marina South Pier,Tampines,41
Marina South Pier,Tampines East,51
Marina South Pier,Tampines West,48
Marina South Pier,Tan Kah Kee,30
Marina South Pier,Tanah Merah,34
Marina South Pier,Tanjong Katong,22
Marina South Pier,Tanjong Pagar,14
Marina South Pier,Tanjong Rhu,18
Marina South Pier,Telok Ayer,24
Marina South Pier,Telok Blangah,35
Marina South Pier,Tiong Bahru,18
Marina South Pier,Toa Payoh,22
Marina South Pier,Tuas Crescent,54
Marina South Pier,Tuas Link,58
Marina South Pier,Tuas West Road,56
Marina South Pier,Ubi,41
Marina South Pier,Upper Changi,54
Marina South Pier,Upper Thomson,35
Marina South Pier,Woodlands,50
Marina South Pier,Woodlands North,54
Marina South Pier,Woodlands South,49
Marina South Pier,Woodleigh,30
Marina South Pier,Yew Tee,52
Marina South Pier,Yio Chu Kang,31
Marina South Pier,Yishun,38
Marina South Pier,one-north,37
Marine Parade,Admiralty,62
Marine Parade,Aljunied,37
Marine Parade,Ang Mo Kio,44
Marine Parade,Bartley,51
Marine Parade,Bayfront,25
Marine Parade,Bayshore,10
Marine Parade,Beauty World,46
Marine Parade,Bedok,46
Marine Parade,Bedok North,52
Marine Parade,Bedok Reservoir,54
Marine Parade,Bencoolen,37
Marine Parade,Bendemeer,41
Marine Parade,Bishan,41
Marine Parade,Boon Keng,38
Marine Parade,Boon Lay,54
Marine Parade,Botanic Gardens,38
Marine Parade,Braddell,39
Marine Parade,Bras Basah,36
Marine Parade,Bright Hill,41
Marine Parade,Buangkok,51
Marine Parade,Bugis,31
Marine Parade,Bukit Batok,54
Marine Parade,Bukit Gombak,56
Marine Parade,Bukit Panjang,55
Marine Parade,Buona Vista,37
Marine Parade,Caldecott,35
Marine Parade,Canberra,56
Marine Parade,Cashew,53
Marine Parade,Changi Airport,67
Marine Parade,Chinatown,28
Marine Parade,Chinese Garden,48
Marine Parade,Choa Chu Kang,60
Marine Parade,City Hall,25
Marine Parade,Clarke Quay,30
Marine Parade,Clementi,42
Marine Parade,Commonwealth,35
Marine Parade,Dakota,41
Marine Parade,Dhoby Ghaut,27
Marine Parade,Dover,39
Marine Parade,Downtown,31
Marine Parade,Esplanade,35
Marine Parade,Eunos,42
Marine Parade,Expo,62
Marine Parade,Farrer Park,36
Marine Parade,Farrer Road,49
Marine Parade,Fort Canning,35
Marine Parade,Gardens by the Bay,13
Marine Parade,Geylang Bahru,43
Marine Parade,Great World,23
Marine Parade,Gul Circle,62
Marine Parade,HarbourFront,29
Marine Parade,Havelock,22
Marine Parade,Haw Par Villa,45
Marine Parade,Hillview,51
Marine Parade,Holland Village,47
Marine Parade,Hougang,49
Marine Parade,Hume,48
Marine Parade,Jalan Besar,39
Marine Parade,Joo Koon,59
Marine Parade,Jurong East,46
Marine Parade,Kaki Bukit,50
Marine Parade,Kallang,35
Marine Parade,Katong Park,7
Marine Parade,Kembangan,43
Marine Parade,Kent Ridge,48
Marine Parade,Khatib,51
Marine Parade,King Albert Park,44
Marine Parade,Kovan,47
Marine Parade,Kranji,70
Marine Parade,Labrador Park,41
Marine Parade,Lakeside,51
Marine Parade,Lavender,33
Marine Parade,Lentor,46
Marine Parade,Little India,34
Marine Parade,Lorong Chuan,51
Marine Parade,MacPherson,46
Marine Parade,Marina Bay,15
Marine Parade,Marina South Pier,23
Marine Parade,Marine Parade,0
Marine Parade,Marine Terrace,6
Marine Parade,Marsiling,66
Marine Parade,Marymount,46
Marine Parade,Mattar,45
Marine Parade,Maxwell,18
Marine Parade,Mayflower,43
Marine Parade,Mountbatten,39
Marine Parade,Napier,29
Marine Parade,Newton,33
Marine Parade,Nicoll Highway,35
Marine Parade,Novena,35
Marine Parade,Orchard,25
Marine Parade,Orchard Boulevard,27
Marine Parade,Outram Park,19
Marine Parade,Pasir Panjang,43
Marine Parade,Pasir Ris,59
Marine Parade,Paya Lebar,39
Marine Parade,Pioneer,56
Marine Parade,Potong Pasir,40
Marine Parade,Promenade,28
Marine Parade,Punggol,56
Marine Parade,Punggol Coast,58
Marine Parade,Queenstown,33
Marine Parade,Raffles Place,23
Marine Parade,Redhill,31
Marine Parade,Rochor,35
Marine Parade,Sembawang,59
Marine Parade,Sengkang,53
Marine Parade,Serangoon,44
Marine Parade,Shenton Way,16
Marine Parade,Siglap,8
Marine Parade,Simei,54
Marine Parade,Sixth Avenue,42
Marine Parade,Somerset,29
Marine Parade,Springleaf,49
Marine Parade,Stadium,37
Marine Parade,Stevens,31
Marine Parade,Tai Seng,48
Marine Parade,Tampines,56
Marine Parade,Tampines East,60
Marine Parade,Tampines West,56
Marine Parade,Tan Kah Kee,40
Marine Parade,Tanah Merah,49
Marine Parade,Tanjong Katong,5
Marine Parade,Tanjong Pagar,28
Marine Parade,Tanjong Rhu,9
Marine Parade,Telok Ayer,33
Marine Parade,Telok Blangah,39
Marine Parade,Tiong Bahru,29
Marine Parade,Toa Payoh,37
Marine Parade,Tuas Crescent,64
Marine Parade,Tuas Link,68
Marine Parade,Tuas West Road,66
Marine Parade,Ubi,48
Marine Parade,Upper Changi,63
Marine Parade,Upper Thomson,39
Marine Parade,Woodlands,55
Marine Parade,Woodlands North,58
Marine Parade,Woodlands South,53
Marine Parade,Woodleigh,42
Marine Parade,Yew Tee,62
Marine Parade,Yio Chu Kang,46
Marine Parade,Yishun,54
Marine Parade,one-north,47
Marine Terrace,Admiralty,64
Marine Terrace,Aljunied,39
Marine Terrace,Ang Mo Kio,46
Marine Terrace,Bartley,53
Marine Terrace,Bayfront,27
Marine Terrace,Bayshore,8
Marine Terrace,Beauty World,48
Marine Terrace,Bedok,48
Marine Terrace,Bedok North,54
Marine Terrace,Bedok Reservoir,56
Marine Terrace,Bencoolen,39
Marine Terrace,Bendemeer,43
Marine Terrace,Bishan,43
Marine Terrace,Boon Keng,40
Marine Terrace,Boon Lay,56
Marine Terrace,Botanic Gardens,40
Marine Terrace,Braddell,41
Marine Terrace,Bras Basah,38
Marine Terrace,Bright Hill,43
Marine Terrace,Buangkok,53
Marine Terrace,Bugis,33
Marine Terrace,Bukit Batok,56
Marine Terrace,Bukit Gombak,58
Marine Terrace,Bukit Panjang,57
Marine Terrace,Buona Vista,39
Marine Terrace,Caldecott,37
Marine Terrace,Canberra,58
Marine Terrace,Cashew,55
Marine Terrace,Changi Airport,69
Marine Terrace,Chinatown,30
Marine Terrace,Chinese Garden,50
Marine Terrace,Choa Chu Kang,62
Marine Terrace,City Hall,27
Marine Terrace,Clarke Quay,32
Marine Terrace,Clementi,44
Marine Terrace,Commonwealth,37
Marine Terrace,Dakota,43
Marine Terrace,Dhoby Ghaut,29
Marine Terrace,Dover,41
Marine Terrace,Downtown,33
Marine Terrace,Esplanade,37
Marine Terrace,Eunos,44
Marine Terrace,Expo,64
Marine Terrace,Farrer Park,38
Marine Terrace,Farrer Road,51
Marine Terrace,Fort Canning,37
Marine Terrace,Gardens by the Bay,15
Marine Terrace,Geylang Bahru,45
Marine Terrace,Great World,25
Marine Terrace,Gul Circle,64
Marine Terrace,HarbourFront,31
Marine Terrace,Havelock,24
Marine Terrace,Haw Par Villa,47
Marine Terrace,Hillview,53
Marine Terrace,Holland Village,49
Marine Terrace,Hougang,51
Marine Terrace,Hume,50
Marine Terrace,Jalan Besar,41
Marine Terrace,Joo Koon,61
Marine Terrace,Jurong East,48
Marine Terrace,Kaki Bukit,52
Marine Terrace,Kallang,37
Marine Terrace,Katong Park,9
Marine Terrace,Kembangan,45
Marine Terrace,Kent Ridge,50
Marine Terrace,Khatib,53
Marine Terrace,King Albert Park,46
Marine Terrace,Kovan,49
Marine Terrace,Kranji,72
Marine Terrace,Labrador Park,43
Marine Terrace,Lakeside,53
Marine Terrace,Lavender,35
Marine Terrace,Lentor,48
Marine Terrace,Little India,36
Marine Terrace,Lorong Chuan,53
Marine Terrace,MacPherson,48
Marine Terrace,Marina Bay,17
Marine Terrace,Marina South Pier,25
Marine Terrace,Marine Parade,6
Marine Terrace,Marine Terrace,0
Marine Terrace,Marsiling,68
Marine Terrace,Marymount,48
Marine Terrace,Mattar,47
Marine Terrace,Maxwell,20
Marine Terrace,Mayflower,45
Marine Terrace,Mountbatten,41
Marine Terrace,Napier,31
Marine Terrace,Newton,35
Marine Terrace,Nicoll Highway,37
Marine Terrace,Novena,37
Marine Terrace,Orchard,27
Marine Terrace,Orchard Boulevard,29
Marine Terrace,Outram Park,21
Marine Terrace,Pasir Panjang,45
Marine Terrace,Pasir Ris,61
Marine Terrace,Paya Lebar,41
Marine Terrace,Pioneer,58
Marine Terrace,Potong Pasir,42
Marine Terrace,Promenade,30
Marine Terrace,Punggol,58
Marine Terrace,Punggol Coast,60
Marine Terrace,Queenstown,35
Marine Terrace,Raffles Place,25
Marine Terrace,Redhill,33
Marine Terrace,Rochor,37
Marine Terrace,Sembawang,61
Marine Terrace,Sengkang,55
Marine Terrace,Serangoon,46
Marine Terrace,Shenton Way,18
Marine Terrace,Siglap,6
Marine Terrace,Simei,56
Marine Terrace,Sixth Avenue,44
Marine Terrace,Somerset,31
Marine Terrace,Springleaf,51
Marine Terrace,Stadium,39
Marine Terrace,Stevens,33
Marine Terrace,Tai Seng,50
Marine Terrace,Tampines,58
Marine Terrace,Tampines East,62
Marine Terrace,Tampines West,58
Marine Terrace,Tan Kah Kee,42
Marine Terrace,Tanah Merah,51
Marine Terrace,Tanjong Katong,7
Marine Terrace,Tanjong Pagar,30
Marine Terrace,Tanjong Rhu,11
Marine Terrace,Telok Ayer,35
Marine Terrace,Telok Blangah,41
Marine Terrace,Tiong Bahru,31
Marine Terrace,Toa Payoh,39
Marine Terrace,Tuas Crescent,66
Marine Terrace,Tuas Link,70
Marine Terrace,Tuas West Road,68
Marine Terrace,Ubi,50
Marine Terrace,Upper Changi,65
Marine Terrace,Upper Thomson,41
Marine Terrace,Woodlands,57
Marine Terrace,Woodlands North,60
Marine Terrace,Woodlands South,55
Marine Terrace,Woodleigh,44
Marine Terrace,Yew Tee,64
Marine Terrace,Yio Chu Kang,48
Marine Terrace,Yishun,56
Marine Terrace,one-north,49
Marsiling,Admiralty,10
Marsiling,Aljunied,59
Marsiling,Ang Mo Kio,28
Marsiling,Bartley,47
Marsiling,Bayfront,55
Marsiling,Bayshore,72
Marsiling,Beauty World,45
Marsiling,Bedok,67
Marsiling,Bedok North,62
Marsiling,Bedok Reservoir,64
Marsiling,Bencoolen,64
Marsiling,Bendemeer,62
Marsiling,Bishan,31
Marsiling,Boon Keng,57
Marsiling,Boon Lay,39
Marsiling,Botanic Gardens,45
Marsiling,Braddell,33
Marsiling,Bras Basah,54
Marsiling,Bright Hill,28
Marsiling,Buangkok,58
Marsiling,Bugis,51
Marsiling,Bukit Batok,23
Marsiling,Bukit Gombak,21
Marsiling,Bukit Panjang,31
Marsiling,Buona Vista,39
Marsiling,Caldecott,34
Marsiling,Canberra,15
Marsiling,Cashew,38
Marsiling,Changi Airport,88
Marsiling,Chinatown,56
Marsiling,Chinese Garden,33
Marsiling,Choa Chu Kang,16
Marsiling,City Hall,47
Marsiling,Clarke Quay,55
Marsiling,Clementi,35
Marsiling,Commonwealth,41
Marsiling,Dakota,57
Marsiling,Dhoby Ghaut,45
Marsiling,Dover,37
Marsiling,Downtown,57
Marsiling,Esplanade,56
Marsiling,Eunos,62
Marsiling,Expo,75
Marsiling,Farrer Park,56
Marsiling,Farrer Road,50
Marsiling,Fort Canning,62
Marsiling,Gardens by the Bay,57
Marsiling,Geylang Bahru,60
Marsiling,Great World,46
Marsiling,Gul Circle,46
Marsiling,HarbourFront,60
Marsiling,Havelock,48
Marsiling,Haw Par Villa,54
Marsiling,Hillview,40
Marsiling,Holland Village,50
Marsiling,Hougang,56
Marsiling,Hume,41
Marsiling,Jalan Besar,64
Marsiling,Joo Koon,43
Marsiling,Jurong East,26
Marsiling,Kaki Bukit,60
Marsiling,Kallang,57
Marsiling,Katong Park,63
Marsiling,Kembangan,64
Marsiling,Kent Ridge,51
Marsiling,Khatib,20
Marsiling,King Albert Park,47
Marsiling,Kovan,53
Marsiling,Kranji,6
Marsiling,Labrador Park,58
Marsiling,Lakeside,35
Marsiling,Lavender,55
Marsiling,Lentor,24
Marsiling,Little India,48
Marsiling,Lorong Chuan,42
Marsiling,MacPherson,52
Marsiling,Marina Bay,51
Marsiling,Marina South Pier,53
Marsiling,Marine Parade,66
Marsiling,Marine Terrace,68
Marsiling,Marsiling,0
Marsiling,Marymount,42
Marsiling,Mattar,58
Marsiling,Maxwell,52
Marsiling,Mayflower,26
Marsiling,Mountbatten,59
Marsiling,Napier,41
Marsiling,Newton,39
Marsiling,Nicoll Highway,61
Marsiling,Novena,37
Marsiling,Orchard,41
Marsiling,Orchard Boulevard,42
Marsiling,Outram Park,50
Marsiling,Pasir Panjang,56
Marsiling,Pasir Ris,79
Marsiling,Paya Lebar,54
Marsiling,Pioneer,40
Marsiling,Potong Pasir,55
Marsiling,Promenade,53
Marsiling,Punggol,62
Marsiling,Punggol Coast,64
Marsiling,Queenstown,43
Marsiling,Raffles Place,49
Marsiling,Redhill,46
Marsiling,Rochor,49
Marsiling,Sembawang,13
Marsiling,Sengkang,60
Marsiling,Serangoon,44
Marsiling,Shenton Way,53
Marsiling,Siglap,70
Marsiling,Simei,74
Marsiling,Sixth Avenue,49
Marsiling,Somerset,43
Marsiling,Springleaf,21
Marsiling,Stadium,61
Marsiling,Stevens,38
Marsiling,Tai Seng,50
Marsiling,Tampines,68
Marsiling,Tampines East,70
Marsiling,Tampines West,66
Marsiling,Tan Kah Kee,47
Marsiling,Tanah Merah,70
Marsiling,Tanjong Katong,65
Marsiling,Tanjong Pagar,53
Marsiling,Tanjong Rhu,61
Marsiling,Telok Ayer,58
Marsiling,Telok Blangah,60
Marsiling,Tiong Bahru,48
Marsiling,Toa Payoh,35
Marsiling,Tuas Crescent,49
Marsiling,Tuas Link,53
Marsiling,Tuas West Road,51
Marsiling,Ubi,58
Marsiling,Upper Changi,74
Marsiling,Upper Thomson,31
Marsiling,Woodlands,6
Marsiling,Woodlands North,17
Marsiling,Woodlands South,16
Marsiling,Woodleigh,53
Marsiling,Yew Tee,14
Marsiling,Yio Chu Kang,25
Marsiling,Yishun,18
Marsiling,one-north,49
Marymount,Admiralty,35
Marymount,Aljunied,31
Marymount,Ang Mo Kio,17
Marymount,Bartley,16
Marymount,Bayfront,31
Marymount,Bayshore,52
Marymount,Beauty World,26
Marymount,Bedok,36
Marymount,Bedok North,31
Marymount,Bedok Reservoir,33
Marymount,Bencoolen,35
Marymount,Bendemeer,31
Marymount,Bishan,8
Marymount,Boon Keng,26
Marymount,Boon Lay,43
Marymount,Botanic Gardens,12
Marymount,Braddell,16
Marymount,Bras Basah,37
Marymount,Bright Hill,19
Marymount,Buangkok,27
Marymount,Bugis,28
Marymount,Bukit Batok,42
Marymount,Bukit Gombak,44
Marymount,Bukit Panjang,35
Marymount,Buona Vista,19
Marymount,Caldecott,7
Marymount,Canberra,30
Marymount,Cashew,33
Marymount,Changi Airport,57
Marymount,Chinatown,36
Marymount,Chinese Garden,37
Marymount,Choa Chu Kang,49
Marymount,City Hall,30
Marymount,Clarke Quay,34
Marymount,Clementi,30
Marymount,Commonwealth,28
Marymount,Dakota,26
Marymount,Dhoby Ghaut,28
Marymount,Dover,28
Marymount,Downtown,33
Marymount,Esplanade,36
Marymount,Eunos,31
Marymount,Expo,44
Marymount,Farrer Park,28
Marymount,Farrer Road,15
Marymount,Fort Canning,36
Marymount,Gardens by the Bay,37
Marymount,Geylang Bahru,29
Marymount,Great World,26
Marymount,Gul Circle,50
Marymount,HarbourFront,35
Marymount,Havelock,27
Marymount,Haw Par Villa,26
Marymount,Hillview,32
Marymount,Holland Village,17
Marymount,Hougang,25
Marymount,Hume,28
Marymount,Jalan Besar,33
Marymount,Joo Koon,48
Marymount,Jurong East,35
Marymount,Kaki Bukit,29
Marymount,Kallang,34
Marymount,Katong Park,43
Marymount,Kembangan,33
Marymount,Kent Ridge,24
Marymount,Khatib,25
Marymount,King Albert Park,24
Marymount,Kovan,22
Marymount,Kranji,45
Marymount,Labrador Park,31
Marymount,Lakeside,39
Marymount,Lavender,36
Marymount,Lentor,24
Marymount,Little India,25
Marymount,Lorong Chuan,11
Marymount,MacPherson,20
Marymount,Marina Bay,34
Marymount,Marina South Pier,36
Marymount,Marine Parade,46
Marymount,Marine Terrace,48
Marymount,Marsiling,42
Marymount,Marymount,0
Marymount,Mattar,27
Marymount,Maxwell,31
Marymount,Mayflower,21
Marymount,Mountbatten,28
Marymount,Napier,20
Marymount,Newton,22
Marymount,Nicoll Highway,32
Marymount,Novena,20
Marymount,Orchard,24
Marymount,Orchard Boulevard,22
Marymount,Outram Park,29
Marymount,Pasir Panjang,28
Marymount,Pasir Ris,48
Marymount,Paya Lebar,23
Marymount,Pioneer,44
Marymount,Potong Pasir,24
Marymount,Promenade,29
Marymount,Punggol,31
Marymount,Punggol Coast,33
Marymount,Queenstown,30
Marymount,Raffles Place,32
Marymount,Redhill,32
Marymount,Rochor,26
Marymount,Sembawang,32
Marymount,Sengkang,29
Marymount,Serangoon,13
Marymount,Shenton Way,33
Marymount,Siglap,50
Marymount,Simei,43
Marymount,Sixth Avenue,22
Marymount,Somerset,26
Marymount,Springleaf,27
Marymount,Stadium,30
Marymount,Stevens,18
Marymount,Tai Seng,18
Marymount,Tampines,37
Marymount,Tampines East,39
Marymount,Tampines West,35
Marymount,Tan Kah Kee,20
Marymount,Tanah Merah,39
Marymount,Tanjong Katong,45
Marymount,Tanjong Pagar,38
Marymount,Tanjong Rhu,41
Marymount,Telok Ayer,35
Marymount,Telok Blangah,33
Marymount,Tiong Bahru,34
Marymount,Toa Payoh,18
Marymount,Tuas Crescent,53
Marymount,Tuas Link,57
Marymount,Tuas West Road,55
Marymount,Ubi,27
Marymount,Upper Changi,42
Marymount,Upper Thomson,17
Marymount,Woodlands,33
Marymount,Woodlands North,36
Marymount,Woodlands South,31
Marymount,Woodleigh,22
Marymount,Yew Tee,51
Marymount,Yio Chu Kang,20
Marymount,Yishun,27
Marymount,one-north,22
Mattar,Admiralty,52
Mattar,Aljunied,22
Mattar,Ang Mo Kio,34
Mattar,Bartley,16
Mattar,Bayfront,20
Mattar,Bayshore,51
Mattar,Beauty World,41
Mattar,Bedok,26
Mattar,Bedok North,10
Mattar,Bedok Reservoir,12
Mattar,Bencoolen,11
Mattar,Bendemeer,7
Mattar,Bishan,24
Mattar,Boon Keng,30
Mattar,Boon Lay,56
Mattar,Botanic Gardens,33
Mattar,Braddell,33
Mattar,Bras Basah,29
Mattar,Bright Hill,41
Mattar,Buangkok,33
Mattar,Bugis,24
Mattar,Bukit Batok,56
Mattar,Bukit Gombak,58
Mattar,Bukit Panjang,50
Mattar,Buona Vista,39
Mattar,Caldecott,29
Mattar,Canberra,46
Mattar,Cashew,48
Mattar,Changi Airport,40
Mattar,Chinatown,15
Mattar,Chinese Garden,50
Mattar,Choa Chu Kang,62
Mattar,City Hall,30
Mattar,Clarke Quay,22
Mattar,Clementi,44
Mattar,Commonwealth,37
Mattar,Dakota,16
Mattar,Dhoby Ghaut,24
Mattar,Dover,42
Mattar,Downtown,18
Mattar,Esplanade,27
Mattar,Eunos,22
Mattar,Expo,24
Mattar,Farrer Park,28
Mattar,Farrer Road,37
Mattar,Fort Canning,13
Mattar,Gardens by the Bay,36
Mattar,Geylang Bahru,5
Mattar,Great World,32
Mattar,Gul Circle,64
Mattar,HarbourFront,25
Mattar,Havelock,30
Mattar,Haw Par Villa,41
Mattar,Hillview,46
Mattar,Holland Village,39
Mattar,Hougang,31
Mattar,Hume,43
Mattar,Jalan Besar,9
Mattar,Joo Koon,61
Mattar,Jurong East,48
Mattar,Kaki Bukit,9
Mattar,Kallang,24
Mattar,Katong Park,42
Mattar,Kembangan,24
Mattar,Kent Ridge,44
Mattar,Khatib,41
Mattar,King Albert Park,39
Mattar,Kovan,29
Mattar,Kranji,61
Mattar,Labrador Park,36
Mattar,Lakeside,53
Mattar,Lavender,26
Mattar,Lentor,46
Mattar,Little India,26
Mattar,Lorong Chuan,21
Mattar,MacPherson,5
Mattar,Marina Bay,28
Mattar,Marina South Pier,37
Mattar,Marine Parade,45
Mattar,Marine Terrace,47
Mattar,Marsiling,58
Mattar,Marymount,27
Mattar,Mattar,0
Mattar,Maxwell,30
Mattar,Mayflower,43
Mattar,Mountbatten,18
Mattar,Napier,37
Mattar,Newton,29
Mattar,Nicoll Highway,22
Mattar,Novena,37
Mattar,Orchard,33
Mattar,Orchard Boulevard,36
Mattar,Outram Park,22
Mattar,Pasir Panjang,39
Mattar,Pasir Ris,28
Mattar,Paya Lebar,14
Mattar,Pioneer,58
Mattar,Potong Pasir,30
Mattar,Promenade,22
Mattar,Punggol,38
Mattar,Punggol Coast,40
Mattar,Queenstown,35
Mattar,Raffles Place,32
Mattar,Redhill,33
Mattar,Rochor,25
Mattar,Sembawang,49
Mattar,Sengkang,35
Mattar,Serangoon,19
Mattar,Shenton Way,32
Mattar,Siglap,49
Mattar,Simei,27
Mattar,Sixth Avenue,37
Mattar,Somerset,33
Mattar,Springleaf,49
Mattar,Stadium,20
Mattar,Stevens,31
Mattar,Tai Seng,14
Mattar,Tampines,17
Mattar,Tampines East,19
Mattar,Tampines West,15
Mattar,Tan Kah Kee,35
Mattar,Tanah Merah,29
Mattar,Tanjong Katong,44
Mattar,Tanjong Pagar,30
Mattar,Tanjong Rhu,40
Mattar,Telok Ayer,17
Mattar,Telok Blangah,35
Mattar,Tiong Bahru,31
Mattar,Toa Payoh,34
Mattar,Tuas Crescent,66
Mattar,Tuas Link,71
Mattar,Tuas West Road,68
Mattar,Ubi,7
Mattar,Upper Changi,22
Mattar,Upper Thomson,39
Mattar,Woodlands,54
Mattar,Woodlands North,58
Mattar,Woodlands South,53
Mattar,Woodleigh,28
Mattar,Yew Tee,64
Mattar,Yio Chu Kang,36
Mattar,Yishun,43
Mattar,one-north,44
Maxwell,Admiralty,48
Maxwell,Aljunied,27
Maxwell,Ang Mo Kio,30
Maxwell,Bartley,41
Maxwell,Bayfront,17
Maxwell,Bayshore,24
Maxwell,Beauty World,31
Maxwell,Bedok,36
Maxwell,Bedok North,37
Maxwell,Bedok Reservoir,39
Maxwell,Bencoolen,22
Maxwell,Bendemeer,26
Maxwell,Bishan,27
Maxwell,Boon Keng,23
Maxwell,Boon Lay,39
Maxwell,Botanic Gardens,24
Maxwell,Braddell,24
Maxwell,Bras Basah,26
Maxwell,Bright Hill,26
Maxwell,Buangkok,37
Maxwell,Bugis,20
Maxwell,Bukit Batok,39
Maxwell,Bukit Gombak,41
Maxwell,Bukit Panjang,40
Maxwell,Buona Vista,22
Maxwell,Caldecott,20
Maxwell,Canberra,42
Maxwell,Cashew,38
Maxwell,Changi Airport,56
Maxwell,Chinatown,13
Maxwell,Chinese Garden,34
Maxwell,Choa Chu Kang,45
Maxwell,City Hall,17
Maxwell,Clarke Quay,15
Maxwell,Clementi,27
Maxwell,Commonwealth,20
Maxwell,Dakota,33
Maxwell,Dhoby Ghaut,17
Maxwell,Dover,25
Maxwell,Downtown,21
Maxwell,Esplanade,27
Maxwell,Eunos,31
Maxwell,Expo,50
Maxwell,Farrer Park,21
Maxwell,Farrer Road,34
Maxwell,Fort Canning,21
Maxwell,Gardens by the Bay,9
Maxwell,Geylang Bahru,28
Maxwell,Great World,8
Maxwell,Gul Circle,47
Maxwell,HarbourFront,15
Maxwell,Havelock,7
Maxwell,Haw Par Villa,31
Maxwell,Hillview,37
Maxwell,Holland Village,33
Maxwell,Hougang,34
Maxwell,Hume,33
Maxwell,Jalan Besar,24
Maxwell,Joo Koon,44
Maxwell,Jurong East,31
Maxwell,Kaki Bukit,35
Maxwell,Kallang,24
Maxwell,Katong Park,15
Maxwell,Kembangan,33
Maxwell,Kent Ridge,33
Maxwell,Khatib,37
Maxwell,King Albert Park,29
Maxwell,Kovan,32
Maxwell,Kranji,55
Maxwell,Labrador Park,26
Maxwell,Lakeside,36
Maxwell,Lavender,22
Maxwell,Lentor,31
Maxwell,Little India,19
Maxwell,Lorong Chuan,37
Maxwell,MacPherson,31
Maxwell,Marina Bay,6
Maxwell,Marina South Pier,15
Maxwell,Marine Parade,18
Maxwell,Marine Terrace,20
Maxwell,Marsiling,52
Maxwell,Marymount,31
Maxwell,Mattar,30
Maxwell,Maxwell,0
Maxwell,Mayflower,28
Maxwell,Mountbatten,31
Maxwell,Napier,14
Maxwell,Newton,18
Maxwell,Nicoll Highway,27
Maxwell,Novena,20
Maxwell,Orchard,10
Maxwell,Orchard Boulevard,12
Maxwell,Outram Park,5
Maxwell,Pasir Panjang,28
Maxwell,Pasir Ris,48
Maxwell,Paya Lebar,29
Maxwell,Pioneer,41
Maxwell,Potong Pasir,26
Maxwell,Promenade,19
Maxwell,Punggol,41
Maxwell,Punggol Coast,43
Maxwell,Queenstown,18
Maxwell,Raffles Place,14
Maxwell,Redhill,16
Maxwell,Rochor,26
Maxwell,Sembawang,45
Maxwell,Sengkang,38
Maxwell,Serangoon,30
Maxwell,Shenton Way,5
Maxwell,Siglap,22
Maxwell,Simei,43
Maxwell,Sixth Avenue,27
Maxwell,Somerset,18
Maxwell,Springleaf,34
Maxwell,Stadium,29
Maxwell,Stevens,16
Maxwell,Tai Seng,40
Maxwell,Tampines,43
Maxwell,Tampines East,45
Maxwell,Tampines West,41
Maxwell,Tan Kah Kee,25
Maxwell,Tanah Merah,38
Maxwell,Tanjong Katong,17
Maxwell,Tanjong Pagar,13
Maxwell,Tanjong Rhu,13
Maxwell,Telok Ayer,20
Maxwell,Telok Blangah,24
Maxwell,Tiong Bahru,14
Maxwell,Toa Payoh,23
Maxwell,Tuas Crescent,49
Maxwell,Tuas Link,54
Maxwell,Tuas West Road,52
Maxwell,Ubi,34
Maxwell,Upper Changi,49
Maxwell,Upper Thomson,24
Maxwell,Woodlands,40
Maxwell,Woodlands North,43
Maxwell,Woodlands South,38
Maxwell,Woodleigh,27
Maxwell,Yew Tee,47
Maxwell,Yio Chu Kang,32
Maxwell,Yishun,39
Maxwell,one-north,32
Mayflower,Admiralty,26
Mayflower,Aljunied,42
Mayflower,Ang Mo Kio,34
Mayflower,Bartley,32
Mayflower,Bayfront,32
Mayflower,Bayshore,49
Mayflower,Beauty World,30
Mayflower,Bedok,51
Mayflower,Bedok North,47
Mayflower,Bedok Reservoir,49
Mayflower,Bencoolen,41
Mayflower,Bendemeer,45
Mayflower,Bishan,24
Mayflower,Boon Keng,35
Mayflower,Boon Lay,55
Mayflower,Botanic Gardens,22
Mayflower,Braddell,33
Mayflower,Bras Basah,40
Mayflower,Bright Hill,5
Mayflower,Buangkok,43
Mayflower,Bugis,28
Mayflower,Bukit Batok,46
Mayflower,Bukit Gombak,44
Mayflower,Bukit Panjang,39
Mayflower,Buona Vista,31
Mayflower,Caldecott,11
Mayflower,Canberra,31
Mayflower,Cashew,37
Mayflower,Changi Airport,72
Mayflower,Chinatown,35
Mayflower,Chinese Garden,49
Mayflower,Choa Chu Kang,40
Mayflower,City Hall,33
Mayflower,Clarke Quay,35
Mayflower,Clementi,42
Mayflower,Commonwealth,40
Mayflower,Dakota,42
Mayflower,Dhoby Ghaut,31
Mayflower,Dover,40
Mayflower,Downtown,34
Mayflower,Esplanade,39
Mayflower,Eunos,46
Mayflower,Expo,60
Mayflower,Farrer Park,33
Mayflower,Farrer Road,27
Mayflower,Fort Canning,39
Mayflower,Gardens by the Bay,34
Mayflower,Geylang Bahru,45
Mayflower,Great World,23
Mayflower,Gul Circle,62
Mayflower,HarbourFront,37
Mayflower,Havelock,25
Mayflower,Haw Par Villa,38
Mayflower,Hillview,36
Mayflower,Holland Village,29
Mayflower,Hougang,41
Mayflower,Hume,32
Mayflower,Jalan Besar,42
Mayflower,Joo Koon,60
Mayflower,Jurong East,47
Mayflower,Kaki Bukit,46
Mayflower,Kallang,39
Mayflower,Katong Park,40
Mayflower,Kembangan,48
Mayflower,Kent Ridge,35
Mayflower,Khatib,36
Mayflower,King Albert Park,28
Mayflower,Kovan,39
Mayflower,Kranji,30
Mayflower,Labrador Park,43
Mayflower,Lakeside,51
Mayflower,Lavender,37
Mayflower,Lentor,6
Mayflower,Little India,25
Mayflower,Lorong Chuan,27
Mayflower,MacPherson,37
Mayflower,Marina Bay,32
Mayflower,Marina South Pier,40
Mayflower,Marine Parade,43
Mayflower,Marine Terrace,45
Mayflower,Marsiling,26
Mayflower,Marymount,21
Mayflower,Mattar,43
Mayflower,Maxwell,28
Mayflower,Mayflower,0
Mayflower,Mountbatten,42
Mayflower,Napier,18
Mayflower,Newton,23
Mayflower,Nicoll Highway,38
Mayflower,Novena,32
Mayflower,Orchard,21
Mayflower,Orchard Boulevard,19
Mayflower,Outram Park,27
Mayflower,Pasir Panjang,40
Mayflower,Pasir Ris,63
Mayflower,Paya Lebar,39
Mayflower,Pioneer,56
Mayflower,Potong Pasir,37
Mayflower,Promenade,30
Mayflower,Punggol,48
Mayflower,Punggol Coast,50
Mayflower,Queenstown,40
Mayflower,Raffles Place,35
Mayflower,Redhill,38
Mayflower,Rochor,26
Mayflower,Sembawang,29
Mayflower,Sengkang,45
Mayflower,Serangoon,29
Mayflower,Shenton Way,30
Mayflower,Siglap,47
Mayflower,Simei,58
Mayflower,Sixth Avenue,26
Mayflower,Somerset,29
Mayflower,Springleaf,9
Mayflower,Stadium,41
Mayflower,Stevens,15
Mayflower,Tai Seng,35
Mayflower,Tampines,53
Mayflower,Tampines East,56
Mayflower,Tampines West,51
Mayflower,Tan Kah Kee,24
Mayflower,Tanah Merah,53
Mayflower,Tanjong Katong,42
Mayflower,Tanjong Pagar,35
Mayflower,Tanjong Rhu,38
Mayflower,Telok Ayer,35
Mayflower,Telok Blangah,45
Mayflower,Tiong Bahru,36
Mayflower,Toa Payoh,34
Mayflower,Tuas Crescent,65
Mayflower,Tuas Link,69
Mayflower,Tuas West Road,67
Mayflower,Ubi,44
Mayflower,Upper Changi,59
Mayflower,Upper Thomson,8
Mayflower,Woodlands,15
Mayflower,Woodlands North,18
Mayflower,Woodlands South,13
Mayflower,Woodleigh,38
Mayflower,Yew Tee,37
Mayflower,Yio Chu Kang,36
Mayflower,Yishun,34
Mayflower,one-north,34
Mountbatten,Admiralty,52
Mountbatten,Aljunied,17
Mountbatten,Ang Mo Kio,34
Mountbatten,Bartley,17
Mountbatten,Bayfront,18
Mountbatten,Bayshore,45
Mountbatten,Beauty World,35
Mountbatten,Bedok,22
Mountbatten,Bedok North,22
Mountbatten,Bedok Reservoir,24
Mountbatten,Bencoolen,26
Mountbatten,Bendemeer,22
Mountbatten,Bishan,25
Mountbatten,Boon Keng,29
Mountbatten,Boon Lay,61
Mountbatten,Botanic Gardens,27
Mountbatten,Braddell,33
Mountbatten,Bras Basah,16
Mountbatten,Bright Hill,40
Mountbatten,Buangkok,34
Mountbatten,Bugis,18
Mountbatten,Bukit Batok,60
Mountbatten,Bukit Gombak,62
Mountbatten,Bukit Panjang,44
Mountbatten,Buona Vista,42
Mountbatten,Caldecott,30
Mountbatten,Canberra,47
Mountbatten,Cashew,42
Mountbatten,Changi Airport,43
Mountbatten,Chinatown,23
Mountbatten,Chinese Garden,55
Mountbatten,Choa Chu Kang,60
Mountbatten,City Hall,25
Mountbatten,Clarke Quay,26
Mountbatten,Clementi,49
Mountbatten,Commonwealth,42
Mountbatten,Dakota,7
Mountbatten,Dhoby Ghaut,18
Mountbatten,Dover,46
Mountbatten,Downtown,20
Mountbatten,Esplanade,14
Mountbatten,Eunos,17
Mountbatten,Expo,35
Mountbatten,Farrer Park,27
Mountbatten,Farrer Road,37
Mountbatten,Fort Canning,26
Mountbatten,Gardens by the Bay,30
Mountbatten,Geylang Bahru,20
Mountbatten,Great World,35
Mountbatten,Gul Circle,69
Mountbatten,HarbourFront,32
Mountbatten,Havelock,34
Mountbatten,Haw Par Villa,48
Mountbatten,Hillview,40
Mountbatten,Holland Village,40
Mountbatten,Hougang,32
Mountbatten,Hume,37
Mountbatten,Jalan Besar,24
Mountbatten,Joo Koon,66
Mountbatten,Jurong East,53
Mountbatten,Kaki Bukit,20
Mountbatten,Kallang,20
Mountbatten,Katong Park,36
Mountbatten,Kembangan,19
Mountbatten,Kent Ridge,46
Mountbatten,Khatib,42
Mountbatten,King Albert Park,33
Mountbatten,Kovan,29
Mountbatten,Kranji,62
Mountbatten,Labrador Park,44
Mountbatten,Lakeside,57
Mountbatten,Lavender,22
Mountbatten,Lentor,45
Mountbatten,Little India,21
Mountbatten,Lorong Chuan,22
Mountbatten,MacPherson,12
Mountbatten,Marina Bay,22
Mountbatten,Marina South Pier,30
Mountbatten,Marine Parade,39
Mountbatten,Marine Terrace,41
Mountbatten,Marsiling,59
Mountbatten,Marymount,28
Mountbatten,Mattar,18
Mountbatten,Maxwell,31
Mountbatten,Mayflower,42
Mountbatten,Mountbatten,0
Mountbatten,Napier,33
Mountbatten,Newton,23
Mountbatten,Nicoll Highway,9
Mountbatten,Novena,31
Mountbatten,Orchard,27
Mountbatten,Orchard Boulevard,34
Mountbatten,Outram Park,29
Mountbatten,Pasir Panjang,46
Mountbatten,Pasir Ris,35
Mountbatten,Paya Lebar,9
Mountbatten,Pioneer,62
Mountbatten,Potong Pasir,31
Mountbatten,Promenade,11
Mountbatten,Punggol,38
Mountbatten,Punggol Coast,40
Mountbatten,Queenstown,40
Mountbatten,Raffles Place,28
Mountbatten,Redhill,38
Mountbatten,Rochor,20
Mountbatten,Sembawang,49
Mountbatten,Sengkang,36
Mountbatten,Serangoon,20
Mountbatten,Shenton Way,29
Mountbatten,Siglap,43
Mountbatten,Simei,29
Mountbatten,Sixth Avenue,31
Mountbatten,Somerset,25
Mountbatten,Springleaf,48
Mountbatten,Stadium,7
Mountbatten,Stevens,25
Mountbatten,Tai Seng,14
Mountbatten,Tampines,28
Mountbatten,Tampines East,30
Mountbatten,Tampines West,26
Mountbatten,Tan Kah Kee,29
Mountbatten,Tanah Merah,25
Mountbatten,Tanjong Katong,38
Mountbatten,Tanjong Pagar,31
Mountbatten,Tanjong Rhu,34
Mountbatten,Telok Ayer,22
Mountbatten,Telok Blangah,42
Mountbatten,Tiong Bahru,36
Mountbatten,Toa Payoh,33
Mountbatten,Tuas Crescent,71
Mountbatten,Tuas Link,75
Mountbatten,Tuas West Road,73
Mountbatten,Ubi,18
Mountbatten,Upper Changi,34
Mountbatten,Upper Thomson,38
Mountbatten,Woodlands,54
Mountbatten,Woodlands North,57
Mountbatten,Woodlands South,52
Mountbatten,Woodleigh,29
Mountbatten,Yew Tee,66
Mountbatten,Yio Chu Kang,37
Mountbatten,Yishun,44
Mountbatten,one-north,44
Napier,Admiralty,40
Napier,Aljunied,31
Napier,Ang Mo Kio,26
Napier,Bartley,31
Napier,Bayfront,22
Napier,Bayshore,35
Napier,Beauty World,21
Napier,Bedok,40
Napier,Bedok North,44
Napier,Bedok Reservoir,46
Napier,Bencoolen,30
Napier,Bendemeer,34
Napier,Bishan,23
Napier,Boon Keng,25
Napier,Boon Lay,47
Napier,Botanic Gardens,13
Napier,Braddell,21
Napier,Bras Basah,26
Napier,Bright Hill,16
Napier,Buangkok,39
Napier,Bugis,18
Napier,Bukit Batok,46
Napier,Bukit Gombak,48
Napier,Bukit Panjang,30
Napier,Buona Vista,28
Napier,Caldecott,10
Napier,Canberra,39
Napier,Cashew,28
Napier,Changi Airport,61
Napier,Chinatown,21
Napier,Chinese Garden,41
Napier,Choa Chu Kang,45
Napier,City Hall,18
Napier,Clarke Quay,22
Napier,Clementi,34
Napier,Commonwealth,28
Napier,Dakota,35
Napier,Dhoby Ghaut,16
Napier,Dover,32
Napier,Downtown,24
Napier,Esplanade,28
Napier,Eunos,35
Napier,Expo,55
Napier,Farrer Park,23
Napier,Farrer Road,23
Napier,Fort Canning,28
Napier,Gardens by the Bay,20
Napier,Geylang Bahru,36
Napier,Great World,9
Napier,Gul Circle,54
Napier,HarbourFront,22
Napier,Havelock,10
Napier,Haw Par Villa,34
Napier,Hillview,26
Napier,Holland Village,26
Napier,Hougang,37
Napier,Hume,23
Napier,Jalan Besar,31
Napier,Joo Koon,51
Napier,Jurong East,38
Napier,Kaki Bukit,43
Napier,Kallang,29
Napier,Katong Park,26
Napier,Kembangan,37
Napier,Kent Ridge,32
Napier,Khatib,34
Napier,King Albert Park,19
Napier,Kovan,34
Napier,Kranji,44
Napier,Labrador Park,33
Napier,Lakeside,43
Napier,Lavender,27
Napier,Lentor,20
Napier,Little India,15
Napier,Lorong Chuan,26
Napier,MacPherson,36
Napier,Marina Bay,17
Napier,Marina South Pier,25
Napier,Marine Parade,29
Napier,Marine Terrace,31
Napier,Marsiling,41
Napier,Marymount,20
Napier,Mattar,37
Napier,Maxwell,14
Napier,Mayflower,18
Napier,Mountbatten,33
Napier,Napier,0
Napier,Newton,13
Napier,Nicoll Highway,29
Napier,Novena,17
Napier,Orchard,7
Napier,Orchard Boulevard,5
Napier,Outram Park,12
Napier,Pasir Panjang,36
Napier,Pasir Ris,53
Napier,Paya Lebar,33
Napier,Pioneer,48
Napier,Potong Pasir,28
Napier,Promenade,20
Napier,Punggol,43
Napier,Punggol Coast,45
Napier,Queenstown,26
Napier,Raffles Place,21
Napier,Redhill,23
Napier,Rochor,17
Napier,Sembawang,41
Napier,Sengkang,41
Napier,Serangoon,28
Napier,Shenton Way,16
Napier,Siglap,33
Napier,Simei,47
Napier,Sixth Avenue,17
Napier,Somerset,15
Napier,Springleaf,23
Napier,Stadium,31
Napier,Stevens,6
Napier,Tai Seng,34
Napier,Tampines,49
Napier,Tampines East,53
Napier,Tampines West,48
Napier,Tan Kah Kee,15
Napier,Tanah Merah,43
Napier,Tanjong Katong,28
Napier,Tanjong Pagar,21
Napier,Tanjong Rhu,24
Napier,Telok Ayer,26
Napier,Telok Blangah,31
Napier,Tiong Bahru,21
Napier,Toa Payoh,19
Napier,Tuas Crescent,57
Napier,Tuas Link,61
Napier,Tuas West Road,59
Napier,Ubi,41
Napier,Upper Changi,56
Napier,Upper Thomson,13
Napier,Woodlands,30
Napier,Woodlands North,32
Napier,Woodlands South,28
Napier,Woodleigh,30
Napier,Yew Tee,52
Napier,Yio Chu Kang,29
Napier,Yishun,36
Napier,one-north,30
Newton,Admiralty,33
Newton,Aljunied,22
Newton,Ang Mo Kio,15
Newton,Bartley,28
Newton,Bayfront,12
Newton,Bayshore,39
Newton,Beauty World,15
Newton,Bedok,31
Newton,Bedok North,36
Newton,Bedok Reservoir,38
Newton,Bencoolen,21
Newton,Bendemeer,25
Newton,Bishan,11
Newton,Boon Keng,16
Newton,Boon Lay,46
Newton,Botanic Gardens,8
Newton,Braddell,9
Newton,Bras Basah,18
Newton,Bright Hill,21
Newton,Buangkok,29
Newton,Bugis,9
Newton,Bukit Batok,46
Newton,Bukit Gombak,48
Newton,Bukit Panjang,24
Newton,Buona Vista,22
Newton,Caldecott,15
Newton,Canberra,27
Newton,Cashew,22
Newton,Changi Airport,52
Newton,Chinatown,17
Newton,Chinese Garden,40
Newton,Choa Chu Kang,40
Newton,City Hall,11
Newton,Clarke Quay,16
Newton,Clementi,34
Newton,Commonwealth,30
Newton,Dakota,25
Newton,Dhoby Ghaut,9
Newton,Dover,31
Newton,Downtown,14
Newton,Esplanade,19
Newton,Eunos,26
Newton,Expo,47
Newton,Farrer Park,13
Newton,Farrer Road,18
Newton,Fort Canning,20
Newton,Gardens by the Bay,24
Newton,Geylang Bahru,27
Newton,Great World,13
Newton,Gul Circle,54
Newton,HarbourFront,23
Newton,Havelock,15
Newton,Haw Par Villa,29
Newton,Hillview,21
Newton,Holland Village,20
Newton,Hougang,27
Newton,Hume,17
Newton,Jalan Besar,23
Newton,Joo Koon,51
Newton,Jurong East,38
Newton,Kaki Bukit,34
Newton,Kallang,20
Newton,Katong Park,30
Newton,Kembangan,28
Newton,Kent Ridge,27
Newton,Khatib,22
Newton,King Albert Park,13
Newton,Kovan,24
Newton,Kranji,42
Newton,Labrador Park,34
Newton,Lakeside,42
Newton,Lavender,18
Newton,Lentor,25
Newton,Little India,6
Newton,Lorong Chuan,22
Newton,MacPherson,30
Newton,Marina Bay,15
Newton,Marina South Pier,17
Newton,Marine Parade,33
Newton,Marine Terrace,35
Newton,Marsiling,39
Newton,Marymount,22
Newton,Mattar,29
Newton,Maxwell,18
Newton,Mayflower,23
Newton,Mountbatten,23
Newton,Napier,13
Newton,Newton,0
Newton,Nicoll Highway,19
Newton,Novena,5
Newton,Orchard,5
Newton,Orchard Boulevard,13
Newton,Outram Park,16
Newton,Pasir Panjang,31
Newton,Pasir Ris,44
Newton,Paya Lebar,24
Newton,Pioneer,48
Newton,Potong Pasir,18
Newton,Promenade,10
Newton,Punggol,34
Newton,Punggol Coast,36
Newton,Queenstown,28
Newton,Raffles Place,13
Newton,Redhill,26
Newton,Rochor,7
Newton,Sembawang,29
Newton,Sengkang,31
Newton,Serangoon,22
Newton,Shenton Way,20
Newton,Siglap,37
Newton,Simei,38
Newton,Sixth Avenue,11
Newton,Somerset,7
Newton,Springleaf,28
Newton,Stadium,21
Newton,Stevens,6
Newton,Tai Seng,30
Newton,Tampines,41
Newton,Tampines East,44
Newton,Tampines West,40
Newton,Tan Kah Kee,9
Newton,Tanah Merah,34
Newton,Tanjong Katong,32
Newton,Tanjong Pagar,19
Newton,Tanjong Rhu,28
Newton,Telok Ayer,16
Newton,Telok Blangah,32
Newton,Tiong Bahru,24
Newton,Toa Payoh,7
Newton,Tuas Crescent,56
Newton,Tuas Link,60
Newton,Tuas West Road,58
Newton,Ubi,33
Newton,Upper Changi,48
Newton,Upper Thomson,18
Newton,Woodlands,35
Newton,Woodlands North,37
Newton,Woodlands South,33
Newton,Woodleigh,20
Newton,Yew Tee,46
Newton,Yio Chu Kang,17
Newton,Yishun,24
Newton,one-north,25
Nicoll Highway,Admiralty,54
Nicoll Highway,Aljunied,22
Nicoll Highway,Ang Mo Kio,36
Nicoll Highway,Bartley,21
Nicoll Highway,Bayfront,14
Nicoll Highway,Bayshore,41
Nicoll Highway,Beauty World,31
Nicoll Highway,Bedok,26
Nicoll Highway,Bedok North,26
Nicoll Highway,Bedok Reservoir,28
Nicoll Highway,Bencoolen,23
Nicoll Highway,Bendemeer,26
Nicoll Highway,Bishan,29
Nicoll Highway,Boon Keng,25
Nicoll Highway,Boon Lay,58
Nicoll Highway,Botanic Gardens,23
Nicoll Highway,Braddell,31
Nicoll Highway,Bras Basah,12
Nicoll Highway,Bright Hill,36
Nicoll Highway,Buangkok,38
Nicoll Highway,Bugis,14
Nicoll Highway,Bukit Batok,58
Nicoll Highway,Bukit Gombak,60
Nicoll Highway,Bukit Panjang,40
Nicoll Highway,Buona Vista,38
Nicoll Highway,Caldecott,30
Nicoll Highway,Canberra,49
Nicoll Highway,Cashew,38
Nicoll Highway,Changi Airport,47
Nicoll Highway,Chinatown,19
Nicoll Highway,Chinese Garden,53
Nicoll Highway,Choa Chu Kang,55
Nicoll Highway,City Hall,21
Nicoll Highway,Clarke Quay,22
Nicoll Highway,Clementi,46
Nicoll Highway,Commonwealth,39
Nicoll Highway,Dakota,11
Nicoll Highway,Dhoby Ghaut,14
Nicoll Highway,Dover,44
Nicoll Highway,Downtown,16
Nicoll Highway,Esplanade,10
Nicoll Highway,Eunos,21
Nicoll Highway,Expo,39
Nicoll Highway,Farrer Park,23
Nicoll Highway,Farrer Road,33
Nicoll Highway,Fort Canning,22
Nicoll Highway,Gardens by the Bay,26
Nicoll Highway,Geylang Bahru,24
Nicoll Highway,Great World,31
Nicoll Highway,Gul Circle,66
Nicoll Highway,HarbourFront,28
Nicoll Highway,Havelock,30
Nicoll Highway,Haw Par Villa,44
Nicoll Highway,Hillview,36
Nicoll Highway,Holland Village,36
Nicoll Highway,Hougang,36
Nicoll Highway,Hume,33
Nicoll Highway,Jalan Besar,25
Nicoll Highway,Joo Koon,63
Nicoll Highway,Jurong East,50
Nicoll Highway,Kaki Bukit,24
Nicoll Highway,Kallang,24
Nicoll Highway,Katong Park,32
Nicoll Highway,Kembangan,23
Nicoll Highway,Kent Ridge,42
Nicoll Highway,Khatib,44
Nicoll Highway,King Albert Park,29
Nicoll Highway,Kovan,33
Nicoll Highway,Kranji,64
Nicoll Highway,Labrador Park,40
Nicoll Highway,Lakeside,55
Nicoll Highway,Lavender,23
Nicoll Highway,Lentor,41
Nicoll Highway,Little India,17
Nicoll Highway,Lorong Chuan,26
Nicoll Highway,MacPherson,16
Nicoll Highway,Marina Bay,18
Nicoll Highway,Marina South Pier,26
Nicoll Highway,Marine Parade,35
Nicoll Highway,Marine Terrace,37
Nicoll Highway,Marsiling,61
Nicoll Highway,Marymount,32
Nicoll Highway,Mattar,22
Nicoll Highway,Maxwell,27
Nicoll Highway,Mayflower,38
Nicoll Highway,Mountbatten,9
Nicoll Highway,Napier,29
Nicoll Highway,Newton,19
Nicoll Highway,Nicoll Highway,0
Nicoll Highway,Novena,27
Nicoll Highway,Orchard,23
Nicoll Highway,Orchard Boulevard,30
Nicoll Highway,Outram Park,25
Nicoll Highway,Pasir Panjang,42
Nicoll Highway,Pasir Ris,39
Nicoll Highway,Paya Lebar,13
Nicoll Highway,Pioneer,60
Nicoll Highway,Potong Pasir,28
Nicoll Highway,Promenade,7
Nicoll Highway,Punggol,42
Nicoll Highway,Punggol Coast,44
Nicoll Highway,Queenstown,37
Nicoll Highway,Raffles Place,24
Nicoll Highway,Redhill,35
Nicoll Highway,Rochor,16
Nicoll Highway,Sembawang,51
Nicoll Highway,Sengkang,40
Nicoll Highway,Serangoon,24
Nicoll Highway,Shenton Way,25
Nicoll Highway,Siglap,39
Nicoll Highway,Simei,33
Nicoll Highway,Sixth Avenue,27
Nicoll Highway,Somerset,21
Nicoll Highway,Springleaf,44
Nicoll Highway,Stadium,7
Nicoll Highway,Stevens,21
Nicoll Highway,Tai Seng,18
Nicoll Highway,Tampines,32
Nicoll Highway,Tampines East,34
Nicoll Highway,Tampines West,30
Nicoll Highway,Tan Kah Kee,25
Nicoll Highway,Tanah Merah,29
Nicoll Highway,Tanjong Katong,34
Nicoll Highway,Tanjong Pagar,28
Nicoll Highway,Tanjong Rhu,30
Nicoll Highway,Telok Ayer,18
Nicoll Highway,Telok Blangah,38
Nicoll Highway,Tiong Bahru,33
Nicoll Highway,Toa Payoh,29
Nicoll Highway,Tuas Crescent,68
Nicoll Highway,Tuas Link,73
Nicoll Highway,Tuas West Road,71
Nicoll Highway,Ubi,23
Nicoll Highway,Upper Changi,38
Nicoll Highway,Upper Thomson,34
Nicoll Highway,Woodlands,50
Nicoll Highway,Woodlands North,53
Nicoll Highway,Woodlands South,48
Nicoll Highway,Woodleigh,29
Nicoll Highway,Yew Tee,62
Nicoll Highway,Yio Chu Kang,39
Nicoll Highway,Yishun,46
Nicoll Highway,one-north,40
Novena,Admiralty,31
Novena,Aljunied,26
Novena,Ang Mo Kio,13
Novena,Bartley,26
Novena,Bayfront,21
Novena,Bayshore,41
Novena,Beauty World,24
Novena,Bedok,34
Novena,Bedok North,40
Novena,Bedok Reservoir,42
Novena,Bencoolen,30
Novena,Bendemeer,34
Novena,Bishan,9
Novena,Boon Keng,24
Novena,Boon Lay,51
Novena,Botanic Gardens,16
Novena,Braddell,7
Novena,Bras Basah,20
Novena,Bright Hill,29
Novena,Buangkok,36
Novena,Bugis,17
Novena,Bukit Batok,51
Novena,Bukit Gombak,53
Novena,Bukit Panjang,33
Novena,Buona Vista,31
Novena,Caldecott,23
Novena,Canberra,25
Novena,Cashew,31
Novena,Changi Airport,55
Novena,Chinatown,22
Novena,Chinese Garden,46
Novena,Choa Chu Kang,49
Novena,City Hall,13
Novena,Clarke Quay,21
Novena,Clementi,39
Novena,Commonwealth,32
Novena,Dakota,33
Novena,Dhoby Ghaut,11
Novena,Dover,37
Novena,Downtown,23
Novena,Esplanade,22
Novena,Eunos,30
Novena,Expo,50
Novena,Farrer Park,22
Novena,Farrer Road,27
Novena,Fort Canning,28
Novena,Gardens by the Bay,26
Novena,Geylang Bahru,36
Novena,Great World,15
Novena,Gul Circle,59
Novena,HarbourFront,28
Novena,Havelock,17
Novena,Haw Par Villa,38
Novena,Hillview,30
Novena,Holland Village,29
Novena,Hougang,34
Novena,Hume,26
Novena,Jalan Besar,32
Novena,Joo Koon,56
Novena,Jurong East,43
Novena,Kaki Bukit,39
Novena,Kallang,23
Novena,Katong Park,32
Novena,Kembangan,32
Novena,Kent Ridge,36
Novena,Khatib,20
Novena,King Albert Park,22
Novena,Kovan,32
Novena,Kranji,40
Novena,Labrador Park,39
Novena,Lakeside,48
Novena,Lavender,21
Novena,Lentor,34
Novena,Little India,14
Novena,Lorong Chuan,20
Novena,MacPherson,30
Novena,Marina Bay,17
Novena,Marina South Pier,19
Novena,Marine Parade,35
Novena,Marine Terrace,37
Novena,Marsiling,37
Novena,Marymount,20
Novena,Mattar,37
Novena,Maxwell,20
Novena,Mayflower,32
Novena,Mountbatten,31
Novena,Napier,17
Novena,Newton,5
Novena,Nicoll Highway,27
Novena,Novena,0
Novena,Orchard,7
Novena,Orchard Boulevard,15
Novena,Outram Park,18
Novena,Pasir Panjang,40
Novena,Pasir Ris,47
Novena,Paya Lebar,28
Novena,Pioneer,53
Novena,Potong Pasir,27
Novena,Promenade,19
Novena,Punggol,41
Novena,Punggol Coast,43
Novena,Queenstown,30
Novena,Raffles Place,15
Novena,Redhill,28
Novena,Rochor,16
Novena,Sembawang,28
Novena,Sengkang,38
Novena,Serangoon,22
Novena,Shenton Way,22
Novena,Siglap,39
Novena,Simei,42
Novena,Sixth Avenue,20
Novena,Somerset,9
Novena,Springleaf,37
Novena,Stadium,29
Novena,Stevens,14
Novena,Tai Seng,28
Novena,Tampines,44
Novena,Tampines East,49
Novena,Tampines West,44
Novena,Tan Kah Kee,18
Novena,Tanah Merah,37
Novena,Tanjong Katong,34
Novena,Tanjong Pagar,21
Novena,Tanjong Rhu,30
Novena,Telok Ayer,25
Novena,Telok Blangah,37
Novena,Tiong Bahru,26
Novena,Toa Payoh,5
Novena,Tuas Crescent,62
Novena,Tuas Link,66
Novena,Tuas West Road,64
Novena,Ubi,37
Novena,Upper Changi,52
Novena,Upper Thomson,27
Novena,Woodlands,33
Novena,Woodlands North,43
Novena,Woodlands South,41
Novena,Woodleigh,29
Novena,Yew Tee,48
Novena,Yio Chu Kang,15
Novena,Yishun,22
Novena,one-north,34
Orchard,Admiralty,35
Orchard,Aljunied,21
Orchard,Ang Mo Kio,17
Orchard,Bartley,30
Orchard,Bayfront,22
Orchard,Bayshore,31
Orchard,Beauty World,24
Orchard,Bedok,30
Orchard,Bedok North,40
Orchard,Bedok Reservoir,42
Orchard,Bencoolen,26
Orchard,Bendemeer,30
Orchard,Bishan,14
Orchard,Boon Keng,20
Orchard,Boon Lay,43
Orchard,Botanic Gardens,16
Orchard,Braddell,11
Orchard,Bras Basah,16
Orchard,Bright Hill,19
Orchard,Buangkok,34
Orchard,Bugis,15
Orchard,Bukit Batok,42
Orchard,Bukit Gombak,44
Orchard,Bukit Panjang,33
Orchard,Buona Vista,26
Orchard,Caldecott,13
Orchard,Canberra,29
Orchard,Cashew,31
Orchard,Changi Airport,51
Orchard,Chinatown,17
Orchard,Chinese Garden,37
Orchard,Choa Chu Kang,48
Orchard,City Hall,9
Orchard,Clarke Quay,17
Orchard,Clementi,30
Orchard,Commonwealth,24
Orchard,Dakota,29
Orchard,Dhoby Ghaut,7
Orchard,Dover,28
Orchard,Downtown,23
Orchard,Esplanade,18
Orchard,Eunos,26
Orchard,Expo,46
Orchard,Farrer Park,18
Orchard,Farrer Road,26
Orchard,Fort Canning,24
Orchard,Gardens by the Bay,16
Orchard,Geylang Bahru,32
Orchard,Great World,5
Orchard,Gul Circle,50
Orchard,HarbourFront,18
Orchard,Havelock,6
Orchard,Haw Par Villa,34
Orchard,Hillview,29
Orchard,Holland Village,29
Orchard,Hougang,32
Orchard,Hume,26
Orchard,Jalan Besar,28
Orchard,Joo Koon,48
Orchard,Jurong East,35
Orchard,Kaki Bukit,39
Orchard,Kallang,19
Orchard,Katong Park,22
Orchard,Kembangan,28
Orchard,Kent Ridge,35
Orchard,Khatib,24
Orchard,King Albert Park,22
Orchard,Kovan,29
Orchard,Kranji,44
Orchard,Labrador Park,30
Orchard,Lakeside,39
Orchard,Lavender,17
Orchard,Lentor,24
Orchard,Little India,15
Orchard,Lorong Chuan,24
Orchard,MacPherson,33
Orchard,Marina Bay,13
Orchard,Marina South Pier,15
Orchard,Marine Parade,25
Orchard,Marine Terrace,27
Orchard,Marsiling,41
Orchard,Marymount,24
Orchard,Mattar,33
Orchard,Maxwell,10
Orchard,Mayflower,21
Orchard,Mountbatten,27
Orchard,Napier,7
Orchard,Newton,5
Orchard,Nicoll Highway,23
Orchard,Novena,7
Orchard,Orchard,0
Orchard,Orchard Boulevard,5
Orchard,Outram Park,8
Orchard,Pasir Panjang,32
Orchard,Pasir Ris,43
Orchard,Paya Lebar,24
Orchard,Pioneer,44
Orchard,Potong Pasir,23
Orchard,Promenade,19
Orchard,Punggol,38
Orchard,Punggol Coast,40
Orchard,Queenstown,22
Orchard,Raffles Place,11
Orchard,Redhill,20
Orchard,Rochor,16
Orchard,Sembawang,32
Orchard,Sengkang,36
Orchard,Serangoon,26
Orchard,Shenton Way,12
Orchard,Siglap,29
Orchard,Simei,38
Orchard,Sixth Avenue,20
Orchard,Somerset,5
Orchard,Springleaf,27
Orchard,Stadium,25
Orchard,Stevens,9
Orchard,Tai Seng,32
Orchard,Tampines,40
Orchard,Tampines East,49
Orchard,Tampines West,45
Orchard,Tan Kah Kee,18
Orchard,Tanah Merah,33
Orchard,Tanjong Katong,24
Orchard,Tanjong Pagar,17
Orchard,Tanjong Rhu,20
Orchard,Telok Ayer,23
Orchard,Telok Blangah,28
Orchard,Tiong Bahru,17
Orchard,Toa Payoh,10
Orchard,Tuas Crescent,53
Orchard,Tuas Link,57
Orchard,Tuas West Road,55
Orchard,Ubi,37
Orchard,Upper Changi,52
Orchard,Upper Thomson,17
Orchard,Woodlands,33
Orchard,Woodlands North,36
Orchard,Woodlands South,31
Orchard,Woodleigh,25
Orchard,Yew Tee,51
Orchard,Yio Chu Kang,19
Orchard,Yishun,26
Orchard,one-north,33
Orchard Boulevard,Admiralty,42
Orchard Boulevard,Aljunied,29
Orchard Boulevard,Ang Mo Kio,25
Orchard Boulevard,Bartley,33
Orchard Boulevard,Bayfront,24
Orchard Boulevard,Bayshore,33
Orchard Boulevard,Beauty World,22
Orchard Boulevard,Bedok,38
Orchard Boulevard,Bedok North,43
Orchard Boulevard,Bedok Reservoir,45
Orchard Boulevard,Bencoolen,28
Orchard Boulevard,Bendemeer,32
Orchard Boulevard,Bishan,22
Orchard Boulevard,Boon Keng,27
Orchard Boulevard,Boon Lay,45
Orchard Boulevard,Botanic Gardens,14
Orchard Boulevard,Braddell,19
Orchard Boulevard,Bras Basah,24
Orchard Boulevard,Bright Hill,17
Orchard Boulevard,Buangkok,40
Orchard Boulevard,Bugis,20
Orchard Boulevard,Bukit Batok,45
Orchard Boulevard,Bukit Gombak,47
Orchard Boulevard,Bukit Panjang,31
Orchard Boulevard,Buona Vista,28
Orchard Boulevard,Caldecott,11
Orchard Boulevard,Canberra,37
Orchard Boulevard,Cashew,29
Orchard Boulevard,Changi Airport,59
Orchard Boulevard,Chinatown,19
Orchard Boulevard,Chinese Garden,39
Orchard Boulevard,Choa Chu Kang,47
Orchard Boulevard,City Hall,17
Orchard Boulevard,Clarke Quay,21
Orchard Boulevard,Clementi,33
Orchard Boulevard,Commonwealth,26
Orchard Boulevard,Dakota,36
Orchard Boulevard,Dhoby Ghaut,15
Orchard Boulevard,Dover,30
Orchard Boulevard,Downtown,26
Orchard Boulevard,Esplanade,26
Orchard Boulevard,Eunos,34
Orchard Boulevard,Expo,54
Orchard Boulevard,Farrer Park,25
Orchard Boulevard,Farrer Road,25
Orchard Boulevard,Fort Canning,26
Orchard Boulevard,Gardens by the Bay,18
Orchard Boulevard,Geylang Bahru,34
Orchard Boulevard,Great World,7
Orchard Boulevard,Gul Circle,53
Orchard Boulevard,HarbourFront,20
Orchard Boulevard,Havelock,9
Orchard Boulevard,Haw Par Villa,36
Orchard Boulevard,Hillview,28
Orchard Boulevard,Holland Village,27
Orchard Boulevard,Hougang,38
Orchard Boulevard,Hume,24
Orchard Boulevard,Jalan Besar,30
Orchard Boulevard,Joo Koon,50
Orchard Boulevard,Jurong East,37
Orchard Boulevard,Kaki Bukit,41
Orchard Boulevard,Kallang,27
Orchard Boulevard,Katong Park,24
Orchard Boulevard,Kembangan,36
Orchard Boulevard,Kent Ridge,34
Orchard Boulevard,Khatib,32
Orchard Boulevard,King Albert Park,20
Orchard Boulevard,Kovan,36
Orchard Boulevard,Kranji,46
Orchard Boulevard,Labrador Park,32
Orchard Boulevard,Lakeside,42
Orchard Boulevard,Lavender,25
Orchard Boulevard,Lentor,22
Orchard Boulevard,Little India,17
Orchard Boulevard,Lorong Chuan,28
Orchard Boulevard,MacPherson,37
Orchard Boulevard,Marina Bay,15
Orchard Boulevard,Marina South Pier,23
Orchard Boulevard,Marine Parade,27
Orchard Boulevard,Marine Terrace,29
Orchard Boulevard,Marsiling,42
Orchard Boulevard,Marymount,22
Orchard Boulevard,Mattar,36
Orchard Boulevard,Maxwell,12
Orchard Boulevard,Mayflower,19
Orchard Boulevard,Mountbatten,34
Orchard Boulevard,Napier,5
Orchard Boulevard,Newton,13
Orchard Boulevard,Nicoll Highway,30
Orchard Boulevard,Novena,15
Orchard Boulevard,Orchard,5
Orchard Boulevard,Orchard Boulevard,0
Orchard Boulevard,Outram Park,10
Orchard Boulevard,Pasir Panjang,34
Orchard Boulevard,Pasir Ris,51
Orchard Boulevard,Paya Lebar,32
Orchard Boulevard,Pioneer,47
Orchard Boulevard,Potong Pasir,29
Orchard Boulevard,Promenade,22
Orchard Boulevard,Punggol,45
Orchard Boulevard,Punggol Coast,47
Orchard Boulevard,Queenstown,24
Orchard Boulevard,Raffles Place,19
Orchard Boulevard,Redhill,22
Orchard Boulevard,Rochor,18
Orchard Boulevard,Sembawang,40
Orchard Boulevard,Sengkang,42
Orchard Boulevard,Serangoon,30
Orchard Boulevard,Shenton Way,14
Orchard Boulevard,Siglap,31
Orchard Boulevard,Simei,46
Orchard Boulevard,Sixth Avenue,18
Orchard Boulevard,Somerset,13
Orchard Boulevard,Springleaf,25
Orchard Boulevard,Stadium,33
Orchard Boulevard,Stevens,7
Orchard Boulevard,Tai Seng,35
Orchard Boulevard,Tampines,48
Orchard Boulevard,Tampines East,51
Orchard Boulevard,Tampines West,47
Orchard Boulevard,Tan Kah Kee,16
Orchard Boulevard,Tanah Merah,41
Orchard Boulevard,Tanjong Katong,26
Orchard Boulevard,Tanjong Pagar,19
Orchard Boulevard,Tanjong Rhu,22
Orchard Boulevard,Telok Ayer,25
Orchard Boulevard,Telok Blangah,30
Orchard Boulevard,Tiong Bahru,20
Orchard Boulevard,Toa Payoh,18
Orchard Boulevard,Tuas Crescent,55
Orchard Boulevard,Tuas Link,59
Orchard Boulevard,Tuas West Road,57
Orchard Boulevard,Ubi,39
Orchard Boulevard,Upper Changi,54
Orchard Boulevard,Upper Thomson,15
Orchard Boulevard,Woodlands,31
Orchard Boulevard,Woodlands North,34
Orchard Boulevard,Woodlands South,29
Orchard Boulevard,Woodleigh,31
Orchard Boulevard,Yew Tee,53
Orchard Boulevard,Yio Chu Kang,27
Orchard Boulevard,Yishun,34
Orchard Boulevard,one-north,32
Outram Park,Admiralty,46
Outram Park,Aljunied,19
Outram Park,Ang Mo Kio,28
Outram Park,Bartley,33
Outram Park,Bayfront,15
Outram Park,Bayshore,25
Outram Park,Beauty World,30
Outram Park,Bedok,28
Outram Park,Bedok North,29
Outram Park,Bedok Reservoir,31
Outram Park,Bencoolen,14
Outram Park,Bendemeer,18
Outram Park,Bishan,25
Outram Park,Boon Keng,15
Outram Park,Boon Lay,31
Outram Park,Botanic Gardens,22
Outram Park,Braddell,23
Outram Park,Bras Basah,18
Outram Park,Bright Hill,25
Outram Park,Buangkok,29
Outram Park,Bugis,12
Outram Park,Bukit Batok,31
Outram Park,Bukit Gombak,33
Outram Park,Bukit Panjang,38
Outram Park,Buona Vista,14
Outram Park,Caldecott,18
Outram Park,Canberra,40
Outram Park,Cashew,36
Outram Park,Changi Airport,48
Outram Park,Chinatown,5
Outram Park,Chinese Garden,26
Outram Park,Choa Chu Kang,37
Outram Park,City Hall,10
Outram Park,Clarke Quay,7
Outram Park,Clementi,19
Outram Park,Commonwealth,12
Outram Park,Dakota,31
Outram Park,Dhoby Ghaut,9
Outram Park,Dover,17
Outram Park,Downtown,13
Outram Park,Esplanade,20
Outram Park,Eunos,23
Outram Park,Expo,42
Outram Park,Farrer Park,13
Outram Park,Farrer Road,27
Outram Park,Fort Canning,13
Outram Park,Gardens by the Bay,10
Outram Park,Geylang Bahru,20
Outram Park,Great World,6
Outram Park,Gul Circle,39
Outram Park,HarbourFront,7
Outram Park,Havelock,5
Outram Park,Haw Par Villa,23
Outram Park,Hillview,35
Outram Park,Holland Village,25
Outram Park,Hougang,26
Outram Park,Hume,32
Outram Park,Jalan Besar,16
Outram Park,Joo Koon,36
Outram Park,Jurong East,23
Outram Park,Kaki Bukit,27
Outram Park,Kallang,16
Outram Park,Katong Park,16
Outram Park,Kembangan,25
Outram Park,Kent Ridge,25
Outram Park,Khatib,35
Outram Park,King Albert Park,28
Outram Park,Kovan,24
Outram Park,Kranji,47
Outram Park,Labrador Park,18
Outram Park,Lakeside,28
Outram Park,Lavender,14
Outram Park,Lentor,29
Outram Park,Little India,11
Outram Park,Lorong Chuan,32
Outram Park,MacPherson,23
Outram Park,Marina Bay,8
Outram Park,Marina South Pier,16
Outram Park,Marine Parade,19
Outram Park,Marine Terrace,21
Outram Park,Marsiling,50
Outram Park,Marymount,29
Outram Park,Mattar,22
Outram Park,Maxwell,5
Outram Park,Mayflower,27
Outram Park,Mountbatten,29
Outram Park,Napier,12
Outram Park,Newton,16
Outram Park,Nicoll Highway,25
Outram Park,Novena,18
Outram Park,Orchard,8
Outram Park,Orchard Boulevard,10
Outram Park,Outram Park,0
Outram Park,Pasir Panjang,20
Outram Park,Pasir Ris,40
Outram Park,Paya Lebar,21
Outram Park,Pioneer,33
Outram Park,Potong Pasir,18
Outram Park,Promenade,17
Outram Park,Punggol,33
Outram Park,Punggol Coast,35
Outram Park,Queenstown,10
Outram Park,Raffles Place,8
Outram Park,Redhill,8
Outram Park,Rochor,18
Outram Park,Sembawang,43
Outram Park,Sengkang,30
Outram Park,Serangoon,22
Outram Park,Shenton Way,6
Outram Park,Siglap,23
Outram Park,Simei,35
Outram Park,Sixth Avenue,25
Outram Park,Somerset,16
Outram Park,Springleaf,32
Outram Park,Stadium,27
Outram Park,Stevens,14
Outram Park,Tai Seng,32
Outram Park,Tampines,35
Outram Park,Tampines East,37
Outram Park,Tampines West,33
Outram Park,Tan Kah Kee,23
Outram Park,Tanah Merah,30
Outram Park,Tanjong Katong,18
Outram Park,Tanjong Pagar,5
Outram Park,Tanjong Rhu,14
Outram Park,Telok Ayer,12
Outram Park,Telok Blangah,16
Outram Park,Tiong Bahru,6
Outram Park,Toa Payoh,21
Outram Park,Tuas Crescent,41
Outram Park,Tuas Link,46
Outram Park,Tuas West Road,44
Outram Park,Ubi,26
Outram Park,Upper Changi,41
Outram Park,Upper Thomson,22
Outram Park,Woodlands,39
Outram Park,Woodlands North,41
Outram Park,Woodlands South,36
Outram Park,Woodleigh,19
Outram Park,Yew Tee,39
Outram Park,Yio Chu Kang,30
Outram Park,Yishun,38
Outram Park,one-north,24
Pasir Panjang,Admiralty,59
Pasir Panjang,Aljunied,42
Pasir Panjang,Ang Mo Kio,41
Pasir Panjang,Bartley,39
Pasir Panjang,Bayfront,32
Pasir Panjang,Bayshore,49
Pasir Panjang,Beauty World,35
Pasir Panjang,Bedok,51
Pasir Panjang,Bedok North,46
Pasir Panjang,Bedok Reservoir,48
Pasir Panjang,Bencoolen,31
Pasir Panjang,Bendemeer,35
Pasir Panjang,Bishan,31
Pasir Panjang,Boon Keng,32
Pasir Panjang,Boon Lay,37
Pasir Panjang,Botanic Gardens,21
Pasir Panjang,Braddell,40
Pasir Panjang,Bras Basah,35
Pasir Panjang,Bright Hill,38
Pasir Panjang,Buangkok,46
Pasir Panjang,Bugis,36
Pasir Panjang,Bukit Batok,37
Pasir Panjang,Bukit Gombak,39
Pasir Panjang,Bukit Panjang,44
Pasir Panjang,Buona Vista,14
Pasir Panjang,Caldecott,26
Pasir Panjang,Canberra,53
Pasir Panjang,Cashew,42
Pasir Panjang,Changi Airport,72
Pasir Panjang,Chinatown,22
Pasir Panjang,Chinese Garden,31
Pasir Panjang,Choa Chu Kang,43
Pasir Panjang,City Hall,33
Pasir Panjang,Clarke Quay,24
Pasir Panjang,Clementi,25
Pasir Panjang,Commonwealth,22
Pasir Panjang,Dakota,48
Pasir Panjang,Dhoby Ghaut,26
Pasir Panjang,Dover,22
Pasir Panjang,Downtown,30
Pasir Panjang,Esplanade,37
Pasir Panjang,Eunos,46
Pasir Panjang,Expo,59
Pasir Panjang,Farrer Park,30
Pasir Panjang,Farrer Road,19
Pasir Panjang,Fort Canning,30
Pasir Panjang,Gardens by the Bay,34
Pasir Panjang,Geylang Bahru,37
Pasir Panjang,Great World,30
Pasir Panjang,Gul Circle,45
Pasir Panjang,HarbourFront,12
Pasir Panjang,Havelock,29
Pasir Panjang,Haw Par Villa,7
Pasir Panjang,Hillview,41
Pasir Panjang,Holland Village,16
Pasir Panjang,Hougang,43
Pasir Panjang,Hume,37
Pasir Panjang,Jalan Besar,33
Pasir Panjang,Joo Koon,42
Pasir Panjang,Jurong East,29
Pasir Panjang,Kaki Bukit,44
Pasir Panjang,Kallang,40
Pasir Panjang,Katong Park,40
Pasir Panjang,Kembangan,48
Pasir Panjang,Kent Ridge,10
Pasir Panjang,Khatib,48
Pasir Panjang,King Albert Park,33
Pasir Panjang,Kovan,41
Pasir Panjang,Kranji,53
Pasir Panjang,Labrador Park,7
Pasir Panjang,Lakeside,34
Pasir Panjang,Lavender,38
Pasir Panjang,Lentor,43
Pasir Panjang,Little India,28
Pasir Panjang,Lorong Chuan,34
Pasir Panjang,MacPherson,40
Pasir Panjang,Marina Bay,31
Pasir Panjang,Marina South Pier,39
Pasir Panjang,Marine Parade,43
Pasir Panjang,Marine Terrace,45
Pasir Panjang,Marsiling,56
Pasir Panjang,Marymount,28
Pasir Panjang,Mattar,39
Pasir Panjang,Maxwell,28
Pasir Panjang,Mayflower,40
Pasir Panjang,Mountbatten,46
Pasir Panjang,Napier,36
Pasir Panjang,Newton,31
Pasir Panjang,Nicoll Highway,42
Pasir Panjang,Novena,40
Pasir Panjang,Orchard,32
Pasir Panjang,Orchard Boulevard,34
Pasir Panjang,Outram Park,20
Pasir Panjang,Pasir Panjang,0
Pasir Panjang,Pasir Ris,63
Pasir Panjang,Paya Lebar,44
Pasir Panjang,Pioneer,39
Pasir Panjang,Potong Pasir,34
Pasir Panjang,Promenade,34
Pasir Panjang,Punggol,50
Pasir Panjang,Punggol Coast,52
Pasir Panjang,Queenstown,24
Pasir Panjang,Raffles Place,31
Pasir Panjang,Redhill,26
Pasir Panjang,Rochor,35
Pasir Panjang,Sembawang,55
Pasir Panjang,Sengkang,48
Pasir Panjang,Serangoon,36
Pasir Panjang,Shenton Way,30
Pasir Panjang,Siglap,47
Pasir Panjang,Simei,58
Pasir Panjang,Sixth Avenue,31
Pasir Panjang,Somerset,35
Pasir Panjang,Springleaf,46
Pasir Panjang,Stadium,44
Pasir Panjang,Stevens,29
Pasir Panjang,Tai Seng,42
Pasir Panjang,Tampines,52
Pasir Panjang,Tampines East,54
Pasir Panjang,Tampines West,50
Pasir Panjang,Tan Kah Kee,29
Pasir Panjang,Tanah Merah,54
Pasir Panjang,Tanjong Katong,42
Pasir Panjang,Tanjong Pagar,29
Pasir Panjang,Tanjong Rhu,38
Pasir Panjang,Telok Ayer,29
Pasir Panjang,Telok Blangah,9
Pasir Panjang,Tiong Bahru,28
Pasir Panjang,Toa Payoh,41
Pasir Panjang,Tuas Crescent,47
Pasir Panjang,Tuas Link,51
Pasir Panjang,Tuas West Road,49
Pasir Panjang,Ubi,43
Pasir Panjang,Upper Changi,58
Pasir Panjang,Upper Thomson,36
Pasir Panjang,Woodlands,52
Pasir Panjang,Woodlands North,55
Pasir Panjang,Woodlands South,50
Pasir Panjang,Woodleigh,36
Pasir Panjang,Yew Tee,45
Pasir Panjang,Yio Chu Kang,43
Pasir Panjang,Yishun,50
Pasir Panjang,one-north,12
Pasir Ris,Admiralty,73
Pasir Ris,Aljunied,25
Pasir Ris,Ang Mo Kio,55
Pasir Ris,Bartley,37
Pasir Ris,Bayfront,43
Pasir Ris,Bayshore,65
Pasir Ris,Beauty World,56
Pasir Ris,Bedok,16
Pasir Ris,Bedok North,21
Pasir Ris,Bedok Reservoir,19
Pasir Ris,Bencoolen,35
Pasir Ris,Bendemeer,31
Pasir Ris,Bishan,45
Pasir Ris,Boon Keng,52
Pasir Ris,Boon Lay,68
Pasir Ris,Botanic Gardens,48
Pasir Ris,Braddell,51
Pasir Ris,Bras Basah,46
Pasir Ris,Bright Hill,61
Pasir Ris,Buangkok,54
Pasir Ris,Bugis,31
Pasir Ris,Bukit Batok,68
Pasir Ris,Bukit Gombak,70
Pasir Ris,Bukit Panjang,65
Pasir Ris,Buona Vista,51
Pasir Ris,Caldecott,50
Pasir Ris,Canberra,67
Pasir Ris,Cashew,63
Pasir Ris,Changi Airport,32
Pasir Ris,Chinatown,39
Pasir Ris,Chinese Garden,63
Pasir Ris,Choa Chu Kang,74
Pasir Ris,City Hall,34
Pasir Ris,Clarke Quay,46
Pasir Ris,Clementi,56
Pasir Ris,Commonwealth,49
Pasir Ris,Dakota,33
Pasir Ris,Dhoby Ghaut,39
Pasir Ris,Dover,54
Pasir Ris,Downtown,42
Pasir Ris,Esplanade,44
Pasir Ris,Eunos,21
Pasir Ris,Expo,21
Pasir Ris,Farrer Park,50
Pasir Ris,Farrer Road,58
Pasir Ris,Fort Canning,37
Pasir Ris,Gardens by the Bay,50
Pasir Ris,Geylang Bahru,30
Pasir Ris,Great World,50
Pasir Ris,Gul Circle,76
Pasir Ris,HarbourFront,50
Pasir Ris,Havelock,49
Pasir Ris,Haw Par Villa,65
Pasir Ris,Hillview,61
Pasir Ris,Holland Village,60
Pasir Ris,Hougang,52
Pasir Ris,Hume,58
Pasir Ris,Jalan Besar,34
Pasir Ris,Joo Koon,73
Pasir Ris,Jurong East,60
Pasir Ris,Kaki Bukit,22
Pasir Ris,Kallang,27
Pasir Ris,Katong Park,56
Pasir Ris,Kembangan,19
Pasir Ris,Kent Ridge,63
Pasir Ris,Khatib,62
Pasir Ris,King Albert Park,54
Pasir Ris,Kovan,50
Pasir Ris,Kranji,82
Pasir Ris,Labrador Park,61
Pasir Ris,Lakeside,65
Pasir Ris,Lavender,29
Pasir Ris,Lentor,66
Pasir Ris,Little India,42
Pasir Ris,Lorong Chuan,42
Pasir Ris,MacPherson,26
Pasir Ris,Marina Bay,42
Pasir Ris,Marina South Pier,44
Pasir Ris,Marine Parade,59
Pasir Ris,Marine Terrace,61
Pasir Ris,Marsiling,79
Pasir Ris,Marymount,48
Pasir Ris,Mattar,28
Pasir Ris,Maxwell,48
Pasir Ris,Mayflower,63
Pasir Ris,Mountbatten,35
Pasir Ris,Napier,53
Pasir Ris,Newton,44
Pasir Ris,Nicoll Highway,39
Pasir Ris,Novena,47
Pasir Ris,Orchard,43
Pasir Ris,Orchard Boulevard,51
Pasir Ris,Outram Park,40
Pasir Ris,Pasir Panjang,63
Pasir Ris,Pasir Ris,0
Pasir Ris,Paya Lebar,23
Pasir Ris,Pioneer,70
Pasir Ris,Potong Pasir,51
Pasir Ris,Promenade,41
Pasir Ris,Punggol,58
Pasir Ris,Punggol Coast,60
Pasir Ris,Queenstown,47
Pasir Ris,Raffles Place,36
Pasir Ris,Redhill,45
Pasir Ris,Rochor,40
Pasir Ris,Sembawang,69
Pasir Ris,Sengkang,56
Pasir Ris,Serangoon,40
Pasir Ris,Shenton Way,49
Pasir Ris,Siglap,63
Pasir Ris,Simei,9
Pasir Ris,Sixth Avenue,52
Pasir Ris,Somerset,41
Pasir Ris,Springleaf,69
Pasir Ris,Stadium,37
Pasir Ris,Stevens,46
Pasir Ris,Tai Seng,34
Pasir Ris,Tampines,6
Pasir Ris,Tampines East,16
Pasir Ris,Tampines West,17
Pasir Ris,Tan Kah Kee,50
Pasir Ris,Tanah Merah,13
Pasir Ris,Tanjong Katong,58
Pasir Ris,Tanjong Pagar,38
Pasir Ris,Tanjong Rhu,54
Pasir Ris,Telok Ayer,41
Pasir Ris,Telok Blangah,59
Pasir Ris,Tiong Bahru,43
Pasir Ris,Toa Payoh,49
Pasir Ris,Tuas Crescent,78
Pasir Ris,Tuas Link,83
Pasir Ris,Tuas West Road,81
Pasir Ris,Ubi,24
Pasir Ris,Upper Changi,20
Pasir Ris,Upper Thomson,59
Pasir Ris,Woodlands,75
Pasir Ris,Woodlands North,78
Pasir Ris,Woodlands South,73
Pasir Ris,Woodleigh,49
Pasir Ris,Yew Tee,76
Pasir Ris,Yio Chu Kang,57
Pasir Ris,Yishun,64
Pasir Ris,one-north,62
Paya Lebar,Admiralty,48
Paya Lebar,Aljunied,5
Paya Lebar,Ang Mo Kio,30
Paya Lebar,Bartley,12
Paya Lebar,Bayfront,23
Paya Lebar,Bayshore,45
Paya Lebar,Beauty World,36
Paya Lebar,Bedok,10
Paya Lebar,Bedok North,17
Paya Lebar,Bedok Reservoir,19
Paya Lebar,Bencoolen,21
Paya Lebar,Bendemeer,17
Paya Lebar,Bishan,20
Paya Lebar,Boon Keng,28
Paya Lebar,Boon Lay,49
Paya Lebar,Botanic Gardens,28
Paya Lebar,Braddell,29
Paya Lebar,Bras Basah,20
Paya Lebar,Bright Hill,37
Paya Lebar,Buangkok,29
Paya Lebar,Bugis,12
Paya Lebar,Bukit Batok,48
Paya Lebar,Bukit Gombak,50
Paya Lebar,Bukit Panjang,45
Paya Lebar,Buona Vista,32
Paya Lebar,Caldecott,25
Paya Lebar,Canberra,42
Paya Lebar,Cashew,43
Paya Lebar,Changi Airport,31
Paya Lebar,Chinatown,25
Paya Lebar,Chinese Garden,43
Paya Lebar,Choa Chu Kang,55
Paya Lebar,City Hall,14
Paya Lebar,Clarke Quay,30
Paya Lebar,Clementi,36
Paya Lebar,Commonwealth,30
Paya Lebar,Dakota,7
Paya Lebar,Dhoby Ghaut,20
Paya Lebar,Dover,34
Paya Lebar,Downtown,24
Paya Lebar,Esplanade,18
Paya Lebar,Eunos,5
Paya Lebar,Expo,26
Paya Lebar,Farrer Park,30
Paya Lebar,Farrer Road,33
Paya Lebar,Fort Canning,23
Paya Lebar,Gardens by the Bay,30
Paya Lebar,Geylang Bahru,15
Paya Lebar,Great World,30
Paya Lebar,Gul Circle,56
Paya Lebar,HarbourFront,30
Paya Lebar,Havelock,29
Paya Lebar,Haw Par Villa,44
Paya Lebar,Hillview,42
Paya Lebar,Holland Village,35
Paya Lebar,Hougang,27
Paya Lebar,Hume,38
Paya Lebar,Jalan Besar,19
Paya Lebar,Joo Koon,54
Paya Lebar,Jurong East,41
Paya Lebar,Kaki Bukit,16
Paya Lebar,Kallang,8
Paya Lebar,Katong Park,36
Paya Lebar,Kembangan,7
Paya Lebar,Kent Ridge,42
Paya Lebar,Khatib,37
Paya Lebar,King Albert Park,34
Paya Lebar,Kovan,25
Paya Lebar,Kranji,57
Paya Lebar,Labrador Park,42
Paya Lebar,Lakeside,45
Paya Lebar,Lavender,10
Paya Lebar,Lentor,42
Paya Lebar,Little India,22
Paya Lebar,Lorong Chuan,17
Paya Lebar,MacPherson,7
Paya Lebar,Marina Bay,22
Paya Lebar,Marina South Pier,24
Paya Lebar,Marine Parade,39
Paya Lebar,Marine Terrace,41
Paya Lebar,Marsiling,54
Paya Lebar,Marymount,23
Paya Lebar,Mattar,14
Paya Lebar,Maxwell,29
Paya Lebar,Mayflower,39
Paya Lebar,Mountbatten,9
Paya Lebar,Napier,33
Paya Lebar,Newton,24
Paya Lebar,Nicoll Highway,13
Paya Lebar,Novena,28
Paya Lebar,Orchard,24
Paya Lebar,Orchard Boulevard,32
Paya Lebar,Outram Park,21
Paya Lebar,Pasir Panjang,44
Paya Lebar,Pasir Ris,23
Paya Lebar,Paya Lebar,0
Paya Lebar,Pioneer,50
Paya Lebar,Potong Pasir,26
Paya Lebar,Promenade,15
Paya Lebar,Punggol,34
Paya Lebar,Punggol Coast,36
Paya Lebar,Queenstown,28
Paya Lebar,Raffles Place,16
Paya Lebar,Redhill,26
Paya Lebar,Rochor,21
Paya Lebar,Sembawang,45
Paya Lebar,Sengkang,31
Paya Lebar,Serangoon,15
Paya Lebar,Shenton Way,30
Paya Lebar,Siglap,43
Paya Lebar,Simei,17
Paya Lebar,Sixth Avenue,32
Paya Lebar,Somerset,22
Paya Lebar,Springleaf,45
Paya Lebar,Stadium,11
Paya Lebar,Stevens,27
Paya Lebar,Tai Seng,10
Paya Lebar,Tampines,20
Paya Lebar,Tampines East,26
Paya Lebar,Tampines West,21
Paya Lebar,Tan Kah Kee,30
Paya Lebar,Tanah Merah,13
Paya Lebar,Tanjong Katong,38
Paya Lebar,Tanjong Pagar,18
Paya Lebar,Tanjong Rhu,34
Paya Lebar,Telok Ayer,26
Paya Lebar,Telok Blangah,40
Paya Lebar,Tiong Bahru,23
Paya Lebar,Toa Payoh,30
Paya Lebar,Tuas Crescent,59
Paya Lebar,Tuas Link,63
Paya Lebar,Tuas West Road,61
Paya Lebar,Ubi,14
Paya Lebar,Upper Changi,29
Paya Lebar,Upper Thomson,35
Paya Lebar,Woodlands,50
Paya Lebar,Woodlands North,54
Paya Lebar,Woodlands South,49
Paya Lebar,Woodleigh,24
Paya Lebar,Yew Tee,57
Paya Lebar,Yio Chu Kang,32
Paya Lebar,Yishun,39
Paya Lebar,one-north,40
Pioneer,Admiralty,47
Pioneer,Aljunied,48
Pioneer,Ang Mo Kio,57
Pioneer,Bartley,55
Pioneer,Bayfront,51
Pioneer,Bayshore,62
Pioneer,Beauty World,51
Pioneer,Bedok,57
Pioneer,Bedok North,65
Pioneer,Bedok Reservoir,67
Pioneer,Bencoolen,50
Pioneer,Bendemeer,54
Pioneer,Bishan,47
Pioneer,Boon Keng,51
Pioneer,Boon Lay,5
Pioneer,Botanic Gardens,37
Pioneer,Braddell,56
Pioneer,Bras Basah,54
Pioneer,Bright Hill,54
Pioneer,Buangkok,64
Pioneer,Bugis,42
Pioneer,Bukit Batok,21
Pioneer,Bukit Gombak,23
Pioneer,Bukit Panjang,41
Pioneer,Buona Vista,22
Pioneer,Caldecott,42
Pioneer,Canberra,52
Pioneer,Cashew,49
Pioneer,Changi Airport,78
Pioneer,Chinatown,41
Pioneer,Chinese Garden,10
Pioneer,Choa Chu Kang,27
Pioneer,City Hall,40
Pioneer,Clarke Quay,43
Pioneer,Clementi,17
Pioneer,Commonwealth,24
Pioneer,Dakota,61
Pioneer,Dhoby Ghaut,45
Pioneer,Dover,20
Pioneer,Downtown,49
Pioneer,Esplanade,56
Pioneer,Eunos,52
Pioneer,Expo,73
Pioneer,Farrer Park,49
Pioneer,Farrer Road,35
Pioneer,Fort Canning,48
Pioneer,Gardens by the Bay,47
Pioneer,Geylang Bahru,56
Pioneer,Great World,43
Pioneer,Gul Circle,9
Pioneer,HarbourFront,43
Pioneer,Havelock,41
Pioneer,Haw Par Villa,36
Pioneer,Hillview,50
Pioneer,Holland Village,32
Pioneer,Hougang,62
Pioneer,Hume,51
Pioneer,Jalan Besar,52
Pioneer,Joo Koon,6
Pioneer,Jurong East,13
Pioneer,Kaki Bukit,63
Pioneer,Kallang,46
Pioneer,Katong Park,53
Pioneer,Kembangan,54
Pioneer,Kent Ridge,34
Pioneer,Khatib,57
Pioneer,King Albert Park,49
Pioneer,Kovan,60
Pioneer,Kranji,37
Pioneer,Labrador Park,41
Pioneer,Lakeside,8
Pioneer,Lavender,44
Pioneer,Lentor,59
Pioneer,Little India,47
Pioneer,Lorong Chuan,50
Pioneer,MacPherson,59
Pioneer,Marina Bay,43
Pioneer,Marina South Pier,45
Pioneer,Marine Parade,56
Pioneer,Marine Terrace,58
Pioneer,Marsiling,40
Pioneer,Marymount,44
Pioneer,Mattar,58
Pioneer,Maxwell,41
Pioneer,Mayflower,56
Pioneer,Mountbatten,62
Pioneer,Napier,48
Pioneer,Newton,48
Pioneer,Nicoll Highway,60
Pioneer,Novena,53
Pioneer,Orchard,44
Pioneer,Orchard Boulevard,47
Pioneer,Outram Park,33
Pioneer,Pasir Panjang,39
Pioneer,Pasir Ris,70
Pioneer,Paya Lebar,50
Pioneer,Pioneer,0
Pioneer,Potong Pasir,53
Pioneer,Promenade,51
Pioneer,Punggol,69
Pioneer,Punggol Coast,71
Pioneer,Queenstown,26
Pioneer,Raffles Place,37
Pioneer,Redhill,28
Pioneer,Rochor,51
Pioneer,Sembawang,50
Pioneer,Sengkang,66
Pioneer,Serangoon,52
Pioneer,Shenton Way,42
Pioneer,Siglap,60
Pioneer,Simei,64
Pioneer,Sixth Avenue,47
Pioneer,Somerset,47
Pioneer,Springleaf,58
Pioneer,Stadium,62
Pioneer,Stevens,45
Pioneer,Tai Seng,58
Pioneer,Tampines,67
Pioneer,Tampines East,73
Pioneer,Tampines West,69
Pioneer,Tan Kah Kee,45
Pioneer,Tanah Merah,60
Pioneer,Tanjong Katong,55
Pioneer,Tanjong Pagar,35
Pioneer,Tanjong Rhu,51
Pioneer,Telok Ayer,48
Pioneer,Telok Blangah,43
Pioneer,Tiong Bahru,30
Pioneer,Toa Payoh,55
Pioneer,Tuas Crescent,12
Pioneer,Tuas Link,16
Pioneer,Tuas West Road,14
Pioneer,Ubi,61
Pioneer,Upper Changi,76
Pioneer,Upper Thomson,52
Pioneer,Woodlands,43
Pioneer,Woodlands North,53
Pioneer,Woodlands South,53
Pioneer,Woodleigh,55
Pioneer,Yew Tee,29
Pioneer,Yio Chu Kang,59
Pioneer,Yishun,55
Pioneer,one-north,32
Potong Pasir,Admiralty,48
Potong Pasir,Aljunied,32
Potong Pasir,Ang Mo Kio,30
Potong Pasir,Bartley,19
Potong Pasir,Bayfront,22
Potong Pasir,Bayshore,46
Potong Pasir,Beauty World,30
Potong Pasir,Bedok,39
Potong Pasir,Bedok North,34
Potong Pasir,Bedok Reservoir,36
Potong Pasir,Bencoolen,25
Potong Pasir,Bendemeer,29
Potong Pasir,Bishan,21
Potong Pasir,Boon Keng,6
Potong Pasir,Boon Lay,52
Potong Pasir,Botanic Gardens,22
Potong Pasir,Braddell,29
Potong Pasir,Bras Basah,21
Potong Pasir,Bright Hill,35
Potong Pasir,Buangkok,15
Potong Pasir,Bugis,19
Potong Pasir,Bukit Batok,51
Potong Pasir,Bukit Gombak,53
Potong Pasir,Bukit Panjang,39
Potong Pasir,Buona Vista,35
Potong Pasir,Caldecott,26
Potong Pasir,Canberra,43
Potong Pasir,Cashew,37
Potong Pasir,Changi Airport,60
Potong Pasir,Chinatown,16
Potong Pasir,Chinese Garden,46
Potong Pasir,Choa Chu Kang,54
Potong Pasir,City Hall,21
Potong Pasir,Clarke Quay,14
Potong Pasir,Clementi,40
Potong Pasir,Commonwealth,33
Potong Pasir,Dakota,29
Potong Pasir,Dhoby Ghaut,12
Potong Pasir,Dover,37
Potong Pasir,Downtown,24
Potong Pasir,Esplanade,23
Potong Pasir,Eunos,34
Potong Pasir,Expo,47
Potong Pasir,Farrer Park,8
Potong Pasir,Farrer Road,32
Potong Pasir,Fort Canning,23
Potong Pasir,Gardens by the Bay,31
Potong Pasir,Geylang Bahru,31
Potong Pasir,Great World,27
Potong Pasir,Gul Circle,60
Potong Pasir,HarbourFront,21
Potong Pasir,Havelock,26
Potong Pasir,Haw Par Villa,37
Potong Pasir,Hillview,35
Potong Pasir,Holland Village,35
Potong Pasir,Hougang,12
Potong Pasir,Hume,32
Potong Pasir,Jalan Besar,26
Potong Pasir,Joo Koon,57
Potong Pasir,Jurong East,44
Potong Pasir,Kaki Bukit,32
Potong Pasir,Kallang,30
Potong Pasir,Katong Park,37
Potong Pasir,Kembangan,36
Potong Pasir,Kent Ridge,39
Potong Pasir,Khatib,38
Potong Pasir,King Albert Park,28
Potong Pasir,Kovan,10
Potong Pasir,Kranji,58
Potong Pasir,Labrador Park,32
Potong Pasir,Lakeside,48
Potong Pasir,Lavender,28
Potong Pasir,Lentor,40
Potong Pasir,Little India,10
Potong Pasir,Lorong Chuan,18
Potong Pasir,MacPherson,24
Potong Pasir,Marina Bay,25
Potong Pasir,Marina South Pier,28
Potong Pasir,Marine Parade,40
Potong Pasir,Marine Terrace,42
Potong Pasir,Marsiling,55
Potong Pasir,Marymount,24
Potong Pasir,Mattar,30
Potong Pasir,Maxwell,26
Potong Pasir,Mayflower,37
Potong Pasir,Mountbatten,31
Potong Pasir,Napier,28
Potong Pasir,Newton,18
Potong Pasir,Nicoll Highway,28
Potong Pasir,Novena,27
Potong Pasir,Orchard,23
Potong Pasir,Orchard Boulevard,29
Potong Pasir,Outram Park,18
Potong Pasir,Pasir Panjang,34
Potong Pasir,Pasir Ris,51
Potong Pasir,Paya Lebar,26
Potong Pasir,Pioneer,53
Potong Pasir,Potong Pasir,0
Potong Pasir,Promenade,20
Potong Pasir,Punggol,19
Potong Pasir,Punggol Coast,21
Potong Pasir,Queenstown,31
Potong Pasir,Raffles Place,23
Potong Pasir,Redhill,28
Potong Pasir,Rochor,17
Potong Pasir,Sembawang,45
Potong Pasir,Sengkang,16
Potong Pasir,Serangoon,8
Potong Pasir,Shenton Way,27
Potong Pasir,Siglap,44
Potong Pasir,Simei,46
Potong Pasir,Sixth Avenue,26
Potong Pasir,Somerset,21
Potong Pasir,Springleaf,43
Potong Pasir,Stadium,30
Potong Pasir,Stevens,20
Potong Pasir,Tai Seng,22
Potong Pasir,Tampines,40
Potong Pasir,Tampines East,42
Potong Pasir,Tampines West,38
Potong Pasir,Tan Kah Kee,24
Potong Pasir,Tanah Merah,42
Potong Pasir,Tanjong Katong,39
Potong Pasir,Tanjong Pagar,26
Potong Pasir,Tanjong Rhu,35
Potong Pasir,Telok Ayer,22
Potong Pasir,Telok Blangah,30
Potong Pasir,Tiong Bahru,26
Potong Pasir,Toa Payoh,29
Potong Pasir,Tuas Crescent,62
Potong Pasir,Tuas Link,66
Potong Pasir,Tuas West Road,64
Potong Pasir,Ubi,30
Potong Pasir,Upper Changi,46
Potong Pasir,Upper Thomson,33
Potong Pasir,Woodlands,49
Potong Pasir,Woodlands North,52
Potong Pasir,Woodlands South,47
Potong Pasir,Woodleigh,5
Potong Pasir,Yew Tee,60
Potong Pasir,Yio Chu Kang,33
Potong Pasir,Yishun,40
Potong Pasir,one-north,39
Promenade,Admiralty,47
Promenade,Aljunied,19
Promenade,Ang Mo Kio,29
Promenade,Bartley,23
Promenade,Bayfront,6
Promenade,Bayshore,34
Promenade,Beauty World,22
Promenade,Bedok,28
Promenade,Bedok North,28
Promenade,Bedok Reservoir,30
Promenade,Bencoolen,14
Promenade,Bendemeer,18
Promenade,Bishan,25
Promenade,Boon Keng,18
Promenade,Boon Lay,50
Promenade,Botanic Gardens,14
Promenade,Braddell,23
Promenade,Bras Basah,9
Promenade,Bright Hill,28
Promenade,Buangkok,31
Promenade,Bugis,5
Promenade,Bukit Batok,49
Promenade,Bukit Gombak,51
Promenade,Bukit Panjang,31
Promenade,Buona Vista,29
Promenade,Caldecott,22
Promenade,Canberra,41
Promenade,Cashew,29
Promenade,Changi Airport,49
Promenade,Chinatown,10
Promenade,Chinese Garden,44
Promenade,Choa Chu Kang,47
Promenade,City Hall,15
Promenade,Clarke Quay,17
Promenade,Clementi,37
Promenade,Commonwealth,31
Promenade,Dakota,13
Promenade,Dhoby Ghaut,11
Promenade,Dover,35
Promenade,Downtown,7
Promenade,Esplanade,7
Promenade,Eunos,23
Promenade,Expo,41
Promenade,Farrer Park,16
Promenade,Farrer Road,25
Promenade,Fort Canning,13
Promenade,Gardens by the Bay,19
Promenade,Geylang Bahru,20
Promenade,Great World,24
Promenade,Gul Circle,57
Promenade,HarbourFront,20
Promenade,Havelock,23
Promenade,Haw Par Villa,36
Promenade,Hillview,28
Promenade,Holland Village,27
Promenade,Hougang,29
Promenade,Hume,24
Promenade,Jalan Besar,16
Promenade,Joo Koon,54
Promenade,Jurong East,41
Promenade,Kaki Bukit,26
Promenade,Kallang,17
Promenade,Katong Park,25
Promenade,Kembangan,25
Promenade,Kent Ridge,34
Promenade,Khatib,36
Promenade,King Albert Park,20
Promenade,Kovan,27
Promenade,Kranji,56
Promenade,Labrador Park,32
Promenade,Lakeside,46
Promenade,Lavender,15
Promenade,Lentor,32
Promenade,Little India,8
Promenade,Lorong Chuan,28
Promenade,MacPherson,18
Promenade,Marina Bay,10
Promenade,Marina South Pier,19
Promenade,Marine Parade,28
Promenade,Marine Terrace,30
Promenade,Marsiling,53
Promenade,Marymount,29
Promenade,Mattar,22
Promenade,Maxwell,19
Promenade,Mayflower,30
Promenade,Mountbatten,11
Promenade,Napier,20
Promenade,Newton,10
Promenade,Nicoll Highway,7
Promenade,Novena,19
Promenade,Orchard,19
Promenade,Orchard Boulevard,22
Promenade,Outram Park,17
Promenade,Pasir Panjang,34
Promenade,Pasir Ris,41
Promenade,Paya Lebar,15
Promenade,Pioneer,51
Promenade,Potong Pasir,20
Promenade,Promenade,0
Promenade,Punggol,36
Promenade,Punggol Coast,38
Promenade,Queenstown,29
Promenade,Raffles Place,17
Promenade,Redhill,26
Promenade,Rochor,7
Promenade,Sembawang,43
Promenade,Sengkang,33
Promenade,Serangoon,24
Promenade,Shenton Way,18
Promenade,Siglap,32
Promenade,Simei,35
Promenade,Sixth Avenue,18
Promenade,Somerset,19
Promenade,Springleaf,35
Promenade,Stadium,9
Promenade,Stevens,13
Promenade,Tai Seng,20
Promenade,Tampines,34
Promenade,Tampines East,36
Promenade,Tampines West,32
Promenade,Tan Kah Kee,16
Promenade,Tanah Merah,30
Promenade,Tanjong Katong,27
Promenade,Tanjong Pagar,19
Promenade,Tanjong Rhu,23
Promenade,Telok Ayer,9
Promenade,Telok Blangah,30
Promenade,Tiong Bahru,24
Promenade,Toa Payoh,21
Promenade,Tuas Crescent,60
Promenade,Tuas Link,64
Promenade,Tuas West Road,62
Promenade,Ubi,25
Promenade,Upper Changi,40
Promenade,Upper Thomson,25
Promenade,Woodlands,42
Promenade,Woodlands North,44
Promenade,Woodlands South,40
Promenade,Woodleigh,22
Promenade,Yew Tee,53
Promenade,Yio Chu Kang,31
Promenade,Yishun,38
Promenade,one-north,32
Punggol,Admiralty,56
Punggol,Aljunied,42
Punggol,Ang Mo Kio,38
Punggol,Bartley,26
Punggol,Bayfront,38
Punggol,Bayshore,62
Punggol,Beauty World,46
Punggol,Bedok,46
Punggol,Bedok North,41
Punggol,Bedok Reservoir,43
Punggol,Bencoolen,40
Punggol,Bendemeer,41
Punggol,Bishan,28
Punggol,Boon Keng,22
Punggol,Boon Lay,67
Punggol,Botanic Gardens,38
Punggol,Braddell,37
Punggol,Bras Basah,36
Punggol,Bright Hill,46
Punggol,Buangkok,8
Punggol,Bugis,34
Punggol,Bukit Batok,67
Punggol,Bukit Gombak,69
Punggol,Bukit Panjang,54
Punggol,Buona Vista,46
Punggol,Caldecott,34
Punggol,Canberra,50
Punggol,Cashew,52
Punggol,Changi Airport,67
Punggol,Chinatown,31
Punggol,Chinese Garden,62
Punggol,Choa Chu Kang,70
Punggol,City Hall,37
Punggol,Clarke Quay,30
Punggol,Clementi,55
Punggol,Commonwealth,48
Punggol,Dakota,36
Punggol,Dhoby Ghaut,27
Punggol,Dover,53
Punggol,Downtown,39
Punggol,Esplanade,38
Punggol,Eunos,42
Punggol,Expo,54
Punggol,Farrer Park,24
Punggol,Farrer Road,41
Punggol,Fort Canning,39
Punggol,Gardens by the Bay,47
Punggol,Geylang Bahru,39
Punggol,Great World,43
Punggol,Gul Circle,75
Punggol,HarbourFront,36
Punggol,Havelock,41
Punggol,Haw Par Villa,52
Punggol,Hillview,51
Punggol,Holland Village,43
Punggol,Hougang,10
Punggol,Hume,48
Punggol,Jalan Besar,42
Punggol,Joo Koon,72
Punggol,Jurong East,59
Punggol,Kaki Bukit,40
Punggol,Kallang,44
Punggol,Katong Park,53
Punggol,Kembangan,44
Punggol,Kent Ridge,50
Punggol,Khatib,45
Punggol,King Albert Park,44
Punggol,Kovan,12
Punggol,Kranji,66
Punggol,Labrador Park,48
Punggol,Lakeside,64
Punggol,Lavender,44
Punggol,Lentor,50
Punggol,Little India,25
Punggol,Lorong Chuan,26
Punggol,MacPherson,31
Punggol,Marina Bay,41
Punggol,Marina South Pier,43
Punggol,Marine Parade,56
Punggol,Marine Terrace,58
Punggol,Marsiling,62
Punggol,Marymount,31
Punggol,Mattar,38
Punggol,Maxwell,41
Punggol,Mayflower,48
Punggol,Mountbatten,38
Punggol,Napier,43
Punggol,Newton,34
Punggol,Nicoll Highway,42
Punggol,Novena,41
Punggol,Orchard,38
Punggol,Orchard Boulevard,45
Punggol,Outram Park,33
Punggol,Pasir Panjang,50
Punggol,Pasir Ris,58
Punggol,Paya Lebar,34
Punggol,Pioneer,69
Punggol,Potong Pasir,19
Punggol,Promenade,36
Punggol,Punggol,0
Punggol,Punggol Coast,6
Punggol,Queenstown,46
Punggol,Raffles Place,39
Punggol,Redhill,44
Punggol,Rochor,33
Punggol,Sembawang,53
Punggol,Sengkang,6
Punggol,Serangoon,15
Punggol,Shenton Way,43
Punggol,Siglap,60
Punggol,Simei,54
Punggol,Sixth Avenue,41
Punggol,Somerset,36
Punggol,Springleaf,53
Punggol,Stadium,40
Punggol,Stevens,36
Punggol,Tai Seng,29
Punggol,Tampines,48
Punggol,Tampines East,50
Punggol,Tampines West,45
Punggol,Tan Kah Kee,39
Punggol,Tanah Merah,49
Punggol,Tanjong Katong,55
Punggol,Tanjong Pagar,42
Punggol,Tanjong Rhu,51
Punggol,Telok Ayer,38
Punggol,Telok Blangah,46
Punggol,Tiong Bahru,42
Punggol,Toa Payoh,39
Punggol,Tuas Crescent,78
Punggol,Tuas Link,82
Punggol,Tuas West Road,80
Punggol,Ubi,38
Punggol,Upper Changi,53
Punggol,Upper Thomson,43
Punggol,Woodlands,59
Punggol,Woodlands North,62
Punggol,Woodlands South,58
Punggol,Woodleigh,17
Punggol,Yew Tee,73
Punggol,Yio Chu Kang,40
Punggol,Yishun,48
Punggol,one-north,48
Punggol Coast,Admiralty,58
Punggol Coast,Aljunied,44
Punggol Coast,Ang Mo Kio,40
Punggol Coast,Bartley,28
Punggol Coast,Bayfront,40
Punggol Coast,Bayshore,64
Punggol Coast,Beauty World,48
Punggol Coast,Bedok,48
Punggol Coast,Bedok North,43
Punggol Coast,Bedok Reservoir,45
Punggol Coast,Bencoolen,42
Punggol Coast,Bendemeer,43
Punggol Coast,Bishan,30
Punggol Coast,Boon Keng,24
Punggol Coast,Boon Lay,69
Punggol Coast,Botanic Gardens,40
Punggol Coast,Braddell,39
Punggol Coast,Bras Basah,38
Punggol Coast,Bright Hill,48
Punggol Coast,Buangkok,10
Punggol Coast,Bugis,36
Punggol Coast,Bukit Batok,69
Punggol Coast,Bukit Gombak,71
Punggol Coast,Bukit Panjang,56
Punggol Coast,Buona Vista,48
Punggol Coast,Caldecott,36
Punggol Coast,Canberra,52
Punggol Coast,Cashew,54
Punggol Coast,Changi Airport,69
Punggol Coast,Chinatown,33
Punggol Coast,Chinese Garden,64
Punggol Coast,Choa Chu Kang,72
Punggol Coast,City Hall,39
Punggol Coast,Clarke Quay,32
Punggol Coast,Clementi,57
Punggol Coast,Commonwealth,50
Punggol Coast,Dakota,38
Punggol Coast,Dhoby Ghaut,29
Punggol Coast,Dover,55
Punggol Coast,Downtown,41
Punggol Coast,Esplanade,40
Punggol Coast,Eunos,44
Punggol Coast,Expo,56
Punggol Coast,Farrer Park,26
Punggol Coast,Farrer Road,43
Punggol Coast,Fort Canning,41
Punggol Coast,Gardens by the Bay,49
Punggol Coast,Geylang Bahru,41
Punggol Coast,Great World,45
Punggol Coast,Gul Circle,77
Punggol Coast,HarbourFront,38
Punggol Coast,Havelock,43
Punggol Coast,Haw Par Villa,54
Punggol Coast,Hillview,53
Punggol Coast,Holland Village,45
Punggol Coast,Hougang,12
Punggol Coast,Hume,50
Punggol Coast,Jalan Besar,44
Punggol Coast,Joo Koon,74
Punggol Coast,Jurong East,61
Punggol Coast,Kaki Bukit,42
Punggol Coast,Kallang,46
Punggol Coast,Katong Park,55
Punggol Coast,Kembangan,46
Punggol Coast,Kent Ridge,52
Punggol Coast,Khatib,47
Punggol Coast,King Albert Park,46
Punggol Coast,Kovan,14
Punggol Coast,Kranji,68
Punggol Coast,Labrador Park,50
Punggol Coast,Lakeside,66
Punggol Coast,Lavender,46
Punggol Coast,Lentor,52
Punggol Coast,Little India,27
Punggol Coast,Lorong Chuan,28
Punggol Coast,MacPherson,33
Punggol Coast,Marina Bay,43
Punggol Coast,Marina South Pier,45
Punggol Coast,Marine Parade,58
Punggol Coast,Marine Terrace,60
Punggol Coast,Marsiling,64
Punggol Coast,Marymount,33
Punggol Coast,Mattar,40
Punggol Coast,Maxwell,43
Punggol Coast,Mayflower,50
Punggol Coast,Mountbatten,40
Punggol Coast,Napier,45
Punggol Coast,Newton,36
Punggol Coast,Nicoll Highway,44
Punggol Coast,Novena,43
Punggol Coast,Orchard,40
Punggol Coast,Orchard Boulevard,47
Punggol Coast,Outram Park,35
Punggol Coast,Pasir Panjang,52
Punggol Coast,Pasir Ris,60
Punggol Coast,Paya Lebar,36
Punggol Coast,Pioneer,71
Punggol Coast,Potong Pasir,21
Punggol Coast,Promenade,38
Punggol Coast,Punggol,6
Punggol Coast,Punggol Coast,0
Punggol Coast,Queenstown,48
Punggol Coast,Raffles Place,41
Punggol Coast,Redhill,46
Punggol Coast,Rochor,35
Punggol Coast,Sembawang,55
Punggol Coast,Sengkang,8
Punggol Coast,Serangoon,17
Punggol Coast,Shenton Way,45
Punggol Coast,Siglap,62
Punggol Coast,Simei,56
Punggol Coast,Sixth Avenue,43
Punggol Coast,Somerset,38
Punggol Coast,Springleaf,55
Punggol Coast,Stadium,42
Punggol Coast,Stevens,38
Punggol Coast,Tai Seng,31
Punggol Coast,Tampines,50
Punggol Coast,Tampines East,52
Punggol Coast,Tampines West,47
Punggol Coast,Tan Kah Kee,41
Punggol Coast,Tanah Merah,51
Punggol Coast,Tanjong Katong,57
Punggol Coast,Tanjong Pagar,44
Punggol Coast,Tanjong Rhu,53
Punggol Coast,Telok Ayer,40
Punggol Coast,Telok Blangah,48
Punggol Coast,Tiong Bahru,44
Punggol Coast,Toa Payoh,41
Punggol Coast,Tuas Crescent,80
Punggol Coast,Tuas Link,84
Punggol Coast,Tuas West Road,82
Punggol Coast,Ubi,40
Punggol Coast,Upper Changi,55
Punggol Coast,Upper Thomson,45
Punggol Coast,Woodlands,61
Punggol Coast,Woodlands North,64
Punggol Coast,Woodlands South,60
Punggol Coast,Woodleigh,19
Punggol Coast,Yew Tee,75
Punggol Coast,Yio Chu Kang,42
Punggol Coast,Yishun,50
Punggol Coast,one-north,50
Queenstown,Admiralty,50
Queenstown,Aljunied,26
Queenstown,Ang Mo Kio,40
Queenstown,Bartley,41
Queenstown,Bayfront,28
Queenstown,Bayshore,39
Queenstown,Beauty World,37
Queenstown,Bedok,35
Queenstown,Bedok North,42
Queenstown,Bedok Reservoir,44
Queenstown,Bencoolen,28
Queenstown,Bendemeer,32
Queenstown,Bishan,32
Queenstown,Boon Keng,28
Queenstown,Boon Lay,24
Queenstown,Botanic Gardens,22
Queenstown,Braddell,34
Queenstown,Bras Basah,31
Queenstown,Bright Hill,38
Queenstown,Buangkok,42
Queenstown,Bugis,19
Queenstown,Bukit Batok,24
Queenstown,Bukit Gombak,26
Queenstown,Bukit Panjang,44
Queenstown,Buona Vista,7
Queenstown,Caldecott,28
Queenstown,Canberra,52
Queenstown,Cashew,44
Queenstown,Changi Airport,56
Queenstown,Chinatown,18
Queenstown,Chinese Garden,19
Queenstown,Choa Chu Kang,30
Queenstown,City Hall,17
Queenstown,Clarke Quay,20
Queenstown,Clementi,12
Queenstown,Commonwealth,5
Queenstown,Dakota,38
Queenstown,Dhoby Ghaut,22
Queenstown,Dover,10
Queenstown,Downtown,26
Queenstown,Esplanade,33
Queenstown,Eunos,30
Queenstown,Expo,50
Queenstown,Farrer Park,26
Queenstown,Farrer Road,20
Queenstown,Fort Canning,26
Queenstown,Gardens by the Bay,24
Queenstown,Geylang Bahru,33
Queenstown,Great World,20
Queenstown,Gul Circle,32
Queenstown,HarbourFront,20
Queenstown,Havelock,19
Queenstown,Haw Par Villa,22
Queenstown,Hillview,42
Queenstown,Holland Village,18
Queenstown,Hougang,40
Queenstown,Hume,39
Queenstown,Jalan Besar,29
Queenstown,Joo Koon,29
Queenstown,Jurong East,16
Queenstown,Kaki Bukit,41
Queenstown,Kallang,23
Queenstown,Katong Park,30
Queenstown,Kembangan,32
Queenstown,Kent Ridge,19
Queenstown,Khatib,47
Queenstown,King Albert Park,35
Queenstown,Kovan,37
Queenstown,Kranji,40
Queenstown,Labrador Park,26
Queenstown,Lakeside,21
Queenstown,Lavender,21
Queenstown,Lentor,43
Queenstown,Little India,24
Queenstown,Lorong Chuan,36
Queenstown,MacPherson,37
Queenstown,Marina Bay,20
Queenstown,Marina South Pier,23
Queenstown,Marine Parade,33
Queenstown,Marine Terrace,35
Queenstown,Marsiling,43
Queenstown,Marymount,30
Queenstown,Mattar,35
Queenstown,Maxwell,18
Queenstown,Mayflower,40
Queenstown,Mountbatten,40
Queenstown,Napier,26
Queenstown,Newton,28
Queenstown,Nicoll Highway,37
Queenstown,Novena,30
Queenstown,Orchard,22
Queenstown,Orchard Boulevard,24
Queenstown,Outram Park,10
Queenstown,Pasir Panjang,24
Queenstown,Pasir Ris,47
Queenstown,Paya Lebar,28
Queenstown,Pioneer,26
Queenstown,Potong Pasir,31
Queenstown,Promenade,29
Queenstown,Punggol,46
Queenstown,Punggol Coast,48
Queenstown,Queenstown,0
Queenstown,Raffles Place,15
Queenstown,Redhill,6
Queenstown,Rochor,28
Queenstown,Sembawang,53
Queenstown,Sengkang,44
Queenstown,Serangoon,35
Queenstown,Shenton Way,20
Queenstown,Siglap,37
Queenstown,Simei,42
Queenstown,Sixth Avenue,33
Queenstown,Somerset,24
Queenstown,Springleaf,46
Queenstown,Stadium,40
Queenstown,Stevens,28
Queenstown,Tai Seng,40
Queenstown,Tampines,44
Queenstown,Tampines East,51
Queenstown,Tampines West,46
Queenstown,Tan Kah Kee,31
Queenstown,Tanah Merah,37
Queenstown,Tanjong Katong,32
Queenstown,Tanjong Pagar,12
Queenstown,Tanjong Rhu,28
Queenstown,Telok Ayer,25
Queenstown,Telok Blangah,28
Queenstown,Tiong Bahru,8
Queenstown,Toa Payoh,33
Queenstown,Tuas Crescent,34
Queenstown,Tuas Link,39
Queenstown,Tuas West Road,37
Queenstown,Ubi,39
Queenstown,Upper Changi,54
Queenstown,Upper Thomson,36
Queenstown,Woodlands,47
Queenstown,Woodlands North,55
Queenstown,Woodlands South,50
Queenstown,Woodleigh,33
Queenstown,Yew Tee,32
Queenstown,Yio Chu Kang,42
Queenstown,Yishun,49
Queenstown,one-north,17
Raffles Place,Admiralty,42
Raffles Place,Aljunied,14
Raffles Place,Ang Mo Kio,24
Raffles Place,Bartley,31
Raffles Place,Bayfront,16
Raffles Place,Bayshore,29
Raffles Place,Beauty World,32
Raffles Place,Bedok,23
Raffles Place,Bedok North,36
Raffles Place,Bedok Reservoir,38
Raffles Place,Bencoolen,25
Raffles Place,Bendemeer,29
Raffles Place,Bishan,21
Raffles Place,Boon Keng,21
Raffles Place,Boon Lay,36
Raffles Place,Botanic Gardens,24
Raffles Place,Braddell,19
Raffles Place,Bras Basah,17
Raffles Place,Bright Hill,33
Raffles Place,Buangkok,34
Raffles Place,Bugis,8
Raffles Place,Bukit Batok,35
Raffles Place,Bukit Gombak,37
Raffles Place,Bukit Panjang,41
Raffles Place,Buona Vista,19
Raffles Place,Caldecott,27
Raffles Place,Canberra,37
Raffles Place,Cashew,39
Raffles Place,Changi Airport,44
Raffles Place,Chinatown,16
Raffles Place,Chinese Garden,30
Raffles Place,Choa Chu Kang,42
Raffles Place,City Hall,5
Raffles Place,Clarke Quay,17
Raffles Place,Clementi,23
Raffles Place,Commonwealth,17
Raffles Place,Dakota,26
Raffles Place,Dhoby Ghaut,7
Raffles Place,Dover,21
Raffles Place,Downtown,21
Raffles Place,Esplanade,19
Raffles Place,Eunos,18
Raffles Place,Expo,39
Raffles Place,Farrer Park,19
Raffles Place,Farrer Road,32
Raffles Place,Fort Canning,23
Raffles Place,Gardens by the Bay,14
Raffles Place,Geylang Bahru,31
Raffles Place,Great World,17
Raffles Place,Gul Circle,43
Raffles Place,HarbourFront,17
Raffles Place,Havelock,16
Raffles Place,Haw Par Villa,33
Raffles Place,Hillview,38
Raffles Place,Holland Village,29
Raffles Place,Hougang,32
Raffles Place,Hume,34
Raffles Place,Jalan Besar,27
Raffles Place,Joo Koon,40
Raffles Place,Jurong East,28
Raffles Place,Kaki Bukit,35
Raffles Place,Kallang,12
Raffles Place,Katong Park,20
Raffles Place,Kembangan,20
Raffles Place,Kent Ridge,31
Raffles Place,Khatib,32
Raffles Place,King Albert Park,30
Raffles Place,Kovan,30
Raffles Place,Kranji,52
Raffles Place,Labrador Park,29
Raffles Place,Lakeside,32
Raffles Place,Lavender,10
Raffles Place,Lentor,38
Raffles Place,Little India,17
Raffles Place,Lorong Chuan,32
Raffles Place,MacPherson,26
Raffles Place,Marina Bay,5
Raffles Place,Marina South Pier,8
Raffles Place,Marine Parade,23
Raffles Place,Marine Terrace,25
Raffles Place,Marsiling,49
Raffles Place,Marymount,32
Raffles Place,Mattar,32
Raffles Place,Maxwell,14
Raffles Place,Mayflower,35
Raffles Place,Mountbatten,28
Raffles Place,Napier,21
Raffles Place,Newton,13
Raffles Place,Nicoll Highway,24
Raffles Place,Novena,15
Raffles Place,Orchard,11
Raffles Place,Orchard Boulevard,19
Raffles Place,Outram Park,8
Raffles Place,Pasir Panjang,31
Raffles Place,Pasir Ris,36
Raffles Place,Paya Lebar,16
Raffles Place,Pioneer,37
Raffles Place,Potong Pasir,23
Raffles Place,Promenade,17
Raffles Place,Punggol,39
Raffles Place,Punggol Coast,41
Raffles Place,Queenstown,15
Raffles Place,Raffles Place,0
Raffles Place,Redhill,12
Raffles Place,Rochor,17
Raffles Place,Sembawang,39
Raffles Place,Sengkang,36
Raffles Place,Serangoon,27
Raffles Place,Shenton Way,13
Raffles Place,Siglap,27
Raffles Place,Simei,30
Raffles Place,Sixth Avenue,28
Raffles Place,Somerset,9
Raffles Place,Springleaf,41
Raffles Place,Stadium,26
Raffles Place,Stevens,22
Raffles Place,Tai Seng,29
Raffles Place,Tampines,33
Raffles Place,Tampines East,43
Raffles Place,Tampines West,40
Raffles Place,Tan Kah Kee,26
Raffles Place,Tanah Merah,26
Raffles Place,Tanjong Katong,22
Raffles Place,Tanjong Pagar,5
Raffles Place,Tanjong Rhu,18
Raffles Place,Telok Ayer,22
Raffles Place,Telok Blangah,27
Raffles Place,Tiong Bahru,10
Raffles Place,Toa Payoh,17
Raffles Place,Tuas Crescent,46
Raffles Place,Tuas Link,50
Raffles Place,Tuas West Road,48
Raffles Place,Ubi,33
Raffles Place,Upper Changi,46
Raffles Place,Upper Thomson,31
Raffles Place,Woodlands,45
Raffles Place,Woodlands North,50
Raffles Place,Woodlands South,45
Raffles Place,Woodleigh,25
Raffles Place,Yew Tee,44
Raffles Place,Yio Chu Kang,27
Raffles Place,Yishun,34
Raffles Place,one-north,29
Redhill,Admiralty,52
Redhill,Aljunied,23
Redhill,Ang Mo Kio,38
Redhill,Bartley,40
Redhill,Bayfront,26
Redhill,Bayshore,37
Redhill,Beauty World,39
Redhill,Bedok,32
Redhill,Bedok North,40
Redhill,Bedok Reservoir,42
Redhill,Bencoolen,25
Redhill,Bendemeer,29
Redhill,Bishan,34
Redhill,Boon Keng,26
Redhill,Boon Lay,26
Redhill,Botanic Gardens,25
Redhill,Braddell,32
Redhill,Bras Basah,29
Redhill,Bright Hill,36
Redhill,Buangkok,40
Redhill,Bugis,17
Redhill,Bukit Batok,26
Redhill,Bukit Gombak,28
Redhill,Bukit Panjang,47
Redhill,Buona Vista,10
Redhill,Caldecott,30
Redhill,Canberra,50
Redhill,Cashew,46
Redhill,Changi Airport,53
Redhill,Chinatown,16
Redhill,Chinese Garden,21
Redhill,Choa Chu Kang,32
Redhill,City Hall,15
Redhill,Clarke Quay,18
Redhill,Clementi,14
Redhill,Commonwealth,8
Redhill,Dakota,36
Redhill,Dhoby Ghaut,20
Redhill,Dover,12
Redhill,Downtown,24
Redhill,Esplanade,31
Redhill,Eunos,28
Redhill,Expo,48
Redhill,Farrer Park,24
Redhill,Farrer Road,22
Redhill,Fort Canning,24
Redhill,Gardens by the Bay,22
Redhill,Geylang Bahru,31
Redhill,Great World,18
Redhill,Gul Circle,34
Redhill,HarbourFront,18
Redhill,Havelock,16
Redhill,Haw Par Villa,24
Redhill,Hillview,44
Redhill,Holland Village,20
Redhill,Hougang,37
Redhill,Hume,41
Redhill,Jalan Besar,27
Redhill,Joo Koon,31
Redhill,Jurong East,18
Redhill,Kaki Bukit,38
Redhill,Kallang,21
Redhill,Katong Park,28
Redhill,Kembangan,30
Redhill,Kent Ridge,22
Redhill,Khatib,45
Redhill,King Albert Park,37
Redhill,Kovan,35
Redhill,Kranji,42
Redhill,Labrador Park,29
Redhill,Lakeside,23
Redhill,Lavender,19
Redhill,Lentor,40
Redhill,Little India,22
Redhill,Lorong Chuan,38
Redhill,MacPherson,34
Redhill,Marina Bay,18
Redhill,Marina South Pier,21
Redhill,Marine Parade,31
Redhill,Marine Terrace,33
Redhill,Marsiling,46
Redhill,Marymount,32
Redhill,Mattar,33
Redhill,Maxwell,16
Redhill,Mayflower,38
Redhill,Mountbatten,38
Redhill,Napier,23
Redhill,Newton,26
Redhill,Nicoll Highway,35
Redhill,Novena,28
Redhill,Orchard,20
Redhill,Orchard Boulevard,22
Redhill,Outram Park,8
Redhill,Pasir Panjang,26
Redhill,Pasir Ris,45
Redhill,Paya Lebar,26
Redhill,Pioneer,28
Redhill,Potong Pasir,28
Redhill,Promenade,26
Redhill,Punggol,44
Redhill,Punggol Coast,46
Redhill,Queenstown,6
Redhill,Raffles Place,12
Redhill,Redhill,0
Redhill,Rochor,26
Redhill,Sembawang,52
Redhill,Sengkang,42
Redhill,Serangoon,32
Redhill,Shenton Way,18
Redhill,Siglap,35
Redhill,Simei,40
Redhill,Sixth Avenue,35
Redhill,Somerset,22
Redhill,Springleaf,43
Redhill,Stadium,37
Redhill,Stevens,26
Redhill,Tai Seng,38
Redhill,Tampines,42
Redhill,Tampines East,48
Redhill,Tampines West,44
Redhill,Tan Kah Kee,33
Redhill,Tanah Merah,35
Redhill,Tanjong Katong,30
Redhill,Tanjong Pagar,10
Redhill,Tanjong Rhu,26
Redhill,Telok Ayer,23
Redhill,Telok Blangah,27
Redhill,Tiong Bahru,5
Redhill,Toa Payoh,30
Redhill,Tuas Crescent,37
Redhill,Tuas Link,41
Redhill,Tuas West Road,39
Redhill,Ubi,37
Redhill,Upper Changi,52
Redhill,Upper Thomson,33
Redhill,Woodlands,49
Redhill,Woodlands North,53
Redhill,Woodlands South,48
Redhill,Woodleigh,30
Redhill,Yew Tee,35
Redhill,Yio Chu Kang,40
Redhill,Yishun,47
Redhill,one-north,20
Rochor,Admiralty,43
Rochor,Aljunied,19
Rochor,Ang Mo Kio,25
Rochor,Bartley,31
Rochor,Bayfront,9
Rochor,Bayshore,41
Rochor,Beauty World,19
Rochor,Bedok,28
Rochor,Bedok North,32
Rochor,Bedok Reservoir,34
Rochor,Bencoolen,18
Rochor,Bendemeer,22
Rochor,Bishan,22
Rochor,Boon Keng,15
Rochor,Boon Lay,49
Rochor,Botanic Gardens,11
Rochor,Braddell,20
Rochor,Bras Basah,18
Rochor,Bright Hill,24
Rochor,Buangkok,28
Rochor,Bugis,5
Rochor,Bukit Batok,49
Rochor,Bukit Gombak,51
Rochor,Bukit Panjang,28
Rochor,Buona Vista,26
Rochor,Caldecott,18
Rochor,Canberra,38
Rochor,Cashew,26
Rochor,Changi Airport,49
Rochor,Chinatown,14
Rochor,Chinese Garden,44
Rochor,Choa Chu Kang,43
Rochor,City Hall,15
Rochor,Clarke Quay,15
Rochor,Clementi,37
Rochor,Commonwealth,30
Rochor,Dakota,21
Rochor,Dhoby Ghaut,13
Rochor,Dover,35
Rochor,Downtown,11
Rochor,Esplanade,16
Rochor,Eunos,23
Rochor,Expo,43
Rochor,Farrer Park,13
Rochor,Farrer Road,21
Rochor,Fort Canning,16
Rochor,Gardens by the Bay,26
Rochor,Geylang Bahru,24
Rochor,Great World,22
Rochor,Gul Circle,57
Rochor,HarbourFront,22
Rochor,Havelock,24
Rochor,Haw Par Villa,33
Rochor,Hillview,24
Rochor,Holland Village,24
Rochor,Hougang,26
Rochor,Hume,21
Rochor,Jalan Besar,19
Rochor,Joo Koon,54
Rochor,Jurong East,41
Rochor,Kaki Bukit,31
Rochor,Kallang,16
Rochor,Katong Park,32
Rochor,Kembangan,25
Rochor,Kent Ridge,30
Rochor,Khatib,33
Rochor,King Albert Park,17
Rochor,Kovan,24
Rochor,Kranji,53
Rochor,Labrador Park,33
Rochor,Lakeside,46
Rochor,Lavender,14
Rochor,Lentor,29
Rochor,Little India,5
Rochor,Lorong Chuan,32
Rochor,MacPherson,26
Rochor,Marina Bay,17
Rochor,Marina South Pier,25
Rochor,Marine Parade,35
Rochor,Marine Terrace,37
Rochor,Marsiling,49
Rochor,Marymount,26
Rochor,Mattar,25
Rochor,Maxwell,26
Rochor,Mayflower,26
Rochor,Mountbatten,20
Rochor,Napier,17
Rochor,Newton,7
Rochor,Nicoll Highway,16
Rochor,Novena,16
Rochor,Orchard,16
Rochor,Orchard Boulevard,18
Rochor,Outram Park,18
Rochor,Pasir Panjang,35
Rochor,Pasir Ris,40
Rochor,Paya Lebar,21
Rochor,Pioneer,51
Rochor,Potong Pasir,17
Rochor,Promenade,7
Rochor,Punggol,33
Rochor,Punggol Coast,35
Rochor,Queenstown,28
Rochor,Raffles Place,17
Rochor,Redhill,26
Rochor,Rochor,0
Rochor,Sembawang,40
Rochor,Sengkang,30
Rochor,Serangoon,21
Rochor,Shenton Way,25
Rochor,Siglap,39
Rochor,Simei,35
Rochor,Sixth Avenue,15
Rochor,Somerset,18
Rochor,Springleaf,32
Rochor,Stadium,18
Rochor,Stevens,9
Rochor,Tai Seng,29
Rochor,Tampines,37
Rochor,Tampines East,41
Rochor,Tampines West,36
Rochor,Tan Kah Kee,13
Rochor,Tanah Merah,30
Rochor,Tanjong Katong,34
Rochor,Tanjong Pagar,19
Rochor,Tanjong Rhu,30
Rochor,Telok Ayer,12
Rochor,Telok Blangah,31
Rochor,Tiong Bahru,24
Rochor,Toa Payoh,18
Rochor,Tuas Crescent,60
Rochor,Tuas Link,64
Rochor,Tuas West Road,62
Rochor,Ubi,29
Rochor,Upper Changi,44
Rochor,Upper Thomson,22
Rochor,Woodlands,38
Rochor,Woodlands North,41
Rochor,Woodlands South,36
Rochor,Woodleigh,19
Rochor,Yew Tee,50
Rochor,Yio Chu Kang,28
Rochor,Yishun,35
Rochor,one-north,28
Sembawang,Admiralty,6
Sembawang,Aljunied,50
Sembawang,Ang Mo Kio,18
Sembawang,Bartley,37
Sembawang,Bayfront,46
Sembawang,Bayshore,65
Sembawang,Beauty World,49
Sembawang,Bedok,57
Sembawang,Bedok North,52
Sembawang,Bedok Reservoir,54
Sembawang,Bencoolen,54
Sembawang,Bendemeer,52
Sembawang,Bishan,21
Sembawang,Boon Keng,48
Sembawang,Boon Lay,48
Sembawang,Botanic Gardens,39
Sembawang,Braddell,23
Sembawang,Bras Basah,45
Sembawang,Bright Hill,31
Sembawang,Buangkok,48
Sembawang,Bugis,42
Sembawang,Bukit Batok,32
Sembawang,Bukit Gombak,30
Sembawang,Bukit Panjang,40
Sembawang,Buona Vista,46
Sembawang,Caldecott,34
Sembawang,Canberra,6
Sembawang,Cashew,48
Sembawang,Changi Airport,78
Sembawang,Chinatown,47
Sembawang,Chinese Garden,43
Sembawang,Choa Chu Kang,26
Sembawang,City Hall,37
Sembawang,Clarke Quay,45
Sembawang,Clementi,44
Sembawang,Commonwealth,51
Sembawang,Dakota,47
Sembawang,Dhoby Ghaut,35
Sembawang,Dover,47
Sembawang,Downtown,47
Sembawang,Esplanade,47
Sembawang,Eunos,53
Sembawang,Expo,65
Sembawang,Farrer Park,47
Sembawang,Farrer Road,42
Sembawang,Fort Canning,53
Sembawang,Gardens by the Bay,50
Sembawang,Geylang Bahru,50
Sembawang,Great World,40
Sembawang,Gul Circle,56
Sembawang,HarbourFront,52
Sembawang,Havelock,41
Sembawang,Haw Par Villa,53
Sembawang,Hillview,50
Sembawang,Holland Village,44
Sembawang,Hougang,46
Sembawang,Hume,51
Sembawang,Jalan Besar,54
Sembawang,Joo Koon,53
Sembawang,Jurong East,36
Sembawang,Kaki Bukit,51
Sembawang,Kallang,48
Sembawang,Katong Park,56
Sembawang,Kembangan,55
Sembawang,Kent Ridge,51
Sembawang,Khatib,11
Sembawang,King Albert Park,47
Sembawang,Kovan,44
Sembawang,Kranji,16
Sembawang,Labrador Park,58
Sembawang,Lakeside,45
Sembawang,Lavender,46
Sembawang,Lentor,26
Sembawang,Little India,39
Sembawang,Lorong Chuan,32
Sembawang,MacPherson,42
Sembawang,Marina Bay,41
Sembawang,Marina South Pier,44
Sembawang,Marine Parade,59
Sembawang,Marine Terrace,61
Sembawang,Marsiling,13
Sembawang,Marymount,32
Sembawang,Mattar,49
Sembawang,Maxwell,45
Sembawang,Mayflower,29
Sembawang,Mountbatten,49
Sembawang,Napier,41
Sembawang,Newton,29
Sembawang,Nicoll Highway,51
Sembawang,Novena,28
Sembawang,Orchard,32
Sembawang,Orchard Boulevard,40
Sembawang,Outram Park,43
Sembawang,Pasir Panjang,55
Sembawang,Pasir Ris,69
Sembawang,Paya Lebar,45
Sembawang,Pioneer,50
Sembawang,Potong Pasir,45
Sembawang,Promenade,43
Sembawang,Punggol,53
Sembawang,Punggol Coast,55
Sembawang,Queenstown,53
Sembawang,Raffles Place,39
Sembawang,Redhill,52
Sembawang,Rochor,40
Sembawang,Sembawang,0
Sembawang,Sengkang,50
Sembawang,Serangoon,34
Sembawang,Shenton Way,46
Sembawang,Siglap,63
Sembawang,Simei,65
Sembawang,Sixth Avenue,44
Sembawang,Somerset,34
Sembawang,Springleaf,24
Sembawang,Stadium,51
Sembawang,Stevens,39
Sembawang,Tai Seng,40
Sembawang,Tampines,58
Sembawang,Tampines East,61
Sembawang,Tampines West,56
Sembawang,Tan Kah Kee,42
Sembawang,Tanah Merah,60
Sembawang,Tanjong Katong,58
Sembawang,Tanjong Pagar,45
Sembawang,Tanjong Rhu,54
Sembawang,Telok Ayer,49
Sembawang,Telok Blangah,60
Sembawang,Tiong Bahru,50
Sembawang,Toa Payoh,25
Sembawang,Tuas Crescent,58
Sembawang,Tuas Link,63
Sembawang,Tuas West Road,61
Sembawang,Ubi,49
Sembawang,Upper Changi,64
Sembawang,Upper Thomson,33
Sembawang,Woodlands,9
Sembawang,Woodlands North,19
Sembawang,Woodlands South,19
Sembawang,Woodleigh,43
Sembawang,Yew Tee,24
Sembawang,Yio Chu Kang,16
Sembawang,Yishun,8
Sembawang,one-north,49
Sengkang,Admiralty,53
Sengkang,Aljunied,39
Sengkang,Ang Mo Kio,35
Sengkang,Bartley,24
Sengkang,Bayfront,36
Sengkang,Bayshore,59
Sengkang,Beauty World,43
Sengkang,Bedok,44
Sengkang,Bedok North,39
Sengkang,Bedok Reservoir,41
Sengkang,Bencoolen,38
Sengkang,Bendemeer,39
Sengkang,Bishan,26
Sengkang,Boon Keng,19
Sengkang,Boon Lay,65
Sengkang,Botanic Gardens,35
Sengkang,Braddell,34
Sengkang,Bras Basah,34
Sengkang,Bright Hill,43
Sengkang,Buangkok,5
Sengkang,Bugis,32
Sengkang,Bukit Batok,64
Sengkang,Bukit Gombak,66
Sengkang,Bukit Panjang,52
Sengkang,Buona Vista,43
Sengkang,Caldecott,31
Sengkang,Canberra,48
Sengkang,Cashew,50
Sengkang,Changi Airport,65
Sengkang,Chinatown,29
Sengkang,Chinese Garden,59
Sengkang,Choa Chu Kang,67
Sengkang,City Hall,34
Sengkang,Clarke Quay,27
Sengkang,Clementi,52
Sengkang,Commonwealth,46
Sengkang,Dakota,34
Sengkang,Dhoby Ghaut,25
Sengkang,Dover,50
Sengkang,Downtown,37
Sengkang,Esplanade,36
Sengkang,Eunos,39
Sengkang,Expo,52
Sengkang,Farrer Park,21
Sengkang,Farrer Road,38
Sengkang,Fort Canning,36
Sengkang,Gardens by the Bay,44
Sengkang,Geylang Bahru,37
Sengkang,Great World,40
Sengkang,Gul Circle,72
Sengkang,HarbourFront,34
Sengkang,Havelock,39
Sengkang,Haw Par Villa,50
Sengkang,Hillview,48
Sengkang,Holland Village,41
Sengkang,Hougang,8
Sengkang,Hume,45
Sengkang,Jalan Besar,39
Sengkang,Joo Koon,70
Sengkang,Jurong East,57
Sengkang,Kaki Bukit,37
Sengkang,Kallang,42
Sengkang,Katong Park,50
Sengkang,Kembangan,41
Sengkang,Kent Ridge,47
Sengkang,Khatib,43
Sengkang,King Albert Park,41
Sengkang,Kovan,10
Sengkang,Kranji,63
Sengkang,Labrador Park,45
Sengkang,Lakeside,61
Sengkang,Lavender,41
Sengkang,Lentor,48
Sengkang,Little India,23
Sengkang,Lorong Chuan,23
Sengkang,MacPherson,28
Sengkang,Marina Bay,38
Sengkang,Marina South Pier,41
Sengkang,Marine Parade,53
Sengkang,Marine Terrace,55
Sengkang,Marsiling,60
Sengkang,Marymount,29
Sengkang,Mattar,35
Sengkang,Maxwell,38
Sengkang,Mayflower,45
Sengkang,Mountbatten,36
Sengkang,Napier,41
Sengkang,Newton,31
Sengkang,Nicoll Highway,40
Sengkang,Novena,38
Sengkang,Orchard,36
Sengkang,Orchard Boulevard,42
Sengkang,Outram Park,30
Sengkang,Pasir Panjang,48
Sengkang,Pasir Ris,56
Sengkang,Paya Lebar,31
Sengkang,Pioneer,66
Sengkang,Potong Pasir,16
Sengkang,Promenade,33
Sengkang,Punggol,6
Sengkang,Punggol Coast,8
Sengkang,Queenstown,44
Sengkang,Raffles Place,36
Sengkang,Redhill,42
Sengkang,Rochor,30
Sengkang,Sembawang,50
Sengkang,Sengkang,0
Sengkang,Serangoon,12
Sengkang,Shenton Way,40
Sengkang,Siglap,57
Sengkang,Simei,51
Sengkang,Sixth Avenue,39
Sengkang,Somerset,34
Sengkang,Springleaf,51
Sengkang,Stadium,38
Sengkang,Stevens,33
Sengkang,Tai Seng,26
Sengkang,Tampines,45
Sengkang,Tampines East,47
Sengkang,Tampines West,43
Sengkang,Tan Kah Kee,37
Sengkang,Tanah Merah,47
Sengkang,Tanjong Katong,52
Sengkang,Tanjong Pagar,39
Sengkang,Tanjong Rhu,48
Sengkang,Telok Ayer,35
Sengkang,Telok Blangah,43
Sengkang,Tiong Bahru,39
Sengkang,Toa Payoh,36
Sengkang,Tuas Crescent,75
Sengkang,Tuas Link,79
Sengkang,Tuas West Road,77
Sengkang,Ubi,35
Sengkang,Upper Changi,50
Sengkang,Upper Thomson,41
Sengkang,Woodlands,56
Sengkang,Woodlands North,60
Sengkang,Woodlands South,55
Sengkang,Woodleigh,15
Sengkang,Yew Tee,71
Sengkang,Yio Chu Kang,38
Sengkang,Yishun,45
Sengkang,one-north,45
Serangoon,Admiralty,37
Serangoon,Aljunied,23
Serangoon,Ang Mo Kio,19
Serangoon,Bartley,8
Serangoon,Bayfront,26
Serangoon,Bayshore,50
Serangoon,Beauty World,34
Serangoon,Bedok,28
Serangoon,Bedok North,23
Serangoon,Bedok Reservoir,24
Serangoon,Bencoolen,27
Serangoon,Bendemeer,23
Serangoon,Bishan,10
Serangoon,Boon Keng,10
Serangoon,Boon Lay,50
Serangoon,Botanic Gardens,19
Serangoon,Braddell,18
Serangoon,Bras Basah,25
Serangoon,Bright Hill,27
Serangoon,Buangkok,10
Serangoon,Bugis,23
Serangoon,Bukit Batok,50
Serangoon,Bukit Gombak,52
Serangoon,Bukit Panjang,43
Serangoon,Buona Vista,27
Serangoon,Caldecott,15
Serangoon,Canberra,32
Serangoon,Cashew,41
Serangoon,Changi Airport,49
Serangoon,Chinatown,20
Serangoon,Chinese Garden,45
Serangoon,Choa Chu Kang,56
Serangoon,City Hall,25
Serangoon,Clarke Quay,18
Serangoon,Clementi,38
Serangoon,Commonwealth,35
Serangoon,Dakota,18
Serangoon,Dhoby Ghaut,16
Serangoon,Dover,36
Serangoon,Downtown,28
Serangoon,Esplanade,27
Serangoon,Eunos,23
Serangoon,Expo,36
Serangoon,Farrer Park,12
Serangoon,Farrer Road,22
Serangoon,Fort Canning,27
Serangoon,Gardens by the Bay,35
Serangoon,Geylang Bahru,21
Serangoon,Great World,31
Serangoon,Gul Circle,58
Serangoon,HarbourFront,25
Serangoon,Havelock,30
Serangoon,Haw Par Villa,34
Serangoon,Hillview,39
Serangoon,Holland Village,25
Serangoon,Hougang,8
Serangoon,Hume,36
Serangoon,Jalan Besar,25
Serangoon,Joo Koon,55
Serangoon,Jurong East,42
Serangoon,Kaki Bukit,21
Serangoon,Kallang,25
Serangoon,Katong Park,41
Serangoon,Kembangan,25
Serangoon,Kent Ridge,31
Serangoon,Khatib,27
Serangoon,King Albert Park,32
Serangoon,Kovan,6
Serangoon,Kranji,47
Serangoon,Labrador Park,36
Serangoon,Lakeside,47
Serangoon,Lavender,27
Serangoon,Lentor,32
Serangoon,Little India,14
Serangoon,Lorong Chuan,7
Serangoon,MacPherson,12
Serangoon,Marina Bay,29
Serangoon,Marina South Pier,32
Serangoon,Marine Parade,44
Serangoon,Marine Terrace,46
Serangoon,Marsiling,44
Serangoon,Marymount,13
Serangoon,Mattar,19
Serangoon,Maxwell,30
Serangoon,Mayflower,29
Serangoon,Mountbatten,20
Serangoon,Napier,28
Serangoon,Newton,22
Serangoon,Nicoll Highway,24
Serangoon,Novena,22
Serangoon,Orchard,26
Serangoon,Orchard Boulevard,30
Serangoon,Outram Park,22
Serangoon,Pasir Panjang,36
Serangoon,Pasir Ris,40
Serangoon,Paya Lebar,15
Serangoon,Pioneer,52
Serangoon,Potong Pasir,8
Serangoon,Promenade,24
Serangoon,Punggol,15
Serangoon,Punggol Coast,17
Serangoon,Queenstown,35
Serangoon,Raffles Place,27
Serangoon,Redhill,32
Serangoon,Rochor,21
Serangoon,Sembawang,34
Serangoon,Sengkang,12
Serangoon,Serangoon,0
Serangoon,Shenton Way,31
Serangoon,Siglap,48
Serangoon,Simei,35
Serangoon,Sixth Avenue,30
Serangoon,Somerset,25
Serangoon,Springleaf,34
Serangoon,Stadium,21
Serangoon,Stevens,24
Serangoon,Tai Seng,10
Serangoon,Tampines,29
Serangoon,Tampines East,31
Serangoon,Tampines West,27
Serangoon,Tan Kah Kee,28
Serangoon,Tanah Merah,30
Serangoon,Tanjong Katong,43
Serangoon,Tanjong Pagar,30
Serangoon,Tanjong Rhu,39
Serangoon,Telok Ayer,26
Serangoon,Telok Blangah,34
Serangoon,Tiong Bahru,30
Serangoon,Toa Payoh,20
Serangoon,Tuas Crescent,60
Serangoon,Tuas Link,65
Serangoon,Tuas West Road,63
Serangoon,Ubi,19
Serangoon,Upper Changi,34
Serangoon,Upper Thomson,25
Serangoon,Woodlands,40
Serangoon,Woodlands North,44
Serangoon,Woodlands South,39
Serangoon,Woodleigh,6
Serangoon,Yew Tee,55
Serangoon,Yio Chu Kang,22
Serangoon,Yishun,29
Serangoon,one-north,29
Shenton Way,Admiralty,49
Shenton Way,Aljunied,28
Shenton Way,Ang Mo Kio,31
Shenton Way,Bartley,41
Shenton Way,Bayfront,16
Shenton Way,Bayshore,22
Shenton Way,Beauty World,33
Shenton Way,Bedok,36
Shenton Way,Bedok North,38
Shenton Way,Bedok Reservoir,40
Shenton Way,Bencoolen,24
Shenton Way,Bendemeer,28
Shenton Way,Bishan,28
Shenton Way,Boon Keng,25
Shenton Way,Boon Lay,41
Shenton Way,Botanic Gardens,25
Shenton Way,Braddell,26
Shenton Way,Bras Basah,26
Shenton Way,Bright Hill,28
Shenton Way,Buangkok,38
Shenton Way,Bugis,21
Shenton Way,Bukit Batok,40
Shenton Way,Bukit Gombak,42
Shenton Way,Bukit Panjang,42
Shenton Way,Buona Vista,24
Shenton Way,Caldecott,22
Shenton Way,Canberra,44
Shenton Way,Cashew,40
Shenton Way,Changi Airport,57
Shenton Way,Chinatown,15
Shenton Way,Chinese Garden,35
Shenton Way,Choa Chu Kang,47
Shenton Way,City Hall,15
Shenton Way,Clarke Quay,16
Shenton Way,Clementi,29
Shenton Way,Commonwealth,22
Shenton Way,Dakota,31
Shenton Way,Dhoby Ghaut,17
Shenton Way,Dover,26
Shenton Way,Downtown,21
Shenton Way,Esplanade,25
Shenton Way,Eunos,32
Shenton Way,Expo,52
Shenton Way,Farrer Park,23
Shenton Way,Farrer Road,35
Shenton Way,Fort Canning,22
Shenton Way,Gardens by the Bay,7
Shenton Way,Geylang Bahru,30
Shenton Way,Great World,10
Shenton Way,Gul Circle,49
Shenton Way,HarbourFront,16
Shenton Way,Havelock,8
Shenton Way,Haw Par Villa,32
Shenton Way,Hillview,38
Shenton Way,Holland Village,34
Shenton Way,Hougang,36
Shenton Way,Hume,35
Shenton Way,Jalan Besar,26
Shenton Way,Joo Koon,46
Shenton Way,Jurong East,33
Shenton Way,Kaki Bukit,37
Shenton Way,Kallang,25
Shenton Way,Katong Park,13
Shenton Way,Kembangan,34
Shenton Way,Kent Ridge,35
Shenton Way,Khatib,39
Shenton Way,King Albert Park,31
Shenton Way,Kovan,34
Shenton Way,Kranji,56
Shenton Way,Labrador Park,28
Shenton Way,Lakeside,37
Shenton Way,Lavender,23
Shenton Way,Lentor,33
Shenton Way,Little India,21
Shenton Way,Lorong Chuan,38
Shenton Way,MacPherson,33
Shenton Way,Marina Bay,5
Shenton Way,Marina South Pier,13
Shenton Way,Marine Parade,16
Shenton Way,Marine Terrace,18
Shenton Way,Marsiling,53
Shenton Way,Marymount,33
Shenton Way,Mattar,32
Shenton Way,Maxwell,5
Shenton Way,Mayflower,30
Shenton Way,Mountbatten,29
Shenton Way,Napier,16
Shenton Way,Newton,20
Shenton Way,Nicoll Highway,25
Shenton Way,Novena,22
Shenton Way,Orchard,12
Shenton Way,Orchard Boulevard,14
Shenton Way,Outram Park,6
Shenton Way,Pasir Panjang,30
Shenton Way,Pasir Ris,49
Shenton Way,Paya Lebar,30
Shenton Way,Pioneer,42
Shenton Way,Potong Pasir,27
Shenton Way,Promenade,18
Shenton Way,Punggol,43
Shenton Way,Punggol Coast,45
Shenton Way,Queenstown,20
Shenton Way,Raffles Place,13
Shenton Way,Redhill,18
Shenton Way,Rochor,25
Shenton Way,Sembawang,46
Shenton Way,Sengkang,40
Shenton Way,Serangoon,31
Shenton Way,Shenton Way,0
Shenton Way,Siglap,20
Shenton Way,Simei,44
Shenton Way,Sixth Avenue,29
Shenton Way,Somerset,19
Shenton Way,Springleaf,35
Shenton Way,Stadium,27
Shenton Way,Stevens,18
Shenton Way,Tai Seng,38
Shenton Way,Tampines,45
Shenton Way,Tampines East,47
Shenton Way,Tampines West,43
Shenton Way,Tan Kah Kee,27
Shenton Way,Tanah Merah,39
Shenton Way,Tanjong Katong,15
Shenton Way,Tanjong Pagar,15
Shenton Way,Tanjong Rhu,11
Shenton Way,Telok Ayer,21
Shenton Way,Telok Blangah,26
Shenton Way,Tiong Bahru,16
Shenton Way,Toa Payoh,24
Shenton Way,Tuas Crescent,51
Shenton Way,Tuas Link,55
Shenton Way,Tuas West Road,53
Shenton Way,Ubi,35
Shenton Way,Upper Changi,50
Shenton Way,Upper Thomson,26
Shenton Way,Woodlands,42
Shenton Way,Woodlands North,45
Shenton Way,Woodlands South,40
Shenton Way,Woodleigh,29
Shenton Way,Yew Tee,49
Shenton Way,Yio Chu Kang,34
Shenton Way,Yishun,41
Shenton Way,one-north,34
Siglap,Admiralty,66
Siglap,Aljunied,41
Siglap,Ang Mo Kio,48
Siglap,Bartley,55
Siglap,Bayfront,29
Siglap,Bayshore,6
Siglap,Beauty World,50
Siglap,Bedok,50
Siglap,Bedok North,56
Siglap,Bedok Reservoir,58
Siglap,Bencoolen,41
Siglap,Bendemeer,45
Siglap,Bishan,45
Siglap,Boon Keng,42
Siglap,Boon Lay,58
Siglap,Botanic Gardens,42
Siglap,Braddell,43
Siglap,Bras Basah,40
Siglap,Bright Hill,45
Siglap,Buangkok,55
Siglap,Bugis,35
Siglap,Bukit Batok,58
Siglap,Bukit Gombak,60
Siglap,Bukit Panjang,59
Siglap,Buona Vista,41
Siglap,Caldecott,39
Siglap,Canberra,60
Siglap,Cashew,57
Siglap,Changi Airport,71
Siglap,Chinatown,32
Siglap,Chinese Garden,52
Siglap,Choa Chu Kang,64
Siglap,City Hall,29
Siglap,Clarke Quay,34
Siglap,Clementi,46
Siglap,Commonwealth,39
Siglap,Dakota,45
Siglap,Dhoby Ghaut,31
Siglap,Dover,43
Siglap,Downtown,35
Siglap,Esplanade,39
Siglap,Eunos,46
Siglap,Expo,66
Siglap,Farrer Park,40
Siglap,Farrer Road,53
Siglap,Fort Canning,39
Siglap,Gardens by the Bay,17
Siglap,Geylang Bahru,47
Siglap,Great World,27
Siglap,Gul Circle,66
Siglap,HarbourFront,33
Siglap,Havelock,26
Siglap,Haw Par Villa,49
Siglap,Hillview,55
Siglap,Holland Village,51
Siglap,Hougang,53
Siglap,Hume,52
Siglap,Jalan Besar,43
Siglap,Joo Koon,63
Siglap,Jurong East,50
Siglap,Kaki Bukit,54
Siglap,Kallang,39
Siglap,Katong Park,11
Siglap,Kembangan,47
Siglap,Kent Ridge,52
Siglap,Khatib,55
Siglap,King Albert Park,48
Siglap,Kovan,51
Siglap,Kranji,74
Siglap,Labrador Park,45
Siglap,Lakeside,55
Siglap,Lavender,37
Siglap,Lentor,50
Siglap,Little India,38
Siglap,Lorong Chuan,55
Siglap,MacPherson,50
Siglap,Marina Bay,19
Siglap,Marina South Pier,27
Siglap,Marine Parade,8
Siglap,Marine Terrace,6
Siglap,Marsiling,70
Siglap,Marymount,50
Siglap,Mattar,49
Siglap,Maxwell,22
Siglap,Mayflower,47
Siglap,Mountbatten,43
Siglap,Napier,33
Siglap,Newton,37
Siglap,Nicoll Highway,39
Siglap,Novena,39
Siglap,Orchard,29
Siglap,Orchard Boulevard,31
Siglap,Outram Park,23
Siglap,Pasir Panjang,47
Siglap,Pasir Ris,63
Siglap,Paya Lebar,43
Siglap,Pioneer,60
Siglap,Potong Pasir,44
Siglap,Promenade,32
Siglap,Punggol,60
Siglap,Punggol Coast,62
Siglap,Queenstown,37
Siglap,Raffles Place,27
Siglap,Redhill,35
Siglap,Rochor,39
Siglap,Sembawang,63
Siglap,Sengkang,57
Siglap,Serangoon,48
Siglap,Shenton Way,20
Siglap,Siglap,0
Siglap,Simei,58
Siglap,Sixth Avenue,46
Siglap,Somerset,33
Siglap,Springleaf,53
Siglap,Stadium,41
Siglap,Stevens,35
Siglap,Tai Seng,52
Siglap,Tampines,60
Siglap,Tampines East,64
Siglap,Tampines West,60
Siglap,Tan Kah Kee,44
Siglap,Tanah Merah,53
Siglap,Tanjong Katong,9
Siglap,Tanjong Pagar,32
Siglap,Tanjong Rhu,13
Siglap,Telok Ayer,37
Siglap,Telok Blangah,43
Siglap,Tiong Bahru,33
Siglap,Toa Payoh,41
Siglap,Tuas Crescent,68
Siglap,Tuas Link,72
Siglap,Tuas West Road,70
Siglap,Ubi,52
Siglap,Upper Changi,67
Siglap,Upper Thomson,43
Siglap,Woodlands,59
Siglap,Woodlands North,62
Siglap,Woodlands South,57
Siglap,Woodleigh,46
Siglap,Yew Tee,66
Siglap,Yio Chu Kang,50
Siglap,Yishun,58
Siglap,one-north,51
Simei,Admiralty,68
Simei,Aljunied,19
Simei,Ang Mo Kio,50
Simei,Bartley,32
Simei,Bayfront,37
Simei,Bayshore,60
Simei,Beauty World,50
Simei,Bedok,10
Simei,Bedok North,20
Simei,Bedok Reservoir,18
Simei,Bencoolen,35
Simei,Bendemeer,31
Simei,Bishan,40
Simei,Boon Keng,46
Simei,Boon Lay,63
Simei,Botanic Gardens,43
Simei,Braddell,46
Simei,Bras Basah,40
Simei,Bright Hill,56
Simei,Buangkok,49
Simei,Bugis,26
Simei,Bukit Batok,62
Simei,Bukit Gombak,64
Simei,Bukit Panjang,60
Simei,Buona Vista,46
Simei,Caldecott,45
Simei,Canberra,62
Simei,Cashew,58
Simei,Changi Airport,26
Simei,Chinatown,39
Simei,Chinese Garden,57
Simei,Choa Chu Kang,69
Simei,City Hall,28
Simei,Clarke Quay,44
Simei,Clementi,51
Simei,Commonwealth,44
Simei,Dakota,28
Simei,Dhoby Ghaut,34
Simei,Dover,48
Simei,Downtown,39
Simei,Esplanade,38
Simei,Eunos,15
Simei,Expo,20
Simei,Farrer Park,44
Simei,Farrer Road,53
Simei,Fort Canning,36
Simei,Gardens by the Bay,45
Simei,Geylang Bahru,29
Simei,Great World,44
Simei,Gul Circle,71
Simei,HarbourFront,44
Simei,Havelock,43
Simei,Haw Par Villa,60
Simei,Hillview,56
Simei,Holland Village,55
Simei,Hougang,47
Simei,Hume,52
Simei,Jalan Besar,33
Simei,Joo Koon,68
Simei,Jurong East,55
Simei,Kaki Bukit,22
Simei,Kallang,22
Simei,Katong Park,51
Simei,Kembangan,13
Simei,Kent Ridge,58
Simei,Khatib,57
Simei,King Albert Park,48
Simei,Kovan,45
Simei,Kranji,78
Simei,Labrador Park,56
Simei,Lakeside,59
Simei,Lavender,24
Simei,Lentor,60
Simei,Little India,36
Simei,Lorong Chuan,38
Simei,MacPherson,25
Simei,Marina Bay,36
Simei,Marina South Pier,38
Simei,Marine Parade,54
Simei,Marine Terrace,56
Simei,Marsiling,74
Simei,Marymount,43
Simei,Mattar,27
Simei,Maxwell,43
Simei,Mayflower,58
Simei,Mountbatten,29
Simei,Napier,47
Simei,Newton,38
Simei,Nicoll Highway,33
Simei,Novena,42
Simei,Orchard,38
Simei,Orchard Boulevard,46
Simei,Outram Park,35
Simei,Pasir Panjang,58
Simei,Pasir Ris,9
Simei,Paya Lebar,17
Simei,Pioneer,64
Simei,Potong Pasir,46
Simei,Promenade,35
Simei,Punggol,54
Simei,Punggol Coast,56
Simei,Queenstown,42
Simei,Raffles Place,30
Simei,Redhill,40
Simei,Rochor,35
Simei,Sembawang,65
Simei,Sengkang,51
Simei,Serangoon,35
Simei,Shenton Way,44
Simei,Siglap,58
Simei,Simei,0
Simei,Sixth Avenue,46
Simei,Somerset,36
Simei,Springleaf,63
Simei,Stadium,31
Simei,Stevens,41
Simei,Tai Seng,30
Simei,Tampines,6
Simei,Tampines East,16
Simei,Tampines West,16
Simei,Tan Kah Kee,44
Simei,Tanah Merah,8
Simei,Tanjong Katong,53
Simei,Tanjong Pagar,33
Simei,Tanjong Rhu,49
Simei,Telok Ayer,40
Simei,Telok Blangah,54
Simei,Tiong Bahru,38
Simei,Toa Payoh,44
Simei,Tuas Crescent,73
Simei,Tuas Link,77
Simei,Tuas West Road,75
Simei,Ubi,24
Simei,Upper Changi,19
Simei,Upper Thomson,53
Simei,Woodlands,70
Simei,Woodlands North,72
Simei,Woodlands South,68
Simei,Woodleigh,44
Simei,Yew Tee,71
Simei,Yio Chu Kang,52
Simei,Yishun,59
Simei,one-north,56
Sixth Avenue,Admiralty,48
Sixth Avenue,Aljunied,30
Sixth Avenue,Ang Mo Kio,29
Sixth Avenue,Bartley,33
Sixth Avenue,Bayfront,20
Sixth Avenue,Bayshore,48
Sixth Avenue,Beauty World,8
Sixth Avenue,Bedok,39
Sixth Avenue,Bedok North,44
Sixth Avenue,Bedok Reservoir,46
Sixth Avenue,Bencoolen,29
Sixth Avenue,Bendemeer,33
Sixth Avenue,Bishan,25
Sixth Avenue,Boon Keng,23
Sixth Avenue,Boon Lay,46
Sixth Avenue,Botanic Gardens,7
Sixth Avenue,Braddell,24
Sixth Avenue,Bras Basah,29
Sixth Avenue,Bright Hill,24
Sixth Avenue,Buangkok,37
Sixth Avenue,Bugis,16
Sixth Avenue,Bukit Batok,42
Sixth Avenue,Bukit Gombak,40
Sixth Avenue,Bukit Panjang,17
Sixth Avenue,Buona Vista,22
Sixth Avenue,Caldecott,18
Sixth Avenue,Canberra,42
Sixth Avenue,Cashew,15
Sixth Avenue,Changi Airport,60
Sixth Avenue,Chinatown,25
Sixth Avenue,Chinese Garden,40
Sixth Avenue,Choa Chu Kang,32
Sixth Avenue,City Hall,26
Sixth Avenue,Clarke Quay,24
Sixth Avenue,Clementi,33
Sixth Avenue,Commonwealth,31
Sixth Avenue,Dakota,33
Sixth Avenue,Dhoby Ghaut,21
Sixth Avenue,Dover,31
Sixth Avenue,Downtown,22
Sixth Avenue,Esplanade,27
Sixth Avenue,Eunos,34
Sixth Avenue,Expo,55
Sixth Avenue,Farrer Park,21
Sixth Avenue,Farrer Road,17
Sixth Avenue,Fort Canning,28
Sixth Avenue,Gardens by the Bay,33
Sixth Avenue,Geylang Bahru,35
Sixth Avenue,Great World,22
Sixth Avenue,Gul Circle,53
Sixth Avenue,HarbourFront,30
Sixth Avenue,Havelock,24
Sixth Avenue,Haw Par Villa,29
Sixth Avenue,Hillview,13
Sixth Avenue,Holland Village,20
Sixth Avenue,Hougang,35
Sixth Avenue,Hume,10
Sixth Avenue,Jalan Besar,31
Sixth Avenue,Joo Koon,50
Sixth Avenue,Jurong East,37
Sixth Avenue,Kaki Bukit,42
Sixth Avenue,Kallang,28
Sixth Avenue,Katong Park,39
Sixth Avenue,Kembangan,36
Sixth Avenue,Kent Ridge,26
Sixth Avenue,Khatib,37
Sixth Avenue,King Albert Park,6
Sixth Avenue,Kovan,32
Sixth Avenue,Kranji,46
Sixth Avenue,Labrador Park,34
Sixth Avenue,Lakeside,42
Sixth Avenue,Lavender,26
Sixth Avenue,Lentor,29
Sixth Avenue,Little India,14
Sixth Avenue,Lorong Chuan,28
Sixth Avenue,MacPherson,38
Sixth Avenue,Marina Bay,29
Sixth Avenue,Marina South Pier,32
Sixth Avenue,Marine Parade,42
Sixth Avenue,Marine Terrace,44
Sixth Avenue,Marsiling,49
Sixth Avenue,Marymount,22
Sixth Avenue,Mattar,37
Sixth Avenue,Maxwell,27
Sixth Avenue,Mayflower,26
Sixth Avenue,Mountbatten,31
Sixth Avenue,Napier,17
Sixth Avenue,Newton,11
Sixth Avenue,Nicoll Highway,27
Sixth Avenue,Novena,20
Sixth Avenue,Orchard,20
Sixth Avenue,Orchard Boulevard,18
Sixth Avenue,Outram Park,25
Sixth Avenue,Pasir Panjang,31
Sixth Avenue,Pasir Ris,52
Sixth Avenue,Paya Lebar,32
Sixth Avenue,Pioneer,47
Sixth Avenue,Potong Pasir,26
Sixth Avenue,Promenade,18
Sixth Avenue,Punggol,41
Sixth Avenue,Punggol Coast,43
Sixth Avenue,Queenstown,33
Sixth Avenue,Raffles Place,28
Sixth Avenue,Redhill,35
Sixth Avenue,Rochor,15
Sixth Avenue,Sembawang,44
Sixth Avenue,Sengkang,39
Sixth Avenue,Serangoon,30
Sixth Avenue,Shenton Way,29
Sixth Avenue,Siglap,46
Sixth Avenue,Simei,46
Sixth Avenue,Sixth Avenue,0
Sixth Avenue,Somerset,22
Sixth Avenue,Springleaf,32
Sixth Avenue,Stadium,29
Sixth Avenue,Stevens,9
Sixth Avenue,Tai Seng,36
Sixth Avenue,Tampines,49
Sixth Avenue,Tampines East,52
Sixth Avenue,Tampines West,48
Sixth Avenue,Tan Kah Kee,5
Sixth Avenue,Tanah Merah,42
Sixth Avenue,Tanjong Katong,41
Sixth Avenue,Tanjong Pagar,31
Sixth Avenue,Tanjong Rhu,37
Sixth Avenue,Telok Ayer,24
Sixth Avenue,Telok Blangah,35
Sixth Avenue,Tiong Bahru,35
Sixth Avenue,Toa Payoh,22
Sixth Avenue,Tuas Crescent,56
Sixth Avenue,Tuas Link,60
Sixth Avenue,Tuas West Road,58
Sixth Avenue,Ubi,40
Sixth Avenue,Upper Changi,56
Sixth Avenue,Upper Thomson,22
Sixth Avenue,Woodlands,38
Sixth Avenue,Woodlands North,41
Sixth Avenue,Woodlands South,36
Sixth Avenue,Woodleigh,28
Sixth Avenue,Yew Tee,38
Sixth Avenue,Yio Chu Kang,32
Sixth Avenue,Yishun,39
Sixth Avenue,one-north,24
Somerset,Admiralty,37
Somerset,Aljunied,20
Somerset,Ang Mo Kio,19
Somerset,Bartley,32
Somerset,Bayfront,22
Somerset,Bayshore,35
Somerset,Beauty World,26
Somerset,Bedok,28
Somerset,Bedok North,40
Somerset,Bedok Reservoir,42
Somerset,Bencoolen,25
Somerset,Bendemeer,29
Somerset,Bishan,15
Somerset,Boon Keng,18
Somerset,Boon Lay,45
Somerset,Botanic Gardens,18
Somerset,Braddell,13
Somerset,Bras Basah,14
Somerset,Bright Hill,27
Somerset,Buangkok,32
Somerset,Bugis,13
Somerset,Bukit Batok,45
Somerset,Bukit Gombak,47
Somerset,Bukit Panjang,35
Somerset,Buona Vista,28
Somerset,Caldecott,21
Somerset,Canberra,31
Somerset,Cashew,33
Somerset,Changi Airport,49
Somerset,Chinatown,16
Somerset,Chinese Garden,40
Somerset,Choa Chu Kang,51
Somerset,City Hall,7
Somerset,Clarke Quay,15
Somerset,Clementi,33
Somerset,Commonwealth,26
Somerset,Dakota,27
Somerset,Dhoby Ghaut,5
Somerset,Dover,31
Somerset,Downtown,24
Somerset,Esplanade,16
Somerset,Eunos,24
Somerset,Expo,44
Somerset,Farrer Park,16
Somerset,Farrer Road,29
Somerset,Fort Canning,24
Somerset,Gardens by the Bay,20
Somerset,Geylang Bahru,31
Somerset,Great World,13
Somerset,Gul Circle,53
Somerset,HarbourFront,22
Somerset,Havelock,15
Somerset,Haw Par Villa,38
Somerset,Hillview,32
Somerset,Holland Village,31
Somerset,Hougang,30
Somerset,Hume,28
Somerset,Jalan Besar,27
Somerset,Joo Koon,50
Somerset,Jurong East,37
Somerset,Kaki Bukit,38
Somerset,Kallang,17
Somerset,Katong Park,26
Somerset,Kembangan,26
Somerset,Kent Ridge,38
Somerset,Khatib,26
Somerset,King Albert Park,24
Somerset,Kovan,27
Somerset,Kranji,46
Somerset,Labrador Park,33
Somerset,Lakeside,42
Somerset,Lavender,15
Somerset,Lentor,32
Somerset,Little India,14
Somerset,Lorong Chuan,26
Somerset,MacPherson,32
Somerset,Marina Bay,11
Somerset,Marina South Pier,13
Somerset,Marine Parade,29
Somerset,Marine Terrace,31
Somerset,Marsiling,43
Somerset,Marymount,26
Somerset,Mattar,33
Somerset,Maxwell,18
Somerset,Mayflower,29
Somerset,Mountbatten,25
Somerset,Napier,15
Somerset,Newton,7
Somerset,Nicoll Highway,21
Somerset,Novena,9
Somerset,Orchard,5
Somerset,Orchard Boulevard,13
Somerset,Outram Park,16
Somerset,Pasir Panjang,35
Somerset,Pasir Ris,41
Somerset,Paya Lebar,22
Somerset,Pioneer,47
Somerset,Potong Pasir,21
Somerset,Promenade,19
Somerset,Punggol,36
Somerset,Punggol Coast,38
Somerset,Queenstown,24
Somerset,Raffles Place,9
Somerset,Redhill,22
Somerset,Rochor,18
Somerset,Sembawang,34
Somerset,Sengkang,34
Somerset,Serangoon,25
Somerset,Shenton Way,19
Somerset,Siglap,33
Somerset,Simei,36
Somerset,Sixth Avenue,22
Somerset,Somerset,0
Somerset,Springleaf,35
Somerset,Stadium,23
Somerset,Stevens,17
Somerset,Tai Seng,34
Somerset,Tampines,38
Somerset,Tampines East,48
Somerset,Tampines West,44
Somerset,Tan Kah Kee,20
Somerset,Tanah Merah,31
Somerset,Tanjong Katong,28
Somerset,Tanjong Pagar,15
Somerset,Tanjong Rhu,24
Somerset,Telok Ayer,23
Somerset,Telok Blangah,31
Somerset,Tiong Bahru,20
Somerset,Toa Payoh,11
Somerset,Tuas Crescent,56
Somerset,Tuas Link,60
Somerset,Tuas West Road,58
Somerset,Ubi,37
Somerset,Upper Changi,51
Somerset,Upper Thomson,25
Somerset,Woodlands,39
Somerset,Woodlands North,44
Somerset,Woodlands South,39
Somerset,Woodleigh,23
Somerset,Yew Tee,54
Somerset,Yio Chu Kang,21
Somerset,Yishun,28
Somerset,one-north,36
Springleaf,Admiralty,20
Springleaf,Aljunied,47
Springleaf,Ang Mo Kio,38
Springleaf,Bartley,38
Springleaf,Bayfront,37
Springleaf,Bayshore,55
Springleaf,Beauty World,36
Springleaf,Bedok,56
Springleaf,Bedok North,53
Springleaf,Bedok Reservoir,54
Springleaf,Bencoolen,46
Springleaf,Bendemeer,50
Springleaf,Bishan,29
Springleaf,Boon Keng,40
Springleaf,Boon Lay,56
Springleaf,Botanic Gardens,28
Springleaf,Braddell,38
Springleaf,Bras Basah,46
Springleaf,Bright Hill,11
Springleaf,Buangkok,49
Springleaf,Bugis,33
Springleaf,Bukit Batok,40
Springleaf,Bukit Gombak,38
Springleaf,Bukit Panjang,45
Springleaf,Buona Vista,37
Springleaf,Caldecott,16
Springleaf,Canberra,26
Springleaf,Cashew,43
Springleaf,Changi Airport,77
Springleaf,Chinatown,41
Springleaf,Chinese Garden,51
Springleaf,Choa Chu Kang,34
Springleaf,City Hall,38
Springleaf,Clarke Quay,41
Springleaf,Clementi,48
Springleaf,Commonwealth,45
Springleaf,Dakota,48
Springleaf,Dhoby Ghaut,36
Springleaf,Dover,45
Springleaf,Downtown,39
Springleaf,Esplanade,44
Springleaf,Eunos,51
Springleaf,Expo,66
Springleaf,Farrer Park,38
Springleaf,Farrer Road,32
Springleaf,Fort Canning,44
Springleaf,Gardens by the Bay,40
Springleaf,Geylang Bahru,51
Springleaf,Great World,29
Springleaf,Gul Circle,64
Springleaf,HarbourFront,42
Springleaf,Havelock,30
Springleaf,Haw Par Villa,43
Springleaf,Hillview,41
Springleaf,Holland Village,35
Springleaf,Hougang,46
Springleaf,Hume,38
Springleaf,Jalan Besar,48
Springleaf,Joo Koon,61
Springleaf,Jurong East,44
Springleaf,Kaki Bukit,51
Springleaf,Kallang,45
Springleaf,Katong Park,46
Springleaf,Kembangan,53
Springleaf,Kent Ridge,41
Springleaf,Khatib,31
Springleaf,King Albert Park,34
Springleaf,Kovan,44
Springleaf,Kranji,24
Springleaf,Labrador Park,48
Springleaf,Lakeside,53
Springleaf,Lavender,43
Springleaf,Lentor,6
Springleaf,Little India,30
Springleaf,Lorong Chuan,33
Springleaf,MacPherson,42
Springleaf,Marina Bay,37
Springleaf,Marina South Pier,45
Springleaf,Marine Parade,49
Springleaf,Marine Terrace,51
Springleaf,Marsiling,21
Springleaf,Marymount,27
Springleaf,Mattar,49
Springleaf,Maxwell,34
Springleaf,Mayflower,9
Springleaf,Mountbatten,48
Springleaf,Napier,23
Springleaf,Newton,28
Springleaf,Nicoll Highway,44
Springleaf,Novena,37
Springleaf,Orchard,27
Springleaf,Orchard Boulevard,25
Springleaf,Outram Park,32
Springleaf,Pasir Panjang,46
Springleaf,Pasir Ris,69
Springleaf,Paya Lebar,45
Springleaf,Pioneer,58
Springleaf,Potong Pasir,43
Springleaf,Promenade,35
Springleaf,Punggol,53
Springleaf,Punggol Coast,55
Springleaf,Queenstown,46
Springleaf,Raffles Place,41
Springleaf,Redhill,43
Springleaf,Rochor,32
Springleaf,Sembawang,24
Springleaf,Sengkang,51
Springleaf,Serangoon,34
Springleaf,Shenton Way,35
Springleaf,Siglap,53
Springleaf,Simei,63
Springleaf,Sixth Avenue,32
Springleaf,Somerset,35
Springleaf,Springleaf,0
Springleaf,Stadium,46
Springleaf,Stevens,20
Springleaf,Tai Seng,40
Springleaf,Tampines,59
Springleaf,Tampines East,61
Springleaf,Tampines West,57
Springleaf,Tan Kah Kee,30
Springleaf,Tanah Merah,59
Springleaf,Tanjong Katong,48
Springleaf,Tanjong Pagar,41
Springleaf,Tanjong Rhu,44
Springleaf,Telok Ayer,41
Springleaf,Telok Blangah,50
Springleaf,Tiong Bahru,41
Springleaf,Toa Payoh,39
Springleaf,Tuas Crescent,66
Springleaf,Tuas Link,71
Springleaf,Tuas West Road,69
Springleaf,Ubi,49
Springleaf,Upper Changi,64
Springleaf,Upper Thomson,13
Springleaf,Woodlands,10
Springleaf,Woodlands North,13
Springleaf,Woodlands South,8
Springleaf,Woodleigh,44
Springleaf,Yew Tee,32
Springleaf,Yio Chu Kang,36
Springleaf,Yishun,29
Springleaf,one-north,39
Stadium,Admiralty,54
Stadium,Aljunied,19
Stadium,Ang Mo Kio,36
Stadium,Bartley,19
Stadium,Bayfront,17
Stadium,Bayshore,43
Stadium,Beauty World,33
Stadium,Bedok,24
Stadium,Bedok North,24
Stadium,Bedok Reservoir,26
Stadium,Bencoolen,25
Stadium,Bendemeer,24
Stadium,Bishan,26
Stadium,Boon Keng,27
Stadium,Boon Lay,61
Stadium,Botanic Gardens,25
Stadium,Braddell,33
Stadium,Bras Basah,14
Stadium,Bright Hill,39
Stadium,Buangkok,36
Stadium,Bugis,16
Stadium,Bukit Batok,60
Stadium,Bukit Gombak,62
Stadium,Bukit Panjang,42
Stadium,Buona Vista,40
Stadium,Caldecott,32
Stadium,Canberra,49
Stadium,Cashew,40
Stadium,Changi Airport,45
Stadium,Chinatown,21
Stadium,Chinese Garden,55
Stadium,Choa Chu Kang,58
Stadium,City Hall,24
Stadium,Clarke Quay,24
Stadium,Clementi,48
Stadium,Commonwealth,42
Stadium,Dakota,9
Stadium,Dhoby Ghaut,16
Stadium,Dover,46
Stadium,Downtown,18
Stadium,Esplanade,12
Stadium,Eunos,19
Stadium,Expo,37
Stadium,Farrer Park,25
Stadium,Farrer Road,36
Stadium,Fort Canning,24
Stadium,Gardens by the Bay,28
Stadium,Geylang Bahru,22
Stadium,Great World,33
Stadium,Gul Circle,68
Stadium,HarbourFront,30
Stadium,Havelock,33
Stadium,Haw Par Villa,46
Stadium,Hillview,39
Stadium,Holland Village,38
Stadium,Hougang,33
Stadium,Hume,35
Stadium,Jalan Besar,26
Stadium,Joo Koon,65
Stadium,Jurong East,52
Stadium,Kaki Bukit,22
Stadium,Kallang,22
Stadium,Katong Park,34
Stadium,Kembangan,21
Stadium,Kent Ridge,45
Stadium,Khatib,44
Stadium,King Albert Park,31
Stadium,Kovan,31
Stadium,Kranji,64
Stadium,Labrador Park,42
Stadium,Lakeside,57
Stadium,Lavender,24
Stadium,Lentor,43
Stadium,Little India,19
Stadium,Lorong Chuan,24
Stadium,MacPherson,14
Stadium,Marina Bay,20
Stadium,Marina South Pier,29
Stadium,Marine Parade,37
Stadium,Marine Terrace,39
Stadium,Marsiling,61
Stadium,Marymount,30
Stadium,Mattar,20
Stadium,Maxwell,29
Stadium,Mayflower,41
Stadium,Mountbatten,7
Stadium,Napier,31
Stadium,Newton,21
Stadium,Nicoll Highway,7
Stadium,Novena,29
Stadium,Orchard,25
Stadium,Orchard Boulevard,33
Stadium,Outram Park,27
Stadium,Pasir Panjang,44
Stadium,Pasir Ris,37
Stadium,Paya Lebar,11
Stadium,Pioneer,62
Stadium,Potong Pasir,30
Stadium,Promenade,9
Stadium,Punggol,40
Stadium,Punggol Coast,42
Stadium,Queenstown,40
Stadium,Raffles Place,26
Stadium,Redhill,37
Stadium,Rochor,18
Stadium,Sembawang,51
Stadium,Sengkang,38
Stadium,Serangoon,21
Stadium,Shenton Way,27
Stadium,Siglap,41
Stadium,Simei,31
Stadium,Sixth Avenue,29
Stadium,Somerset,23
Stadium,Springleaf,46
Stadium,Stadium,0
Stadium,Stevens,24
Stadium,Tai Seng,16
Stadium,Tampines,30
Stadium,Tampines East,32
Stadium,Tampines West,28
Stadium,Tan Kah Kee,27
Stadium,Tanah Merah,27
Stadium,Tanjong Katong,36
Stadium,Tanjong Pagar,30
Stadium,Tanjong Rhu,32
Stadium,Telok Ayer,20
Stadium,Telok Blangah,40
Stadium,Tiong Bahru,35
Stadium,Toa Payoh,32
Stadium,Tuas Crescent,71
Stadium,Tuas Link,75
Stadium,Tuas West Road,73
Stadium,Ubi,20
Stadium,Upper Changi,35
Stadium,Upper Thomson,36
Stadium,Woodlands,53
Stadium,Woodlands North,55
Stadium,Woodlands South,51
Stadium,Woodleigh,31
Stadium,Yew Tee,64
Stadium,Yio Chu Kang,38
Stadium,Yishun,46
Stadium,one-north,43
Stevens,Admiralty,38
Stevens,Aljunied,25
Stevens,Ang Mo Kio,24
Stevens,Bartley,29
Stevens,Bayfront,15
Stevens,Bayshore,37
Stevens,Beauty World,13
Stevens,Bedok,34
Stevens,Bedok North,38
Stevens,Bedok Reservoir,40
Stevens,Bencoolen,24
Stevens,Bendemeer,28
Stevens,Bishan,20
Stevens,Boon Keng,18
Stevens,Boon Lay,44
Stevens,Botanic Gardens,5
Stevens,Braddell,19
Stevens,Bras Basah,24
Stevens,Bright Hill,13
Stevens,Buangkok,31
Stevens,Bugis,11
Stevens,Bukit Batok,43
Stevens,Bukit Gombak,45
Stevens,Bukit Panjang,22
Stevens,Buona Vista,20
Stevens,Caldecott,7
Stevens,Canberra,36
Stevens,Cashew,20
Stevens,Changi Airport,54
Stevens,Chinatown,20
Stevens,Chinese Garden,38
Stevens,Choa Chu Kang,38
Stevens,City Hall,20
Stevens,Clarke Quay,18
Stevens,Clementi,32
Stevens,Commonwealth,29
Stevens,Dakota,27
Stevens,Dhoby Ghaut,16
Stevens,Dover,29
Stevens,Downtown,17
Stevens,Esplanade,22
Stevens,Eunos,29
Stevens,Expo,49
Stevens,Farrer Park,16
Stevens,Farrer Road,16
Stevens,Fort Canning,22
Stevens,Gardens by the Bay,22
Stevens,Geylang Bahru,29
Stevens,Great World,11
Stevens,Gul Circle,52
Stevens,HarbourFront,24
Stevens,Havelock,12
Stevens,Haw Par Villa,27
Stevens,Hillview,19
Stevens,Holland Village,18
Stevens,Hougang,29
Stevens,Hume,15
Stevens,Jalan Besar,25
Stevens,Joo Koon,49
Stevens,Jurong East,36
Stevens,Kaki Bukit,37
Stevens,Kallang,22
Stevens,Katong Park,28
Stevens,Kembangan,31
Stevens,Kent Ridge,24
Stevens,Khatib,31
Stevens,King Albert Park,11
Stevens,Kovan,27
Stevens,Kranji,41
Stevens,Labrador Park,32
Stevens,Lakeside,40
Stevens,Lavender,20
Stevens,Lentor,18
Stevens,Little India,8
Stevens,Lorong Chuan,23
Stevens,MacPherson,32
Stevens,Marina Bay,19
Stevens,Marina South Pier,27
Stevens,Marine Parade,31
Stevens,Marine Terrace,33
Stevens,Marsiling,38
Stevens,Marymount,18
Stevens,Mattar,31
Stevens,Maxwell,16
Stevens,Mayflower,15
Stevens,Mountbatten,25
Stevens,Napier,6
Stevens,Newton,6
Stevens,Nicoll Highway,21
Stevens,Novena,14
Stevens,Orchard,9
Stevens,Orchard Boulevard,7
Stevens,Outram Park,14
Stevens,Pasir Panjang,29
Stevens,Pasir Ris,46
Stevens,Paya Lebar,27
Stevens,Pioneer,45
Stevens,Potong Pasir,20
Stevens,Promenade,13
Stevens,Punggol,36
Stevens,Punggol Coast,38
Stevens,Queenstown,28
Stevens,Raffles Place,22
Stevens,Redhill,26
Stevens,Rochor,9
Stevens,Sembawang,39
Stevens,Sengkang,33
Stevens,Serangoon,24
Stevens,Shenton Way,18
Stevens,Siglap,35
Stevens,Simei,41
Stevens,Sixth Avenue,9
Stevens,Somerset,17
Stevens,Springleaf,20
Stevens,Stadium,24
Stevens,Stevens,0
Stevens,Tai Seng,31
Stevens,Tampines,43
Stevens,Tampines East,47
Stevens,Tampines West,42
Stevens,Tan Kah Kee,7
Stevens,Tanah Merah,36
Stevens,Tanjong Katong,30
Stevens,Tanjong Pagar,23
Stevens,Tanjong Rhu,26
Stevens,Telok Ayer,18
Stevens,Telok Blangah,34
Stevens,Tiong Bahru,24
Stevens,Toa Payoh,17
Stevens,Tuas Crescent,54
Stevens,Tuas Link,58
Stevens,Tuas West Road,56
Stevens,Ubi,35
Stevens,Upper Changi,50
Stevens,Upper Thomson,11
Stevens,Woodlands,27
Stevens,Woodlands North,30
Stevens,Woodlands South,25
Stevens,Woodleigh,22
Stevens,Yew Tee,44
Stevens,Yio Chu Kang,26
Stevens,Yishun,34
Stevens,one-north,23
Tai Seng,Admiralty,43
Tai Seng,Aljunied,18
Tai Seng,Ang Mo Kio,25
Tai Seng,Bartley,8
Tai Seng,Bayfront,28
Tai Seng,Bayshore,54
Tai Seng,Beauty World,40
Tai Seng,Bedok,22
Tai Seng,Bedok North,17
Tai Seng,Bedok Reservoir,19
Tai Seng,Bencoolen,21
Tai Seng,Bendemeer,17
Tai Seng,Bishan,15
Tai Seng,Boon Keng,24
Tai Seng,Boon Lay,56
Tai Seng,Botanic Gardens,25
Tai Seng,Braddell,24
Tai Seng,Bras Basah,25
Tai Seng,Bright Hill,33
Tai Seng,Buangkok,25
Tai Seng,Bugis,24
Tai Seng,Bukit Batok,56
Tai Seng,Bukit Gombak,58
Tai Seng,Bukit Panjang,49
Tai Seng,Buona Vista,33
Tai Seng,Caldecott,21
Tai Seng,Canberra,38
Tai Seng,Cashew,47
Tai Seng,Changi Airport,43
Tai Seng,Chinatown,25
Tai Seng,Chinese Garden,51
Tai Seng,Choa Chu Kang,62
Tai Seng,City Hall,26
Tai Seng,Clarke Quay,32
Tai Seng,Clementi,44
Tai Seng,Commonwealth,41
Tai Seng,Dakota,12
Tai Seng,Dhoby Ghaut,27
Tai Seng,Dover,42
Tai Seng,Downtown,28
Tai Seng,Esplanade,23
Tai Seng,Eunos,18
Tai Seng,Expo,30
Tai Seng,Farrer Park,26
Tai Seng,Farrer Road,28
Tai Seng,Fort Canning,23
Tai Seng,Gardens by the Bay,39
Tai Seng,Geylang Bahru,15
Tai Seng,Great World,39
Tai Seng,Gul Circle,64
Tai Seng,HarbourFront,35
Tai Seng,Havelock,40
Tai Seng,Haw Par Villa,40
Tai Seng,Hillview,45
Tai Seng,Holland Village,31
Tai Seng,Hougang,22
Tai Seng,Hume,42
Tai Seng,Jalan Besar,19
Tai Seng,Joo Koon,61
Tai Seng,Jurong East,48
Tai Seng,Kaki Bukit,16
Tai Seng,Kallang,20
Tai Seng,Katong Park,45
Tai Seng,Kembangan,20
Tai Seng,Kent Ridge,37
Tai Seng,Khatib,33
Tai Seng,King Albert Park,38
Tai Seng,Kovan,20
Tai Seng,Kranji,53
Tai Seng,Labrador Park,44
Tai Seng,Lakeside,53
Tai Seng,Lavender,22
Tai Seng,Lentor,38
Tai Seng,Little India,28
Tai Seng,Lorong Chuan,13
Tai Seng,MacPherson,7
Tai Seng,Marina Bay,31
Tai Seng,Marina South Pier,37
Tai Seng,Marine Parade,48
Tai Seng,Marine Terrace,50
Tai Seng,Marsiling,50
Tai Seng,Marymount,18
Tai Seng,Mattar,14
Tai Seng,Maxwell,40
Tai Seng,Mayflower,35
Tai Seng,Mountbatten,14
Tai Seng,Napier,34
Tai Seng,Newton,30
Tai Seng,Nicoll Highway,18
Tai Seng,Novena,28
Tai Seng,Orchard,32
Tai Seng,Orchard Boulevard,35
Tai Seng,Outram Park,32
Tai Seng,Pasir Panjang,42
Tai Seng,Pasir Ris,34
Tai Seng,Paya Lebar,10
Tai Seng,Pioneer,58
Tai Seng,Potong Pasir,22
Tai Seng,Promenade,20
Tai Seng,Punggol,29
Tai Seng,Punggol Coast,31
Tai Seng,Queenstown,40
Tai Seng,Raffles Place,29
Tai Seng,Redhill,38
Tai Seng,Rochor,29
Tai Seng,Sembawang,40
Tai Seng,Sengkang,26
Tai Seng,Serangoon,10
Tai Seng,Shenton Way,38
Tai Seng,Siglap,52
Tai Seng,Simei,30
Tai Seng,Sixth Avenue,36
Tai Seng,Somerset,34
Tai Seng,Springleaf,40
Tai Seng,Stadium,16
Tai Seng,Stevens,31
Tai Seng,Tai Seng,0
Tai Seng,Tampines,23
Tai Seng,Tampines East,26
Tai Seng,Tampines West,21
Tai Seng,Tan Kah Kee,34
Tai Seng,Tanah Merah,25
Tai Seng,Tanjong Katong,47
Tai Seng,Tanjong Pagar,31
Tai Seng,Tanjong Rhu,43
Tai Seng,Telok Ayer,27
Tai Seng,Telok Blangah,45
Tai Seng,Tiong Bahru,36
Tai Seng,Toa Payoh,26
Tai Seng,Tuas Crescent,66
Tai Seng,Tuas Link,71
Tai Seng,Tuas West Road,69
Tai Seng,Ubi,14
Tai Seng,Upper Changi,29
Tai Seng,Upper Thomson,30
Tai Seng,Woodlands,46
Tai Seng,Woodlands North,50
Tai Seng,Woodlands South,45
Tai Seng,Woodleigh,20
Tai Seng,Yew Tee,61
Tai Seng,Yio Chu Kang,27
Tai Seng,Yishun,35
Tai Seng,one-north,35
Tampines,Admiralty,62
Tampines,Aljunied,22
Tampines,Ang Mo Kio,44
Tampines,Bartley,26
Tampines,Bayfront,33
Tampines,Bayshore,62
Tampines,Beauty World,53
Tampines,Bedok,13
Tampines,Bedok North,10
Tampines,Bedok Reservoir,8
Tampines,Bencoolen,24
Tampines,Bendemeer,20
Tampines,Bishan,34
Tampines,Boon Keng,42
Tampines,Boon Lay,65
Tampines,Botanic Gardens,44
Tampines,Braddell,42
Tampines,Bras Basah,39
Tampines,Bright Hill,51
Tampines,Buangkok,43
Tampines,Bugis,28
Tampines,Bukit Batok,65
Tampines,Bukit Gombak,67
Tampines,Bukit Panjang,62
Tampines,Buona Vista,48
Tampines,Caldecott,39
Tampines,Canberra,56
Tampines,Cashew,60
Tampines,Changi Airport,27
Tampines,Chinatown,28
Tampines,Chinese Garden,59
Tampines,Choa Chu Kang,71
Tampines,City Hall,30
Tampines,Clarke Quay,35
Tampines,Clementi,53
Tampines,Commonwealth,46
Tampines,Dakota,26
Tampines,Dhoby Ghaut,36
Tampines,Dover,50
Tampines,Downtown,31
Tampines,Esplanade,37
Tampines,Eunos,18
Tampines,Expo,10
Tampines,Farrer Park,41
Tampines,Farrer Road,46
Tampines,Fort Canning,26
Tampines,Gardens by the Bay,47
Tampines,Geylang Bahru,18
Tampines,Great World,45
Tampines,Gul Circle,73
Tampines,HarbourFront,38
Tampines,Havelock,44
Tampines,Haw Par Villa,54
Tampines,Hillview,58
Tampines,Holland Village,49
Tampines,Hougang,41
Tampines,Hume,55
Tampines,Jalan Besar,23
Tampines,Joo Koon,70
Tampines,Jurong East,57
Tampines,Kaki Bukit,11
Tampines,Kallang,24
Tampines,Katong Park,53
Tampines,Kembangan,16
Tampines,Kent Ridge,55
Tampines,Khatib,51
Tampines,King Albert Park,51
Tampines,Kovan,38
Tampines,Kranji,71
Tampines,Labrador Park,50
Tampines,Lakeside,62
Tampines,Lavender,26
Tampines,Lentor,56
Tampines,Little India,38
Tampines,Lorong Chuan,31
Tampines,MacPherson,15
Tampines,Marina Bay,38
Tampines,Marina South Pier,41
Tampines,Marine Parade,56
Tampines,Marine Terrace,58
Tampines,Marsiling,68
Tampines,Marymount,37
Tampines,Mattar,17
Tampines,Maxwell,43
Tampines,Mayflower,53
Tampines,Mountbatten,28
Tampines,Napier,49
Tampines,Newton,41
Tampines,Nicoll Highway,32
Tampines,Novena,44
Tampines,Orchard,40
Tampines,Orchard Boulevard,48
Tampines,Outram Park,35
Tampines,Pasir Panjang,52
Tampines,Pasir Ris,6
Tampines,Paya Lebar,20
Tampines,Pioneer,67
Tampines,Potong Pasir,40
Tampines,Promenade,34
Tampines,Punggol,48
Tampines,Punggol Coast,50
Tampines,Queenstown,44
Tampines,Raffles Place,33
Tampines,Redhill,42
Tampines,Rochor,37
Tampines,Sembawang,58
Tampines,Sengkang,45
Tampines,Serangoon,29
Tampines,Shenton Way,45
Tampines,Siglap,60
Tampines,Simei,6
Tampines,Sixth Avenue,49
Tampines,Somerset,38
Tampines,Springleaf,59
Tampines,Stadium,30
Tampines,Stevens,43
Tampines,Tai Seng,23
Tampines,Tampines,0
Tampines,Tampines East,5
Tampines,Tampines West,6
Tampines,Tan Kah Kee,47
Tampines,Tanah Merah,10
Tampines,Tanjong Katong,55
Tampines,Tanjong Pagar,35
Tampines,Tanjong Rhu,51
Tampines,Telok Ayer,30
Tampines,Telok Blangah,48
Tampines,Tiong Bahru,40
Tampines,Toa Payoh,44
Tampines,Tuas Crescent,75
Tampines,Tuas Link,80
Tampines,Tuas West Road,77
Tampines,Ubi,13
Tampines,Upper Changi,8
Tampines,Upper Thomson,49
Tampines,Woodlands,64
Tampines,Woodlands North,68
Tampines,Woodlands South,63
Tampines,Woodleigh,38
Tampines,Yew Tee,73
Tampines,Yio Chu Kang,46
Tampines,Yishun,53
Tampines,one-north,54
Tampines East,Admiralty,64
Tampines East,Aljunied,32
Tampines East,Ang Mo Kio,46
Tampines East,Bartley,28
Tampines East,Bayfront,35
Tampines East,Bayshore,66
Tampines East,Beauty World,56
Tampines East,Bedok,23
Tampines East,Bedok North,12
Tampines East,Bedok Reservoir,10
Tampines East,Bencoolen,27
Tampines East,Bendemeer,23
Tampines East,Bishan,36
Tampines East,Boon Keng,45
Tampines East,Boon Lay,72
Tampines East,Botanic Gardens,46
Tampines East,Braddell,45
Tampines East,Bras Basah,41
Tampines East,Bright Hill,54
Tampines East,Buangkok,45
Tampines East,Bugis,38
Tampines East,Bukit Batok,71
Tampines East,Bukit Gombak,73
Tampines East,Bukit Panjang,65
Tampines East,Buona Vista,53
Tampines East,Caldecott,41
Tampines East,Canberra,58
Tampines East,Cashew,63
Tampines East,Changi Airport,25
Tampines East,Chinatown,31
Tampines East,Chinese Garden,66
Tampines East,Choa Chu Kang,78
Tampines East,City Hall,41
Tampines East,Clarke Quay,37
Tampines East,Clementi,59
Tampines East,Commonwealth,53
Tampines East,Dakota,28
Tampines East,Dhoby Ghaut,40
Tampines East,Dover,57
Tampines East,Downtown,34
Tampines East,Esplanade,39
Tampines East,Eunos,28
Tampines East,Expo,8
Tampines East,Farrer Park,43
Tampines East,Farrer Road,49
Tampines East,Fort Canning,28
Tampines East,Gardens by the Bay,51
Tampines East,Geylang Bahru,21
Tampines East,Great World,47
Tampines East,Gul Circle,79
Tampines East,HarbourFront,41
Tampines East,Havelock,46
Tampines East,Haw Par Villa,57
Tampines East,Hillview,62
Tampines East,Holland Village,51
Tampines East,Hougang,43
Tampines East,Hume,58
Tampines East,Jalan Besar,25
Tampines East,Joo Koon,76
Tampines East,Jurong East,64
Tampines East,Kaki Bukit,14
Tampines East,Kallang,34
Tampines East,Katong Park,57
Tampines East,Kembangan,26
Tampines East,Kent Ridge,58
Tampines East,Khatib,53
Tampines East,King Albert Park,54
Tampines East,Kovan,41
Tampines East,Kranji,74
Tampines East,Labrador Park,52
Tampines East,Lakeside,68
Tampines East,Lavender,36
Tampines East,Lentor,58
Tampines East,Little India,42
Tampines East,Lorong Chuan,34
Tampines East,MacPherson,17
Tampines East,Marina Bay,44
Tampines East,Marina South Pier,51
Tampines East,Marine Parade,60
Tampines East,Marine Terrace,62
Tampines East,Marsiling,70
Tampines East,Marymount,39
Tampines East,Mattar,19
Tampines East,Maxwell,45
Tampines East,Mayflower,56
Tampines East,Mountbatten,30
Tampines East,Napier,53
Tampines East,Newton,44
Tampines East,Nicoll Highway,34
Tampines East,Novena,49
Tampines East,Orchard,49
Tampines East,Orchard Boulevard,51
Tampines East,Outram Park,37
Tampines East,Pasir Panjang,54
Tampines East,Pasir Ris,16
Tampines East,Paya Lebar,26
Tampines East,Pioneer,73
Tampines East,Potong Pasir,42
Tampines East,Promenade,36
Tampines East,Punggol,50
Tampines East,Punggol Coast,52
Tampines East,Queenstown,51
Tampines East,Raffles Place,43
Tampines East,Redhill,48
Tampines East,Rochor,41
Tampines East,Sembawang,61
Tampines East,Sengkang,47
Tampines East,Serangoon,31
Tampines East,Shenton Way,47
Tampines East,Siglap,64
Tampines East,Simei,16
Tampines East,Sixth Avenue,52
Tampines East,Somerset,48
Tampines East,Springleaf,61
Tampines East,Stadium,32
Tampines East,Stevens,47
Tampines East,Tai Seng,26
Tampines East,Tampines,5
Tampines East,Tampines East,0
Tampines East,Tampines West,8
Tampines East,Tan Kah Kee,50
Tampines East,Tanah Merah,20
Tampines East,Tanjong Katong,59
Tampines East,Tanjong Pagar,45
Tampines East,Tanjong Rhu,55
Tampines East,Telok Ayer,32
Tampines East,Telok Blangah,50
Tampines East,Tiong Bahru,46
Tampines East,Toa Payoh,47
Tampines East,Tuas Crescent,82
Tampines East,Tuas Link,86
Tampines East,Tuas West Road,84
Tampines East,Ubi,15
Tampines East,Upper Changi,7
Tampines East,Upper Thomson,51
Tampines East,Woodlands,67
Tampines East,Woodlands North,70
Tampines East,Woodlands South,66
Tampines East,Woodleigh,40
Tampines East,Yew Tee,80
Tampines East,Yio Chu Kang,48
Tampines East,Yishun,55
Tampines East,one-north,56
Tampines West,Admiralty,60
Tampines West,Aljunied,30
Tampines West,Ang Mo Kio,41
Tampines West,Bartley,24
Tampines West,Bayfront,31
Tampines West,Bayshore,62
Tampines West,Beauty World,52
Tampines West,Bedok,23
Tampines West,Bedok North,8
Tampines West,Bedok Reservoir,6
Tampines West,Bencoolen,22
Tampines West,Bendemeer,18
Tampines West,Bishan,32
Tampines West,Boon Keng,40
Tampines West,Boon Lay,67
Tampines West,Botanic Gardens,42
Tampines West,Braddell,40
Tampines West,Bras Basah,37
Tampines West,Bright Hill,49
Tampines West,Buangkok,41
Tampines West,Bugis,35
Tampines West,Bukit Batok,67
Tampines West,Bukit Gombak,69
Tampines West,Bukit Panjang,61
Tampines West,Buona Vista,49
Tampines West,Caldecott,37
Tampines West,Canberra,54
Tampines West,Cashew,59
Tampines West,Changi Airport,29
Tampines West,Chinatown,26
Tampines West,Chinese Garden,62
Tampines West,Choa Chu Kang,73
Tampines West,City Hall,38
Tampines West,Clarke Quay,33
Tampines West,Clementi,55
Tampines West,Commonwealth,48
Tampines West,Dakota,24
Tampines West,Dhoby Ghaut,35
Tampines West,Dover,53
Tampines West,Downtown,29
Tampines West,Esplanade,35
Tampines West,Eunos,28
Tampines West,Expo,12
Tampines West,Farrer Park,39
Tampines West,Farrer Road,44
Tampines West,Fort Canning,24
Tampines West,Gardens by the Bay,47
Tampines West,Geylang Bahru,16
Tampines West,Great World,43
Tampines West,Gul Circle,75
Tampines West,HarbourFront,36
Tampines West,Havelock,41
Tampines West,Haw Par Villa,52
Tampines West,Hillview,57
Tampines West,Holland Village,47
Tampines West,Hougang,39
Tampines West,Hume,54
Tampines West,Jalan Besar,21
Tampines West,Joo Koon,72
Tampines West,Jurong East,59
Tampines West,Kaki Bukit,9
Tampines West,Kallang,32
Tampines West,Katong Park,53
Tampines West,Kembangan,26
Tampines West,Kent Ridge,53
Tampines West,Khatib,49
Tampines West,King Albert Park,50
Tampines West,Kovan,36
Tampines West,Kranji,69
Tampines West,Labrador Park,48
Tampines West,Lakeside,64
Tampines West,Lavender,34
Tampines West,Lentor,54
Tampines West,Little India,37
Tampines West,Lorong Chuan,29
Tampines West,MacPherson,13
Tampines West,Marina Bay,39
Tampines West,Marina South Pier,48
Tampines West,Marine Parade,56
Tampines West,Marine Terrace,58
Tampines West,Marsiling,66
Tampines West,Marymount,35
Tampines West,Mattar,15
Tampines West,Maxwell,41
Tampines West,Mayflower,51
Tampines West,Mountbatten,26
Tampines West,Napier,48
Tampines West,Newton,40
Tampines West,Nicoll Highway,30
Tampines West,Novena,44
Tampines West,Orchard,45
Tampines West,Orchard Boulevard,47
Tampines West,Outram Park,33
Tampines West,Pasir Panjang,50
Tampines West,Pasir Ris,17
Tampines West,Paya Lebar,21
Tampines West,Pioneer,69
Tampines West,Potong Pasir,38
Tampines West,Promenade,32
Tampines West,Punggol,45
Tampines West,Punggol Coast,47
Tampines West,Queenstown,46
Tampines West,Raffles Place,40
Tampines West,Redhill,44
Tampines West,Rochor,36
Tampines West,Sembawang,56
Tampines West,Sengkang,43
Tampines West,Serangoon,27
Tampines West,Shenton Way,43
Tampines West,Siglap,60
Tampines West,Simei,16
Tampines West,Sixth Avenue,48
Tampines West,Somerset,44
Tampines West,Springleaf,57
Tampines West,Stadium,28
Tampines West,Stevens,42
Tampines West,Tai Seng,21
Tampines West,Tampines,6
Tampines West,Tampines East,8
Tampines West,Tampines West,0
Tampines West,Tan Kah Kee,46
Tampines West,Tanah Merah,21
Tampines West,Tanjong Katong,55
Tampines West,Tanjong Pagar,42
Tampines West,Tanjong Rhu,51
Tampines West,Telok Ayer,28
Tampines West,Telok Blangah,46
Tampines West,Tiong Bahru,42
Tampines West,Toa Payoh,42
Tampines West,Tuas Crescent,78
Tampines West,Tuas Link,82
Tampines West,Tuas West Road,80
Tampines West,Ubi,11
Tampines West,Upper Changi,11
Tampines West,Upper Thomson,47
Tampines West,Woodlands,62
Tampines West,Woodlands North,66
Tampines West,Woodlands South,61
Tampines West,Woodleigh,36
Tampines West,Yew Tee,75
Tampines West,Yio Chu Kang,44
Tampines West,Yishun,51
Tampines West,one-north,51
Tan Kah Kee,Admiralty,46
Tan Kah Kee,Aljunied,28
Tan Kah Kee,Ang Mo Kio,28
Tan Kah Kee,Bartley,31
Tan Kah Kee,Bayfront,18
Tan Kah Kee,Bayshore,46
Tan Kah Kee,Beauty World,10
Tan Kah Kee,Bedok,37
Tan Kah Kee,Bedok North,42
Tan Kah Kee,Bedok Reservoir,44
Tan Kah Kee,Bencoolen,27
Tan Kah Kee,Bendemeer,31
Tan Kah Kee,Bishan,23
Tan Kah Kee,Boon Keng,21
Tan Kah Kee,Boon Lay,44
Tan Kah Kee,Botanic Gardens,5
Tan Kah Kee,Braddell,22
Tan Kah Kee,Bras Basah,27
Tan Kah Kee,Bright Hill,22
Tan Kah Kee,Buangkok,35
Tan Kah Kee,Bugis,14
Tan Kah Kee,Bukit Batok,43
Tan Kah Kee,Bukit Gombak,42
Tan Kah Kee,Bukit Panjang,19
Tan Kah Kee,Buona Vista,20
Tan Kah Kee,Caldecott,16
Tan Kah Kee,Canberra,40
Tan Kah Kee,Cashew,17
Tan Kah Kee,Changi Airport,58
Tan Kah Kee,Chinatown,23
Tan Kah Kee,Chinese Garden,38
Tan Kah Kee,Choa Chu Kang,34
Tan Kah Kee,City Hall,24
Tan Kah Kee,Clarke Quay,22
Tan Kah Kee,Clementi,31
Tan Kah Kee,Commonwealth,29
Tan Kah Kee,Dakota,31
Tan Kah Kee,Dhoby Ghaut,20
Tan Kah Kee,Dover,29
Tan Kah Kee,Downtown,20
Tan Kah Kee,Esplanade,25
Tan Kah Kee,Eunos,32
Tan Kah Kee,Expo,53
Tan Kah Kee,Farrer Park,19
Tan Kah Kee,Farrer Road,16
Tan Kah Kee,Fort Canning,26
Tan Kah Kee,Gardens by the Bay,31
Tan Kah Kee,Geylang Bahru,33
Tan Kah Kee,Great World,20
Tan Kah Kee,Gul Circle,51
Tan Kah Kee,HarbourFront,29
Tan Kah Kee,Havelock,22
Tan Kah Kee,Haw Par Villa,27
Tan Kah Kee,Hillview,15
Tan Kah Kee,Holland Village,18
Tan Kah Kee,Hougang,33
Tan Kah Kee,Hume,12
Tan Kah Kee,Jalan Besar,29
Tan Kah Kee,Joo Koon,48
Tan Kah Kee,Jurong East,36
Tan Kah Kee,Kaki Bukit,40
Tan Kah Kee,Kallang,26
Tan Kah Kee,Katong Park,37
Tan Kah Kee,Kembangan,34
Tan Kah Kee,Kent Ridge,24
Tan Kah Kee,Khatib,35
Tan Kah Kee,King Albert Park,8
Tan Kah Kee,Kovan,30
Tan Kah Kee,Kranji,48
Tan Kah Kee,Labrador Park,32
Tan Kah Kee,Lakeside,40
Tan Kah Kee,Lavender,24
Tan Kah Kee,Lentor,27
Tan Kah Kee,Little India,12
Tan Kah Kee,Lorong Chuan,26
Tan Kah Kee,MacPherson,36
Tan Kah Kee,Marina Bay,27
Tan Kah Kee,Marina South Pier,30
Tan Kah Kee,Marine Parade,40
Tan Kah Kee,Marine Terrace,42
Tan Kah Kee,Marsiling,47
Tan Kah Kee,Marymount,20
Tan Kah Kee,Mattar,35
Tan Kah Kee,Maxwell,25
Tan Kah Kee,Mayflower,24
Tan Kah Kee,Mountbatten,29
Tan Kah Kee,Napier,15
Tan Kah Kee,Newton,9
Tan Kah Kee,Nicoll Highway,25
Tan Kah Kee,Novena,18
Tan Kah Kee,Orchard,18
Tan Kah Kee,Orchard Boulevard,16
Tan Kah Kee,Outram Park,23
Tan Kah Kee,Pasir Panjang,29
Tan Kah Kee,Pasir Ris,50
Tan Kah Kee,Paya Lebar,30
Tan Kah Kee,Pioneer,45
Tan Kah Kee,Potong Pasir,24
Tan Kah Kee,Promenade,16
Tan Kah Kee,Punggol,39
Tan Kah Kee,Punggol Coast,41
Tan Kah Kee,Queenstown,31
Tan Kah Kee,Raffles Place,26
Tan Kah Kee,Redhill,33
Tan Kah Kee,Rochor,13
Tan Kah Kee,Sembawang,42
Tan Kah Kee,Sengkang,37
Tan Kah Kee,Serangoon,28
Tan Kah Kee,Shenton Way,27
Tan Kah Kee,Siglap,44
Tan Kah Kee,Simei,44
Tan Kah Kee,Sixth Avenue,5
Tan Kah Kee,Somerset,20
Tan Kah Kee,Springleaf,30
Tan Kah Kee,Stadium,27
Tan Kah Kee,Stevens,7
Tan Kah Kee,Tai Seng,34
Tan Kah Kee,Tampines,47
Tan Kah Kee,Tampines East,50
Tan Kah Kee,Tampines West,46
Tan Kah Kee,Tan Kah Kee,0
Tan Kah Kee,Tanah Merah,40
Tan Kah Kee,Tanjong Katong,39
Tan Kah Kee,Tanjong Pagar,29
Tan Kah Kee,Tanjong Rhu,35
Tan Kah Kee,Telok Ayer,22
Tan Kah Kee,Telok Blangah,34
Tan Kah Kee,Tiong Bahru,33
Tan Kah Kee,Toa Payoh,20
Tan Kah Kee,Tuas Crescent,54
Tan Kah Kee,Tuas Link,58
Tan Kah Kee,Tuas West Road,56
Tan Kah Kee,Ubi,38
Tan Kah Kee,Upper Changi,54
Tan Kah Kee,Upper Thomson,20
Tan Kah Kee,Woodlands,36
Tan Kah Kee,Woodlands North,39
Tan Kah Kee,Woodlands South,34
Tan Kah Kee,Woodleigh,26
Tan Kah Kee,Yew Tee,40
Tan Kah Kee,Yio Chu Kang,30
Tan Kah Kee,Yishun,37
Tan Kah Kee,one-north,22
Tanah Merah,Admiralty,63
Tanah Merah,Aljunied,15
Tanah Merah,Ang Mo Kio,45
Tanah Merah,Bartley,28
Tanah Merah,Bayfront,33
Tanah Merah,Bayshore,55
Tanah Merah,Beauty World,46
Tanah Merah,Bedok,6
Tanah Merah,Bedok North,25
Tanah Merah,Bedok Reservoir,23
Tanah Merah,Bencoolen,37
Tanah Merah,Bendemeer,33
Tanah Merah,Bishan,36
Tanah Merah,Boon Keng,42
Tanah Merah,Boon Lay,58
Tanah Merah,Botanic Gardens,38
Tanah Merah,Braddell,41
Tanah Merah,Bras Basah,36
Tanah Merah,Bright Hill,51
Tanah Merah,Buangkok,45
Tanah Merah,Bugis,21
Tanah Merah,Bukit Batok,58
Tanah Merah,Bukit Gombak,60
Tanah Merah,Bukit Panjang,55
Tanah Merah,Buona Vista,41
Tanah Merah,Caldecott,41
Tanah Merah,Canberra,58
Tanah Merah,Cashew,53
Tanah Merah,Changi Airport,18
Tanah Merah,Chinatown,37
Tanah Merah,Chinese Garden,53
Tanah Merah,Choa Chu Kang,64
Tanah Merah,City Hall,24
Tanah Merah,Clarke Quay,39
Tanah Merah,Clementi,46
Tanah Merah,Commonwealth,39
Tanah Merah,Dakota,23
Tanah Merah,Dhoby Ghaut,29
Tanah Merah,Dover,44
Tanah Merah,Downtown,34
Tanah Merah,Esplanade,34
Tanah Merah,Eunos,11
Tanah Merah,Expo,13
Tanah Merah,Farrer Park,39
Tanah Merah,Farrer Road,48
Tanah Merah,Fort Canning,38
Tanah Merah,Gardens by the Bay,40
Tanah Merah,Geylang Bahru,31
Tanah Merah,Great World,40
Tanah Merah,Gul Circle,66
Tanah Merah,HarbourFront,40
Tanah Merah,Havelock,38
Tanah Merah,Haw Par Villa,56
Tanah Merah,Hillview,51
Tanah Merah,Holland Village,51
Tanah Merah,Hougang,42
Tanah Merah,Hume,48
Tanah Merah,Jalan Besar,35
Tanah Merah,Joo Koon,63
Tanah Merah,Jurong East,50
Tanah Merah,Kaki Bukit,26
Tanah Merah,Kallang,17
Tanah Merah,Katong Park,46
Tanah Merah,Kembangan,9
Tanah Merah,Kent Ridge,53
Tanah Merah,Khatib,53
Tanah Merah,King Albert Park,44
Tanah Merah,Kovan,40
Tanah Merah,Kranji,73
Tanah Merah,Labrador Park,51
Tanah Merah,Lakeside,55
Tanah Merah,Lavender,19
Tanah Merah,Lentor,56
Tanah Merah,Little India,32
Tanah Merah,Lorong Chuan,33
Tanah Merah,MacPherson,23
Tanah Merah,Marina Bay,32
Tanah Merah,Marina South Pier,34
Tanah Merah,Marine Parade,49
Tanah Merah,Marine Terrace,51
Tanah Merah,Marsiling,70
Tanah Merah,Marymount,39
Tanah Merah,Mattar,29
Tanah Merah,Maxwell,38
Tanah Merah,Mayflower,53
Tanah Merah,Mountbatten,25
Tanah Merah,Napier,43
Tanah Merah,Newton,34
Tanah Merah,Nicoll Highway,29
Tanah Merah,Novena,37
Tanah Merah,Orchard,33
Tanah Merah,Orchard Boulevard,41
Tanah Merah,Outram Park,30
Tanah Merah,Pasir Panjang,54
Tanah Merah,Pasir Ris,13
Tanah Merah,Paya Lebar,13
Tanah Merah,Pioneer,60
Tanah Merah,Potong Pasir,42
Tanah Merah,Promenade,30
Tanah Merah,Punggol,49
Tanah Merah,Punggol Coast,51
Tanah Merah,Queenstown,37
Tanah Merah,Raffles Place,26
Tanah Merah,Redhill,35
Tanah Merah,Rochor,30
Tanah Merah,Sembawang,60
Tanah Merah,Sengkang,47
Tanah Merah,Serangoon,30
Tanah Merah,Shenton Way,39
Tanah Merah,Siglap,53
Tanah Merah,Simei,8
Tanah Merah,Sixth Avenue,42
Tanah Merah,Somerset,31
Tanah Merah,Springleaf,59
Tanah Merah,Stadium,27
Tanah Merah,Stevens,36
Tanah Merah,Tai Seng,25
Tanah Merah,Tampines,10
Tanah Merah,Tampines East,20
Tanah Merah,Tampines West,21
Tanah Merah,Tan Kah Kee,40
Tanah Merah,Tanah Merah,0
Tanah Merah,Tanjong Katong,48
Tanah Merah,Tanjong Pagar,28
Tanah Merah,Tanjong Rhu,44
Tanah Merah,Telok Ayer,36
Tanah Merah,Telok Blangah,49
Tanah Merah,Tiong Bahru,33
Tanah Merah,Toa Payoh,39
Tanah Merah,Tuas Crescent,68
Tanah Merah,Tuas Link,73
Tanah Merah,Tuas West Road,71
Tanah Merah,Ubi,28
Tanah Merah,Upper Changi,20
Tanah Merah,Upper Thomson,49
Tanah Merah,Woodlands,65
Tanah Merah,Woodlands North,68
Tanah Merah,Woodlands South,63
Tanah Merah,Woodleigh,40
Tanah Merah,Yew Tee,66
Tanah Merah,Yio Chu Kang,48
Tanah Merah,Yishun,55
Tanah Merah,one-north,51
Tanjong Katong,Admiralty,61
Tanjong Katong,Aljunied,36
Tanjong Katong,Ang Mo Kio,43
Tanjong Katong,Bartley,50
Tanjong Katong,Bayfront,24
Tanjong Katong,Bayshore,11
Tanjong Katong,Beauty World,45
Tanjong Katong,Bedok,45
Tanjong Katong,Bedok North,51
Tanjong Katong,Bedok Reservoir,53
Tanjong Katong,Bencoolen,36
Tanjong Katong,Bendemeer,40
Tanjong Katong,Bishan,40
Tanjong Katong,Boon Keng,37
Tanjong Katong,Boon Lay,53
Tanjong Katong,Botanic Gardens,37
Tanjong Katong,Braddell,38
Tanjong Katong,Bras Basah,35
Tanjong Katong,Bright Hill,40
Tanjong Katong,Buangkok,50
Tanjong Katong,Bugis,30
Tanjong Katong,Bukit Batok,53
Tanjong Katong,Bukit Gombak,55
Tanjong Katong,Bukit Panjang,54
Tanjong Katong,Buona Vista,36
Tanjong Katong,Caldecott,34
Tanjong Katong,Canberra,55
Tanjong Katong,Cashew,52
Tanjong Katong,Changi Airport,66
Tanjong Katong,Chinatown,27
Tanjong Katong,Chinese Garden,47
Tanjong Katong,Choa Chu Kang,59
Tanjong Katong,City Hall,24
Tanjong Katong,Clarke Quay,29
Tanjong Katong,Clementi,41
Tanjong Katong,Commonwealth,34
Tanjong Katong,Dakota,40
Tanjong Katong,Dhoby Ghaut,26
Tanjong Katong,Dover,38
Tanjong Katong,Downtown,30
Tanjong Katong,Esplanade,34
Tanjong Katong,Eunos,41
Tanjong Katong,Expo,61
Tanjong Katong,Farrer Park,35
Tanjong Katong,Farrer Road,48
Tanjong Katong,Fort Canning,34
Tanjong Katong,Gardens by the Bay,12
Tanjong Katong,Geylang Bahru,42
Tanjong Katong,Great World,22
Tanjong Katong,Gul Circle,61
Tanjong Katong,HarbourFront,28
Tanjong Katong,Havelock,21
Tanjong Katong,Haw Par Villa,44
Tanjong Katong,Hillview,50
Tanjong Katong,Holland Village,46
Tanjong Katong,Hougang,48
Tanjong Katong,Hume,47
Tanjong Katong,Jalan Besar,38
Tanjong Katong,Joo Koon,58
Tanjong Katong,Jurong East,45
Tanjong Katong,Kaki Bukit,49
Tanjong Katong,Kallang,34
Tanjong Katong,Katong Park,6
Tanjong Katong,Kembangan,42
Tanjong Katong,Kent Ridge,47
Tanjong Katong,Khatib,50
Tanjong Katong,King Albert Park,43
Tanjong Katong,Kovan,46
Tanjong Katong,Kranji,69
Tanjong Katong,Labrador Park,40
Tanjong Katong,Lakeside,50
Tanjong Katong,Lavender,32
Tanjong Katong,Lentor,45
Tanjong Katong,Little India,33
Tanjong Katong,Lorong Chuan,50
Tanjong Katong,MacPherson,45
Tanjong Katong,Marina Bay,14
Tanjong Katong,Marina South Pier,22
Tanjong Katong,Marine Parade,5
Tanjong Katong,Marine Terrace,7
Tanjong Katong,Marsiling,65
Tanjong Katong,Marymount,45
Tanjong Katong,Mattar,44
Tanjong Katong,Maxwell,17
Tanjong Katong,Mayflower,42
Tanjong Katong,Mountbatten,38
Tanjong Katong,Napier,28
Tanjong Katong,Newton,32
Tanjong Katong,Nicoll Highway,34
Tanjong Katong,Novena,34
Tanjong Katong,Orchard,24
Tanjong Katong,Orchard Boulevard,26
Tanjong Katong,Outram Park,18
Tanjong Katong,Pasir Panjang,42
Tanjong Katong,Pasir Ris,58
Tanjong Katong,Paya Lebar,38
Tanjong Katong,Pioneer,55
Tanjong Katong,Potong Pasir,39
Tanjong Katong,Promenade,27
Tanjong Katong,Punggol,55
Tanjong Katong,Punggol Coast,57
Tanjong Katong,Queenstown,32
Tanjong Katong,Raffles Place,22
Tanjong Katong,Redhill,30
Tanjong Katong,Rochor,34
Tanjong Katong,Sembawang,58
Tanjong Katong,Sengkang,52
Tanjong Katong,Serangoon,43
Tanjong Katong,Shenton Way,15
Tanjong Katong,Siglap,9
Tanjong Katong,Simei,53
Tanjong Katong,Sixth Avenue,41
Tanjong Katong,Somerset,28
Tanjong Katong,Springleaf,48
Tanjong Katong,Stadium,36
Tanjong Katong,Stevens,30
Tanjong Katong,Tai Seng,47
Tanjong Katong,Tampines,55
Tanjong Katong,Tampines East,59
Tanjong Katong,Tampines West,55
Tanjong Katong,Tan Kah Kee,39
Tanjong Katong,Tanah Merah,48
Tanjong Katong,Tanjong Katong,0
Tanjong Katong,Tanjong Pagar,27
Tanjong Katong,Tanjong Rhu,8
Tanjong Katong,Telok Ayer,32
Tanjong Katong,Telok Blangah,38
Tanjong Katong,Tiong Bahru,28
Tanjong Katong,Toa Payoh,36
Tanjong Katong,Tuas Crescent,63
Tanjong Katong,Tuas Link,67
Tanjong Katong,Tuas West Road,65
Tanjong Katong,Ubi,47
Tanjong Katong,Upper Changi,62
Tanjong Katong,Upper Thomson,38
Tanjong Katong,Woodlands,54
Tanjong Katong,Woodlands North,57
Tanjong Katong,Woodlands South,52
Tanjong Katong,Woodleigh,41
Tanjong Katong,Yew Tee,61
Tanjong Katong,Yio Chu Kang,45
Tanjong Katong,Yishun,53
Tanjong Katong,one-north,46
Tanjong Pagar,Admiralty,49
Tanjong Pagar,Aljunied,16
Tanjong Pagar,Ang Mo Kio,31
Tanjong Pagar,Bartley,34
Tanjong Pagar,Bayfront,22
Tanjong Pagar,Bayshore,34
Tanjong Pagar,Beauty World,35
Tanjong Pagar,Bedok,25
Tanjong Pagar,Bedok North,37
Tanjong Pagar,Bedok Reservoir,39
Tanjong Pagar,Bencoolen,23
Tanjong Pagar,Bendemeer,27
Tanjong Pagar,Bishan,27
Tanjong Pagar,Boon Keng,24
Tanjong Pagar,Boon Lay,34
Tanjong Pagar,Botanic Gardens,27
Tanjong Pagar,Braddell,25
Tanjong Pagar,Bras Basah,23
Tanjong Pagar,Bright Hill,33
Tanjong Pagar,Buangkok,37
Tanjong Pagar,Bugis,10
Tanjong Pagar,Bukit Batok,33
Tanjong Pagar,Bukit Gombak,35
Tanjong Pagar,Bukit Panjang,44
Tanjong Pagar,Buona Vista,16
Tanjong Pagar,Caldecott,27
Tanjong Pagar,Canberra,43
Tanjong Pagar,Cashew,42
Tanjong Pagar,Changi Airport,46
Tanjong Pagar,Chinatown,14
Tanjong Pagar,Chinese Garden,28
Tanjong Pagar,Choa Chu Kang,39
Tanjong Pagar,City Hall,8
Tanjong Pagar,Clarke Quay,15
Tanjong Pagar,Clementi,21
Tanjong Pagar,Commonwealth,14
Tanjong Pagar,Dakota,29
Tanjong Pagar,Dhoby Ghaut,13
Tanjong Pagar,Dover,19
Tanjong Pagar,Downtown,22
Tanjong Pagar,Esplanade,25
Tanjong Pagar,Eunos,21
Tanjong Pagar,Expo,41
Tanjong Pagar,Farrer Park,21
Tanjong Pagar,Farrer Road,30
Tanjong Pagar,Fort Canning,21
Tanjong Pagar,Gardens by the Bay,19
Tanjong Pagar,Geylang Bahru,29
Tanjong Pagar,Great World,15
Tanjong Pagar,Gul Circle,41
Tanjong Pagar,HarbourFront,15
Tanjong Pagar,Havelock,14
Tanjong Pagar,Haw Par Villa,31
Tanjong Pagar,Hillview,40
Tanjong Pagar,Holland Village,27
Tanjong Pagar,Hougang,35
Tanjong Pagar,Hume,37
Tanjong Pagar,Jalan Besar,24
Tanjong Pagar,Joo Koon,38
Tanjong Pagar,Jurong East,25
Tanjong Pagar,Kaki Bukit,36
Tanjong Pagar,Kallang,14
Tanjong Pagar,Katong Park,25
Tanjong Pagar,Kembangan,22
Tanjong Pagar,Kent Ridge,29
Tanjong Pagar,Khatib,38
Tanjong Pagar,King Albert Park,33
Tanjong Pagar,Kovan,32
Tanjong Pagar,Kranji,49
Tanjong Pagar,Labrador Park,26
Tanjong Pagar,Lakeside,30
Tanjong Pagar,Lavender,12
Tanjong Pagar,Lentor,38
Tanjong Pagar,Little India,20
Tanjong Pagar,Lorong Chuan,38
Tanjong Pagar,MacPherson,28
Tanjong Pagar,Marina Bay,11
Tanjong Pagar,Marina South Pier,14
Tanjong Pagar,Marine Parade,28
Tanjong Pagar,Marine Terrace,30
Tanjong Pagar,Marsiling,53
Tanjong Pagar,Marymount,38
Tanjong Pagar,Mattar,30
Tanjong Pagar,Maxwell,13
Tanjong Pagar,Mayflower,35
Tanjong Pagar,Mountbatten,31
Tanjong Pagar,Napier,21
Tanjong Pagar,Newton,19
Tanjong Pagar,Nicoll Highway,28
Tanjong Pagar,Novena,21
Tanjong Pagar,Orchard,17
Tanjong Pagar,Orchard Boulevard,19
Tanjong Pagar,Outram Park,5
Tanjong Pagar,Pasir Panjang,29
Tanjong Pagar,Pasir Ris,38
Tanjong Pagar,Paya Lebar,18
Tanjong Pagar,Pioneer,35
Tanjong Pagar,Potong Pasir,26
Tanjong Pagar,Promenade,19
Tanjong Pagar,Punggol,42
Tanjong Pagar,Punggol Coast,44
Tanjong Pagar,Queenstown,12
Tanjong Pagar,Raffles Place,5
Tanjong Pagar,Redhill,10
Tanjong Pagar,Rochor,19
Tanjong Pagar,Sembawang,45
Tanjong Pagar,Sengkang,39
Tanjong Pagar,Serangoon,30
Tanjong Pagar,Shenton Way,15
Tanjong Pagar,Siglap,32
Tanjong Pagar,Simei,33
Tanjong Pagar,Sixth Avenue,31
Tanjong Pagar,Somerset,15
Tanjong Pagar,Springleaf,41
Tanjong Pagar,Stadium,30
Tanjong Pagar,Stevens,23
Tanjong Pagar,Tai Seng,31
Tanjong Pagar,Tampines,35
Tanjong Pagar,Tampines East,45
Tanjong Pagar,Tampines West,42
Tanjong Pagar,Tan Kah Kee,29
Tanjong Pagar,Tanah Merah,28
Tanjong Pagar,Tanjong Katong,27
Tanjong Pagar,Tanjong Pagar,0
Tanjong Pagar,Tanjong Rhu,23
Tanjong Pagar,Telok Ayer,20
Tanjong Pagar,Telok Blangah,24
Tanjong Pagar,Tiong Bahru,8
Tanjong Pagar,Toa Payoh,23
Tanjong Pagar,Tuas Crescent,44
Tanjong Pagar,Tuas Link,48
Tanjong Pagar,Tuas West Road,46
Tanjong Pagar,Ubi,34
Tanjong Pagar,Upper Changi,48
Tanjong Pagar,Upper Thomson,31
Tanjong Pagar,Woodlands,47
Tanjong Pagar,Woodlands North,50
Tanjong Pagar,Woodlands South,45
Tanjong Pagar,Woodleigh,28
Tanjong Pagar,Yew Tee,42
Tanjong Pagar,Yio Chu Kang,33
Tanjong Pagar,Yishun,40
Tanjong Pagar,one-north,27
Tanjong Rhu,Admiralty,57
Tanjong Rhu,Aljunied,32
Tanjong Rhu,Ang Mo Kio,39
Tanjong Rhu,Bartley,46
Tanjong Rhu,Bayfront,20
Tanjong Rhu,Bayshore,15
Tanjong Rhu,Beauty World,41
Tanjong Rhu,Bedok,41
Tanjong Rhu,Bedok North,47
Tanjong Rhu,Bedok Reservoir,49
Tanjong Rhu,Bencoolen,32
Tanjong Rhu,Bendemeer,36
Tanjong Rhu,Bishan,36
Tanjong Rhu,Boon Keng,33
Tanjong Rhu,Boon Lay,49
Tanjong Rhu,Botanic Gardens,33
Tanjong Rhu,Braddell,34
Tanjong Rhu,Bras Basah,31
Tanjong Rhu,Bright Hill,36
Tanjong Rhu,Buangkok,46
Tanjong Rhu,Bugis,26
Tanjong Rhu,Bukit Batok,49
Tanjong Rhu,Bukit Gombak,51
Tanjong Rhu,Bukit Panjang,50
Tanjong Rhu,Buona Vista,32
Tanjong Rhu,Caldecott,30
Tanjong Rhu,Canberra,51
Tanjong Rhu,Cashew,48
Tanjong Rhu,Changi Airport,62
Tanjong Rhu,Chinatown,23
Tanjong Rhu,Chinese Garden,43
Tanjong Rhu,Choa Chu Kang,55
Tanjong Rhu,City Hall,20
Tanjong Rhu,Clarke Quay,25
Tanjong Rhu,Clementi,37
Tanjong Rhu,Commonwealth,30
Tanjong Rhu,Dakota,36
Tanjong Rhu,Dhoby Ghaut,22
Tanjong Rhu,Dover,34
Tanjong Rhu,Downtown,26
Tanjong Rhu,Esplanade,30
Tanjong Rhu,Eunos,37
Tanjong Rhu,Expo,57
Tanjong Rhu,Farrer Park,31
Tanjong Rhu,Farrer Road,44
Tanjong Rhu,Fort Canning,30
Tanjong Rhu,Gardens by the Bay,8
Tanjong Rhu,Geylang Bahru,38
Tanjong Rhu,Great World,18
Tanjong Rhu,Gul Circle,57
Tanjong Rhu,HarbourFront,24
Tanjong Rhu,Havelock,17
Tanjong Rhu,Haw Par Villa,40
Tanjong Rhu,Hillview,46
Tanjong Rhu,Holland Village,42
Tanjong Rhu,Hougang,44
Tanjong Rhu,Hume,43
Tanjong Rhu,Jalan Besar,34
Tanjong Rhu,Joo Koon,54
Tanjong Rhu,Jurong East,41
Tanjong Rhu,Kaki Bukit,45
Tanjong Rhu,Kallang,30
Tanjong Rhu,Katong Park,6
Tanjong Rhu,Kembangan,38
Tanjong Rhu,Kent Ridge,43
Tanjong Rhu,Khatib,46
Tanjong Rhu,King Albert Park,39
Tanjong Rhu,Kovan,42
Tanjong Rhu,Kranji,65
Tanjong Rhu,Labrador Park,36
Tanjong Rhu,Lakeside,46
Tanjong Rhu,Lavender,28
Tanjong Rhu,Lentor,41
Tanjong Rhu,Little India,29
Tanjong Rhu,Lorong Chuan,46
Tanjong Rhu,MacPherson,41
Tanjong Rhu,Marina Bay,10
Tanjong Rhu,Marina South Pier,18
Tanjong Rhu,Marine Parade,9
Tanjong Rhu,Marine Terrace,11
Tanjong Rhu,Marsiling,61
Tanjong Rhu,Marymount,41
Tanjong Rhu,Mattar,40
Tanjong Rhu,Maxwell,13
Tanjong Rhu,Mayflower,38
Tanjong Rhu,Mountbatten,34
Tanjong Rhu,Napier,24
Tanjong Rhu,Newton,28
Tanjong Rhu,Nicoll Highway,30
Tanjong Rhu,Novena,30
Tanjong Rhu,Orchard,20
Tanjong Rhu,Orchard Boulevard,22
Tanjong Rhu,Outram Park,14
Tanjong Rhu,Pasir Panjang,38
Tanjong Rhu,Pasir Ris,54
Tanjong Rhu,Paya Lebar,34
Tanjong Rhu,Pioneer,51
Tanjong Rhu,Potong Pasir,35
Tanjong Rhu,Promenade,23
Tanjong Rhu,Punggol,51
Tanjong Rhu,Punggol Coast,53
Tanjong Rhu,Queenstown,28
Tanjong Rhu,Raffles Place,18
Tanjong Rhu,Redhill,26
Tanjong Rhu,Rochor,30
Tanjong Rhu,Sembawang,54
Tanjong Rhu,Sengkang,48
Tanjong Rhu,Serangoon,39
Tanjong Rhu,Shenton Way,11
Tanjong Rhu,Siglap,13
Tanjong Rhu,Simei,49
Tanjong Rhu,Sixth Avenue,37
Tanjong Rhu,Somerset,24
Tanjong Rhu,Springleaf,44
Tanjong Rhu,Stadium,32
Tanjong Rhu,Stevens,26
Tanjong Rhu,Tai Seng,43
Tanjong Rhu,Tampines,51
Tanjong Rhu,Tampines East,55
Tanjong Rhu,Tampines West,51
Tanjong Rhu,Tan Kah Kee,35
Tanjong Rhu,Tanah Merah,44
Tanjong Rhu,Tanjong Katong,8
Tanjong Rhu,Tanjong Pagar,23
Tanjong Rhu,Tanjong Rhu,0
Tanjong Rhu,Telok Ayer,28
Tanjong Rhu,Telok Blangah,34
Tanjong Rhu,Tiong Bahru,24
Tanjong Rhu,Toa Payoh,32
Tanjong Rhu,Tuas Crescent,59
Tanjong Rhu,Tuas Link,63
Tanjong Rhu,Tuas West Road,61
Tanjong Rhu,Ubi,43
Tanjong Rhu,Upper Changi,58
Tanjong Rhu,Upper Thomson,34
Tanjong Rhu,Woodlands,50
Tanjong Rhu,Woodlands North,53
Tanjong Rhu,Woodlands South,48
Tanjong Rhu,Woodleigh,37
Tanjong Rhu,Yew Tee,57
Tanjong Rhu,Yio Chu Kang,41
Tanjong Rhu,Yishun,49
Tanjong Rhu,one-north,42
Telok Ayer,Admiralty,52
Telok Ayer,Aljunied,24
Telok Ayer,Ang Mo Kio,34
Telok Ayer,Bartley,29
Telok Ayer,Bayfront,7
Telok Ayer,Bayshore,39
Telok Ayer,Beauty World,28
Telok Ayer,Bedok,33
Telok Ayer,Bedok North,24
Telok Ayer,Bedok Reservoir,26
Telok Ayer,Bencoolen,9
Telok Ayer,Bendemeer,13
Telok Ayer,Bishan,31
Telok Ayer,Boon Keng,20
Telok Ayer,Boon Lay,46
Telok Ayer,Botanic Gardens,20
Telok Ayer,Braddell,29
Telok Ayer,Bras Basah,20
Telok Ayer,Bright Hill,33
Telok Ayer,Buangkok,33
Telok Ayer,Bugis,11
Telok Ayer,Bukit Batok,46
Telok Ayer,Bukit Gombak,48
Telok Ayer,Bukit Panjang,37
Telok Ayer,Buona Vista,29
Telok Ayer,Caldecott,27
Telok Ayer,Canberra,47
Telok Ayer,Cashew,35
Telok Ayer,Changi Airport,53
Telok Ayer,Chinatown,5
Telok Ayer,Chinese Garden,40
Telok Ayer,Choa Chu Kang,52
Telok Ayer,City Hall,20
Telok Ayer,Clarke Quay,12
Telok Ayer,Clementi,34
Telok Ayer,Commonwealth,27
Telok Ayer,Dakota,24
Telok Ayer,Dhoby Ghaut,14
Telok Ayer,Dover,31
Telok Ayer,Downtown,5
Telok Ayer,Esplanade,18
Telok Ayer,Eunos,29
Telok Ayer,Expo,37
Telok Ayer,Farrer Park,18
Telok Ayer,Farrer Road,30
Telok Ayer,Fort Canning,7
Telok Ayer,Gardens by the Bay,24
Telok Ayer,Geylang Bahru,15
Telok Ayer,Great World,21
Telok Ayer,Gul Circle,54
Telok Ayer,HarbourFront,15
Telok Ayer,Havelock,20
Telok Ayer,Haw Par Villa,31
Telok Ayer,Hillview,33
Telok Ayer,Holland Village,33
Telok Ayer,Hougang,31
Telok Ayer,Hume,30
Telok Ayer,Jalan Besar,11
Telok Ayer,Joo Koon,51
Telok Ayer,Jurong East,38
Telok Ayer,Kaki Bukit,22
Telok Ayer,Kallang,22
Telok Ayer,Katong Park,30
Telok Ayer,Kembangan,30
Telok Ayer,Kent Ridge,33
Telok Ayer,Khatib,41
Telok Ayer,King Albert Park,26
Telok Ayer,Kovan,29
Telok Ayer,Kranji,61
Telok Ayer,Labrador Park,26
Telok Ayer,Lakeside,42
Telok Ayer,Lavender,20
Telok Ayer,Lentor,38
Telok Ayer,Little India,14
Telok Ayer,Lorong Chuan,34
Telok Ayer,MacPherson,18
Telok Ayer,Marina Bay,15
Telok Ayer,Marina South Pier,24
Telok Ayer,Marine Parade,33
Telok Ayer,Marine Terrace,35
Telok Ayer,Marsiling,58
Telok Ayer,Marymount,35
Telok Ayer,Mattar,17
Telok Ayer,Maxwell,20
Telok Ayer,Mayflower,35
Telok Ayer,Mountbatten,22
Telok Ayer,Napier,26
Telok Ayer,Newton,16
Telok Ayer,Nicoll Highway,18
Telok Ayer,Novena,25
Telok Ayer,Orchard,23
Telok Ayer,Orchard Boulevard,25
Telok Ayer,Outram Park,12
Telok Ayer,Pasir Panjang,29
Telok Ayer,Pasir Ris,41
Telok Ayer,Paya Lebar,26
Telok Ayer,Pioneer,48
Telok Ayer,Potong Pasir,22
Telok Ayer,Promenade,9
Telok Ayer,Punggol,38
Telok Ayer,Punggol Coast,40
Telok Ayer,Queenstown,25
Telok Ayer,Raffles Place,22
Telok Ayer,Redhill,23
Telok Ayer,Rochor,12
Telok Ayer,Sembawang,49
Telok Ayer,Sengkang,35
Telok Ayer,Serangoon,26
Telok Ayer,Shenton Way,21
Telok Ayer,Siglap,37
Telok Ayer,Simei,40
Telok Ayer,Sixth Avenue,24
Telok Ayer,Somerset,23
Telok Ayer,Springleaf,41
Telok Ayer,Stadium,20
Telok Ayer,Stevens,18
Telok Ayer,Tai Seng,27
Telok Ayer,Tampines,30
Telok Ayer,Tampines East,32
Telok Ayer,Tampines West,28
Telok Ayer,Tan Kah Kee,22
Telok Ayer,Tanah Merah,36
Telok Ayer,Tanjong Katong,32
Telok Ayer,Tanjong Pagar,20
Telok Ayer,Tanjong Rhu,28
Telok Ayer,Telok Ayer,0
Telok Ayer,Telok Blangah,24
Telok Ayer,Tiong Bahru,21
Telok Ayer,Toa Payoh,27
Telok Ayer,Tuas Crescent,56
Telok Ayer,Tuas Link,60
Telok Ayer,Tuas West Road,58
Telok Ayer,Ubi,20
Telok Ayer,Upper Changi,35
Telok Ayer,Upper Thomson,31
Telok Ayer,Woodlands,47
Telok Ayer,Woodlands North,50
Telok Ayer,Woodlands South,45
Telok Ayer,Woodleigh,24
Telok Ayer,Yew Tee,54
Telok Ayer,Yio Chu Kang,36
Telok Ayer,Yishun,44
Telok Ayer,one-north,35
Telok Blangah,Admiralty,63
Telok Blangah,Aljunied,38
Telok Blangah,Ang Mo Kio,45
Telok Blangah,Bartley,44
Telok Blangah,Bayfront,28
Telok Blangah,Bayshore,45
Telok Blangah,Beauty World,40
Telok Blangah,Bedok,47
Telok Blangah,Bedok North,42
Telok Blangah,Bedok Reservoir,44
Telok Blangah,Bencoolen,27
Telok Blangah,Bendemeer,31
Telok Blangah,Bishan,35
Telok Blangah,Boon Keng,28
Telok Blangah,Boon Lay,41
Telok Blangah,Botanic Gardens,25
Telok Blangah,Braddell,41
Telok Blangah,Bras Basah,31
Telok Blangah,Bright Hill,42
Telok Blangah,Buangkok,41
Telok Blangah,Bugis,31
Telok Blangah,Bukit Batok,41
Telok Blangah,Bukit Gombak,43
Telok Blangah,Bukit Panjang,49
Telok Blangah,Buona Vista,18
Telok Blangah,Caldecott,30
Telok Blangah,Canberra,57
Telok Blangah,Cashew,47
Telok Blangah,Changi Airport,68
Telok Blangah,Chinatown,18
Telok Blangah,Chinese Garden,36
Telok Blangah,Choa Chu Kang,47
Telok Blangah,City Hall,29
Telok Blangah,Clarke Quay,20
Telok Blangah,Clementi,29
Telok Blangah,Commonwealth,26
Telok Blangah,Dakota,44
Telok Blangah,Dhoby Ghaut,22
Telok Blangah,Dover,27
Telok Blangah,Downtown,26
Telok Blangah,Esplanade,33
Telok Blangah,Eunos,42
Telok Blangah,Expo,55
Telok Blangah,Farrer Park,26
Telok Blangah,Farrer Road,23
Telok Blangah,Fort Canning,25
Telok Blangah,Gardens by the Bay,30
Telok Blangah,Geylang Bahru,33
Telok Blangah,Great World,26
Telok Blangah,Gul Circle,49
Telok Blangah,HarbourFront,7
Telok Blangah,Havelock,24
Telok Blangah,Haw Par Villa,12
Telok Blangah,Hillview,45
Telok Blangah,Holland Village,20
Telok Blangah,Hougang,39
Telok Blangah,Hume,42
Telok Blangah,Jalan Besar,29
Telok Blangah,Joo Koon,46
Telok Blangah,Jurong East,33
Telok Blangah,Kaki Bukit,40
Telok Blangah,Kallang,35
Telok Blangah,Katong Park,36
Telok Blangah,Kembangan,44
Telok Blangah,Kent Ridge,14
Telok Blangah,Khatib,52
Telok Blangah,King Albert Park,38
Telok Blangah,Kovan,37
Telok Blangah,Kranji,57
Telok Blangah,Labrador Park,7
Telok Blangah,Lakeside,38
Telok Blangah,Lavender,33
Telok Blangah,Lentor,47
Telok Blangah,Little India,24
Telok Blangah,Lorong Chuan,38
Telok Blangah,MacPherson,36
Telok Blangah,Marina Bay,27
Telok Blangah,Marina South Pier,35
Telok Blangah,Marine Parade,39
Telok Blangah,Marine Terrace,41
Telok Blangah,Marsiling,60
Telok Blangah,Marymount,33
Telok Blangah,Mattar,35
Telok Blangah,Maxwell,24
Telok Blangah,Mayflower,45
Telok Blangah,Mountbatten,42
Telok Blangah,Napier,31
Telok Blangah,Newton,32
Telok Blangah,Nicoll Highway,38
Telok Blangah,Novena,37
Telok Blangah,Orchard,28
Telok Blangah,Orchard Boulevard,30
Telok Blangah,Outram Park,16
Telok Blangah,Pasir Panjang,9
Telok Blangah,Pasir Ris,59
Telok Blangah,Paya Lebar,40
Telok Blangah,Pioneer,43
Telok Blangah,Potong Pasir,30
Telok Blangah,Promenade,30
Telok Blangah,Punggol,46
Telok Blangah,Punggol Coast,48
Telok Blangah,Queenstown,28
Telok Blangah,Raffles Place,27
Telok Blangah,Redhill,27
Telok Blangah,Rochor,31
Telok Blangah,Sembawang,60
Telok Blangah,Sengkang,43
Telok Blangah,Serangoon,34
Telok Blangah,Shenton Way,26
Telok Blangah,Siglap,43
Telok Blangah,Simei,54
Telok Blangah,Sixth Avenue,35
Telok Blangah,Somerset,31
Telok Blangah,Springleaf,50
Telok Blangah,Stadium,40
Telok Blangah,Stevens,34
Telok Blangah,Tai Seng,45
Telok Blangah,Tampines,48
Telok Blangah,Tampines East,50
Telok Blangah,Tampines West,46
Telok Blangah,Tan Kah Kee,34
Telok Blangah,Tanah Merah,49
Telok Blangah,Tanjong Katong,38
Telok Blangah,Tanjong Pagar,24
Telok Blangah,Tanjong Rhu,34
Telok Blangah,Telok Ayer,24
Telok Blangah,Telok Blangah,0
Telok Blangah,Tiong Bahru,25
Telok Blangah,Toa Payoh,39
Telok Blangah,Tuas Crescent,52
Telok Blangah,Tuas Link,56
Telok Blangah,Tuas West Road,54
Telok Blangah,Ubi,38
Telok Blangah,Upper Changi,53
Telok Blangah,Upper Thomson,40
Telok Blangah,Woodlands,57
Telok Blangah,Woodlands North,59
Telok Blangah,Woodlands South,54
Telok Blangah,Woodleigh,32
Telok Blangah,Yew Tee,49
Telok Blangah,Yio Chu Kang,47
Telok Blangah,Yishun,55
Telok Blangah,one-north,16
Tiong Bahru,Admiralty,54
Tiong Bahru,Aljunied,21
Tiong Bahru,Ang Mo Kio,35
Tiong Bahru,Bartley,38
Tiong Bahru,Bayfront,24
Tiong Bahru,Bayshore,35
Tiong Bahru,Beauty World,39
Tiong Bahru,Bedok,30
Tiong Bahru,Bedok North,38
Tiong Bahru,Bedok Reservoir,40
Tiong Bahru,Bencoolen,23
Tiong Bahru,Bendemeer,27
Tiong Bahru,Bishan,32
Tiong Bahru,Boon Keng,24
Tiong Bahru,Boon Lay,29
Tiong Bahru,Botanic Gardens,27
Tiong Bahru,Braddell,30
Tiong Bahru,Bras Basah,27
Tiong Bahru,Bright Hill,34
Tiong Bahru,Buangkok,38
Tiong Bahru,Bugis,15
Tiong Bahru,Bukit Batok,28
Tiong Bahru,Bukit Gombak,30
Tiong Bahru,Bukit Panjang,48
Tiong Bahru,Buona Vista,12
Tiong Bahru,Caldecott,28
Tiong Bahru,Canberra,48
Tiong Bahru,Cashew,46
Tiong Bahru,Changi Airport,51
Tiong Bahru,Chinatown,14
Tiong Bahru,Chinese Garden,23
Tiong Bahru,Choa Chu Kang,34
Tiong Bahru,City Hall,13
Tiong Bahru,Clarke Quay,16
Tiong Bahru,Clementi,16
Tiong Bahru,Commonwealth,10
Tiong Bahru,Dakota,34
Tiong Bahru,Dhoby Ghaut,18
Tiong Bahru,Dover,14
Tiong Bahru,Downtown,22
Tiong Bahru,Esplanade,29
Tiong Bahru,Eunos,26
Tiong Bahru,Expo,46
Tiong Bahru,Farrer Park,22
Tiong Bahru,Farrer Road,25
Tiong Bahru,Fort Canning,22
Tiong Bahru,Gardens by the Bay,20
Tiong Bahru,Geylang Bahru,29
Tiong Bahru,Great World,16
Tiong Bahru,Gul Circle,36
Tiong Bahru,HarbourFront,16
Tiong Bahru,Havelock,14
Tiong Bahru,Haw Par Villa,26
Tiong Bahru,Hillview,44
Tiong Bahru,Holland Village,22
Tiong Bahru,Hougang,35
Tiong Bahru,Hume,41
Tiong Bahru,Jalan Besar,25
Tiong Bahru,Joo Koon,33
Tiong Bahru,Jurong East,20
Tiong Bahru,Kaki Bukit,36
Tiong Bahru,Kallang,19
Tiong Bahru,Katong Park,26
Tiong Bahru,Kembangan,27
Tiong Bahru,Kent Ridge,24
Tiong Bahru,Khatib,43
Tiong Bahru,King Albert Park,37
Tiong Bahru,Kovan,33
Tiong Bahru,Kranji,44
Tiong Bahru,Labrador Park,27
Tiong Bahru,Lakeside,25
Tiong Bahru,Lavender,17
Tiong Bahru,Lentor,38
Tiong Bahru,Little India,20
Tiong Bahru,Lorong Chuan,40
Tiong Bahru,MacPherson,32
Tiong Bahru,Marina Bay,16
Tiong Bahru,Marina South Pier,18
Tiong Bahru,Marine Parade,29
Tiong Bahru,Marine Terrace,31
Tiong Bahru,Marsiling,48
Tiong Bahru,Marymount,34
Tiong Bahru,Mattar,31
Tiong Bahru,Maxwell,14
Tiong Bahru,Mayflower,36
Tiong Bahru,Mountbatten,36
Tiong Bahru,Napier,21
Tiong Bahru,Newton,24
Tiong Bahru,Nicoll Highway,33
Tiong Bahru,Novena,26
Tiong Bahru,Orchard,17
Tiong Bahru,Orchard Boulevard,20
Tiong Bahru,Outram Park,6
Tiong Bahru,Pasir Panjang,28
Tiong Bahru,Pasir Ris,43
Tiong Bahru,Paya Lebar,23
Tiong Bahru,Pioneer,30
Tiong Bahru,Potong Pasir,26
Tiong Bahru,Promenade,24
Tiong Bahru,Punggol,42
Tiong Bahru,Punggol Coast,44
Tiong Bahru,Queenstown,8
Tiong Bahru,Raffles Place,10
Tiong Bahru,Redhill,5
Tiong Bahru,Rochor,24
Tiong Bahru,Sembawang,50
Tiong Bahru,Sengkang,39
Tiong Bahru,Serangoon,30
Tiong Bahru,Shenton Way,16
Tiong Bahru,Siglap,33
Tiong Bahru,Simei,38
Tiong Bahru,Sixth Avenue,35
Tiong Bahru,Somerset,20
Tiong Bahru,Springleaf,41
Tiong Bahru,Stadium,35
Tiong Bahru,Stevens,24
Tiong Bahru,Tai Seng,36
Tiong Bahru,Tampines,40
Tiong Bahru,Tampines East,46
Tiong Bahru,Tampines West,42
Tiong Bahru,Tan Kah Kee,33
Tiong Bahru,Tanah Merah,33
Tiong Bahru,Tanjong Katong,28
Tiong Bahru,Tanjong Pagar,8
Tiong Bahru,Tanjong Rhu,24
Tiong Bahru,Telok Ayer,21
Tiong Bahru,Telok Blangah,25
Tiong Bahru,Tiong Bahru,0
Tiong Bahru,Toa Payoh,28
Tiong Bahru,Tuas Crescent,39
Tiong Bahru,Tuas Link,43
Tiong Bahru,Tuas West Road,41
Tiong Bahru,Ubi,34
Tiong Bahru,Upper Changi,50
Tiong Bahru,Upper Thomson,31
Tiong Bahru,Woodlands,48
Tiong Bahru,Woodlands North,50
Tiong Bahru,Woodlands South,46
Tiong Bahru,Woodleigh,28
Tiong Bahru,Yew Tee,37
Tiong Bahru,Yio Chu Kang,38
Tiong Bahru,Yishun,45
Tiong Bahru,one-north,22
Toa Payoh,Admiralty,28
Toa Payoh,Aljunied,28
Toa Payoh,Ang Mo Kio,10
Toa Payoh,Bartley,23
Toa Payoh,Bayfront,24
Toa Payoh,Bayshore,43
Toa Payoh,Beauty World,26
Toa Payoh,Bedok,37
Toa Payoh,Bedok North,38
Toa Payoh,Bedok Reservoir,40
Toa Payoh,Bencoolen,32
Toa Payoh,Bendemeer,36
Toa Payoh,Bishan,7
Toa Payoh,Boon Keng,26
Toa Payoh,Boon Lay,54
Toa Payoh,Botanic Gardens,18
Toa Payoh,Braddell,5
Toa Payoh,Bras Basah,22
Toa Payoh,Bright Hill,32
Toa Payoh,Buangkok,34
Toa Payoh,Bugis,20
Toa Payoh,Bukit Batok,53
Toa Payoh,Bukit Gombak,52
Toa Payoh,Bukit Panjang,35
Toa Payoh,Buona Vista,32
Toa Payoh,Caldecott,20
Toa Payoh,Canberra,23
Toa Payoh,Cashew,33
Toa Payoh,Changi Airport,58
Toa Payoh,Chinatown,25
Toa Payoh,Chinese Garden,48
Toa Payoh,Choa Chu Kang,48
Toa Payoh,City Hall,15
Toa Payoh,Clarke Quay,23
Toa Payoh,Clementi,41
Toa Payoh,Commonwealth,35
Toa Payoh,Dakota,33
Toa Payoh,Dhoby Ghaut,13
Toa Payoh,Dover,39
Toa Payoh,Downtown,25
Toa Payoh,Esplanade,24
Toa Payoh,Eunos,32
Toa Payoh,Expo,51
Toa Payoh,Farrer Park,24
Toa Payoh,Farrer Road,28
Toa Payoh,Fort Canning,31
Toa Payoh,Gardens by the Bay,28
Toa Payoh,Geylang Bahru,36
Toa Payoh,Great World,18
Toa Payoh,Gul Circle,61
Toa Payoh,HarbourFront,30
Toa Payoh,Havelock,19
Toa Payoh,Haw Par Villa,39
Toa Payoh,Hillview,32
Toa Payoh,Holland Village,30
Toa Payoh,Hougang,32
Toa Payoh,Hume,28
Toa Payoh,Jalan Besar,34
Toa Payoh,Joo Koon,58
Toa Payoh,Jurong East,45
Toa Payoh,Kaki Bukit,37
Toa Payoh,Kallang,25
Toa Payoh,Katong Park,34
Toa Payoh,Kembangan,34
Toa Payoh,Kent Ridge,37
Toa Payoh,Khatib,18
Toa Payoh,King Albert Park,24
Toa Payoh,Kovan,30
Toa Payoh,Kranji,38
Toa Payoh,Labrador Park,41
Toa Payoh,Lakeside,50
Toa Payoh,Lavender,23
Toa Payoh,Lentor,36
Toa Payoh,Little India,17
Toa Payoh,Lorong Chuan,18
Toa Payoh,MacPherson,28
Toa Payoh,Marina Bay,19
Toa Payoh,Marina South Pier,22
Toa Payoh,Marine Parade,37
Toa Payoh,Marine Terrace,39
Toa Payoh,Marsiling,35
Toa Payoh,Marymount,18
Toa Payoh,Mattar,34
Toa Payoh,Maxwell,23
Toa Payoh,Mayflower,34
Toa Payoh,Mountbatten,33
Toa Payoh,Napier,19
Toa Payoh,Newton,7
Toa Payoh,Nicoll Highway,29
Toa Payoh,Novena,5
Toa Payoh,Orchard,10
Toa Payoh,Orchard Boulevard,18
Toa Payoh,Outram Park,21
Toa Payoh,Pasir Panjang,41
Toa Payoh,Pasir Ris,49
Toa Payoh,Paya Lebar,30
Toa Payoh,Pioneer,55
Toa Payoh,Potong Pasir,29
Toa Payoh,Promenade,21
Toa Payoh,Punggol,39
Toa Payoh,Punggol Coast,41
Toa Payoh,Queenstown,33
Toa Payoh,Raffles Place,17
Toa Payoh,Redhill,30
Toa Payoh,Rochor,18
Toa Payoh,Sembawang,25
Toa Payoh,Sengkang,36
Toa Payoh,Serangoon,20
Toa Payoh,Shenton Way,24
Toa Payoh,Siglap,41
Toa Payoh,Simei,44
Toa Payoh,Sixth Avenue,22
Toa Payoh,Somerset,11
Toa Payoh,Springleaf,39
Toa Payoh,Stadium,32
Toa Payoh,Stevens,17
Toa Payoh,Tai Seng,26
Toa Payoh,Tampines,44
Toa Payoh,Tampines East,47
Toa Payoh,Tampines West,42
Toa Payoh,Tan Kah Kee,20
Toa Payoh,Tanah Merah,39
Toa Payoh,Tanjong Katong,36
Toa Payoh,Tanjong Pagar,23
Toa Payoh,Tanjong Rhu,32
Toa Payoh,Telok Ayer,27
Toa Payoh,Telok Blangah,39
Toa Payoh,Tiong Bahru,28
Toa Payoh,Toa Payoh,0
Toa Payoh,Tuas Crescent,64
Toa Payoh,Tuas Link,68
Toa Payoh,Tuas West Road,66
Toa Payoh,Ubi,35
Toa Payoh,Upper Changi,50
Toa Payoh,Upper Thomson,29
Toa Payoh,Woodlands,31
Toa Payoh,Woodlands North,41
Toa Payoh,Woodlands South,41
Toa Payoh,Woodleigh,29
Toa Payoh,Yew Tee,46
Toa Payoh,Yio Chu Kang,13
Toa Payoh,Yishun,20
Toa Payoh,one-north,35
Tuas Crescent,Admiralty,55
Tuas Crescent,Aljunied,57
Tuas Crescent,Ang Mo Kio,65
Tuas Crescent,Bartley,64
Tuas Crescent,Bayfront,59
Tuas Crescent,Bayshore,70
Tuas Crescent,Beauty World,60
Tuas Crescent,Bedok,66
Tuas Crescent,Bedok North,73
Tuas Crescent,Bedok Reservoir,75
Tuas Crescent,Bencoolen,59
Tuas Crescent,Bendemeer,63
Tuas Crescent,Bishan,56
Tuas Crescent,Boon Keng,60
Tuas Crescent,Boon Lay,13
Tuas Crescent,Botanic Gardens,46
Tuas Crescent,Braddell,64
Tuas Crescent,Bras Basah,63
Tuas Crescent,Bright Hill,63
Tuas Crescent,Buangkok,73
Tuas Crescent,Bugis,50
Tuas Crescent,Bukit Batok,29
Tuas Crescent,Bukit Gombak,31
Tuas Crescent,Bukit Panjang,50
Tuas Crescent,Buona Vista,30
Tuas Crescent,Caldecott,51
Tuas Crescent,Canberra,61
Tuas Crescent,Cashew,57
Tuas Crescent,Changi Airport,87
Tuas Crescent,Chinatown,50
Tuas Crescent,Chinese Garden,19
Tuas Crescent,Choa Chu Kang,36
Tuas Crescent,City Hall,48
Tuas Crescent,Clarke Quay,51
Tuas Crescent,Clementi,26
Tuas Crescent,Commonwealth,32
Tuas Crescent,Dakota,69
Tuas Crescent,Dhoby Ghaut,54
Tuas Crescent,Dover,28
Tuas Crescent,Downtown,58
Tuas Crescent,Esplanade,65
Tuas Crescent,Eunos,61
Tuas Crescent,Expo,81
Tuas Crescent,Farrer Park,57
Tuas Crescent,Farrer Road,43
Tuas Crescent,Fort Canning,57
Tuas Crescent,Gardens by the Bay,55
Tuas Crescent,Geylang Bahru,65
Tuas Crescent,Great World,51
Tuas Crescent,Gul Circle,6
Tuas Crescent,HarbourFront,51
Tuas Crescent,Havelock,50
Tuas Crescent,Haw Par Villa,45
Tuas Crescent,Hillview,59
Tuas Crescent,Holland Village,41
Tuas Crescent,Hougang,71
Tuas Crescent,Hume,60
Tuas Crescent,Jalan Besar,60
Tuas Crescent,Joo Koon,9
Tuas Crescent,Jurong East,22
Tuas Crescent,Kaki Bukit,72
Tuas Crescent,Kallang,55
Tuas Crescent,Katong Park,61
Tuas Crescent,Kembangan,63
Tuas Crescent,Kent Ridge,42
Tuas Crescent,Khatib,66
Tuas Crescent,King Albert Park,58
Tuas Crescent,Kovan,68
Tuas Crescent,Kranji,46
Tuas Crescent,Labrador Park,50
Tuas Crescent,Lakeside,17
Tuas Crescent,Lavender,53
Tuas Crescent,Lentor,67
Tuas Crescent,Little India,56
Tuas Crescent,Lorong Chuan,59
Tuas Crescent,MacPherson,68
Tuas Crescent,Marina Bay,52
Tuas Crescent,Marina South Pier,54
Tuas Crescent,Marine Parade,64
Tuas Crescent,Marine Terrace,66
Tuas Crescent,Marsiling,49
Tuas Crescent,Marymount,53
Tuas Crescent,Mattar,66
Tuas Crescent,Maxwell,49
Tuas Crescent,Mayflower,65
Tuas Crescent,Mountbatten,71
Tuas Crescent,Napier,57
Tuas Crescent,Newton,56
Tuas Crescent,Nicoll Highway,68
Tuas Crescent,Novena,62
Tuas Crescent,Orchard,53
Tuas Crescent,Orchard Boulevard,55
Tuas Crescent,Outram Park,41
Tuas Crescent,Pasir Panjang,47
Tuas Crescent,Pasir Ris,78
Tuas Crescent,Paya Lebar,59
Tuas Crescent,Pioneer,12
Tuas Crescent,Potong Pasir,62
Tuas Crescent,Promenade,60
Tuas Crescent,Punggol,78
Tuas Crescent,Punggol Coast,80
Tuas Crescent,Queenstown,34
Tuas Crescent,Raffles Place,46
Tuas Crescent,Redhill,37
Tuas Crescent,Rochor,60
Tuas Crescent,Sembawang,58
Tuas Crescent,Sengkang,75
Tuas Crescent,Serangoon,60
Tuas Crescent,Shenton Way,51
Tuas Crescent,Siglap,68
Tuas Crescent,Simei,73
Tuas Crescent,Sixth Avenue,56
Tuas Crescent,Somerset,56
Tuas Crescent,Springleaf,66
Tuas Crescent,Stadium,71
Tuas Crescent,Stevens,54
Tuas Crescent,Tai Seng,66
Tuas Crescent,Tampines,75
Tuas Crescent,Tampines East,82
Tuas Crescent,Tampines West,78
Tuas Crescent,Tan Kah Kee,54
Tuas Crescent,Tanah Merah,68
Tuas Crescent,Tanjong Katong,63
Tuas Crescent,Tanjong Pagar,44
Tuas Crescent,Tanjong Rhu,59
Tuas Crescent,Telok Ayer,56
Tuas Crescent,Telok Blangah,52
Tuas Crescent,Tiong Bahru,39
Tuas Crescent,Toa Payoh,64
Tuas Crescent,Tuas Crescent,0
Tuas Crescent,Tuas Link,8
Tuas Crescent,Tuas West Road,5
Tuas Crescent,Ubi,70
Tuas Crescent,Upper Changi,85
Tuas Crescent,Upper Thomson,60
Tuas Crescent,Woodlands,52
Tuas Crescent,Woodlands North,62
Tuas Crescent,Woodlands South,62
Tuas Crescent,Woodleigh,64
Tuas Crescent,Yew Tee,38
Tuas Crescent,Yio Chu Kang,68
Tuas Crescent,Yishun,64
Tuas Crescent,one-north,40
Tuas Link,Admiralty,59
Tuas Link,Aljunied,61
Tuas Link,Ang Mo Kio,69
Tuas Link,Bartley,68
Tuas Link,Bayfront,64
Tuas Link,Bayshore,74
Tuas Link,Beauty World,64
Tuas Link,Bedok,70
Tuas Link,Bedok North,78
Tuas Link,Bedok Reservoir,80
Tuas Link,Bencoolen,63
Tuas Link,Bendemeer,67
Tuas Link,Bishan,60
Tuas Link,Boon Keng,64
Tuas Link,Boon Lay,18
Tuas Link,Botanic Gardens,50
Tuas Link,Braddell,68
Tuas Link,Bras Basah,67
Tuas Link,Bright Hill,67
Tuas Link,Buangkok,77
Tuas Link,Bugis,55
Tuas Link,Bukit Batok,34
Tuas Link,Bukit Gombak,36
Tuas Link,Bukit Panjang,54
Tuas Link,Buona Vista,35
Tuas Link,Caldecott,55
Tuas Link,Canberra,65
Tuas Link,Cashew,62
Tuas Link,Changi Airport,91
Tuas Link,Chinatown,54
Tuas Link,Chinese Garden,23
Tuas Link,Choa Chu Kang,40
Tuas Link,City Hall,52
Tuas Link,Clarke Quay,56
Tuas Link,Clementi,30
Tuas Link,Commonwealth,37
Tuas Link,Dakota,73
Tuas Link,Dhoby Ghaut,58
Tuas Link,Dover,32
Tuas Link,Downtown,62
Tuas Link,Esplanade,69
Tuas Link,Eunos,65
Tuas Link,Expo,86
Tuas Link,Farrer Park,62
Tuas Link,Farrer Road,48
Tuas Link,Fort Canning,61
Tuas Link,Gardens by the Bay,59
Tuas Link,Geylang Bahru,69
Tuas Link,Great World,55
Tuas Link,Gul Circle,10
Tuas Link,HarbourFront,55
Tuas Link,Havelock,54
Tuas Link,Haw Par Villa,49
Tuas Link,Hillview,63
Tuas Link,Holland Village,45
Tuas Link,Hougang,75
Tuas Link,Hume,64
Tuas Link,Jalan Besar,65
Tuas Link,Joo Koon,13
Tuas Link,Jurong East,26
Tuas Link,Kaki Bukit,76
Tuas Link,Kallang,59
Tuas Link,Katong Park,65
Tuas Link,Kembangan,67
Tuas Link,Kent Ridge,47
Tuas Link,Khatib,70
Tuas Link,King Albert Park,62
Tuas Link,Kovan,73
Tuas Link,Kranji,50
Tuas Link,Labrador Park,54
Tuas Link,Lakeside,21
Tuas Link,Lavender,57
Tuas Link,Lentor,72
Tuas Link,Little India,60
Tuas Link,Lorong Chuan,63
Tuas Link,MacPherson,72
Tuas Link,Marina Bay,56
Tuas Link,Marina South Pier,58
Tuas Link,Marine Parade,68
Tuas Link,Marine Terrace,70
Tuas Link,Marsiling,53
Tuas Link,Marymount,57
Tuas Link,Mattar,71
Tuas Link,Maxwell,54
Tuas Link,Mayflower,69
Tuas Link,Mountbatten,75
Tuas Link,Napier,61
Tuas Link,Newton,60
Tuas Link,Nicoll Highway,73
Tuas Link,Novena,66
Tuas Link,Orchard,57
Tuas Link,Orchard Boulevard,59
Tuas Link,Outram Park,46
Tuas Link,Pasir Panjang,51
Tuas Link,Pasir Ris,83
Tuas Link,Paya Lebar,63
Tuas Link,Pioneer,16
Tuas Link,Potong Pasir,66
Tuas Link,Promenade,64
Tuas Link,Punggol,82
Tuas Link,Punggol Coast,84
Tuas Link,Queenstown,39
Tuas Link,Raffles Place,50
Tuas Link,Redhill,41
Tuas Link,Rochor,64
Tuas Link,Sembawang,63
Tuas Link,Sengkang,79
Tuas Link,Serangoon,65
Tuas Link,Shenton Way,55
Tuas Link,Siglap,72
Tuas Link,Simei,77
Tuas Link,Sixth Avenue,60
Tuas Link,Somerset,60
Tuas Link,Springleaf,71
Tuas Link,Stadium,75
Tuas Link,Stevens,58
Tuas Link,Tai Seng,71
Tuas Link,Tampines,80
Tuas Link,Tampines East,86
Tuas Link,Tampines West,82
Tuas Link,Tan Kah Kee,58
Tuas Link,Tanah Merah,73
Tuas Link,Tanjong Katong,67
Tuas Link,Tanjong Pagar,48
Tuas Link,Tanjong Rhu,63
Tuas Link,Telok Ayer,60
Tuas Link,Telok Blangah,56
Tuas Link,Tiong Bahru,43
Tuas Link,Toa Payoh,68
Tuas Link,Tuas Crescent,8
Tuas Link,Tuas Link,0
Tuas Link,Tuas West Road,5
Tuas Link,Ubi,74
Tuas Link,Upper Changi,89
Tuas Link,Upper Thomson,65
Tuas Link,Woodlands,56
Tuas Link,Woodlands North,66
Tuas Link,Woodlands South,66
Tuas Link,Woodleigh,68
Tuas Link,Yew Tee,42
Tuas Link,Yio Chu Kang,72
Tuas Link,Yishun,68
Tuas Link,one-north,45
Tuas West Road,Admiralty,57
Tuas West Road,Aljunied,59
Tuas West Road,Ang Mo Kio,67
Tuas West Road,Bartley,66
Tuas West Road,Bayfront,62
Tuas West Road,Bayshore,72
Tuas West Road,Beauty World,62
Tuas West Road,Bedok,68
Tuas West Road,Bedok North,76
Tuas West Road,Bedok Reservoir,77
Tuas West Road,Bencoolen,61
Tuas West Road,Bendemeer,65
Tuas West Road,Bishan,58
Tuas West Road,Boon Keng,62
Tuas West Road,Boon Lay,16
Tuas West Road,Botanic Gardens,48
Tuas West Road,Braddell,66
Tuas West Road,Bras Basah,65
Tuas West Road,Bright Hill,65
Tuas West Road,Buangkok,75
Tuas West Road,Bugis,53
Tuas West Road,Bukit Batok,32
Tuas West Road,Bukit Gombak,34
Tuas West Road,Bukit Panjang,52
Tuas West Road,Buona Vista,32
Tuas West Road,Caldecott,53
Tuas West Road,Canberra,63
Tuas West Road,Cashew,60
Tuas West Road,Changi Airport,89
Tuas West Road,Chinatown,52
Tuas West Road,Chinese Garden,21
Tuas West Road,Choa Chu Kang,38
Tuas West Road,City Hall,50
Tuas West Road,Clarke Quay,54
Tuas West Road,Clementi,28
Tuas West Road,Commonwealth,35
Tuas West Road,Dakota,71
Tuas West Road,Dhoby Ghaut,56
Tuas West Road,Dover,30
Tuas West Road,Downtown,60
Tuas West Road,Esplanade,67
Tuas West Road,Eunos,63
Tuas West Road,Expo,83
Tuas West Road,Farrer Park,60
Tuas West Road,Farrer Road,46
Tuas West Road,Fort Canning,59
Tuas West Road,Gardens by the Bay,57
Tuas West Road,Geylang Bahru,67
Tuas West Road,Great World,53
Tuas West Road,Gul Circle,8
Tuas West Road,HarbourFront,53
Tuas West Road,Havelock,52
Tuas West Road,Haw Par Villa,47
Tuas West Road,Hillview,61
Tuas West Road,Holland Village,43
Tuas West Road,Hougang,73
Tuas West Road,Hume,62
Tuas West Road,Jalan Besar,63
Tuas West Road,Joo Koon,11
Tuas West Road,Jurong East,24
Tuas West Road,Kaki Bukit,74
Tuas West Road,Kallang,57
Tuas West Road,Katong Park,63
Tuas West Road,Kembangan,65
Tuas West Road,Kent Ridge,45
Tuas West Road,Khatib,68
Tuas West Road,King Albert Park,60
Tuas West Road,Kovan,71
Tuas West Road,Kranji,48
Tuas West Road,Labrador Park,52
Tuas West Road,Lakeside,19
Tuas West Road,Lavender,55
Tuas West Road,Lentor,70
Tuas West Road,Little India,58
Tuas West Road,Lorong Chuan,61
Tuas West Road,MacPherson,70
Tuas West Road,Marina Bay,54
Tuas West Road,Marina South Pier,56
Tuas West Road,Marine Parade,66
Tuas West Road,Marine Terrace,68
Tuas West Road,Marsiling,51
Tuas West Road,Marymount,55
Tuas West Road,Mattar,68
Tuas West Road,Maxwell,52
Tuas West Road,Mayflower,67
Tuas West Road,Mountbatten,73
Tuas West Road,Napier,59
Tuas West Road,Newton,58
Tuas West Road,Nicoll Highway,71
Tuas West Road,Novena,64
Tuas West Road,Orchard,55
Tuas West Road,Orchard Boulevard,57
Tuas West Road,Outram Park,44
Tuas West Road,Pasir Panjang,49
Tuas West Road,Pasir Ris,81
Tuas West Road,Paya Lebar,61
Tuas West Road,Pioneer,14
Tuas West Road,Potong Pasir,64
Tuas West Road,Promenade,62
Tuas West Road,Punggol,80
Tuas West Road,Punggol Coast,82
Tuas West Road,Queenstown,37
Tuas West Road,Raffles Place,48
Tuas West Road,Redhill,39
Tuas West Road,Rochor,62
Tuas West Road,Sembawang,61
Tuas West Road,Sengkang,77
Tuas West Road,Serangoon,63
Tuas West Road,Shenton Way,53
Tuas West Road,Siglap,70
Tuas West Road,Simei,75
Tuas West Road,Sixth Avenue,58
Tuas West Road,Somerset,58
Tuas West Road,Springleaf,69
Tuas West Road,Stadium,73
Tuas West Road,Stevens,56
Tuas West Road,Tai Seng,69
Tuas West Road,Tampines,77
Tuas West Road,Tampines East,84
Tuas West Road,Tampines West,80
Tuas West Road,Tan Kah Kee,56
Tuas West Road,Tanah Merah,71
Tuas West Road,Tanjong Katong,65
Tuas West Road,Tanjong Pagar,46
Tuas West Road,Tanjong Rhu,61
Tuas West Road,Telok Ayer,58
Tuas West Road,Telok Blangah,54
Tuas West Road,Tiong Bahru,41
Tuas West Road,Toa Payoh,66
Tuas West Road,Tuas Crescent,5
Tuas West Road,Tuas Link,5
Tuas West Road,Tuas West Road,0
Tuas West Road,Ubi,72
Tuas West Road,Upper Changi,87
Tuas West Road,Upper Thomson,63
Tuas West Road,Woodlands,54
Tuas West Road,Woodlands North,64
Tuas West Road,Woodlands South,64
Tuas West Road,Woodleigh,66
Tuas West Road,Yew Tee,40
Tuas West Road,Yio Chu Kang,70
Tuas West Road,Yishun,66
Tuas West Road,one-north,43
Ubi,Admiralty,52
Ubi,Aljunied,22
Ubi,Ang Mo Kio,34
Ubi,Bartley,16
Ubi,Bayfront,24
Ubi,Bayshore,54
Ubi,Beauty World,45
Ubi,Bedok,27
Ubi,Bedok North,7
Ubi,Bedok Reservoir,9
Ubi,Bencoolen,15
Ubi,Bendemeer,11
Ubi,Bishan,24
Ubi,Boon Keng,33
Ubi,Boon Lay,60
Ubi,Botanic Gardens,34
Ubi,Braddell,33
Ubi,Bras Basah,29
Ubi,Bright Hill,42
Ubi,Buangkok,33
Ubi,Bugis,27
Ubi,Bukit Batok,60
Ubi,Bukit Gombak,62
Ubi,Bukit Panjang,54
Ubi,Buona Vista,42
Ubi,Caldecott,30
Ubi,Canberra,46
Ubi,Cashew,52
Ubi,Changi Airport,37
Ubi,Chinatown,19
Ubi,Chinese Garden,54
Ubi,Choa Chu Kang,66
Ubi,City Hall,31
Ubi,Clarke Quay,25
Ubi,Clementi,48
Ubi,Commonwealth,41
Ubi,Dakota,17
Ubi,Dhoby Ghaut,28
Ubi,Dover,45
Ubi,Downtown,22
Ubi,Esplanade,27
Ubi,Eunos,22
Ubi,Expo,20
Ubi,Farrer Park,32
Ubi,Farrer Road,37
Ubi,Fort Canning,16
Ubi,Gardens by the Bay,39
Ubi,Geylang Bahru,9
Ubi,Great World,35
Ubi,Gul Circle,68
Ubi,HarbourFront,29
Ubi,Havelock,34
Ubi,Haw Par Villa,45
Ubi,Hillview,50
Ubi,Holland Village,40
Ubi,Hougang,31
Ubi,Hume,47
Ubi,Jalan Besar,13
Ubi,Joo Koon,65
Ubi,Jurong East,52
Ubi,Kaki Bukit,5
Ubi,Kallang,24
Ubi,Katong Park,45
Ubi,Kembangan,24
Ubi,Kent Ridge,46
Ubi,Khatib,41
Ubi,King Albert Park,43
Ubi,Kovan,29
Ubi,Kranji,62
Ubi,Labrador Park,40
Ubi,Lakeside,56
Ubi,Lavender,26
Ubi,Lentor,46
Ubi,Little India,30
Ubi,Lorong Chuan,22
Ubi,MacPherson,5
Ubi,Marina Bay,32
Ubi,Marina South Pier,41
Ubi,Marine Parade,48
Ubi,Marine Terrace,50
Ubi,Marsiling,58
Ubi,Marymount,27
Ubi,Mattar,7
Ubi,Maxwell,34
Ubi,Mayflower,44
Ubi,Mountbatten,18
Ubi,Napier,41
Ubi,Newton,33
Ubi,Nicoll Highway,23
Ubi,Novena,37
Ubi,Orchard,37
Ubi,Orchard Boulevard,39
Ubi,Outram Park,26
Ubi,Pasir Panjang,43
Ubi,Pasir Ris,24
Ubi,Paya Lebar,14
Ubi,Pioneer,61
Ubi,Potong Pasir,30
Ubi,Promenade,25
Ubi,Punggol,38
Ubi,Punggol Coast,40
Ubi,Queenstown,39
Ubi,Raffles Place,33
Ubi,Redhill,37
Ubi,Rochor,29
Ubi,Sembawang,49
Ubi,Sengkang,35
Ubi,Serangoon,19
Ubi,Shenton Way,35
Ubi,Siglap,52
Ubi,Simei,24
Ubi,Sixth Avenue,40
Ubi,Somerset,37
Ubi,Springleaf,49
Ubi,Stadium,20
Ubi,Stevens,35
Ubi,Tai Seng,14
Ubi,Tampines,13
Ubi,Tampines East,15
Ubi,Tampines West,11
Ubi,Tan Kah Kee,38
Ubi,Tanah Merah,28
Ubi,Tanjong Katong,47
Ubi,Tanjong Pagar,34
Ubi,Tanjong Rhu,43
Ubi,Telok Ayer,20
Ubi,Telok Blangah,38
Ubi,Tiong Bahru,34
Ubi,Toa Payoh,35
Ubi,Tuas Crescent,70
Ubi,Tuas Link,74
Ubi,Tuas West Road,72
Ubi,Ubi,0
Ubi,Upper Changi,19
Ubi,Upper Thomson,39
Ubi,Woodlands,55
Ubi,Woodlands North,58
Ubi,Woodlands South,54
Ubi,Woodleigh,28
Ubi,Yew Tee,68
Ubi,Yio Chu Kang,36
Ubi,Yishun,44
Ubi,one-north,44
Upper Changi,Admiralty,67
Upper Changi,Aljunied,35
Upper Changi,Ang Mo Kio,49
Upper Changi,Bartley,32
Upper Changi,Bayfront,39
Upper Changi,Bayshore,69
Upper Changi,Beauty World,60
Upper Changi,Bedok,26
Upper Changi,Bedok North,15
Upper Changi,Bedok Reservoir,13
Upper Changi,Bencoolen,30
Upper Changi,Bendemeer,26
Upper Changi,Bishan,39
Upper Changi,Boon Keng,48
Upper Changi,Boon Lay,75
Upper Changi,Botanic Gardens,49
Upper Changi,Braddell,48
Upper Changi,Bras Basah,44
Upper Changi,Bright Hill,57
Upper Changi,Buangkok,48
Upper Changi,Bugis,41
Upper Changi,Bukit Batok,75
Upper Changi,Bukit Gombak,77
Upper Changi,Bukit Panjang,69
Upper Changi,Buona Vista,57
Upper Changi,Caldecott,45
Upper Changi,Canberra,62
Upper Changi,Cashew,67
Upper Changi,Changi Airport,22
Upper Changi,Chinatown,34
Upper Changi,Chinese Garden,69
Upper Changi,Choa Chu Kang,81
Upper Changi,City Hall,44
Upper Changi,Clarke Quay,40
Upper Changi,Clementi,63
Upper Changi,Commonwealth,56
Upper Changi,Dakota,32
Upper Changi,Dhoby Ghaut,43
Upper Changi,Dover,60
Upper Changi,Downtown,37
Upper Changi,Esplanade,42
Upper Changi,Eunos,31
Upper Changi,Expo,5
Upper Changi,Farrer Park,47
Upper Changi,Farrer Road,52
Upper Changi,Fort Canning,32
Upper Changi,Gardens by the Bay,54
Upper Changi,Geylang Bahru,24
Upper Changi,Great World,50
Upper Changi,Gul Circle,83
Upper Changi,HarbourFront,44
Upper Changi,Havelock,49
Upper Changi,Haw Par Villa,60
Upper Changi,Hillview,65
Upper Changi,Holland Village,55
Upper Changi,Hougang,46
Upper Changi,Hume,62
Upper Changi,Jalan Besar,28
Upper Changi,Joo Koon,80
Upper Changi,Jurong East,67
Upper Changi,Kaki Bukit,17
Upper Changi,Kallang,37
Upper Changi,Katong Park,60
Upper Changi,Kembangan,29
Upper Changi,Kent Ridge,61
Upper Changi,Khatib,56
Upper Changi,King Albert Park,58
Upper Changi,Kovan,44
Upper Changi,Kranji,77
Upper Changi,Labrador Park,55
Upper Changi,Lakeside,72
Upper Changi,Lavender,39
Upper Changi,Lentor,61
Upper Changi,Little India,45
Upper Changi,Lorong Chuan,37
Upper Changi,MacPherson,20
Upper Changi,Marina Bay,47
Upper Changi,Marina South Pier,54
Upper Changi,Marine Parade,63
Upper Changi,Marine Terrace,65
Upper Changi,Marsiling,74
Upper Changi,Marymount,42
Upper Changi,Mattar,22
Upper Changi,Maxwell,49
Upper Changi,Mayflower,59
Upper Changi,Mountbatten,34
Upper Changi,Napier,56
Upper Changi,Newton,48
Upper Changi,Nicoll Highway,38
Upper Changi,Novena,52
Upper Changi,Orchard,52
Upper Changi,Orchard Boulevard,54
Upper Changi,Outram Park,41
Upper Changi,Pasir Panjang,58
Upper Changi,Pasir Ris,20
Upper Changi,Paya Lebar,29
Upper Changi,Pioneer,76
Upper Changi,Potong Pasir,46
Upper Changi,Promenade,40
Upper Changi,Punggol,53
Upper Changi,Punggol Coast,55
Upper Changi,Queenstown,54
Upper Changi,Raffles Place,46
Upper Changi,Redhill,52
Upper Changi,Rochor,44
Upper Changi,Sembawang,64
Upper Changi,Sengkang,50
Upper Changi,Serangoon,34
Upper Changi,Shenton Way,50
Upper Changi,Siglap,67
Upper Changi,Simei,19
Upper Changi,Sixth Avenue,56
Upper Changi,Somerset,51
Upper Changi,Springleaf,64
Upper Changi,Stadium,35
Upper Changi,Stevens,50
Upper Changi,Tai Seng,29
Upper Changi,Tampines,8
Upper Changi,Tampines East,7
Upper Changi,Tampines West,11
Upper Changi,Tan Kah Kee,54
Upper Changi,Tanah Merah,20
Upper Changi,Tanjong Katong,62
Upper Changi,Tanjong Pagar,48
Upper Changi,Tanjong Rhu,58
Upper Changi,Telok Ayer,35
Upper Changi,Telok Blangah,53
Upper Changi,Tiong Bahru,50
Upper Changi,Toa Payoh,50
Upper Changi,Tuas Crescent,85
Upper Changi,Tuas Link,89
Upper Changi,Tuas West Road,87
Upper Changi,Ubi,19
Upper Changi,Upper Changi,0
Upper Changi,Upper Thomson,54
Upper Changi,Woodlands,70
Upper Changi,Woodlands North,74
Upper Changi,Woodlands South,69
Upper Changi,Woodleigh,44
Upper Changi,Yew Tee,83
Upper Changi,Yio Chu Kang,51
Upper Changi,Yishun,59
Upper Changi,one-north,59
Upper Thomson,Admiralty,30
Upper Thomson,Aljunied,37
Upper Thomson,Ang Mo Kio,29
Upper Thomson,Bartley,28
Upper Thomson,Bayfront,27
Upper Thomson,Bayshore,45
Upper Thomson,Beauty World,26
Upper Thomson,Bedok,46
Upper Thomson,Bedok North,43
Upper Thomson,Bedok Reservoir,45
Upper Thomson,Bencoolen,36
Upper Thomson,Bendemeer,40
Upper Thomson,Bishan,20
Upper Thomson,Boon Keng,30
Upper Thomson,Boon Lay,50
Upper Thomson,Botanic Gardens,18
Upper Thomson,Braddell,28
Upper Thomson,Bras Basah,36
Upper Thomson,Bright Hill,6
Upper Thomson,Buangkok,39
Upper Thomson,Bugis,23
Upper Thomson,Bukit Batok,50
Upper Thomson,Bukit Gombak,48
Upper Thomson,Bukit Panjang,35
Upper Thomson,Buona Vista,27
Upper Thomson,Caldecott,6
Upper Thomson,Canberra,36
Upper Thomson,Cashew,33
Upper Thomson,Changi Airport,67
Upper Thomson,Chinatown,31
Upper Thomson,Chinese Garden,45
Upper Thomson,Choa Chu Kang,44
Upper Thomson,City Hall,29
Upper Thomson,Clarke Quay,31
Upper Thomson,Clementi,38
Upper Thomson,Commonwealth,35
Upper Thomson,Dakota,38
Upper Thomson,Dhoby Ghaut,27
Upper Thomson,Dover,36
Upper Thomson,Downtown,29
Upper Thomson,Esplanade,34
Upper Thomson,Eunos,41
Upper Thomson,Expo,56
Upper Thomson,Farrer Park,28
Upper Thomson,Farrer Road,22
Upper Thomson,Fort Canning,35
Upper Thomson,Gardens by the Bay,30
Upper Thomson,Geylang Bahru,41
Upper Thomson,Great World,19
Upper Thomson,Gul Circle,58
Upper Thomson,HarbourFront,32
Upper Thomson,Havelock,20
Upper Thomson,Haw Par Villa,34
Upper Thomson,Hillview,31
Upper Thomson,Holland Village,25
Upper Thomson,Hougang,37
Upper Thomson,Hume,28
Upper Thomson,Jalan Besar,38
Upper Thomson,Joo Koon,55
Upper Thomson,Jurong East,42
Upper Thomson,Kaki Bukit,41
Upper Thomson,Kallang,35
Upper Thomson,Katong Park,36
Upper Thomson,Kembangan,43
Upper Thomson,Kent Ridge,31
Upper Thomson,Khatib,37
Upper Thomson,King Albert Park,24
Upper Thomson,Kovan,34
Upper Thomson,Kranji,34
Upper Thomson,Labrador Park,38
Upper Thomson,Lakeside,47
Upper Thomson,Lavender,33
Upper Thomson,Lentor,10
Upper Thomson,Little India,21
Upper Thomson,Lorong Chuan,23
Upper Thomson,MacPherson,32
Upper Thomson,Marina Bay,27
Upper Thomson,Marina South Pier,35
Upper Thomson,Marine Parade,39
Upper Thomson,Marine Terrace,41
Upper Thomson,Marsiling,31
Upper Thomson,Marymount,17
Upper Thomson,Mattar,39
Upper Thomson,Maxwell,24
Upper Thomson,Mayflower,8
Upper Thomson,Mountbatten,38
Upper Thomson,Napier,13
Upper Thomson,Newton,18
Upper Thomson,Nicoll Highway,34
Upper Thomson,Novena,27
Upper Thomson,Orchard,17
Upper Thomson,Orchard Boulevard,15
Upper Thomson,Outram Park,22
Upper Thomson,Pasir Panjang,36
Upper Thomson,Pasir Ris,59
Upper Thomson,Paya Lebar,35
Upper Thomson,Pioneer,52
Upper Thomson,Potong Pasir,33
Upper Thomson,Promenade,25
Upper Thomson,Punggol,43
Upper Thomson,Punggol Coast,45
Upper Thomson,Queenstown,36
Upper Thomson,Raffles Place,31
Upper Thomson,Redhill,33
Upper Thomson,Rochor,22
Upper Thomson,Sembawang,33
Upper Thomson,Sengkang,41
Upper Thomson,Serangoon,25
Upper Thomson,Shenton Way,26
Upper Thomson,Siglap,43
Upper Thomson,Simei,53
Upper Thomson,Sixth Avenue,22
Upper Thomson,Somerset,25
Upper Thomson,Springleaf,13
Upper Thomson,Stadium,36
Upper Thomson,Stevens,11
Upper Thomson,Tai Seng,30
Upper Thomson,Tampines,49
Upper Thomson,Tampines East,51
Upper Thomson,Tampines West,47
Upper Thomson,Tan Kah Kee,20
Upper Thomson,Tanah Merah,49
Upper Thomson,Tanjong Katong,38
Upper Thomson,Tanjong Pagar,31
Upper Thomson,Tanjong Rhu,34
Upper Thomson,Telok Ayer,31
Upper Thomson,Telok Blangah,40
Upper Thomson,Tiong Bahru,31
Upper Thomson,Toa Payoh,29
Upper Thomson,Tuas Crescent,60
Upper Thomson,Tuas Link,65
Upper Thomson,Tuas West Road,63
Upper Thomson,Ubi,39
Upper Thomson,Upper Changi,54
Upper Thomson,Upper Thomson,0
Upper Thomson,Woodlands,20
Upper Thomson,Woodlands North,22
Upper Thomson,Woodlands South,18
Upper Thomson,Woodleigh,34
Upper Thomson,Yew Tee,42
Upper Thomson,Yio Chu Kang,32
Upper Thomson,Yishun,39
Upper Thomson,one-north,29
Woodlands,Admiralty,6
Woodlands,Aljunied,54
Woodlands,Ang Mo Kio,24
Woodlands,Bartley,43
Woodlands,Bayfront,44
Woodlands,Bayshore,61
Woodlands,Beauty World,42
Woodlands,Bedok,63
Woodlands,Bedok North,58
Woodlands,Bedok Reservoir,60
Woodlands,Bencoolen,53
Woodlands,Bendemeer,57
Woodlands,Bishan,27
Woodlands,Boon Keng,47
Woodlands,Boon Lay,42
Woodlands,Botanic Gardens,34
Woodlands,Braddell,29
Woodlands,Bras Basah,50
Woodlands,Bright Hill,17
Woodlands,Buangkok,54
Woodlands,Bugis,40
Woodlands,Bukit Batok,26
Woodlands,Bukit Gombak,24
Woodlands,Bukit Panjang,34
Woodlands,Buona Vista,42
Woodlands,Caldecott,23
Woodlands,Canberra,12
Woodlands,Cashew,42
Woodlands,Changi Airport,84
Woodlands,Chinatown,47
Woodlands,Chinese Garden,36
Woodlands,Choa Chu Kang,20
Woodlands,City Hall,43
Woodlands,Clarke Quay,47
Woodlands,Clementi,38
Woodlands,Commonwealth,45
Woodlands,Dakota,53
Woodlands,Dhoby Ghaut,41
Woodlands,Dover,40
Woodlands,Downtown,46
Woodlands,Esplanade,51
Woodlands,Eunos,58
Woodlands,Expo,71
Woodlands,Farrer Park,45
Woodlands,Farrer Road,39
Woodlands,Fort Canning,51
Woodlands,Gardens by the Bay,46
Woodlands,Geylang Bahru,56
Woodlands,Great World,35
Woodlands,Gul Circle,50
Woodlands,HarbourFront,49
Woodlands,Havelock,37
Woodlands,Haw Par Villa,50
Woodlands,Hillview,43
Woodlands,Holland Village,41
Woodlands,Hougang,52
Woodlands,Hume,44
Woodlands,Jalan Besar,54
Woodlands,Joo Koon,47
Woodlands,Jurong East,29
Woodlands,Kaki Bukit,56
Woodlands,Kallang,51
Woodlands,Katong Park,52
Woodlands,Kembangan,60
Woodlands,Kent Ridge,47
Woodlands,Khatib,17
Woodlands,King Albert Park,40
Woodlands,Kovan,50
Woodlands,Kranji,10
Woodlands,Labrador Park,55
Woodlands,Lakeside,38
Woodlands,Lavender,49
Woodlands,Lentor,13
Woodlands,Little India,37
Woodlands,Lorong Chuan,38
Woodlands,MacPherson,48
Woodlands,Marina Bay,43
Woodlands,Marina South Pier,50
Woodlands,Marine Parade,55
Woodlands,Marine Terrace,57
Woodlands,Marsiling,6
Woodlands,Marymount,33
Woodlands,Mattar,54
Woodlands,Maxwell,40
Woodlands,Mayflower,15
Woodlands,Mountbatten,54
Woodlands,Napier,30
Woodlands,Newton,35
Woodlands,Nicoll Highway,50
Woodlands,Novena,33
Woodlands,Orchard,33
Woodlands,Orchard Boulevard,31
Woodlands,Outram Park,39
Woodlands,Pasir Panjang,52
Woodlands,Pasir Ris,75
Woodlands,Paya Lebar,50
Woodlands,Pioneer,43
Woodlands,Potong Pasir,49
Woodlands,Promenade,42
Woodlands,Punggol,59
Woodlands,Punggol Coast,61
Woodlands,Queenstown,47
Woodlands,Raffles Place,45
Woodlands,Redhill,49
Woodlands,Rochor,38
Woodlands,Sembawang,9
Woodlands,Sengkang,56
Woodlands,Serangoon,40
Woodlands,Shenton Way,42
Woodlands,Siglap,59
Woodlands,Simei,70
Woodlands,Sixth Avenue,38
Woodlands,Somerset,39
Woodlands,Springleaf,10
Woodlands,Stadium,53
Woodlands,Stevens,27
Woodlands,Tai Seng,46
Woodlands,Tampines,64
Woodlands,Tampines East,67
Woodlands,Tampines West,62
Woodlands,Tan Kah Kee,36
Woodlands,Tanah Merah,65
Woodlands,Tanjong Katong,54
Woodlands,Tanjong Pagar,47
Woodlands,Tanjong Rhu,50
Woodlands,Telok Ayer,47
Woodlands,Telok Blangah,57
Woodlands,Tiong Bahru,48
Woodlands,Toa Payoh,31
Woodlands,Tuas Crescent,52
Woodlands,Tuas Link,56
Woodlands,Tuas West Road,54
Woodlands,Ubi,55
Woodlands,Upper Changi,70
Woodlands,Upper Thomson,20
Woodlands,Woodlands,0
Woodlands,Woodlands North,5
Woodlands,Woodlands South,5
Woodlands,Woodleigh,49
Woodlands,Yew Tee,18
Woodlands,Yio Chu Kang,22
Woodlands,Yishun,14
Woodlands,one-north,46
Woodlands North,Admiralty,16
Woodlands North,Aljunied,56
Woodlands North,Ang Mo Kio,34
Woodlands North,Bartley,47
Woodlands North,Bayfront,46
Woodlands North,Bayshore,64
Woodlands North,Beauty World,45
Woodlands North,Bedok,65
Woodlands North,Bedok North,62
Woodlands North,Bedok Reservoir,64
Woodlands North,Bencoolen,55
Woodlands North,Bendemeer,59
Woodlands North,Bishan,37
Woodlands North,Boon Keng,49
Woodlands North,Boon Lay,52
Woodlands North,Botanic Gardens,37
Woodlands North,Braddell,39
Woodlands North,Bras Basah,55
Woodlands North,Bright Hill,20
Woodlands North,Buangkok,58
Woodlands North,Bugis,43
Woodlands North,Bukit Batok,36
Woodlands North,Bukit Gombak,34
Woodlands North,Bukit Panjang,44
Woodlands North,Buona Vista,46
Woodlands North,Caldecott,25
Woodlands North,Canberra,22
Woodlands North,Cashew,52
Woodlands North,Changi Airport,86
Woodlands North,Chinatown,50
Woodlands North,Chinese Garden,46
Woodlands North,Choa Chu Kang,30
Woodlands North,City Hall,48
Woodlands North,Clarke Quay,50
Woodlands North,Clementi,48
Woodlands North,Commonwealth,54
Woodlands North,Dakota,57
Woodlands North,Dhoby Ghaut,46
Woodlands North,Dover,50
Woodlands North,Downtown,48
Woodlands North,Esplanade,53
Woodlands North,Eunos,60
Woodlands North,Expo,75
Woodlands North,Farrer Park,47
Woodlands North,Farrer Road,41
Woodlands North,Fort Canning,54
Woodlands North,Gardens by the Bay,49
Woodlands North,Geylang Bahru,60
Woodlands North,Great World,38
Woodlands North,Gul Circle,60
Woodlands North,HarbourFront,51
Woodlands North,Havelock,39
Woodlands North,Haw Par Villa,53
Woodlands North,Hillview,50
Woodlands North,Holland Village,44
Woodlands North,Hougang,56
Woodlands North,Hume,47
Woodlands North,Jalan Besar,57
Woodlands North,Joo Koon,57
Woodlands North,Jurong East,39
Woodlands North,Kaki Bukit,60
Woodlands North,Kallang,54
Woodlands North,Katong Park,55
Woodlands North,Kembangan,62
Woodlands North,Kent Ridge,50
Woodlands North,Khatib,27
Woodlands North,King Albert Park,43
Woodlands North,Kovan,53
Woodlands North,Kranji,20
Woodlands North,Labrador Park,57
Woodlands North,Lakeside,48
Woodlands North,Lavender,52
Woodlands North,Lentor,15
Woodlands North,Little India,40
Woodlands North,Lorong Chuan,42
Woodlands North,MacPherson,52
Woodlands North,Marina Bay,46
Woodlands North,Marina South Pier,54
Woodlands North,Marine Parade,58
Woodlands North,Marine Terrace,60
Woodlands North,Marsiling,17
Woodlands North,Marymount,36
Woodlands North,Mattar,58
Woodlands North,Maxwell,43
Woodlands North,Mayflower,18
Woodlands North,Mountbatten,57
Woodlands North,Napier,32
Woodlands North,Newton,37
Woodlands North,Nicoll Highway,53
Woodlands North,Novena,43
Woodlands North,Orchard,36
Woodlands North,Orchard Boulevard,34
Woodlands North,Outram Park,41
Woodlands North,Pasir Panjang,55
Woodlands North,Pasir Ris,78
Woodlands North,Paya Lebar,54
Woodlands North,Pioneer,53
Woodlands North,Potong Pasir,52
Woodlands North,Promenade,44
Woodlands North,Punggol,62
Woodlands North,Punggol Coast,64
Woodlands North,Queenstown,55
Woodlands North,Raffles Place,50
Woodlands North,Redhill,53
Woodlands North,Rochor,41
Woodlands North,Sembawang,19
Woodlands North,Sengkang,60
Woodlands North,Serangoon,44
Woodlands North,Shenton Way,45
Woodlands North,Siglap,62
Woodlands North,Simei,72
Woodlands North,Sixth Avenue,41
Woodlands North,Somerset,44
Woodlands North,Springleaf,13
Woodlands North,Stadium,55
Woodlands North,Stevens,30
Woodlands North,Tai Seng,50
Woodlands North,Tampines,68
Woodlands North,Tampines East,70
Woodlands North,Tampines West,66
Woodlands North,Tan Kah Kee,39
Woodlands North,Tanah Merah,68
Woodlands North,Tanjong Katong,57
Woodlands North,Tanjong Pagar,50
Woodlands North,Tanjong Rhu,53
Woodlands North,Telok Ayer,50
Woodlands North,Telok Blangah,59
Woodlands North,Tiong Bahru,50
Woodlands North,Toa Payoh,41
Woodlands North,Tuas Crescent,62
Woodlands North,Tuas Link,66
Woodlands North,Tuas West Road,64
Woodlands North,Ubi,58
Woodlands North,Upper Changi,74
Woodlands North,Upper Thomson,22
Woodlands North,Woodlands,5
Woodlands North,Woodlands North,0
Woodlands North,Woodlands South,8
Woodlands North,Woodleigh,53
Woodlands North,Yew Tee,28
Woodlands North,Yio Chu Kang,32
Woodlands North,Yishun,24
Woodlands North,one-north,48
Woodlands South,Admiralty,16
Woodlands South,Aljunied,52
Woodlands South,Ang Mo Kio,34
Woodlands South,Bartley,42
Woodlands South,Bayfront,42
Woodlands South,Bayshore,59
Woodlands South,Beauty World,40
Woodlands South,Bedok,60
Woodlands South,Bedok North,57
Woodlands South,Bedok Reservoir,59
Woodlands South,Bencoolen,50
Woodlands South,Bendemeer,54
Woodlands South,Bishan,34
Woodlands South,Boon Keng,45
Woodlands South,Boon Lay,52
Woodlands South,Botanic Gardens,32
Woodlands South,Braddell,39
Woodlands South,Bras Basah,50
Woodlands South,Bright Hill,15
Woodlands South,Buangkok,53
Woodlands South,Bugis,38
Woodlands South,Bukit Batok,36
Woodlands South,Bukit Gombak,34
Woodlands South,Bukit Panjang,44
Woodlands South,Buona Vista,41
Woodlands South,Caldecott,21
Woodlands South,Canberra,21
Woodlands South,Cashew,47
Woodlands South,Changi Airport,81
Woodlands South,Chinatown,45
Woodlands South,Chinese Garden,46
Woodlands South,Choa Chu Kang,30
Woodlands South,City Hall,43
Woodlands South,Clarke Quay,45
Woodlands South,Clementi,48
Woodlands South,Commonwealth,50
Woodlands South,Dakota,52
Woodlands South,Dhoby Ghaut,41
Woodlands South,Dover,50
Woodlands South,Downtown,44
Woodlands South,Esplanade,49
Woodlands South,Eunos,56
Woodlands South,Expo,70
Woodlands South,Farrer Park,43
Woodlands South,Farrer Road,36
Woodlands South,Fort Canning,49
Woodlands South,Gardens by the Bay,44
Woodlands South,Geylang Bahru,55
Woodlands South,Great World,33
Woodlands South,Gul Circle,60
Woodlands South,HarbourFront,47
Woodlands South,Havelock,35
Woodlands South,Haw Par Villa,48
Woodlands South,Hillview,46
Woodlands South,Holland Village,39
Woodlands South,Hougang,51
Woodlands South,Hume,42
Woodlands South,Jalan Besar,52
Woodlands South,Joo Koon,57
Woodlands South,Jurong East,39
Woodlands South,Kaki Bukit,55
Woodlands South,Kallang,49
Woodlands South,Katong Park,50
Woodlands South,Kembangan,58
Woodlands South,Kent Ridge,45
Woodlands South,Khatib,27
Woodlands South,King Albert Park,38
Woodlands South,Kovan,49
Woodlands South,Kranji,20
Woodlands South,Labrador Park,53
Woodlands South,Lakeside,48
Woodlands South,Lavender,47
Woodlands South,Lentor,11
Woodlands South,Little India,35
Woodlands South,Lorong Chuan,37
Woodlands South,MacPherson,47
Woodlands South,Marina Bay,41
Woodlands South,Marina South Pier,49
Woodlands South,Marine Parade,53
Woodlands South,Marine Terrace,55
Woodlands South,Marsiling,16
Woodlands South,Marymount,31
Woodlands South,Mattar,53
Woodlands South,Maxwell,38
Woodlands South,Mayflower,13
Woodlands South,Mountbatten,52
Woodlands South,Napier,28
Woodlands South,Newton,33
Woodlands South,Nicoll Highway,48
Woodlands South,Novena,41
Woodlands South,Orchard,31
Woodlands South,Orchard Boulevard,29
Woodlands South,Outram Park,36
Woodlands South,Pasir Panjang,50
Woodlands South,Pasir Ris,73
Woodlands South,Paya Lebar,49
Woodlands South,Pioneer,53
Woodlands South,Potong Pasir,47
Woodlands South,Promenade,40
Woodlands South,Punggol,58
Woodlands South,Punggol Coast,60
Woodlands South,Queenstown,50
Woodlands South,Raffles Place,45
Woodlands South,Redhill,48
Woodlands South,Rochor,36
Woodlands South,Sembawang,19
Woodlands South,Sengkang,55
Woodlands South,Serangoon,39
Woodlands South,Shenton Way,40
Woodlands South,Siglap,57
Woodlands South,Simei,68
Woodlands South,Sixth Avenue,36
Woodlands South,Somerset,39
Woodlands South,Springleaf,8
Woodlands South,Stadium,51
Woodlands South,Stevens,25
Woodlands South,Tai Seng,45
Woodlands South,Tampines,63
Woodlands South,Tampines East,66
Woodlands South,Tampines West,61
Woodlands South,Tan Kah Kee,34
Woodlands South,Tanah Merah,63
Woodlands South,Tanjong Katong,52
Woodlands South,Tanjong Pagar,45
Woodlands South,Tanjong Rhu,48
Woodlands South,Telok Ayer,45
Woodlands South,Telok Blangah,54
Woodlands South,Tiong Bahru,46
Woodlands South,Toa Payoh,41
Woodlands South,Tuas Crescent,62
Woodlands South,Tuas Link,66
Woodlands South,Tuas West Road,64
Woodlands South,Ubi,54
Woodlands South,Upper Changi,69
Woodlands South,Upper Thomson,18
Woodlands South,Woodlands,5
Woodlands South,Woodlands North,8
Woodlands South,Woodlands South,0
Woodlands South,Woodleigh,48
Woodlands South,Yew Tee,27
Woodlands South,Yio Chu Kang,32
Woodlands South,Yishun,24
Woodlands South,one-north,43
Woodleigh,Admiralty,46
Woodleigh,Aljunied,32
Woodleigh,Ang Mo Kio,28
Woodleigh,Bartley,17
Woodleigh,Bayfront,24
Woodleigh,Bayshore,48
Woodleigh,Beauty World,32
Woodleigh,Bedok,37
Woodleigh,Bedok North,32
Woodleigh,Bedok Reservoir,34
Woodleigh,Bencoolen,27
Woodleigh,Bendemeer,31
Woodleigh,Bishan,19
Woodleigh,Boon Keng,8
Woodleigh,Boon Lay,54
Woodleigh,Botanic Gardens,24
Woodleigh,Braddell,27
Woodleigh,Bras Basah,23
Woodleigh,Bright Hill,36
Woodleigh,Buangkok,13
Woodleigh,Bugis,20
Woodleigh,Bukit Batok,53
Woodleigh,Bukit Gombak,55
Woodleigh,Bukit Panjang,41
Woodleigh,Buona Vista,36
Woodleigh,Caldecott,24
Woodleigh,Canberra,41
Woodleigh,Cashew,39
Woodleigh,Changi Airport,58
Woodleigh,Chinatown,18
Woodleigh,Chinese Garden,48
Woodleigh,Choa Chu Kang,56
Woodleigh,City Hall,23
Woodleigh,Clarke Quay,16
Woodleigh,Clementi,41
Woodleigh,Commonwealth,35
Woodleigh,Dakota,27
Woodleigh,Dhoby Ghaut,14
Woodleigh,Dover,39
Woodleigh,Downtown,26
Woodleigh,Esplanade,25
Woodleigh,Eunos,32
Woodleigh,Expo,45
Woodleigh,Farrer Park,10
Woodleigh,Farrer Road,31
Woodleigh,Fort Canning,25
Woodleigh,Gardens by the Bay,33
Woodleigh,Geylang Bahru,30
Woodleigh,Great World,29
Woodleigh,Gul Circle,61
Woodleigh,HarbourFront,23
Woodleigh,Havelock,28
Woodleigh,Haw Par Villa,39
Woodleigh,Hillview,37
Woodleigh,Holland Village,34
Woodleigh,Hougang,10
Woodleigh,Hume,34
Woodleigh,Jalan Besar,28
Woodleigh,Joo Koon,58
Woodleigh,Jurong East,46
Woodleigh,Kaki Bukit,30
Woodleigh,Kallang,32
Woodleigh,Katong Park,39
Woodleigh,Kembangan,34
Woodleigh,Kent Ridge,40
Woodleigh,Khatib,36
Woodleigh,King Albert Park,30
Woodleigh,Kovan,8
Woodleigh,Kranji,56
Woodleigh,Labrador Park,34
Woodleigh,Lakeside,50
Woodleigh,Lavender,30
Woodleigh,Lentor,41
Woodleigh,Little India,12
Woodleigh,Lorong Chuan,16
Woodleigh,MacPherson,22
Woodleigh,Marina Bay,27
Woodleigh,Marina South Pier,30
Woodleigh,Marine Parade,42
Woodleigh,Marine Terrace,44
Woodleigh,Marsiling,53
Woodleigh,Marymount,22
Woodleigh,Mattar,28
Woodleigh,Maxwell,27
Woodleigh,Mayflower,38
Woodleigh,Mountbatten,29
Woodleigh,Napier,30
Woodleigh,Newton,20
Woodleigh,Nicoll Highway,29
Woodleigh,Novena,29
Woodleigh,Orchard,25
Woodleigh,Orchard Boulevard,31
Woodleigh,Outram Park,19
Woodleigh,Pasir Panjang,36
Woodleigh,Pasir Ris,49
Woodleigh,Paya Lebar,24
Woodleigh,Pioneer,55
Woodleigh,Potong Pasir,5
Woodleigh,Promenade,22
Woodleigh,Punggol,17
Woodleigh,Punggol Coast,19
Woodleigh,Queenstown,33
Woodleigh,Raffles Place,25
Woodleigh,Redhill,30
Woodleigh,Rochor,19
Woodleigh,Sembawang,43
Woodleigh,Sengkang,15
Woodleigh,Serangoon,6
Woodleigh,Shenton Way,29
Woodleigh,Siglap,46
Woodleigh,Simei,44
Woodleigh,Sixth Avenue,28
Woodleigh,Somerset,23
Woodleigh,Springleaf,44
Woodleigh,Stadium,31
Woodleigh,Stevens,22
Woodleigh,Tai Seng,20
Woodleigh,Tampines,38
Woodleigh,Tampines East,40
Woodleigh,Tampines West,36
Woodleigh,Tan Kah Kee,26
Woodleigh,Tanah Merah,40
Woodleigh,Tanjong Katong,41
Woodleigh,Tanjong Pagar,28
Woodleigh,Tanjong Rhu,37
Woodleigh,Telok Ayer,24
Woodleigh,Telok Blangah,32
Woodleigh,Tiong Bahru,28
Woodleigh,Toa Payoh,29
Woodleigh,Tuas Crescent,64
Woodleigh,Tuas Link,68
Woodleigh,Tuas West Road,66
Woodleigh,Ubi,28
Woodleigh,Upper Changi,44
Woodleigh,Upper Thomson,34
Woodleigh,Woodlands,49
Woodleigh,Woodlands North,53
Woodleigh,Woodlands South,48
Woodleigh,Woodleigh,0
Woodleigh,Yew Tee,62
Woodleigh,Yio Chu Kang,31
Woodleigh,Yishun,38
Woodleigh,one-north,38
Yew Tee,Admiralty,21
Yew Tee,Aljunied,55
Yew Tee,Ang Mo Kio,39
Yew Tee,Bartley,58
Yew Tee,Bayfront,55
Yew Tee,Bayshore,68
Yew Tee,Beauty World,34
Yew Tee,Bedok,64
Yew Tee,Bedok North,71
Yew Tee,Bedok Reservoir,73
Yew Tee,Bencoolen,57
Yew Tee,Bendemeer,61
Yew Tee,Bishan,42
Yew Tee,Boon Keng,57
Yew Tee,Boon Lay,28
Yew Tee,Botanic Gardens,42
Yew Tee,Braddell,44
Yew Tee,Bras Basah,60
Yew Tee,Bright Hill,39
Yew Tee,Buangkok,69
Yew Tee,Bugis,48
Yew Tee,Bukit Batok,12
Yew Tee,Bukit Gombak,10
Yew Tee,Bukit Panjang,20
Yew Tee,Buona Vista,28
Yew Tee,Caldecott,45
Yew Tee,Canberra,26
Yew Tee,Cashew,27
Yew Tee,Changi Airport,85
Yew Tee,Chinatown,48
Yew Tee,Chinese Garden,22
Yew Tee,Choa Chu Kang,6
Yew Tee,City Hall,46
Yew Tee,Clarke Quay,49
Yew Tee,Clementi,24
Yew Tee,Commonwealth,30
Yew Tee,Dakota,67
Yew Tee,Dhoby Ghaut,52
Yew Tee,Dover,26
Yew Tee,Downtown,56
Yew Tee,Esplanade,62
Yew Tee,Eunos,59
Yew Tee,Expo,79
Yew Tee,Farrer Park,55
Yew Tee,Farrer Road,41
Yew Tee,Fort Canning,55
Yew Tee,Gardens by the Bay,53
Yew Tee,Geylang Bahru,62
Yew Tee,Great World,49
Yew Tee,Gul Circle,35
Yew Tee,HarbourFront,49
Yew Tee,Havelock,48
Yew Tee,Haw Par Villa,43
Yew Tee,Hillview,29
Yew Tee,Holland Village,39
Yew Tee,Hougang,67
Yew Tee,Hume,30
Yew Tee,Jalan Besar,58
Yew Tee,Joo Koon,32
Yew Tee,Jurong East,15
Yew Tee,Kaki Bukit,70
Yew Tee,Kallang,52
Yew Tee,Katong Park,59
Yew Tee,Kembangan,61
Yew Tee,Kent Ridge,40
Yew Tee,Khatib,31
Yew Tee,King Albert Park,36
Yew Tee,Kovan,64
Yew Tee,Kranji,11
Yew Tee,Labrador Park,48
Yew Tee,Lakeside,24
Yew Tee,Lavender,50
Yew Tee,Lentor,35
Yew Tee,Little India,48
Yew Tee,Lorong Chuan,53
Yew Tee,MacPherson,63
Yew Tee,Marina Bay,50
Yew Tee,Marina South Pier,52
Yew Tee,Marine Parade,62
Yew Tee,Marine Terrace,64
Yew Tee,Marsiling,14
Yew Tee,Marymount,51
Yew Tee,Mattar,64
Yew Tee,Maxwell,47
Yew Tee,Mayflower,37
Yew Tee,Mountbatten,66
Yew Tee,Napier,52
Yew Tee,Newton,46
Yew Tee,Nicoll Highway,62
Yew Tee,Novena,48
Yew Tee,Orchard,51
Yew Tee,Orchard Boulevard,53
Yew Tee,Outram Park,39
Yew Tee,Pasir Panjang,45
Yew Tee,Pasir Ris,76
Yew Tee,Paya Lebar,57
Yew Tee,Pioneer,29
Yew Tee,Potong Pasir,60
Yew Tee,Promenade,53
Yew Tee,Punggol,73
Yew Tee,Punggol Coast,75
Yew Tee,Queenstown,32
Yew Tee,Raffles Place,44
Yew Tee,Redhill,35
Yew Tee,Rochor,50
Yew Tee,Sembawang,24
Yew Tee,Sengkang,71
Yew Tee,Serangoon,55
Yew Tee,Shenton Way,49
Yew Tee,Siglap,66
Yew Tee,Simei,71
Yew Tee,Sixth Avenue,38
Yew Tee,Somerset,54
Yew Tee,Springleaf,32
Yew Tee,Stadium,64
Yew Tee,Stevens,44
Yew Tee,Tai Seng,61
Yew Tee,Tampines,73
Yew Tee,Tampines East,80
Yew Tee,Tampines West,75
Yew Tee,Tan Kah Kee,40
Yew Tee,Tanah Merah,66
Yew Tee,Tanjong Katong,61
Yew Tee,Tanjong Pagar,42
Yew Tee,Tanjong Rhu,57
Yew Tee,Telok Ayer,54
Yew Tee,Telok Blangah,49
Yew Tee,Tiong Bahru,37
Yew Tee,Toa Payoh,46
Yew Tee,Tuas Crescent,38
Yew Tee,Tuas Link,42
Yew Tee,Tuas West Road,40
Yew Tee,Ubi,68
Yew Tee,Upper Changi,83
Yew Tee,Upper Thomson,42
Yew Tee,Woodlands,18
Yew Tee,Woodlands North,28
Yew Tee,Woodlands South,27
Yew Tee,Woodleigh,62
Yew Tee,Yew Tee,0
Yew Tee,Yio Chu Kang,36
Yew Tee,Yishun,29
Yew Tee,one-north,38
Yio Chu Kang,Admiralty,19
Yio Chu Kang,Aljunied,37
Yio Chu Kang,Ang Mo Kio,6
Yio Chu Kang,Bartley,25
Yio Chu Kang,Bayfront,33
Yio Chu Kang,Bayshore,52
Yio Chu Kang,Beauty World,36
Yio Chu Kang,Bedok,45
Yio Chu Kang,Bedok North,40
Yio Chu Kang,Bedok Reservoir,42
Yio Chu Kang,Bencoolen,42
Yio Chu Kang,Bendemeer,40
Yio Chu Kang,Bishan,9
Yio Chu Kang,Boon Keng,35
Yio Chu Kang,Boon Lay,57
Yio Chu Kang,Botanic Gardens,26
Yio Chu Kang,Braddell,11
Yio Chu Kang,Bras Basah,32
Yio Chu Kang,Bright Hill,34
Yio Chu Kang,Buangkok,36
Yio Chu Kang,Bugis,29
Yio Chu Kang,Bukit Batok,45
Yio Chu Kang,Bukit Gombak,43
Yio Chu Kang,Bukit Panjang,45
Yio Chu Kang,Buona Vista,34
Yio Chu Kang,Caldecott,22
Yio Chu Kang,Canberra,13
Yio Chu Kang,Cashew,43
Yio Chu Kang,Changi Airport,66
Yio Chu Kang,Chinatown,34
Yio Chu Kang,Chinese Garden,52
Yio Chu Kang,Choa Chu Kang,39
Yio Chu Kang,City Hall,25
Yio Chu Kang,Clarke Quay,33
Yio Chu Kang,Clementi,45
Yio Chu Kang,Commonwealth,42
Yio Chu Kang,Dakota,35
Yio Chu Kang,Dhoby Ghaut,23
Yio Chu Kang,Dover,43
Yio Chu Kang,Downtown,35
Yio Chu Kang,Esplanade,34
Yio Chu Kang,Eunos,40
Yio Chu Kang,Expo,53
Yio Chu Kang,Farrer Park,34
Yio Chu Kang,Farrer Road,29
Yio Chu Kang,Fort Canning,40
Yio Chu Kang,Gardens by the Bay,37
Yio Chu Kang,Geylang Bahru,38
Yio Chu Kang,Great World,27
Yio Chu Kang,Gul Circle,65
Yio Chu Kang,HarbourFront,39
Yio Chu Kang,Havelock,28
Yio Chu Kang,Haw Par Villa,41
Yio Chu Kang,Hillview,41
Yio Chu Kang,Holland Village,32
Yio Chu Kang,Hougang,34
Yio Chu Kang,Hume,38
Yio Chu Kang,Jalan Besar,42
Yio Chu Kang,Joo Koon,62
Yio Chu Kang,Jurong East,48
Yio Chu Kang,Kaki Bukit,38
Yio Chu Kang,Kallang,35
Yio Chu Kang,Katong Park,43
Yio Chu Kang,Kembangan,42
Yio Chu Kang,Kent Ridge,38
Yio Chu Kang,Khatib,8
Yio Chu Kang,King Albert Park,34
Yio Chu Kang,Kovan,31
Yio Chu Kang,Kranji,29
Yio Chu Kang,Labrador Park,45
Yio Chu Kang,Lakeside,54
Yio Chu Kang,Lavender,33
Yio Chu Kang,Lentor,39
Yio Chu Kang,Little India,26
Yio Chu Kang,Lorong Chuan,20
Yio Chu Kang,MacPherson,29
Yio Chu Kang,Marina Bay,29
Yio Chu Kang,Marina South Pier,31
Yio Chu Kang,Marine Parade,46
Yio Chu Kang,Marine Terrace,48
Yio Chu Kang,Marsiling,25
Yio Chu Kang,Marymount,20
Yio Chu Kang,Mattar,36
Yio Chu Kang,Maxwell,32
Yio Chu Kang,Mayflower,36
Yio Chu Kang,Mountbatten,37
Yio Chu Kang,Napier,29
Yio Chu Kang,Newton,17
Yio Chu Kang,Nicoll Highway,39
Yio Chu Kang,Novena,15
Yio Chu Kang,Orchard,19
Yio Chu Kang,Orchard Boulevard,27
Yio Chu Kang,Outram Park,30
Yio Chu Kang,Pasir Panjang,43
Yio Chu Kang,Pasir Ris,57
Yio Chu Kang,Paya Lebar,32
Yio Chu Kang,Pioneer,59
Yio Chu Kang,Potong Pasir,33
Yio Chu Kang,Promenade,31
Yio Chu Kang,Punggol,40
Yio Chu Kang,Punggol Coast,42
Yio Chu Kang,Queenstown,42
Yio Chu Kang,Raffles Place,27
Yio Chu Kang,Redhill,40
Yio Chu Kang,Rochor,28
Yio Chu Kang,Sembawang,16
Yio Chu Kang,Sengkang,38
Yio Chu Kang,Serangoon,22
Yio Chu Kang,Shenton Way,34
Yio Chu Kang,Siglap,50
Yio Chu Kang,Simei,52
Yio Chu Kang,Sixth Avenue,32
Yio Chu Kang,Somerset,21
Yio Chu Kang,Springleaf,36
Yio Chu Kang,Stadium,38
Yio Chu Kang,Stevens,26
Yio Chu Kang,Tai Seng,27
Yio Chu Kang,Tampines,46
Yio Chu Kang,Tampines East,48
Yio Chu Kang,Tampines West,44
Yio Chu Kang,Tan Kah Kee,30
Yio Chu Kang,Tanah Merah,48
Yio Chu Kang,Tanjong Katong,45
Yio Chu Kang,Tanjong Pagar,33
Yio Chu Kang,Tanjong Rhu,41
Yio Chu Kang,Telok Ayer,36
Yio Chu Kang,Telok Blangah,47
Yio Chu Kang,Tiong Bahru,38
Yio Chu Kang,Toa Payoh,13
Yio Chu Kang,Tuas Crescent,68
Yio Chu Kang,Tuas Link,72
Yio Chu Kang,Tuas West Road,70
Yio Chu Kang,Ubi,36
Yio Chu Kang,Upper Changi,51
Yio Chu Kang,Upper Thomson,32
Yio Chu Kang,Woodlands,22
Yio Chu Kang,Woodlands North,32
Yio Chu Kang,Woodlands South,32
Yio Chu Kang,Woodleigh,31
Yio Chu Kang,Yew Tee,36
Yio Chu Kang,Yio Chu Kang,0
Yio Chu Kang,Yishun,11
Yio Chu Kang,one-north,36
Yishun,Admiralty,12
Yishun,Aljunied,45
Yishun,Ang Mo Kio,13
Yishun,Bartley,32
Yishun,Bayfront,40
Yishun,Bayshore,60
Yishun,Beauty World,43
Yishun,Bedok,52
Yishun,Bedok North,47
Yishun,Bedok Reservoir,49
Yishun,Bencoolen,49
Yishun,Bendemeer,47
Yishun,Bishan,16
Yishun,Boon Keng,42
Yishun,Boon Lay,53
Yishun,Botanic Gardens,34
Yishun,Braddell,18
Yishun,Bras Basah,39
Yishun,Bright Hill,36
Yishun,Buangkok,43
Yishun,Bugis,36
Yishun,Bukit Batok,37
Yishun,Bukit Gombak,35
Yishun,Bukit Panjang,46
Yishun,Buona Vista,41
Yishun,Caldecott,29
Yishun,Canberra,6
Yishun,Cashew,50
Yishun,Changi Airport,73
Yishun,Chinatown,41
Yishun,Chinese Garden,48
Yishun,Choa Chu Kang,31
Yishun,City Hall,32
Yishun,Clarke Quay,40
Yishun,Clementi,49
Yishun,Commonwealth,50
Yishun,Dakota,42
Yishun,Dhoby Ghaut,30
Yishun,Dover,50
Yishun,Downtown,42
Yishun,Esplanade,41
Yishun,Eunos,47
Yishun,Expo,60
Yishun,Farrer Park,41
Yishun,Farrer Road,37
Yishun,Fort Canning,48
Yishun,Gardens by the Bay,45
Yishun,Geylang Bahru,45
Yishun,Great World,34
Yishun,Gul Circle,61
Yishun,HarbourFront,47
Yishun,Havelock,36
Yishun,Haw Par Villa,48
Yishun,Hillview,49
Yishun,Holland Village,39
Yishun,Hougang,41
Yishun,Hume,45
Yishun,Jalan Besar,49
Yishun,Joo Koon,58
Yishun,Jurong East,41
Yishun,Kaki Bukit,45
Yishun,Kallang,42
Yishun,Katong Park,51
Yishun,Kembangan,49
Yishun,Kent Ridge,45
Yishun,Khatib,6
Yishun,King Albert Park,41
Yishun,Kovan,39
Yishun,Kranji,21
Yishun,Labrador Park,53
Yishun,Lakeside,50
Yishun,Lavender,40
Yishun,Lentor,32
Yishun,Little India,34
Yishun,Lorong Chuan,27
Yishun,MacPherson,37
Yishun,Marina Bay,36
Yishun,Marina South Pier,38
Yishun,Marine Parade,54
Yishun,Marine Terrace,56
Yishun,Marsiling,18
Yishun,Marymount,27
Yishun,Mattar,43
Yishun,Maxwell,39
Yishun,Mayflower,34
Yishun,Mountbatten,44
Yishun,Napier,36
Yishun,Newton,24
Yishun,Nicoll Highway,46
Yishun,Novena,22
Yishun,Orchard,26
Yishun,Orchard Boulevard,34
Yishun,Outram Park,38
Yishun,Pasir Panjang,50
Yishun,Pasir Ris,64
Yishun,Paya Lebar,39
Yishun,Pioneer,55
Yishun,Potong Pasir,40
Yishun,Promenade,38
Yishun,Punggol,48
Yishun,Punggol Coast,50
Yishun,Queenstown,49
Yishun,Raffles Place,34
Yishun,Redhill,47
Yishun,Rochor,35
Yishun,Sembawang,8
Yishun,Sengkang,45
Yishun,Serangoon,29
Yishun,Shenton Way,41
Yishun,Siglap,58
Yishun,Simei,59
Yishun,Sixth Avenue,39
Yishun,Somerset,28
Yishun,Springleaf,29
Yishun,Stadium,46
Yishun,Stevens,34
Yishun,Tai Seng,35
Yishun,Tampines,53
Yishun,Tampines East,55
Yishun,Tampines West,51
Yishun,Tan Kah Kee,37
Yishun,Tanah Merah,55
Yishun,Tanjong Katong,53
Yishun,Tanjong Pagar,40
Yishun,Tanjong Rhu,49
Yishun,Telok Ayer,44
Yishun,Telok Blangah,55
Yishun,Tiong Bahru,45
Yishun,Toa Payoh,20
Yishun,Tuas Crescent,64
Yishun,Tuas Link,68
Yishun,Tuas West Road,66
Yishun,Ubi,44
Yishun,Upper Changi,59
Yishun,Upper Thomson,39
Yishun,Woodlands,14
Yishun,Woodlands North,24
Yishun,Woodlands South,24
Yishun,Woodleigh,38
Yishun,Yew Tee,29
Yishun,Yio Chu Kang,11
Yishun,Yishun,0
Yishun,one-north,44
one-north,Admiralty,52
one-north,Aljunied,40
one-north,Ang Mo Kio,34
one-north,Bartley,32
one-north,Bayfront,34
one-north,Bayshore,53
one-north,Beauty World,29
one-north,Bedok,49
one-north,Bedok North,47
one-north,Bedok Reservoir,49
one-north,Bencoolen,38
one-north,Bendemeer,42
one-north,Bishan,24
one-north,Boon Keng,37
one-north,Boon Lay,30
one-north,Botanic Gardens,14
one-north,Braddell,33
one-north,Bras Basah,42
one-north,Bright Hill,32
one-north,Buangkok,43
one-north,Bugis,30
one-north,Bukit Batok,30
one-north,Bukit Gombak,32
one-north,Bukit Panjang,38
one-north,Buona Vista,7
one-north,Caldecott,19
one-north,Canberra,46
one-north,Cashew,36
one-north,Changi Airport,70
one-north,Chinatown,29
one-north,Chinese Garden,25
one-north,Choa Chu Kang,36
one-north,City Hall,31
one-north,Clarke Quay,31
one-north,Clementi,18
one-north,Commonwealth,15
one-north,Dakota,42
one-north,Dhoby Ghaut,33
one-north,Dover,16
one-north,Downtown,36
one-north,Downtown,38
one-north,Esplanade,41
one-north,Eunos,44
one-north,Expo,60
one-north,Farrer Park,35
one-north,Farrer Road,12
one-north,Fort Canning,36
one-north,Gardens by the Bay,38
one-north,Geylang Bahru,44
one-north,Great World,34
one-north,Gul Circle,38
one-north,HarbourFront,18
one-north,Havelock,33
one-north,Haw Par Villa,9
one-north,Hillview,34
one-north,Holland Village,9
one-north,Hougang,41
one-north,Hume,31
one-north,Jalan Besar,40
one-north,Joo Koon,35
one-north,Jurong East,22
one-north,Kaki Bukit,46
one-north,Kallang,38
one-north,Katong Park,44
one-north,Kembangan,46
one-north,Kent Ridge,7
one-north,Khatib,41
one-north,King Albert Park,27
one-north,Kovan,39
one-north,Kranji,46
one-north,Labrador Park,14
one-north,Lakeside,27
one-north,Lavender,36
one-north,Lentor,36
one-north,Little India,27
one-north,Lorong Chuan,27
one-north,MacPherson,37
one-north,Marina Bay,35
one-north,Marina South Pier,37
one-north,Marine Parade,47
one-north,Marine Terrace,49
one-north,Marsiling,49
one-north,Marymount,22
one-north,Mattar,44
one-north,Maxwell,32
one-north,Mayflower,34
one-north,Mountbatten,44
one-north,Napier,30
one-north,Newton,25
one-north,Nicoll Highway,40
one-north,Novena,34
one-north,Orchard,33
one-north,Orchard Boulevard,32
one-north,Outram Park,24
one-north,Pasir Panjang,12
one-north,Pasir Ris,62
one-north,Paya Lebar,40
one-north,Pioneer,32
one-north,Potong Pasir,39
one-north,Promenade,32
one-north,Punggol,48
one-north,Punggol Coast,50
one-north,Queenstown,17
one-north,Raffles Place,29
one-north,Redhill,20
one-north,Rochor,28
one-north,Sembawang,49
one-north,Sengkang,45
one-north,Serangoon,29
one-north,Shenton Way,34
one-north,Siglap,51
one-north,Simei,56
one-north,Sixth Avenue,24
one-north,Somerset,36
one-north,Springleaf,39
one-north,Stadium,43
one-north,Stevens,23
one-north,Tai Seng,35
one-north,Tampines,54
one-north,Tampines East,56
one-north,Tampines West,51
one-north,Tan Kah Kee,22
one-north,Tanah Merah,51
one-north,Tanjong Katong,46
one-north,Tanjong Pagar,27
one-north,Tanjong Rhu,42
one-north,Telok Ayer,35
one-north,Telok Blangah,16
one-north,Tiong Bahru,22
one-north,Toa Payoh,35
one-north,Tuas Crescent,40
one-north,Tuas Link,45
one-north,Tuas West Road,43
one-north,Ubi,44
one-north,Upper Changi,59
one-north,Upper Thomson,29
one-north,Woodlands,46
one-north,Woodlands North,48
one-north,Woodlands South,43
one-north,Woodleigh,38
one-north,Yew Tee,38
one-north,Yio Chu Kang,36
one-north,Yishun,44
one-north,one-north,0
