from_station_name,to_station_name,trip_duration_in_minutes
Bayfront,Admiralty,49
Bayfront,Aljunied,21
Bayfront,Ang Mo Kio,31
Bayfront,Bartley,30
Bayfront,Bayfront,0
Bayfront,Beauty World,24
Bayfront,Bedok,30
Bayfront,Bedok North,27
Bayfront,Bedok Reservoir,29
Bayfront,Bencoolen,12
Bayfront,Bendemeer,16
Bayfront,Bishan,28
Bayfront,Boon Keng,20
Bayfront,Boon Lay,49
Bayfront,Botanic Gardens,17
Bayfront,Braddell,25
Bayfront,Bras Basah,17
Bayfront,Bright Hill,30
Bayfront,Buangkok,34
Bayfront,Bugis,7
Bayfront,Bukit Batok,49
Bayfront,Bukit Gombak,51
Bayfront,Bukit Panjang,34
Bayfront,Buona Vista,32
Bayfront,Caldecott,24
Bayfront,Canberra,43
Bayfront,Cashew,32
Bayfront,Changi Airport,51
Bayfront,Chinatown,8
Bayfront,Chinese Garden,44
Bayfront,Choa Chu Kang,49
Bayfront,City Hall,17
Bayfront,Clarke Quay,15
Bayfront,Clementi,37
Bayfront,Commonwealth,30
Bayfront,Dakota,20
Bayfront,Dhoby Ghaut,17
Bayfront,Dover,34
Bayfront,Downtown,5
Bayfront,Esplanade,15
Bayfront,Eunos,25
Bayfront,Expo,40
Bayfront,Farrer Park,18
Bayfront,Farrer Road,27
Bayfront,Fort Canning,11
Bayfront,Gardens by the Bay,16
Bayfront,Geylang Bahru,18
Bayfront,Great World,22
Bayfront,Gul Circle,57
Bayfront,HarbourFront,18
Bayfront,Havelock,21
Bayfront,Haw Par Villa,34
Bayfront,Hillview,30
Bayfront,Holland Village,29
Bayfront,Hougang,31
Bayfront,Jalan Besar,14
Bayfront,Joo Koon,54
Bayfront,Jurong East,41
Bayfront,Kaki Bukit,25
Bayfront,Kallang,19
Bayfront,Kembangan,27
Bayfront,Kent Ridge,36
Bayfront,Khatib,38
Bayfront,King Albert Park,22
Bayfront,Kovan,29
Bayfront,Kranji,58
Bayfront,Labrador Park,30
Bayfront,Lakeside,46
Bayfront,Lavender,17
Bayfront,Lentor,34
Bayfront,Little India,10
Bayfront,Lorong Chuan,35
Bayfront,MacPherson,21
Bayfront,Marina Bay,8
Bayfront,Marina South Pier,17
Bayfront,Marsiling,55
Bayfront,Marymount,31
Bayfront,Mattar,20
Bayfront,Maxwell,17
Bayfront,Mayflower,32
Bayfront,Mountbatten,18
Bayfront,Napier,22
Bayfront,Newton,12
Bayfront,Nicoll Highway,14
Bayfront,Novena,21
Bayfront,Orchard,22
Bayfront,Orchard Boulevard,24
Bayfront,Outram Park,15
Bayfront,Pasir Panjang,32
Bayfront,Pasir Ris,43
Bayfront,Paya Lebar,23
Bayfront,Pioneer,51
Bayfront,Potong Pasir,22
Bayfront,Promenade,6
Bayfront,Punggol,38
Bayfront,Queenstown,28
Bayfront,Raffles Place,16
Bayfront,Redhill,26
Bayfront,Rochor,9
Bayfront,Sembawang,46
Bayfront,Sengkang,36
Bayfront,Serangoon,26
Bayfront,Shenton Way,16
Bayfront,Simei,37
Bayfront,Sixth Avenue,20
Bayfront,Somerset,22
Bayfront,Springleaf,37
Bayfront,Stadium,17
Bayfront,Stevens,15
Bayfront,Tai Seng,28
Bayfront,Tampines,33
Bayfront,Tampines East,35
Bayfront,Tampines West,31
Bayfront,Tan Kah Kee,18
Bayfront,Tanah Merah,33
Bayfront,Tanjong Pagar,22
Bayfront,Telok Ayer,7
Bayfront,Telok Blangah,28
Bayfront,Tiong Bahru,24
Bayfront,Toa Payoh,24
Bayfront,Tuas Crescent,59
Bayfront,Tuas Link,64
Bayfront,Tuas West Road,62
Bayfront,Ubi,24
Bayfront,Upper Changi,39
Bayfront,Upper Thomson,27
Bayfront,Woodlands,44
Bayfront,Woodlands North,46
Bayfront,Woodlands South,42
Bayfront,Woodleigh,24
Bayfront,Yew Tee,55
Bayfront,Yio Chu Kang,33
Bayfront,Yishun,40
Bayfront,one-north,34
Beauty World,Admiralty,52
Beauty World,Aljunied,34
Beauty World,Ang Mo Kio,34
Beauty World,Bartley,37
Beauty World,Bayfront,24
Beauty World,Beauty World,0
Beauty World,Bedok,43
Beauty World,Bedok North,48
Beauty World,Bedok Reservoir,50
Beauty World,Bencoolen,33
Beauty World,Bendemeer,37
Beauty World,Bishan,29
Beauty World,Boon Keng,28
Beauty World,Boon Lay,50
Beauty World,Botanic Gardens,11
Beauty World,Braddell,28
Beauty World,Bras Basah,33
Beauty World,Bright Hill,28
Beauty World,Buangkok,41
Beauty World,Bugis,21
Beauty World,Bukit Batok,38
Beauty World,Bukit Gombak,36
Beauty World,Bukit Panjang,12
Beauty World,Buona Vista,26
Beauty World,Caldecott,22
Beauty World,Canberra,46
Beauty World,Cashew,10
Beauty World,Changi Airport,64
Beauty World,Chinatown,29
Beauty World,Chinese Garden,44
Beauty World,Choa Chu Kang,28
Beauty World,City Hall,30
Beauty World,Clarke Quay,28
Beauty World,Clementi,38
Beauty World,Commonwealth,35
Beauty World,Dakota,37
Beauty World,Dhoby Ghaut,26
Beauty World,Dover,35
Beauty World,Downtown,26
Beauty World,Esplanade,31
Beauty World,Eunos,38
Beauty World,Expo,59
Beauty World,Farrer Park,25
Beauty World,Farrer Road,22
Beauty World,Fort Canning,32
Beauty World,Gardens by the Bay,37
Beauty World,Geylang Bahru,39
Beauty World,Great World,26
Beauty World,Gul Circle,58
Beauty World,HarbourFront,35
Beauty World,Havelock,28
Beauty World,Haw Par Villa,33
Beauty World,Hillview,9
Beauty World,Holland Village,24
Beauty World,Hougang,39
Beauty World,Jalan Besar,35
Beauty World,Joo Koon,55
Beauty World,Jurong East,42
Beauty World,Kaki Bukit,46
Beauty World,Kallang,32
Beauty World,Kembangan,40
Beauty World,Kent Ridge,30
Beauty World,Khatib,41
Beauty World,King Albert Park,6
Beauty World,Kovan,36
Beauty World,Kranji,42
Beauty World,Labrador Park,38
Beauty World,Lakeside,46
Beauty World,Lavender,30
Beauty World,Lentor,33
Beauty World,Little India,18
Beauty World,Lorong Chuan,32
Beauty World,MacPherson,42
Beauty World,Marina Bay,33
Beauty World,Marina South Pier,36
Beauty World,Marsiling,45
Beauty World,Marymount,26
Beauty World,Mattar,41
Beauty World,Maxwell,31
Beauty World,Mayflower,30
Beauty World,Mountbatten,35
Beauty World,Napier,21
Beauty World,Newton,15
Beauty World,Nicoll Highway,31
Beauty World,Novena,24
Beauty World,Orchard,24
Beauty World,Orchard Boulevard,22
Beauty World,Outram Park,30
Beauty World,Pasir Panjang,35
Beauty World,Pasir Ris,56
Beauty World,Paya Lebar,36
Beauty World,Pioneer,51
Beauty World,Potong Pasir,30
Beauty World,Promenade,22
Beauty World,Punggol,46
Beauty World,Queenstown,37
Beauty World,Raffles Place,32
Beauty World,Redhill,39
Beauty World,Rochor,19
Beauty World,Sembawang,49
Beauty World,Sengkang,43
Beauty World,Serangoon,34
Beauty World,Shenton Way,33
Beauty World,Simei,50
Beauty World,Sixth Avenue,8
Beauty World,Somerset,26
Beauty World,Springleaf,36
Beauty World,Stadium,33
Beauty World,Stevens,13
Beauty World,Tai Seng,40
Beauty World,Tampines,53
Beauty World,Tampines East,56
Beauty World,Tampines West,52
Beauty World,Tan Kah Kee,10
Beauty World,Tanah Merah,46
Beauty World,Tanjong Pagar,35
Beauty World,Telok Ayer,28
Beauty World,Telok Blangah,40
Beauty World,Tiong Bahru,39
Beauty World,Toa Payoh,26
Beauty World,Tuas Crescent,60
Beauty World,Tuas Link,64
Beauty World,Tuas West Road,62
Beauty World,Ubi,45
Beauty World,Upper Changi,60
Beauty World,Upper Thomson,26
Beauty World,Woodlands,42
Beauty World,Woodlands North,45
Beauty World,Woodlands South,40
Beauty World,Woodleigh,32
Beauty World,Yew Tee,34
Beauty World,Yio Chu Kang,36
Beauty World,Yishun,43
Beauty World,one-north,29
Bishan,Admiralty,24
Bishan,Aljunied,28
Bishan,Ang Mo Kio,6
Bishan,Bartley,13
Bishan,Bayfront,28
Bishan,Beauty World,29
Bishan,Bedok,33
Bishan,Bedok North,28
Bishan,Bedok Reservoir,30
Bishan,Bencoolen,32
Bishan,Bendemeer,28
Bishan,Bishan,0
Bishan,Boon Keng,23
Bishan,Boon Lay,45
Bishan,Botanic Gardens,14
Bishan,Braddell,5
Bishan,Bras Basah,26
Bishan,Bright Hill,22
Bishan,Buangkok,24
Bishan,Bugis,24
Bishan,Bukit Batok,45
Bishan,Bukit Gombak,47
Bishan,Bukit Panjang,38
Bishan,Buona Vista,22
Bishan,Caldecott,10
Bishan,Canberra,19
Bishan,Cashew,36
Bishan,Changi Airport,54
Bishan,Chinatown,29
Bishan,Chinese Garden,40
Bishan,Choa Chu Kang,44
Bishan,City Hall,19
Bishan,Clarke Quay,27
Bishan,Clementi,33
Bishan,Commonwealth,30
Bishan,Dakota,23
Bishan,Dhoby Ghaut,17
Bishan,Dover,31
Bishan,Downtown,29
Bishan,Esplanade,28
Bishan,Eunos,28
Bishan,Expo,41
Bishan,Farrer Park,25
Bishan,Farrer Road,17
Bishan,Fort Canning,33
Bishan,Gardens by the Bay,32
Bishan,Geylang Bahru,26
Bishan,Great World,22
Bishan,Gul Circle,53
Bishan,HarbourFront,34
Bishan,Havelock,23
Bishan,Haw Par Villa,29
Bishan,Hillview,34
Bishan,Holland Village,20
Bishan,Hougang,22
Bishan,Jalan Besar,30
Bishan,Joo Koon,50
Bishan,Jurong East,37
Bishan,Kaki Bukit,26
Bishan,Kallang,29
Bishan,Kembangan,30
Bishan,Kent Ridge,26
Bishan,Khatib,14
Bishan,King Albert Park,27
Bishan,Kovan,19
Bishan,Kranji,34
Bishan,Labrador Park,33
Bishan,Lakeside,42
Bishan,Lavender,27
Bishan,Lentor,27
Bishan,Little India,21
Bishan,Lorong Chuan,8
Bishan,MacPherson,17
Bishan,Marina Bay,23
Bishan,Marina South Pier,26
Bishan,Marsiling,31
Bishan,Marymount,8
Bishan,Mattar,24
Bishan,Maxwell,27
Bishan,Mayflower,24
Bishan,Mountbatten,25
Bishan,Napier,23
Bishan,Newton,11
Bishan,Nicoll Highway,29
Bishan,Novena,9
Bishan,Orchard,14
Bishan,Orchard Boulevard,22
Bishan,Outram Park,25
Bishan,Pasir Panjang,31
Bishan,Pasir Ris,45
Bishan,Paya Lebar,20
Bishan,Pioneer,47
Bishan,Potong Pasir,21
Bishan,Promenade,25
Bishan,Punggol,28
Bishan,Queenstown,32
Bishan,Raffles Place,21
Bishan,Redhill,34
Bishan,Rochor,22
Bishan,Sembawang,21
Bishan,Sengkang,26
Bishan,Serangoon,10
Bishan,Shenton Way,28
Bishan,Simei,40
Bishan,Sixth Avenue,25
Bishan,Somerset,15
Bishan,Springleaf,29
Bishan,Stadium,26
Bishan,Stevens,20
Bishan,Tai Seng,15
Bishan,Tampines,34
Bishan,Tampines East,36
Bishan,Tampines West,32
Bishan,Tan Kah Kee,23
Bishan,Tanah Merah,36
Bishan,Tanjong Pagar,27
Bishan,Telok Ayer,31
Bishan,Telok Blangah,35
Bishan,Tiong Bahru,32
Bishan,Toa Payoh,7
Bishan,Tuas Crescent,56
Bishan,Tuas Link,60
Bishan,Tuas West Road,58
Bishan,Ubi,24
Bishan,Upper Changi,39
Bishan,Upper Thomson,20
Bishan,Woodlands,27
Bishan,Woodlands North,37
Bishan,Woodlands South,34
Bishan,Woodleigh,19
Bishan,Yew Tee,42
Bishan,Yio Chu Kang,9
Bishan,Yishun,16
Bishan,one-north,24
Botanic Gardens,Admiralty,42
Botanic Gardens,Aljunied,26
Botanic Gardens,Ang Mo Kio,24
Botanic Gardens,Bartley,23
Botanic Gardens,Bayfront,17
Botanic Gardens,Beauty World,11
Botanic Gardens,Bedok,35
Botanic Gardens,Bedok North,38
Botanic Gardens,Bedok Reservoir,39
Botanic Gardens,Bencoolen,25
Botanic Gardens,Bendemeer,29
Botanic Gardens,Bishan,14
Botanic Gardens,Boon Keng,20
Botanic Gardens,Boon Lay,35
Botanic Gardens,Botanic Gardens,0
Botanic Gardens,Braddell,20
Botanic Gardens,Bras Basah,25
Botanic Gardens,Bright Hill,20
Botanic Gardens,Buangkok,33
Botanic Gardens,Bugis,13
Botanic Gardens,Bukit Batok,35
Botanic Gardens,Bukit Gombak,37
Botanic Gardens,Bukit Panjang,20
Botanic Gardens,Buona Vista,12
Botanic Gardens,Caldecott,10
Botanic Gardens,Canberra,37
Botanic Gardens,Cashew,18
Botanic Gardens,Changi Airport,56
Botanic Gardens,Chinatown,21
Botanic Gardens,Chinese Garden,30
Botanic Gardens,Choa Chu Kang,36
Botanic Gardens,City Hall,22
Botanic Gardens,Clarke Quay,20
Botanic Gardens,Clementi,23
Botanic Gardens,Commonwealth,20
Botanic Gardens,Dakota,29
Botanic Gardens,Dhoby Ghaut,18
Botanic Gardens,Dover,21
Botanic Gardens,Downtown,18
Botanic Gardens,Esplanade,23
Botanic Gardens,Eunos,31
Botanic Gardens,Expo,51
Botanic Gardens,Farrer Park,18
Botanic Gardens,Farrer Road,7
Botanic Gardens,Fort Canning,24
Botanic Gardens,Gardens by the Bay,29
Botanic Gardens,Geylang Bahru,31
Botanic Gardens,Great World,18
Botanic Gardens,Gul Circle,43
Botanic Gardens,HarbourFront,27
Botanic Gardens,Havelock,20
Botanic Gardens,Haw Par Villa,19
Botanic Gardens,Hillview,17
Botanic Gardens,Holland Village,10
Botanic Gardens,Hougang,31
Botanic Gardens,Jalan Besar,27
Botanic Gardens,Joo Koon,40
Botanic Gardens,Jurong East,27
Botanic Gardens,Kaki Bukit,36
Botanic Gardens,Kallang,24
Botanic Gardens,Kembangan,32
Botanic Gardens,Kent Ridge,16
Botanic Gardens,Khatib,32
Botanic Gardens,King Albert Park,9
Botanic Gardens,Kovan,29
Botanic Gardens,Kranji,49
Botanic Gardens,Labrador Park,23
Botanic Gardens,Lakeside,32
Botanic Gardens,Lavender,22
Botanic Gardens,Lentor,25
Botanic Gardens,Little India,10
Botanic Gardens,Lorong Chuan,18
Botanic Gardens,MacPherson,27
Botanic Gardens,Marina Bay,25
Botanic Gardens,Marina South Pier,29
Botanic Gardens,Marsiling,45
Botanic Gardens,Marymount,12
Botanic Gardens,Mattar,33
Botanic Gardens,Maxwell,24
Botanic Gardens,Mayflower,22
Botanic Gardens,Mountbatten,27
Botanic Gardens,Napier,13
Botanic Gardens,Newton,8
Botanic Gardens,Nicoll Highway,23
Botanic Gardens,Novena,16
Botanic Gardens,Orchard,16
Botanic Gardens,Orchard Boulevard,14
Botanic Gardens,Outram Park,22
Botanic Gardens,Pasir Panjang,21
Botanic Gardens,Pasir Ris,48
Botanic Gardens,Paya Lebar,28
Botanic Gardens,Pioneer,37
Botanic Gardens,Potong Pasir,22
Botanic Gardens,Promenade,14
Botanic Gardens,Punggol,38
Botanic Gardens,Queenstown,22
Botanic Gardens,Raffles Place,24
Botanic Gardens,Redhill,25
Botanic Gardens,Rochor,11
Botanic Gardens,Sembawang,39
Botanic Gardens,Sengkang,35
Botanic Gardens,Serangoon,19
Botanic Gardens,Shenton Way,25
Botanic Gardens,Simei,43
Botanic Gardens,Sixth Avenue,7
Botanic Gardens,Somerset,18
Botanic Gardens,Springleaf,28
Botanic Gardens,Stadium,25
Botanic Gardens,Stevens,5
Botanic Gardens,Tai Seng,25
Botanic Gardens,Tampines,44
Botanic Gardens,Tampines East,46
Botanic Gardens,Tampines West,42
Botanic Gardens,Tan Kah Kee,5
Botanic Gardens,Tanah Merah,38
Botanic Gardens,Tanjong Pagar,27
Botanic Gardens,Telok Ayer,20
Botanic Gardens,Telok Blangah,25
Botanic Gardens,Tiong Bahru,27
Botanic Gardens,Toa Payoh,18
Botanic Gardens,Tuas Crescent,46
Botanic Gardens,Tuas Link,50
Botanic Gardens,Tuas West Road,48
Botanic Gardens,Ubi,34
Botanic Gardens,Upper Changi,49
Botanic Gardens,Upper Thomson,18
Botanic Gardens,Woodlands,34
Botanic Gardens,Woodlands North,37
Botanic Gardens,Woodlands South,32
Botanic Gardens,Woodleigh,24
Botanic Gardens,Yew Tee,42
Botanic Gardens,Yio Chu Kang,26
Botanic Gardens,Yishun,34
Botanic Gardens,one-north,14
Bugis,Admiralty,45
Bugis,Aljunied,10
Bugis,Ang Mo Kio,27
Bugis,Bartley,27
Bugis,Bayfront,7
Bugis,Beauty World,21
Bugis,Bedok,18
Bugis,Bedok North,31
Bugis,Bedok Reservoir,33
Bugis,Bencoolen,16
Bugis,Bendemeer,20
Bugis,Bishan,24
Bugis,Boon Keng,16
Bugis,Boon Lay,40
Bugis,Botanic Gardens,13
Bugis,Braddell,22
Bugis,Bras Basah,16
Bugis,Bright Hill,26
Bugis,Buangkok,30
Bugis,Bugis,0
Bugis,Bukit Batok,40
Bugis,Bukit Gombak,42
Bugis,Bukit Panjang,30
Bugis,Buona Vista,23
Bugis,Caldecott,20
Bugis,Canberra,39
Bugis,Cashew,28
Bugis,Changi Airport,39
Bugis,Chinatown,12
Bugis,Chinese Garden,35
Bugis,Choa Chu Kang,45
Bugis,City Hall,6
Bugis,Clarke Quay,17
Bugis,Clementi,28
Bugis,Commonwealth,21
Bugis,Dakota,20
Bugis,Dhoby Ghaut,11
Bugis,Dover,26
Bugis,Downtown,9
Bugis,Esplanade,14
Bugis,Eunos,14
Bugis,Expo,34
Bugis,Farrer Park,14
Bugis,Farrer Road,23
Bugis,Fort Canning,14
Bugis,Gardens by the Bay,22
Bugis,Geylang Bahru,22
Bugis,Great World,22
Bugis,Gul Circle,48
Bugis,HarbourFront,22
Bugis,Havelock,20
Bugis,Haw Par Villa,34
Bugis,Hillview,26
Bugis,Holland Village,26
Bugis,Hougang,28
Bugis,Jalan Besar,18
Bugis,Joo Koon,45
Bugis,Jurong East,32
Bugis,Kaki Bukit,29
Bugis,Kallang,7
Bugis,Kembangan,16
Bugis,Kent Ridge,32
Bugis,Khatib,34
Bugis,King Albert Park,19
Bugis,Kovan,25
Bugis,Kranji,54
Bugis,Labrador Park,33
Bugis,Lakeside,37
Bugis,Lavender,5
Bugis,Lentor,30
Bugis,Little India,6
Bugis,Lorong Chuan,32
Bugis,MacPherson,22
Bugis,Marina Bay,14
Bugis,Marina South Pier,16
Bugis,Marsiling,51
Bugis,Marymount,28
Bugis,Mattar,24
Bugis,Maxwell,20
Bugis,Mayflower,28
Bugis,Mountbatten,18
Bugis,Napier,18
Bugis,Newton,9
Bugis,Nicoll Highway,14
Bugis,Novena,17
Bugis,Orchard,15
Bugis,Orchard Boulevard,20
Bugis,Outram Park,12
Bugis,Pasir Panjang,36
Bugis,Pasir Ris,31
Bugis,Paya Lebar,12
Bugis,Pioneer,42
Bugis,Potong Pasir,19
Bugis,Promenade,5
Bugis,Punggol,34
Bugis,Queenstown,19
Bugis,Raffles Place,8
Bugis,Redhill,17
Bugis,Rochor,5
Bugis,Sembawang,42
Bugis,Sengkang,32
Bugis,Serangoon,23
Bugis,Shenton Way,21
Bugis,Simei,26
Bugis,Sixth Avenue,16
Bugis,Somerset,13
Bugis,Springleaf,33
Bugis,Stadium,16
Bugis,Stevens,11
Bugis,Tai Seng,24
Bugis,Tampines,28
Bugis,Tampines East,38
Bugis,Tampines West,35
Bugis,Tan Kah Kee,14
Bugis,Tanah Merah,21
Bugis,Tanjong Pagar,10
Bugis,Telok Ayer,11
Bugis,Telok Blangah,31
Bugis,Tiong Bahru,15
Bugis,Toa Payoh,20
Bugis,Tuas Crescent,50
Bugis,Tuas Link,55
Bugis,Tuas West Road,53
Bugis,Ubi,27
Bugis,Upper Changi,41
Bugis,Upper Thomson,23
Bugis,Woodlands,40
Bugis,Woodlands North,43
Bugis,Woodlands South,38
Bugis,Woodleigh,20
Bugis,Yew Tee,48
Bugis,Yio Chu Kang,29
Bugis,Yishun,36
Bugis,one-north,30
Chinese Garden,Admiralty,39
Chinese Garden,Aljunied,41
Chinese Garden,Ang Mo Kio,49
Chinese Garden,Bartley,48
Chinese Garden,Bayfront,44
Chinese Garden,Beauty World,44
Chinese Garden,Bedok,50
Chinese Garden,Bedok North,58
Chinese Garden,Bedok Reservoir,59
Chinese Garden,Bencoolen,43
Chinese Garden,Bendemeer,47
Chinese Garden,Bishan,40
Chinese Garden,Boon Keng,44
Chinese Garden,Boon Lay,9
Chinese Garden,Botanic Gardens,30
Chinese Garden,Braddell,48
Chinese Garden,Bras Basah,47
Chinese Garden,Bright Hill,47
Chinese Garden,Buangkok,57
Chinese Garden,Bugis,35
Chinese Garden,Bukit Batok,14
Chinese Garden,Bukit Gombak,16
Chinese Garden,Bukit Panjang,34
Chinese Garden,Buona Vista,14
Chinese Garden,Caldecott,35
Chinese Garden,Canberra,45
Chinese Garden,Cashew,42
Chinese Garden,Changi Airport,71
Chinese Garden,Chinatown,34
Chinese Garden,Chinese Garden,0
Chinese Garden,Choa Chu Kang,20
Chinese Garden,City Hall,32
Chinese Garden,Clarke Quay,36
Chinese Garden,Clementi,10
Chinese Garden,Commonwealth,17
Chinese Garden,Dakota,53
Chinese Garden,Dhoby Ghaut,38
Chinese Garden,Dover,12
Chinese Garden,Downtown,42
Chinese Garden,Esplanade,49
Chinese Garden,Eunos,45
Chinese Garden,Expo,65
Chinese Garden,Farrer Park,42
Chinese Garden,Farrer Road,28
Chinese Garden,Fort Canning,41
Chinese Garden,Gardens by the Bay,39
Chinese Garden,Geylang Bahru,49
Chinese Garden,Great World,35
Chinese Garden,Gul Circle,17
Chinese Garden,HarbourFront,35
Chinese Garden,Havelock,34
Chinese Garden,Haw Par Villa,29
Chinese Garden,Hillview,43
Chinese Garden,Holland Village,25
Chinese Garden,Hougang,55
Chinese Garden,Jalan Besar,45
Chinese Garden,Joo Koon,14
Chinese Garden,Jurong East,6
Chinese Garden,Kaki Bukit,56
Chinese Garden,Kallang,39
Chinese Garden,Kembangan,47
Chinese Garden,Kent Ridge,27
Chinese Garden,Khatib,50
Chinese Garden,King Albert Park,42
Chinese Garden,Kovan,53
Chinese Garden,Kranji,30
Chinese Garden,Labrador Park,34
Chinese Garden,Lakeside,6
Chinese Garden,Lavender,37
Chinese Garden,Lentor,52
Chinese Garden,Little India,40
Chinese Garden,Lorong Chuan,43
Chinese Garden,MacPherson,52
Chinese Garden,Marina Bay,36
Chinese Garden,Marina South Pier,38
Chinese Garden,Marsiling,33
Chinese Garden,Marymount,37
Chinese Garden,Mattar,50
Chinese Garden,Maxwell,34
Chinese Garden,Mayflower,49
Chinese Garden,Mountbatten,55
Chinese Garden,Napier,41
Chinese Garden,Newton,40
Chinese Garden,Nicoll Highway,53
Chinese Garden,Novena,46
Chinese Garden,Orchard,37
Chinese Garden,Orchard Boulevard,39
Chinese Garden,Outram Park,26
Chinese Garden,Pasir Panjang,31
Chinese Garden,Pasir Ris,63
Chinese Garden,Paya Lebar,43
Chinese Garden,Pioneer,10
Chinese Garden,Potong Pasir,46
Chinese Garden,Promenade,44
Chinese Garden,Punggol,62
Chinese Garden,Queenstown,19
Chinese Garden,Raffles Place,30
Chinese Garden,Redhill,21
Chinese Garden,Rochor,44
Chinese Garden,Sembawang,43
Chinese Garden,Sengkang,59
Chinese Garden,Serangoon,45
Chinese Garden,Shenton Way,35
Chinese Garden,Simei,57
Chinese Garden,Sixth Avenue,40
Chinese Garden,Somerset,40
Chinese Garden,Springleaf,51
Chinese Garden,Stadium,55
Chinese Garden,Stevens,38
Chinese Garden,Tai Seng,51
Chinese Garden,Tampines,59
Chinese Garden,Tampines East,66
Chinese Garden,Tampines West,62
Chinese Garden,Tan Kah Kee,38
Chinese Garden,Tanah Merah,53
Chinese Garden,Tanjong Pagar,28
Chinese Garden,Telok Ayer,40
Chinese Garden,Telok Blangah,36
Chinese Garden,Tiong Bahru,23
Chinese Garden,Toa Payoh,48
Chinese Garden,Tuas Crescent,19
Chinese Garden,Tuas Link,23
Chinese Garden,Tuas West Road,21
Chinese Garden,Ubi,54
Chinese Garden,Upper Changi,69
Chinese Garden,Upper Thomson,45
Chinese Garden,Woodlands,36
Chinese Garden,Woodlands North,46
Chinese Garden,Woodlands South,46
Chinese Garden,Woodleigh,48
Chinese Garden,Yew Tee,22
Chinese Garden,Yio Chu Kang,52
Chinese Garden,Yishun,48
Chinese Garden,one-north,25
City Hall,Admiralty,40
City Hall,Aljunied,12
City Hall,Ang Mo Kio,22
City Hall,Bartley,29
City Hall,Bayfront,17
City Hall,Beauty World,30
City Hall,Bedok,21
City Hall,Bedok North,34
City Hall,Bedok Reservoir,36
City Hall,Bencoolen,26
City Hall,Bendemeer,30
City Hall,Bishan,19
City Hall,Boon Keng,19
City Hall,Boon Lay,38
City Hall,Botanic Gardens,22
City Hall,Braddell,17
City Hall,Bras Basah,15
City Hall,Bright Hill,31
City Hall,Buangkok,32
City Hall,Bugis,6
City Hall,Bukit Batok,38
City Hall,Bukit Gombak,40
City Hall,Bukit Panjang,39
City Hall,Buona Vista,21
City Hall,Caldecott,25
City Hall,Canberra,35
City Hall,Cashew,37
City Hall,Changi Airport,42
City Hall,Chinatown,17
City Hall,Chinese Garden,32
City Hall,Choa Chu Kang,44
City Hall,City Hall,0
City Hall,Clarke Quay,15
City Hall,Clementi,26
City Hall,Commonwealth,19
City Hall,Dakota,24
City Hall,Dhoby Ghaut,5
City Hall,Dover,23
City Hall,Downtown,19
City Hall,Esplanade,17
City Hall,Eunos,16
City Hall,Expo,36
City Hall,Farrer Park,17
City Hall,Farrer Road,32
City Hall,Fort Canning,24
City Hall,Gardens by the Bay,16
City Hall,Geylang Bahru,32
City Hall,Great World,17
City Hall,Gul Circle,46
City Hall,HarbourFront,20
City Hall,Havelock,18
City Hall,Haw Par Villa,36
City Hall,Hillview,35
City Hall,Holland Village,31
City Hall,Hougang,30
City Hall,Jalan Besar,27
City Hall,Joo Koon,43
City Hall,Jurong East,30
City Hall,Kaki Bukit,32
City Hall,Kallang,10
City Hall,Kembangan,18
City Hall,Kent Ridge,33
City Hall,Khatib,30
City Hall,King Albert Park,28
City Hall,Kovan,28
City Hall,Kranji,50
City Hall,Labrador Park,31
City Hall,Lakeside,34
City Hall,Lavender,8
City Hall,Lentor,36
City Hall,Little India,15
City Hall,Lorong Chuan,30
City Hall,MacPherson,24
City Hall,Marina Bay,7
City Hall,Marina South Pier,10
City Hall,Marsiling,47
City Hall,Marymount,30
City Hall,Mattar,30
City Hall,Maxwell,17
City Hall,Mayflower,33
City Hall,Mountbatten,25
City Hall,Napier,18
City Hall,Newton,11
City Hall,Nicoll Highway,21
City Hall,Novena,13
City Hall,Orchard,9
City Hall,Orchard Boulevard,17
City Hall,Outram Park,10
City Hall,Pasir Panjang,33
City Hall,Pasir Ris,34
City Hall,Paya Lebar,14
City Hall,Pioneer,40
City Hall,Potong Pasir,21
City Hall,Promenade,15
City Hall,Punggol,37
City Hall,Queenstown,17
City Hall,Raffles Place,5
City Hall,Redhill,15
City Hall,Rochor,15
City Hall,Sembawang,37
City Hall,Sengkang,34
City Hall,Serangoon,25
City Hall,Shenton Way,15
City Hall,Simei,28
City Hall,Sixth Avenue,26
City Hall,Somerset,7
City Hall,Springleaf,38
City Hall,Stadium,24
City Hall,Stevens,20
City Hall,Tai Seng,26
City Hall,Tampines,30
City Hall,Tampines East,41
City Hall,Tampines West,38
City Hall,Tan Kah Kee,24
City Hall,Tanah Merah,24
City Hall,Tanjong Pagar,8
City Hall,Telok Ayer,20
City Hall,Telok Blangah,29
City Hall,Tiong Bahru,13
City Hall,Toa Payoh,15
City Hall,Tuas Crescent,48
City Hall,Tuas Link,52
City Hall,Tuas West Road,50
City Hall,Ubi,31
City Hall,Upper Changi,44
City Hall,Upper Thomson,29
City Hall,Woodlands,43
City Hall,Woodlands North,48
City Hall,Woodlands South,43
City Hall,Woodleigh,23
City Hall,Yew Tee,46
City Hall,Yio Chu Kang,25
City Hall,Yishun,32
City Hall,one-north,31
Downtown,Admiralty,51
Downtown,Aljunied,23
Downtown,Ang Mo Kio,33
Downtown,Bartley,31
Downtown,Bayfront,5
Downtown,Beauty World,26
Downtown,Bedok,32
Downtown,Bedok North,25
Downtown,Bedok Reservoir,27
Downtown,Bencoolen,10
Downtown,Bendemeer,14
Downtown,Bishan,29
Downtown,Boon Keng,21
Downtown,Boon Lay,47
Downtown,Botanic Gardens,18
Downtown,Braddell,27
Downtown,Bras Basah,18
Downtown,Bright Hill,32
Downtown,Buangkok,35
Downtown,Bugis,9
Downtown,Bukit Batok,47
Downtown,Bukit Gombak,49
Downtown,Bukit Panjang,35
Downtown,Buona Vista,30
Downtown,Caldecott,26
Downtown,Canberra,45
Downtown,Cashew,33
Downtown,Changi Airport,53
Downtown,Chinatown,6
Downtown,Chinese Garden,42
Downtown,Choa Chu Kang,51
Downtown,City Hall,19
Downtown,Clarke Quay,13
Downtown,Clementi,35
Downtown,Commonwealth,28
Downtown,Dakota,22
Downtown,Dhoby Ghaut,15
Downtown,Dover,33
Downtown,Downtown,0
Downtown,Esplanade,16
Downtown,Eunos,27
Downtown,Expo,38
Downtown,Farrer Park,19
Downtown,Farrer Road,29
Downtown,Fort Canning,9
Downtown,Gardens by the Bay,22
Downtown,Geylang Bahru,16
Downtown,Great World,23
Downtown,Gul Circle,55
Downtown,HarbourFront,16
Downtown,Havelock,22
Downtown,Haw Par Villa,32
Downtown,Hillview,32
Downtown,Holland Village,31
Downtown,Hougang,32
Downtown,Jalan Besar,12
Downtown,Joo Koon,52
Downtown,Jurong East,39
Downtown,Kaki Bukit,24
Downtown,Kallang,21
Downtown,Kembangan,29
Downtown,Kent Ridge,35
Downtown,Khatib,40
Downtown,King Albert Park,24
Downtown,Kovan,30
Downtown,Kranji,60
Downtown,Labrador Park,28
Downtown,Lakeside,44
Downtown,Lavender,19
Downtown,Lentor,36
Downtown,Little India,12
Downtown,Lorong Chuan,36
Downtown,MacPherson,20
Downtown,Marina Bay,14
Downtown,Marina South Pier,22
Downtown,Marsiling,57
Downtown,Marymount,33
Downtown,Mattar,18
Downtown,Maxwell,21
Downtown,Mayflower,34
Downtown,Mountbatten,20
Downtown,Napier,24
Downtown,Newton,14
Downtown,Nicoll Highway,16
Downtown,Novena,23
Downtown,Orchard,23
Downtown,Orchard Boulevard,26
Downtown,Outram Park,13
Downtown,Pasir Panjang,30
Downtown,Pasir Ris,42
Downtown,Paya Lebar,24
Downtown,Pioneer,49
Downtown,Potong Pasir,24
Downtown,Promenade,7
Downtown,Punggol,39
Downtown,Queenstown,26
Downtown,Raffles Place,21
Downtown,Redhill,24
Downtown,Rochor,11
Downtown,Sembawang,47
Downtown,Sengkang,37
Downtown,Serangoon,28
Downtown,Shenton Way,21
Downtown,Simei,39
Downtown,Sixth Avenue,22
Downtown,Somerset,24
Downtown,Springleaf,39
Downtown,Stadium,18
Downtown,Stevens,17
Downtown,Tai Seng,28
Downtown,Tampines,31
Downtown,Tampines East,34
Downtown,Tampines West,29
Downtown,Tan Kah Kee,20
Downtown,Tanah Merah,34
Downtown,Tanjong Pagar,22
Downtown,Telok Ayer,5
Downtown,Telok Blangah,26
Downtown,Tiong Bahru,22
Downtown,Toa Payoh,25
Downtown,Tuas Crescent,58
Downtown,Tuas Link,62
Downtown,Tuas West Road,60
Downtown,Ubi,22
Downtown,Upper Changi,37
Downtown,Upper Thomson,29
Downtown,Woodlands,46
Downtown,Woodlands North,48
Downtown,Woodlands South,44
Downtown,Woodleigh,26
Downtown,Yew Tee,56
Downtown,Yio Chu Kang,35
Downtown,Yishun,42
Downtown,one-north,38
Expo,Admiralty,68
Expo,Aljunied,28
Expo,Ang Mo Kio,50
Expo,Bartley,33
Expo,Bayfront,40
Expo,Beauty World,59
Expo,Bedok,19
Expo,Bedok North,17
Expo,Bedok Reservoir,15
Expo,Bencoolen,31
Expo,Bendemeer,27
Expo,Bishan,41
Expo,Boon Keng,49
Expo,Boon Lay,71
Expo,Botanic Gardens,51
Expo,Braddell,49
Expo,Bras Basah,46
Expo,Bright Hill,58
Expo,Buangkok,50
Expo,Bugis,34
Expo,Bukit Batok,71
Expo,Bukit Gombak,73
Expo,Bukit Panjang,68
Expo,Buona Vista,54
Expo,Caldecott,46
Expo,Canberra,63
Expo,Cashew,66
Expo,Changi Airport,14
Expo,Chinatown,35
Expo,Chinese Garden,65
Expo,Choa Chu Kang,77
Expo,City Hall,36
Expo,Clarke Quay,42
Expo,Clementi,59
Expo,Commonwealth,52
Expo,Dakota,33
Expo,Dhoby Ghaut,42
Expo,Dover,56
Expo,Downtown,38
Expo,Esplanade,44
Expo,Eunos,24
Expo,Expo,0
Expo,Farrer Park,48
Expo,Farrer Road,53
Expo,Fort Canning,33
Expo,Gardens by the Bay,53
Expo,Geylang Bahru,25
Expo,Great World,52
Expo,Gul Circle,79
Expo,HarbourFront,45
Expo,Havelock,50
Expo,Haw Par Villa,61
Expo,Hillview,64
Expo,Holland Village,56
Expo,Hougang,48
Expo,Jalan Besar,30
Expo,Joo Koon,76
Expo,Jurong East,63
Expo,Kaki Bukit,18
Expo,Kallang,30
Expo,Kembangan,22
Expo,Kent Ridge,62
Expo,Khatib,58
Expo,King Albert Park,57
Expo,Kovan,45
Expo,Kranji,78
Expo,Labrador Park,57
Expo,Lakeside,68
Expo,Lavender,32
Expo,Lentor,63
Expo,Little India,44
Expo,Lorong Chuan,38
Expo,MacPherson,22
Expo,Marina Bay,44
Expo,Marina South Pier,47
Expo,Marsiling,75
Expo,Marymount,44
Expo,Mattar,24
Expo,Maxwell,50
Expo,Mayflower,60
Expo,Mountbatten,35
Expo,Napier,55
Expo,Newton,47
Expo,Nicoll Highway,39
Expo,Novena,50
Expo,Orchard,46
Expo,Orchard Boulevard,54
Expo,Outram Park,42
Expo,Pasir Panjang,59
Expo,Pasir Ris,21
Expo,Paya Lebar,26
Expo,Pioneer,73
Expo,Potong Pasir,47
Expo,Promenade,41
Expo,Punggol,54
Expo,Queenstown,50
Expo,Raffles Place,39
Expo,Redhill,48
Expo,Rochor,43
Expo,Sembawang,65
Expo,Sengkang,52
Expo,Serangoon,36
Expo,Shenton Way,52
Expo,Simei,20
Expo,Sixth Avenue,55
Expo,Somerset,44
Expo,Springleaf,66
Expo,Stadium,37
Expo,Stevens,49
Expo,Tai Seng,30
Expo,Tampines,10
Expo,Tampines East,8
Expo,Tampines West,12
Expo,Tan Kah Kee,53
Expo,Tanah Merah,13
Expo,Tanjong Pagar,41
Expo,Telok Ayer,37
Expo,Telok Blangah,55
Expo,Tiong Bahru,46
Expo,Toa Payoh,51
Expo,Tuas Crescent,81
Expo,Tuas Link,86
Expo,Tuas West Road,83
Expo,Ubi,20
Expo,Upper Changi,5
Expo,Upper Thomson,56
Expo,Woodlands,71
Expo,Woodlands North,75
Expo,Woodlands South,70
Expo,Woodleigh,45
Expo,Yew Tee,79
Expo,Yio Chu Kang,53
Expo,Yishun,60
Expo,one-north,60
Gardens by the Bay,Admiralty,53
Gardens by the Bay,Aljunied,28
Gardens by the Bay,Ang Mo Kio,35
Gardens by the Bay,Bartley,42
Gardens by the Bay,Bayfront,16
Gardens by the Bay,Beauty World,37
Gardens by the Bay,Bedok,37
Gardens by the Bay,Bedok North,43
Gardens by the Bay,Bedok Reservoir,45
Gardens by the Bay,Bencoolen,28
Gardens by the Bay,Bendemeer,32
Gardens by the Bay,Bishan,32
Gardens by the Bay,Boon Keng,29
Gardens by the Bay,Boon Lay,45
Gardens by the Bay,Botanic Gardens,29
Gardens by the Bay,Braddell,30
Gardens by the Bay,Bras Basah,27
Gardens by the Bay,Bright Hill,32
Gardens by the Bay,Buangkok,42
Gardens by the Bay,Bugis,22
Gardens by the Bay,Bukit Batok,45
Gardens by the Bay,Bukit Gombak,47
Gardens by the Bay,Bukit Panjang,46
Gardens by the Bay,Buona Vista,28
Gardens by the Bay,Caldecott,26
Gardens by the Bay,Canberra,47
Gardens by the Bay,Cashew,44
Gardens by the Bay,Changi Airport,58
Gardens by the Bay,Chinatown,19
Gardens by the Bay,Chinese Garden,39
Gardens by the Bay,Choa Chu Kang,51
Gardens by the Bay,City Hall,16
Gardens by the Bay,Clarke Quay,21
Gardens by the Bay,Clementi,33
Gardens by the Bay,Commonwealth,26
Gardens by the Bay,Dakota,32
Gardens by the Bay,Dhoby Ghaut,18
Gardens by the Bay,Dover,30
Gardens by the Bay,Downtown,22
Gardens by the Bay,Esplanade,26
Gardens by the Bay,Eunos,33
Gardens by the Bay,Expo,53
Gardens by the Bay,Farrer Park,27
Gardens by the Bay,Farrer Road,40
Gardens by the Bay,Fort Canning,26
Gardens by the Bay,Gardens by the Bay,0
Gardens by the Bay,Geylang Bahru,34
Gardens by the Bay,Great World,14
Gardens by the Bay,Gul Circle,53
Gardens by the Bay,HarbourFront,20
Gardens by the Bay,Havelock,13
Gardens by the Bay,Haw Par Villa,36
Gardens by the Bay,Hillview,42
Gardens by the Bay,Holland Village,38
Gardens by the Bay,Hougang,40
Gardens by the Bay,Jalan Besar,30
Gardens by the Bay,Joo Koon,50
Gardens by the Bay,Jurong East,37
Gardens by the Bay,Kaki Bukit,41
Gardens by the Bay,Kallang,26
Gardens by the Bay,Kembangan,34
Gardens by the Bay,Kent Ridge,39
Gardens by the Bay,Khatib,42
Gardens by the Bay,King Albert Park,35
Gardens by the Bay,Kovan,38
Gardens by the Bay,Kranji,61
Gardens by the Bay,Labrador Park,32
Gardens by the Bay,Lakeside,42
Gardens by the Bay,Lavender,24
Gardens by the Bay,Lentor,37
Gardens by the Bay,Little India,25
Gardens by the Bay,Lorong Chuan,42
Gardens by the Bay,MacPherson,37
Gardens by the Bay,Marina Bay,6
Gardens by the Bay,Marina South Pier,14
Gardens by the Bay,Marsiling,57
Gardens by the Bay,Marymount,37
Gardens by the Bay,Mattar,36
Gardens by the Bay,Maxwell,9
Gardens by the Bay,Mayflower,34
Gardens by the Bay,Mountbatten,30
Gardens by the Bay,Napier,20
Gardens by the Bay,Newton,24
Gardens by the Bay,Nicoll Highway,26
Gardens by the Bay,Novena,26
Gardens by the Bay,Orchard,16
Gardens by the Bay,Orchard Boulevard,18
Gardens by the Bay,Outram Park,10
Gardens by the Bay,Pasir Panjang,34
Gardens by the Bay,Pasir Ris,50
Gardens by the Bay,Paya Lebar,30
Gardens by the Bay,Pioneer,47
Gardens by the Bay,Potong Pasir,31
Gardens by the Bay,Promenade,19
Gardens by the Bay,Punggol,47
Gardens by the Bay,Queenstown,24
Gardens by the Bay,Raffles Place,14
Gardens by the Bay,Redhill,22
Gardens by the Bay,Rochor,26
Gardens by the Bay,Sembawang,50
Gardens by the Bay,Sengkang,44
Gardens by the Bay,Serangoon,35
Gardens by the Bay,Shenton Way,7
Gardens by the Bay,Simei,45
Gardens by the Bay,Sixth Avenue,33
Gardens by the Bay,Somerset,20
Gardens by the Bay,Springleaf,40
Gardens by the Bay,Stadium,28
Gardens by the Bay,Stevens,22
Gardens by the Bay,Tai Seng,39
Gardens by the Bay,Tampines,47
Gardens by the Bay,Tampines East,51
Gardens by the Bay,Tampines West,47
Gardens by the Bay,Tan Kah Kee,31
Gardens by the Bay,Tanah Merah,40
Gardens by the Bay,Tanjong Pagar,19
Gardens by the Bay,Telok Ayer,24
Gardens by the Bay,Telok Blangah,30
Gardens by the Bay,Tiong Bahru,20
Gardens by the Bay,Toa Payoh,28
Gardens by the Bay,Tuas Crescent,55
Gardens by the Bay,Tuas Link,59
Gardens by the Bay,Tuas West Road,57
Gardens by the Bay,Ubi,39
Gardens by the Bay,Upper Changi,54
Gardens by the Bay,Upper Thomson,30
Gardens by the Bay,Woodlands,46
Gardens by the Bay,Woodlands North,49
Gardens by the Bay,Woodlands South,44
Gardens by the Bay,Woodleigh,33
Gardens by the Bay,Yew Tee,53
Gardens by the Bay,Yio Chu Kang,37
Gardens by the Bay,Yishun,45
Gardens by the Bay,one-north,38
HarbourFront,Admiralty,55
HarbourFront,Aljunied,28
HarbourFront,Ang Mo Kio,37
HarbourFront,Bartley,36
HarbourFront,Bayfront,18
HarbourFront,Beauty World,35
HarbourFront,Bedok,37
HarbourFront,Bedok North,32
HarbourFront,Bedok Reservoir,34
HarbourFront,Bencoolen,18
HarbourFront,Bendemeer,22
HarbourFront,Bishan,34
HarbourFront,Boon Keng,18
HarbourFront,Boon Lay,41
HarbourFront,Botanic Gardens,27
HarbourFront,Braddell,32
HarbourFront,Bras Basah,22
HarbourFront,Bright Hill,35
HarbourFront,Buangkok,32
HarbourFront,Bugis,22
HarbourFront,Bukit Batok,41
HarbourFront,Bukit Gombak,43
HarbourFront,Bukit Panjang,44
HarbourFront,Buona Vista,20
HarbourFront,Caldecott,29
HarbourFront,Canberra,49
HarbourFront,Cashew,42
HarbourFront,Changi Airport,58
HarbourFront,Chinatown,9
HarbourFront,Chinese Garden,35
HarbourFront,Choa Chu Kang,47
HarbourFront,City Hall,20
HarbourFront,Clarke Quay,10
HarbourFront,Clementi,29
HarbourFront,Commonwealth,22
HarbourFront,Dakota,34
HarbourFront,Dhoby Ghaut,12
HarbourFront,Dover,26
HarbourFront,Downtown,16
HarbourFront,Esplanade,24
HarbourFront,Eunos,32
HarbourFront,Expo,45
HarbourFront,Farrer Park,16
HarbourFront,Farrer Road,25
HarbourFront,Fort Canning,16
HarbourFront,Gardens by the Bay,20
HarbourFront,Geylang Bahru,24
HarbourFront,Great World,16
HarbourFront,Gul Circle,49
HarbourFront,HarbourFront,0
HarbourFront,Havelock,15
HarbourFront,Haw Par Villa,14
HarbourFront,Hillview,40
HarbourFront,Holland Village,23
HarbourFront,Hougang,30
HarbourFront,Jalan Besar,19
HarbourFront,Joo Koon,46
HarbourFront,Jurong East,33
HarbourFront,Kaki Bukit,31
HarbourFront,Kallang,26
HarbourFront,Kembangan,34
HarbourFront,Kent Ridge,16
HarbourFront,Khatib,44
HarbourFront,King Albert Park,33
HarbourFront,Kovan,27
HarbourFront,Kranji,57
HarbourFront,Labrador Park,9
HarbourFront,Lakeside,38
HarbourFront,Lavender,24
HarbourFront,Lentor,39
HarbourFront,Little India,14
HarbourFront,Lorong Chuan,35
HarbourFront,MacPherson,27
HarbourFront,Marina Bay,18
HarbourFront,Marina South Pier,26
HarbourFront,Marsiling,60
HarbourFront,Marymount,35
HarbourFront,Mattar,25
HarbourFront,Maxwell,15
HarbourFront,Mayflower,37
HarbourFront,Mountbatten,32
HarbourFront,Napier,22
HarbourFront,Newton,23
HarbourFront,Nicoll Highway,28
HarbourFront,Novena,28
HarbourFront,Orchard,18
HarbourFront,Orchard Boulevard,20
HarbourFront,Outram Park,7
HarbourFront,Pasir Panjang,12
HarbourFront,Pasir Ris,50
HarbourFront,Paya Lebar,30
HarbourFront,Pioneer,43
HarbourFront,Potong Pasir,21
HarbourFront,Promenade,20
HarbourFront,Punggol,36
HarbourFront,Queenstown,20
HarbourFront,Raffles Place,17
HarbourFront,Redhill,18
HarbourFront,Rochor,22
HarbourFront,Sembawang,52
HarbourFront,Sengkang,34
HarbourFront,Serangoon,25
HarbourFront,Shenton Way,16
HarbourFront,Simei,44
HarbourFront,Sixth Avenue,30
HarbourFront,Somerset,22
HarbourFront,Springleaf,42
HarbourFront,Stadium,30
HarbourFront,Stevens,24
HarbourFront,Tai Seng,35
HarbourFront,Tampines,38
HarbourFront,Tampines East,41
HarbourFront,Tampines West,36
HarbourFront,Tan Kah Kee,29
HarbourFront,Tanah Merah,40
HarbourFront,Tanjong Pagar,15
HarbourFront,Telok Ayer,15
HarbourFront,Telok Blangah,7
HarbourFront,Tiong Bahru,16
HarbourFront,Toa Payoh,30
HarbourFront,Tuas Crescent,51
HarbourFront,Tuas Link,55
HarbourFront,Tuas West Road,53
HarbourFront,Ubi,29
HarbourFront,Upper Changi,44
HarbourFront,Upper Thomson,32
HarbourFront,Woodlands,49
HarbourFront,Woodlands North,51
HarbourFront,Woodlands South,47
HarbourFront,Woodleigh,23
HarbourFront,Yew Tee,49
HarbourFront,Yio Chu Kang,39
HarbourFront,Yishun,47
HarbourFront,one-north,18
Holland Village,Admiralty,48
Holland Village,Aljunied,39
Holland Village,Ang Mo Kio,29
Holland Village,Bartley,28
Holland Village,Bayfront,29
Holland Village,Beauty World,24
Holland Village,Bedok,48
Holland Village,Bedok North,43
Holland Village,Bedok Reservoir,45
Holland Village,Bencoolen,38
Holland Village,Bendemeer,42
Holland Village,Bishan,20
Holland Village,Boon Keng,32
Holland Village,Boon Lay,31
Holland Village,Botanic Gardens,10
Holland Village,Braddell,28
Holland Village,Bras Basah,38
Holland Village,Bright Hill,27
Holland Village,Buangkok,39
Holland Village,Bugis,26
Holland Village,Bukit Batok,30
Holland Village,Bukit Gombak,32
Holland Village,Bukit Panjang,33
Holland Village,Buona Vista,7
Holland Village,Caldecott,15
Holland Village,Canberra,42
Holland Village,Cashew,31
Holland Village,Changi Airport,69
Holland Village,Chinatown,33
Holland Village,Chinese Garden,25
Holland Village,Choa Chu Kang,36
Holland Village,City Hall,31
Holland Village,Clarke Quay,33
Holland Village,Clementi,18
Holland Village,Commonwealth,16
Holland Village,Dakota,38
Holland Village,Dhoby Ghaut,30
Holland Village,Dover,16
Holland Village,Downtown,31
Holland Village,Esplanade,36
Holland Village,Eunos,43
Holland Village,Expo,56
Holland Village,Farrer Park,30
Holland Village,Farrer Road,8
Holland Village,Fort Canning,37
Holland Village,Gardens by the Bay,38
Holland Village,Geylang Bahru,41
Holland Village,Great World,31
Holland Village,Gul Circle,38
Holland Village,HarbourFront,23
Holland Village,Havelock,33
Holland Village,Haw Par Villa,14
Holland Village,Hillview,30
Holland Village,Holland Village,0
Holland Village,Hougang,37
Holland Village,Jalan Besar,40
Holland Village,Joo Koon,35
Holland Village,Jurong East,22
Holland Village,Kaki Bukit,41
Holland Village,Kallang,37
Holland Village,Kembangan,45
Holland Village,Kent Ridge,11
Holland Village,Khatib,37
Holland Village,King Albert Park,22
Holland Village,Kovan,34
Holland Village,Kranji,46
Holland Village,Labrador Park,18
Holland Village,Lakeside,27
Holland Village,Lavender,35
Holland Village,Lentor,32
Holland Village,Little India,23
Holland Village,Lorong Chuan,23
Holland Village,MacPherson,33
Holland Village,Marina Bay,35
Holland Village,Marina South Pier,37
Holland Village,Marsiling,50
Holland Village,Marymount,17
Holland Village,Mattar,39
Holland Village,Maxwell,33
Holland Village,Mayflower,29
Holland Village,Mountbatten,40
Holland Village,Napier,26
Holland Village,Newton,20
Holland Village,Nicoll Highway,36
Holland Village,Novena,29
Holland Village,Orchard,29
Holland Village,Orchard Boulevard,27
Holland Village,Outram Park,25
Holland Village,Pasir Panjang,16
Holland Village,Pasir Ris,60
Holland Village,Paya Lebar,35
Holland Village,Pioneer,32
Holland Village,Potong Pasir,35
Holland Village,Promenade,27
Holland Village,Punggol,43
Holland Village,Queenstown,18
Holland Village,Raffles Place,29
Holland Village,Redhill,20
Holland Village,Rochor,24
Holland Village,Sembawang,44
Holland Village,Sengkang,41
Holland Village,Serangoon,25
Holland Village,Shenton Way,34
Holland Village,Simei,55
Holland Village,Sixth Avenue,20
Holland Village,Somerset,31
Holland Village,Springleaf,35
Holland Village,Stadium,38
Holland Village,Stevens,18
Holland Village,Tai Seng,31
Holland Village,Tampines,49
Holland Village,Tampines East,51
Holland Village,Tampines West,47
Holland Village,Tan Kah Kee,18
Holland Village,Tanah Merah,51
Holland Village,Tanjong Pagar,27
Holland Village,Telok Ayer,33
Holland Village,Telok Blangah,20
Holland Village,Tiong Bahru,22
Holland Village,Toa Payoh,30
Holland Village,Tuas Crescent,41
Holland Village,Tuas Link,45
Holland Village,Tuas West Road,43
Holland Village,Ubi,40
Holland Village,Upper Changi,55
Holland Village,Upper Thomson,25
Holland Village,Woodlands,41
Holland Village,Woodlands North,44
Holland Village,Woodlands South,39
Holland Village,Woodleigh,34
Holland Village,Yew Tee,39
Holland Village,Yio Chu Kang,32
Holland Village,Yishun,39
Holland Village,one-north,9
Jurong East,Admiralty,33
Jurong East,Aljunied,38
Jurong East,Ang Mo Kio,47
Jurong East,Bartley,46
Jurong East,Bayfront,41
Jurong East,Beauty World,42
Jurong East,Bedok,47
Jurong East,Bedok North,55
Jurong East,Bedok Reservoir,57
Jurong East,Bencoolen,40
Jurong East,Bendemeer,44
Jurong East,Bishan,37
Jurong East,Boon Keng,41
Jurong East,Boon Lay,11
Jurong East,Botanic Gardens,27
Jurong East,Braddell,46
Jurong East,Bras Basah,44
Jurong East,Bright Hill,44
Jurong East,Buangkok,55
Jurong East,Bugis,32
Jurong East,Bukit Batok,7
Jurong East,Bukit Gombak,9
Jurong East,Bukit Panjang,27
Jurong East,Buona Vista,12
Jurong East,Caldecott,32
Jurong East,Canberra,38
Jurong East,Cashew,35
Jurong East,Changi Airport,68
Jurong East,Chinatown,31
Jurong East,Chinese Garden,6
Jurong East,Choa Chu Kang,13
Jurong East,City Hall,30
Jurong East,Clarke Quay,33
Jurong East,Clementi,7
Jurong East,Commonwealth,14
Jurong East,Dakota,51
Jurong East,Dhoby Ghaut,35
Jurong East,Dover,10
Jurong East,Downtown,39
Jurong East,Esplanade,46
Jurong East,Eunos,43
Jurong East,Expo,63
Jurong East,Farrer Park,39
Jurong East,Farrer Road,25
Jurong East,Fort Canning,39
Jurong East,Gardens by the Bay,37
Jurong East,Geylang Bahru,46
Jurong East,Great World,33
Jurong East,Gul Circle,19
Jurong East,HarbourFront,33
Jurong East,Havelock,31
Jurong East,Haw Par Villa,27
Jurong East,Hillview,36
Jurong East,Holland Village,22
Jurong East,Hougang,52
Jurong East,Jalan Besar,42
Jurong East,Joo Koon,16
Jurong East,Jurong East,0
Jurong East,Kaki Bukit,53
Jurong East,Kallang,36
Jurong East,Kembangan,45
Jurong East,Kent Ridge,24
Jurong East,Khatib,43
Jurong East,King Albert Park,40
Jurong East,Kovan,50
Jurong East,Kranji,23
Jurong East,Labrador Park,31
Jurong East,Lakeside,8
Jurong East,Lavender,34
Jurong East,Lentor,47
Jurong East,Little India,37
Jurong East,Lorong Chuan,40
Jurong East,MacPherson,49
Jurong East,Marina Bay,33
Jurong East,Marina South Pier,36
Jurong East,Marsiling,26
Jurong East,Marymount,35
Jurong East,Mattar,48
Jurong East,Maxwell,31
Jurong East,Mayflower,47
Jurong East,Mountbatten,53
Jurong East,Napier,38
Jurong East,Newton,38
Jurong East,Nicoll Highway,50
Jurong East,Novena,43
Jurong East,Orchard,35
Jurong East,Orchard Boulevard,37
Jurong East,Outram Park,23
Jurong East,Pasir Panjang,29
Jurong East,Pasir Ris,60
Jurong East,Paya Lebar,41
Jurong East,Pioneer,13
Jurong East,Potong Pasir,44
Jurong East,Promenade,41
Jurong East,Punggol,59
Jurong East,Queenstown,16
Jurong East,Raffles Place,28
Jurong East,Redhill,18
Jurong East,Rochor,41
Jurong East,Sembawang,36
Jurong East,Sengkang,57
Jurong East,Serangoon,42
Jurong East,Shenton Way,33
Jurong East,Simei,55
Jurong East,Sixth Avenue,37
Jurong East,Somerset,37
Jurong East,Springleaf,44
Jurong East,Stadium,52
Jurong East,Stevens,36
Jurong East,Tai Seng,48
Jurong East,Tampines,57
Jurong East,Tampines East,64
Jurong East,Tampines West,59
Jurong East,Tan Kah Kee,36
Jurong East,Tanah Merah,50
Jurong East,Tanjong Pagar,25
Jurong East,Telok Ayer,38
Jurong East,Telok Blangah,33
Jurong East,Tiong Bahru,20
Jurong East,Toa Payoh,45
Jurong East,Tuas Crescent,22
Jurong East,Tuas Link,26
Jurong East,Tuas West Road,24
Jurong East,Ubi,52
Jurong East,Upper Changi,67
Jurong East,Upper Thomson,42
Jurong East,Woodlands,29
Jurong East,Woodlands North,39
Jurong East,Woodlands South,39
Jurong East,Woodleigh,46
Jurong East,Yew Tee,15
Jurong East,Yio Chu Kang,48
Jurong East,Yishun,41
Jurong East,one-north,22
Kranji,Admiralty,13
Kranji,Aljunied,62
Kranji,Ang Mo Kio,31
Kranji,Bartley,50
Kranji,Bayfront,58
Kranji,Beauty World,42
Kranji,Bedok,70
Kranji,Bedok North,65
Kranji,Bedok Reservoir,67
Kranji,Bencoolen,64
Kranji,Bendemeer,65
Kranji,Bishan,34
Kranji,Boon Keng,61
Kranji,Boon Lay,35
Kranji,Botanic Gardens,49
Kranji,Braddell,36
Kranji,Bras Basah,57
Kranji,Bright Hill,32
Kranji,Buangkok,61
Kranji,Bugis,54
Kranji,Bukit Batok,19
Kranji,Bukit Gombak,17
Kranji,Bukit Panjang,28
Kranji,Buona Vista,36
Kranji,Caldecott,37
Kranji,Canberra,18
Kranji,Cashew,35
Kranji,Changi Airport,91
Kranji,Chinatown,55
Kranji,Chinese Garden,30
Kranji,Choa Chu Kang,13
Kranji,City Hall,50
Kranji,Clarke Quay,57
Kranji,Clementi,31
Kranji,Commonwealth,38
Kranji,Dakota,60
Kranji,Dhoby Ghaut,48
Kranji,Dover,34
Kranji,Downtown,60
Kranji,Esplanade,59
Kranji,Eunos,66
Kranji,Expo,78
Kranji,Farrer Park,59
Kranji,Farrer Road,49
Kranji,Fort Canning,63
Kranji,Gardens by the Bay,61
Kranji,Geylang Bahru,63
Kranji,Great World,50
Kranji,Gul Circle,43
Kranji,HarbourFront,57
Kranji,Havelock,51
Kranji,Haw Par Villa,51
Kranji,Hillview,37
Kranji,Holland Village,46
Kranji,Hougang,59
Kranji,Jalan Besar,66
Kranji,Joo Koon,40
Kranji,Jurong East,23
Kranji,Kaki Bukit,63
Kranji,Kallang,60
Kranji,Kembangan,67
Kranji,Kent Ridge,48
Kranji,Khatib,24
Kranji,King Albert Park,44
Kranji,Kovan,57
Kranji,Kranji,0
Kranji,Labrador Park,55
Kranji,Lakeside,32
Kranji,Lavender,58
Kranji,Lentor,27
Kranji,Little India,51
Kranji,Lorong Chuan,45
Kranji,MacPherson,55
Kranji,Marina Bay,54
Kranji,Marina South Pier,57
Kranji,Marsiling,6
Kranji,Marymount,45
Kranji,Mattar,61
Kranji,Maxwell,55
Kranji,Mayflower,30
Kranji,Mountbatten,62
Kranji,Napier,44
Kranji,Newton,42
Kranji,Nicoll Highway,64
Kranji,Novena,40
Kranji,Orchard,44
Kranji,Orchard Boulevard,46
Kranji,Outram Park,47
Kranji,Pasir Panjang,53
Kranji,Pasir Ris,82
Kranji,Paya Lebar,57
Kranji,Pioneer,37
Kranji,Potong Pasir,58
Kranji,Promenade,56
Kranji,Punggol,66
Kranji,Queenstown,40
Kranji,Raffles Place,52
Kranji,Redhill,42
Kranji,Rochor,53
Kranji,Sembawang,16
Kranji,Sengkang,63
Kranji,Serangoon,47
Kranji,Shenton Way,56
Kranji,Simei,78
Kranji,Sixth Avenue,46
Kranji,Somerset,46
Kranji,Springleaf,24
Kranji,Stadium,64
Kranji,Stevens,41
Kranji,Tai Seng,53
Kranji,Tampines,71
Kranji,Tampines East,74
Kranji,Tampines West,69
Kranji,Tan Kah Kee,48
Kranji,Tanah Merah,73
Kranji,Tanjong Pagar,49
Kranji,Telok Ayer,61
Kranji,Telok Blangah,57
Kranji,Tiong Bahru,44
Kranji,Toa Payoh,38
Kranji,Tuas Crescent,46
Kranji,Tuas Link,50
Kranji,Tuas West Road,48
Kranji,Ubi,62
Kranji,Upper Changi,77
Kranji,Upper Thomson,34
Kranji,Woodlands,10
Kranji,Woodlands North,20
Kranji,Woodlands South,20
Kranji,Woodleigh,56
Kranji,Yew Tee,11
Kranji,Yio Chu Kang,29
Kranji,Yishun,21
Kranji,one-north,46
Labrador Park,Admiralty,61
Labrador Park,Aljunied,40
Labrador Park,Ang Mo Kio,43
Labrador Park,Bartley,42
Labrador Park,Bayfront,30
Labrador Park,Beauty World,38
Labrador Park,Bedok,48
Labrador Park,Bedok North,44
Labrador Park,Bedok Reservoir,45
Labrador Park,Bencoolen,29
Labrador Park,Bendemeer,33
Labrador Park,Bishan,33
Labrador Park,Boon Keng,30
Labrador Park,Boon Lay,39
Labrador Park,Botanic Gardens,23
Labrador Park,Braddell,42
Labrador Park,Bras Basah,33
Labrador Park,Bright Hill,41
Labrador Park,Buangkok,43
Labrador Park,Bugis,33
Labrador Park,Bukit Batok,39
Labrador Park,Bukit Gombak,41
Labrador Park,Bukit Panjang,47
Labrador Park,Buona Vista,16
Labrador Park,Caldecott,28
Labrador Park,Canberra,55
Labrador Park,Cashew,45
Labrador Park,Changi Airport,69
Labrador Park,Chinatown,20
Labrador Park,Chinese Garden,34
Labrador Park,Choa Chu Kang,45
Labrador Park,City Hall,31
Labrador Park,Clarke Quay,22
Labrador Park,Clementi,27
Labrador Park,Commonwealth,24
Labrador Park,Dakota,45
Labrador Park,Dhoby Ghaut,24
Labrador Park,Dover,25
Labrador Park,Downtown,28
Labrador Park,Esplanade,35
Labrador Park,Eunos,44
Labrador Park,Expo,57
Labrador Park,Farrer Park,28
Labrador Park,Farrer Road,21
Labrador Park,Fort Canning,27
Labrador Park,Gardens by the Bay,32
Labrador Park,Geylang Bahru,35
Labrador Park,Great World,28
Labrador Park,Gul Circle,47
Labrador Park,HarbourFront,9
Labrador Park,Havelock,26
Labrador Park,Haw Par Villa,10
Labrador Park,Hillview,43
Labrador Park,Holland Village,18
Labrador Park,Hougang,41
Labrador Park,Jalan Besar,31
Labrador Park,Joo Koon,44
Labrador Park,Jurong East,31
Labrador Park,Kaki Bukit,42
Labrador Park,Kallang,37
Labrador Park,Kembangan,46
Labrador Park,Kent Ridge,12
Labrador Park,Khatib,50
Labrador Park,King Albert Park,36
Labrador Park,Kovan,39
Labrador Park,Kranji,55
Labrador Park,Labrador Park,0
Labrador Park,Lakeside,36
Labrador Park,Lavender,35
Labrador Park,Lentor,45
Labrador Park,Little India,26
Labrador Park,Lorong Chuan,36
Labrador Park,MacPherson,38
Labrador Park,Marina Bay,29
Labrador Park,Marina South Pier,37
Labrador Park,Marsiling,58
Labrador Park,Marymount,31
Labrador Park,Mattar,36
Labrador Park,Maxwell,26
Labrador Park,Mayflower,43
Labrador Park,Mountbatten,44
Labrador Park,Napier,33
Labrador Park,Newton,34
Labrador Park,Nicoll Highway,40
Labrador Park,Novena,39
Labrador Park,Orchard,30
Labrador Park,Orchard Boulevard,32
Labrador Park,Outram Park,18
Labrador Park,Pasir Panjang,7
Labrador Park,Pasir Ris,61
Labrador Park,Paya Lebar,42
Labrador Park,Pioneer,41
Labrador Park,Potong Pasir,32
Labrador Park,Promenade,32
Labrador Park,Punggol,48
Labrador Park,Queenstown,26
Labrador Park,Raffles Place,29
Labrador Park,Redhill,29
Labrador Park,Rochor,33
Labrador Park,Sembawang,58
Labrador Park,Sengkang,45
Labrador Park,Serangoon,36
Labrador Park,Shenton Way,28
Labrador Park,Simei,56
Labrador Park,Sixth Avenue,34
Labrador Park,Somerset,33
Labrador Park,Springleaf,48
Labrador Park,Stadium,42
Labrador Park,Stevens,32
Labrador Park,Tai Seng,44
Labrador Park,Tampines,50
Labrador Park,Tampines East,52
Labrador Park,Tampines West,48
Labrador Park,Tan Kah Kee,32
Labrador Park,Tanah Merah,51
Labrador Park,Tanjong Pagar,26
Labrador Park,Telok Ayer,26
Labrador Park,Telok Blangah,7
Labrador Park,Tiong Bahru,27
Labrador Park,Toa Payoh,41
Labrador Park,Tuas Crescent,50
Labrador Park,Tuas Link,54
Labrador Park,Tuas West Road,52
Labrador Park,Ubi,40
Labrador Park,Upper Changi,55
Labrador Park,Upper Thomson,38
Labrador Park,Woodlands,55
Labrador Park,Woodlands North,57
Labrador Park,Woodlands South,53
Labrador Park,Woodleigh,34
Labrador Park,Yew Tee,48
Labrador Park,Yio Chu Kang,45
Labrador Park,Yishun,53
Labrador Park,one-north,14
Marina Bay,Admiralty,44
Marina Bay,Aljunied,20
Marina Bay,Ang Mo Kio,26
Marina Bay,Bartley,33
Marina Bay,Bayfront,8
Marina Bay,Beauty World,33
Marina Bay,Bedok,29
Marina Bay,Bedok North,35
Marina Bay,Bedok Reservoir,37
Marina Bay,Bencoolen,20
Marina Bay,Bendemeer,24
Marina Bay,Bishan,23
Marina Bay,Boon Keng,23
Marina Bay,Boon Lay,42
Marina Bay,Botanic Gardens,25
Marina Bay,Braddell,21
Marina Bay,Bras Basah,19
Marina Bay,Bright Hill,29
Marina Bay,Buangkok,36
Marina Bay,Bugis,14
Marina Bay,Bukit Batok,41
Marina Bay,Bukit Gombak,43
Marina Bay,Bukit Panjang,42
Marina Bay,Buona Vista,24
Marina Bay,Caldecott,23
Marina Bay,Canberra,39
Marina Bay,Cashew,40
Marina Bay,Changi Airport,50
Marina Bay,Chinatown,16
Marina Bay,Chinese Garden,36
Marina Bay,Choa Chu Kang,47
Marina Bay,City Hall,7
Marina Bay,Clarke Quay,18
Marina Bay,Clementi,29
Marina Bay,Commonwealth,22
Marina Bay,Dakota,23
Marina Bay,Dhoby Ghaut,9
Marina Bay,Dover,27
Marina Bay,Downtown,14
Marina Bay,Esplanade,18
Marina Bay,Eunos,24
Marina Bay,Expo,44
Marina Bay,Farrer Park,21
Marina Bay,Farrer Road,35
Marina Bay,Fort Canning,19
Marina Bay,Gardens by the Bay,6
Marina Bay,Geylang Bahru,26
Marina Bay,Great World,11
Marina Bay,Gul Circle,49
Marina Bay,HarbourFront,18
Marina Bay,Havelock,10
Marina Bay,Haw Par Villa,34
Marina Bay,Hillview,38
Marina Bay,Holland Village,35
Marina Bay,Hougang,34
Marina Bay,Jalan Besar,22
Marina Bay,Joo Koon,46
Marina Bay,Jurong East,33
Marina Bay,Kaki Bukit,34
Marina Bay,Kallang,18
Marina Bay,Kembangan,26
Marina Bay,Kent Ridge,36
Marina Bay,Khatib,34
Marina Bay,King Albert Park,31
Marina Bay,Kovan,32
Marina Bay,Kranji,54
Marina Bay,Labrador Park,29
Marina Bay,Lakeside,38
Marina Bay,Lavender,16
Marina Bay,Lentor,34
Marina Bay,Little India,18
Marina Bay,Lorong Chuan,34
Marina Bay,MacPherson,28
Marina Bay,Marina Bay,0
Marina Bay,Marina South Pier,6
Marina Bay,Marsiling,51
Marina Bay,Marymount,34
Marina Bay,Mattar,28
Marina Bay,Maxwell,6
Marina Bay,Mayflower,32
Marina Bay,Mountbatten,22
Marina Bay,Napier,17
Marina Bay,Newton,15
Marina Bay,Nicoll Highway,18
Marina Bay,Novena,17
Marina Bay,Orchard,13
Marina Bay,Orchard Boulevard,15
Marina Bay,Outram Park,8
Marina Bay,Pasir Panjang,31
Marina Bay,Pasir Ris,42
Marina Bay,Paya Lebar,22
Marina Bay,Pioneer,43
Marina Bay,Potong Pasir,25
Marina Bay,Promenade,10
Marina Bay,Punggol,41
Marina Bay,Queenstown,20
Marina Bay,Raffles Place,5
Marina Bay,Redhill,18
Marina Bay,Rochor,17
Marina Bay,Sembawang,41
Marina Bay,Sengkang,38
Marina Bay,Serangoon,29
Marina Bay,Shenton Way,5
Marina Bay,Simei,36
Marina Bay,Sixth Avenue,29
Marina Bay,Somerset,11
Marina Bay,Springleaf,37
Marina Bay,Stadium,20
Marina Bay,Stevens,19
Marina Bay,Tai Seng,31
Marina Bay,Tampines,38
Marina Bay,Tampines East,44
Marina Bay,Tampines West,39
Marina Bay,Tan Kah Kee,27
Marina Bay,Tanah Merah,32
Marina Bay,Tanjong Pagar,11
Marina Bay,Telok Ayer,15
Marina Bay,Telok Blangah,27
Marina Bay,Tiong Bahru,16
Marina Bay,Toa Payoh,19
Marina Bay,Tuas Crescent,52
Marina Bay,Tuas Link,56
Marina Bay,Tuas West Road,54
Marina Bay,Ubi,32
Marina Bay,Upper Changi,47
Marina Bay,Upper Thomson,27
Marina Bay,Woodlands,43
Marina Bay,Woodlands North,46
Marina Bay,Woodlands South,41
Marina Bay,Woodleigh,27
Marina Bay,Yew Tee,50
Marina Bay,Yio Chu Kang,29
Marina Bay,Yishun,36
Marina Bay,one-north,35
Maxwell,Admiralty,48
Maxwell,Aljunied,27
Maxwell,Ang Mo Kio,30
Maxwell,Bartley,41
Maxwell,Bayfront,17
Maxwell,Beauty World,31
Maxwell,Bedok,36
Maxwell,Bedok North,37
Maxwell,Bedok Reservoir,39
Maxwell,Bencoolen,22
Maxwell,Bendemeer,26
Maxwell,Bishan,27
Maxwell,Boon Keng,23
Maxwell,Boon Lay,39
Maxwell,Botanic Gardens,24
Maxwell,Braddell,24
Maxwell,Bras Basah,26
Maxwell,Bright Hill,26
Maxwell,Buangkok,37
Maxwell,Bugis,20
Maxwell,Bukit Batok,39
Maxwell,Bukit Gombak,41
Maxwell,Bukit Panjang,40
Maxwell,Buona Vista,22
Maxwell,Caldecott,20
Maxwell,Canberra,42
Maxwell,Cashew,38
Maxwell,Changi Airport,56
Maxwell,Chinatown,13
Maxwell,Chinese Garden,34
Maxwell,Choa Chu Kang,45
Maxwell,City Hall,17
Maxwell,Clarke Quay,15
Maxwell,Clementi,27
Maxwell,Commonwealth,20
Maxwell,Dakota,33
Maxwell,Dhoby Ghaut,17
Maxwell,Dover,25
Maxwell,Downtown,21
Maxwell,Esplanade,27
Maxwell,Eunos,31
Maxwell,Expo,50
Maxwell,Farrer Park,21
Maxwell,Farrer Road,34
Maxwell,Fort Canning,21
Maxwell,Gardens by the Bay,9
Maxwell,Geylang Bahru,28
Maxwell,Great World,8
Maxwell,Gul Circle,47
Maxwell,HarbourFront,15
Maxwell,Havelock,7
Maxwell,Haw Par Villa,31
Maxwell,Hillview,37
Maxwell,Holland Village,33
Maxwell,Hougang,34
Maxwell,Jalan Besar,24
Maxwell,Joo Koon,44
Maxwell,Jurong East,31
Maxwell,Kaki Bukit,35
Maxwell,Kallang,24
Maxwell,Kembangan,33
Maxwell,Kent Ridge,33
Maxwell,Khatib,37
Maxwell,King Albert Park,29
Maxwell,Kovan,32
Maxwell,Kranji,55
Maxwell,Labrador Park,26
Maxwell,Lakeside,36
Maxwell,Lavender,22
Maxwell,Lentor,31
Maxwell,Little India,19
Maxwell,Lorong Chuan,37
Maxwell,MacPherson,31
Maxwell,Marina Bay,6
Maxwell,Marina South Pier,15
Maxwell,Marsiling,52
Maxwell,Marymount,31
Maxwell,Mattar,30
Maxwell,Maxwell,0
Maxwell,Mayflower,28
Maxwell,Mountbatten,31
Maxwell,Napier,14
Maxwell,Newton,18
Maxwell,Nicoll Highway,27
Maxwell,Novena,20
Maxwell,Orchard,10
Maxwell,Orchard Boulevard,12
Maxwell,Outram Park,5
Maxwell,Pasir Panjang,28
Maxwell,Pasir Ris,48
Maxwell,Paya Lebar,29
Maxwell,Pioneer,41
Maxwell,Potong Pasir,26
Maxwell,Promenade,19
Maxwell,Punggol,41
Maxwell,Queenstown,18
Maxwell,Raffles Place,14
Maxwell,Redhill,16
Maxwell,Rochor,26
Maxwell,Sembawang,45
Maxwell,Sengkang,38
Maxwell,Serangoon,30
Maxwell,Shenton Way,5
Maxwell,Simei,43
Maxwell,Sixth Avenue,27
Maxwell,Somerset,18
Maxwell,Springleaf,34
Maxwell,Stadium,29
Maxwell,Stevens,16
Maxwell,Tai Seng,40
Maxwell,Tampines,43
Maxwell,Tampines East,45
Maxwell,Tampines West,41
Maxwell,Tan Kah Kee,25
Maxwell,Tanah Merah,38
Maxwell,Tanjong Pagar,13
Maxwell,Telok Ayer,20
Maxwell,Telok Blangah,24
Maxwell,Tiong Bahru,14
Maxwell,Toa Payoh,23
Maxwell,Tuas Crescent,49
Maxwell,Tuas Link,54
Maxwell,Tuas West Road,52
Maxwell,Ubi,34
Maxwell,Upper Changi,49
Maxwell,Upper Thomson,24
Maxwell,Woodlands,40
Maxwell,Woodlands North,43
Maxwell,Woodlands South,38
Maxwell,Woodleigh,27
Maxwell,Yew Tee,47
Maxwell,Yio Chu Kang,32
Maxwell,Yishun,39
Maxwell,one-north,32
Napier,Admiralty,40
Napier,Aljunied,31
Napier,Ang Mo Kio,26
Napier,Bartley,31
Napier,Bayfront,22
Napier,Beauty World,21
Napier,Bedok,40
Napier,Bedok North,44
Napier,Bedok Reservoir,46
Napier,Bencoolen,30
Napier,Bendemeer,34
Napier,Bishan,23
Napier,Boon Keng,25
Napier,Boon Lay,47
Napier,Botanic Gardens,13
Napier,Braddell,21
Napier,Bras Basah,26
Napier,Bright Hill,16
Napier,Buangkok,39
Napier,Bugis,18
Napier,Bukit Batok,46
Napier,Bukit Gombak,48
Napier,Bukit Panjang,30
Napier,Buona Vista,28
Napier,Caldecott,10
Napier,Canberra,39
Napier,Cashew,28
Napier,Changi Airport,61
Napier,Chinatown,21
Napier,Chinese Garden,41
Napier,Choa Chu Kang,45
Napier,City Hall,18
Napier,Clarke Quay,22
Napier,Clementi,34
Napier,Commonwealth,28
Napier,Dakota,35
Napier,Dhoby Ghaut,16
Napier,Dover,32
Napier,Downtown,24
Napier,Esplanade,28
Napier,Eunos,35
Napier,Expo,55
Napier,Farrer Park,23
Napier,Farrer Road,23
Napier,Fort Canning,28
Napier,Gardens by the Bay,20
Napier,Geylang Bahru,36
Napier,Great World,9
Napier,Gul Circle,54
Napier,HarbourFront,22
Napier,Havelock,10
Napier,Haw Par Villa,34
Napier,Hillview,26
Napier,Holland Village,26
Napier,Hougang,37
Napier,Jalan Besar,31
Napier,Joo Koon,51
Napier,Jurong East,38
Napier,Kaki Bukit,43
Napier,Kallang,29
Napier,Kembangan,37
Napier,Kent Ridge,32
Napier,Khatib,34
Napier,King Albert Park,19
Napier,Kovan,34
Napier,Kranji,44
Napier,Labrador Park,33
Napier,Lakeside,43
Napier,Lavender,27
Napier,Lentor,20
Napier,Little India,15
Napier,Lorong Chuan,26
Napier,MacPherson,36
Napier,Marina Bay,17
Napier,Marina South Pier,25
Napier,Marsiling,41
Napier,Marymount,20
Napier,Mattar,37
Napier,Maxwell,14
Napier,Mayflower,18
Napier,Mountbatten,33
Napier,Napier,0
Napier,Newton,13
Napier,Nicoll Highway,29
Napier,Novena,17
Napier,Orchard,7
Napier,Orchard Boulevard,5
Napier,Outram Park,12
Napier,Pasir Panjang,36
Napier,Pasir Ris,53
Napier,Paya Lebar,33
Napier,Pioneer,48
Napier,Potong Pasir,28
Napier,Promenade,20
Napier,Punggol,43
Napier,Queenstown,26
Napier,Raffles Place,21
Napier,Redhill,23
Napier,Rochor,17
Napier,Sembawang,41
Napier,Sengkang,41
Napier,Serangoon,28
Napier,Shenton Way,16
Napier,Simei,47
Napier,Sixth Avenue,17
Napier,Somerset,15
Napier,Springleaf,23
Napier,Stadium,31
Napier,Stevens,6
Napier,Tai Seng,34
Napier,Tampines,49
Napier,Tampines East,53
Napier,Tampines West,48
Napier,Tan Kah Kee,15
Napier,Tanah Merah,43
Napier,Tanjong Pagar,21
Napier,Telok Ayer,26
Napier,Telok Blangah,31
Napier,Tiong Bahru,21
Napier,Toa Payoh,19
Napier,Tuas Crescent,57
Napier,Tuas Link,61
Napier,Tuas West Road,59
Napier,Ubi,41
Napier,Upper Changi,56
Napier,Upper Thomson,13
Napier,Woodlands,30
Napier,Woodlands North,32
Napier,Woodlands South,28
Napier,Woodleigh,30
Napier,Yew Tee,52
Napier,Yio Chu Kang,29
Napier,Yishun,36
Napier,one-north,30
Novena,Admiralty,31
Novena,Aljunied,26
Novena,Ang Mo Kio,13
Novena,Bartley,26
Novena,Bayfront,21
Novena,Beauty World,24
Novena,Bedok,34
Novena,Bedok North,40
Novena,Bedok Reservoir,42
Novena,Bencoolen,30
Novena,Bendemeer,34
Novena,Bishan,9
Novena,Boon Keng,24
Novena,Boon Lay,51
Novena,Botanic Gardens,16
Novena,Braddell,7
Novena,Bras Basah,20
Novena,Bright Hill,29
Novena,Buangkok,36
Novena,Bugis,17
Novena,Bukit Batok,51
Novena,Bukit Gombak,53
Novena,Bukit Panjang,33
Novena,Buona Vista,31
Novena,Caldecott,23
Novena,Canberra,25
Novena,Cashew,31
Novena,Changi Airport,55
Novena,Chinatown,22
Novena,Chinese Garden,46
Novena,Choa Chu Kang,49
Novena,City Hall,13
Novena,Clarke Quay,21
Novena,Clementi,39
Novena,Commonwealth,32
Novena,Dakota,33
Novena,Dhoby Ghaut,11
Novena,Dover,37
Novena,Downtown,23
Novena,Esplanade,22
Novena,Eunos,30
Novena,Expo,50
Novena,Farrer Park,22
Novena,Farrer Road,27
Novena,Fort Canning,28
Novena,Gardens by the Bay,26
Novena,Geylang Bahru,36
Novena,Great World,15
Novena,Gul Circle,59
Novena,HarbourFront,28
Novena,Havelock,17
Novena,Haw Par Villa,38
Novena,Hillview,30
Novena,Holland Village,29
Novena,Hougang,34
Novena,Jalan Besar,32
Novena,Joo Koon,56
Novena,Jurong East,43
Novena,Kaki Bukit,39
Novena,Kallang,23
Novena,Kembangan,32
Novena,Kent Ridge,36
Novena,Khatib,20
Novena,King Albert Park,22
Novena,Kovan,32
Novena,Kranji,40
Novena,Labrador Park,39
Novena,Lakeside,48
Novena,Lavender,21
Novena,Lentor,34
Novena,Little India,14
Novena,Lorong Chuan,20
Novena,MacPherson,30
Novena,Marina Bay,17
Novena,Marina South Pier,19
Novena,Marsiling,37
Novena,Marymount,20
Novena,Mattar,37
Novena,Maxwell,20
Novena,Mayflower,32
Novena,Mountbatten,31
Novena,Napier,17
Novena,Newton,5
Novena,Nicoll Highway,27
Novena,Novena,0
Novena,Orchard,7
Novena,Orchard Boulevard,15
Novena,Outram Park,18
Novena,Pasir Panjang,40
Novena,Pasir Ris,47
Novena,Paya Lebar,28
Novena,Pioneer,53
Novena,Potong Pasir,27
Novena,Promenade,19
Novena,Punggol,41
Novena,Queenstown,30
Novena,Raffles Place,15
Novena,Redhill,28
Novena,Rochor,16
Novena,Sembawang,28
Novena,Sengkang,38
Novena,Serangoon,22
Novena,Shenton Way,22
Novena,Simei,42
Novena,Sixth Avenue,20
Novena,Somerset,9
Novena,Springleaf,37
Novena,Stadium,29
Novena,Stevens,14
Novena,Tai Seng,28
Novena,Tampines,44
Novena,Tampines East,49
Novena,Tampines West,44
Novena,Tan Kah Kee,18
Novena,Tanah Merah,37
Novena,Tanjong Pagar,21
Novena,Telok Ayer,25
Novena,Telok Blangah,37
Novena,Tiong Bahru,26
Novena,Toa Payoh,5
Novena,Tuas Crescent,62
Novena,Tuas Link,66
Novena,Tuas West Road,64
Novena,Ubi,37
Novena,Upper Changi,52
Novena,Upper Thomson,27
Novena,Woodlands,33
Novena,Woodlands North,43
Novena,Woodlands South,41
Novena,Woodleigh,29
Novena,Yew Tee,48
Novena,Yio Chu Kang,15
Novena,Yishun,22
Novena,one-north,34
Orchard,Admiralty,35
Orchard,Aljunied,21
Orchard,Ang Mo Kio,17
Orchard,Bartley,30
Orchard,Bayfront,22
Orchard,Beauty World,24
Orchard,Bedok,30
Orchard,Bedok North,40
Orchard,Bedok Reservoir,42
Orchard,Bencoolen,26
Orchard,Bendemeer,30
Orchard,Bishan,14
Orchard,Boon Keng,20
Orchard,Boon Lay,43
Orchard,Botanic Gardens,16
Orchard,Braddell,11
Orchard,Bras Basah,16
Orchard,Bright Hill,19
Orchard,Buangkok,34
Orchard,Bugis,15
Orchard,Bukit Batok,42
Orchard,Bukit Gombak,44
Orchard,Bukit Panjang,33
Orchard,Buona Vista,26
Orchard,Caldecott,13
Orchard,Canberra,29
Orchard,Cashew,31
Orchard,Changi Airport,51
Orchard,Chinatown,17
Orchard,Chinese Garden,37
Orchard,Choa Chu Kang,48
Orchard,City Hall,9
Orchard,Clarke Quay,17
Orchard,Clementi,30
Orchard,Commonwealth,24
Orchard,Dakota,29
Orchard,Dhoby Ghaut,7
Orchard,Dover,28
Orchard,Downtown,23
Orchard,Esplanade,18
Orchard,Eunos,26
Orchard,Expo,46
Orchard,Farrer Park,18
Orchard,Farrer Road,26
Orchard,Fort Canning,24
Orchard,Gardens by the Bay,16
Orchard,Geylang Bahru,32
Orchard,Great World,5
Orchard,Gul Circle,50
Orchard,HarbourFront,18
Orchard,Havelock,6
Orchard,Haw Par Villa,34
Orchard,Hillview,29
Orchard,Holland Village,29
Orchard,Hougang,32
Orchard,Jalan Besar,28
Orchard,Joo Koon,48
Orchard,Jurong East,35
Orchard,Kaki Bukit,39
Orchard,Kallang,19
Orchard,Kembangan,28
Orchard,Kent Ridge,35
Orchard,Khatib,24
Orchard,King Albert Park,22
Orchard,Kovan,29
Orchard,Kranji,44
Orchard,Labrador Park,30
Orchard,Lakeside,39
Orchard,Lavender,17
Orchard,Lentor,24
Orchard,Little India,15
Orchard,Lorong Chuan,24
Orchard,MacPherson,33
Orchard,Marina Bay,13
Orchard,Marina South Pier,15
Orchard,Marsiling,41
Orchard,Marymount,24
Orchard,Mattar,33
Orchard,Maxwell,10
Orchard,Mayflower,21
Orchard,Mountbatten,27
Orchard,Napier,7
Orchard,Newton,5
Orchard,Nicoll Highway,23
Orchard,Novena,7
Orchard,Orchard,0
Orchard,Orchard Boulevard,5
Orchard,Outram Park,8
Orchard,Pasir Panjang,32
Orchard,Pasir Ris,43
Orchard,Paya Lebar,24
Orchard,Pioneer,44
Orchard,Potong Pasir,23
Orchard,Promenade,19
Orchard,Punggol,38
Orchard,Queenstown,22
Orchard,Raffles Place,11
Orchard,Redhill,20
Orchard,Rochor,16
Orchard,Sembawang,32
Orchard,Sengkang,36
Orchard,Serangoon,26
Orchard,Shenton Way,12
Orchard,Simei,38
Orchard,Sixth Avenue,20
Orchard,Somerset,5
Orchard,Springleaf,27
Orchard,Stadium,25
Orchard,Stevens,9
Orchard,Tai Seng,32
Orchard,Tampines,40
Orchard,Tampines East,49
Orchard,Tampines West,45
Orchard,Tan Kah Kee,18
Orchard,Tanah Merah,33
Orchard,Tanjong Pagar,17
Orchard,Telok Ayer,23
Orchard,Telok Blangah,28
Orchard,Tiong Bahru,17
Orchard,Toa Payoh,10
Orchard,Tuas Crescent,53
Orchard,Tuas Link,57
Orchard,Tuas West Road,55
Orchard,Ubi,37
Orchard,Upper Changi,52
Orchard,Upper Thomson,17
Orchard,Woodlands,33
Orchard,Woodlands North,36
Orchard,Woodlands South,31
Orchard,Woodleigh,25
Orchard,Yew Tee,51
Orchard,Yio Chu Kang,19
Orchard,Yishun,26
Orchard,one-north,33
Paya Lebar,Admiralty,48
Paya Lebar,Aljunied,5
Paya Lebar,Ang Mo Kio,30
Paya Lebar,Bartley,12
Paya Lebar,Bayfront,23
Paya Lebar,Beauty World,36
Paya Lebar,Bedok,10
Paya Lebar,Bedok North,17
Paya Lebar,Bedok Reservoir,19
Paya Lebar,Bencoolen,21
Paya Lebar,Bendemeer,17
Paya Lebar,Bishan,20
Paya Lebar,Boon Keng,28
Paya Lebar,Boon Lay,49
Paya Lebar,Botanic Gardens,28
Paya Lebar,Braddell,29
Paya Lebar,Bras Basah,20
Paya Lebar,Bright Hill,37
Paya Lebar,Buangkok,29
Paya Lebar,Bugis,12
Paya Lebar,Bukit Batok,48
Paya Lebar,Bukit Gombak,50
Paya Lebar,Bukit Panjang,45
Paya Lebar,Buona Vista,32
Paya Lebar,Caldecott,25
Paya Lebar,Canberra,42
Paya Lebar,Cashew,43
Paya Lebar,Changi Airport,31
Paya Lebar,Chinatown,25
Paya Lebar,Chinese Garden,43
Paya Lebar,Choa Chu Kang,55
Paya Lebar,City Hall,14
Paya Lebar,Clarke Quay,30
Paya Lebar,Clementi,36
Paya Lebar,Commonwealth,30
Paya Lebar,Dakota,7
Paya Lebar,Dhoby Ghaut,20
Paya Lebar,Dover,34
Paya Lebar,Downtown,24
Paya Lebar,Esplanade,18
Paya Lebar,Eunos,5
Paya Lebar,Expo,26
Paya Lebar,Farrer Park,30
Paya Lebar,Farrer Road,33
Paya Lebar,Fort Canning,23
Paya Lebar,Gardens by the Bay,30
Paya Lebar,Geylang Bahru,15
Paya Lebar,Great World,30
Paya Lebar,Gul Circle,56
Paya Lebar,HarbourFront,30
Paya Lebar,Havelock,29
Paya Lebar,Haw Par Villa,44
Paya Lebar,Hillview,42
Paya Lebar,Holland Village,35
Paya Lebar,Hougang,27
Paya Lebar,Jalan Besar,19
Paya Lebar,Joo Koon,54
Paya Lebar,Jurong East,41
Paya Lebar,Kaki Bukit,16
Paya Lebar,Kallang,8
Paya Lebar,Kembangan,7
Paya Lebar,Kent Ridge,42
Paya Lebar,Khatib,37
Paya Lebar,King Albert Park,34
Paya Lebar,Kovan,25
Paya Lebar,Kranji,57
Paya Lebar,Labrador Park,42
Paya Lebar,Lakeside,45
Paya Lebar,Lavender,10
Paya Lebar,Lentor,42
Paya Lebar,Little India,22
Paya Lebar,Lorong Chuan,17
Paya Lebar,MacPherson,7
Paya Lebar,Marina Bay,22
Paya Lebar,Marina South Pier,24
Paya Lebar,Marsiling,54
Paya Lebar,Marymount,23
Paya Lebar,Mattar,14
Paya Lebar,Maxwell,29
Paya Lebar,Mayflower,39
Paya Lebar,Mountbatten,9
Paya Lebar,Napier,33
Paya Lebar,Newton,24
Paya Lebar,Nicoll Highway,13
Paya Lebar,Novena,28
Paya Lebar,Orchard,24
Paya Lebar,Orchard Boulevard,32
Paya Lebar,Outram Park,21
Paya Lebar,Pasir Panjang,44
Paya Lebar,Pasir Ris,23
Paya Lebar,Paya Lebar,0
Paya Lebar,Pioneer,50
Paya Lebar,Potong Pasir,26
Paya Lebar,Promenade,15
Paya Lebar,Punggol,34
Paya Lebar,Queenstown,28
Paya Lebar,Raffles Place,16
Paya Lebar,Redhill,26
Paya Lebar,Rochor,21
Paya Lebar,Sembawang,45
Paya Lebar,Sengkang,31
Paya Lebar,Serangoon,15
Paya Lebar,Shenton Way,30
Paya Lebar,Simei,17
Paya Lebar,Sixth Avenue,32
Paya Lebar,Somerset,22
Paya Lebar,Springleaf,45
Paya Lebar,Stadium,11
Paya Lebar,Stevens,27
Paya Lebar,Tai Seng,10
Paya Lebar,Tampines,20
Paya Lebar,Tampines East,26
Paya Lebar,Tampines West,21
Paya Lebar,Tan Kah Kee,30
Paya Lebar,Tanah Merah,13
Paya Lebar,Tanjong Pagar,18
Paya Lebar,Telok Ayer,26
Paya Lebar,Telok Blangah,40
Paya Lebar,Tiong Bahru,23
Paya Lebar,Toa Payoh,30
Paya Lebar,Tuas Crescent,59
Paya Lebar,Tuas Link,63
Paya Lebar,Tuas West Road,61
Paya Lebar,Ubi,14
Paya Lebar,Upper Changi,29
Paya Lebar,Upper Thomson,35
Paya Lebar,Woodlands,50
Paya Lebar,Woodlands North,54
Paya Lebar,Woodlands South,49
Paya Lebar,Woodleigh,24
Paya Lebar,Yew Tee,57
Paya Lebar,Yio Chu Kang,32
Paya Lebar,Yishun,39
Paya Lebar,one-north,40
Promenade,Admiralty,47
Promenade,Aljunied,19
Promenade,Ang Mo Kio,29
Promenade,Bartley,23
Promenade,Bayfront,6
Promenade,Beauty World,22
Promenade,Bedok,28
Promenade,Bedok North,28
Promenade,Bedok Reservoir,30
Promenade,Bencoolen,14
Promenade,Bendemeer,18
Promenade,Bishan,25
Promenade,Boon Keng,18
Promenade,Boon Lay,50
Promenade,Botanic Gardens,14
Promenade,Braddell,23
Promenade,Bras Basah,9
Promenade,Bright Hill,28
Promenade,Buangkok,31
Promenade,Bugis,5
Promenade,Bukit Batok,49
Promenade,Bukit Gombak,51
Promenade,Bukit Panjang,31
Promenade,Buona Vista,29
Promenade,Caldecott,22
Promenade,Canberra,41
Promenade,Cashew,29
Promenade,Changi Airport,49
Promenade,Chinatown,10
Promenade,Chinese Garden,44
Promenade,Choa Chu Kang,47
Promenade,City Hall,15
Promenade,Clarke Quay,17
Promenade,Clementi,37
Promenade,Commonwealth,31
Promenade,Dakota,13
Promenade,Dhoby Ghaut,11
Promenade,Dover,35
Promenade,Downtown,7
Promenade,Esplanade,7
Promenade,Eunos,23
Promenade,Expo,41
Promenade,Farrer Park,16
Promenade,Farrer Road,25
Promenade,Fort Canning,13
Promenade,Gardens by the Bay,19
Promenade,Geylang Bahru,20
Promenade,Great World,24
Promenade,Gul Circle,57
Promenade,HarbourFront,20
Promenade,Havelock,23
Promenade,Haw Par Villa,36
Promenade,Hillview,28
Promenade,Holland Village,27
Promenade,Hougang,29
Promenade,Jalan Besar,16
Promenade,Joo Koon,54
Promenade,Jurong East,41
Promenade,Kaki Bukit,26
Promenade,Kallang,17
Promenade,Kembangan,25
Promenade,Kent Ridge,34
Promenade,Khatib,36
Promenade,King Albert Park,20
Promenade,Kovan,27
Promenade,Kranji,56
Promenade,Labrador Park,32
Promenade,Lakeside,46
Promenade,Lavender,15
Promenade,Lentor,32
Promenade,Little India,8
Promenade,Lorong Chuan,28
Promenade,MacPherson,18
Promenade,Marina Bay,10
Promenade,Marina South Pier,19
Promenade,Marsiling,53
Promenade,Marymount,29
Promenade,Mattar,22
Promenade,Maxwell,19
Promenade,Mayflower,30
Promenade,Mountbatten,11
Promenade,Napier,20
Promenade,Newton,10
Promenade,Nicoll Highway,7
Promenade,Novena,19
Promenade,Orchard,19
Promenade,Orchard Boulevard,22
Promenade,Outram Park,17
Promenade,Pasir Panjang,34
Promenade,Pasir Ris,41
Promenade,Paya Lebar,15
Promenade,Pioneer,51
Promenade,Potong Pasir,20
Promenade,Promenade,0
Promenade,Punggol,36
Promenade,Queenstown,29
Promenade,Raffles Place,17
Promenade,Redhill,26
Promenade,Rochor,7
Promenade,Sembawang,43
Promenade,Sengkang,33
Promenade,Serangoon,24
Promenade,Shenton Way,18
Promenade,Simei,35
Promenade,Sixth Avenue,18
Promenade,Somerset,19
Promenade,Springleaf,35
Promenade,Stadium,9
Promenade,Stevens,13
Promenade,Tai Seng,20
Promenade,Tampines,34
Promenade,Tampines East,36
Promenade,Tampines West,32
Promenade,Tan Kah Kee,16
Promenade,Tanah Merah,30
Promenade,Tanjong Pagar,19
Promenade,Telok Ayer,9
Promenade,Telok Blangah,30
Promenade,Tiong Bahru,24
Promenade,Toa Payoh,21
Promenade,Tuas Crescent,60
Promenade,Tuas Link,64
Promenade,Tuas West Road,62
Promenade,Ubi,25
Promenade,Upper Changi,40
Promenade,Upper Thomson,25
Promenade,Woodlands,42
Promenade,Woodlands North,44
Promenade,Woodlands South,40
Promenade,Woodleigh,22
Promenade,Yew Tee,53
Promenade,Yio Chu Kang,31
Promenade,Yishun,38
Promenade,one-north,32
Punggol,Admiralty,56
Punggol,Aljunied,42
Punggol,Ang Mo Kio,38
Punggol,Bartley,26
Punggol,Bayfront,38
Punggol,Beauty World,46
Punggol,Bedok,46
Punggol,Bedok North,41
Punggol,Bedok Reservoir,43
Punggol,Bencoolen,40
Punggol,Bendemeer,41
Punggol,Bishan,28
Punggol,Boon Keng,22
Punggol,Boon Lay,67
Punggol,Botanic Gardens,38
Punggol,Braddell,37
Punggol,Bras Basah,36
Punggol,Bright Hill,46
Punggol,Buangkok,8
Punggol,Bugis,34
Punggol,Bukit Batok,67
Punggol,Bukit Gombak,69
Punggol,Bukit Panjang,54
Punggol,Buona Vista,46
Punggol,Caldecott,34
Punggol,Canberra,50
Punggol,Cashew,52
Punggol,Changi Airport,67
Punggol,Chinatown,31
Punggol,Chinese Garden,62
Punggol,Choa Chu Kang,70
Punggol,City Hall,37
Punggol,Clarke Quay,30
Punggol,Clementi,55
Punggol,Commonwealth,48
Punggol,Dakota,36
Punggol,Dhoby Ghaut,27
Punggol,Dover,53
Punggol,Downtown,39
Punggol,Esplanade,38
Punggol,Eunos,42
Punggol,Expo,54
Punggol,Farrer Park,24
Punggol,Farrer Road,41
Punggol,Fort Canning,39
Punggol,Gardens by the Bay,47
Punggol,Geylang Bahru,39
Punggol,Great World,43
Punggol,Gul Circle,75
Punggol,HarbourFront,36
Punggol,Havelock,41
Punggol,Haw Par Villa,52
Punggol,Hillview,51
Punggol,Holland Village,43
Punggol,Hougang,10
Punggol,Jalan Besar,42
Punggol,Joo Koon,72
Punggol,Jurong East,59
Punggol,Kaki Bukit,40
Punggol,Kallang,44
Punggol,Kembangan,44
Punggol,Kent Ridge,50
Punggol,Khatib,45
Punggol,King Albert Park,44
Punggol,Kovan,12
Punggol,Kranji,66
Punggol,Labrador Park,48
Punggol,Lakeside,64
Punggol,Lavender,44
Punggol,Lentor,50
Punggol,Little India,25
Punggol,Lorong Chuan,26
Punggol,MacPherson,31
Punggol,Marina Bay,41
Punggol,Marina South Pier,43
Punggol,Marsiling,62
Punggol,Marymount,31
Punggol,Mattar,38
Punggol,Maxwell,41
Punggol,Mayflower,48
Punggol,Mountbatten,38
Punggol,Napier,43
Punggol,Newton,34
Punggol,Nicoll Highway,42
Punggol,Novena,41
Punggol,Orchard,38
Punggol,Orchard Boulevard,45
Punggol,Outram Park,33
Punggol,Pasir Panjang,50
Punggol,Pasir Ris,58
Punggol,Paya Lebar,34
Punggol,Pioneer,69
Punggol,Potong Pasir,19
Punggol,Promenade,36
Punggol,Punggol,0
Punggol,Queenstown,46
Punggol,Raffles Place,39
Punggol,Redhill,44
Punggol,Rochor,33
Punggol,Sembawang,53
Punggol,Sengkang,6
Punggol,Serangoon,15
Punggol,Shenton Way,43
Punggol,Simei,54
Punggol,Sixth Avenue,41
Punggol,Somerset,36
Punggol,Springleaf,53
Punggol,Stadium,40
Punggol,Stevens,36
Punggol,Tai Seng,29
Punggol,Tampines,48
Punggol,Tampines East,50
Punggol,Tampines West,45
Punggol,Tan Kah Kee,39
Punggol,Tanah Merah,49
Punggol,Tanjong Pagar,42
Punggol,Telok Ayer,38
Punggol,Telok Blangah,46
Punggol,Tiong Bahru,42
Punggol,Toa Payoh,39
Punggol,Tuas Crescent,78
Punggol,Tuas Link,82
Punggol,Tuas West Road,80
Punggol,Ubi,38
Punggol,Upper Changi,53
Punggol,Upper Thomson,43
Punggol,Woodlands,59
Punggol,Woodlands North,62
Punggol,Woodlands South,58
Punggol,Woodleigh,17
Punggol,Yew Tee,73
Punggol,Yio Chu Kang,40
Punggol,Yishun,48
Punggol,one-north,48
Raffles Place,Admiralty,42
Raffles Place,Aljunied,14
Raffles Place,Ang Mo Kio,24
Raffles Place,Bartley,31
Raffles Place,Bayfront,16
Raffles Place,Beauty World,32
Raffles Place,Bedok,23
Raffles Place,Bedok North,36
Raffles Place,Bedok Reservoir,38
Raffles Place,Bencoolen,25
Raffles Place,Bendemeer,29
Raffles Place,Bishan,21
Raffles Place,Boon Keng,21
Raffles Place,Boon Lay,36
Raffles Place,Botanic Gardens,24
Raffles Place,Braddell,19
Raffles Place,Bras Basah,17
Raffles Place,Bright Hill,33
Raffles Place,Buangkok,34
Raffles Place,Bugis,8
Raffles Place,Bukit Batok,35
Raffles Place,Bukit Gombak,37
Raffles Place,Bukit Panjang,41
Raffles Place,Buona Vista,19
Raffles Place,Caldecott,27
Raffles Place,Canberra,37
Raffles Place,Cashew,39
Raffles Place,Changi Airport,44
Raffles Place,Chinatown,16
Raffles Place,Chinese Garden,30
Raffles Place,Choa Chu Kang,42
Raffles Place,City Hall,5
Raffles Place,Clarke Quay,17
Raffles Place,Clementi,23
Raffles Place,Commonwealth,17
Raffles Place,Dakota,26
Raffles Place,Dhoby Ghaut,7
Raffles Place,Dover,21
Raffles Place,Downtown,21
Raffles Place,Esplanade,19
Raffles Place,Eunos,18
Raffles Place,Expo,39
Raffles Place,Farrer Park,19
Raffles Place,Farrer Road,32
Raffles Place,Fort Canning,23
Raffles Place,Gardens by the Bay,14
Raffles Place,Geylang Bahru,31
Raffles Place,Great World,17
Raffles Place,Gul Circle,43
Raffles Place,HarbourFront,17
Raffles Place,Havelock,16
Raffles Place,Haw Par Villa,33
Raffles Place,Hillview,38
Raffles Place,Holland Village,29
Raffles Place,Hougang,32
Raffles Place,Jalan Besar,27
Raffles Place,Joo Koon,40
Raffles Place,Jurong East,28
Raffles Place,Kaki Bukit,35
Raffles Place,Kallang,12
Raffles Place,Kembangan,20
Raffles Place,Kent Ridge,31
Raffles Place,Khatib,32
Raffles Place,King Albert Park,30
Raffles Place,Kovan,30
Raffles Place,Kranji,52
Raffles Place,Labrador Park,29
Raffles Place,Lakeside,32
Raffles Place,Lavender,10
Raffles Place,Lentor,38
Raffles Place,Little India,17
Raffles Place,Lorong Chuan,32
Raffles Place,MacPherson,26
Raffles Place,Marina Bay,5
Raffles Place,Marina South Pier,8
Raffles Place,Marsiling,49
Raffles Place,Marymount,32
Raffles Place,Mattar,32
Raffles Place,Maxwell,14
Raffles Place,Mayflower,35
Raffles Place,Mountbatten,28
Raffles Place,Napier,21
Raffles Place,Newton,13
Raffles Place,Nicoll Highway,24
Raffles Place,Novena,15
Raffles Place,Orchard,11
Raffles Place,Orchard Boulevard,19
Raffles Place,Outram Park,8
Raffles Place,Pasir Panjang,31
Raffles Place,Pasir Ris,36
Raffles Place,Paya Lebar,16
Raffles Place,Pioneer,37
Raffles Place,Potong Pasir,23
Raffles Place,Promenade,17
Raffles Place,Punggol,39
Raffles Place,Queenstown,15
Raffles Place,Raffles Place,0
Raffles Place,Redhill,12
Raffles Place,Rochor,17
Raffles Place,Sembawang,39
Raffles Place,Sengkang,36
Raffles Place,Serangoon,27
Raffles Place,Shenton Way,13
Raffles Place,Simei,30
Raffles Place,Sixth Avenue,28
Raffles Place,Somerset,9
Raffles Place,Springleaf,41
Raffles Place,Stadium,26
Raffles Place,Stevens,22
Raffles Place,Tai Seng,29
Raffles Place,Tampines,33
Raffles Place,Tampines East,43
Raffles Place,Tampines West,40
Raffles Place,Tan Kah Kee,26
Raffles Place,Tanah Merah,26
Raffles Place,Tanjong Pagar,5
Raffles Place,Telok Ayer,22
Raffles Place,Telok Blangah,27
Raffles Place,Tiong Bahru,10
Raffles Place,Toa Payoh,17
Raffles Place,Tuas Crescent,46
Raffles Place,Tuas Link,50
Raffles Place,Tuas West Road,48
Raffles Place,Ubi,33
Raffles Place,Upper Changi,46
Raffles Place,Upper Thomson,31
Raffles Place,Woodlands,45
Raffles Place,Woodlands North,50
Raffles Place,Woodlands South,45
Raffles Place,Woodleigh,25
Raffles Place,Yew Tee,44
Raffles Place,Yio Chu Kang,27
Raffles Place,Yishun,34
Raffles Place,one-north,29
Serangoon,Admiralty,37
Serangoon,Aljunied,23
Serangoon,Ang Mo Kio,19
Serangoon,Bartley,8
Serangoon,Bayfront,26
Serangoon,Beauty World,34
Serangoon,Bedok,28
Serangoon,Bedok North,23
Serangoon,Bedok Reservoir,24
Serangoon,Bencoolen,27
Serangoon,Bendemeer,23
Serangoon,Bishan,10
Serangoon,Boon Keng,10
Serangoon,Boon Lay,50
Serangoon,Botanic Gardens,19
Serangoon,Braddell,18
Serangoon,Bras Basah,25
Serangoon,Bright Hill,27
Serangoon,Buangkok,10
Serangoon,Bugis,23
Serangoon,Bukit Batok,50
Serangoon,Bukit Gombak,52
Serangoon,Bukit Panjang,43
Serangoon,Buona Vista,27
Serangoon,Caldecott,15
Serangoon,Canberra,32
Serangoon,Cashew,41
Serangoon,Changi Airport,49
Serangoon,Chinatown,20
Serangoon,Chinese Garden,45
Serangoon,Choa Chu Kang,56
Serangoon,City Hall,25
Serangoon,Clarke Quay,18
Serangoon,Clementi,38
Serangoon,Commonwealth,35
Serangoon,Dakota,18
Serangoon,Dhoby Ghaut,16
Serangoon,Dover,36
Serangoon,Downtown,28
Serangoon,Esplanade,27
Serangoon,Eunos,23
Serangoon,Expo,36
Serangoon,Farrer Park,12
Serangoon,Farrer Road,22
Serangoon,Fort Canning,27
Serangoon,Gardens by the Bay,35
Serangoon,Geylang Bahru,21
Serangoon,Great World,31
Serangoon,Gul Circle,58
Serangoon,HarbourFront,25
Serangoon,Havelock,30
Serangoon,Haw Par Villa,34
Serangoon,Hillview,39
Serangoon,Holland Village,25
Serangoon,Hougang,8
Serangoon,Jalan Besar,25
Serangoon,Joo Koon,55
Serangoon,Jurong East,42
Serangoon,Kaki Bukit,21
Serangoon,Kallang,25
Serangoon,Kembangan,25
Serangoon,Kent Ridge,31
Serangoon,Khatib,27
Serangoon,King Albert Park,32
Serangoon,Kovan,6
Serangoon,Kranji,47
Serangoon,Labrador Park,36
Serangoon,Lakeside,47
Serangoon,Lavender,27
Serangoon,Lentor,32
Serangoon,Little India,14
Serangoon,Lorong Chuan,7
Serangoon,MacPherson,12
Serangoon,Marina Bay,29
Serangoon,Marina South Pier,32
Serangoon,Marsiling,44
Serangoon,Marymount,13
Serangoon,Mattar,19
Serangoon,Maxwell,30
Serangoon,Mayflower,29
Serangoon,Mountbatten,20
Serangoon,Napier,28
Serangoon,Newton,22
Serangoon,Nicoll Highway,24
Serangoon,Novena,22
Serangoon,Orchard,26
Serangoon,Orchard Boulevard,30
Serangoon,Outram Park,22
Serangoon,Pasir Panjang,36
Serangoon,Pasir Ris,40
Serangoon,Paya Lebar,15
Serangoon,Pioneer,52
Serangoon,Potong Pasir,8
Serangoon,Promenade,24
Serangoon,Punggol,15
Serangoon,Queenstown,35
Serangoon,Raffles Place,27
Serangoon,Redhill,32
Serangoon,Rochor,21
Serangoon,Sembawang,34
Serangoon,Sengkang,12
Serangoon,Serangoon,0
Serangoon,Shenton Way,31
Serangoon,Simei,35
Serangoon,Sixth Avenue,30
Serangoon,Somerset,25
Serangoon,Springleaf,34
Serangoon,Stadium,21
Serangoon,Stevens,24
Serangoon,Tai Seng,10
Serangoon,Tampines,29
Serangoon,Tampines East,31
Serangoon,Tampines West,27
Serangoon,Tan Kah Kee,28
Serangoon,Tanah Merah,30
Serangoon,Tanjong Pagar,30
Serangoon,Telok Ayer,26
Serangoon,Telok Blangah,34
Serangoon,Tiong Bahru,30
Serangoon,Toa Payoh,20
Serangoon,Tuas Crescent,60
Serangoon,Tuas Link,65
Serangoon,Tuas West Road,63
Serangoon,Ubi,19
Serangoon,Upper Changi,34
Serangoon,Upper Thomson,25
Serangoon,Woodlands,40
Serangoon,Woodlands North,44
Serangoon,Woodlands South,39
Serangoon,Woodleigh,6
Serangoon,Yew Tee,55
Serangoon,Yio Chu Kang,22
Serangoon,Yishun,29
Serangoon,one-north,29
Shenton Way,Admiralty,49
Shenton Way,Aljunied,28
Shenton Way,Ang Mo Kio,31
Shenton Way,Bartley,41
Shenton Way,Bayfront,16
Shenton Way,Beauty World,33
Shenton Way,Bedok,36
Shenton Way,Bedok North,38
Shenton Way,Bedok Reservoir,40
Shenton Way,Bencoolen,24
Shenton Way,Bendemeer,28
Shenton Way,Bishan,28
Shenton Way,Boon Keng,25
Shenton Way,Boon Lay,41
Shenton Way,Botanic Gardens,25
Shenton Way,Braddell,26
Shenton Way,Bras Basah,26
Shenton Way,Bright Hill,28
Shenton Way,Buangkok,38
Shenton Way,Bugis,21
Shenton Way,Bukit Batok,40
Shenton Way,Bukit Gombak,42
Shenton Way,Bukit Panjang,42
Shenton Way,Buona Vista,24
Shenton Way,Caldecott,22
Shenton Way,Canberra,44
Shenton Way,Cashew,40
Shenton Way,Changi Airport,57
Shenton Way,Chinatown,15
Shenton Way,Chinese Garden,35
Shenton Way,Choa Chu Kang,47
Shenton Way,City Hall,15
Shenton Way,Clarke Quay,16
Shenton Way,Clementi,29
Shenton Way,Commonwealth,22
Shenton Way,Dakota,31
Shenton Way,Dhoby Ghaut,17
Shenton Way,Dover,26
Shenton Way,Downtown,21
Shenton Way,Esplanade,25
Shenton Way,Eunos,32
Shenton Way,Expo,52
Shenton Way,Farrer Park,23
Shenton Way,Farrer Road,35
Shenton Way,Fort Canning,22
Shenton Way,Gardens by the Bay,7
Shenton Way,Geylang Bahru,30
Shenton Way,Great World,10
Shenton Way,Gul Circle,49
Shenton Way,HarbourFront,16
Shenton Way,Havelock,8
Shenton Way,Haw Par Villa,32
Shenton Way,Hillview,38
Shenton Way,Holland Village,34
Shenton Way,Hougang,36
Shenton Way,Jalan Besar,26
Shenton Way,Joo Koon,46
Shenton Way,Jurong East,33
Shenton Way,Kaki Bukit,37
Shenton Way,Kallang,25
Shenton Way,Kembangan,34
Shenton Way,Kent Ridge,35
Shenton Way,Khatib,39
Shenton Way,King Albert Park,31
Shenton Way,Kovan,34
Shenton Way,Kranji,56
Shenton Way,Labrador Park,28
Shenton Way,Lakeside,37
Shenton Way,Lavender,23
Shenton Way,Lentor,33
Shenton Way,Little India,21
Shenton Way,Lorong Chuan,38
Shenton Way,MacPherson,33
Shenton Way,Marina Bay,5
Shenton Way,Marina South Pier,13
Shenton Way,Marsiling,53
Shenton Way,Marymount,33
Shenton Way,Mattar,32
Shenton Way,Maxwell,5
Shenton Way,Mayflower,30
Shenton Way,Mountbatten,29
Shenton Way,Napier,16
Shenton Way,Newton,20
Shenton Way,Nicoll Highway,25
Shenton Way,Novena,22
Shenton Way,Orchard,12
Shenton Way,Orchard Boulevard,14
Shenton Way,Outram Park,6
Shenton Way,Pasir Panjang,30
Shenton Way,Pasir Ris,49
Shenton Way,Paya Lebar,30
Shenton Way,Pioneer,42
Shenton Way,Potong Pasir,27
Shenton Way,Promenade,18
Shenton Way,Punggol,43
Shenton Way,Queenstown,20
Shenton Way,Raffles Place,13
Shenton Way,Redhill,18
Shenton Way,Rochor,25
Shenton Way,Sembawang,46
Shenton Way,Sengkang,40
Shenton Way,Serangoon,31
Shenton Way,Shenton Way,0
Shenton Way,Simei,44
Shenton Way,Sixth Avenue,29
Shenton Way,Somerset,19
Shenton Way,Springleaf,35
Shenton Way,Stadium,27
Shenton Way,Stevens,18
Shenton Way,Tai Seng,38
Shenton Way,Tampines,45
Shenton Way,Tampines East,47
Shenton Way,Tampines West,43
Shenton Way,Tan Kah Kee,27
Shenton Way,Tanah Merah,39
Shenton Way,Tanjong Pagar,15
Shenton Way,Telok Ayer,21
Shenton Way,Telok Blangah,26
Shenton Way,Tiong Bahru,16
Shenton Way,Toa Payoh,24
Shenton Way,Tuas Crescent,51
Shenton Way,Tuas Link,55
Shenton Way,Tuas West Road,53
Shenton Way,Ubi,35
Shenton Way,Upper Changi,50
Shenton Way,Upper Thomson,26
Shenton Way,Woodlands,42
Shenton Way,Woodlands North,45
Shenton Way,Woodlands South,40
Shenton Way,Woodleigh,29
Shenton Way,Yew Tee,49
Shenton Way,Yio Chu Kang,34
Shenton Way,Yishun,41
Shenton Way,one-north,34
Stadium,Admiralty,54
Stadium,Aljunied,19
Stadium,Ang Mo Kio,36
Stadium,Bartley,19
Stadium,Bayfront,17
Stadium,Beauty World,33
Stadium,Bedok,24
Stadium,Bedok North,24
Stadium,Bedok Reservoir,26
Stadium,Bencoolen,25
Stadium,Bendemeer,24
Stadium,Bishan,26
Stadium,Boon Keng,27
Stadium,Boon Lay,61
Stadium,Botanic Gardens,25
Stadium,Braddell,33
Stadium,Bras Basah,14
Stadium,Bright Hill,39
Stadium,Buangkok,36
Stadium,Bugis,16
Stadium,Bukit Batok,60
Stadium,Bukit Gombak,62
Stadium,Bukit Panjang,42
Stadium,Buona Vista,40
Stadium,Caldecott,32
Stadium,Canberra,49
Stadium,Cashew,40
Stadium,Changi Airport,45
Stadium,Chinatown,21
Stadium,Chinese Garden,55
Stadium,Choa Chu Kang,58
Stadium,City Hall,24
Stadium,Clarke Quay,24
Stadium,Clementi,48
Stadium,Commonwealth,42
Stadium,Dakota,9
Stadium,Dhoby Ghaut,16
Stadium,Dover,46
Stadium,Downtown,18
Stadium,Esplanade,12
Stadium,Eunos,19
Stadium,Expo,37
Stadium,Farrer Park,25
Stadium,Farrer Road,36
Stadium,Fort Canning,24
Stadium,Gardens by the Bay,28
Stadium,Geylang Bahru,22
Stadium,Great World,33
Stadium,Gul Circle,68
Stadium,HarbourFront,30
Stadium,Havelock,33
Stadium,Haw Par Villa,46
Stadium,Hillview,39
Stadium,Holland Village,38
Stadium,Hougang,33
Stadium,Jalan Besar,26
Stadium,Joo Koon,65
Stadium,Jurong East,52
Stadium,Kaki Bukit,22
Stadium,Kallang,22
Stadium,Kembangan,21
Stadium,Kent Ridge,45
Stadium,Khatib,44
Stadium,King Albert Park,31
Stadium,Kovan,31
Stadium,Kranji,64
Stadium,Labrador Park,42
Stadium,Lakeside,57
Stadium,Lavender,24
Stadium,Lentor,43
Stadium,Little India,19
Stadium,Lorong Chuan,24
Stadium,MacPherson,14
Stadium,Marina Bay,20
Stadium,Marina South Pier,29
Stadium,Marsiling,61
Stadium,Marymount,30
Stadium,Mattar,20
Stadium,Maxwell,29
Stadium,Mayflower,41
Stadium,Mountbatten,7
Stadium,Napier,31
Stadium,Newton,21
Stadium,Nicoll Highway,7
Stadium,Novena,29
Stadium,Orchard,25
Stadium,Orchard Boulevard,33
Stadium,Outram Park,27
Stadium,Pasir Panjang,44
Stadium,Pasir Ris,37
Stadium,Paya Lebar,11
Stadium,Pioneer,62
Stadium,Potong Pasir,30
Stadium,Promenade,9
Stadium,Punggol,40
Stadium,Queenstown,40
Stadium,Raffles Place,26
Stadium,Redhill,37
Stadium,Rochor,18
Stadium,Sembawang,51
Stadium,Sengkang,38
Stadium,Serangoon,21
Stadium,Shenton Way,27
Stadium,Simei,31
Stadium,Sixth Avenue,29
Stadium,Somerset,23
Stadium,Springleaf,46
Stadium,Stadium,0
Stadium,Stevens,24
Stadium,Tai Seng,16
Stadium,Tampines,30
Stadium,Tampines East,32
Stadium,Tampines West,28
Stadium,Tan Kah Kee,27
Stadium,Tanah Merah,27
Stadium,Tanjong Pagar,30
Stadium,Telok Ayer,20
Stadium,Telok Blangah,40
Stadium,Tiong Bahru,35
Stadium,Toa Payoh,32
Stadium,Tuas Crescent,71
Stadium,Tuas Link,75
Stadium,Tuas West Road,73
Stadium,Ubi,20
Stadium,Upper Changi,35
Stadium,Upper Thomson,36
Stadium,Woodlands,53
Stadium,Woodlands North,55
Stadium,Woodlands South,51
Stadium,Woodleigh,31
Stadium,Yew Tee,64
Stadium,Yio Chu Kang,38
Stadium,Yishun,46
Stadium,one-north,43
Tampines,Admiralty,62
Tampines,Aljunied,22
Tampines,Ang Mo Kio,44
Tampines,Bartley,26
Tampines,Bayfront,33
Tampines,Beauty World,53
Tampines,Bedok,13
Tampines,Bedok North,10
Tampines,Bedok Reservoir,8
Tampines,Bencoolen,24
Tampines,Bendemeer,20
Tampines,Bishan,34
Tampines,Boon Keng,42
Tampines,Boon Lay,65
Tampines,Botanic Gardens,44
Tampines,Braddell,42
Tampines,Bras Basah,39
Tampines,Bright Hill,51
Tampines,Buangkok,43
Tampines,Bugis,28
Tampines,Bukit Batok,65
Tampines,Bukit Gombak,67
Tampines,Bukit Panjang,62
Tampines,Buona Vista,48
Tampines,Caldecott,39
Tampines,Canberra,56
Tampines,Cashew,60
Tampines,Changi Airport,27
Tampines,Chinatown,28
Tampines,Chinese Garden,59
Tampines,Choa Chu Kang,71
Tampines,City Hall,30
Tampines,Clarke Quay,35
Tampines,Clementi,53
Tampines,Commonwealth,46
Tampines,Dakota,26
Tampines,Dhoby Ghaut,36
Tampines,Dover,50
Tampines,Downtown,31
Tampines,Esplanade,37
Tampines,Eunos,18
Tampines,Expo,10
Tampines,Farrer Park,41
Tampines,Farrer Road,46
Tampines,Fort Canning,26
Tampines,Gardens by the Bay,47
Tampines,Geylang Bahru,18
Tampines,Great World,45
Tampines,Gul Circle,73
Tampines,HarbourFront,38
Tampines,Havelock,44
Tampines,Haw Par Villa,54
Tampines,Hillview,58
Tampines,Holland Village,49
Tampines,Hougang,41
Tampines,Jalan Besar,23
Tampines,Joo Koon,70
Tampines,Jurong East,57
Tampines,Kaki Bukit,11
Tampines,Kallang,24
Tampines,Kembangan,16
Tampines,Kent Ridge,55
Tampines,Khatib,51
Tampines,King Albert Park,51
Tampines,Kovan,38
Tampines,Kranji,71
Tampines,Labrador Park,50
Tampines,Lakeside,62
Tampines,Lavender,26
Tampines,Lentor,56
Tampines,Little India,38
Tampines,Lorong Chuan,31
Tampines,MacPherson,15
Tampines,Marina Bay,38
Tampines,Marina South Pier,41
Tampines,Marsiling,68
Tampines,Marymount,37
Tampines,Mattar,17
Tampines,Maxwell,43
Tampines,Mayflower,53
Tampines,Mountbatten,28
Tampines,Napier,49
Tampines,Newton,41
Tampines,Nicoll Highway,32
Tampines,Novena,44
Tampines,Orchard,40
Tampines,Orchard Boulevard,48
Tampines,Outram Park,35
Tampines,Pasir Panjang,52
Tampines,Pasir Ris,6
Tampines,Paya Lebar,20
Tampines,Pioneer,67
Tampines,Potong Pasir,40
Tampines,Promenade,34
Tampines,Punggol,48
Tampines,Queenstown,44
Tampines,Raffles Place,33
Tampines,Redhill,42
Tampines,Rochor,37
Tampines,Sembawang,58
Tampines,Sengkang,45
Tampines,Serangoon,29
Tampines,Shenton Way,45
Tampines,Simei,6
Tampines,Sixth Avenue,49
Tampines,Somerset,38
Tampines,Springleaf,59
Tampines,Stadium,30
Tampines,Stevens,43
Tampines,Tai Seng,23
Tampines,Tampines,0
Tampines,Tampines East,5
Tampines,Tampines West,6
Tampines,Tan Kah Kee,47
Tampines,Tanah Merah,10
Tampines,Tanjong Pagar,35
Tampines,Telok Ayer,30
Tampines,Telok Blangah,48
Tampines,Tiong Bahru,40
Tampines,Toa Payoh,44
Tampines,Tuas Crescent,75
Tampines,Tuas Link,80
Tampines,Tuas West Road,77
Tampines,Ubi,13
Tampines,Upper Changi,8
Tampines,Upper Thomson,49
Tampines,Woodlands,64
Tampines,Woodlands North,68
Tampines,Woodlands South,63
Tampines,Woodleigh,38
Tampines,Yew Tee,73
Tampines,Yio Chu Kang,46
Tampines,Yishun,53
Tampines,one-north,54
Tanjong Pagar,Admiralty,49
Tanjong Pagar,Aljunied,16
Tanjong Pagar,Ang Mo Kio,31
Tanjong Pagar,Bartley,34
Tanjong Pagar,Bayfront,22
Tanjong Pagar,Beauty World,35
Tanjong Pagar,Bedok,25
Tanjong Pagar,Bedok North,37
Tanjong Pagar,Bedok Reservoir,39
Tanjong Pagar,Bencoolen,23
Tanjong Pagar,Bendemeer,27
Tanjong Pagar,Bishan,27
Tanjong Pagar,Boon Keng,24
Tanjong Pagar,Boon Lay,34
Tanjong Pagar,Botanic Gardens,27
Tanjong Pagar,Braddell,25
Tanjong Pagar,Bras Basah,23
Tanjong Pagar,Bright Hill,33
Tanjong Pagar,Buangkok,37
Tanjong Pagar,Bugis,10
Tanjong Pagar,Bukit Batok,33
Tanjong Pagar,Bukit Gombak,35
Tanjong Pagar,Bukit Panjang,44
Tanjong Pagar,Buona Vista,16
Tanjong Pagar,Caldecott,27
Tanjong Pagar,Canberra,43
Tanjong Pagar,Cashew,42
Tanjong Pagar,Changi Airport,46
Tanjong Pagar,Chinatown,14
Tanjong Pagar,Chinese Garden,28
Tanjong Pagar,Choa Chu Kang,39
Tanjong Pagar,City Hall,8
Tanjong Pagar,Clarke Quay,15
Tanjong Pagar,Clementi,21
Tanjong Pagar,Commonwealth,14
Tanjong Pagar,Dakota,29
Tanjong Pagar,Dhoby Ghaut,13
Tanjong Pagar,Dover,19
Tanjong Pagar,Downtown,22
Tanjong Pagar,Esplanade,25
Tanjong Pagar,Eunos,21
Tanjong Pagar,Expo,41
Tanjong Pagar,Farrer Park,21
Tanjong Pagar,Farrer Road,30
Tanjong Pagar,Fort Canning,21
Tanjong Pagar,Gardens by the Bay,19
Tanjong Pagar,Geylang Bahru,29
Tanjong Pagar,Great World,15
Tanjong Pagar,Gul Circle,41
Tanjong Pagar,HarbourFront,15
Tanjong Pagar,Havelock,14
Tanjong Pagar,Haw Par Villa,31
Tanjong Pagar,Hillview,40
Tanjong Pagar,Holland Village,27
Tanjong Pagar,Hougang,35
Tanjong Pagar,Jalan Besar,24
Tanjong Pagar,Joo Koon,38
Tanjong Pagar,Jurong East,25
Tanjong Pagar,Kaki Bukit,36
Tanjong Pagar,Kallang,14
Tanjong Pagar,Kembangan,22
Tanjong Pagar,Kent Ridge,29
Tanjong Pagar,Khatib,38
Tanjong Pagar,King Albert Park,33
Tanjong Pagar,Kovan,32
Tanjong Pagar,Kranji,49
Tanjong Pagar,Labrador Park,26
Tanjong Pagar,Lakeside,30
Tanjong Pagar,Lavender,12
Tanjong Pagar,Lentor,38
Tanjong Pagar,Little India,20
Tanjong Pagar,Lorong Chuan,38
Tanjong Pagar,MacPherson,28
Tanjong Pagar,Marina Bay,11
Tanjong Pagar,Marina South Pier,14
Tanjong Pagar,Marsiling,53
Tanjong Pagar,Marymount,38
Tanjong Pagar,Mattar,30
Tanjong Pagar,Maxwell,13
Tanjong Pagar,Mayflower,35
Tanjong Pagar,Mountbatten,31
Tanjong Pagar,Napier,21
Tanjong Pagar,Newton,19
Tanjong Pagar,Nicoll Highway,28
Tanjong Pagar,Novena,21
Tanjong Pagar,Orchard,17
Tanjong Pagar,Orchard Boulevard,19
Tanjong Pagar,Outram Park,5
Tanjong Pagar,Pasir Panjang,29
Tanjong Pagar,Pasir Ris,38
Tanjong Pagar,Paya Lebar,18
Tanjong Pagar,Pioneer,35
Tanjong Pagar,Potong Pasir,26
Tanjong Pagar,Promenade,19
Tanjong Pagar,Punggol,42
Tanjong Pagar,Queenstown,12
Tanjong Pagar,Raffles Place,5
Tanjong Pagar,Redhill,10
Tanjong Pagar,Rochor,19
Tanjong Pagar,Sembawang,45
Tanjong Pagar,Sengkang,39
Tanjong Pagar,Serangoon,30
Tanjong Pagar,Shenton Way,15
Tanjong Pagar,Simei,33
Tanjong Pagar,Sixth Avenue,31
Tanjong Pagar,Somerset,15
Tanjong Pagar,Springleaf,41
Tanjong Pagar,Stadium,30
Tanjong Pagar,Stevens,23
Tanjong Pagar,Tai Seng,31
Tanjong Pagar,Tampines,35
Tanjong Pagar,Tampines East,45
Tanjong Pagar,Tampines West,42
Tanjong Pagar,Tan Kah Kee,29
Tanjong Pagar,Tanah Merah,28
Tanjong Pagar,Tanjong Pagar,0
Tanjong Pagar,Telok Ayer,20
Tanjong Pagar,Telok Blangah,24
Tanjong Pagar,Tiong Bahru,8
Tanjong Pagar,Toa Payoh,23
Tanjong Pagar,Tuas Crescent,44
Tanjong Pagar,Tuas Link,48
Tanjong Pagar,Tuas West Road,46
Tanjong Pagar,Ubi,34
Tanjong Pagar,Upper Changi,48
Tanjong Pagar,Upper Thomson,31
Tanjong Pagar,Woodlands,47
Tanjong Pagar,Woodlands North,50
Tanjong Pagar,Woodlands South,45
Tanjong Pagar,Woodleigh,28
Tanjong Pagar,Yew Tee,42
Tanjong Pagar,Yio Chu Kang,33
Tanjong Pagar,Yishun,40
Tanjong Pagar,one-north,27
Upper Thomson,Admiralty,30
Upper Thomson,Aljunied,37
Upper Thomson,Ang Mo Kio,29
Upper Thomson,Bartley,28
Upper Thomson,Bayfront,27
Upper Thomson,Beauty World,26
Upper Thomson,Bedok,46
Upper Thomson,Bedok North,43
Upper Thomson,Bedok Reservoir,45
Upper Thomson,Bencoolen,36
Upper Thomson,Bendemeer,40
Upper Thomson,Bishan,20
Upper Thomson,Boon Keng,30
Upper Thomson,Boon Lay,50
Upper Thomson,Botanic Gardens,18
Upper Thomson,Braddell,28
Upper Thomson,Bras Basah,36
Upper Thomson,Bright Hill,6
Upper Thomson,Buangkok,39
Upper Thomson,Bugis,23
Upper Thomson,Bukit Batok,50
Upper Thomson,Bukit Gombak,48
Upper Thomson,Bukit Panjang,35
Upper Thomson,Buona Vista,27
Upper Thomson,Caldecott,6
Upper Thomson,Canberra,36
Upper Thomson,Cashew,33
Upper Thomson,Changi Airport,67
Upper Thomson,Chinatown,31
Upper Thomson,Chinese Garden,45
Upper Thomson,Choa Chu Kang,44
Upper Thomson,City Hall,29
Upper Thomson,Clarke Quay,31
Upper Thomson,Clementi,38
Upper Thomson,Commonwealth,35
Upper Thomson,Dakota,38
Upper Thomson,Dhoby Ghaut,27
Upper Thomson,Dover,36
Upper Thomson,Downtown,29
Upper Thomson,Esplanade,34
Upper Thomson,Eunos,41
Upper Thomson,Expo,56
Upper Thomson,Farrer Park,28
Upper Thomson,Farrer Road,22
Upper Thomson,Fort Canning,35
Upper Thomson,Gardens by the Bay,30
Upper Thomson,Geylang Bahru,41
Upper Thomson,Great World,19
Upper Thomson,Gul Circle,58
Upper Thomson,HarbourFront,32
Upper Thomson,Havelock,20
Upper Thomson,Haw Par Villa,34
Upper Thomson,Hillview,31
Upper Thomson,Holland Village,25
Upper Thomson,Hougang,37
Upper Thomson,Jalan Besar,38
Upper Thomson,Joo Koon,55
Upper Thomson,Jurong East,42
Upper Thomson,Kaki Bukit,41
Upper Thomson,Kallang,35
Upper Thomson,Kembangan,43
Upper Thomson,Kent Ridge,31
Upper Thomson,Khatib,37
Upper Thomson,King Albert Park,24
Upper Thomson,Kovan,34
Upper Thomson,Kranji,34
Upper Thomson,Labrador Park,38
Upper Thomson,Lakeside,47
Upper Thomson,Lavender,33
Upper Thomson,Lentor,10
Upper Thomson,Little India,21
Upper Thomson,Lorong Chuan,23
Upper Thomson,MacPherson,32
Upper Thomson,Marina Bay,27
Upper Thomson,Marina South Pier,35
Upper Thomson,Marsiling,31
Upper Thomson,Marymount,17
Upper Thomson,Mattar,39
Upper Thomson,Maxwell,24
Upper Thomson,Mayflower,8
Upper Thomson,Mountbatten,38
Upper Thomson,Napier,13
Upper Thomson,Newton,18
Upper Thomson,Nicoll Highway,34
Upper Thomson,Novena,27
Upper Thomson,Orchard,17
Upper Thomson,Orchard Boulevard,15
Upper Thomson,Outram Park,22
Upper Thomson,Pasir Panjang,36
Upper Thomson,Pasir Ris,59
Upper Thomson,Paya Lebar,35
Upper Thomson,Pioneer,52
Upper Thomson,Potong Pasir,33
Upper Thomson,Promenade,25
Upper Thomson,Punggol,43
Upper Thomson,Queenstown,36
Upper Thomson,Raffles Place,31
Upper Thomson,Redhill,33
Upper Thomson,Rochor,22
Upper Thomson,Sembawang,33
Upper Thomson,Sengkang,41
Upper Thomson,Serangoon,25
Upper Thomson,Shenton Way,26
Upper Thomson,Simei,53
Upper Thomson,Sixth Avenue,22
Upper Thomson,Somerset,25
Upper Thomson,Springleaf,13
Upper Thomson,Stadium,36
Upper Thomson,Stevens,11
Upper Thomson,Tai Seng,30
Upper Thomson,Tampines,49
Upper Thomson,Tampines East,51
Upper Thomson,Tampines West,47
Upper Thomson,Tan Kah Kee,20
Upper Thomson,Tanah Merah,49
Upper Thomson,Tanjong Pagar,31
Upper Thomson,Telok Ayer,31
Upper Thomson,Telok Blangah,40
Upper Thomson,Tiong Bahru,31
Upper Thomson,Toa Payoh,29
Upper Thomson,Tuas Crescent,60
Upper Thomson,Tuas Link,65
Upper Thomson,Tuas West Road,63
Upper Thomson,Ubi,39
Upper Thomson,Upper Changi,54
Upper Thomson,Upper Thomson,0
Upper Thomson,Woodlands,20
Upper Thomson,Woodlands North,22
Upper Thomson,Woodlands South,18
Upper Thomson,Woodleigh,34
Upper Thomson,Yew Tee,42
Upper Thomson,Yio Chu Kang,32
Upper Thomson,Yishun,39
Upper Thomson,one-north,29
Woodlands,Admiralty,6
Woodlands,Aljunied,54
Woodlands,Ang Mo Kio,24
Woodlands,Bartley,43
Woodlands,Bayfront,44
Woodlands,Beauty World,42
Woodlands,Bedok,63
Woodlands,Bedok North,58
Woodlands,Bedok Reservoir,60
Woodlands,Bencoolen,53
Woodlands,Bendemeer,57
Woodlands,Bishan,27
Woodlands,Boon Keng,47
Woodlands,Boon Lay,42
Woodlands,Botanic Gardens,34
Woodlands,Braddell,29
Woodlands,Bras Basah,50
Woodlands,Bright Hill,17
Woodlands,Buangkok,54
Woodlands,Bugis,40
Woodlands,Bukit Batok,26
Woodlands,Bukit Gombak,24
Woodlands,Bukit Panjang,34
Woodlands,Buona Vista,42
Woodlands,Caldecott,23
Woodlands,Canberra,12
Woodlands,Cashew,42
Woodlands,Changi Airport,84
Woodlands,Chinatown,47
Woodlands,Chinese Garden,36
Woodlands,Choa Chu Kang,20
Woodlands,City Hall,43
Woodlands,Clarke Quay,47
Woodlands,Clementi,38
Woodlands,Commonwealth,45
Woodlands,Dakota,53
Woodlands,Dhoby Ghaut,41
Woodlands,Dover,40
Woodlands,Downtown,46
Woodlands,Esplanade,51
Woodlands,Eunos,58
Woodlands,Expo,71
Woodlands,Farrer Park,45
Woodlands,Farrer Road,39
Woodlands,Fort Canning,51
Woodlands,Gardens by the Bay,46
Woodlands,Geylang Bahru,56
Woodlands,Great World,35
Woodlands,Gul Circle,50
Woodlands,HarbourFront,49
Woodlands,Havelock,37
Woodlands,Haw Par Villa,50
Woodlands,Hillview,43
Woodlands,Holland Village,41
Woodlands,Hougang,52
Woodlands,Jalan Besar,54
Woodlands,Joo Koon,47
Woodlands,Jurong East,29
Woodlands,Kaki Bukit,56
Woodlands,Kallang,51
Woodlands,Kembangan,60
Woodlands,Kent Ridge,47
Woodlands,Khatib,17
Woodlands,King Albert Park,40
Woodlands,Kovan,50
Woodlands,Kranji,10
Woodlands,Labrador Park,55
Woodlands,Lakeside,38
Woodlands,Lavender,49
Woodlands,Lentor,13
Woodlands,Little India,37
Woodlands,Lorong Chuan,38
Woodlands,MacPherson,48
Woodlands,Marina Bay,43
Woodlands,Marina South Pier,50
Woodlands,Marsiling,6
Woodlands,Marymount,33
Woodlands,Mattar,54
Woodlands,Maxwell,40
Woodlands,Mayflower,15
Woodlands,Mountbatten,54
Woodlands,Napier,30
Woodlands,Newton,35
Woodlands,Nicoll Highway,50
Woodlands,Novena,33
Woodlands,Orchard,33
Woodlands,Orchard Boulevard,31
Woodlands,Outram Park,39
Woodlands,Pasir Panjang,52
Woodlands,Pasir Ris,75
Woodlands,Paya Lebar,50
Woodlands,Pioneer,43
Woodlands,Potong Pasir,49
Woodlands,Promenade,42
Woodlands,Punggol,59
Woodlands,Queenstown,47
Woodlands,Raffles Place,45
Woodlands,Redhill,49
Woodlands,Rochor,38
Woodlands,Sembawang,9
Woodlands,Sengkang,56
Woodlands,Serangoon,40
Woodlands,Shenton Way,42
Woodlands,Simei,70
Woodlands,Sixth Avenue,38
Woodlands,Somerset,39
Woodlands,Springleaf,10
Woodlands,Stadium,53
Woodlands,Stevens,27
Woodlands,Tai Seng,46
Woodlands,Tampines,64
Woodlands,Tampines East,67
Woodlands,Tampines West,62
Woodlands,Tan Kah Kee,36
Woodlands,Tanah Merah,65
Woodlands,Tanjong Pagar,47
Woodlands,Telok Ayer,47
Woodlands,Telok Blangah,57
Woodlands,Tiong Bahru,48
Woodlands,Toa Payoh,31
Woodlands,Tuas Crescent,52
Woodlands,Tuas Link,56
Woodlands,Tuas West Road,54
Woodlands,Ubi,55
Woodlands,Upper Changi,70
Woodlands,Upper Thomson,20
Woodlands,Woodlands,0
Woodlands,Woodlands North,5
Woodlands,Woodlands South,5
Woodlands,Woodleigh,49
Woodlands,Yew Tee,18
Woodlands,Yio Chu Kang,22
Woodlands,Yishun,14
Woodlands,one-north,46
one-north,Admiralty,52
one-north,Aljunied,40
one-north,Ang Mo Kio,34
one-north,Bartley,32
one-north,Bayfront,34
one-north,Beauty World,29
one-north,Bedok,49
one-north,Bedok North,47
one-north,Bedok Reservoir,49
one-north,Bencoolen,38
one-north,Bendemeer,42
one-north,Bishan,24
one-north,Boon Keng,37
one-north,Boon Lay,30
one-north,Botanic Gardens,14
one-north,Braddell,33
one-north,Bras Basah,42
one-north,Bright Hill,32
one-north,Buangkok,43
one-north,Bugis,30
one-north,Bukit Batok,30
one-north,Bukit Gombak,32
one-north,Bukit Panjang,38
one-north,Buona Vista,7
one-north,Caldecott,19
one-north,Canberra,46
one-north,Cashew,36
one-north,Changi Airport,70
one-north,Chinatown,29
one-north,Chinese Garden,25
one-north,Choa Chu Kang,36
one-north,City Hall,31
one-north,Clarke Quay,31
one-north,Clementi,18
one-north,Commonwealth,15
one-north,Dakota,42
one-north,Dhoby Ghaut,33
one-north,Dover,16
one-north,Downtown,36
one-north,Esplanade,41
one-north,Eunos,44
one-north,Expo,60
one-north,Farrer Park,35
one-north,Farrer Road,12
one-north,Fort Canning,36
one-north,Gardens by the Bay,38
one-north,Geylang Bahru,44
one-north,Great World,34
one-north,Gul Circle,38
one-north,HarbourFront,18
one-north,Havelock,33
one-north,Haw Par Villa,9
one-north,Hillview,34
one-north,Holland Village,9
one-north,Hougang,41
one-north,Jalan Besar,40
one-north,Joo Koon,35
one-north,Jurong East,22
one-north,Kaki Bukit,46
one-north,Kallang,38
one-north,Kembangan,46
one-north,Kent Ridge,7
one-north,Khatib,41
one-north,King Albert Park,27
one-north,Kovan,39
one-north,Kranji,46
one-north,Labrador Park,14
one-north,Lakeside,27
one-north,Lavender,36
one-north,Lentor,36
one-north,Little India,27
one-north,Lorong Chuan,27
one-north,MacPherson,37
one-north,Marina Bay,35
one-north,Marina South Pier,37
one-north,Marsiling,49
one-north,Marymount,22
one-north,Mattar,44
one-north,Maxwell,32
one-north,Mayflower,34
one-north,Mountbatten,44
one-north,Napier,30
one-north,Newton,25
one-north,Nicoll Highway,40
one-north,Novena,34
one-north,Orchard,33
one-north,Orchard Boulevard,32
one-north,Outram Park,24
one-north,Pasir Panjang,12
one-north,Pasir Ris,62
one-north,Paya Lebar,40
one-north,Pioneer,32
one-north,Potong Pasir,39
one-north,Promenade,32
one-north,Punggol,48
one-north,Queenstown,17
one-north,Raffles Place,29
one-north,Redhill,20
one-north,Rochor,28
one-north,Sembawang,49
one-north,Sengkang,45
one-north,Serangoon,29
one-north,Shenton Way,34
one-north,Simei,56
one-north,Sixth Avenue,24
one-north,Somerset,36
one-north,Springleaf,39
one-north,Stadium,43
one-north,Stevens,23
one-north,Tai Seng,35
one-north,Tampines,54
one-north,Tampines East,56
one-north,Tampines West,51
one-north,Tan Kah Kee,22
one-north,Tanah Merah,51
one-north,Tanjong Pagar,27
one-north,Telok Ayer,35
one-north,Telok Blangah,16
one-north,Tiong Bahru,22
one-north,Toa Payoh,35
one-north,Tuas Crescent,40
one-north,Tuas Link,45
one-north,Tuas West Road,43
one-north,Ubi,44
one-north,Upper Changi,59
one-north,Upper Thomson,29
one-north,Woodlands,46
one-north,Woodlands North,48
one-north,Woodlands South,43
one-north,Woodleigh,38
one-north,Yew Tee,38
one-north,Yio Chu Kang,36
one-north,Yishun,44
one-north,one-north,0

Admiralty,Admiralty,0
Admiralty,Aljunied,53
Admiralty,Ang Mo Kio,21
Admiralty,Bartley,41
Admiralty,Bayfront,49
Admiralty,Beauty World,52
Admiralty,Bedok,61
Admiralty,Bedok North,55
Admiralty,Bedok Reservoir,57
Admiralty,Bencoolen,58
Admiralty,Bendemeer,55
Admiralty,Bishan,24
Admiralty,Boon Keng,51
Admiralty,Boon Lay,45
Admiralty,Botanic Gardens,42
Admiralty,Braddell,27
Admiralty,Bras Basah,48
Admiralty,Bright Hill,28
Admiralty,Buangkok,51
Admiralty,Bugis,45
Admiralty,Bukit Batok,29
Admiralty,Bukit Gombak,27
Admiralty,Bukit Panjang,37
Admiralty,Buona Vista,46
Admiralty,Caldecott,33
Admiralty,Canberra,9
Admiralty,Cashew,45
Admiralty,Chinatown,50
Admiralty,Chinese Garden,39
Admiralty,Choa Chu Kang,23
Admiralty,City Hall,40
Admiralty,Clarke Quay,48
Admiralty,Clementi,41
Admiralty,Commonwealth,48
Admiralty,Dakota,50
Admiralty,Dhoby Ghaut,38
Admiralty,Dover,43
Admiralty,Downtown,51
Admiralty,Esplanade,50
Admiralty,Eunos,56
Admiralty,Expo,68
Admiralty,Farrer Park,50
Admiralty,Farrer Road,45
Admiralty,Fort Canning,56
Admiralty,Gardens by the Bay,53
Admiralty,Geylang Bahru,53
Admiralty,Great World,43
Admiralty,Gul Circle,53
Admiralty,HarbourFront,55
Admiralty,Havelock,44
Admiralty,Haw Par Villa,56
Admiralty,Hillview,46
Admiralty,Holland Village,48
Admiralty,Hougang,49
Admiralty,Jalan Besar,58
Admiralty,Joo Koon,50
Admiralty,Jurong East,33
Admiralty,Kaki Bukit,54
Admiralty,Kallang,51
Admiralty,Kembangan,58
Admiralty,Kent Ridge,54
Admiralty,Khatib,14
Admiralty,King Albert Park,50
Admiralty,Kovan,47
Admiralty,Kranji,13
Admiralty,Labrador Park,61
Admiralty,Lakeside,42
Admiralty,Lavender,49
Admiralty,Lentor,23
Admiralty,Little India,42
Admiralty,Lorong Chuan,35
Admiralty,MacPherson,45
Admiralty,Marina Bay,44
Admiralty,Marina South Pier,47
Admiralty,Marsiling,10
Admiralty,Marymount,35
Admiralty,Mattar,52
Admiralty,Maxwell,48
Admiralty,Mayflower,26
Admiralty,Mountbatten,52
Admiralty,Napier,40
Admiralty,Newton,33
Admiralty,Nicoll Highway,54
Admiralty,Novena,31
Admiralty,Orchard,35
Admiralty,Orchard Boulevard,42
Admiralty,Outram Park,46
Admiralty,Pasir Panjang,59
Admiralty,Pasir Ris,73
Admiralty,Paya Lebar,48
Admiralty,Pioneer,47
Admiralty,Potong Pasir,48
Admiralty,Promenade,47
Admiralty,Punggol,56
Admiralty,Queenstown,50
Admiralty,Raffles Place,42
Admiralty,Redhill,52
Admiralty,Rochor,43
Admiralty,Sembawang,6
Admiralty,Sengkang,53
Admiralty,Serangoon,37
Admiralty,Shenton Way,49
Admiralty,Simei,68
Admiralty,Sixth Avenue,48
Admiralty,Somerset,37
Admiralty,Springleaf,20
Admiralty,Stadium,54
Admiralty,Stevens,38
Admiralty,Tai Seng,43
Admiralty,Tampines,62
Admiralty,Tampines East,64
Admiralty,Tampines West,60
Admiralty,Tan Kah Kee,46
Admiralty,Tanah Merah,63
Admiralty,Tanjong Pagar,49
Admiralty,Telok Ayer,52
Admiralty,Telok Blangah,63
Admiralty,Tiong Bahru,54
Admiralty,Toa Payoh,28
Admiralty,Tuas Crescent,55
Admiralty,Tuas Link,59
Admiralty,Tuas West Road,57
Admiralty,Ubi,52
Admiralty,Upper Changi,67
Admiralty,Upper Thomson,30
Admiralty,Woodlands,6
Admiralty,Woodlands North,16
Admiralty,Woodlands South,16
Admiralty,Woodleigh,46
Admiralty,Yew Tee,21
Admiralty,Yio Chu Kang,19
Admiralty,Yishun,12
Admiralty,one-north,52
Aljunied,Aljunied,0
Aljunied,Ang Mo Kio,35
Aljunied,Bartley,20
Aljunied,Bedok,12
Aljunied,Bedok North,25
Aljunied,Bedok Reservoir,27
Aljunied,Bencoolen,29
Aljunied,Bendemeer,25
Aljunied,Boon Keng,30
Aljunied,Boon Lay,47
Aljunied,Braddell,30
Aljunied,Bras Basah,27
Aljunied,Bright Hill,40
Aljunied,Buangkok,37
Aljunied,Bukit Batok,46
Aljunied,Bukit Gombak,48
Aljunied,Bukit Panjang,43
Aljunied,Buona Vista,30
Aljunied,Caldecott,34
Aljunied,Canberra,47
Aljunied,Cashew,41
Aljunied,Chinatown,26
Aljunied,Choa Chu Kang,52
Aljunied,Clarke Quay,28
Aljunied,Clementi,34
Aljunied,Commonwealth,28
Aljunied,Dakota,16
Aljunied,Dhoby Ghaut,18
Aljunied,Dover,32
Aljunied,Esplanade,26
Aljunied,Eunos,7
Aljunied,Farrer Park,28
Aljunied,Farrer Road,37
Aljunied,Fort Canning,28
Aljunied,Geylang Bahru,24
Aljunied,Great World,28
Aljunied,Gul Circle,54
Aljunied,Havelock,27
Aljunied,Haw Par Villa,44
Aljunied,Hillview,40
Aljunied,Hougang,35
Aljunied,Jalan Besar,28
Aljunied,Joo Koon,52
Aljunied,Kaki Bukit,24
Aljunied,Kallang,6
Aljunied,Kembangan,9
Aljunied,Kent Ridge,42
Aljunied,Khatib,42
Aljunied,King Albert Park,32
Aljunied,Kovan,33
Aljunied,Lakeside,43
Aljunied,Lavender,8
Aljunied,Lentor,44
Aljunied,Little India,20
Aljunied,Lorong Chuan,26
Aljunied,MacPherson,15
Aljunied,Marina South Pier,22
Aljunied,Marsiling,59
Aljunied,Marymount,31
Aljunied,Mattar,22
Aljunied,Mayflower,42
Aljunied,Mountbatten,17
Aljunied,Newton,22
Aljunied,Nicoll Highway,22
Aljunied,Orchard Boulevard,29
Aljunied,Outram Park,19
Aljunied,Pasir Panjang,42
Aljunied,Pasir Ris,25
Aljunied,Pioneer,48
Aljunied,Potong Pasir,32
Aljunied,Queenstown,26
Aljunied,Redhill,23
Aljunied,Rochor,19
Aljunied,Sembawang,50
Aljunied,Sengkang,39
Aljunied,Simei,19
Aljunied,Sixth Avenue,30
Aljunied,Somerset,20
Aljunied,Springleaf,47
Aljunied,Stevens,25
Aljunied,Tai Seng,18
Aljunied,Tampines East,32
Aljunied,Tampines West,30
Aljunied,Tan Kah Kee,28
Aljunied,Tanah Merah,15
Aljunied,Telok Ayer,24
Aljunied,Telok Blangah,38
Aljunied,Tiong Bahru,21
Aljunied,Toa Payoh,28
Aljunied,Tuas Crescent,57
Aljunied,Tuas Link,61
Aljunied,Tuas West Road,59
Aljunied,Ubi,22
Aljunied,Upper Changi,35
Aljunied,Woodlands North,56
Aljunied,Woodlands South,52
Aljunied,Woodleigh,32
Aljunied,Yew Tee,55
Aljunied,Yio Chu Kang,37
Aljunied,Yishun,45
Ang Mo Kio,Bartley,23
Ang Mo Kio,Bedok,43
Ang Mo Kio,Bedok North,37
Ang Mo Kio,Bedok Reservoir,39
Ang Mo Kio,Bencoolen,39
Ang Mo Kio,Bendemeer,37
Ang Mo Kio,Boon Keng,33
Ang Mo Kio,Boon Lay,55
Ang Mo Kio,Braddell,9
Ang Mo Kio,Bras Basah,30
Ang Mo Kio,Bright Hill,32
Ang Mo Kio,Buangkok,33
Ang Mo Kio,Bukit Batok,47
Ang Mo Kio,Bukit Gombak,45
Ang Mo Kio,Bukit Panjang,43
Ang Mo Kio,Buona Vista,32
Ang Mo Kio,Caldecott,20
Ang Mo Kio,Canberra,16
Ang Mo Kio,Cashew,41
Ang Mo Kio,Chinatown,32
Ang Mo Kio,Choa Chu Kang,41
Ang Mo Kio,Clarke Quay,30
Ang Mo Kio,Clementi,43
Ang Mo Kio,Commonwealth,40
Ang Mo Kio,Dakota,32
Ang Mo Kio,Dhoby Ghaut,20
Ang Mo Kio,Dover,40
Ang Mo Kio,Esplanade,32
Ang Mo Kio,Eunos,38
Ang Mo Kio,Farrer Park,32
Ang Mo Kio,Farrer Road,27
Ang Mo Kio,Fort Canning,38
Ang Mo Kio,Geylang Bahru,35
Ang Mo Kio,Great World,25
Ang Mo Kio,Gul Circle,63
Ang Mo Kio,Havelock,26
Ang Mo Kio,Haw Par Villa,38
Ang Mo Kio,Hillview,39
Ang Mo Kio,Hougang,31
Ang Mo Kio,Jalan Besar,40
Ang Mo Kio,Joo Koon,60
Ang Mo Kio,Kaki Bukit,36
Ang Mo Kio,Kallang,33
Ang Mo Kio,Kembangan,40
Ang Mo Kio,Kent Ridge,36
Ang Mo Kio,Khatib,11
Ang Mo Kio,King Albert Park,32
Ang Mo Kio,Kovan,29
Ang Mo Kio,Lakeside,52
Ang Mo Kio,Lavender,31
Ang Mo Kio,Lentor,36
Ang Mo Kio,Little India,24
Ang Mo Kio,Lorong Chuan,17
Ang Mo Kio,MacPherson,27
Ang Mo Kio,Marina South Pier,29
Ang Mo Kio,Marsiling,28
Ang Mo Kio,Marymount,17
Ang Mo Kio,Mattar,34
Ang Mo Kio,Mayflower,34
Ang Mo Kio,Mountbatten,34
Ang Mo Kio,Newton,15
Ang Mo Kio,Nicoll Highway,36
Ang Mo Kio,Orchard Boulevard,25
Ang Mo Kio,Outram Park,28
Ang Mo Kio,Pasir Panjang,41
Ang Mo Kio,Pasir Ris,55
Ang Mo Kio,Pioneer,57
Ang Mo Kio,Potong Pasir,30
Ang Mo Kio,Queenstown,40
Ang Mo Kio,Redhill,38
Ang Mo Kio,Rochor,25
Ang Mo Kio,Sembawang,18
Ang Mo Kio,Sengkang,35
Ang Mo Kio,Simei,50
Ang Mo Kio,Sixth Avenue,29
Ang Mo Kio,Somerset,19
Ang Mo Kio,Springleaf,38
Ang Mo Kio,Stevens,24
Ang Mo Kio,Tai Seng,25
Ang Mo Kio,Tampines East,46
Ang Mo Kio,Tampines West,41
Ang Mo Kio,Tan Kah Kee,28
Ang Mo Kio,Tanah Merah,45
Ang Mo Kio,Telok Ayer,34
Ang Mo Kio,Telok Blangah,45
Ang Mo Kio,Tiong Bahru,35
Ang Mo Kio,Toa Payoh,10
Ang Mo Kio,Tuas Crescent,65
Ang Mo Kio,Tuas Link,69
Ang Mo Kio,Tuas West Road,67
Ang Mo Kio,Ubi,34
Ang Mo Kio,Upper Changi,49
Ang Mo Kio,Woodlands North,34
Ang Mo Kio,Woodlands South,34
Ang Mo Kio,Woodleigh,28
Ang Mo Kio,Yew Tee,39
Ang Mo Kio,Yio Chu Kang,6
Ang Mo Kio,Yishun,13
Bartley,Bartley,0
Bartley,Bedok,25
Bartley,Bedok North,20
Bartley,Bedok Reservoir,22
Bartley,Bencoolen,24
Bartley,Bendemeer,20
Bartley,Boon Keng,21
Bartley,Boon Lay,54
Bartley,Braddell,22
Bartley,Bras Basah,28
Bartley,Bright Hill,30
Bartley,Buangkok,22
Bartley,Bukit Batok,53
Bartley,Bukit Gombak,55
Bartley,Bukit Panjang,46
Bartley,Buona Vista,30
Bartley,Caldecott,18
Bartley,Canberra,35
Bartley,Cashew,44
Bartley,Chinatown,28
Bartley,Choa Chu Kang,60
Bartley,Clarke Quay,30
Bartley,Clementi,41
Bartley,Commonwealth,39
Bartley,Dakota,15
Bartley,Dhoby Ghaut,27
Bartley,Dover,39
Bartley,Esplanade,26
Bartley,Eunos,20
Bartley,Farrer Park,24
Bartley,Farrer Road,26
Bartley,Fort Canning,25
Bartley,Geylang Bahru,18
Bartley,Great World,37
Bartley,Gul Circle,61
Bartley,Havelock,38
Bartley,Haw Par Villa,37
Bartley,Hillview,42
Bartley,Hougang,20
Bartley,Jalan Besar,22
Bartley,Joo Koon,58
Bartley,Kaki Bukit,18
Bartley,Kallang,23
Bartley,Kembangan,22
Bartley,Kent Ridge,34
Bartley,Khatib,30
Bartley,King Albert Park,35
Bartley,Kovan,18
Bartley,Lakeside,50
Bartley,Lavender,25
Bartley,Lentor,35
Bartley,Little India,25
Bartley,Lorong Chuan,10
Bartley,MacPherson,10
Bartley,Marina South Pier,39
Bartley,Marsiling,47
Bartley,Marymount,16
Bartley,Mattar,16
Bartley,Mayflower,32
Bartley,Mountbatten,17
Bartley,Newton,28
Bartley,Nicoll Highway,21
Bartley,Orchard Boulevard,33
Bartley,Outram Park,33
Bartley,Pasir Panjang,39
Bartley,Pasir Ris,37
Bartley,Pioneer,55
Bartley,Potong Pasir,19
Bartley,Queenstown,41
Bartley,Redhill,40
Bartley,Rochor,31
Bartley,Sembawang,37
Bartley,Sengkang,24
Bartley,Simei,32
Bartley,Sixth Avenue,33
Bartley,Somerset,32
Bartley,Springleaf,38
Bartley,Stevens,29
Bartley,Tai Seng,8
Bartley,Tampines East,28
Bartley,Tampines West,24
Bartley,Tan Kah Kee,31
Bartley,Tanah Merah,28
Bartley,Telok Ayer,29
Bartley,Telok Blangah,44
Bartley,Tiong Bahru,38
Bartley,Toa Payoh,23
Bartley,Tuas Crescent,64
Bartley,Tuas Link,68
Bartley,Tuas West Road,66
Bartley,Ubi,16
Bartley,Upper Changi,32
Bartley,Woodlands North,47
Bartley,Woodlands South,42
Bartley,Woodleigh,17
Bartley,Yew Tee,58
Bartley,Yio Chu Kang,25
Bartley,Yishun,32
Bedok,Bedok,0
Bedok,Bedok North,28
Bedok,Bedok Reservoir,26
Bedok,Bencoolen,34
Bedok,Bendemeer,30
Bedok,Boon Keng,39
Bedok,Boon Lay,56
Bedok,Braddell,38
Bedok,Bras Basah,33
Bedok,Bright Hill,49
Bedok,Buangkok,42
Bedok,Bukit Batok,55
Bedok,Bukit Gombak,57
Bedok,Bukit Panjang,52
Bedok,Buona Vista,39
Bedok,Caldecott,38
Bedok,Canberra,55
Bedok,Cashew,50
Bedok,Chinatown,35
Bedok,Choa Chu Kang,61
Bedok,Clarke Quay,37
Bedok,Clementi,43
Bedok,Commonwealth,37
Bedok,Dakota,20
Bedok,Dhoby Ghaut,27
Bedok,Dover,41
Bedok,Esplanade,31
Bedok,Eunos,8
Bedok,Farrer Park,37
Bedok,Farrer Road,46
Bedok,Fort Canning,36
Bedok,Geylang Bahru,28
Bedok,Great World,37
Bedok,Gul Circle,63
Bedok,Havelock,36
Bedok,Haw Par Villa,53
Bedok,Hillview,49
Bedok,Hougang,40
Bedok,Jalan Besar,32
Bedok,Joo Koon,60
Bedok,Kaki Bukit,28
Bedok,Kallang,14
Bedok,Kembangan,6
Bedok,Kent Ridge,51
Bedok,Khatib,50
Bedok,King Albert Park,41
Bedok,Kovan,38
Bedok,Lakeside,52
Bedok,Lavender,16
Bedok,Lentor,53
Bedok,Little India,29
Bedok,Lorong Chuan,30
Bedok,MacPherson,20
Bedok,Marina South Pier,31
Bedok,Marsiling,67
Bedok,Marymount,36
Bedok,Mattar,26
Bedok,Mayflower,51
Bedok,Mountbatten,22
Bedok,Newton,31
Bedok,Nicoll Highway,26
Bedok,Orchard Boulevard,38
Bedok,Outram Park,28
Bedok,Pasir Panjang,51
Bedok,Pasir Ris,16
Bedok,Pioneer,57
Bedok,Potong Pasir,39
Bedok,Queenstown,35
Bedok,Redhill,32
Bedok,Rochor,28
Bedok,Sembawang,57
Bedok,Sengkang,44
Bedok,Simei,10
Bedok,Sixth Avenue,39
Bedok,Somerset,28
Bedok,Springleaf,56
Bedok,Stevens,34
Bedok,Tai Seng,22
Bedok,Tampines East,23
Bedok,Tampines West,23
Bedok,Tan Kah Kee,37
Bedok,Tanah Merah,6
Bedok,Telok Ayer,33
Bedok,Telok Blangah,47
Bedok,Tiong Bahru,30
Bedok,Toa Payoh,37
Bedok,Tuas Crescent,66
Bedok,Tuas Link,70
Bedok,Tuas West Road,68
Bedok,Ubi,27
Bedok,Upper Changi,26
Bedok,Woodlands North,65
Bedok,Woodlands South,60
Bedok,Woodleigh,37
Bedok,Yew Tee,64
Bedok,Yio Chu Kang,45
Bedok,Yishun,52
Bedok North,Bedok North,0
Bedok North,Bedok Reservoir,5
Bedok North,Bencoolen,18
Bedok North,Bendemeer,14
Bedok North,Boon Keng,36
Bedok North,Boon Lay,63
Bedok North,Braddell,36
Bedok North,Bras Basah,33
Bedok North,Bright Hill,45
Bedok North,Buangkok,37
Bedok North,Bukit Batok,63
Bedok North,Bukit Gombak,65
Bedok North,Bukit Panjang,57
Bedok North,Buona Vista,45
Bedok North,Caldecott,33
Bedok North,Canberra,50
Bedok North,Cashew,55
Bedok North,Chinatown,22
Bedok North,Choa Chu Kang,69
Bedok North,Clarke Quay,29
Bedok North,Clementi,51
Bedok North,Commonwealth,44
Bedok North,Dakota,20
Bedok North,Dhoby Ghaut,31
Bedok North,Dover,48
Bedok North,Esplanade,31
Bedok North,Eunos,25
Bedok North,Farrer Park,35
Bedok North,Farrer Road,40
Bedok North,Fort Canning,20
Bedok North,Geylang Bahru,12
Bedok North,Great World,39
Bedok North,Gul Circle,71
Bedok North,Havelock,37
Bedok North,Haw Par Villa,48
Bedok North,Hillview,53
Bedok North,Hougang,35
Bedok North,Jalan Besar,16
Bedok North,Joo Koon,68
Bedok North,Kaki Bukit,5
Bedok North,Kallang,28
Bedok North,Kembangan,27
Bedok North,Kent Ridge,49
Bedok North,Khatib,45
Bedok North,King Albert Park,46
Bedok North,Kovan,32
Bedok North,Lakeside,60
Bedok North,Lavender,30
Bedok North,Lentor,50
Bedok North,Little India,33
Bedok North,Lorong Chuan,25
Bedok North,MacPherson,9
Bedok North,Marina South Pier,44
Bedok North,Marsiling,62
Bedok North,Marymount,31
Bedok North,Mattar,10
Bedok North,Mayflower,47
Bedok North,Mountbatten,22
Bedok North,Newton,36
Bedok North,Nicoll Highway,26
Bedok North,Orchard Boulevard,43
Bedok North,Outram Park,29
Bedok North,Pasir Panjang,46
Bedok North,Pasir Ris,21
Bedok North,Pioneer,65
Bedok North,Potong Pasir,34
Bedok North,Queenstown,42
Bedok North,Redhill,40
Bedok North,Rochor,32
Bedok North,Sembawang,52
Bedok North,Sengkang,39
Bedok North,Simei,20
Bedok North,Sixth Avenue,44
Bedok North,Somerset,40
Bedok North,Springleaf,53
Bedok North,Stevens,38
Bedok North,Tai Seng,17
Bedok North,Tampines East,12
Bedok North,Tampines West,8
Bedok North,Tan Kah Kee,42
Bedok North,Tanah Merah,25
Bedok North,Telok Ayer,24
Bedok North,Telok Blangah,42
Bedok North,Tiong Bahru,38
Bedok North,Toa Payoh,38
Bedok North,Tuas Crescent,73
Bedok North,Tuas Link,78
Bedok North,Tuas West Road,76
Bedok North,Ubi,7
Bedok North,Upper Changi,15
Bedok North,Woodlands North,62
Bedok North,Woodlands South,57
Bedok North,Woodleigh,32
Bedok North,Yew Tee,71
Bedok North,Yio Chu Kang,40
Bedok North,Yishun,47
Bedok Reservoir,Bedok Reservoir,0
Bedok Reservoir,Bencoolen,20
Bedok Reservoir,Bendemeer,16
Bedok Reservoir,Boon Keng,38
Bedok Reservoir,Boon Lay,65
Bedok Reservoir,Braddell,38
Bedok Reservoir,Bras Basah,35
Bedok Reservoir,Bright Hill,47
Bedok Reservoir,Buangkok,39
Bedok Reservoir,Bukit Batok,65
Bedok Reservoir,Bukit Gombak,67
Bedok Reservoir,Bukit Panjang,59
Bedok Reservoir,Buona Vista,47
Bedok Reservoir,Caldecott,35
Bedok Reservoir,Canberra,52
Bedok Reservoir,Cashew,57
Bedok Reservoir,Chinatown,24
Bedok Reservoir,Choa Chu Kang,71
Bedok Reservoir,Clarke Quay,31
Bedok Reservoir,Clementi,53
Bedok Reservoir,Commonwealth,46
Bedok Reservoir,Dakota,22
Bedok Reservoir,Dhoby Ghaut,33
Bedok Reservoir,Dover,50
Bedok Reservoir,Esplanade,33
Bedok Reservoir,Eunos,27
Bedok Reservoir,Farrer Park,37
Bedok Reservoir,Farrer Road,42
Bedok Reservoir,Fort Canning,22
Bedok Reservoir,Geylang Bahru,14
Bedok Reservoir,Great World,41
Bedok Reservoir,Gul Circle,73
Bedok Reservoir,Havelock,39
Bedok Reservoir,Haw Par Villa,50
Bedok Reservoir,Hillview,55
Bedok Reservoir,Hougang,36
Bedok Reservoir,Jalan Besar,18
Bedok Reservoir,Joo Koon,70
Bedok Reservoir,Kaki Bukit,7
Bedok Reservoir,Kallang,30
Bedok Reservoir,Kembangan,28
Bedok Reservoir,Kent Ridge,51
Bedok Reservoir,Khatib,47
Bedok Reservoir,King Albert Park,48
Bedok Reservoir,Kovan,34
Bedok Reservoir,Lakeside,62
Bedok Reservoir,Lavender,32
Bedok Reservoir,Lentor,52
Bedok Reservoir,Little India,35
Bedok Reservoir,Lorong Chuan,27
Bedok Reservoir,MacPherson,10
Bedok Reservoir,Marina South Pier,46
Bedok Reservoir,Marsiling,64
Bedok Reservoir,Marymount,33
Bedok Reservoir,Mattar,12
Bedok Reservoir,Mayflower,49
Bedok Reservoir,Mountbatten,24
Bedok Reservoir,Newton,38
Bedok Reservoir,Nicoll Highway,28
Bedok Reservoir,Orchard Boulevard,45
Bedok Reservoir,Outram Park,31
Bedok Reservoir,Pasir Panjang,48
Bedok Reservoir,Pasir Ris,19
Bedok Reservoir,Pioneer,67
Bedok Reservoir,Potong Pasir,36
Bedok Reservoir,Queenstown,44
Bedok Reservoir,Redhill,42
Bedok Reservoir,Rochor,34
Bedok Reservoir,Sembawang,54
Bedok Reservoir,Sengkang,41
Bedok Reservoir,Simei,18
Bedok Reservoir,Sixth Avenue,46
Bedok Reservoir,Somerset,42
Bedok Reservoir,Springleaf,54
Bedok Reservoir,Stevens,40
Bedok Reservoir,Tai Seng,19
Bedok Reservoir,Tampines East,10
Bedok Reservoir,Tampines West,6
Bedok Reservoir,Tan Kah Kee,44
Bedok Reservoir,Tanah Merah,23
Bedok Reservoir,Telok Ayer,26
Bedok Reservoir,Telok Blangah,44
Bedok Reservoir,Tiong Bahru,40
Bedok Reservoir,Toa Payoh,40
Bedok Reservoir,Tuas Crescent,75
Bedok Reservoir,Tuas Link,80
Bedok Reservoir,Tuas West Road,77
Bedok Reservoir,Ubi,9
Bedok Reservoir,Upper Changi,13
Bedok Reservoir,Woodlands North,64
Bedok Reservoir,Woodlands South,59
Bedok Reservoir,Woodleigh,34
Bedok Reservoir,Yew Tee,73
Bedok Reservoir,Yio Chu Kang,42
Bedok Reservoir,Yishun,49
Bencoolen,Bencoolen,0
Bencoolen,Bendemeer,8
Bencoolen,Boon Keng,22
Bencoolen,Boon Lay,48
Bencoolen,Braddell,34
Bencoolen,Bras Basah,25
Bencoolen,Bright Hill,39
Bencoolen,Buangkok,36
Bencoolen,Bukit Batok,48
Bencoolen,Bukit Gombak,50
Bencoolen,Bukit Panjang,42
Bencoolen,Buona Vista,32
Bencoolen,Caldecott,32
Bencoolen,Canberra,52
Bencoolen,Cashew,40
Bencoolen,Chinatown,8
Bencoolen,Choa Chu Kang,54
Bencoolen,Clarke Quay,14
Bencoolen,Clementi,36
Bencoolen,Commonwealth,30
Bencoolen,Dakota,24
Bencoolen,Dhoby Ghaut,16
Bencoolen,Dover,34
Bencoolen,Esplanade,23
Bencoolen,Eunos,29
Bencoolen,Farrer Park,20
Bencoolen,Farrer Road,36
Bencoolen,Fort Canning,5
Bencoolen,Geylang Bahru,9
Bencoolen,Great World,24
Bencoolen,Gul Circle,56
Bencoolen,Havelock,23
Bencoolen,Haw Par Villa,34
Bencoolen,Hillview,39
Bencoolen,Hougang,34
Bencoolen,Jalan Besar,5
Bencoolen,Joo Koon,53
Bencoolen,Kaki Bukit,17
Bencoolen,Kallang,28
Bencoolen,Kembangan,31
Bencoolen,Kent Ridge,36
Bencoolen,Khatib,47
Bencoolen,King Albert Park,31
Bencoolen,Kovan,31
Bencoolen,Lakeside,45
Bencoolen,Lavender,26
Bencoolen,Lentor,43
Bencoolen,Little India,18
Bencoolen,Lorong Chuan,29
Bencoolen,MacPherson,13
Bencoolen,Marina South Pier,29
Bencoolen,Marsiling,64
Bencoolen,Marymount,35
Bencoolen,Mattar,11
Bencoolen,Mayflower,41
Bencoolen,Mountbatten,26
Bencoolen,Newton,21
Bencoolen,Nicoll Highway,23
Bencoolen,Orchard Boulevard,28
Bencoolen,Outram Park,14
Bencoolen,Pasir Panjang,31
Bencoolen,Pasir Ris,35
Bencoolen,Pioneer,50
Bencoolen,Potong Pasir,25
Bencoolen,Queenstown,28
Bencoolen,Redhill,25
Bencoolen,Rochor,18
Bencoolen,Sembawang,54
Bencoolen,Sengkang,38
Bencoolen,Simei,35
Bencoolen,Sixth Avenue,29
Bencoolen,Somerset,25
Bencoolen,Springleaf,46
Bencoolen,Stevens,24
Bencoolen,Tai Seng,21
Bencoolen,Tampines East,27
Bencoolen,Tampines West,22
Bencoolen,Tan Kah Kee,27
Bencoolen,Tanah Merah,37
Bencoolen,Telok Ayer,9
Bencoolen,Telok Blangah,27
Bencoolen,Tiong Bahru,23
Bencoolen,Toa Payoh,32
Bencoolen,Tuas Crescent,59
Bencoolen,Tuas Link,63
Bencoolen,Tuas West Road,61
Bencoolen,Ubi,15
Bencoolen,Upper Changi,30
Bencoolen,Woodlands North,55
Bencoolen,Woodlands South,50
Bencoolen,Woodleigh,27
Bencoolen,Yew Tee,57
Bencoolen,Yio Chu Kang,42
Bencoolen,Yishun,49
Bendemeer,Bendemeer,0
Bendemeer,Boon Keng,26
Bendemeer,Boon Lay,52
Bendemeer,Braddell,36
Bendemeer,Bras Basah,29
Bendemeer,Bright Hill,43
Bendemeer,Buangkok,37
Bendemeer,Bukit Batok,52
Bendemeer,Bukit Gombak,54
Bendemeer,Bukit Panjang,46
Bendemeer,Buona Vista,36
Bendemeer,Caldecott,33
Bendemeer,Canberra,50
Bendemeer,Cashew,44
Bendemeer,Chinatown,12
Bendemeer,Choa Chu Kang,58
Bendemeer,Clarke Quay,18
Bendemeer,Clementi,40
Bendemeer,Commonwealth,34
Bendemeer,Dakota,20
Bendemeer,Dhoby Ghaut,20
Bendemeer,Dover,38
Bendemeer,Esplanade,27
Bendemeer,Eunos,25
Bendemeer,Farrer Park,24
Bendemeer,Farrer Road,40
Bendemeer,Fort Canning,9
Bendemeer,Geylang Bahru,5
Bendemeer,Great World,28
Bendemeer,Gul Circle,60
Bendemeer,Havelock,27
Bendemeer,Haw Par Villa,38
Bendemeer,Hillview,43
Bendemeer,Hougang,35
Bendemeer,Jalan Besar,6
Bendemeer,Joo Koon,57
Bendemeer,Kaki Bukit,13
Bendemeer,Kallang,28
Bendemeer,Kembangan,27
Bendemeer,Kent Ridge,40
Bendemeer,Khatib,45
Bendemeer,King Albert Park,35
Bendemeer,Kovan,32
Bendemeer,Lakeside,49
Bendemeer,Lavender,30
Bendemeer,Lentor,47
Bendemeer,Little India,22
Bendemeer,Lorong Chuan,25
Bendemeer,MacPherson,9
Bendemeer,Marina South Pier,33
Bendemeer,Marsiling,62
Bendemeer,Marymount,31
Bendemeer,Mattar,7
Bendemeer,Mayflower,45
Bendemeer,Mountbatten,22
Bendemeer,Newton,25
Bendemeer,Nicoll Highway,26
Bendemeer,Orchard Boulevard,32
Bendemeer,Outram Park,18
Bendemeer,Pasir Panjang,35
Bendemeer,Pasir Ris,31
Bendemeer,Pioneer,54
Bendemeer,Potong Pasir,29
Bendemeer,Queenstown,32
Bendemeer,Redhill,29
Bendemeer,Rochor,22
Bendemeer,Sembawang,52
Bendemeer,Sengkang,39
Bendemeer,Simei,31
Bendemeer,Sixth Avenue,33
Bendemeer,Somerset,29
Bendemeer,Springleaf,50
Bendemeer,Stevens,28
Bendemeer,Tai Seng,17
Bendemeer,Tampines East,23
Bendemeer,Tampines West,18
Bendemeer,Tan Kah Kee,31
Bendemeer,Tanah Merah,33
Bendemeer,Telok Ayer,13
Bendemeer,Telok Blangah,31
Bendemeer,Tiong Bahru,27
Bendemeer,Toa Payoh,36
Bendemeer,Tuas Crescent,63
Bendemeer,Tuas Link,67
Bendemeer,Tuas West Road,65
Bendemeer,Ubi,11
Bendemeer,Upper Changi,26
Bendemeer,Woodlands North,59
Bendemeer,Woodlands South,54
Bendemeer,Woodleigh,31
Bendemeer,Yew Tee,61
Bendemeer,Yio Chu Kang,40
Bendemeer,Yishun,47
Boon Keng,Boon Keng,0
Boon Keng,Boon Lay,49
Boon Keng,Braddell,28
Boon Keng,Bras Basah,18
Boon Keng,Bright Hill,33
Boon Keng,Buangkok,17
Boon Keng,Bukit Batok,49
Boon Keng,Bukit Gombak,51
Boon Keng,Bukit Panjang,36
Boon Keng,Buona Vista,32
Boon Keng,Caldecott,27
Boon Keng,Canberra,45
Boon Keng,Cashew,34
Boon Keng,Chinatown,13
Boon Keng,Choa Chu Kang,52
Boon Keng,Clarke Quay,12
Boon Keng,Clementi,37
Boon Keng,Commonwealth,30
Boon Keng,Dakota,31
Boon Keng,Dhoby Ghaut,9
Boon Keng,Dover,35
Boon Keng,Esplanade,20
Boon Keng,Eunos,34
Boon Keng,Farrer Park,6
Boon Keng,Farrer Road,30
Boon Keng,Fort Canning,21
Boon Keng,Geylang Bahru,28
Boon Keng,Great World,25
Boon Keng,Gul Circle,57
Boon Keng,Havelock,23
Boon Keng,Haw Par Villa,34
Boon Keng,Hillview,33
Boon Keng,Hougang,15
Boon Keng,Jalan Besar,24
Boon Keng,Joo Koon,54
Boon Keng,Kaki Bukit,35
Boon Keng,Kallang,28
Boon Keng,Kembangan,36
Boon Keng,Kent Ridge,37
Boon Keng,Khatib,40
Boon Keng,King Albert Park,26
Boon Keng,Kovan,12
Boon Keng,Lakeside,46
Boon Keng,Lavender,26
Boon Keng,Lentor,37
Boon Keng,Little India,7
Boon Keng,Lorong Chuan,20
Boon Keng,MacPherson,26
Boon Keng,Marina South Pier,25
Boon Keng,Marsiling,57
Boon Keng,Marymount,26
Boon Keng,Mattar,30
Boon Keng,Mayflower,35
Boon Keng,Mountbatten,29
Boon Keng,Newton,16
Boon Keng,Nicoll Highway,25
Boon Keng,Orchard Boulevard,27
Boon Keng,Outram Park,15
Boon Keng,Pasir Panjang,32
Boon Keng,Pasir Ris,52
Boon Keng,Pioneer,51
Boon Keng,Potong Pasir,6
Boon Keng,Queenstown,28
Boon Keng,Redhill,26
Boon Keng,Rochor,15
Boon Keng,Sembawang,48
Boon Keng,Sengkang,19
Boon Keng,Simei,46
Boon Keng,Sixth Avenue,23
Boon Keng,Somerset,18
Boon Keng,Springleaf,40
Boon Keng,Stevens,18
Boon Keng,Tai Seng,24
Boon Keng,Tampines East,45
Boon Keng,Tampines West,40
Boon Keng,Tan Kah Kee,21
Boon Keng,Tanah Merah,42
Boon Keng,Telok Ayer,20
Boon Keng,Telok Blangah,28
Boon Keng,Tiong Bahru,24
Boon Keng,Toa Payoh,26
Boon Keng,Tuas Crescent,60
Boon Keng,Tuas Link,64
Boon Keng,Tuas West Road,62
Boon Keng,Ubi,33
Boon Keng,Upper Changi,48
Boon Keng,Woodlands North,49
Boon Keng,Woodlands South,45
Boon Keng,Woodleigh,8
Boon Keng,Yew Tee,57
Boon Keng,Yio Chu Kang,35
Boon Keng,Yishun,42
Boon Lay,Boon Lay,0
Boon Lay,Braddell,54
Boon Lay,Bras Basah,52
Boon Lay,Bright Hill,53
Boon Lay,Buangkok,63
Boon Lay,Bukit Batok,19
Boon Lay,Bukit Gombak,21
Boon Lay,Bukit Panjang,40
Boon Lay,Buona Vista,20
Boon Lay,Caldecott,40
Boon Lay,Canberra,51
Boon Lay,Cashew,47
Boon Lay,Chinatown,40
Boon Lay,Choa Chu Kang,25
Boon Lay,Clarke Quay,41
Boon Lay,Clementi,16
Boon Lay,Commonwealth,22
Boon Lay,Dakota,59
Boon Lay,Dhoby Ghaut,43
Boon Lay,Dover,18
Boon Lay,Esplanade,54
Boon Lay,Eunos,51
Boon Lay,Farrer Park,47
Boon Lay,Farrer Road,33
Boon Lay,Fort Canning,47
Boon Lay,Geylang Bahru,54
Boon Lay,Great World,41
Boon Lay,Gul Circle,11
Boon Lay,Havelock,40
Boon Lay,Haw Par Villa,35
Boon Lay,Hillview,49
Boon Lay,Hougang,61
Boon Lay,Jalan Besar,50
Boon Lay,Joo Koon,8
Boon Lay,Kaki Bukit,62
Boon Lay,Kallang,44
Boon Lay,Kembangan,53
Boon Lay,Kent Ridge,32
Boon Lay,Khatib,56
Boon Lay,King Albert Park,48
Boon Lay,Kovan,58
Boon Lay,Lakeside,7
Boon Lay,Lavender,42
Boon Lay,Lentor,57
Boon Lay,Little India,45
Boon Lay,Lorong Chuan,48
Boon Lay,MacPherson,58
Boon Lay,Marina South Pier,44
Boon Lay,Marsiling,39
Boon Lay,Marymount,43
Boon Lay,Mattar,56
Boon Lay,Mayflower,55
Boon Lay,Mountbatten,61
Boon Lay,Newton,46
Boon Lay,Nicoll Highway,58
Boon Lay,Orchard Boulevard,45
Boon Lay,Outram Park,31
Boon Lay,Pasir Panjang,37
Boon Lay,Pasir Ris,68
Boon Lay,Pioneer,5
Boon Lay,Potong Pasir,52
Boon Lay,Queenstown,24
Boon Lay,Redhill,26
Boon Lay,Rochor,49
Boon Lay,Sembawang,48
Boon Lay,Sengkang,65
Boon Lay,Simei,63
Boon Lay,Sixth Avenue,46
Boon Lay,Somerset,45
Boon Lay,Springleaf,56
Boon Lay,Stevens,44
Boon Lay,Tai Seng,56
Boon Lay,Tampines East,72
Boon Lay,Tampines West,67
Boon Lay,Tan Kah Kee,44
Boon Lay,Tanah Merah,58
Boon Lay,Telok Ayer,46
Boon Lay,Telok Blangah,41
Boon Lay,Tiong Bahru,29
Boon Lay,Toa Payoh,54
Boon Lay,Tuas Crescent,13
Boon Lay,Tuas Link,18
Boon Lay,Tuas West Road,16
Boon Lay,Ubi,60
Boon Lay,Upper Changi,75
Boon Lay,Woodlands North,52
Boon Lay,Woodlands South,52
Boon Lay,Woodleigh,54
Boon Lay,Yew Tee,28
Boon Lay,Yio Chu Kang,57
Boon Lay,Yishun,53
Braddell,Braddell,0
Braddell,Bras Basah,24
Braddell,Bright Hill,31
Braddell,Buangkok,32
Braddell,Bukit Batok,52
Braddell,Bukit Gombak,50
Braddell,Bukit Panjang,37
Braddell,Buona Vista,30
Braddell,Caldecott,18
Braddell,Canberra,21
Braddell,Cashew,35
Braddell,Chinatown,26
Braddell,Choa Chu Kang,46
Braddell,Clarke Quay,25
Braddell,Clementi,42
Braddell,Commonwealth,36
Braddell,Dakota,31
Braddell,Dhoby Ghaut,15
Braddell,Dover,39
Braddell,Esplanade,26
Braddell,Eunos,34
Braddell,Farrer Park,26
Braddell,Farrer Road,26
Braddell,Fort Canning,33
Braddell,Geylang Bahru,34
Braddell,Great World,19
Braddell,Gul Circle,62
Braddell,Havelock,21
Braddell,Haw Par Villa,37
Braddell,Hillview,34
Braddell,Hougang,30
Braddell,Jalan Besar,36
Braddell,Joo Koon,59
Braddell,Kaki Bukit,35
Braddell,Kallang,27
Braddell,Kembangan,36
Braddell,Kent Ridge,35
Braddell,Khatib,16
Braddell,King Albert Park,26
Braddell,Kovan,28
Braddell,Lakeside,51
Braddell,Lavender,25
Braddell,Lentor,35
Braddell,Little India,19
Braddell,Lorong Chuan,16
Braddell,MacPherson,26
Braddell,Marina South Pier,24
Braddell,Marsiling,33
Braddell,Marymount,16
Braddell,Mattar,33
Braddell,Mayflower,33
Braddell,Mountbatten,33
Braddell,Newton,9
Braddell,Nicoll Highway,31
Braddell,Orchard Boulevard,19
Braddell,Outram Park,23
Braddell,Pasir Panjang,40
Braddell,Pasir Ris,51
Braddell,Pioneer,56
Braddell,Potong Pasir,29
Braddell,Queenstown,34
Braddell,Redhill,32
Braddell,Rochor,20
Braddell,Sembawang,23
Braddell,Sengkang,34
Braddell,Simei,46
Braddell,Sixth Avenue,24
Braddell,Somerset,13
Braddell,Springleaf,38
Braddell,Stevens,19
Braddell,Tai Seng,24
Braddell,Tampines East,45
Braddell,Tampines West,40
Braddell,Tan Kah Kee,22
Braddell,Tanah Merah,41
Braddell,Telok Ayer,29
Braddell,Telok Blangah,41
Braddell,Tiong Bahru,30
Braddell,Toa Payoh,5
Braddell,Tuas Crescent,64
Braddell,Tuas Link,68
Braddell,Tuas West Road,66
Braddell,Ubi,33
Braddell,Upper Changi,48
Braddell,Woodlands North,39
Braddell,Woodlands South,39
Braddell,Woodleigh,27
Braddell,Yew Tee,44
Braddell,Yio Chu Kang,11
Braddell,Yishun,18
Bras Basah,Bras Basah,0
Bras Basah,Bright Hill,38
Bras Basah,Buangkok,32
Bras Basah,Bukit Batok,52
Bras Basah,Bukit Gombak,54
Bras Basah,Bukit Panjang,42
Bras Basah,Buona Vista,35
Bras Basah,Caldecott,32
Bras Basah,Canberra,42
Bras Basah,Cashew,40
Bras Basah,Chinatown,16
Bras Basah,Choa Chu Kang,58
Bras Basah,Clarke Quay,15
Bras Basah,Clementi,40
Bras Basah,Commonwealth,33
Bras Basah,Dakota,18
Bras Basah,Dhoby Ghaut,7
Bras Basah,Dover,38
Bras Basah,Esplanade,7
Bras Basah,Eunos,28
Bras Basah,Farrer Park,16
Bras Basah,Farrer Road,36
Bras Basah,Fort Canning,24
Bras Basah,Geylang Bahru,31
Bras Basah,Great World,24
Bras Basah,Gul Circle,60
Bras Basah,Havelock,26
Bras Basah,Haw Par Villa,37
Bras Basah,Hillview,39
Bras Basah,Hougang,30
Bras Basah,Jalan Besar,27
Bras Basah,Joo Koon,57
Bras Basah,Kaki Bukit,31
Bras Basah,Kallang,25
Bras Basah,Kembangan,30
Bras Basah,Kent Ridge,40
Bras Basah,Khatib,37
Bras Basah,King Albert Park,31
Bras Basah,Kovan,27
Bras Basah,Lakeside,49
Bras Basah,Lavender,23
Bras Basah,Lentor,43
Bras Basah,Little India,14
Bras Basah,Lorong Chuan,33
Bras Basah,MacPherson,22
Bras Basah,Marina South Pier,21
Bras Basah,Marsiling,54
Bras Basah,Marymount,37
Bras Basah,Mattar,29
Bras Basah,Mayflower,40
Bras Basah,Mountbatten,16
Bras Basah,Newton,18
Bras Basah,Nicoll Highway,12
Bras Basah,Orchard Boulevard,24
Bras Basah,Outram Park,18
Bras Basah,Pasir Panjang,35
Bras Basah,Pasir Ris,46
Bras Basah,Pioneer,54
Bras Basah,Potong Pasir,21
Bras Basah,Queenstown,31
Bras Basah,Redhill,29
Bras Basah,Rochor,18
Bras Basah,Sembawang,45
Bras Basah,Sengkang,34
Bras Basah,Simei,40
Bras Basah,Sixth Avenue,29
Bras Basah,Somerset,14
Bras Basah,Springleaf,46
Bras Basah,Stevens,24
Bras Basah,Tai Seng,25
Bras Basah,Tampines East,41
Bras Basah,Tampines West,37
Bras Basah,Tan Kah Kee,27
Bras Basah,Tanah Merah,36
Bras Basah,Telok Ayer,20
Bras Basah,Telok Blangah,31
Bras Basah,Tiong Bahru,27
Bras Basah,Toa Payoh,22
Bras Basah,Tuas Crescent,63
Bras Basah,Tuas Link,67
Bras Basah,Tuas West Road,65
Bras Basah,Ubi,29
Bras Basah,Upper Changi,44
Bras Basah,Woodlands North,55
Bras Basah,Woodlands South,50
Bras Basah,Woodleigh,23
Bras Basah,Yew Tee,60
Bras Basah,Yio Chu Kang,32
Bras Basah,Yishun,39
Bright Hill,Bright Hill,0
Bright Hill,Buangkok,41
Bright Hill,Bukit Batok,48
Bright Hill,Bukit Gombak,46
Bright Hill,Bukit Panjang,37
Bright Hill,Buona Vista,29
Bright Hill,Caldecott,9
Bright Hill,Canberra,33
Bright Hill,Cashew,35
Bright Hill,Chinatown,33
Bright Hill,Choa Chu Kang,42
Bright Hill,Clarke Quay,33
Bright Hill,Clementi,40
Bright Hill,Commonwealth,38
Bright Hill,Dakota,40
Bright Hill,Dhoby Ghaut,29
Bright Hill,Dover,38
Bright Hill,Esplanade,37
Bright Hill,Eunos,44
Bright Hill,Farrer Park,31
Bright Hill,Farrer Road,24
Bright Hill,Fort Canning,37
Bright Hill,Geylang Bahru,43
Bright Hill,Great World,21
Bright Hill,Gul Circle,60
Bright Hill,Havelock,23
Bright Hill,Haw Par Villa,36
Bright Hill,Hillview,34
Bright Hill,Hougang,39
Bright Hill,Jalan Besar,40
Bright Hill,Joo Koon,58
Bright Hill,Kaki Bukit,44
Bright Hill,Kallang,37
Bright Hill,Kembangan,46
Bright Hill,Kent Ridge,33
Bright Hill,Khatib,38
Bright Hill,King Albert Park,26
Bright Hill,Kovan,37
Bright Hill,Lakeside,49
Bright Hill,Lavender,35
Bright Hill,Lentor,8
Bright Hill,Little India,23
Bright Hill,Lorong Chuan,25
Bright Hill,MacPherson,35
Bright Hill,Marina South Pier,37
Bright Hill,Marsiling,28
Bright Hill,Marymount,19
Bright Hill,Mattar,41
Bright Hill,Mayflower,5
Bright Hill,Mountbatten,40
Bright Hill,Newton,21
Bright Hill,Nicoll Highway,36
Bright Hill,Orchard Boulevard,17
Bright Hill,Outram Park,25
Bright Hill,Pasir Panjang,38
Bright Hill,Pasir Ris,61
Bright Hill,Pioneer,54
Bright Hill,Potong Pasir,35
Bright Hill,Queenstown,38
Bright Hill,Redhill,36
Bright Hill,Rochor,24
Bright Hill,Sembawang,31
Bright Hill,Sengkang,43
Bright Hill,Simei,56
Bright Hill,Sixth Avenue,24
Bright Hill,Somerset,27
Bright Hill,Springleaf,11
Bright Hill,Stevens,13
Bright Hill,Tai Seng,33
Bright Hill,Tampines East,54
Bright Hill,Tampines West,49
Bright Hill,Tan Kah Kee,22
Bright Hill,Tanah Merah,51
Bright Hill,Telok Ayer,33
Bright Hill,Telok Blangah,42
Bright Hill,Tiong Bahru,34
Bright Hill,Toa Payoh,32
Bright Hill,Tuas Crescent,63
Bright Hill,Tuas Link,67
Bright Hill,Tuas West Road,65
Bright Hill,Ubi,42
Bright Hill,Upper Changi,57
Bright Hill,Woodlands North,20
Bright Hill,Woodlands South,15
Bright Hill,Woodleigh,36
Bright Hill,Yew Tee,39
Bright Hill,Yio Chu Kang,34
Bright Hill,Yishun,36
Buangkok,Buangkok,0
Buangkok,Bukit Batok,62
Buangkok,Bukit Gombak,64
Buangkok,Bukit Panjang,50
Buangkok,Buona Vista,41
Buangkok,Caldecott,29
Buangkok,Canberra,46
Buangkok,Cashew,48
Buangkok,Chinatown,27
Buangkok,Choa Chu Kang,65
Buangkok,Clarke Quay,25
Buangkok,Clementi,51
Buangkok,Commonwealth,44
Buangkok,Dakota,32
Buangkok,Dhoby Ghaut,23
Buangkok,Dover,48
Buangkok,Esplanade,34
Buangkok,Eunos,37
Buangkok,Farrer Park,19
Buangkok,Farrer Road,36
Buangkok,Fort Canning,34
Buangkok,Geylang Bahru,35
Buangkok,Great World,38
Buangkok,Gul Circle,71
Buangkok,Havelock,37
Buangkok,Haw Par Villa,48
Buangkok,Hillview,46
Buangkok,Hougang,6
Buangkok,Jalan Besar,38
Buangkok,Joo Koon,68
Buangkok,Kaki Bukit,35
Buangkok,Kallang,40
Buangkok,Kembangan,39
Buangkok,Kent Ridge,45
Buangkok,Khatib,41
Buangkok,King Albert Park,39
Buangkok,Kovan,8
Buangkok,Lakeside,59
Buangkok,Lavender,39
Buangkok,Lentor,46
Buangkok,Little India,21
Buangkok,Lorong Chuan,21
Buangkok,MacPherson,27
Buangkok,Marina South Pier,39
Buangkok,Marsiling,58
Buangkok,Marymount,27
Buangkok,Mattar,33
Buangkok,Mayflower,43
Buangkok,Mountbatten,34
Buangkok,Newton,29
Buangkok,Nicoll Highway,38
Buangkok,Orchard Boulevard,40
Buangkok,Outram Park,29
Buangkok,Pasir Panjang,46
Buangkok,Pasir Ris,54
Buangkok,Pioneer,64
Buangkok,Potong Pasir,15
Buangkok,Queenstown,42
Buangkok,Redhill,40
Buangkok,Rochor,28
Buangkok,Sembawang,48
Buangkok,Sengkang,5
Buangkok,Simei,49
Buangkok,Sixth Avenue,37
Buangkok,Somerset,32
Buangkok,Springleaf,49
Buangkok,Stevens,31
Buangkok,Tai Seng,25
Buangkok,Tampines East,45
Buangkok,Tampines West,41
Buangkok,Tan Kah Kee,35
Buangkok,Tanah Merah,45
Buangkok,Telok Ayer,33
Buangkok,Telok Blangah,41
Buangkok,Tiong Bahru,38
Buangkok,Toa Payoh,34
Buangkok,Tuas Crescent,73
Buangkok,Tuas Link,77
Buangkok,Tuas West Road,75
Buangkok,Ubi,33
Buangkok,Upper Changi,48
Buangkok,Woodlands North,58
Buangkok,Woodlands South,53
Buangkok,Woodleigh,13
Buangkok,Yew Tee,69
Buangkok,Yio Chu Kang,36
Buangkok,Yishun,43
Bukit Batok,Bukit Batok,0
Bukit Batok,Bukit Gombak,5
Bukit Batok,Bukit Panjang,24
Bukit Batok,Buona Vista,20
Bukit Batok,Caldecott,40
Bukit Batok,Canberra,35
Bukit Batok,Cashew,31
Bukit Batok,Chinatown,39
Bukit Batok,Choa Chu Kang,9
Bukit Batok,Clarke Quay,41
Bukit Batok,Clementi,15
Bukit Batok,Commonwealth,22
Bukit Batok,Dakota,59
Bukit Batok,Dhoby Ghaut,43
Bukit Batok,Dover,18
Bukit Batok,Esplanade,54
Bukit Batok,Eunos,50
Bukit Batok,Farrer Park,47
Bukit Batok,Farrer Road,33
Bukit Batok,Fort Canning,47
Bukit Batok,Geylang Bahru,54
Bukit Batok,Great World,41
Bukit Batok,Gul Circle,27
Bukit Batok,Havelock,39
Bukit Batok,Haw Par Villa,34
Bukit Batok,Hillview,33
Bukit Batok,Hougang,60
Bukit Batok,Jalan Besar,50
Bukit Batok,Joo Koon,24
Bukit Batok,Kaki Bukit,61
Bukit Batok,Kallang,44
Bukit Batok,Kembangan,52
Bukit Batok,Kent Ridge,32
Bukit Batok,Khatib,40
Bukit Batok,King Albert Park,40
Bukit Batok,Kovan,58
Bukit Batok,Lakeside,16
Bukit Batok,Lavender,42
Bukit Batok,Lentor,43
Bukit Batok,Little India,45
Bukit Batok,Lorong Chuan,48
Bukit Batok,MacPherson,57
Bukit Batok,Marina South Pier,44
Bukit Batok,Marsiling,23
Bukit Batok,Marymount,42
Bukit Batok,Mattar,56
Bukit Batok,Mayflower,46
Bukit Batok,Mountbatten,60
Bukit Batok,Newton,46
Bukit Batok,Nicoll Highway,58
Bukit Batok,Orchard Boulevard,45
Bukit Batok,Outram Park,31
Bukit Batok,Pasir Panjang,37
Bukit Batok,Pasir Ris,68
Bukit Batok,Pioneer,21
Bukit Batok,Potong Pasir,51
Bukit Batok,Queenstown,24
Bukit Batok,Redhill,26
Bukit Batok,Rochor,49
Bukit Batok,Sembawang,32
Bukit Batok,Sengkang,64
Bukit Batok,Simei,62
Bukit Batok,Sixth Avenue,42
Bukit Batok,Somerset,45
Bukit Batok,Springleaf,40
Bukit Batok,Stevens,43
Bukit Batok,Tai Seng,56
Bukit Batok,Tampines East,71
Bukit Batok,Tampines West,67
Bukit Batok,Tan Kah Kee,43
Bukit Batok,Tanah Merah,58
Bukit Batok,Telok Ayer,46
Bukit Batok,Telok Blangah,41
Bukit Batok,Tiong Bahru,28
Bukit Batok,Toa Payoh,53
Bukit Batok,Tuas Crescent,29
Bukit Batok,Tuas Link,34
Bukit Batok,Tuas West Road,32
Bukit Batok,Ubi,60
Bukit Batok,Upper Changi,75
Bukit Batok,Woodlands North,36
Bukit Batok,Woodlands South,36
Bukit Batok,Woodleigh,53
Bukit Batok,Yew Tee,12
Bukit Batok,Yio Chu Kang,45
Bukit Batok,Yishun,37
Bukit Gombak,Bukit Gombak,0
Bukit Gombak,Bukit Panjang,22
Bukit Gombak,Buona Vista,22
Bukit Gombak,Caldecott,42
Bukit Gombak,Canberra,33
Bukit Gombak,Cashew,29
Bukit Gombak,Chinatown,41
Bukit Gombak,Choa Chu Kang,7
Bukit Gombak,Clarke Quay,43
Bukit Gombak,Clementi,17
Bukit Gombak,Commonwealth,24
Bukit Gombak,Dakota,61
Bukit Gombak,Dhoby Ghaut,45
Bukit Gombak,Dover,20
Bukit Gombak,Esplanade,56
Bukit Gombak,Eunos,52
Bukit Gombak,Farrer Park,49
Bukit Gombak,Farrer Road,35
Bukit Gombak,Fort Canning,49
Bukit Gombak,Geylang Bahru,56
Bukit Gombak,Great World,43
Bukit Gombak,Gul Circle,29
Bukit Gombak,Havelock,41
Bukit Gombak,Haw Par Villa,36
Bukit Gombak,Hillview,31
Bukit Gombak,Hougang,62
Bukit Gombak,Jalan Besar,52
Bukit Gombak,Joo Koon,26
Bukit Gombak,Kaki Bukit,63
Bukit Gombak,Kallang,46
Bukit Gombak,Kembangan,54
Bukit Gombak,Kent Ridge,34
Bukit Gombak,Khatib,38
Bukit Gombak,King Albert Park,38
Bukit Gombak,Kovan,60
Bukit Gombak,Lakeside,18
Bukit Gombak,Lavender,44
Bukit Gombak,Lentor,41
Bukit Gombak,Little India,47
Bukit Gombak,Lorong Chuan,50
Bukit Gombak,MacPherson,59
Bukit Gombak,Marina South Pier,46
Bukit Gombak,Marsiling,21
Bukit Gombak,Marymount,44
Bukit Gombak,Mattar,58
Bukit Gombak,Mayflower,44
Bukit Gombak,Mountbatten,62
Bukit Gombak,Newton,48
Bukit Gombak,Nicoll Highway,60
Bukit Gombak,Orchard Boulevard,47
Bukit Gombak,Outram Park,33
Bukit Gombak,Pasir Panjang,39
Bukit Gombak,Pasir Ris,70
Bukit Gombak,Pioneer,23
Bukit Gombak,Potong Pasir,53
Bukit Gombak,Queenstown,26
Bukit Gombak,Redhill,28
Bukit Gombak,Rochor,51
Bukit Gombak,Sembawang,30
Bukit Gombak,Sengkang,66
Bukit Gombak,Simei,64
Bukit Gombak,Sixth Avenue,40
Bukit Gombak,Somerset,47
Bukit Gombak,Springleaf,38
Bukit Gombak,Stevens,45
Bukit Gombak,Tai Seng,58
Bukit Gombak,Tampines East,73
Bukit Gombak,Tampines West,69
Bukit Gombak,Tan Kah Kee,42
Bukit Gombak,Tanah Merah,60
Bukit Gombak,Telok Ayer,48
Bukit Gombak,Telok Blangah,43
Bukit Gombak,Tiong Bahru,30
Bukit Gombak,Toa Payoh,52
Bukit Gombak,Tuas Crescent,31
Bukit Gombak,Tuas Link,36
Bukit Gombak,Tuas West Road,34
Bukit Gombak,Ubi,62
Bukit Gombak,Upper Changi,77
Bukit Gombak,Woodlands North,34
Bukit Gombak,Woodlands South,34
Bukit Gombak,Woodleigh,55
Bukit Gombak,Yew Tee,10
Bukit Gombak,Yio Chu Kang,43
Bukit Gombak,Yishun,35
Bukit Panjang,Bukit Panjang,0
Bukit Panjang,Buona Vista,35
Bukit Panjang,Caldecott,31
Bukit Panjang,Canberra,43
Bukit Panjang,Cashew,6
Bukit Panjang,Chinatown,38
Bukit Panjang,Choa Chu Kang,13
Bukit Panjang,Clarke Quay,37
Bukit Panjang,Clementi,36
Bukit Panjang,Commonwealth,42
Bukit Panjang,Dakota,46
Bukit Panjang,Dhoby Ghaut,35
Bukit Panjang,Dover,38
Bukit Panjang,Esplanade,40
Bukit Panjang,Eunos,48
Bukit Panjang,Farrer Park,34
Bukit Panjang,Farrer Road,31
Bukit Panjang,Fort Canning,41
Bukit Panjang,Geylang Bahru,48
Bukit Panjang,Great World,35
Bukit Panjang,Gul Circle,47
Bukit Panjang,Havelock,37
Bukit Panjang,Haw Par Villa,42
Bukit Panjang,Hillview,7
Bukit Panjang,Hougang,48
Bukit Panjang,Jalan Besar,44
Bukit Panjang,Joo Koon,44
Bukit Panjang,Kaki Bukit,55
Bukit Panjang,Kallang,41
Bukit Panjang,Kembangan,49
Bukit Panjang,Kent Ridge,40
Bukit Panjang,Khatib,48
Bukit Panjang,King Albert Park,14
Bukit Panjang,Kovan,46
Bukit Panjang,Lakeside,36
Bukit Panjang,Lavender,39
Bukit Panjang,Lentor,42
Bukit Panjang,Little India,27
Bukit Panjang,Lorong Chuan,41
Bukit Panjang,MacPherson,51
Bukit Panjang,Marina South Pier,46
Bukit Panjang,Marsiling,31
Bukit Panjang,Marymount,35
Bukit Panjang,Mattar,50
Bukit Panjang,Mayflower,39
Bukit Panjang,Mountbatten,44
Bukit Panjang,Newton,24
Bukit Panjang,Nicoll Highway,40
Bukit Panjang,Orchard Boulevard,31
Bukit Panjang,Outram Park,38
Bukit Panjang,Pasir Panjang,44
Bukit Panjang,Pasir Ris,65
Bukit Panjang,Pioneer,41
Bukit Panjang,Potong Pasir,39
Bukit Panjang,Queenstown,44
Bukit Panjang,Redhill,47
Bukit Panjang,Rochor,28
Bukit Panjang,Sembawang,40
Bukit Panjang,Sengkang,52
Bukit Panjang,Simei,60
Bukit Panjang,Sixth Avenue,17
Bukit Panjang,Somerset,35
Bukit Panjang,Springleaf,45
Bukit Panjang,Stevens,22
Bukit Panjang,Tai Seng,49
Bukit Panjang,Tampines East,65
Bukit Panjang,Tampines West,61
Bukit Panjang,Tan Kah Kee,19
Bukit Panjang,Tanah Merah,55
Bukit Panjang,Telok Ayer,37
Bukit Panjang,Telok Blangah,49
Bukit Panjang,Tiong Bahru,48
Bukit Panjang,Toa Payoh,35
Bukit Panjang,Tuas Crescent,50
Bukit Panjang,Tuas Link,54
Bukit Panjang,Tuas West Road,52
Bukit Panjang,Ubi,54
Bukit Panjang,Upper Changi,69
Bukit Panjang,Woodlands North,44
Bukit Panjang,Woodlands South,44
Bukit Panjang,Woodleigh,41
Bukit Panjang,Yew Tee,20
Bukit Panjang,Yio Chu Kang,45
Bukit Panjang,Yishun,46
Buona Vista,Buona Vista,0
Buona Vista,Caldecott,17
Buona Vista,Canberra,44
Buona Vista,Cashew,33
Buona Vista,Chinatown,22
Buona Vista,Choa Chu Kang,26
Buona Vista,Clarke Quay,24
Buona Vista,Clementi,8
Buona Vista,Commonwealth,5
Buona Vista,Dakota,40
Buona Vista,Dhoby Ghaut,26
Buona Vista,Dover,6
Buona Vista,Esplanade,37
Buona Vista,Eunos,34
Buona Vista,Farrer Park,30
Buona Vista,Farrer Road,10
Buona Vista,Fort Canning,30
Buona Vista,Geylang Bahru,37
Buona Vista,Great World,24
Buona Vista,Gul Circle,28
Buona Vista,Havelock,23
Buona Vista,Haw Par Villa,11
Buona Vista,Hillview,32
Buona Vista,Hougang,39
Buona Vista,Jalan Besar,33
Buona Vista,Joo Koon,25
Buona Vista,Kaki Bukit,43
Buona Vista,Kallang,27
Buona Vista,Kembangan,36
Buona Vista,Kent Ridge,9
Buona Vista,Khatib,39
Buona Vista,King Albert Park,24
Buona Vista,Kovan,36
Buona Vista,Lakeside,17
Buona Vista,Lavender,25
Buona Vista,Lentor,34
Buona Vista,Little India,25
Buona Vista,Lorong Chuan,25
Buona Vista,MacPherson,35
Buona Vista,Marina South Pier,27
Buona Vista,Marsiling,39
Buona Vista,Marymount,19
Buona Vista,Mattar,39
Buona Vista,Mayflower,31
Buona Vista,Mountbatten,42
Buona Vista,Newton,22
Buona Vista,Nicoll Highway,38
Buona Vista,Orchard Boulevard,28
Buona Vista,Outram Park,14
Buona Vista,Pasir Panjang,14
Buona Vista,Pasir Ris,51
Buona Vista,Pioneer,22
Buona Vista,Potong Pasir,35
Buona Vista,Queenstown,7
Buona Vista,Redhill,10
Buona Vista,Rochor,26
Buona Vista,Sembawang,46
Buona Vista,Sengkang,43
Buona Vista,Simei,46
Buona Vista,Sixth Avenue,22
Buona Vista,Somerset,28
Buona Vista,Springleaf,37
Buona Vista,Stevens,20
Buona Vista,Tai Seng,33
Buona Vista,Tampines East,53
Buona Vista,Tampines West,49
Buona Vista,Tan Kah Kee,20
Buona Vista,Tanah Merah,41
Buona Vista,Telok Ayer,29
Buona Vista,Telok Blangah,18
Buona Vista,Tiong Bahru,12
Buona Vista,Toa Payoh,32
Buona Vista,Tuas Crescent,30
Buona Vista,Tuas Link,35
Buona Vista,Tuas West Road,32
Buona Vista,Ubi,42
Buona Vista,Upper Changi,57
Buona Vista,Woodlands North,46
Buona Vista,Woodlands South,41
Buona Vista,Woodleigh,36
Buona Vista,Yew Tee,28
Buona Vista,Yio Chu Kang,34
Buona Vista,Yishun,41
Caldecott,Caldecott,0
Caldecott,Canberra,32
Caldecott,Cashew,29
Caldecott,Chinatown,27
Caldecott,Choa Chu Kang,46
Caldecott,Clarke Quay,27
Caldecott,Clementi,28
Caldecott,Commonwealth,26
Caldecott,Dakota,28
Caldecott,Dhoby Ghaut,23
Caldecott,Dover,26
Caldecott,Esplanade,31
Caldecott,Eunos,33
Caldecott,Farrer Park,25
Caldecott,Farrer Road,12
Caldecott,Fort Canning,31
Caldecott,Geylang Bahru,31
Caldecott,Great World,15
Caldecott,Gul Circle,48
Caldecott,Havelock,17
Caldecott,Haw Par Villa,24
Caldecott,Hillview,28
Caldecott,Hougang,27
Caldecott,Jalan Besar,34
Caldecott,Joo Koon,45
Caldecott,Kaki Bukit,31
Caldecott,Kallang,31
Caldecott,Kembangan,35
Caldecott,Kent Ridge,21
Caldecott,Khatib,27
Caldecott,King Albert Park,20
Caldecott,Kovan,24
Caldecott,Lakeside,37
Caldecott,Lavender,29
Caldecott,Lentor,13
Caldecott,Little India,17
Caldecott,Lorong Chuan,13
Caldecott,MacPherson,23
Caldecott,Marina South Pier,31
Caldecott,Marsiling,34
Caldecott,Marymount,7
Caldecott,Mattar,29
Caldecott,Mayflower,11
Caldecott,Mountbatten,30
Caldecott,Newton,15
Caldecott,Nicoll Highway,30
Caldecott,Orchard Boulevard,11
Caldecott,Outram Park,18
Caldecott,Pasir Panjang,26
Caldecott,Pasir Ris,50
Caldecott,Pioneer,42
Caldecott,Potong Pasir,26
Caldecott,Queenstown,28
Caldecott,Redhill,30
Caldecott,Rochor,18
Caldecott,Sembawang,34
Caldecott,Sengkang,31
Caldecott,Simei,45
Caldecott,Sixth Avenue,18
Caldecott,Somerset,21
Caldecott,Springleaf,16
Caldecott,Stevens,7
Caldecott,Tai Seng,21
Caldecott,Tampines East,41
Caldecott,Tampines West,37
Caldecott,Tan Kah Kee,16
Caldecott,Tanah Merah,41
Caldecott,Telok Ayer,27
Caldecott,Telok Blangah,30
Caldecott,Tiong Bahru,28
Caldecott,Toa Payoh,20
Caldecott,Tuas Crescent,51
Caldecott,Tuas Link,55
Caldecott,Tuas West Road,53
Caldecott,Ubi,30
Caldecott,Upper Changi,45
Caldecott,Woodlands North,25
Caldecott,Woodlands South,21
Caldecott,Woodleigh,24
Caldecott,Yew Tee,45
Caldecott,Yio Chu Kang,22
Caldecott,Yishun,29
Canberra,Canberra,0
Canberra,Cashew,50
Canberra,Chinatown,44
Canberra,Choa Chu Kang,28
Canberra,Clarke Quay,43
Canberra,Clementi,47
Canberra,Commonwealth,53
Canberra,Dakota,45
Canberra,Dhoby Ghaut,33
Canberra,Dover,49
Canberra,Esplanade,44
Canberra,Eunos,50
Canberra,Farrer Park,44
Canberra,Farrer Road,39
Canberra,Fort Canning,50
Canberra,Geylang Bahru,48
Canberra,Great World,37
Canberra,Gul Circle,58
Canberra,Havelock,39
Canberra,Haw Par Villa,51
Canberra,Hillview,51
Canberra,Hougang,44
Canberra,Jalan Besar,52
Canberra,Joo Koon,55
Canberra,Kaki Bukit,48
Canberra,Kallang,45
Canberra,Kembangan,52
Canberra,Kent Ridge,48
Canberra,Khatib,8
Canberra,King Albert Park,44
Canberra,Kovan,41
Canberra,Lakeside,47
Canberra,Lavender,43
Canberra,Lentor,29
Canberra,Little India,36
Canberra,Lorong Chuan,30
Canberra,MacPherson,40
Canberra,Marina South Pier,41
Canberra,Marsiling,15
Canberra,Marymount,30
Canberra,Mattar,46
Canberra,Mayflower,31
Canberra,Mountbatten,47
Canberra,Newton,27
Canberra,Nicoll Highway,49
Canberra,Orchard Boulevard,37
Canberra,Outram Park,40
Canberra,Pasir Panjang,53
Canberra,Pasir Ris,67
Canberra,Pioneer,52
Canberra,Potong Pasir,43
Canberra,Queenstown,52
Canberra,Redhill,50
Canberra,Rochor,38
Canberra,Sembawang,6
Canberra,Sengkang,48
Canberra,Simei,62
Canberra,Sixth Avenue,42
Canberra,Somerset,31
Canberra,Springleaf,26
Canberra,Stevens,36
Canberra,Tai Seng,38
Canberra,Tampines East,58
Canberra,Tampines West,54
Canberra,Tan Kah Kee,40
Canberra,Tanah Merah,58
Canberra,Telok Ayer,47
Canberra,Telok Blangah,57
Canberra,Tiong Bahru,48
Canberra,Toa Payoh,23
Canberra,Tuas Crescent,61
Canberra,Tuas Link,65
Canberra,Tuas West Road,63
Canberra,Ubi,46
Canberra,Upper Changi,62
Canberra,Woodlands North,22
Canberra,Woodlands South,21
Canberra,Woodleigh,41
Canberra,Yew Tee,26
Canberra,Yio Chu Kang,13
Canberra,Yishun,6
Cashew,Cashew,0
Cashew,Chinatown,36
Cashew,Choa Chu Kang,21
Cashew,Clarke Quay,35
Cashew,Clementi,43
Cashew,Commonwealth,42
Cashew,Dakota,44
Cashew,Dhoby Ghaut,33
Cashew,Dover,42
Cashew,Esplanade,38
Cashew,Eunos,46
Cashew,Farrer Park,32
Cashew,Farrer Road,29
Cashew,Fort Canning,39
Cashew,Geylang Bahru,46
Cashew,Great World,33
Cashew,Gul Circle,55
Cashew,Havelock,35
Cashew,Haw Par Villa,40
Cashew,Hillview,5
Cashew,Hougang,46
Cashew,Jalan Besar,42
Cashew,Joo Koon,52
Cashew,Kaki Bukit,53
Cashew,Kallang,39
Cashew,Kembangan,47
Cashew,Kent Ridge,38
Cashew,Khatib,48
Cashew,King Albert Park,12
Cashew,Kovan,44
Cashew,Lakeside,44
Cashew,Lavender,37
Cashew,Lentor,40
Cashew,Little India,25
Cashew,Lorong Chuan,39
Cashew,MacPherson,49
Cashew,Marina South Pier,44
Cashew,Marsiling,38
Cashew,Marymount,33
Cashew,Mattar,48
Cashew,Mayflower,37
Cashew,Mountbatten,42
Cashew,Newton,22
Cashew,Nicoll Highway,38
Cashew,Orchard Boulevard,29
Cashew,Outram Park,36
Cashew,Pasir Panjang,42
Cashew,Pasir Ris,63
Cashew,Pioneer,49
Cashew,Potong Pasir,37
Cashew,Queenstown,44
Cashew,Redhill,46
Cashew,Rochor,26
Cashew,Sembawang,48
Cashew,Sengkang,50
Cashew,Simei,58
Cashew,Sixth Avenue,15
Cashew,Somerset,33
Cashew,Springleaf,43
Cashew,Stevens,20
Cashew,Tai Seng,47
Cashew,Tampines East,63
Cashew,Tampines West,59
Cashew,Tan Kah Kee,17
Cashew,Tanah Merah,53
Cashew,Telok Ayer,35
Cashew,Telok Blangah,47
Cashew,Tiong Bahru,46
Cashew,Toa Payoh,33
Cashew,Tuas Crescent,57
Cashew,Tuas Link,62
Cashew,Tuas West Road,60
Cashew,Ubi,52
Cashew,Upper Changi,67
Cashew,Woodlands North,52
Cashew,Woodlands South,47
Cashew,Woodleigh,39
Cashew,Yew Tee,27
Cashew,Yio Chu Kang,43
Cashew,Yishun,50
Changi Airport,Admiralty,82
Changi Airport,Aljunied,33
Changi Airport,Ang Mo Kio,64
Changi Airport,Bartley,46
Changi Airport,Bayfront,51
Changi Airport,Beauty World,64
Changi Airport,Bedok,24
Changi Airport,Bedok North,33
Changi Airport,Bedok Reservoir,31
Changi Airport,Bencoolen,48
Changi Airport,Bendemeer,44
Changi Airport,Bishan,54
Changi Airport,Boon Keng,60
Changi Airport,Boon Lay,77
Changi Airport,Botanic Gardens,56
Changi Airport,Braddell,59
Changi Airport,Bras Basah,54
Changi Airport,Bright Hill,70
Changi Airport,Buangkok,63
Changi Airport,Bugis,39
Changi Airport,Bukit Batok,76
Changi Airport,Bukit Gombak,78
Changi Airport,Bukit Panjang,73
Changi Airport,Buona Vista,60
Changi Airport,Caldecott,59
Changi Airport,Canberra,76
Changi Airport,Cashew,71
Changi Airport,Changi Airport,0
Changi Airport,Chinatown,52
Changi Airport,Chinese Garden,71
Changi Airport,Choa Chu Kang,82
Changi Airport,City Hall,42
Changi Airport,Clarke Quay,58
Changi Airport,Clementi,64
Changi Airport,Commonwealth,58
Changi Airport,Dakota,41
Changi Airport,Dhoby Ghaut,48
Changi Airport,Dover,62
Changi Airport,Downtown,53
Changi Airport,Esplanade,52
Changi Airport,Eunos,29
Changi Airport,Expo,14
Changi Airport,Farrer Park,58
Changi Airport,Farrer Road,66
Changi Airport,Fort Canning,50
Changi Airport,Gardens by the Bay,58
Changi Airport,Geylang Bahru,42
Changi Airport,Great World,58
Changi Airport,Gul Circle,84
Changi Airport,HarbourFront,58
Changi Airport,Havelock,57
Changi Airport,Haw Par Villa,74
Changi Airport,Hillview,70
Changi Airport,Holland Village,69
Changi Airport,Hougang,61
Changi Airport,Jalan Besar,46
Changi Airport,Joo Koon,81
Changi Airport,Jurong East,68
Changi Airport,Kaki Bukit,35
Changi Airport,Kallang,35
Changi Airport,Kembangan,27
Changi Airport,Kent Ridge,72
Changi Airport,Khatib,71
Changi Airport,King Albert Park,62
Changi Airport,Kovan,58
Changi Airport,Kranji,91
Changi Airport,Labrador Park,69
Changi Airport,Lakeside,73
Changi Airport,Lavender,37
Changi Airport,Lentor,74
Changi Airport,Little India,50
Changi Airport,Lorong Chuan,51
Changi Airport,MacPherson,38
Changi Airport,Marina Bay,50
Changi Airport,Marina South Pier,52
Changi Airport,Marsiling,88
Changi Airport,Marymount,57
Changi Airport,Mattar,40
Changi Airport,Maxwell,56
Changi Airport,Mayflower,72
Changi Airport,Mountbatten,43
Changi Airport,Napier,61
Changi Airport,Newton,52
Changi Airport,Nicoll Highway,47
Changi Airport,Novena,55
Changi Airport,Orchard,51
Changi Airport,Orchard Boulevard,59
Changi Airport,Outram Park,48
Changi Airport,Pasir Panjang,72
Changi Airport,Pasir Ris,32
Changi Airport,Paya Lebar,31
Changi Airport,Pioneer,78
Changi Airport,Potong Pasir,60
Changi Airport,Promenade,49
Changi Airport,Punggol,67
Changi Airport,Queenstown,56
Changi Airport,Raffles Place,44
Changi Airport,Redhill,53
Changi Airport,Rochor,49
Changi Airport,Sembawang,78
Changi Airport,Sengkang,65
Changi Airport,Serangoon,49
Changi Airport,Shenton Way,57
Changi Airport,Simei,26
Changi Airport,Sixth Avenue,60
Changi Airport,Somerset,49
Changi Airport,Springleaf,77
Changi Airport,Stadium,45
Changi Airport,Stevens,54
Changi Airport,Tai Seng,43
Changi Airport,Tampines,27
Changi Airport,Tampines East,25
Changi Airport,Tampines West,29
Changi Airport,Tan Kah Kee,58
Changi Airport,Tanah Merah,18
Changi Airport,Tanjong Pagar,46
Changi Airport,Telok Ayer,53
Changi Airport,Telok Blangah,68
Changi Airport,Tiong Bahru,51
Changi Airport,Toa Payoh,58
Changi Airport,Tuas Crescent,87
Changi Airport,Tuas Link,91
Changi Airport,Tuas West Road,89
Changi Airport,Ubi,37
Changi Airport,Upper Changi,22
Changi Airport,Upper Thomson,67
Changi Airport,Woodlands,84
Changi Airport,Woodlands North,86
Changi Airport,Woodlands South,81
Changi Airport,Woodleigh,58
Changi Airport,Yew Tee,85
Changi Airport,Yio Chu Kang,66
Changi Airport,Yishun,73
Changi Airport,one-north,70
Chinatown,Chinatown,0
Chinatown,Choa Chu Kang,45
Chinatown,Clarke Quay,5
Chinatown,Clementi,27
Chinatown,Commonwealth,20
Chinatown,Dakota,25
Chinatown,Dhoby Ghaut,7
Chinatown,Dover,25
Chinatown,Esplanade,18
Chinatown,Eunos,30
Chinatown,Farrer Park,11
Chinatown,Farrer Road,32
Chinatown,Fort Canning,6
Chinatown,Geylang Bahru,13
Chinatown,Great World,15
Chinatown,Gul Circle,47
Chinatown,Havelock,14
Chinatown,Haw Par Villa,24
Chinatown,Hillview,35
Chinatown,Hougang,25
Chinatown,Jalan Besar,9
Chinatown,Joo Koon,44
Chinatown,Kaki Bukit,21
Chinatown,Kallang,24
Chinatown,Kembangan,32
Chinatown,Kent Ridge,27
Chinatown,Khatib,39
Chinatown,King Albert Park,27
Chinatown,Kovan,22
Chinatown,Lakeside,36
Chinatown,Lavender,22
Chinatown,Lentor,38
Chinatown,Little India,9
Chinatown,Lorong Chuan,30
Chinatown,MacPherson,17
Chinatown,Marina South Pier,23
Chinatown,Marsiling,56
Chinatown,Marymount,36
Chinatown,Mattar,15
Chinatown,Mayflower,35
Chinatown,Mountbatten,23
Chinatown,Newton,17
Chinatown,Nicoll Highway,19
Chinatown,Orchard Boulevard,19
Chinatown,Outram Park,5
Chinatown,Pasir Panjang,22
Chinatown,Pasir Ris,39
Chinatown,Pioneer,41
Chinatown,Potong Pasir,16
Chinatown,Queenstown,18
Chinatown,Redhill,16
Chinatown,Rochor,14
Chinatown,Sembawang,47
Chinatown,Sengkang,29
Chinatown,Simei,39
Chinatown,Sixth Avenue,25
Chinatown,Somerset,16
Chinatown,Springleaf,41
Chinatown,Stevens,20
Chinatown,Tai Seng,25
Chinatown,Tampines East,31
Chinatown,Tampines West,26
Chinatown,Tan Kah Kee,23
Chinatown,Tanah Merah,37
Chinatown,Telok Ayer,5
Chinatown,Telok Blangah,18
Chinatown,Tiong Bahru,14
Chinatown,Toa Payoh,25
Chinatown,Tuas Crescent,50
Chinatown,Tuas Link,54
Chinatown,Tuas West Road,52
Chinatown,Ubi,19
Chinatown,Upper Changi,34
Chinatown,Woodlands North,50
Chinatown,Woodlands South,45
Chinatown,Woodleigh,18
Chinatown,Yew Tee,48
Chinatown,Yio Chu Kang,34
Chinatown,Yishun,41
Choa Chu Kang,Choa Chu Kang,0
Choa Chu Kang,Clarke Quay,47
Choa Chu Kang,Clementi,21
Choa Chu Kang,Commonwealth,28
Choa Chu Kang,Dakota,61
Choa Chu Kang,Dhoby Ghaut,49
Choa Chu Kang,Dover,24
Choa Chu Kang,Esplanade,56
Choa Chu Kang,Eunos,57
Choa Chu Kang,Farrer Park,50
Choa Chu Kang,Farrer Road,39
Choa Chu Kang,Fort Canning,53
Choa Chu Kang,Geylang Bahru,60
Choa Chu Kang,Great World,47
Choa Chu Kang,Gul Circle,33
Choa Chu Kang,Havelock,45
Choa Chu Kang,Haw Par Villa,41
Choa Chu Kang,Hillview,22
Choa Chu Kang,Hougang,63
Choa Chu Kang,Jalan Besar,56
Choa Chu Kang,Joo Koon,30
Choa Chu Kang,Kaki Bukit,67
Choa Chu Kang,Kallang,50
Choa Chu Kang,Kembangan,59
Choa Chu Kang,Kent Ridge,38
Choa Chu Kang,Khatib,34
Choa Chu Kang,King Albert Park,30
Choa Chu Kang,Kovan,61
Choa Chu Kang,Lakeside,22
Choa Chu Kang,Lavender,48
Choa Chu Kang,Lentor,37
Choa Chu Kang,Little India,42
Choa Chu Kang,Lorong Chuan,54
Choa Chu Kang,MacPherson,63
Choa Chu Kang,Marina South Pier,50
Choa Chu Kang,Marsiling,16
Choa Chu Kang,Marymount,49
Choa Chu Kang,Mattar,62
Choa Chu Kang,Mayflower,40
Choa Chu Kang,Mountbatten,60
Choa Chu Kang,Newton,40
Choa Chu Kang,Nicoll Highway,55
Choa Chu Kang,Orchard Boulevard,47
Choa Chu Kang,Outram Park,37
Choa Chu Kang,Pasir Panjang,43
Choa Chu Kang,Pasir Ris,74
Choa Chu Kang,Pioneer,27
Choa Chu Kang,Potong Pasir,54
Choa Chu Kang,Queenstown,30
Choa Chu Kang,Redhill,32
Choa Chu Kang,Rochor,43
Choa Chu Kang,Sembawang,26
Choa Chu Kang,Sengkang,67
Choa Chu Kang,Simei,69
Choa Chu Kang,Sixth Avenue,32
Choa Chu Kang,Somerset,51
Choa Chu Kang,Springleaf,34
Choa Chu Kang,Stevens,38
Choa Chu Kang,Tai Seng,62
Choa Chu Kang,Tampines East,78
Choa Chu Kang,Tampines West,73
Choa Chu Kang,Tan Kah Kee,34
Choa Chu Kang,Tanah Merah,64
Choa Chu Kang,Telok Ayer,52
Choa Chu Kang,Telok Blangah,47
Choa Chu Kang,Tiong Bahru,34
Choa Chu Kang,Toa Payoh,48
Choa Chu Kang,Tuas Crescent,36
Choa Chu Kang,Tuas Link,40
Choa Chu Kang,Tuas West Road,38
Choa Chu Kang,Ubi,66
Choa Chu Kang,Upper Changi,81
Choa Chu Kang,Woodlands North,30
Choa Chu Kang,Woodlands South,30
Choa Chu Kang,Woodleigh,56
Choa Chu Kang,Yew Tee,6
Choa Chu Kang,Yio Chu Kang,39
Choa Chu Kang,Yishun,31
Clarke Quay,Clarke Quay,0
Clarke Quay,Clementi,29
Clarke Quay,Commonwealth,22
Clarke Quay,Dakota,27
Clarke Quay,Dhoby Ghaut,6
Clarke Quay,Dover,26
Clarke Quay,Esplanade,17
Clarke Quay,Eunos,32
Clarke Quay,Farrer Park,10
Clarke Quay,Farrer Road,30
Clarke Quay,Fort Canning,12
Clarke Quay,Geylang Bahru,20
Clarke Quay,Great World,17
Clarke Quay,Gul Circle,49
Clarke Quay,Havelock,15
Clarke Quay,Haw Par Villa,26
Clarke Quay,Hillview,33
Clarke Quay,Hougang,23
Clarke Quay,Jalan Besar,16
Clarke Quay,Joo Koon,46
Clarke Quay,Kaki Bukit,27
Clarke Quay,Kallang,25
Clarke Quay,Kembangan,34
Clarke Quay,Kent Ridge,29
Clarke Quay,Khatib,38
Clarke Quay,King Albert Park,26
Clarke Quay,Kovan,21
Clarke Quay,Lakeside,38
Clarke Quay,Lavender,23
Clarke Quay,Lentor,38
Clarke Quay,Little India,8
Clarke Quay,Lorong Chuan,29
Clarke Quay,MacPherson,23
Clarke Quay,Marina South Pier,22
Clarke Quay,Marsiling,55
Clarke Quay,Marymount,34
Clarke Quay,Mattar,22
Clarke Quay,Mayflower,35
Clarke Quay,Mountbatten,26
Clarke Quay,Newton,16
Clarke Quay,Nicoll Highway,22
Clarke Quay,Orchard Boulevard,21
Clarke Quay,Outram Park,7
Clarke Quay,Pasir Panjang,24
Clarke Quay,Pasir Ris,46
Clarke Quay,Pioneer,43
Clarke Quay,Potong Pasir,14
Clarke Quay,Queenstown,20
Clarke Quay,Redhill,18
Clarke Quay,Rochor,15
Clarke Quay,Sembawang,45
Clarke Quay,Sengkang,27
Clarke Quay,Simei,44
Clarke Quay,Sixth Avenue,24
Clarke Quay,Somerset,15
Clarke Quay,Springleaf,41
Clarke Quay,Stevens,18
Clarke Quay,Tai Seng,32
Clarke Quay,Tampines East,37
Clarke Quay,Tampines West,33
Clarke Quay,Tan Kah Kee,22
Clarke Quay,Tanah Merah,39
Clarke Quay,Telok Ayer,12
Clarke Quay,Telok Blangah,20
Clarke Quay,Tiong Bahru,16
Clarke Quay,Toa Payoh,23
Clarke Quay,Tuas Crescent,51
Clarke Quay,Tuas Link,56
Clarke Quay,Tuas West Road,54
Clarke Quay,Ubi,25
Clarke Quay,Upper Changi,40
Clarke Quay,Woodlands North,50
Clarke Quay,Woodlands South,45
Clarke Quay,Woodleigh,16
Clarke Quay,Yew Tee,49
Clarke Quay,Yio Chu Kang,33
Clarke Quay,Yishun,40
Clementi,Clementi,0
Clementi,Commonwealth,10
Clementi,Dakota,47
Clementi,Dhoby Ghaut,31
Clementi,Dover,6
Clementi,Esplanade,42
Clementi,Eunos,39
Clementi,Farrer Park,35
Clementi,Farrer Road,21
Clementi,Fort Canning,35
Clementi,Geylang Bahru,42
Clementi,Great World,29
Clementi,Gul Circle,23
Clementi,Havelock,27
Clementi,Haw Par Villa,22
Clementi,Hillview,43
Clementi,Hougang,48
Clementi,Jalan Besar,38
Clementi,Joo Koon,20
Clementi,Kaki Bukit,49
Clementi,Kallang,32
Clementi,Kembangan,40
Clementi,Kent Ridge,20
Clementi,Khatib,50
Clementi,King Albert Park,36
Clementi,Kovan,46
Clementi,Lakeside,12
Clementi,Lavender,30
Clementi,Lentor,45
Clementi,Little India,33
Clementi,Lorong Chuan,36
Clementi,MacPherson,45
Clementi,Marina South Pier,32
Clementi,Marsiling,35
Clementi,Marymount,30
Clementi,Mattar,44
Clementi,Mayflower,42
Clementi,Mountbatten,49
Clementi,Newton,34
Clementi,Nicoll Highway,46
Clementi,Orchard Boulevard,33
Clementi,Outram Park,19
Clementi,Pasir Panjang,25
Clementi,Pasir Ris,56
Clementi,Pioneer,17
Clementi,Potong Pasir,40
Clementi,Queenstown,12
Clementi,Redhill,14
Clementi,Rochor,37
Clementi,Sembawang,44
Clementi,Sengkang,52
Clementi,Simei,51
Clementi,Sixth Avenue,33
Clementi,Somerset,33
Clementi,Springleaf,48
Clementi,Stevens,32
Clementi,Tai Seng,44
Clementi,Tampines East,59
Clementi,Tampines West,55
Clementi,Tan Kah Kee,31
Clementi,Tanah Merah,46
Clementi,Telok Ayer,34
Clementi,Telok Blangah,29
Clementi,Tiong Bahru,16
Clementi,Toa Payoh,41
Clementi,Tuas Crescent,26
Clementi,Tuas Link,30
Clementi,Tuas West Road,28
Clementi,Ubi,48
Clementi,Upper Changi,63
Clementi,Woodlands North,48
Clementi,Woodlands South,48
Clementi,Woodleigh,41
Clementi,Yew Tee,24
Clementi,Yio Chu Kang,45
Clementi,Yishun,49
Commonwealth,Commonwealth,0
Commonwealth,Dakota,40
Commonwealth,Dhoby Ghaut,24
Commonwealth,Dover,8
Commonwealth,Esplanade,35
Commonwealth,Eunos,32
Commonwealth,Farrer Park,28
Commonwealth,Farrer Road,18
Commonwealth,Fort Canning,28
Commonwealth,Geylang Bahru,35
Commonwealth,Great World,22
Commonwealth,Gul Circle,30
Commonwealth,Havelock,21
Commonwealth,Haw Par Villa,20
Commonwealth,Hillview,40
Commonwealth,Hougang,42
Commonwealth,Jalan Besar,31
Commonwealth,Joo Koon,27
Commonwealth,Kaki Bukit,43
Commonwealth,Kallang,25
Commonwealth,Kembangan,34
Commonwealth,Kent Ridge,17
Commonwealth,Khatib,48
Commonwealth,King Albert Park,33
Commonwealth,Kovan,39
Commonwealth,Lakeside,19
Commonwealth,Lavender,23
Commonwealth,Lentor,42
Commonwealth,Little India,26
Commonwealth,Lorong Chuan,34
Commonwealth,MacPherson,39
Commonwealth,Marina South Pier,25
Commonwealth,Marsiling,41
Commonwealth,Marymount,28
Commonwealth,Mattar,37
Commonwealth,Mayflower,40
Commonwealth,Mountbatten,42
Commonwealth,Newton,30
Commonwealth,Nicoll Highway,39
Commonwealth,Orchard Boulevard,26
Commonwealth,Outram Park,12
Commonwealth,Pasir Panjang,22
Commonwealth,Pasir Ris,49
Commonwealth,Pioneer,24
Commonwealth,Potong Pasir,33
Commonwealth,Queenstown,5
Commonwealth,Redhill,8
Commonwealth,Rochor,30
Commonwealth,Sembawang,51
Commonwealth,Sengkang,46
Commonwealth,Simei,44
Commonwealth,Sixth Avenue,31
Commonwealth,Somerset,26
Commonwealth,Springleaf,45
Commonwealth,Stevens,29
Commonwealth,Tai Seng,41
Commonwealth,Tampines East,53
Commonwealth,Tampines West,48
Commonwealth,Tan Kah Kee,29
Commonwealth,Tanah Merah,39
Commonwealth,Telok Ayer,27
Commonwealth,Telok Blangah,26
Commonwealth,Tiong Bahru,10
Commonwealth,Toa Payoh,35
Commonwealth,Tuas Crescent,32
Commonwealth,Tuas Link,37
Commonwealth,Tuas West Road,35
Commonwealth,Ubi,41
Commonwealth,Upper Changi,56
Commonwealth,Woodlands North,54
Commonwealth,Woodlands South,50
Commonwealth,Woodleigh,35
Commonwealth,Yew Tee,30
Commonwealth,Yio Chu Kang,42
Commonwealth,Yishun,50
Dakota,Dakota,0
Dakota,Dhoby Ghaut,20
Dakota,Dover,44
Dakota,Esplanade,16
Dakota,Eunos,16
Dakota,Farrer Park,29
Dakota,Farrer Road,35
Dakota,Fort Canning,26
Dakota,Geylang Bahru,18
Dakota,Great World,37
Dakota,Gul Circle,67
Dakota,Havelock,36
Dakota,Haw Par Villa,47
Dakota,Hillview,42
Dakota,Hougang,30
Dakota,Jalan Besar,22
Dakota,Joo Koon,64
Dakota,Kaki Bukit,18
Dakota,Kallang,18
Dakota,Kembangan,17
Dakota,Kent Ridge,44
Dakota,Khatib,40
Dakota,King Albert Park,35
Dakota,Kovan,27
Dakota,Lakeside,56
Dakota,Lavender,20
Dakota,Lentor,45
Dakota,Little India,23
Dakota,Lorong Chuan,20
Dakota,MacPherson,10
Dakota,Marina South Pier,32
Dakota,Marsiling,57
Dakota,Marymount,26
Dakota,Mattar,16
Dakota,Mayflower,42
Dakota,Mountbatten,7
Dakota,Newton,25
Dakota,Nicoll Highway,11
Dakota,Orchard Boulevard,36
Dakota,Outram Park,31
Dakota,Pasir Panjang,48
Dakota,Pasir Ris,33
Dakota,Pioneer,61
Dakota,Potong Pasir,29
Dakota,Queenstown,38
Dakota,Redhill,36
Dakota,Rochor,21
Dakota,Sembawang,47
Dakota,Sengkang,34
Dakota,Simei,28
Dakota,Sixth Avenue,33
Dakota,Somerset,27
Dakota,Springleaf,48
Dakota,Stevens,27
Dakota,Tai Seng,12
Dakota,Tampines East,28
Dakota,Tampines West,24
Dakota,Tan Kah Kee,31
Dakota,Tanah Merah,23
Dakota,Telok Ayer,24
Dakota,Telok Blangah,44
Dakota,Tiong Bahru,34
Dakota,Toa Payoh,33
Dakota,Tuas Crescent,69
Dakota,Tuas Link,73
Dakota,Tuas West Road,71
Dakota,Ubi,17
Dakota,Upper Changi,32
Dakota,Woodlands North,57
Dakota,Woodlands South,52
Dakota,Woodleigh,27
Dakota,Yew Tee,67
Dakota,Yio Chu Kang,35
Dakota,Yishun,42
Dhoby Ghaut,Dhoby Ghaut,0
Dhoby Ghaut,Dover,29
Dhoby Ghaut,Esplanade,9
Dhoby Ghaut,Eunos,22
Dhoby Ghaut,Farrer Park,7
Dhoby Ghaut,Farrer Road,28
Dhoby Ghaut,Fort Canning,15
Dhoby Ghaut,Geylang Bahru,22
Dhoby Ghaut,Great World,15
Dhoby Ghaut,Gul Circle,51
Dhoby Ghaut,Havelock,16
Dhoby Ghaut,Haw Par Villa,28
Dhoby Ghaut,Hillview,31
Dhoby Ghaut,Hougang,21
Dhoby Ghaut,Jalan Besar,18
Dhoby Ghaut,Joo Koon,48
Dhoby Ghaut,Kaki Bukit,29
Dhoby Ghaut,Kallang,16
Dhoby Ghaut,Kembangan,24
Dhoby Ghaut,Kent Ridge,31
Dhoby Ghaut,Khatib,28
Dhoby Ghaut,King Albert Park,24
Dhoby Ghaut,Kovan,18
Dhoby Ghaut,Lakeside,40
Dhoby Ghaut,Lavender,14
Dhoby Ghaut,Lentor,34
Dhoby Ghaut,Little India,5
Dhoby Ghaut,Lorong Chuan,26
Dhoby Ghaut,MacPherson,24
Dhoby Ghaut,Marina South Pier,12
Dhoby Ghaut,Marsiling,45
Dhoby Ghaut,Marymount,28
Dhoby Ghaut,Mattar,24
Dhoby Ghaut,Mayflower,31
Dhoby Ghaut,Mountbatten,18
Dhoby Ghaut,Newton,9
Dhoby Ghaut,Nicoll Highway,14
Dhoby Ghaut,Orchard Boulevard,15
Dhoby Ghaut,Outram Park,9
Dhoby Ghaut,Pasir Panjang,26
Dhoby Ghaut,Pasir Ris,39
Dhoby Ghaut,Pioneer,45
Dhoby Ghaut,Potong Pasir,12
Dhoby Ghaut,Queenstown,22
Dhoby Ghaut,Redhill,20
Dhoby Ghaut,Rochor,13
Dhoby Ghaut,Sembawang,35
Dhoby Ghaut,Sengkang,25
Dhoby Ghaut,Simei,34
Dhoby Ghaut,Sixth Avenue,21
Dhoby Ghaut,Somerset,5
Dhoby Ghaut,Springleaf,36
Dhoby Ghaut,Stevens,16
Dhoby Ghaut,Tai Seng,27
Dhoby Ghaut,Tampines East,40
Dhoby Ghaut,Tampines West,35
Dhoby Ghaut,Tan Kah Kee,20
Dhoby Ghaut,Tanah Merah,29
Dhoby Ghaut,Telok Ayer,14
Dhoby Ghaut,Telok Blangah,22
Dhoby Ghaut,Tiong Bahru,18
Dhoby Ghaut,Toa Payoh,13
Dhoby Ghaut,Tuas Crescent,54
Dhoby Ghaut,Tuas Link,58
Dhoby Ghaut,Tuas West Road,56
Dhoby Ghaut,Ubi,28
Dhoby Ghaut,Upper Changi,43
Dhoby Ghaut,Woodlands North,46
Dhoby Ghaut,Woodlands South,41
Dhoby Ghaut,Woodleigh,14
Dhoby Ghaut,Yew Tee,52
Dhoby Ghaut,Yio Chu Kang,23
Dhoby Ghaut,Yishun,30
Dover,Dover,0
Dover,Esplanade,40
Dover,Eunos,36
Dover,Farrer Park,33
Dover,Farrer Road,18
Dover,Fort Canning,32
Dover,Geylang Bahru,40
Dover,Great World,26
Dover,Gul Circle,26
Dover,Havelock,25
Dover,Haw Par Villa,20
Dover,Hillview,40
Dover,Hougang,46
Dover,Jalan Besar,36
Dover,Joo Koon,23
Dover,Kaki Bukit,47
Dover,Kallang,30
Dover,Kembangan,38
Dover,Kent Ridge,18
Dover,Khatib,48
Dover,King Albert Park,33
Dover,Kovan,44
Dover,Lakeside,14
Dover,Lavender,28
Dover,Lentor,43
Dover,Little India,31
Dover,Lorong Chuan,34
Dover,MacPherson,43
Dover,Marina South Pier,29
Dover,Marsiling,37
Dover,Marymount,28
Dover,Mattar,42
Dover,Mayflower,40
Dover,Mountbatten,46
Dover,Newton,31
Dover,Nicoll Highway,44
Dover,Orchard Boulevard,30
Dover,Outram Park,17
Dover,Pasir Panjang,22
Dover,Pasir Ris,54
Dover,Pioneer,20
Dover,Potong Pasir,37
Dover,Queenstown,10
Dover,Redhill,12
Dover,Rochor,35
Dover,Sembawang,47
Dover,Sengkang,50
Dover,Simei,48
Dover,Sixth Avenue,31
Dover,Somerset,31
Dover,Springleaf,45
Dover,Stevens,29
Dover,Tai Seng,42
Dover,Tampines East,57
Dover,Tampines West,53
Dover,Tan Kah Kee,29
Dover,Tanah Merah,44
Dover,Telok Ayer,31
Dover,Telok Blangah,27
Dover,Tiong Bahru,14
Dover,Toa Payoh,39
Dover,Tuas Crescent,28
Dover,Tuas Link,32
Dover,Tuas West Road,30
Dover,Ubi,45
Dover,Upper Changi,60
Dover,Woodlands North,50
Dover,Woodlands South,50
Dover,Woodleigh,39
Dover,Yew Tee,26
Dover,Yio Chu Kang,43
Dover,Yishun,50
Esplanade,Esplanade,0
Esplanade,Eunos,26
Esplanade,Farrer Park,18
Esplanade,Farrer Road,34
Esplanade,Fort Canning,22
Esplanade,Geylang Bahru,29
Esplanade,Great World,26
Esplanade,Gul Circle,62
Esplanade,Havelock,28
Esplanade,Haw Par Villa,39
Esplanade,Hillview,37
Esplanade,Hougang,32
Esplanade,Jalan Besar,25
Esplanade,Joo Koon,59
Esplanade,Kaki Bukit,29
Esplanade,Kallang,26
Esplanade,Kembangan,28
Esplanade,Kent Ridge,42
Esplanade,Khatib,39
Esplanade,King Albert Park,29
Esplanade,Kovan,29
Esplanade,Lakeside,51
Esplanade,Lavender,24
Esplanade,Lentor,41
Esplanade,Little India,16
Esplanade,Lorong Chuan,31
Esplanade,MacPherson,20
Esplanade,Marina South Pier,23
Esplanade,Marsiling,56
Esplanade,Marymount,36
Esplanade,Mattar,27
Esplanade,Mayflower,39
Esplanade,Mountbatten,14
Esplanade,Newton,19
Esplanade,Nicoll Highway,10
Esplanade,Orchard Boulevard,26
Esplanade,Outram Park,20
Esplanade,Pasir Panjang,37
Esplanade,Pasir Ris,44
Esplanade,Pioneer,56
Esplanade,Potong Pasir,23
Esplanade,Queenstown,33
Esplanade,Redhill,31
Esplanade,Rochor,16
Esplanade,Sembawang,47
Esplanade,Sengkang,36
Esplanade,Simei,38
Esplanade,Sixth Avenue,27
Esplanade,Somerset,16
Esplanade,Springleaf,44
Esplanade,Stevens,22
Esplanade,Tai Seng,23
Esplanade,Tampines East,39
Esplanade,Tampines West,35
Esplanade,Tan Kah Kee,25
Esplanade,Tanah Merah,34
Esplanade,Telok Ayer,18
Esplanade,Telok Blangah,33
Esplanade,Tiong Bahru,29
Esplanade,Toa Payoh,24
Esplanade,Tuas Crescent,65
Esplanade,Tuas Link,69
Esplanade,Tuas West Road,67
Esplanade,Ubi,27
Esplanade,Upper Changi,42
Esplanade,Woodlands North,53
Esplanade,Woodlands South,49
Esplanade,Woodleigh,25
Esplanade,Yew Tee,62
Esplanade,Yio Chu Kang,34
Esplanade,Yishun,41
Eunos,Eunos,0
Eunos,Farrer Park,32
Eunos,Farrer Road,41
Eunos,Fort Canning,31
Eunos,Geylang Bahru,23
Eunos,Great World,32
Eunos,Gul Circle,59
Eunos,Havelock,31
Eunos,Haw Par Villa,48
Eunos,Hillview,44
Eunos,Hougang,35
Eunos,Jalan Besar,28
Eunos,Joo Koon,56
Eunos,Kaki Bukit,24
Eunos,Kallang,10
Eunos,Kembangan,5
Eunos,Kent Ridge,46
Eunos,Khatib,45
Eunos,King Albert Park,36
Eunos,Kovan,33
Eunos,Lakeside,47
Eunos,Lavender,12
Eunos,Lentor,48
Eunos,Little India,24
Eunos,Lorong Chuan,26
Eunos,MacPherson,15
Eunos,Marina South Pier,26
Eunos,Marsiling,62
Eunos,Marymount,31
Eunos,Mattar,22
Eunos,Mayflower,46
Eunos,Mountbatten,17
Eunos,Newton,26
Eunos,Nicoll Highway,21
Eunos,Orchard Boulevard,34
Eunos,Outram Park,23
Eunos,Pasir Panjang,46
Eunos,Pasir Ris,21
Eunos,Pioneer,52
Eunos,Potong Pasir,34
Eunos,Queenstown,30
Eunos,Redhill,28
Eunos,Rochor,23
Eunos,Sembawang,53
Eunos,Sengkang,39
Eunos,Simei,15
Eunos,Sixth Avenue,34
Eunos,Somerset,24
Eunos,Springleaf,51
Eunos,Stevens,29
Eunos,Tai Seng,18
Eunos,Tampines East,28
Eunos,Tampines West,28
Eunos,Tan Kah Kee,32
Eunos,Tanah Merah,11
Eunos,Telok Ayer,29
Eunos,Telok Blangah,42
Eunos,Tiong Bahru,26
Eunos,Toa Payoh,32
Eunos,Tuas Crescent,61
Eunos,Tuas Link,65
Eunos,Tuas West Road,63
Eunos,Ubi,22
Eunos,Upper Changi,31
Eunos,Woodlands North,60
Eunos,Woodlands South,56
Eunos,Woodleigh,32
Eunos,Yew Tee,59
Eunos,Yio Chu Kang,40
Eunos,Yishun,47
Farrer Park,Farrer Park,0
Farrer Park,Farrer Road,28
Farrer Park,Fort Canning,19
Farrer Park,Geylang Bahru,26
Farrer Park,Great World,23
Farrer Park,Gul Circle,55
Farrer Park,Havelock,21
Farrer Park,Haw Par Villa,32
Farrer Park,Hillview,31
Farrer Park,Hougang,17
Farrer Park,Jalan Besar,22
Farrer Park,Joo Koon,52
Farrer Park,Kaki Bukit,33
Farrer Park,Kallang,26
Farrer Park,Kembangan,34
Farrer Park,Kent Ridge,35
Farrer Park,Khatib,39
Farrer Park,King Albert Park,23
Farrer Park,Kovan,15
Farrer Park,Lakeside,44
Farrer Park,Lavender,24
Farrer Park,Lentor,35
Farrer Park,Little India,5
Farrer Park,Lorong Chuan,23
Farrer Park,MacPherson,28
Farrer Park,Marina South Pier,23
Farrer Park,Marsiling,56
Farrer Park,Marymount,28
Farrer Park,Mattar,28
Farrer Park,Mayflower,33
Farrer Park,Mountbatten,27
Farrer Park,Newton,13
Farrer Park,Nicoll Highway,23
Farrer Park,Orchard Boulevard,25
Farrer Park,Outram Park,13
Farrer Park,Pasir Panjang,30
Farrer Park,Pasir Ris,50
Farrer Park,Pioneer,49
Farrer Park,Potong Pasir,8
Farrer Park,Queenstown,26
Farrer Park,Redhill,24
Farrer Park,Rochor,13
Farrer Park,Sembawang,47
Farrer Park,Sengkang,21
Farrer Park,Simei,44
Farrer Park,Sixth Avenue,21
Farrer Park,Somerset,16
Farrer Park,Springleaf,38
Farrer Park,Stevens,16
Farrer Park,Tai Seng,26
Farrer Park,Tampines East,43
Farrer Park,Tampines West,39
Farrer Park,Tan Kah Kee,19
Farrer Park,Tanah Merah,39
Farrer Park,Telok Ayer,18
Farrer Park,Telok Blangah,26
Farrer Park,Tiong Bahru,22
Farrer Park,Toa Payoh,24
Farrer Park,Tuas Crescent,57
Farrer Park,Tuas Link,62
Farrer Park,Tuas West Road,60
Farrer Park,Ubi,32
Farrer Park,Upper Changi,47
Farrer Park,Woodlands North,47
Farrer Park,Woodlands South,43
Farrer Park,Woodleigh,10
Farrer Park,Yew Tee,55
Farrer Park,Yio Chu Kang,34
Farrer Park,Yishun,41
Farrer Road,Farrer Road,0
Farrer Road,Fort Canning,34
Farrer Road,Geylang Bahru,38
Farrer Road,Great World,29
Farrer Road,Gul Circle,41
Farrer Road,Havelock,30
Farrer Road,Haw Par Villa,16
Farrer Road,Hillview,27
Farrer Road,Hougang,34
Farrer Road,Jalan Besar,37
Farrer Road,Joo Koon,38
Farrer Road,Kaki Bukit,39
Farrer Road,Kallang,34
Farrer Road,Kembangan,43
Farrer Road,Kent Ridge,14
Farrer Road,Khatib,34
Farrer Road,King Albert Park,20
Farrer Road,Kovan,32
Farrer Road,Lakeside,30
Farrer Road,Lavender,32
Farrer Road,Lentor,29
Farrer Road,Little India,20
Farrer Road,Lorong Chuan,20
Farrer Road,MacPherson,30
Farrer Road,Marina South Pier,39
Farrer Road,Marsiling,50
Farrer Road,Marymount,15
Farrer Road,Mattar,37
Farrer Road,Mayflower,27
Farrer Road,Mountbatten,37
Farrer Road,Newton,18
Farrer Road,Nicoll Highway,33
Farrer Road,Orchard Boulevard,25
Farrer Road,Outram Park,27
Farrer Road,Pasir Panjang,19
Farrer Road,Pasir Ris,58
Farrer Road,Pioneer,35
Farrer Road,Potong Pasir,32
Farrer Road,Queenstown,20
Farrer Road,Redhill,22
Farrer Road,Rochor,21
Farrer Road,Sembawang,42
Farrer Road,Sengkang,38
Farrer Road,Simei,53
Farrer Road,Sixth Avenue,17
Farrer Road,Somerset,29
Farrer Road,Springleaf,32
Farrer Road,Stevens,16
Farrer Road,Tai Seng,28
Farrer Road,Tampines East,49
Farrer Road,Tampines West,44
Farrer Road,Tan Kah Kee,16
Farrer Road,Tanah Merah,48
Farrer Road,Telok Ayer,30
Farrer Road,Telok Blangah,23
Farrer Road,Tiong Bahru,25
Farrer Road,Toa Payoh,28
Farrer Road,Tuas Crescent,43
Farrer Road,Tuas Link,48
Farrer Road,Tuas West Road,46
Farrer Road,Ubi,37
Farrer Road,Upper Changi,52
Farrer Road,Woodlands North,41
Farrer Road,Woodlands South,36
Farrer Road,Woodleigh,31
Farrer Road,Yew Tee,41
Farrer Road,Yio Chu Kang,29
Farrer Road,Yishun,37
Fort Canning,Fort Canning,0
Fort Canning,Geylang Bahru,11
Fort Canning,Great World,22
Fort Canning,Gul Circle,55
Fort Canning,Havelock,21
Fort Canning,Haw Par Villa,32
Fort Canning,Hillview,37
Fort Canning,Hougang,32
Fort Canning,Jalan Besar,7
Fort Canning,Joo Koon,52
Fort Canning,Kaki Bukit,18
Fort Canning,Kallang,26
Fort Canning,Kembangan,33
Fort Canning,Kent Ridge,34
Fort Canning,Khatib,45
Fort Canning,King Albert Park,30
Fort Canning,Kovan,30
Fort Canning,Lakeside,44
Fort Canning,Lavender,24
Fort Canning,Lentor,42
Fort Canning,Little India,17
Fort Canning,Lorong Chuan,31
Fort Canning,MacPherson,14
Fort Canning,Marina South Pier,28
Fort Canning,Marsiling,62
Fort Canning,Marymount,36
Fort Canning,Mattar,13
Fort Canning,Mayflower,39
Fort Canning,Mountbatten,26
Fort Canning,Newton,20
Fort Canning,Nicoll Highway,22
Fort Canning,Orchard Boulevard,26
Fort Canning,Outram Park,13
Fort Canning,Pasir Panjang,30
Fort Canning,Pasir Ris,37
Fort Canning,Pioneer,48
Fort Canning,Potong Pasir,23
Fort Canning,Queenstown,26
Fort Canning,Redhill,24
Fort Canning,Rochor,16
Fort Canning,Sembawang,53
Fort Canning,Sengkang,36
Fort Canning,Simei,36
Fort Canning,Sixth Avenue,28
Fort Canning,Somerset,24
Fort Canning,Springleaf,44
Fort Canning,Stevens,22
Fort Canning,Tai Seng,23
Fort Canning,Tampines East,28
Fort Canning,Tampines West,24
Fort Canning,Tan Kah Kee,26
Fort Canning,Tanah Merah,38
Fort Canning,Telok Ayer,7
Fort Canning,Telok Blangah,25
Fort Canning,Tiong Bahru,22
Fort Canning,Toa Payoh,31
Fort Canning,Tuas Crescent,57
Fort Canning,Tuas Link,61
Fort Canning,Tuas West Road,59
Fort Canning,Ubi,16
Fort Canning,Upper Changi,32
Fort Canning,Woodlands North,54
Fort Canning,Woodlands South,49
Fort Canning,Woodleigh,25
Fort Canning,Yew Tee,55
Fort Canning,Yio Chu Kang,40
Fort Canning,Yishun,48
Geylang Bahru,Geylang Bahru,0
Geylang Bahru,Great World,30
Geylang Bahru,Gul Circle,62
Geylang Bahru,Havelock,28
Geylang Bahru,Haw Par Villa,39
Geylang Bahru,Hillview,44
Geylang Bahru,Hougang,33
Geylang Bahru,Jalan Besar,8
Geylang Bahru,Joo Koon,59
Geylang Bahru,Kaki Bukit,11
Geylang Bahru,Kallang,26
Geylang Bahru,Kembangan,25
Geylang Bahru,Kent Ridge,42
Geylang Bahru,Khatib,43
Geylang Bahru,King Albert Park,37
Geylang Bahru,Kovan,30
Geylang Bahru,Lakeside,51
Geylang Bahru,Lavender,28
Geylang Bahru,Lentor,48
Geylang Bahru,Little India,24
Geylang Bahru,Lorong Chuan,23
Geylang Bahru,MacPherson,7
Geylang Bahru,Marina South Pier,35
Geylang Bahru,Marsiling,60
Geylang Bahru,Marymount,29
Geylang Bahru,Mattar,5
Geylang Bahru,Mayflower,45
Geylang Bahru,Mountbatten,20
Geylang Bahru,Newton,27
Geylang Bahru,Nicoll Highway,24
Geylang Bahru,Orchard Boulevard,34
Geylang Bahru,Outram Park,20
Geylang Bahru,Pasir Panjang,37
Geylang Bahru,Pasir Ris,30
Geylang Bahru,Pioneer,56
Geylang Bahru,Potong Pasir,31
Geylang Bahru,Queenstown,33
Geylang Bahru,Redhill,31
Geylang Bahru,Rochor,24
Geylang Bahru,Sembawang,50
Geylang Bahru,Sengkang,37
Geylang Bahru,Simei,29
Geylang Bahru,Sixth Avenue,35
Geylang Bahru,Somerset,31
Geylang Bahru,Springleaf,51
Geylang Bahru,Stevens,29
Geylang Bahru,Tai Seng,15
Geylang Bahru,Tampines East,21
Geylang Bahru,Tampines West,16
Geylang Bahru,Tan Kah Kee,33
Geylang Bahru,Tanah Merah,31
Geylang Bahru,Telok Ayer,15
Geylang Bahru,Telok Blangah,33
Geylang Bahru,Tiong Bahru,29
Geylang Bahru,Toa Payoh,36
Geylang Bahru,Tuas Crescent,65
Geylang Bahru,Tuas Link,69
Geylang Bahru,Tuas West Road,67
Geylang Bahru,Ubi,9
Geylang Bahru,Upper Changi,24
Geylang Bahru,Woodlands North,60
Geylang Bahru,Woodlands South,55
Geylang Bahru,Woodleigh,30
Geylang Bahru,Yew Tee,62
Geylang Bahru,Yio Chu Kang,38
Geylang Bahru,Yishun,45
Great World,Great World,0
Great World,Gul Circle,49
Great World,Havelock,5
Great World,Haw Par Villa,32
Great World,Hillview,32
Great World,Hougang,36
Great World,Jalan Besar,26
Great World,Joo Koon,46
Great World,Kaki Bukit,37
Great World,Kallang,26
Great World,Kembangan,34
Great World,Kent Ridge,35
Great World,Khatib,32
Great World,King Albert Park,24
Great World,Kovan,34
Great World,Lakeside,38
Great World,Lavender,24
Great World,Lentor,26
Great World,Little India,21
Great World,Lorong Chuan,32
Great World,MacPherson,33
Great World,Marina South Pier,20
Great World,Marsiling,46
Great World,Marymount,26
Great World,Mattar,32
Great World,Mayflower,23
Great World,Mountbatten,35
Great World,Newton,13
Great World,Nicoll Highway,31
Great World,Orchard Boulevard,7
Great World,Outram Park,6
Great World,Pasir Panjang,30
Great World,Pasir Ris,50
Great World,Pioneer,43
Great World,Potong Pasir,27
Great World,Queenstown,20
Great World,Redhill,18
Great World,Rochor,22
Great World,Sembawang,40
Great World,Sengkang,40
Great World,Simei,44
Great World,Sixth Avenue,22
Great World,Somerset,13
Great World,Springleaf,29
Great World,Stevens,11
Great World,Tai Seng,39
Great World,Tampines East,47
Great World,Tampines West,43
Great World,Tan Kah Kee,20
Great World,Tanah Merah,40
Great World,Telok Ayer,21
Great World,Telok Blangah,26
Great World,Tiong Bahru,16
Great World,Toa Payoh,18
Great World,Tuas Crescent,51
Great World,Tuas Link,55
Great World,Tuas West Road,53
Great World,Ubi,35
Great World,Upper Changi,50
Great World,Woodlands North,38
Great World,Woodlands South,33
Great World,Woodleigh,29
Great World,Yew Tee,49
Great World,Yio Chu Kang,27
Great World,Yishun,34
Gul Circle,Gul Circle,0
Gul Circle,Havelock,47
Gul Circle,Haw Par Villa,42
Gul Circle,Hillview,57
Gul Circle,Hougang,68
Gul Circle,Jalan Besar,58
Gul Circle,Joo Koon,6
Gul Circle,Kaki Bukit,69
Gul Circle,Kallang,52
Gul Circle,Kembangan,60
Gul Circle,Kent Ridge,40
Gul Circle,Khatib,63
Gul Circle,King Albert Park,56
Gul Circle,Kovan,66
Gul Circle,Lakeside,14
Gul Circle,Lavender,50
Gul Circle,Lentor,65
Gul Circle,Little India,53
Gul Circle,Lorong Chuan,56
Gul Circle,MacPherson,65
Gul Circle,Marina South Pier,52
Gul Circle,Marsiling,46
Gul Circle,Marymount,50
Gul Circle,Mattar,64
Gul Circle,Mayflower,62
Gul Circle,Mountbatten,69
Gul Circle,Newton,54
Gul Circle,Nicoll Highway,66
Gul Circle,Orchard Boulevard,53
Gul Circle,Outram Park,39
Gul Circle,Pasir Panjang,45
Gul Circle,Pasir Ris,76
Gul Circle,Pioneer,9
Gul Circle,Potong Pasir,60
Gul Circle,Queenstown,32
Gul Circle,Redhill,34
Gul Circle,Rochor,57
Gul Circle,Sembawang,56
Gul Circle,Sengkang,72
Gul Circle,Simei,71
Gul Circle,Sixth Avenue,53
Gul Circle,Somerset,53
Gul Circle,Springleaf,64
Gul Circle,Stevens,52
Gul Circle,Tai Seng,64
Gul Circle,Tampines East,79
Gul Circle,Tampines West,75
Gul Circle,Tan Kah Kee,51
Gul Circle,Tanah Merah,66
Gul Circle,Telok Ayer,54
Gul Circle,Telok Blangah,49
Gul Circle,Tiong Bahru,36
Gul Circle,Toa Payoh,61
Gul Circle,Tuas Crescent,6
Gul Circle,Tuas Link,10
Gul Circle,Tuas West Road,8
Gul Circle,Ubi,68
Gul Circle,Upper Changi,83
Gul Circle,Woodlands North,60
Gul Circle,Woodlands South,60
Gul Circle,Woodleigh,61
Gul Circle,Yew Tee,35
Gul Circle,Yio Chu Kang,65
Gul Circle,Yishun,61
Havelock,Havelock,0
Havelock,Haw Par Villa,31
Havelock,Hillview,33
Havelock,Hougang,35
Havelock,Jalan Besar,24
Havelock,Joo Koon,44
Havelock,Kaki Bukit,36
Havelock,Kallang,25
Havelock,Kembangan,33
Havelock,Kent Ridge,34
Havelock,Khatib,34
Havelock,King Albert Park,26
Havelock,Kovan,32
Havelock,Lakeside,36
Havelock,Lavender,23
Havelock,Lentor,27
Havelock,Little India,20
Havelock,Lorong Chuan,33
Havelock,MacPherson,32
Havelock,Marina South Pier,18
Havelock,Marsiling,48
Havelock,Marymount,27
Havelock,Mattar,30
Havelock,Mayflower,25
Havelock,Mountbatten,34
Havelock,Newton,15
Havelock,Nicoll Highway,30
Havelock,Orchard Boulevard,9
Havelock,Outram Park,5
Havelock,Pasir Panjang,29
Havelock,Pasir Ris,49
Havelock,Pioneer,41
Havelock,Potong Pasir,26
Havelock,Queenstown,19
Havelock,Redhill,16
Havelock,Rochor,24
Havelock,Sembawang,41
Havelock,Sengkang,39
Havelock,Simei,43
Havelock,Sixth Avenue,24
Havelock,Somerset,15
Havelock,Springleaf,30
Havelock,Stevens,12
Havelock,Tai Seng,40
Havelock,Tampines East,46
Havelock,Tampines West,41
Havelock,Tan Kah Kee,22
Havelock,Tanah Merah,38
Havelock,Telok Ayer,20
Havelock,Telok Blangah,24
Havelock,Tiong Bahru,14
Havelock,Toa Payoh,19
Havelock,Tuas Crescent,50
Havelock,Tuas Link,54
Havelock,Tuas West Road,52
Havelock,Ubi,34
Havelock,Upper Changi,49
Havelock,Woodlands North,39
Havelock,Woodlands South,35
Havelock,Woodleigh,28
Havelock,Yew Tee,48
Havelock,Yio Chu Kang,28
Havelock,Yishun,36
Haw Par Villa,Haw Par Villa,0
Haw Par Villa,Hillview,38
Haw Par Villa,Hougang,46
Haw Par Villa,Jalan Besar,35
Haw Par Villa,Joo Koon,40
Haw Par Villa,Kaki Bukit,47
Haw Par Villa,Kallang,42
Haw Par Villa,Kembangan,50
Haw Par Villa,Kent Ridge,8
Haw Par Villa,Khatib,46
Haw Par Villa,King Albert Park,31
Haw Par Villa,Kovan,43
Haw Par Villa,Lakeside,31
Haw Par Villa,Lavender,40
Haw Par Villa,Lentor,41
Haw Par Villa,Little India,30
Haw Par Villa,Lorong Chuan,32
Haw Par Villa,MacPherson,42
Haw Par Villa,Marina South Pier,41
Haw Par Villa,Marsiling,54
Haw Par Villa,Marymount,26
Haw Par Villa,Mattar,41
Haw Par Villa,Mayflower,38
Haw Par Villa,Mountbatten,48
Haw Par Villa,Newton,29
Haw Par Villa,Nicoll Highway,44
Haw Par Villa,Orchard Boulevard,36
Haw Par Villa,Outram Park,23
Haw Par Villa,Pasir Panjang,7
Haw Par Villa,Pasir Ris,65
Haw Par Villa,Pioneer,36
Haw Par Villa,Potong Pasir,37
Haw Par Villa,Queenstown,22
Haw Par Villa,Redhill,24
Haw Par Villa,Rochor,33
Haw Par Villa,Sembawang,53
Haw Par Villa,Sengkang,50
Haw Par Villa,Simei,60
Haw Par Villa,Sixth Avenue,29
Haw Par Villa,Somerset,38
Haw Par Villa,Springleaf,43
Haw Par Villa,Stevens,27
Haw Par Villa,Tai Seng,40
Haw Par Villa,Tampines East,57
Haw Par Villa,Tampines West,52
Haw Par Villa,Tan Kah Kee,27
Haw Par Villa,Tanah Merah,56
Haw Par Villa,Telok Ayer,31
Haw Par Villa,Telok Blangah,12
Haw Par Villa,Tiong Bahru,26
Haw Par Villa,Toa Payoh,39
Haw Par Villa,Tuas Crescent,45
Haw Par Villa,Tuas Link,49
Haw Par Villa,Tuas West Road,47
Haw Par Villa,Ubi,45
Haw Par Villa,Upper Changi,60
Haw Par Villa,Woodlands North,53
Haw Par Villa,Woodlands South,48
Haw Par Villa,Woodleigh,39
Haw Par Villa,Yew Tee,43
Haw Par Villa,Yio Chu Kang,41
Haw Par Villa,Yishun,48
Hillview,Hillview,0
Hillview,Hougang,44
Hillview,Jalan Besar,40
Hillview,Joo Koon,54
Hillview,Kaki Bukit,52
Hillview,Kallang,37
Hillview,Kembangan,46
Hillview,Kent Ridge,36
Hillview,Khatib,46
Hillview,King Albert Park,11
Hillview,Kovan,42
Hillview,Lakeside,45
Hillview,Lavender,35
Hillview,Lentor,38
Hillview,Little India,23
Hillview,Lorong Chuan,37
Hillview,MacPherson,47
Hillview,Marina South Pier,42
Hillview,Marsiling,40
Hillview,Marymount,32
Hillview,Mattar,46
Hillview,Mayflower,36
Hillview,Mountbatten,40
Hillview,Newton,21
Hillview,Nicoll Highway,36
Hillview,Orchard Boulevard,28
Hillview,Outram Park,35
Hillview,Pasir Panjang,41
Hillview,Pasir Ris,61
Hillview,Pioneer,50
Hillview,Potong Pasir,35
Hillview,Queenstown,42
Hillview,Redhill,44
Hillview,Rochor,24
Hillview,Sembawang,50
Hillview,Sengkang,48
Hillview,Simei,56
Hillview,Sixth Avenue,13
Hillview,Somerset,32
Hillview,Springleaf,41
Hillview,Stevens,19
Hillview,Tai Seng,45
Hillview,Tampines East,62
Hillview,Tampines West,57
Hillview,Tan Kah Kee,15
Hillview,Tanah Merah,51
Hillview,Telok Ayer,33
Hillview,Telok Blangah,45
Hillview,Tiong Bahru,44
Hillview,Toa Payoh,32
Hillview,Tuas Crescent,59
Hillview,Tuas Link,63
Hillview,Tuas West Road,61
Hillview,Ubi,50
Hillview,Upper Changi,65
Hillview,Woodlands North,50
Hillview,Woodlands South,46
Hillview,Woodleigh,37
Hillview,Yew Tee,29
Hillview,Yio Chu Kang,41
Hillview,Yishun,49
Hougang,Hougang,0
Hougang,Jalan Besar,35
Hougang,Joo Koon,66
Hougang,Kaki Bukit,33
Hougang,Kallang,37
Hougang,Kembangan,37
Hougang,Kent Ridge,43
Hougang,Khatib,39
Hougang,King Albert Park,37
Hougang,Kovan,6
Hougang,Lakeside,57
Hougang,Lavender,37
Hougang,Lentor,44
Hougang,Little India,19
Hougang,Lorong Chuan,19
Hougang,MacPherson,24
Hougang,Marina South Pier,36
Hougang,Marsiling,56
Hougang,Marymount,25
Hougang,Mattar,31
Hougang,Mayflower,41
Hougang,Mountbatten,32
Hougang,Newton,27
Hougang,Nicoll Highway,36
Hougang,Orchard Boulevard,38
Hougang,Outram Park,26
Hougang,Pasir Panjang,43
Hougang,Pasir Ris,52
Hougang,Pioneer,62
Hougang,Potong Pasir,12
Hougang,Queenstown,40
Hougang,Redhill,37
Hougang,Rochor,26
Hougang,Sembawang,46
Hougang,Sengkang,8
Hougang,Simei,47
Hougang,Sixth Avenue,35
Hougang,Somerset,30
Hougang,Springleaf,46
Hougang,Stevens,29
Hougang,Tai Seng,22
Hougang,Tampines East,43
Hougang,Tampines West,39
Hougang,Tan Kah Kee,33
Hougang,Tanah Merah,42
Hougang,Telok Ayer,31
Hougang,Telok Blangah,39
Hougang,Tiong Bahru,35
Hougang,Toa Payoh,32
Hougang,Tuas Crescent,71
Hougang,Tuas Link,75
Hougang,Tuas West Road,73
Hougang,Ubi,31
Hougang,Upper Changi,46
Hougang,Woodlands North,56
Hougang,Woodlands South,51
Hougang,Woodleigh,10
Hougang,Yew Tee,67
Hougang,Yio Chu Kang,34
Hougang,Yishun,41
Jalan Besar,Jalan Besar,0
Jalan Besar,Joo Koon,55
Jalan Besar,Kaki Bukit,15
Jalan Besar,Kallang,29
Jalan Besar,Kembangan,30
Jalan Besar,Kent Ridge,38
Jalan Besar,Khatib,47
Jalan Besar,King Albert Park,33
Jalan Besar,Kovan,33
Jalan Besar,Lakeside,47
Jalan Besar,Lavender,27
Jalan Besar,Lentor,45
Jalan Besar,Little India,20
Jalan Besar,Lorong Chuan,27
Jalan Besar,MacPherson,11
Jalan Besar,Marina South Pier,31
Jalan Besar,Marsiling,64
Jalan Besar,Marymount,33
Jalan Besar,Mattar,9
Jalan Besar,Mayflower,42
Jalan Besar,Mountbatten,24
Jalan Besar,Newton,23
Jalan Besar,Nicoll Highway,25
Jalan Besar,Orchard Boulevard,30
Jalan Besar,Outram Park,16
Jalan Besar,Pasir Panjang,33
Jalan Besar,Pasir Ris,34
Jalan Besar,Pioneer,52
Jalan Besar,Potong Pasir,26
Jalan Besar,Queenstown,29
Jalan Besar,Redhill,27
Jalan Besar,Rochor,19
Jalan Besar,Sembawang,54
Jalan Besar,Sengkang,39
Jalan Besar,Simei,33
Jalan Besar,Sixth Avenue,31
Jalan Besar,Somerset,27
Jalan Besar,Springleaf,48
Jalan Besar,Stevens,25
Jalan Besar,Tai Seng,19
Jalan Besar,Tampines East,25
Jalan Besar,Tampines West,21
Jalan Besar,Tan Kah Kee,29
Jalan Besar,Tanah Merah,35
Jalan Besar,Telok Ayer,11
Jalan Besar,Telok Blangah,29
Jalan Besar,Tiong Bahru,25
Jalan Besar,Toa Payoh,34
Jalan Besar,Tuas Crescent,60
Jalan Besar,Tuas Link,65
Jalan Besar,Tuas West Road,63
Jalan Besar,Ubi,13
Jalan Besar,Upper Changi,28
Jalan Besar,Woodlands North,57
Jalan Besar,Woodlands South,52
Jalan Besar,Woodleigh,28
Jalan Besar,Yew Tee,58
Jalan Besar,Yio Chu Kang,42
Jalan Besar,Yishun,49
Joo Koon,Joo Koon,0
Joo Koon,Kaki Bukit,66
Joo Koon,Kallang,49
Joo Koon,Kembangan,58
Joo Koon,Kent Ridge,37
Joo Koon,Khatib,60
Joo Koon,King Albert Park,53
Joo Koon,Kovan,63
Joo Koon,Lakeside,12
Joo Koon,Lavender,47
Joo Koon,Lentor,62
Joo Koon,Little India,50
Joo Koon,Lorong Chuan,53
Joo Koon,MacPherson,62
Joo Koon,Marina South Pier,49
Joo Koon,Marsiling,43
Joo Koon,Marymount,48
Joo Koon,Mattar,61
Joo Koon,Mayflower,60
Joo Koon,Mountbatten,66
Joo Koon,Newton,51
Joo Koon,Nicoll Highway,63
Joo Koon,Orchard Boulevard,50
Joo Koon,Outram Park,36
Joo Koon,Pasir Panjang,42
Joo Koon,Pasir Ris,73
Joo Koon,Pioneer,6
Joo Koon,Potong Pasir,57
Joo Koon,Queenstown,29
Joo Koon,Redhill,31
Joo Koon,Rochor,54
Joo Koon,Sembawang,53
Joo Koon,Sengkang,70
Joo Koon,Simei,68
Joo Koon,Sixth Avenue,50
Joo Koon,Somerset,50
Joo Koon,Springleaf,61
Joo Koon,Stevens,49
Joo Koon,Tai Seng,61
Joo Koon,Tampines East,76
Joo Koon,Tampines West,72
Joo Koon,Tan Kah Kee,48
Joo Koon,Tanah Merah,63
Joo Koon,Telok Ayer,51
Joo Koon,Telok Blangah,46
Joo Koon,Tiong Bahru,33
Joo Koon,Toa Payoh,58
Joo Koon,Tuas Crescent,9
Joo Koon,Tuas Link,13
Joo Koon,Tuas West Road,11
Joo Koon,Ubi,65
Joo Koon,Upper Changi,80
Joo Koon,Woodlands North,57
Joo Koon,Woodlands South,57
Joo Koon,Woodleigh,58
Joo Koon,Yew Tee,32
Joo Koon,Yio Chu Kang,62
Joo Koon,Yishun,58
Kaki Bukit,Kaki Bukit,0
Kaki Bukit,Kallang,26
Kaki Bukit,Kembangan,26
Kaki Bukit,Kent Ridge,48
Kaki Bukit,Khatib,43
Kaki Bukit,King Albert Park,44
Kaki Bukit,Kovan,31
Kaki Bukit,Lakeside,58
Kaki Bukit,Lavender,28
Kaki Bukit,Lentor,48
Kaki Bukit,Little India,31
Kaki Bukit,Lorong Chuan,23
Kaki Bukit,MacPherson,7
Kaki Bukit,Marina South Pier,42
Kaki Bukit,Marsiling,60
Kaki Bukit,Marymount,29
Kaki Bukit,Mattar,9
Kaki Bukit,Mayflower,46
Kaki Bukit,Mountbatten,20
Kaki Bukit,Newton,34
Kaki Bukit,Nicoll Highway,24
Kaki Bukit,Orchard Boulevard,41
Kaki Bukit,Outram Park,27
Kaki Bukit,Pasir Panjang,44
Kaki Bukit,Pasir Ris,22
Kaki Bukit,Pioneer,63
Kaki Bukit,Potong Pasir,32
Kaki Bukit,Queenstown,41
Kaki Bukit,Redhill,38
Kaki Bukit,Rochor,31
Kaki Bukit,Sembawang,51
Kaki Bukit,Sengkang,37
Kaki Bukit,Simei,22
Kaki Bukit,Sixth Avenue,42
Kaki Bukit,Somerset,38
Kaki Bukit,Springleaf,51
Kaki Bukit,Stevens,37
Kaki Bukit,Tai Seng,16
Kaki Bukit,Tampines East,14
Kaki Bukit,Tampines West,9
Kaki Bukit,Tan Kah Kee,40
Kaki Bukit,Tanah Merah,26
Kaki Bukit,Telok Ayer,22
Kaki Bukit,Telok Blangah,40
Kaki Bukit,Tiong Bahru,36
Kaki Bukit,Toa Payoh,37
Kaki Bukit,Tuas Crescent,72
Kaki Bukit,Tuas Link,76
Kaki Bukit,Tuas West Road,74
Kaki Bukit,Ubi,5
Kaki Bukit,Upper Changi,17
Kaki Bukit,Woodlands North,60
Kaki Bukit,Woodlands South,55
Kaki Bukit,Woodleigh,30
Kaki Bukit,Yew Tee,70
Kaki Bukit,Yio Chu Kang,38
Kaki Bukit,Yishun,45
Kallang,Kallang,0
Kallang,Kembangan,12
Kallang,Kent Ridge,40
Kallang,Khatib,40
Kallang,King Albert Park,30
Kallang,Kovan,35
Kallang,Lakeside,41
Kallang,Lavender,5
Kallang,Lentor,42
Kallang,Little India,18
Kallang,Lorong Chuan,28
Kallang,MacPherson,18
Kallang,Marina South Pier,20
Kallang,Marsiling,57
Kallang,Marymount,34
Kallang,Mattar,24
Kallang,Mayflower,39
Kallang,Mountbatten,20
Kallang,Newton,20
Kallang,Nicoll Highway,24
Kallang,Orchard Boulevard,27
Kallang,Outram Park,16
Kallang,Pasir Panjang,40
Kallang,Pasir Ris,27
Kallang,Pioneer,46
Kallang,Potong Pasir,30
Kallang,Queenstown,23
Kallang,Redhill,21
Kallang,Rochor,16
Kallang,Sembawang,48
Kallang,Sengkang,42
Kallang,Simei,22
Kallang,Sixth Avenue,28
Kallang,Somerset,17
Kallang,Springleaf,45
Kallang,Stevens,22
Kallang,Tai Seng,20
Kallang,Tampines East,34
Kallang,Tampines West,32
Kallang,Tan Kah Kee,26
Kallang,Tanah Merah,17
Kallang,Telok Ayer,22
Kallang,Telok Blangah,35
Kallang,Tiong Bahru,19
Kallang,Toa Payoh,25
Kallang,Tuas Crescent,55
Kallang,Tuas Link,59
Kallang,Tuas West Road,57
Kallang,Ubi,24
Kallang,Upper Changi,37
Kallang,Woodlands North,54
Kallang,Woodlands South,49
Kallang,Woodleigh,32
Kallang,Yew Tee,52
Kallang,Yio Chu Kang,35
Kallang,Yishun,42
Kembangan,Kembangan,0
Kembangan,Kent Ridge,48
Kembangan,Khatib,47
Kembangan,King Albert Park,38
Kembangan,Kovan,35
Kembangan,Lakeside,49
Kembangan,Lavender,14
Kembangan,Lentor,50
Kembangan,Little India,26
Kembangan,Lorong Chuan,27
Kembangan,MacPherson,17
Kembangan,Marina South Pier,28
Kembangan,Marsiling,64
Kembangan,Marymount,33
Kembangan,Mattar,24
Kembangan,Mayflower,48
Kembangan,Mountbatten,19
Kembangan,Newton,28
Kembangan,Nicoll Highway,23
Kembangan,Orchard Boulevard,36
Kembangan,Outram Park,25
Kembangan,Pasir Panjang,48
Kembangan,Pasir Ris,19
Kembangan,Pioneer,54
Kembangan,Potong Pasir,36
Kembangan,Queenstown,32
Kembangan,Redhill,30
Kembangan,Rochor,25
Kembangan,Sembawang,55
Kembangan,Sengkang,41
Kembangan,Simei,13
Kembangan,Sixth Avenue,36
Kembangan,Somerset,26
Kembangan,Springleaf,53
Kembangan,Stevens,31
Kembangan,Tai Seng,20
Kembangan,Tampines East,26
Kembangan,Tampines West,26
Kembangan,Tan Kah Kee,34
Kembangan,Tanah Merah,9
Kembangan,Telok Ayer,30
Kembangan,Telok Blangah,44
Kembangan,Tiong Bahru,27
Kembangan,Toa Payoh,34
Kembangan,Tuas Crescent,63
Kembangan,Tuas Link,67
Kembangan,Tuas West Road,65
Kembangan,Ubi,24
Kembangan,Upper Changi,29
Kembangan,Woodlands North,62
Kembangan,Woodlands South,58
Kembangan,Woodleigh,34
Kembangan,Yew Tee,61
Kembangan,Yio Chu Kang,42
Kembangan,Yishun,49
Kent Ridge,Kent Ridge,0
Kent Ridge,Khatib,43
Kent Ridge,King Albert Park,28
Kent Ridge,Kovan,41
Kent Ridge,Lakeside,29
Kent Ridge,Lavender,38
Kent Ridge,Lentor,38
Kent Ridge,Little India,29
Kent Ridge,Lorong Chuan,29
Kent Ridge,MacPherson,39
Kent Ridge,Marina South Pier,39
Kent Ridge,Marsiling,51
Kent Ridge,Marymount,24
Kent Ridge,Mattar,44
Kent Ridge,Mayflower,35
Kent Ridge,Mountbatten,46
Kent Ridge,Newton,27
Kent Ridge,Nicoll Highway,42
Kent Ridge,Orchard Boulevard,34
Kent Ridge,Outram Park,25
Kent Ridge,Pasir Panjang,10
Kent Ridge,Pasir Ris,63
Kent Ridge,Pioneer,34
Kent Ridge,Potong Pasir,39
Kent Ridge,Queenstown,19
Kent Ridge,Redhill,22
Kent Ridge,Rochor,30
Kent Ridge,Sembawang,51
Kent Ridge,Sengkang,47
Kent Ridge,Simei,58
Kent Ridge,Sixth Avenue,26
Kent Ridge,Somerset,38
Kent Ridge,Springleaf,41
Kent Ridge,Stevens,24
Kent Ridge,Tai Seng,37
Kent Ridge,Tampines East,58
Kent Ridge,Tampines West,53
Kent Ridge,Tan Kah Kee,24
Kent Ridge,Tanah Merah,53
Kent Ridge,Telok Ayer,33
Kent Ridge,Telok Blangah,14
Kent Ridge,Tiong Bahru,24
Kent Ridge,Toa Payoh,37
Kent Ridge,Tuas Crescent,42
Kent Ridge,Tuas Link,47
Kent Ridge,Tuas West Road,45
Kent Ridge,Ubi,46
Kent Ridge,Upper Changi,61
Kent Ridge,Woodlands North,50
Kent Ridge,Woodlands South,45
Kent Ridge,Woodleigh,40
Kent Ridge,Yew Tee,40
Kent Ridge,Yio Chu Kang,38
Kent Ridge,Yishun,45
Khatib,Khatib,0
Khatib,King Albert Park,39
Khatib,Kovan,36
Khatib,Lakeside,52
Khatib,Lavender,38
Khatib,Lentor,34
Khatib,Little India,31
Khatib,Lorong Chuan,25
Khatib,MacPherson,35
Khatib,Marina South Pier,36
Khatib,Marsiling,20
Khatib,Marymount,25
Khatib,Mattar,41
Khatib,Mayflower,36
Khatib,Mountbatten,42
Khatib,Newton,22
Khatib,Nicoll Highway,44
Khatib,Orchard Boulevard,32
Khatib,Outram Park,35
Khatib,Pasir Panjang,48
Khatib,Pasir Ris,62
Khatib,Pioneer,57
Khatib,Potong Pasir,38
Khatib,Queenstown,47
Khatib,Redhill,45
Khatib,Rochor,33
Khatib,Sembawang,11
Khatib,Sengkang,43
Khatib,Simei,57
Khatib,Sixth Avenue,37
Khatib,Somerset,26
Khatib,Springleaf,31
Khatib,Stevens,31
Khatib,Tai Seng,33
Khatib,Tampines East,53
Khatib,Tampines West,49
Khatib,Tan Kah Kee,35
Khatib,Tanah Merah,53
Khatib,Telok Ayer,41
Khatib,Telok Blangah,52
Khatib,Tiong Bahru,43
Khatib,Toa Payoh,18
Khatib,Tuas Crescent,66
Khatib,Tuas Link,70
Khatib,Tuas West Road,68
Khatib,Ubi,41
Khatib,Upper Changi,56
Khatib,Woodlands North,27
Khatib,Woodlands South,27
Khatib,Woodleigh,36
Khatib,Yew Tee,31
Khatib,Yio Chu Kang,8
Khatib,Yishun,6
King Albert Park,King Albert Park,0
King Albert Park,Kovan,34
King Albert Park,Lakeside,44
King Albert Park,Lavender,28
King Albert Park,Lentor,31
King Albert Park,Little India,16
King Albert Park,Lorong Chuan,30
King Albert Park,MacPherson,40
King Albert Park,Marina South Pier,34
King Albert Park,Marsiling,47
King Albert Park,Marymount,24
King Albert Park,Mattar,39
King Albert Park,Mayflower,28
King Albert Park,Mountbatten,33
King Albert Park,Newton,13
King Albert Park,Nicoll Highway,29
King Albert Park,Orchard Boulevard,20
King Albert Park,Outram Park,28
King Albert Park,Pasir Panjang,33
King Albert Park,Pasir Ris,54
King Albert Park,Pioneer,49
King Albert Park,Potong Pasir,28
King Albert Park,Queenstown,35
King Albert Park,Redhill,37
King Albert Park,Rochor,17
King Albert Park,Sembawang,47
King Albert Park,Sengkang,41
King Albert Park,Simei,48
King Albert Park,Sixth Avenue,6
King Albert Park,Somerset,24
King Albert Park,Springleaf,34
King Albert Park,Stevens,11
King Albert Park,Tai Seng,38
King Albert Park,Tampines East,54
King Albert Park,Tampines West,50
King Albert Park,Tan Kah Kee,8
King Albert Park,Tanah Merah,44
King Albert Park,Telok Ayer,26
King Albert Park,Telok Blangah,38
King Albert Park,Tiong Bahru,37
King Albert Park,Toa Payoh,24
King Albert Park,Tuas Crescent,58
King Albert Park,Tuas Link,62
King Albert Park,Tuas West Road,60
King Albert Park,Ubi,43
King Albert Park,Upper Changi,58
King Albert Park,Woodlands North,43
King Albert Park,Woodlands South,38
King Albert Park,Woodleigh,30
King Albert Park,Yew Tee,36
King Albert Park,Yio Chu Kang,34
King Albert Park,Yishun,41
Kovan,Kovan,0
Kovan,Lakeside,55
Kovan,Lavender,35
Kovan,Lentor,41
Kovan,Little India,16
Kovan,Lorong Chuan,17
Kovan,MacPherson,22
Kovan,Marina South Pier,34
Kovan,Marsiling,53
Kovan,Marymount,22
Kovan,Mattar,29
Kovan,Mayflower,39
Kovan,Mountbatten,29
Kovan,Newton,24
Kovan,Nicoll Highway,33
Kovan,Orchard Boulevard,36
Kovan,Outram Park,24
Kovan,Pasir Panjang,41
Kovan,Pasir Ris,50
Kovan,Pioneer,60
Kovan,Potong Pasir,10
Kovan,Queenstown,37
Kovan,Redhill,35
Kovan,Rochor,24
Kovan,Sembawang,44
Kovan,Sengkang,10
Kovan,Simei,45
Kovan,Sixth Avenue,32
Kovan,Somerset,27
Kovan,Springleaf,44
Kovan,Stevens,27
Kovan,Tai Seng,20
Kovan,Tampines East,41
Kovan,Tampines West,36
Kovan,Tan Kah Kee,30
Kovan,Tanah Merah,40
Kovan,Telok Ayer,29
Kovan,Telok Blangah,37
Kovan,Tiong Bahru,33
Kovan,Toa Payoh,30
Kovan,Tuas Crescent,68
Kovan,Tuas Link,73
Kovan,Tuas West Road,71
Kovan,Ubi,29
Kovan,Upper Changi,44
Kovan,Woodlands North,53
Kovan,Woodlands South,49
Kovan,Woodleigh,8
Kovan,Yew Tee,64
Kovan,Yio Chu Kang,31
Kovan,Yishun,39
Lakeside,Lakeside,0
Lakeside,Lavender,39
Lakeside,Lentor,54
Lakeside,Little India,42
Lakeside,Lorong Chuan,45
Lakeside,MacPherson,54
Lakeside,Marina South Pier,40
Lakeside,Marsiling,35
Lakeside,Marymount,39
Lakeside,Mattar,53
Lakeside,Mayflower,51
Lakeside,Mountbatten,57
Lakeside,Newton,42
Lakeside,Nicoll Highway,55
Lakeside,Orchard Boulevard,42
Lakeside,Outram Park,28
Lakeside,Pasir Panjang,34
Lakeside,Pasir Ris,65
Lakeside,Pioneer,8
Lakeside,Potong Pasir,48
Lakeside,Queenstown,21
Lakeside,Redhill,23
Lakeside,Rochor,46
Lakeside,Sembawang,45
Lakeside,Sengkang,61
Lakeside,Simei,59
Lakeside,Sixth Avenue,42
Lakeside,Somerset,42
Lakeside,Springleaf,53
Lakeside,Stevens,40
Lakeside,Tai Seng,53
Lakeside,Tampines East,68
Lakeside,Tampines West,64
Lakeside,Tan Kah Kee,40
Lakeside,Tanah Merah,55
Lakeside,Telok Ayer,42
Lakeside,Telok Blangah,38
Lakeside,Tiong Bahru,25
Lakeside,Toa Payoh,50
Lakeside,Tuas Crescent,17
Lakeside,Tuas Link,21
Lakeside,Tuas West Road,19
Lakeside,Ubi,56
Lakeside,Upper Changi,72
Lakeside,Woodlands North,48
Lakeside,Woodlands South,48
Lakeside,Woodleigh,50
Lakeside,Yew Tee,24
Lakeside,Yio Chu Kang,54
Lakeside,Yishun,50
Lavender,Lavender,0
Lavender,Lentor,40
Lavender,Little India,16
Lavender,Lorong Chuan,30
Lavender,MacPherson,20
Lavender,Marina South Pier,18
Lavender,Marsiling,55
Lavender,Marymount,36
Lavender,Mattar,26
Lavender,Mayflower,37
Lavender,Mountbatten,22
Lavender,Newton,18
Lavender,Nicoll Highway,23
Lavender,Orchard Boulevard,25
Lavender,Outram Park,14
Lavender,Pasir Panjang,38
Lavender,Pasir Ris,29
Lavender,Pioneer,44
Lavender,Potong Pasir,28
Lavender,Queenstown,21
Lavender,Redhill,19
Lavender,Rochor,14
Lavender,Sembawang,46
Lavender,Sengkang,41
Lavender,Simei,24
Lavender,Sixth Avenue,26
Lavender,Somerset,15
Lavender,Springleaf,43
Lavender,Stevens,20
Lavender,Tai Seng,22
Lavender,Tampines East,36
Lavender,Tampines West,34
Lavender,Tan Kah Kee,24
Lavender,Tanah Merah,19
Lavender,Telok Ayer,20
Lavender,Telok Blangah,33
Lavender,Tiong Bahru,17
Lavender,Toa Payoh,23
Lavender,Tuas Crescent,53
Lavender,Tuas Link,57
Lavender,Tuas West Road,55
Lavender,Ubi,26
Lavender,Upper Changi,39
Lavender,Woodlands North,52
Lavender,Woodlands South,47
Lavender,Woodleigh,30
Lavender,Yew Tee,50
Lavender,Yio Chu Kang,33
Lavender,Yishun,40
Lentor,Lentor,0
Lentor,Little India,28
Lentor,Lorong Chuan,30
Lentor,MacPherson,40
Lentor,Marina South Pier,42
Lentor,Marsiling,24
Lentor,Marymount,24
Lentor,Mattar,46
Lentor,Mayflower,6
Lentor,Mountbatten,45
Lentor,Newton,25
Lentor,Nicoll Highway,41
Lentor,Orchard Boulevard,22
Lentor,Outram Park,29
Lentor,Pasir Panjang,43
Lentor,Pasir Ris,66
Lentor,Pioneer,59
Lentor,Potong Pasir,40
Lentor,Queenstown,43
Lentor,Redhill,40
Lentor,Rochor,29
Lentor,Sembawang,26
Lentor,Sengkang,48
Lentor,Simei,60
Lentor,Sixth Avenue,29
Lentor,Somerset,32
Lentor,Springleaf,6
Lentor,Stevens,18
Lentor,Tai Seng,38
Lentor,Tampines East,58
Lentor,Tampines West,54
Lentor,Tan Kah Kee,27
Lentor,Tanah Merah,56
Lentor,Telok Ayer,38
Lentor,Telok Blangah,47
Lentor,Tiong Bahru,38
Lentor,Toa Payoh,36
Lentor,Tuas Crescent,67
Lentor,Tuas Link,72
Lentor,Tuas West Road,70
Lentor,Ubi,46
Lentor,Upper Changi,61
Lentor,Woodlands North,15
Lentor,Woodlands South,11
Lentor,Woodleigh,41
Lentor,Yew Tee,35
Lentor,Yio Chu Kang,39
Lentor,Yishun,32
Little India,Little India,0
Little India,Lorong Chuan,24
Little India,MacPherson,27
Little India,Marina South Pier,21
Little India,Marsiling,48
Little India,Marymount,25
Little India,Mattar,26
Little India,Mayflower,25
Little India,Mountbatten,21
Little India,Newton,6
Little India,Nicoll Highway,17
Little India,Orchard Boulevard,17
Little India,Outram Park,11
Little India,Pasir Panjang,28
Little India,Pasir Ris,42
Little India,Pioneer,47
Little India,Potong Pasir,10
Little India,Queenstown,24
Little India,Redhill,22
Little India,Rochor,5
Little India,Sembawang,39
Little India,Sengkang,23
Little India,Simei,36
Little India,Sixth Avenue,14
Little India,Somerset,14
Little India,Springleaf,30
Little India,Stevens,8
Little India,Tai Seng,28
Little India,Tampines East,42
Little India,Tampines West,37
Little India,Tan Kah Kee,12
Little India,Tanah Merah,32
Little India,Telok Ayer,14
Little India,Telok Blangah,24
Little India,Tiong Bahru,20
Little India,Toa Payoh,17
Little India,Tuas Crescent,56
Little India,Tuas Link,60
Little India,Tuas West Road,58
Little India,Ubi,30
Little India,Upper Changi,45
Little India,Woodlands North,40
Little India,Woodlands South,35
Little India,Woodleigh,12
Little India,Yew Tee,48
Little India,Yio Chu Kang,26
Little India,Yishun,34
Lorong Chuan,Lorong Chuan,0
Lorong Chuan,MacPherson,15
Lorong Chuan,Marina South Pier,36
Lorong Chuan,Marsiling,42
Lorong Chuan,Marymount,11
Lorong Chuan,Mattar,21
Lorong Chuan,Mayflower,27
Lorong Chuan,Mountbatten,22
Lorong Chuan,Newton,22
Lorong Chuan,Nicoll Highway,26
Lorong Chuan,Orchard Boulevard,28
Lorong Chuan,Outram Park,32
Lorong Chuan,Pasir Panjang,34
Lorong Chuan,Pasir Ris,42
Lorong Chuan,Pioneer,50
Lorong Chuan,Potong Pasir,18
Lorong Chuan,Queenstown,36
Lorong Chuan,Redhill,38
Lorong Chuan,Rochor,32
Lorong Chuan,Sembawang,32
Lorong Chuan,Sengkang,23
Lorong Chuan,Simei,38
Lorong Chuan,Sixth Avenue,28
Lorong Chuan,Somerset,26
Lorong Chuan,Springleaf,33
Lorong Chuan,Stevens,23
Lorong Chuan,Tai Seng,13
Lorong Chuan,Tampines East,34
Lorong Chuan,Tampines West,29
Lorong Chuan,Tan Kah Kee,26
Lorong Chuan,Tanah Merah,33
Lorong Chuan,Telok Ayer,34
Lorong Chuan,Telok Blangah,38
Lorong Chuan,Tiong Bahru,40
Lorong Chuan,Toa Payoh,18
Lorong Chuan,Tuas Crescent,59
Lorong Chuan,Tuas Link,63
Lorong Chuan,Tuas West Road,61
Lorong Chuan,Ubi,22
Lorong Chuan,Upper Changi,37
Lorong Chuan,Woodlands North,42
Lorong Chuan,Woodlands South,37
Lorong Chuan,Woodleigh,16
Lorong Chuan,Yew Tee,53
Lorong Chuan,Yio Chu Kang,20
Lorong Chuan,Yishun,27
MacPherson,MacPherson,0
MacPherson,Marina South Pier,34
MacPherson,Marsiling,52
MacPherson,Marymount,20
MacPherson,Mattar,5
MacPherson,Mayflower,37
MacPherson,Mountbatten,12
MacPherson,Newton,30
MacPherson,Nicoll Highway,16
MacPherson,Orchard Boulevard,37
MacPherson,Outram Park,23
MacPherson,Pasir Panjang,40
MacPherson,Pasir Ris,26
MacPherson,Pioneer,59
MacPherson,Potong Pasir,24
MacPherson,Queenstown,37
MacPherson,Redhill,34
MacPherson,Rochor,26
MacPherson,Sembawang,42
MacPherson,Sengkang,28
MacPherson,Simei,25
MacPherson,Sixth Avenue,38
MacPherson,Somerset,32
MacPherson,Springleaf,42
MacPherson,Stevens,32
MacPherson,Tai Seng,7
MacPherson,Tampines East,17
MacPherson,Tampines West,13
MacPherson,Tan Kah Kee,36
MacPherson,Tanah Merah,23
MacPherson,Telok Ayer,18
MacPherson,Telok Blangah,36
MacPherson,Tiong Bahru,32
MacPherson,Toa Payoh,28
MacPherson,Tuas Crescent,68
MacPherson,Tuas Link,72
MacPherson,Tuas West Road,70
MacPherson,Ubi,5
MacPherson,Upper Changi,20
MacPherson,Woodlands North,52
MacPherson,Woodlands South,47
MacPherson,Woodleigh,22
MacPherson,Yew Tee,63
MacPherson,Yio Chu Kang,29
MacPherson,Yishun,37
Marina South Pier,Marina South Pier,0
Marina South Pier,Marsiling,53
Marina South Pier,Marymount,36
Marina South Pier,Mattar,37
Marina South Pier,Mayflower,40
Marina South Pier,Mountbatten,30
Marina South Pier,Newton,17
Marina South Pier,Nicoll Highway,26
Marina South Pier,Orchard Boulevard,23
Marina South Pier,Outram Park,16
Marina South Pier,Pasir Panjang,39
Marina South Pier,Pasir Ris,44
Marina South Pier,Pioneer,45
Marina South Pier,Potong Pasir,28
Marina South Pier,Queenstown,23
Marina South Pier,Redhill,21
Marina South Pier,Rochor,25
Marina South Pier,Sembawang,44
Marina South Pier,Sengkang,41
Marina South Pier,Simei,38
Marina South Pier,Sixth Avenue,32
Marina South Pier,Somerset,13
Marina South Pier,Springleaf,45
Marina South Pier,Stevens,27
Marina South Pier,Tai Seng,37
Marina South Pier,Tampines East,51
Marina South Pier,Tampines West,48
Marina South Pier,Tan Kah Kee,30
Marina South Pier,Tanah Merah,34
Marina South Pier,Telok Ayer,24
Marina South Pier,Telok Blangah,35
Marina South Pier,Tiong Bahru,18
Marina South Pier,Toa Payoh,22
Marina South Pier,Tuas Crescent,54
Marina South Pier,Tuas Link,58
Marina South Pier,Tuas West Road,56
Marina South Pier,Ubi,41
Marina South Pier,Upper Changi,54
Marina South Pier,Woodlands North,54
Marina South Pier,Woodlands South,49
Marina South Pier,Woodleigh,30
Marina South Pier,Yew Tee,52
Marina South Pier,Yio Chu Kang,31
Marina South Pier,Yishun,38
Marsiling,Marsiling,0
Marsiling,Marymount,42
Marsiling,Mattar,58
Marsiling,Mayflower,26
Marsiling,Mountbatten,59
Marsiling,Newton,39
Marsiling,Nicoll Highway,61
Marsiling,Orchard Boulevard,42
Marsiling,Outram Park,50
Marsiling,Pasir Panjang,56
Marsiling,Pasir Ris,79
Marsiling,Pioneer,40
Marsiling,Potong Pasir,55
Marsiling,Queenstown,43
Marsiling,Redhill,46
Marsiling,Rochor,49
Marsiling,Sembawang,13
Marsiling,Sengkang,60
Marsiling,Simei,74
Marsiling,Sixth Avenue,49
Marsiling,Somerset,43
Marsiling,Springleaf,21
Marsiling,Stevens,38
Marsiling,Tai Seng,50
Marsiling,Tampines East,70
Marsiling,Tampines West,66
Marsiling,Tan Kah Kee,47
Marsiling,Tanah Merah,70
Marsiling,Telok Ayer,58
Marsiling,Telok Blangah,60
Marsiling,Tiong Bahru,48
Marsiling,Toa Payoh,35
Marsiling,Tuas Crescent,49
Marsiling,Tuas Link,53
Marsiling,Tuas West Road,51
Marsiling,Ubi,58
Marsiling,Upper Changi,74
Marsiling,Woodlands North,17
Marsiling,Woodlands South,16
Marsiling,Woodleigh,53
Marsiling,Yew Tee,14
Marsiling,Yio Chu Kang,25
Marsiling,Yishun,18
Marymount,Marymount,0
Marymount,Mattar,27
Marymount,Mayflower,21
Marymount,Mountbatten,28
Marymount,Newton,22
Marymount,Nicoll Highway,32
Marymount,Orchard Boulevard,22
Marymount,Outram Park,29
Marymount,Pasir Panjang,28
Marymount,Pasir Ris,48
Marymount,Pioneer,44
Marymount,Potong Pasir,24
Marymount,Queenstown,30
Marymount,Redhill,32
Marymount,Rochor,26
Marymount,Sembawang,32
Marymount,Sengkang,29
Marymount,Simei,43
Marymount,Sixth Avenue,22
Marymount,Somerset,26
Marymount,Springleaf,27
Marymount,Stevens,18
Marymount,Tai Seng,18
Marymount,Tampines East,39
Marymount,Tampines West,35
Marymount,Tan Kah Kee,20
Marymount,Tanah Merah,39
Marymount,Telok Ayer,35
Marymount,Telok Blangah,33
Marymount,Tiong Bahru,34
Marymount,Toa Payoh,18
Marymount,Tuas Crescent,53
Marymount,Tuas Link,57
Marymount,Tuas West Road,55
Marymount,Ubi,27
Marymount,Upper Changi,42
Marymount,Woodlands North,36
Marymount,Woodlands South,31
Marymount,Woodleigh,22
Marymount,Yew Tee,51
Marymount,Yio Chu Kang,20
Marymount,Yishun,27
Mattar,Mattar,0
Mattar,Mayflower,43
Mattar,Mountbatten,18
Mattar,Newton,29
Mattar,Nicoll Highway,22
Mattar,Orchard Boulevard,36
Mattar,Outram Park,22
Mattar,Pasir Panjang,39
Mattar,Pasir Ris,28
Mattar,Pioneer,58
Mattar,Potong Pasir,30
Mattar,Queenstown,35
Mattar,Redhill,33
Mattar,Rochor,25
Mattar,Sembawang,49
Mattar,Sengkang,35
Mattar,Simei,27
Mattar,Sixth Avenue,37
Mattar,Somerset,33
Mattar,Springleaf,49
Mattar,Stevens,31
Mattar,Tai Seng,14
Mattar,Tampines East,19
Mattar,Tampines West,15
Mattar,Tan Kah Kee,35
Mattar,Tanah Merah,29
Mattar,Telok Ayer,17
Mattar,Telok Blangah,35
Mattar,Tiong Bahru,31
Mattar,Toa Payoh,34
Mattar,Tuas Crescent,66
Mattar,Tuas Link,71
Mattar,Tuas West Road,68
Mattar,Ubi,7
Mattar,Upper Changi,22
Mattar,Woodlands North,58
Mattar,Woodlands South,53
Mattar,Woodleigh,28
Mattar,Yew Tee,64
Mattar,Yio Chu Kang,36
Mattar,Yishun,43
Mayflower,Mayflower,0
Mayflower,Mountbatten,42
Mayflower,Newton,23
Mayflower,Nicoll Highway,38
Mayflower,Orchard Boulevard,19
Mayflower,Outram Park,27
Mayflower,Pasir Panjang,40
Mayflower,Pasir Ris,63
Mayflower,Pioneer,56
Mayflower,Potong Pasir,37
Mayflower,Queenstown,40
Mayflower,Redhill,38
Mayflower,Rochor,26
Mayflower,Sembawang,29
Mayflower,Sengkang,45
Mayflower,Simei,58
Mayflower,Sixth Avenue,26
Mayflower,Somerset,29
Mayflower,Springleaf,9
Mayflower,Stevens,15
Mayflower,Tai Seng,35
Mayflower,Tampines East,56
Mayflower,Tampines West,51
Mayflower,Tan Kah Kee,24
Mayflower,Tanah Merah,53
Mayflower,Telok Ayer,35
Mayflower,Telok Blangah,45
Mayflower,Tiong Bahru,36
Mayflower,Toa Payoh,34
Mayflower,Tuas Crescent,65
Mayflower,Tuas Link,69
Mayflower,Tuas West Road,67
Mayflower,Ubi,44
Mayflower,Upper Changi,59
Mayflower,Woodlands North,18
Mayflower,Woodlands South,13
Mayflower,Woodleigh,38
Mayflower,Yew Tee,37
Mayflower,Yio Chu Kang,36
Mayflower,Yishun,34
Mountbatten,Mountbatten,0
Mountbatten,Newton,23
Mountbatten,Nicoll Highway,9
Mountbatten,Orchard Boulevard,34
Mountbatten,Outram Park,29
Mountbatten,Pasir Panjang,46
Mountbatten,Pasir Ris,35
Mountbatten,Pioneer,62
Mountbatten,Potong Pasir,31
Mountbatten,Queenstown,40
Mountbatten,Redhill,38
Mountbatten,Rochor,20
Mountbatten,Sembawang,49
Mountbatten,Sengkang,36
Mountbatten,Simei,29
Mountbatten,Sixth Avenue,31
Mountbatten,Somerset,25
Mountbatten,Springleaf,48
Mountbatten,Stevens,25
Mountbatten,Tai Seng,14
Mountbatten,Tampines East,30
Mountbatten,Tampines West,26
Mountbatten,Tan Kah Kee,29
Mountbatten,Tanah Merah,25
Mountbatten,Telok Ayer,22
Mountbatten,Telok Blangah,42
Mountbatten,Tiong Bahru,36
Mountbatten,Toa Payoh,33
Mountbatten,Tuas Crescent,71
Mountbatten,Tuas Link,75
Mountbatten,Tuas West Road,73
Mountbatten,Ubi,18
Mountbatten,Upper Changi,34
Mountbatten,Woodlands North,57
Mountbatten,Woodlands South,52
Mountbatten,Woodleigh,29
Mountbatten,Yew Tee,66
Mountbatten,Yio Chu Kang,37
Mountbatten,Yishun,44
Newton,Newton,0
Newton,Nicoll Highway,19
Newton,Orchard Boulevard,13
Newton,Outram Park,16
Newton,Pasir Panjang,31
Newton,Pasir Ris,44
Newton,Pioneer,48
Newton,Potong Pasir,18
Newton,Queenstown,28
Newton,Redhill,26
Newton,Rochor,7
Newton,Sembawang,29
Newton,Sengkang,31
Newton,Simei,38
Newton,Sixth Avenue,11
Newton,Somerset,7
Newton,Springleaf,28
Newton,Stevens,6
Newton,Tai Seng,30
Newton,Tampines East,44
Newton,Tampines West,40
Newton,Tan Kah Kee,9
Newton,Tanah Merah,34
Newton,Telok Ayer,16
Newton,Telok Blangah,32
Newton,Tiong Bahru,24
Newton,Toa Payoh,7
Newton,Tuas Crescent,56
Newton,Tuas Link,60
Newton,Tuas West Road,58
Newton,Ubi,33
Newton,Upper Changi,48
Newton,Woodlands North,37
Newton,Woodlands South,33
Newton,Woodleigh,20
Newton,Yew Tee,46
Newton,Yio Chu Kang,17
Newton,Yishun,24
Nicoll Highway,Nicoll Highway,0
Nicoll Highway,Orchard Boulevard,30
Nicoll Highway,Outram Park,25
Nicoll Highway,Pasir Panjang,42
Nicoll Highway,Pasir Ris,39
Nicoll Highway,Pioneer,60
Nicoll Highway,Potong Pasir,28
Nicoll Highway,Queenstown,37
Nicoll Highway,Redhill,35
Nicoll Highway,Rochor,16
Nicoll Highway,Sembawang,51
Nicoll Highway,Sengkang,40
Nicoll Highway,Simei,33
Nicoll Highway,Sixth Avenue,27
Nicoll Highway,Somerset,21
Nicoll Highway,Springleaf,44
Nicoll Highway,Stevens,21
Nicoll Highway,Tai Seng,18
Nicoll Highway,Tampines East,34
Nicoll Highway,Tampines West,30
Nicoll Highway,Tan Kah Kee,25
Nicoll Highway,Tanah Merah,29
Nicoll Highway,Telok Ayer,18
Nicoll Highway,Telok Blangah,38
Nicoll Highway,Tiong Bahru,33
Nicoll Highway,Toa Payoh,29
Nicoll Highway,Tuas Crescent,68
Nicoll Highway,Tuas Link,73
Nicoll Highway,Tuas West Road,71
Nicoll Highway,Ubi,23
Nicoll Highway,Upper Changi,38
Nicoll Highway,Woodlands North,53
Nicoll Highway,Woodlands South,48
Nicoll Highway,Woodleigh,29
Nicoll Highway,Yew Tee,62
Nicoll Highway,Yio Chu Kang,39
Nicoll Highway,Yishun,46
Orchard Boulevard,Orchard Boulevard,0
Orchard Boulevard,Outram Park,10
Orchard Boulevard,Pasir Panjang,34
Orchard Boulevard,Pasir Ris,51
Orchard Boulevard,Pioneer,47
Orchard Boulevard,Potong Pasir,29
Orchard Boulevard,Queenstown,24
Orchard Boulevard,Redhill,22
Orchard Boulevard,Rochor,18
Orchard Boulevard,Sembawang,40
Orchard Boulevard,Sengkang,42
Orchard Boulevard,Simei,46
Orchard Boulevard,Sixth Avenue,18
Orchard Boulevard,Somerset,13
Orchard Boulevard,Springleaf,25
Orchard Boulevard,Stevens,7
Orchard Boulevard,Tai Seng,35
Orchard Boulevard,Tampines East,51
Orchard Boulevard,Tampines West,47
Orchard Boulevard,Tan Kah Kee,16
Orchard Boulevard,Tanah Merah,41
Orchard Boulevard,Telok Ayer,25
Orchard Boulevard,Telok Blangah,30
Orchard Boulevard,Tiong Bahru,20
Orchard Boulevard,Toa Payoh,18
Orchard Boulevard,Tuas Crescent,55
Orchard Boulevard,Tuas Link,59
Orchard Boulevard,Tuas West Road,57
Orchard Boulevard,Ubi,39
Orchard Boulevard,Upper Changi,54
Orchard Boulevard,Woodlands North,34
Orchard Boulevard,Woodlands South,29
Orchard Boulevard,Woodleigh,31
Orchard Boulevard,Yew Tee,53
Orchard Boulevard,Yio Chu Kang,27
Orchard Boulevard,Yishun,34
Outram Park,Outram Park,0
Outram Park,Pasir Panjang,20
Outram Park,Pasir Ris,40
Outram Park,Pioneer,33
Outram Park,Potong Pasir,18
Outram Park,Queenstown,10
Outram Park,Redhill,8
Outram Park,Rochor,18
Outram Park,Sembawang,43
Outram Park,Sengkang,30
Outram Park,Simei,35
Outram Park,Sixth Avenue,25
Outram Park,Somerset,16
Outram Park,Springleaf,32
Outram Park,Stevens,14
Outram Park,Tai Seng,32
Outram Park,Tampines East,37
Outram Park,Tampines West,33
Outram Park,Tan Kah Kee,23
Outram Park,Tanah Merah,30
Outram Park,Telok Ayer,12
Outram Park,Telok Blangah,16
Outram Park,Tiong Bahru,6
Outram Park,Toa Payoh,21
Outram Park,Tuas Crescent,41
Outram Park,Tuas Link,46
Outram Park,Tuas West Road,44
Outram Park,Ubi,26
Outram Park,Upper Changi,41
Outram Park,Woodlands North,41
Outram Park,Woodlands South,36
Outram Park,Woodleigh,19
Outram Park,Yew Tee,39
Outram Park,Yio Chu Kang,30
Outram Park,Yishun,38
Pasir Panjang,Pasir Panjang,0
Pasir Panjang,Pasir Ris,63
Pasir Panjang,Pioneer,39
Pasir Panjang,Potong Pasir,34
Pasir Panjang,Queenstown,24
Pasir Panjang,Redhill,26
Pasir Panjang,Rochor,35
Pasir Panjang,Sembawang,55
Pasir Panjang,Sengkang,48
Pasir Panjang,Simei,58
Pasir Panjang,Sixth Avenue,31
Pasir Panjang,Somerset,35
Pasir Panjang,Springleaf,46
Pasir Panjang,Stevens,29
Pasir Panjang,Tai Seng,42
Pasir Panjang,Tampines East,54
Pasir Panjang,Tampines West,50
Pasir Panjang,Tan Kah Kee,29
Pasir Panjang,Tanah Merah,54
Pasir Panjang,Telok Ayer,29
Pasir Panjang,Telok Blangah,9
Pasir Panjang,Tiong Bahru,28
Pasir Panjang,Toa Payoh,41
Pasir Panjang,Tuas Crescent,47
Pasir Panjang,Tuas Link,51
Pasir Panjang,Tuas West Road,49
Pasir Panjang,Ubi,43
Pasir Panjang,Upper Changi,58
Pasir Panjang,Woodlands North,55
Pasir Panjang,Woodlands South,50
Pasir Panjang,Woodleigh,36
Pasir Panjang,Yew Tee,45
Pasir Panjang,Yio Chu Kang,43
Pasir Panjang,Yishun,50
Pasir Ris,Pasir Ris,0
Pasir Ris,Pioneer,70
Pasir Ris,Potong Pasir,51
Pasir Ris,Queenstown,47
Pasir Ris,Redhill,45
Pasir Ris,Rochor,40
Pasir Ris,Sembawang,69
Pasir Ris,Sengkang,56
Pasir Ris,Simei,9
Pasir Ris,Sixth Avenue,52
Pasir Ris,Somerset,41
Pasir Ris,Springleaf,69
Pasir Ris,Stevens,46
Pasir Ris,Tai Seng,34
Pasir Ris,Tampines East,16
Pasir Ris,Tampines West,17
Pasir Ris,Tan Kah Kee,50
Pasir Ris,Tanah Merah,13
Pasir Ris,Telok Ayer,41
Pasir Ris,Telok Blangah,59
Pasir Ris,Tiong Bahru,43
Pasir Ris,Toa Payoh,49
Pasir Ris,Tuas Crescent,78
Pasir Ris,Tuas Link,83
Pasir Ris,Tuas West Road,81
Pasir Ris,Ubi,24
Pasir Ris,Upper Changi,20
Pasir Ris,Woodlands North,78
Pasir Ris,Woodlands South,73
Pasir Ris,Woodleigh,49
Pasir Ris,Yew Tee,76
Pasir Ris,Yio Chu Kang,57
Pasir Ris,Yishun,64
Pioneer,Pioneer,0
Pioneer,Potong Pasir,53
Pioneer,Queenstown,26
Pioneer,Redhill,28
Pioneer,Rochor,51
Pioneer,Sembawang,50
Pioneer,Sengkang,66
Pioneer,Simei,64
Pioneer,Sixth Avenue,47
Pioneer,Somerset,47
Pioneer,Springleaf,58
Pioneer,Stevens,45
Pioneer,Tai Seng,58
Pioneer,Tampines East,73
Pioneer,Tampines West,69
Pioneer,Tan Kah Kee,45
Pioneer,Tanah Merah,60
Pioneer,Telok Ayer,48
Pioneer,Telok Blangah,43
Pioneer,Tiong Bahru,30
Pioneer,Toa Payoh,55
Pioneer,Tuas Crescent,12
Pioneer,Tuas Link,16
Pioneer,Tuas West Road,14
Pioneer,Ubi,61
Pioneer,Upper Changi,76
Pioneer,Woodlands North,53
Pioneer,Woodlands South,53
Pioneer,Woodleigh,55
Pioneer,Yew Tee,29
Pioneer,Yio Chu Kang,59
Pioneer,Yishun,55
Potong Pasir,Potong Pasir,0
Potong Pasir,Queenstown,31
Potong Pasir,Redhill,28
Potong Pasir,Rochor,17
Potong Pasir,Sembawang,45
Potong Pasir,Sengkang,16
Potong Pasir,Simei,46
Potong Pasir,Sixth Avenue,26
Potong Pasir,Somerset,21
Potong Pasir,Springleaf,43
Potong Pasir,Stevens,20
Potong Pasir,Tai Seng,22
Potong Pasir,Tampines East,42
Potong Pasir,Tampines West,38
Potong Pasir,Tan Kah Kee,24
Potong Pasir,Tanah Merah,42
Potong Pasir,Telok Ayer,22
Potong Pasir,Telok Blangah,30
Potong Pasir,Tiong Bahru,26
Potong Pasir,Toa Payoh,29
Potong Pasir,Tuas Crescent,62
Potong Pasir,Tuas Link,66
Potong Pasir,Tuas West Road,64
Potong Pasir,Ubi,30
Potong Pasir,Upper Changi,46
Potong Pasir,Woodlands North,52
Potong Pasir,Woodlands South,47
Potong Pasir,Woodleigh,5
Potong Pasir,Yew Tee,60
Potong Pasir,Yio Chu Kang,33
Potong Pasir,Yishun,40
Queenstown,Queenstown,0
Queenstown,Redhill,6
Queenstown,Rochor,28
Queenstown,Sembawang,53
Queenstown,Sengkang,44
Queenstown,Simei,42
Queenstown,Sixth Avenue,33
Queenstown,Somerset,24
Queenstown,Springleaf,46
Queenstown,Stevens,28
Queenstown,Tai Seng,40
Queenstown,Tampines East,51
Queenstown,Tampines West,46
Queenstown,Tan Kah Kee,31
Queenstown,Tanah Merah,37
Queenstown,Telok Ayer,25
Queenstown,Telok Blangah,28
Queenstown,Tiong Bahru,8
Queenstown,Toa Payoh,33
Queenstown,Tuas Crescent,34
Queenstown,Tuas Link,39
Queenstown,Tuas West Road,37
Queenstown,Ubi,39
Queenstown,Upper Changi,54
Queenstown,Woodlands North,55
Queenstown,Woodlands South,50
Queenstown,Woodleigh,33
Queenstown,Yew Tee,32
Queenstown,Yio Chu Kang,42
Queenstown,Yishun,49
Redhill,Redhill,0
Redhill,Rochor,26
Redhill,Sembawang,52
Redhill,Sengkang,42
Redhill,Simei,40
Redhill,Sixth Avenue,35
Redhill,Somerset,22
Redhill,Springleaf,43
Redhill,Stevens,26
Redhill,Tai Seng,38
Redhill,Tampines East,48
Redhill,Tampines West,44
Redhill,Tan Kah Kee,33
Redhill,Tanah Merah,35
Redhill,Telok Ayer,23
Redhill,Telok Blangah,27
Redhill,Tiong Bahru,5
Redhill,Toa Payoh,30
Redhill,Tuas Crescent,37
Redhill,Tuas Link,41
Redhill,Tuas West Road,39
Redhill,Ubi,37
Redhill,Upper Changi,52
Redhill,Woodlands North,53
Redhill,Woodlands South,48
Redhill,Woodleigh,30
Redhill,Yew Tee,35
Redhill,Yio Chu Kang,40
Redhill,Yishun,47
Rochor,Rochor,0
Rochor,Sembawang,40
Rochor,Sengkang,30
Rochor,Simei,35
Rochor,Sixth Avenue,15
Rochor,Somerset,18
Rochor,Springleaf,32
Rochor,Stevens,9
Rochor,Tai Seng,29
Rochor,Tampines East,41
Rochor,Tampines West,36
Rochor,Tan Kah Kee,13
Rochor,Tanah Merah,30
Rochor,Telok Ayer,12
Rochor,Telok Blangah,31
Rochor,Tiong Bahru,24
Rochor,Toa Payoh,18
Rochor,Tuas Crescent,60
Rochor,Tuas Link,64
Rochor,Tuas West Road,62
Rochor,Ubi,29
Rochor,Upper Changi,44
Rochor,Woodlands North,41
Rochor,Woodlands South,36
Rochor,Woodleigh,19
Rochor,Yew Tee,50
Rochor,Yio Chu Kang,28
Rochor,Yishun,35
Sembawang,Sembawang,0
Sembawang,Sengkang,50
Sembawang,Simei,65
Sembawang,Sixth Avenue,44
Sembawang,Somerset,34
Sembawang,Springleaf,24
Sembawang,Stevens,39
Sembawang,Tai Seng,40
Sembawang,Tampines East,61
Sembawang,Tampines West,56
Sembawang,Tan Kah Kee,42
Sembawang,Tanah Merah,60
Sembawang,Telok Ayer,49
Sembawang,Telok Blangah,60
Sembawang,Tiong Bahru,50
Sembawang,Toa Payoh,25
Sembawang,Tuas Crescent,58
Sembawang,Tuas Link,63
Sembawang,Tuas West Road,61
Sembawang,Ubi,49
Sembawang,Upper Changi,64
Sembawang,Woodlands North,19
Sembawang,Woodlands South,19
Sembawang,Woodleigh,43
Sembawang,Yew Tee,24
Sembawang,Yio Chu Kang,16
Sembawang,Yishun,8
Sengkang,Sengkang,0
Sengkang,Simei,51
Sengkang,Sixth Avenue,39
Sengkang,Somerset,34
Sengkang,Springleaf,51
Sengkang,Stevens,33
Sengkang,Tai Seng,26
Sengkang,Tampines East,47
Sengkang,Tampines West,43
Sengkang,Tan Kah Kee,37
Sengkang,Tanah Merah,47
Sengkang,Telok Ayer,35
Sengkang,Telok Blangah,43
Sengkang,Tiong Bahru,39
Sengkang,Toa Payoh,36
Sengkang,Tuas Crescent,75
Sengkang,Tuas Link,79
Sengkang,Tuas West Road,77
Sengkang,Ubi,35
Sengkang,Upper Changi,50
Sengkang,Woodlands North,60
Sengkang,Woodlands South,55
Sengkang,Woodleigh,15
Sengkang,Yew Tee,71
Sengkang,Yio Chu Kang,38
Sengkang,Yishun,45
Simei,Simei,0
Simei,Sixth Avenue,46
Simei,Somerset,36
Simei,Springleaf,63
Simei,Stevens,41
Simei,Tai Seng,30
Simei,Tampines East,16
Simei,Tampines West,16
Simei,Tan Kah Kee,44
Simei,Tanah Merah,8
Simei,Telok Ayer,40
Simei,Telok Blangah,54
Simei,Tiong Bahru,38
Simei,Toa Payoh,44
Simei,Tuas Crescent,73
Simei,Tuas Link,77
Simei,Tuas West Road,75
Simei,Ubi,24
Simei,Upper Changi,19
Simei,Woodlands North,72
Simei,Woodlands South,68
Simei,Woodleigh,44
Simei,Yew Tee,71
Simei,Yio Chu Kang,52
Simei,Yishun,59
Sixth Avenue,Sixth Avenue,0
Sixth Avenue,Somerset,22
Sixth Avenue,Springleaf,32
Sixth Avenue,Stevens,9
Sixth Avenue,Tai Seng,36
Sixth Avenue,Tampines East,52
Sixth Avenue,Tampines West,48
Sixth Avenue,Tan Kah Kee,5
Sixth Avenue,Tanah Merah,42
Sixth Avenue,Telok Ayer,24
Sixth Avenue,Telok Blangah,35
Sixth Avenue,Tiong Bahru,35
Sixth Avenue,Toa Payoh,22
Sixth Avenue,Tuas Crescent,56
Sixth Avenue,Tuas Link,60
Sixth Avenue,Tuas West Road,58
Sixth Avenue,Ubi,40
Sixth Avenue,Upper Changi,56
Sixth Avenue,Woodlands North,41
Sixth Avenue,Woodlands South,36
Sixth Avenue,Woodleigh,28
Sixth Avenue,Yew Tee,38
Sixth Avenue,Yio Chu Kang,32
Sixth Avenue,Yishun,39
Somerset,Somerset,0
Somerset,Springleaf,35
Somerset,Stevens,17
Somerset,Tai Seng,34
Somerset,Tampines East,48
Somerset,Tampines West,44
Somerset,Tan Kah Kee,20
Somerset,Tanah Merah,31
Somerset,Telok Ayer,23
Somerset,Telok Blangah,31
Somerset,Tiong Bahru,20
Somerset,Toa Payoh,11
Somerset,Tuas Crescent,56
Somerset,Tuas Link,60
Somerset,Tuas West Road,58
Somerset,Ubi,37
Somerset,Upper Changi,51
Somerset,Woodlands North,44
Somerset,Woodlands South,39
Somerset,Woodleigh,23
Somerset,Yew Tee,54
Somerset,Yio Chu Kang,21
Somerset,Yishun,28
Springleaf,Springleaf,0
Springleaf,Stevens,20
Springleaf,Tai Seng,40
Springleaf,Tampines East,61
Springleaf,Tampines West,57
Springleaf,Tan Kah Kee,30
Springleaf,Tanah Merah,59
Springleaf,Telok Ayer,41
Springleaf,Telok Blangah,50
Springleaf,Tiong Bahru,41
Springleaf,Toa Payoh,39
Springleaf,Tuas Crescent,66
Springleaf,Tuas Link,71
Springleaf,Tuas West Road,69
Springleaf,Ubi,49
Springleaf,Upper Changi,64
Springleaf,Woodlands North,13
Springleaf,Woodlands South,8
Springleaf,Woodleigh,44
Springleaf,Yew Tee,32
Springleaf,Yio Chu Kang,36
Springleaf,Yishun,29
Stevens,Stevens,0
Stevens,Tai Seng,31
Stevens,Tampines East,47
Stevens,Tampines West,42
Stevens,Tan Kah Kee,7
Stevens,Tanah Merah,36
Stevens,Telok Ayer,18
Stevens,Telok Blangah,34
Stevens,Tiong Bahru,24
Stevens,Toa Payoh,17
Stevens,Tuas Crescent,54
Stevens,Tuas Link,58
Stevens,Tuas West Road,56
Stevens,Ubi,35
Stevens,Upper Changi,50
Stevens,Woodlands North,30
Stevens,Woodlands South,25
Stevens,Woodleigh,22
Stevens,Yew Tee,44
Stevens,Yio Chu Kang,26
Stevens,Yishun,34
Tai Seng,Tai Seng,0
Tai Seng,Tampines East,26
Tai Seng,Tampines West,21
Tai Seng,Tan Kah Kee,34
Tai Seng,Tanah Merah,25
Tai Seng,Telok Ayer,27
Tai Seng,Telok Blangah,45
Tai Seng,Tiong Bahru,36
Tai Seng,Toa Payoh,26
Tai Seng,Tuas Crescent,66
Tai Seng,Tuas Link,71
Tai Seng,Tuas West Road,69
Tai Seng,Ubi,14
Tai Seng,Upper Changi,29
Tai Seng,Woodlands North,50
Tai Seng,Woodlands South,45
Tai Seng,Woodleigh,20
Tai Seng,Yew Tee,61
Tai Seng,Yio Chu Kang,27
Tai Seng,Yishun,35
Tampines East,Tampines East,0
Tampines East,Tampines West,8
Tampines East,Tan Kah Kee,50
Tampines East,Tanah Merah,20
Tampines East,Telok Ayer,32
Tampines East,Telok Blangah,50
Tampines East,Tiong Bahru,46
Tampines East,Toa Payoh,47
Tampines East,Tuas Crescent,82
Tampines East,Tuas Link,86
Tampines East,Tuas West Road,84
Tampines East,Ubi,15
Tampines East,Upper Changi,7
Tampines East,Woodlands North,70
Tampines East,Woodlands South,66
Tampines East,Woodleigh,40
Tampines East,Yew Tee,80
Tampines East,Yio Chu Kang,48
Tampines East,Yishun,55
Tampines West,Tampines West,0
Tampines West,Tan Kah Kee,46
Tampines West,Tanah Merah,21
Tampines West,Telok Ayer,28
Tampines West,Telok Blangah,46
Tampines West,Tiong Bahru,42
Tampines West,Toa Payoh,42
Tampines West,Tuas Crescent,78
Tampines West,Tuas Link,82
Tampines West,Tuas West Road,80
Tampines West,Ubi,11
Tampines West,Upper Changi,11
Tampines West,Woodlands North,66
Tampines West,Woodlands South,61
Tampines West,Woodleigh,36
Tampines West,Yew Tee,75
Tampines West,Yio Chu Kang,44
Tampines West,Yishun,51
Tan Kah Kee,Tan Kah Kee,0
Tan Kah Kee,Tanah Merah,40
Tan Kah Kee,Telok Ayer,22
Tan Kah Kee,Telok Blangah,34
Tan Kah Kee,Tiong Bahru,33
Tan Kah Kee,Toa Payoh,20
Tan Kah Kee,Tuas Crescent,54
Tan Kah Kee,Tuas Link,58
Tan Kah Kee,Tuas West Road,56
Tan Kah Kee,Ubi,38
Tan Kah Kee,Upper Changi,54
Tan Kah Kee,Woodlands North,39
Tan Kah Kee,Woodlands South,34
Tan Kah Kee,Woodleigh,26
Tan Kah Kee,Yew Tee,40
Tan Kah Kee,Yio Chu Kang,30
Tan Kah Kee,Yishun,37
Tanah Merah,Tanah Merah,0
Tanah Merah,Telok Ayer,36
Tanah Merah,Telok Blangah,49
Tanah Merah,Tiong Bahru,33
Tanah Merah,Toa Payoh,39
Tanah Merah,Tuas Crescent,68
Tanah Merah,Tuas Link,73
Tanah Merah,Tuas West Road,71
Tanah Merah,Ubi,28
Tanah Merah,Upper Changi,20
Tanah Merah,Woodlands North,68
Tanah Merah,Woodlands South,63
Tanah Merah,Woodleigh,40
Tanah Merah,Yew Tee,66
Tanah Merah,Yio Chu Kang,48
Tanah Merah,Yishun,55
Telok Ayer,Telok Ayer,0
Telok Ayer,Telok Blangah,24
Telok Ayer,Tiong Bahru,21
Telok Ayer,Toa Payoh,27
Telok Ayer,Tuas Crescent,56
Telok Ayer,Tuas Link,60
Telok Ayer,Tuas West Road,58
Telok Ayer,Ubi,20
Telok Ayer,Upper Changi,35
Telok Ayer,Woodlands North,50
Telok Ayer,Woodlands South,45
Telok Ayer,Woodleigh,24
Telok Ayer,Yew Tee,54
Telok Ayer,Yio Chu Kang,36
Telok Ayer,Yishun,44
Telok Blangah,Telok Blangah,0
Telok Blangah,Tiong Bahru,25
Telok Blangah,Toa Payoh,39
Telok Blangah,Tuas Crescent,52
Telok Blangah,Tuas Link,56
Telok Blangah,Tuas West Road,54
Telok Blangah,Ubi,38
Telok Blangah,Upper Changi,53
Telok Blangah,Woodlands North,59
Telok Blangah,Woodlands South,54
Telok Blangah,Woodleigh,32
Telok Blangah,Yew Tee,49
Telok Blangah,Yio Chu Kang,47
Telok Blangah,Yishun,55
Tiong Bahru,Tiong Bahru,0
Tiong Bahru,Toa Payoh,28
Tiong Bahru,Tuas Crescent,39
Tiong Bahru,Tuas Link,43
Tiong Bahru,Tuas West Road,41
Tiong Bahru,Ubi,34
Tiong Bahru,Upper Changi,50
Tiong Bahru,Woodlands North,50
Tiong Bahru,Woodlands South,46
Tiong Bahru,Woodleigh,28
Tiong Bahru,Yew Tee,37
Tiong Bahru,Yio Chu Kang,38
Tiong Bahru,Yishun,45
Toa Payoh,Toa Payoh,0
Toa Payoh,Tuas Crescent,64
Toa Payoh,Tuas Link,68
Toa Payoh,Tuas West Road,66
Toa Payoh,Ubi,35
Toa Payoh,Upper Changi,50
Toa Payoh,Woodlands North,41
Toa Payoh,Woodlands South,41
Toa Payoh,Woodleigh,29
Toa Payoh,Yew Tee,46
Toa Payoh,Yio Chu Kang,13
Toa Payoh,Yishun,20
Tuas Crescent,Tuas Crescent,0
Tuas Crescent,Tuas Link,8
Tuas Crescent,Tuas West Road,5
Tuas Crescent,Ubi,70
Tuas Crescent,Upper Changi,85
Tuas Crescent,Woodlands North,62
Tuas Crescent,Woodlands South,62
Tuas Crescent,Woodleigh,64
Tuas Crescent,Yew Tee,38
Tuas Crescent,Yio Chu Kang,68
Tuas Crescent,Yishun,64
Tuas Link,Tuas Link,0
Tuas Link,Tuas West Road,5
Tuas Link,Ubi,74
Tuas Link,Upper Changi,89
Tuas Link,Woodlands North,66
Tuas Link,Woodlands South,66
Tuas Link,Woodleigh,68
Tuas Link,Yew Tee,42
Tuas Link,Yio Chu Kang,72
Tuas Link,Yishun,68
Tuas West Road,Tuas West Road,0
Tuas West Road,Ubi,72
Tuas West Road,Upper Changi,87
Tuas West Road,Woodlands North,64
Tuas West Road,Woodlands South,64
Tuas West Road,Woodleigh,66
Tuas West Road,Yew Tee,40
Tuas West Road,Yio Chu Kang,70
Tuas West Road,Yishun,66
Ubi,Ubi,0
Ubi,Upper Changi,19
Ubi,Woodlands North,58
Ubi,Woodlands South,54
Ubi,Woodleigh,28
Ubi,Yew Tee,68
Ubi,Yio Chu Kang,36
Ubi,Yishun,44
Upper Changi,Upper Changi,0
Upper Changi,Woodlands North,74
Upper Changi,Woodlands South,69
Upper Changi,Woodleigh,44
Upper Changi,Yew Tee,83
Upper Changi,Yio Chu Kang,51
Upper Changi,Yishun,59
Woodlands North,Woodlands North,0
Woodlands North,Woodlands South,8
Woodlands North,Woodleigh,53
Woodlands North,Yew Tee,28
Woodlands North,Yio Chu Kang,32
Woodlands North,Yishun,24
Woodlands South,Woodlands South,0
Woodlands South,Woodleigh,48
Woodlands South,Yew Tee,27
Woodlands South,Yio Chu Kang,32
Woodlands South,Yishun,24
Woodleigh,Woodleigh,0
Woodleigh,Yew Tee,62
Woodleigh,Yio Chu Kang,31
Woodleigh,Yishun,38
Yew Tee,Yew Tee,0
Yew Tee,Yio Chu Kang,36
Yew Tee,Yishun,29
Yio Chu Kang,Yio Chu Kang,0
Yio Chu Kang,Yishun,11
Yishun,Yishun,0