from_station_name,to_station_name,trip_duration_in_minutes
Bayfront,Admiralty,49
Bayfront,Aljunied,21
Bayfront,Ang Mo Kio,31
Bayfront,Bartley,30
Bayfront,Bayfront,0
Bayfront,Beauty World,24
Bayfront,Bedok,30
Bayfront,Bedok North,27
Bayfront,Bedok Reservoir,29
Bayfront,Bencoolen,12
Bayfront,Bendemeer,16
Bayfront,Bishan,28
Bayfront,Boon Keng,20
Bayfront,Boon Lay,49
Bayfront,Botanic Gardens,17
Bayfront,Braddell,25
Bayfront,Bras Basah,17
Bayfront,Bright Hill,30
Bayfront,Buangkok,34
Bayfront,Bugis,7
Bayfront,Bukit Batok,49
Bayfront,Bukit Gombak,51
Bayfront,Bukit Panjang,34
Bayfront,Buona Vista,32
Bayfront,Caldecott,24
Bayfront,Canberra,43
Bayfront,Cashew,32
Bayfront,Changi Airport,51
Bayfront,Chinatown,8
Bayfront,Chinese Garden,44
Bayfront,Choa Chu Kang,49
Bayfront,City Hall,17
Bayfront,Clarke Quay,15
Bayfront,Clementi,37
Bayfront,Commonwealth,30
Bayfront,Dakota,20
Bayfront,Dhoby Ghaut,17
Bayfront,Dover,34
Bayfront,Downtown,5
Bayfront,Esplanade,15
Bayfront,Eunos,25
Bayfront,Expo,40
Bayfront,Farrer Park,18
Bayfront,Farrer Road,27
Bayfront,Fort Canning,11
Bayfront,Gardens by the Bay,16
Bayfront,Geylang Bahru,18
Bayfront,Great World,22
Bayfront,Gul Circle,57
Bayfront,HarbourFront,18
Bayfront,Havelock,21
Bayfront,Haw Par Villa,34
Bayfront,Hillview,30
Bayfront,Holland Village,29
Bayfront,Hougang,31
Bayfront,Jalan Besar,14
Bayfront,Joo Koon,54
Bayfront,Jurong East,41
Bayfront,Kaki Bukit,25
Bayfront,Kallang,19
Bayfront,Kembangan,27
Bayfront,Kent Ridge,36
Bayfront,Khatib,38
Bayfront,King Albert Park,22
Bayfront,Kovan,29
Bayfront,Kranji,58
Bayfront,Labrador Park,30
Bayfront,Lakeside,46
Bayfront,Lavender,17
Bayfront,Lentor,34
Bayfront,Little India,10
Bayfront,Lorong Chuan,35
Bayfront,MacPherson,21
Bayfront,Marina Bay,8
Bayfront,Marina South Pier,17
Bayfront,Marsiling,55
Bayfront,Marymount,31
Bayfront,Mattar,20
Bayfront,Maxwell,17
Bayfront,Mayflower,32
Bayfront,Mountbatten,18
Bayfront,Napier,22
Bayfront,Newton,12
Bayfront,Nicoll Highway,14
Bayfront,Novena,21
Bayfront,Orchard,22
Bayfront,Orchard Boulevard,24
Bayfront,Outram Park,15
Bayfront,Pasir Panjang,32
Bayfront,Pasir Ris,43
Bayfront,Paya Lebar,23
Bayfront,Pioneer,51
Bayfront,Potong Pasir,22
Bayfront,Promenade,6
Bayfront,Punggol,38
Bayfront,Queenstown,28
Bayfront,Raffles Place,16
Bayfront,Redhill,26
Bayfront,Rochor,9
Bayfront,Sembawang,46
Bayfront,Sengkang,36
Bayfront,Serangoon,26
Bayfront,Shenton Way,16
Bayfront,Simei,37
Bayfront,Sixth Avenue,20
Bayfront,Somerset,22
Bayfront,Springleaf,37
Bayfront,Stadium,17
Bayfront,Stevens,15
Bayfront,Tai Seng,28
Bayfront,Tampines,33
Bayfront,Tampines East,35
Bayfront,Tampines West,31
Bayfront,Tan Kah Kee,18
Bayfront,Tanah Merah,33
Bayfront,Tanjong Pagar,22
Bayfront,Telok Ayer,7
Bayfront,Telok Blangah,28
Bayfront,Tiong Bahru,24
Bayfront,Toa Payoh,24
Bayfront,Tuas Crescent,59
Bayfront,Tuas Link,64
Bayfront,Tuas West Road,62
Bayfront,Ubi,24
Bayfront,Upper Changi,39
Bayfront,Upper Thomson,27
Bayfront,Woodlands,44
Bayfront,Woodlands North,46
Bayfront,Woodlands South,42
Bayfront,Woodleigh,24
Bayfront,Yew Tee,55
Bayfront,Yio Chu Kang,33
Bayfront,Yishun,40
Bayfront,one-north,34
Beauty World,Admiralty,52
Beauty World,Aljunied,34
Beauty World,Ang Mo Kio,34
Beauty World,Bartley,37
Beauty World,Bayfront,24
Beauty World,Beauty World,0
Beauty World,Bedok,43
Beauty World,Bedok North,48
Beauty World,Bedok Reservoir,50
Beauty World,Bencoolen,33
Beauty World,Bendemeer,37
Beauty World,Bishan,29
Beauty World,Boon Keng,28
Beauty World,Boon Lay,50
Beauty World,Botanic Gardens,11
Beauty World,Braddell,28
Beauty World,Bras Basah,33
Beauty World,Bright Hill,28
Beauty World,Buangkok,41
Beauty World,Bugis,21
Beauty World,Bukit Batok,38
Beauty World,Bukit Gombak,36
Beauty World,Bukit Panjang,12
Beauty World,Buona Vista,26
Beauty World,Caldecott,22
Beauty World,Canberra,46
Beauty World,Cashew,10
Beauty World,Changi Airport,64
Beauty World,Chinatown,29
Beauty World,Chinese Garden,44
Beauty World,Choa Chu Kang,28
Beauty World,City Hall,30
Beauty World,Clarke Quay,28
Beauty World,Clementi,38
Beauty World,Commonwealth,35
Beauty World,Dakota,37
Beauty World,Dhoby Ghaut,26
Beauty World,Dover,35
Beauty World,Downtown,26
Beauty World,Esplanade,31
Beauty World,Eunos,38
Beauty World,Expo,59
Beauty World,Farrer Park,25
Beauty World,Farrer Road,22
Beauty World,Fort Canning,32
Beauty World,Gardens by the Bay,37
Beauty World,Geylang Bahru,39
Beauty World,Great World,26
Beauty World,Gul Circle,58
Beauty World,HarbourFront,35
Beauty World,Havelock,28
Beauty World,Haw Par Villa,33
Beauty World,Hillview,9
Beauty World,Holland Village,24
Beauty World,Hougang,39
Beauty World,Jalan Besar,35
Beauty World,Joo Koon,55
Beauty World,Jurong East,42
Beauty World,Kaki Bukit,46
Beauty World,Kallang,32
Beauty World,Kembangan,40
Beauty World,Kent Ridge,30
Beauty World,Khatib,41
Beauty World,King Albert Park,6
Beauty World,Kovan,36
Beauty World,Kranji,42
Beauty World,Labrador Park,38
Beauty World,Lakeside,46
Beauty World,Lavender,30
Beauty World,Lentor,33
Beauty World,Little India,18
Beauty World,Lorong Chuan,32
Beauty World,MacPherson,42
Beauty World,Marina Bay,33
Beauty World,Marina South Pier,36
Beauty World,Marsiling,45
Beauty World,Marymount,26
Beauty World,Mattar,41
Beauty World,Maxwell,31
Beauty World,Mayflower,30
Beauty World,Mountbatten,35
Beauty World,Napier,21
Beauty World,Newton,15
Beauty World,Nicoll Highway,31
Beauty World,Novena,24
Beauty World,Orchard,24
Beauty World,Orchard Boulevard,22
Beauty World,Outram Park,30
Beauty World,Pasir Panjang,35
Beauty World,Pasir Ris,56
Beauty World,Paya Lebar,36
Beauty World,Pioneer,51
Beauty World,Potong Pasir,30
Beauty World,Promenade,22
Beauty World,Punggol,46
Beauty World,Queenstown,37
Beauty World,Raffles Place,32
Beauty World,Redhill,39
Beauty World,Rochor,19
Beauty World,Sembawang,49
Beauty World,Sengkang,43
Beauty World,Serangoon,34
Beauty World,Shenton Way,33
Beauty World,Simei,50
Beauty World,Sixth Avenue,8
Beauty World,Somerset,26
Beauty World,Springleaf,36
Beauty World,Stadium,33
Beauty World,Stevens,13
Beauty World,Tai Seng,40
Beauty World,Tampines,53
Beauty World,Tampines East,56
Beauty World,Tampines West,52
Beauty World,Tan Kah Kee,10
Beauty World,Tanah Merah,46
Beauty World,Tanjong Pagar,35
Beauty World,Telok Ayer,28
Beauty World,Telok Blangah,40
Beauty World,Tiong Bahru,39
Beauty World,Toa Payoh,26
Beauty World,Tuas Crescent,60
Beauty World,Tuas Link,64
Beauty World,Tuas West Road,62
Beauty World,Ubi,45
Beauty World,Upper Changi,60
Beauty World,Upper Thomson,26
Beauty World,Woodlands,42
Beauty World,Woodlands North,45
Beauty World,Woodlands South,40
Beauty World,Woodleigh,32
Beauty World,Yew Tee,34
Beauty World,Yio Chu Kang,36
Beauty World,Yishun,43
Beauty World,one-north,29
Bishan,Admiralty,24
Bishan,Aljunied,28
Bishan,Ang Mo Kio,6
Bishan,Bartley,13
Bishan,Bayfront,28
Bishan,Beauty World,29
Bishan,Bedok,33
Bishan,Bedok North,28
Bishan,Bedok Reservoir,30
Bishan,Bencoolen,32
Bishan,Bendemeer,28
Bishan,Bishan,0
Bishan,Boon Keng,23
Bishan,Boon Lay,45
Bishan,Botanic Gardens,14
Bishan,Braddell,5
Bishan,Bras Basah,26
Bishan,Bright Hill,22
Bishan,Buangkok,24
Bishan,Bugis,24
Bishan,Bukit Batok,45
Bishan,Bukit Gombak,47
Bishan,Bukit Panjang,38
Bishan,Buona Vista,22
Bishan,Caldecott,10
Bishan,Canberra,19
Bishan,Cashew,36
Bishan,Changi Airport,54
Bishan,Chinatown,29
Bishan,Chinese Garden,40
Bishan,Choa Chu Kang,44
Bishan,City Hall,19
Bishan,Clarke Quay,27
Bishan,Clementi,33
Bishan,Commonwealth,30
Bishan,Dakota,23
Bishan,Dhoby Ghaut,17
Bishan,Dover,31
Bishan,Downtown,29
Bishan,Esplanade,28
Bishan,Eunos,28
Bishan,Expo,41
Bishan,Farrer Park,25
Bishan,Farrer Road,17
Bishan,Fort Canning,33
Bishan,Gardens by the Bay,32
Bishan,Geylang Bahru,26
Bishan,Great World,22
Bishan,Gul Circle,53
Bishan,HarbourFront,34
Bishan,Havelock,23
Bishan,Haw Par Villa,29
Bishan,Hillview,34
Bishan,Holland Village,20
Bishan,Hougang,22
Bishan,Jalan Besar,30
Bishan,Joo Koon,50
Bishan,Jurong East,37
Bishan,Kaki Bukit,26
Bishan,Kallang,29
Bishan,Kembangan,30
Bishan,Kent Ridge,26
Bishan,Khatib,14
Bishan,King Albert Park,27
Bishan,Kovan,19
Bishan,Kranji,34
Bishan,Labrador Park,33
Bishan,Lakeside,42
Bishan,Lavender,27
Bishan,Lentor,27
Bishan,Little India,21
Bishan,Lorong Chuan,8
Bishan,MacPherson,17
Bishan,Marina Bay,23
Bishan,Marina South Pier,26
Bishan,Marsiling,31
Bishan,Marymount,8
Bishan,Mattar,24
Bishan,Maxwell,27
Bishan,Mayflower,24
Bishan,Mountbatten,25
Bishan,Napier,23
Bishan,Newton,11
Bishan,Nicoll Highway,29
Bishan,Novena,9
Bishan,Orchard,14
Bishan,Orchard Boulevard,22
Bishan,Outram Park,25
Bishan,Pasir Panjang,31
Bishan,Pasir Ris,45
Bishan,Paya Lebar,20
Bishan,Pioneer,47
Bishan,Potong Pasir,21
Bishan,Promenade,25
Bishan,Punggol,28
Bishan,Queenstown,32
Bishan,Raffles Place,21
Bishan,Redhill,34
Bishan,Rochor,22
Bishan,Sembawang,21
Bishan,Sengkang,26
Bishan,Serangoon,10
Bishan,Shenton Way,28
Bishan,Simei,40
Bishan,Sixth Avenue,25
Bishan,Somerset,15
Bishan,Springleaf,29
Bishan,Stadium,26
Bishan,Stevens,20
Bishan,Tai Seng,15
Bishan,Tampines,34
Bishan,Tampines East,36
Bishan,Tampines West,32
Bishan,Tan Kah Kee,23
Bishan,Tanah Merah,36
Bishan,Tanjong Pagar,27
Bishan,Telok Ayer,31
Bishan,Telok Blangah,35
Bishan,Tiong Bahru,32
Bishan,Toa Payoh,7
Bishan,Tuas Crescent,56
Bishan,Tuas Link,60
Bishan,Tuas West Road,58
Bishan,Ubi,24
Bishan,Upper Changi,39
Bishan,Upper Thomson,20
Bishan,Woodlands,27
Bishan,Woodlands North,37
Bishan,Woodlands South,34
Bishan,Woodleigh,19
Bishan,Yew Tee,42
Bishan,Yio Chu Kang,9
Bishan,Yishun,16
Bishan,one-north,24
Botanic Gardens,Admiralty,42
Botanic Gardens,Aljunied,26
Botanic Gardens,Ang Mo Kio,24
Botanic Gardens,Bartley,23
Botanic Gardens,Bayfront,17
Botanic Gardens,Beauty World,11
Botanic Gardens,Bedok,35
Botanic Gardens,Bedok North,38
Botanic Gardens,Bedok Reservoir,39
Botanic Gardens,Bencoolen,25
Botanic Gardens,Bendemeer,29
Botanic Gardens,Bishan,14
Botanic Gardens,Boon Keng,20
Botanic Gardens,Boon Lay,35
Botanic Gardens,Botanic Gardens,0
Botanic Gardens,Braddell,20
Botanic Gardens,Bras Basah,25
Botanic Gardens,Bright Hill,20
Botanic Gardens,Buangkok,33
Botanic Gardens,Bugis,13
Botanic Gardens,Bukit Batok,35
Botanic Gardens,Bukit Gombak,37
Botanic Gardens,Bukit Panjang,20
Botanic Gardens,Buona Vista,12
Botanic Gardens,Caldecott,10
Botanic Gardens,Canberra,37
Botanic Gardens,Cashew,18
Botanic Gardens,Changi Airport,56
Botanic Gardens,Chinatown,21
Botanic Gardens,Chinese Garden,30
Botanic Gardens,Choa Chu Kang,36
Botanic Gardens,City Hall,22
Botanic Gardens,Clarke Quay,20
Botanic Gardens,Clementi,23
Botanic Gardens,Commonwealth,20
Botanic Gardens,Dakota,29
Botanic Gardens,Dhoby Ghaut,18
Botanic Gardens,Dover,21
Botanic Gardens,Downtown,18
Botanic Gardens,Esplanade,23
Botanic Gardens,Eunos,31
Botanic Gardens,Expo,51
Botanic Gardens,Farrer Park,18
Botanic Gardens,Farrer Road,7
Botanic Gardens,Fort Canning,24
Botanic Gardens,Gardens by the Bay,29
Botanic Gardens,Geylang Bahru,31
Botanic Gardens,Great World,18
Botanic Gardens,Gul Circle,43
Botanic Gardens,HarbourFront,27
Botanic Gardens,Havelock,20
Botanic Gardens,Haw Par Villa,19
Botanic Gardens,Hillview,17
Botanic Gardens,Holland Village,10
Botanic Gardens,Hougang,31
Botanic Gardens,Jalan Besar,27
Botanic Gardens,Joo Koon,40
Botanic Gardens,Jurong East,27
Botanic Gardens,Kaki Bukit,36
Botanic Gardens,Kallang,24
Botanic Gardens,Kembangan,32
Botanic Gardens,Kent Ridge,16
Botanic Gardens,Khatib,32
Botanic Gardens,King Albert Park,9
Botanic Gardens,Kovan,29
Botanic Gardens,Kranji,49
Botanic Gardens,Labrador Park,23
Botanic Gardens,Lakeside,32
Botanic Gardens,Lavender,22
Botanic Gardens,Lentor,25
Botanic Gardens,Little India,10
Botanic Gardens,Lorong Chuan,18
Botanic Gardens,MacPherson,27
Botanic Gardens,Marina Bay,25
Botanic Gardens,Marina South Pier,29
Botanic Gardens,Marsiling,45
Botanic Gardens,Marymount,12
Botanic Gardens,Mattar,33
Botanic Gardens,Maxwell,24
Botanic Gardens,Mayflower,22
Botanic Gardens,Mountbatten,27
Botanic Gardens,Napier,13
Botanic Gardens,Newton,8
Botanic Gardens,Nicoll Highway,23
Botanic Gardens,Novena,16
Botanic Gardens,Orchard,16
Botanic Gardens,Orchard Boulevard,14
Botanic Gardens,Outram Park,22
Botanic Gardens,Pasir Panjang,21
Botanic Gardens,Pasir Ris,48
Botanic Gardens,Paya Lebar,28
Botanic Gardens,Pioneer,37
Botanic Gardens,Potong Pasir,22
Botanic Gardens,Promenade,14
Botanic Gardens,Punggol,38
Botanic Gardens,Queenstown,22
Botanic Gardens,Raffles Place,24
Botanic Gardens,Redhill,25
Botanic Gardens,Rochor,11
Botanic Gardens,Sembawang,39
Botanic Gardens,Sengkang,35
Botanic Gardens,Serangoon,19
Botanic Gardens,Shenton Way,25
Botanic Gardens,Simei,43
Botanic Gardens,Sixth Avenue,7
Botanic Gardens,Somerset,18
Botanic Gardens,Springleaf,28
Botanic Gardens,Stadium,25
Botanic Gardens,Stevens,5
Botanic Gardens,Tai Seng,25
Botanic Gardens,Tampines,44
Botanic Gardens,Tampines East,46
Botanic Gardens,Tampines West,42
Botanic Gardens,Tan Kah Kee,5
Botanic Gardens,Tanah Merah,38
Botanic Gardens,Tanjong Pagar,27
Botanic Gardens,Telok Ayer,20
Botanic Gardens,Telok Blangah,25
Botanic Gardens,Tiong Bahru,27
Botanic Gardens,Toa Payoh,18
Botanic Gardens,Tuas Crescent,46
Botanic Gardens,Tuas Link,50
Botanic Gardens,Tuas West Road,48
Botanic Gardens,Ubi,34
Botanic Gardens,Upper Changi,49
Botanic Gardens,Upper Thomson,18
Botanic Gardens,Woodlands,34
Botanic Gardens,Woodlands North,37
Botanic Gardens,Woodlands South,32
Botanic Gardens,Woodleigh,24
Botanic Gardens,Yew Tee,42
Botanic Gardens,Yio Chu Kang,26
Botanic Gardens,Yishun,34
Botanic Gardens,one-north,14
Bugis,Admiralty,45
Bugis,Aljunied,10
Bugis,Ang Mo Kio,27
Bugis,Bartley,27
Bugis,Bayfront,7
Bugis,Beauty World,21
Bugis,Bedok,18
Bugis,Bedok North,31
Bugis,Bedok Reservoir,33
Bugis,Bencoolen,16
Bugis,Bendemeer,20
Bugis,Bishan,24
Bugis,Boon Keng,16
Bugis,Boon Lay,40
Bugis,Botanic Gardens,13
Bugis,Braddell,22
Bugis,Bras Basah,16
Bugis,Bright Hill,26
Bugis,Buangkok,30
Bugis,Bugis,0
Bugis,Bukit Batok,40
Bugis,Bukit Gombak,42
Bugis,Bukit Panjang,30
Bugis,Buona Vista,23
Bugis,Caldecott,20
Bugis,Canberra,39
Bugis,Cashew,28
Bugis,Changi Airport,39
Bugis,Chinatown,12
Bugis,Chinese Garden,35
Bugis,Choa Chu Kang,45
Bugis,City Hall,6
Bugis,Clarke Quay,17
Bugis,Clementi,28
Bugis,Commonwealth,21
Bugis,Dakota,20
Bugis,Dhoby Ghaut,11
Bugis,Dover,26
Bugis,Downtown,9
Bugis,Esplanade,14
Bugis,Eunos,14
Bugis,Expo,34
Bugis,Farrer Park,14
Bugis,Farrer Road,23
Bugis,Fort Canning,14
Bugis,Gardens by the Bay,22
Bugis,Geylang Bahru,22
Bugis,Great World,22
Bugis,Gul Circle,48
Bugis,HarbourFront,22
Bugis,Havelock,20
Bugis,Haw Par Villa,34
Bugis,Hillview,26
Bugis,Holland Village,26
Bugis,Hougang,28
Bugis,Jalan Besar,18
Bugis,Joo Koon,45
Bugis,Jurong East,32
Bugis,Kaki Bukit,29
Bugis,Kallang,7
Bugis,Kembangan,16
Bugis,Kent Ridge,32
Bugis,Khatib,34
Bugis,King Albert Park,19
Bugis,Kovan,25
Bugis,Kranji,54
Bugis,Labrador Park,33
Bugis,Lakeside,37
Bugis,Lavender,5
Bugis,Lentor,30
Bugis,Little India,6
Bugis,Lorong Chuan,32
Bugis,MacPherson,22
Bugis,Marina Bay,14
Bugis,Marina South Pier,16
Bugis,Marsiling,51
Bugis,Marymount,28
Bugis,Mattar,24
Bugis,Maxwell,20
Bugis,Mayflower,28
Bugis,Mountbatten,18
Bugis,Napier,18
Bugis,Newton,9
Bugis,Nicoll Highway,14
Bugis,Novena,17
Bugis,Orchard,15
Bugis,Orchard Boulevard,20
Bugis,Outram Park,12
Bugis,Pasir Panjang,36
Bugis,Pasir Ris,31
Bugis,Paya Lebar,12
Bugis,Pioneer,42
Bugis,Potong Pasir,19
Bugis,Promenade,5
Bugis,Punggol,34
Bugis,Queenstown,19
Bugis,Raffles Place,8
Bugis,Redhill,17
Bugis,Rochor,5
Bugis,Sembawang,42
Bugis,Sengkang,32
Bugis,Serangoon,23
Bugis,Shenton Way,21
Bugis,Simei,26
Bugis,Sixth Avenue,16
Bugis,Somerset,13
Bugis,Springleaf,33
Bugis,Stadium,16
Bugis,Stevens,11
Bugis,Tai Seng,24
Bugis,Tampines,28
Bugis,Tampines East,38
Bugis,Tampines West,35
Bugis,Tan Kah Kee,14
Bugis,Tanah Merah,21
Bugis,Tanjong Pagar,10
Bugis,Telok Ayer,11
Bugis,Telok Blangah,31
Bugis,Tiong Bahru,15
Bugis,Toa Payoh,20
Bugis,Tuas Crescent,50
Bugis,Tuas Link,55
Bugis,Tuas West Road,53
Bugis,Ubi,27
Bugis,Upper Changi,41
Bugis,Upper Thomson,23
Bugis,Woodlands,40
Bugis,Woodlands North,43
Bugis,Woodlands South,38
Bugis,Woodleigh,20
Bugis,Yew Tee,48
Bugis,Yio Chu Kang,29
Bugis,Yishun,36
Bugis,one-north,30
Chinese Garden,Admiralty,39
Chinese Garden,Aljunied,41
Chinese Garden,Ang Mo Kio,49
Chinese Garden,Bartley,48
Chinese Garden,Bayfront,44
Chinese Garden,Beauty World,44
Chinese Garden,Bedok,50
Chinese Garden,Bedok North,58
Chinese Garden,Bedok Reservoir,59
Chinese Garden,Bencoolen,43
Chinese Garden,Bendemeer,47
Chinese Garden,Bishan,40
Chinese Garden,Boon Keng,44
Chinese Garden,Boon Lay,9
Chinese Garden,Botanic Gardens,30
Chinese Garden,Braddell,48
Chinese Garden,Bras Basah,47
Chinese Garden,Bright Hill,47
Chinese Garden,Buangkok,57
Chinese Garden,Bugis,35
Chinese Garden,Bukit Batok,14
Chinese Garden,Bukit Gombak,16
Chinese Garden,Bukit Panjang,34
Chinese Garden,Buona Vista,14
Chinese Garden,Caldecott,35
Chinese Garden,Canberra,45
Chinese Garden,Cashew,42
Chinese Garden,Changi Airport,71
Chinese Garden,Chinatown,34
Chinese Garden,Chinese Garden,0
Chinese Garden,Choa Chu Kang,20
Chinese Garden,City Hall,32
Chinese Garden,Clarke Quay,36
Chinese Garden,Clementi,10
Chinese Garden,Commonwealth,17
Chinese Garden,Dakota,53
Chinese Garden,Dhoby Ghaut,38
Chinese Garden,Dover,12
Chinese Garden,Downtown,42
Chinese Garden,Esplanade,49
Chinese Garden,Eunos,45
Chinese Garden,Expo,65
Chinese Garden,Farrer Park,42
Chinese Garden,Farrer Road,28
Chinese Garden,Fort Canning,41
Chinese Garden,Gardens by the Bay,39
Chinese Garden,Geylang Bahru,49
Chinese Garden,Great World,35
Chinese Garden,Gul Circle,17
Chinese Garden,HarbourFront,35
Chinese Garden,Havelock,34
Chinese Garden,Haw Par Villa,29
Chinese Garden,Hillview,43
Chinese Garden,Holland Village,25
Chinese Garden,Hougang,55
Chinese Garden,Jalan Besar,45
Chinese Garden,Joo Koon,14
Chinese Garden,Jurong East,6
Chinese Garden,Kaki Bukit,56
Chinese Garden,Kallang,39
Chinese Garden,Kembangan,47
Chinese Garden,Kent Ridge,27
Chinese Garden,Khatib,50
Chinese Garden,King Albert Park,42
Chinese Garden,Kovan,53
Chinese Garden,Kranji,30
Chinese Garden,Labrador Park,34
Chinese Garden,Lakeside,6
Chinese Garden,Lavender,37
Chinese Garden,Lentor,52
Chinese Garden,Little India,40
Chinese Garden,Lorong Chuan,43
Chinese Garden,MacPherson,52
Chinese Garden,Marina Bay,36
Chinese Garden,Marina South Pier,38
Chinese Garden,Marsiling,33
Chinese Garden,Marymount,37
Chinese Garden,Mattar,50
Chinese Garden,Maxwell,34
Chinese Garden,Mayflower,49
Chinese Garden,Mountbatten,55
Chinese Garden,Napier,41
Chinese Garden,Newton,40
Chinese Garden,Nicoll Highway,53
Chinese Garden,Novena,46
Chinese Garden,Orchard,37
Chinese Garden,Orchard Boulevard,39
Chinese Garden,Outram Park,26
Chinese Garden,Pasir Panjang,31
Chinese Garden,Pasir Ris,63
Chinese Garden,Paya Lebar,43
Chinese Garden,Pioneer,10
Chinese Garden,Potong Pasir,46
Chinese Garden,Promenade,44
Chinese Garden,Punggol,62
Chinese Garden,Queenstown,19
Chinese Garden,Raffles Place,30
Chinese Garden,Redhill,21
Chinese Garden,Rochor,44
Chinese Garden,Sembawang,43
Chinese Garden,Sengkang,59
Chinese Garden,Serangoon,45
Chinese Garden,Shenton Way,35
Chinese Garden,Simei,57
Chinese Garden,Sixth Avenue,40
Chinese Garden,Somerset,40
Chinese Garden,Springleaf,51
Chinese Garden,Stadium,55
Chinese Garden,Stevens,38
Chinese Garden,Tai Seng,51
Chinese Garden,Tampines,59
Chinese Garden,Tampines East,66
Chinese Garden,Tampines West,62
Chinese Garden,Tan Kah Kee,38
Chinese Garden,Tanah Merah,53
Chinese Garden,Tanjong Pagar,28
Chinese Garden,Telok Ayer,40
Chinese Garden,Telok Blangah,36
Chinese Garden,Tiong Bahru,23
Chinese Garden,Toa Payoh,48
Chinese Garden,Tuas Crescent,19
Chinese Garden,Tuas Link,23
Chinese Garden,Tuas West Road,21
Chinese Garden,Ubi,54
Chinese Garden,Upper Changi,69
Chinese Garden,Upper Thomson,45
Chinese Garden,Woodlands,36
Chinese Garden,Woodlands North,46
Chinese Garden,Woodlands South,46
Chinese Garden,Woodleigh,48
Chinese Garden,Yew Tee,22
Chinese Garden,Yio Chu Kang,52
Chinese Garden,Yishun,48
Chinese Garden,one-north,25
City Hall,Admiralty,40
City Hall,Aljunied,12
City Hall,Ang Mo Kio,22
City Hall,Bartley,29
City Hall,Bayfront,17
City Hall,Beauty World,30
City Hall,Bedok,21
City Hall,Bedok North,34
City Hall,Bedok Reservoir,36
City Hall,Bencoolen,26
City Hall,Bendemeer,30
City Hall,Bishan,19
City Hall,Boon Keng,19
City Hall,Boon Lay,38
City Hall,Botanic Gardens,22
City Hall,Braddell,17
City Hall,Bras Basah,15
City Hall,Bright Hill,31
City Hall,Buangkok,32
City Hall,Bugis,6
City Hall,Bukit Batok,38
City Hall,Bukit Gombak,40
City Hall,Bukit Panjang,39
City Hall,Buona Vista,21
City Hall,Caldecott,25
City Hall,Canberra,35
City Hall,Cashew,37
City Hall,Changi Airport,42
City Hall,Chinatown,17
City Hall,Chinese Garden,32
City Hall,Choa Chu Kang,44
City Hall,City Hall,0
City Hall,Clarke Quay,15
City Hall,Clementi,26
City Hall,Commonwealth,19
City Hall,Dakota,24
City Hall,Dhoby Ghaut,5
City Hall,Dover,23
City Hall,Downtown,19
City Hall,Esplanade,17
City Hall,Eunos,16
City Hall,Expo,36
City Hall,Farrer Park,17
City Hall,Farrer Road,32
City Hall,Fort Canning,24
City Hall,Gardens by the Bay,16
City Hall,Geylang Bahru,32
City Hall,Great World,17
City Hall,Gul Circle,46
City Hall,HarbourFront,20
City Hall,Havelock,18
City Hall,Haw Par Villa,36
City Hall,Hillview,35
City Hall,Holland Village,31
City Hall,Hougang,30
City Hall,Jalan Besar,27
City Hall,Joo Koon,43
City Hall,Jurong East,30
City Hall,Kaki Bukit,32
City Hall,Kallang,10
City Hall,Kembangan,18
City Hall,Kent Ridge,33
City Hall,Khatib,30
City Hall,King Albert Park,28
City Hall,Kovan,28
City Hall,Kranji,50
City Hall,Labrador Park,31
City Hall,Lakeside,34
City Hall,Lavender,8
City Hall,Lentor,36
City Hall,Little India,15
City Hall,Lorong Chuan,30
City Hall,MacPherson,24
City Hall,Marina Bay,7
City Hall,Marina South Pier,10
City Hall,Marsiling,47
City Hall,Marymount,30
City Hall,Mattar,30
City Hall,Maxwell,17
City Hall,Mayflower,33
City Hall,Mountbatten,25
City Hall,Napier,18
City Hall,Newton,11
City Hall,Nicoll Highway,21
City Hall,Novena,13
City Hall,Orchard,9
City Hall,Orchard Boulevard,17
City Hall,Outram Park,10
City Hall,Pasir Panjang,33
City Hall,Pasir Ris,34
City Hall,Paya Lebar,14
City Hall,Pioneer,40
City Hall,Potong Pasir,21
City Hall,Promenade,15
City Hall,Punggol,37
City Hall,Queenstown,17
City Hall,Raffles Place,5
City Hall,Redhill,15
City Hall,Rochor,15
City Hall,Sembawang,37
City Hall,Sengkang,34
City Hall,Serangoon,25
City Hall,Shenton Way,15
City Hall,Simei,28
City Hall,Sixth Avenue,26
City Hall,Somerset,7
City Hall,Springleaf,38
City Hall,Stadium,24
City Hall,Stevens,20
City Hall,Tai Seng,26
City Hall,Tampines,30
City Hall,Tampines East,41
City Hall,Tampines West,38
City Hall,Tan Kah Kee,24
City Hall,Tanah Merah,24
City Hall,Tanjong Pagar,8
City Hall,Telok Ayer,20
City Hall,Telok Blangah,29
City Hall,Tiong Bahru,13
City Hall,Toa Payoh,15
City Hall,Tuas Crescent,48
City Hall,Tuas Link,52
City Hall,Tuas West Road,50
City Hall,Ubi,31
City Hall,Upper Changi,44
City Hall,Upper Thomson,29
City Hall,Woodlands,43
City Hall,Woodlands North,48
City Hall,Woodlands South,43
City Hall,Woodleigh,23
City Hall,Yew Tee,46
City Hall,Yio Chu Kang,25
City Hall,Yishun,32
City Hall,one-north,31
Downtown,Admiralty,51
Downtown,Aljunied,23
Downtown,Ang Mo Kio,33
Downtown,Bartley,31
Downtown,Bayfront,5
Downtown,Beauty World,26
Downtown,Bedok,32
Downtown,Bedok North,25
Downtown,Bedok Reservoir,27
Downtown,Bencoolen,10
Downtown,Bendemeer,14
Downtown,Bishan,29
Downtown,Boon Keng,21
Downtown,Boon Lay,47
Downtown,Botanic Gardens,18
Downtown,Braddell,27
Downtown,Bras Basah,18
Downtown,Bright Hill,32
Downtown,Buangkok,35
Downtown,Bugis,9
Downtown,Bukit Batok,47
Downtown,Bukit Gombak,49
Downtown,Bukit Panjang,35
Downtown,Buona Vista,30
Downtown,Caldecott,26
Downtown,Canberra,45
Downtown,Cashew,33
Downtown,Changi Airport,53
Downtown,Chinatown,6
Downtown,Chinese Garden,42
Downtown,Choa Chu Kang,51
Downtown,City Hall,19
Downtown,Clarke Quay,13
Downtown,Clementi,35
Downtown,Commonwealth,28
Downtown,Dakota,22
Downtown,Dhoby Ghaut,15
Downtown,Dover,33
Downtown,Downtown,0
Downtown,Esplanade,16
Downtown,Eunos,27
Downtown,Expo,38
Downtown,Farrer Park,19
Downtown,Farrer Road,29
Downtown,Fort Canning,9
Downtown,Gardens by the Bay,22
Downtown,Geylang Bahru,16
Downtown,Great World,23
Downtown,Gul Circle,55
Downtown,HarbourFront,16
Downtown,Havelock,22
Downtown,Haw Par Villa,32
Downtown,Hillview,32
Downtown,Holland Village,31
Downtown,Hougang,32
Downtown,Jalan Besar,12
Downtown,Joo Koon,52
Downtown,Jurong East,39
Downtown,Kaki Bukit,24
Downtown,Kallang,21
Downtown,Kembangan,29
Downtown,Kent Ridge,35
Downtown,Khatib,40
Downtown,King Albert Park,24
Downtown,Kovan,30
Downtown,Kranji,60
Downtown,Labrador Park,28
Downtown,Lakeside,44
Downtown,Lavender,19
Downtown,Lentor,36
Downtown,Little India,12
Downtown,Lorong Chuan,36
Downtown,MacPherson,20
Downtown,Marina Bay,14
Downtown,Marina South Pier,22
Downtown,Marsiling,57
Downtown,Marymount,33
Downtown,Mattar,18
Downtown,Maxwell,21
Downtown,Mayflower,34
Downtown,Mountbatten,20
Downtown,Napier,24
Downtown,Newton,14
Downtown,Nicoll Highway,16
Downtown,Novena,23
Downtown,Orchard,23
Downtown,Orchard Boulevard,26
Downtown,Outram Park,13
Downtown,Pasir Panjang,30
Downtown,Pasir Ris,42
Downtown,Paya Lebar,24
Downtown,Pioneer,49
Downtown,Potong Pasir,24
Downtown,Promenade,7
Downtown,Punggol,39
Downtown,Queenstown,26
Downtown,Raffles Place,21
Downtown,Redhill,24
Downtown,Rochor,11
Downtown,Sembawang,47
Downtown,Sengkang,37
Downtown,Serangoon,28
Downtown,Shenton Way,21
Downtown,Simei,39
Downtown,Sixth Avenue,22
Downtown,Somerset,24
Downtown,Springleaf,39
Downtown,Stadium,18
Downtown,Stevens,17
Downtown,Tai Seng,28
Downtown,Tampines,31
Downtown,Tampines East,34
Downtown,Tampines West,29
Downtown,Tan Kah Kee,20
Downtown,Tanah Merah,34
Downtown,Tanjong Pagar,22
Downtown,Telok Ayer,5
Downtown,Telok Blangah,26
Downtown,Tiong Bahru,22
Downtown,Toa Payoh,25
Downtown,Tuas Crescent,58
Downtown,Tuas Link,62
Downtown,Tuas West Road,60
Downtown,Ubi,22
Downtown,Upper Changi,37
Downtown,Upper Thomson,29
Downtown,Woodlands,46
Downtown,Woodlands North,48
Downtown,Woodlands South,44
Downtown,Woodleigh,26
Downtown,Yew Tee,56
Downtown,Yio Chu Kang,35
Downtown,Yishun,42
Downtown,one-north,38
Expo,Admiralty,68
Expo,Aljunied,28
Expo,Ang Mo Kio,50
Expo,Bartley,33
Expo,Bayfront,40
Expo,Beauty World,59
Expo,Bedok,19
Expo,Bedok North,17
Expo,Bedok Reservoir,15
Expo,Bencoolen,31
Expo,Bendemeer,27
Expo,Bishan,41
Expo,Boon Keng,49
Expo,Boon Lay,71
Expo,Botanic Gardens,51
Expo,Braddell,49
Expo,Bras Basah,46
Expo,Bright Hill,58
Expo,Buangkok,50
Expo,Bugis,34
Expo,Bukit Batok,71
Expo,Bukit Gombak,73
Expo,Bukit Panjang,68
Expo,Buona Vista,54
Expo,Caldecott,46
Expo,Canberra,63
Expo,Cashew,66
Expo,Changi Airport,14
Expo,Chinatown,35
Expo,Chinese Garden,65
Expo,Choa Chu Kang,77
Expo,City Hall,36
Expo,Clarke Quay,42
Expo,Clementi,59
Expo,Commonwealth,52
Expo,Dakota,33
Expo,Dhoby Ghaut,42
Expo,Dover,56
Expo,Downtown,38
Expo,Esplanade,44
Expo,Eunos,24
Expo,Expo,0
Expo,Farrer Park,48
Expo,Farrer Road,53
Expo,Fort Canning,33
Expo,Gardens by the Bay,53
Expo,Geylang Bahru,25
Expo,Great World,52
Expo,Gul Circle,79
Expo,HarbourFront,45
Expo,Havelock,50
Expo,Haw Par Villa,61
Expo,Hillview,64
Expo,Holland Village,56
Expo,Hougang,48
Expo,Jalan Besar,30
Expo,Joo Koon,76
Expo,Jurong East,63
Expo,Kaki Bukit,18
Expo,Kallang,30
Expo,Kembangan,22
Expo,Kent Ridge,62
Expo,Khatib,58
Expo,King Albert Park,57
Expo,Kovan,45
Expo,Kranji,78
Expo,Labrador Park,57
Expo,Lakeside,68
Expo,Lavender,32
Expo,Lentor,63
Expo,Little India,44
Expo,Lorong Chuan,38
Expo,MacPherson,22
Expo,Marina Bay,44
Expo,Marina South Pier,47
Expo,Marsiling,75
Expo,Marymount,44
Expo,Mattar,24
Expo,Maxwell,50
Expo,Mayflower,60
Expo,Mountbatten,35
Expo,Napier,55
Expo,Newton,47
Expo,Nicoll Highway,39
Expo,Novena,50
Expo,Orchard,46
Expo,Orchard Boulevard,54
Expo,Outram Park,42
Expo,Pasir Panjang,59
Expo,Pasir Ris,21
Expo,Paya Lebar,26
Expo,Pioneer,73
Expo,Potong Pasir,47
Expo,Promenade,41
Expo,Punggol,54
Expo,Queenstown,50
Expo,Raffles Place,39
Expo,Redhill,48
Expo,Rochor,43
Expo,Sembawang,65
Expo,Sengkang,52
Expo,Serangoon,36
Expo,Shenton Way,52
Expo,Simei,20
Expo,Sixth Avenue,55
Expo,Somerset,44
Expo,Springleaf,66
Expo,Stadium,37
Expo,Stevens,49
Expo,Tai Seng,30
Expo,Tampines,10
Expo,Tampines East,8
Expo,Tampines West,12
Expo,Tan Kah Kee,53
Expo,Tanah Merah,13
Expo,Tanjong Pagar,41
Expo,Telok Ayer,37
Expo,Telok Blangah,55
Expo,Tiong Bahru,46
Expo,Toa Payoh,51
Expo,Tuas Crescent,81
Expo,Tuas Link,86
Expo,Tuas West Road,83
Expo,Ubi,20
Expo,Upper Changi,5
Expo,Upper Thomson,56
Expo,Woodlands,71
Expo,Woodlands North,75
Expo,Woodlands South,70
Expo,Woodleigh,45
Expo,Yew Tee,79
Expo,Yio Chu Kang,53
Expo,Yishun,60
Expo,one-north,60
Gardens by the Bay,Admiralty,53
Gardens by the Bay,Aljunied,28
Gardens by the Bay,Ang Mo Kio,35
Gardens by the Bay,Bartley,42
Gardens by the Bay,Bayfront,16
Gardens by the Bay,Beauty World,37
Gardens by the Bay,Bedok,37
Gardens by the Bay,Bedok North,43
Gardens by the Bay,Bedok Reservoir,45
Gardens by the Bay,Bencoolen,28
Gardens by the Bay,Bendemeer,32
Gardens by the Bay,Bishan,32
Gardens by the Bay,Boon Keng,29
Gardens by the Bay,Boon Lay,45
Gardens by the Bay,Botanic Gardens,29
Gardens by the Bay,Braddell,30
Gardens by the Bay,Bras Basah,27
Gardens by the Bay,Bright Hill,32
Gardens by the Bay,Buangkok,42
Gardens by the Bay,Bugis,22
Gardens by the Bay,Bukit Batok,45
Gardens by the Bay,Bukit Gombak,47
Gardens by the Bay,Bukit Panjang,46
Gardens by the Bay,Buona Vista,28
Gardens by the Bay,Caldecott,26
Gardens by the Bay,Canberra,47
Gardens by the Bay,Cashew,44
Gardens by the Bay,Changi Airport,58
Gardens by the Bay,Chinatown,19
Gardens by the Bay,Chinese Garden,39
Gardens by the Bay,Choa Chu Kang,51
Gardens by the Bay,City Hall,16
Gardens by the Bay,Clarke Quay,21
Gardens by the Bay,Clementi,33
Gardens by the Bay,Commonwealth,26
Gardens by the Bay,Dakota,32
Gardens by the Bay,Dhoby Ghaut,18
Gardens by the Bay,Dover,30
Gardens by the Bay,Downtown,22
Gardens by the Bay,Esplanade,26
Gardens by the Bay,Eunos,33
Gardens by the Bay,Expo,53
Gardens by the Bay,Farrer Park,27
Gardens by the Bay,Farrer Road,40
Gardens by the Bay,Fort Canning,26
Gardens by the Bay,Gardens by the Bay,0
Gardens by the Bay,Geylang Bahru,34
Gardens by the Bay,Great World,14
Gardens by the Bay,Gul Circle,53
Gardens by the Bay,HarbourFront,20
Gardens by the Bay,Havelock,13
Gardens by the Bay,Haw Par Villa,36
Gardens by the Bay,Hillview,42
Gardens by the Bay,Holland Village,38
Gardens by the Bay,Hougang,40
Gardens by the Bay,Jalan Besar,30
Gardens by the Bay,Joo Koon,50
Gardens by the Bay,Jurong East,37
Gardens by the Bay,Kaki Bukit,41
Gardens by the Bay,Kallang,26
Gardens by the Bay,Kembangan,34
Gardens by the Bay,Kent Ridge,39
Gardens by the Bay,Khatib,42
Gardens by the Bay,King Albert Park,35
Gardens by the Bay,Kovan,38
Gardens by the Bay,Kranji,61
Gardens by the Bay,Labrador Park,32
Gardens by the Bay,Lakeside,42
Gardens by the Bay,Lavender,24
Gardens by the Bay,Lentor,37
Gardens by the Bay,Little India,25
Gardens by the Bay,Lorong Chuan,42
Gardens by the Bay,MacPherson,37
Gardens by the Bay,Marina Bay,6
Gardens by the Bay,Marina South Pier,14
Gardens by the Bay,Marsiling,57
Gardens by the Bay,Marymount,37
Gardens by the Bay,Mattar,36
Gardens by the Bay,Maxwell,9
Gardens by the Bay,Mayflower,34
Gardens by the Bay,Mountbatten,30
Gardens by the Bay,Napier,20
Gardens by the Bay,Newton,24
Gardens by the Bay,Nicoll Highway,26
Gardens by the Bay,Novena,26
Gardens by the Bay,Orchard,16
Gardens by the Bay,Orchard Boulevard,18
Gardens by the Bay,Outram Park,10
Gardens by the Bay,Pasir Panjang,34
Gardens by the Bay,Pasir Ris,50
Gardens by the Bay,Paya Lebar,30
Gardens by the Bay,Pioneer,47
Gardens by the Bay,Potong Pasir,31
Gardens by the Bay,Promenade,19
Gardens by the Bay,Punggol,47
Gardens by the Bay,Queenstown,24
Gardens by the Bay,Raffles Place,14
Gardens by the Bay,Redhill,22
Gardens by the Bay,Rochor,26
Gardens by the Bay,Sembawang,50
Gardens by the Bay,Sengkang,44
Gardens by the Bay,Serangoon,35
Gardens by the Bay,Shenton Way,7
Gardens by the Bay,Simei,45
Gardens by the Bay,Sixth Avenue,33
Gardens by the Bay,Somerset,20
Gardens by the Bay,Springleaf,40
Gardens by the Bay,Stadium,28
Gardens by the Bay,Stevens,22
Gardens by the Bay,Tai Seng,39
Gardens by the Bay,Tampines,47
Gardens by the Bay,Tampines East,51
Gardens by the Bay,Tampines West,47
Gardens by the Bay,Tan Kah Kee,31
Gardens by the Bay,Tanah Merah,40
Gardens by the Bay,Tanjong Pagar,19
Gardens by the Bay,Telok Ayer,24
Gardens by the Bay,Telok Blangah,30
Gardens by the Bay,Tiong Bahru,20
Gardens by the Bay,Toa Payoh,28
Gardens by the Bay,Tuas Crescent,55
Gardens by the Bay,Tuas Link,59
Gardens by the Bay,Tuas West Road,57
Gardens by the Bay,Ubi,39
Gardens by the Bay,Upper Changi,54
Gardens by the Bay,Upper Thomson,30
Gardens by the Bay,Woodlands,46
Gardens by the Bay,Woodlands North,49
Gardens by the Bay,Woodlands South,44
Gardens by the Bay,Woodleigh,33
Gardens by the Bay,Yew Tee,53
Gardens by the Bay,Yio Chu Kang,37
Gardens by the Bay,Yishun,45
Gardens by the Bay,one-north,38
HarbourFront,Admiralty,55
HarbourFront,Aljunied,28
HarbourFront,Ang Mo Kio,37
HarbourFront,Bartley,36
HarbourFront,Bayfront,18
HarbourFront,Beauty World,35
HarbourFront,Bedok,37
HarbourFront,Bedok North,32
HarbourFront,Bedok Reservoir,34
HarbourFront,Bencoolen,18
HarbourFront,Bendemeer,22
HarbourFront,Bishan,34
HarbourFront,Boon Keng,18
HarbourFront,Boon Lay,41
HarbourFront,Botanic Gardens,27
HarbourFront,Braddell,32
HarbourFront,Bras Basah,22
HarbourFront,Bright Hill,35
HarbourFront,Buangkok,32
HarbourFront,Bugis,22
HarbourFront,Bukit Batok,41
HarbourFront,Bukit Gombak,43
HarbourFront,Bukit Panjang,44
HarbourFront,Buona Vista,20
HarbourFront,Caldecott,29
HarbourFront,Canberra,49
HarbourFront,Cashew,42
HarbourFront,Changi Airport,58
HarbourFront,Chinatown,9
HarbourFront,Chinese Garden,35
HarbourFront,Choa Chu Kang,47
HarbourFront,City Hall,20
HarbourFront,Clarke Quay,10
HarbourFront,Clementi,29
HarbourFront,Commonwealth,22
HarbourFront,Dakota,34
HarbourFront,Dhoby Ghaut,12
HarbourFront,Dover,26
HarbourFront,Downtown,16
HarbourFront,Esplanade,24
HarbourFront,Eunos,32
HarbourFront,Expo,45
HarbourFront,Farrer Park,16
HarbourFront,Farrer Road,25
HarbourFront,Fort Canning,16
HarbourFront,Gardens by the Bay,20
HarbourFront,Geylang Bahru,24
HarbourFront,Great World,16
HarbourFront,Gul Circle,49
HarbourFront,HarbourFront,0
HarbourFront,Havelock,15
HarbourFront,Haw Par Villa,14
HarbourFront,Hillview,40
HarbourFront,Holland Village,23
HarbourFront,Hougang,30
HarbourFront,Jalan Besar,19
HarbourFront,Joo Koon,46
HarbourFront,Jurong East,33
HarbourFront,Kaki Bukit,31
HarbourFront,Kallang,26
HarbourFront,Kembangan,34
HarbourFront,Kent Ridge,16
HarbourFront,Khatib,44
HarbourFront,King Albert Park,33
HarbourFront,Kovan,27
HarbourFront,Kranji,57
HarbourFront,Labrador Park,9
HarbourFront,Lakeside,38
HarbourFront,Lavender,24
HarbourFront,Lentor,39
HarbourFront,Little India,14
HarbourFront,Lorong Chuan,35
HarbourFront,MacPherson,27
HarbourFront,Marina Bay,18
HarbourFront,Marina South Pier,26
HarbourFront,Marsiling,60
HarbourFront,Marymount,35
HarbourFront,Mattar,25
HarbourFront,Maxwell,15
HarbourFront,Mayflower,37
HarbourFront,Mountbatten,32
HarbourFront,Napier,22
HarbourFront,Newton,23
HarbourFront,Nicoll Highway,28
HarbourFront,Novena,28
HarbourFront,Orchard,18
HarbourFront,Orchard Boulevard,20
HarbourFront,Outram Park,7
HarbourFront,Pasir Panjang,12
HarbourFront,Pasir Ris,50
HarbourFront,Paya Lebar,30
HarbourFront,Pioneer,43
HarbourFront,Potong Pasir,21
HarbourFront,Promenade,20
HarbourFront,Punggol,36
HarbourFront,Queenstown,20
HarbourFront,Raffles Place,17
HarbourFront,Redhill,18
HarbourFront,Rochor,22
HarbourFront,Sembawang,52
HarbourFront,Sengkang,34
HarbourFront,Serangoon,25
HarbourFront,Shenton Way,16
HarbourFront,Simei,44
HarbourFront,Sixth Avenue,30
HarbourFront,Somerset,22
HarbourFront,Springleaf,42
HarbourFront,Stadium,30
HarbourFront,Stevens,24
HarbourFront,Tai Seng,35
HarbourFront,Tampines,38
HarbourFront,Tampines East,41
HarbourFront,Tampines West,36
HarbourFront,Tan Kah Kee,29
HarbourFront,Tanah Merah,40
HarbourFront,Tanjong Pagar,15
HarbourFront,Telok Ayer,15
HarbourFront,Telok Blangah,7
HarbourFront,Tiong Bahru,16
HarbourFront,Toa Payoh,30
HarbourFront,Tuas Crescent,51
HarbourFront,Tuas Link,55
HarbourFront,Tuas West Road,53
HarbourFront,Ubi,29
HarbourFront,Upper Changi,44
HarbourFront,Upper Thomson,32
HarbourFront,Woodlands,49
HarbourFront,Woodlands North,51
HarbourFront,Woodlands South,47
HarbourFront,Woodleigh,23
HarbourFront,Yew Tee,49
HarbourFront,Yio Chu Kang,39
HarbourFront,Yishun,47
HarbourFront,one-north,18
Holland Village,Admiralty,48
Holland Village,Aljunied,39
Holland Village,Ang Mo Kio,29
Holland Village,Bartley,28
Holland Village,Bayfront,29
Holland Village,Beauty World,24
Holland Village,Bedok,48
Holland Village,Bedok North,43
Holland Village,Bedok Reservoir,45
Holland Village,Bencoolen,38
Holland Village,Bendemeer,42
Holland Village,Bishan,20
Holland Village,Boon Keng,32
Holland Village,Boon Lay,31
Holland Village,Botanic Gardens,10
Holland Village,Braddell,28
Holland Village,Bras Basah,38
Holland Village,Bright Hill,27
Holland Village,Buangkok,39
Holland Village,Bugis,26
Holland Village,Bukit Batok,30
Holland Village,Bukit Gombak,32
Holland Village,Bukit Panjang,33
Holland Village,Buona Vista,7
Holland Village,Caldecott,15
Holland Village,Canberra,42
Holland Village,Cashew,31
Holland Village,Changi Airport,69
Holland Village,Chinatown,33
Holland Village,Chinese Garden,25
Holland Village,Choa Chu Kang,36
Holland Village,City Hall,31
Holland Village,Clarke Quay,33
Holland Village,Clementi,18
Holland Village,Commonwealth,16
Holland Village,Dakota,38
Holland Village,Dhoby Ghaut,30
Holland Village,Dover,16
Holland Village,Downtown,31
Holland Village,Esplanade,36
Holland Village,Eunos,43
Holland Village,Expo,56
Holland Village,Farrer Park,30
Holland Village,Farrer Road,8
Holland Village,Fort Canning,37
Holland Village,Gardens by the Bay,38
Holland Village,Geylang Bahru,41
Holland Village,Great World,31
Holland Village,Gul Circle,38
Holland Village,HarbourFront,23
Holland Village,Havelock,33
Holland Village,Haw Par Villa,14
Holland Village,Hillview,30
Holland Village,Holland Village,0
Holland Village,Hougang,37
Holland Village,Jalan Besar,40
Holland Village,Joo Koon,35
Holland Village,Jurong East,22
Holland Village,Kaki Bukit,41
Holland Village,Kallang,37
Holland Village,Kembangan,45
Holland Village,Kent Ridge,11
Holland Village,Khatib,37
Holland Village,King Albert Park,22
Holland Village,Kovan,34
Holland Village,Kranji,46
Holland Village,Labrador Park,18
Holland Village,Lakeside,27
Holland Village,Lavender,35
Holland Village,Lentor,32
Holland Village,Little India,23
Holland Village,Lorong Chuan,23
Holland Village,MacPherson,33
Holland Village,Marina Bay,35
Holland Village,Marina South Pier,37
Holland Village,Marsiling,50
Holland Village,Marymount,17
Holland Village,Mattar,39
Holland Village,Maxwell,33
Holland Village,Mayflower,29
Holland Village,Mountbatten,40
Holland Village,Napier,26
Holland Village,Newton,20
Holland Village,Nicoll Highway,36
Holland Village,Novena,29
Holland Village,Orchard,29
Holland Village,Orchard Boulevard,27
Holland Village,Outram Park,25
Holland Village,Pasir Panjang,16
Holland Village,Pasir Ris,60
Holland Village,Paya Lebar,35
Holland Village,Pioneer,32
Holland Village,Potong Pasir,35
Holland Village,Promenade,27
Holland Village,Punggol,43
Holland Village,Queenstown,18
Holland Village,Raffles Place,29
Holland Village,Redhill,20
Holland Village,Rochor,24
Holland Village,Sembawang,44
Holland Village,Sengkang,41
Holland Village,Serangoon,25
Holland Village,Shenton Way,34
Holland Village,Simei,55
Holland Village,Sixth Avenue,20
Holland Village,Somerset,31
Holland Village,Springleaf,35
Holland Village,Stadium,38
Holland Village,Stevens,18
Holland Village,Tai Seng,31
Holland Village,Tampines,49
Holland Village,Tampines East,51
Holland Village,Tampines West,47
Holland Village,Tan Kah Kee,18
Holland Village,Tanah Merah,51
Holland Village,Tanjong Pagar,27
Holland Village,Telok Ayer,33
Holland Village,Telok Blangah,20
Holland Village,Tiong Bahru,22
Holland Village,Toa Payoh,30
Holland Village,Tuas Crescent,41
Holland Village,Tuas Link,45
Holland Village,Tuas West Road,43
Holland Village,Ubi,40
Holland Village,Upper Changi,55
Holland Village,Upper Thomson,25
Holland Village,Woodlands,41
Holland Village,Woodlands North,44
Holland Village,Woodlands South,39
Holland Village,Woodleigh,34
Holland Village,Yew Tee,39
Holland Village,Yio Chu Kang,32
Holland Village,Yishun,39
Holland Village,one-north,9
Jurong East,Admiralty,33
Jurong East,Aljunied,38
Jurong East,Ang Mo Kio,47
Jurong East,Bartley,46
Jurong East,Bayfront,41
Jurong East,Beauty World,42
Jurong East,Bedok,47
Jurong East,Bedok North,55
Jurong East,Bedok Reservoir,57
Jurong East,Bencoolen,40
Jurong East,Bendemeer,44
Jurong East,Bishan,37
Jurong East,Boon Keng,41
Jurong East,Boon Lay,11
Jurong East,Botanic Gardens,27
Jurong East,Braddell,46
Jurong East,Bras Basah,44
Jurong East,Bright Hill,44
Jurong East,Buangkok,55
Jurong East,Bugis,32
Jurong East,Bukit Batok,7
Jurong East,Bukit Gombak,9
Jurong East,Bukit Panjang,27
Jurong East,Buona Vista,12
Jurong East,Caldecott,32
Jurong East,Canberra,38
Jurong East,Cashew,35
Jurong East,Changi Airport,68
Jurong East,Chinatown,31
Jurong East,Chinese Garden,6
Jurong East,Choa Chu Kang,13
Jurong East,City Hall,30
Jurong East,Clarke Quay,33
Jurong East,Clementi,7
Jurong East,Commonwealth,14
Jurong East,Dakota,51
Jurong East,Dhoby Ghaut,35
Jurong East,Dover,10
Jurong East,Downtown,39
Jurong East,Esplanade,46
Jurong East,Eunos,43
Jurong East,Expo,63
Jurong East,Farrer Park,39
Jurong East,Farrer Road,25
Jurong East,Fort Canning,39
Jurong East,Gardens by the Bay,37
Jurong East,Geylang Bahru,46
Jurong East,Great World,33
Jurong East,Gul Circle,19
Jurong East,HarbourFront,33
Jurong East,Havelock,31
Jurong East,Haw Par Villa,27
Jurong East,Hillview,36
Jurong East,Holland Village,22
Jurong East,Hougang,52
Jurong East,Jalan Besar,42
Jurong East,Joo Koon,16
Jurong East,Jurong East,0
Jurong East,Kaki Bukit,53
Jurong East,Kallang,36
Jurong East,Kembangan,45
Jurong East,Kent Ridge,24
Jurong East,Khatib,43
Jurong East,King Albert Park,40
Jurong East,Kovan,50
Jurong East,Kranji,23
Jurong East,Labrador Park,31
Jurong East,Lakeside,8
Jurong East,Lavender,34
Jurong East,Lentor,47
Jurong East,Little India,37
Jurong East,Lorong Chuan,40
Jurong East,MacPherson,49
Jurong East,Marina Bay,33
Jurong East,Marina South Pier,36
Jurong East,Marsiling,26
Jurong East,Marymount,35
Jurong East,Mattar,48
Jurong East,Maxwell,31
Jurong East,Mayflower,47
Jurong East,Mountbatten,53
Jurong East,Napier,38
Jurong East,Newton,38
Jurong East,Nicoll Highway,50
Jurong East,Novena,43
Jurong East,Orchard,35
Jurong East,Orchard Boulevard,37
Jurong East,Outram Park,23
Jurong East,Pasir Panjang,29
Jurong East,Pasir Ris,60
Jurong East,Paya Lebar,41
Jurong East,Pioneer,13
Jurong East,Potong Pasir,44
Jurong East,Promenade,41
Jurong East,Punggol,59
Jurong East,Queenstown,16
Jurong East,Raffles Place,28
Jurong East,Redhill,18
Jurong East,Rochor,41
Jurong East,Sembawang,36
Jurong East,Sengkang,57
Jurong East,Serangoon,42
Jurong East,Shenton Way,33
Jurong East,Simei,55
Jurong East,Sixth Avenue,37
Jurong East,Somerset,37
Jurong East,Springleaf,44
Jurong East,Stadium,52
Jurong East,Stevens,36
Jurong East,Tai Seng,48
Jurong East,Tampines,57
Jurong East,Tampines East,64
Jurong East,Tampines West,59
Jurong East,Tan Kah Kee,36
Jurong East,Tanah Merah,50
Jurong East,Tanjong Pagar,25
Jurong East,Telok Ayer,38
Jurong East,Telok Blangah,33
Jurong East,Tiong Bahru,20
Jurong East,Toa Payoh,45
Jurong East,Tuas Crescent,22
Jurong East,Tuas Link,26
Jurong East,Tuas West Road,24
Jurong East,Ubi,52
Jurong East,Upper Changi,67
Jurong East,Upper Thomson,42
Jurong East,Woodlands,29
Jurong East,Woodlands North,39
Jurong East,Woodlands South,39
Jurong East,Woodleigh,46
Jurong East,Yew Tee,15
Jurong East,Yio Chu Kang,48
Jurong East,Yishun,41
Jurong East,one-north,22
Kranji,Admiralty,13
Kranji,Aljunied,62
Kranji,Ang Mo Kio,31
Kranji,Bartley,50
Kranji,Bayfront,58
Kranji,Beauty World,42
Kranji,Bedok,70
Kranji,Bedok North,65
Kranji,Bedok Reservoir,67
Kranji,Bencoolen,64
Kranji,Bendemeer,65
Kranji,Bishan,34
Kranji,Boon Keng,61
Kranji,Boon Lay,35
Kranji,Botanic Gardens,49
Kranji,Braddell,36
Kranji,Bras Basah,57
Kranji,Bright Hill,32
Kranji,Buangkok,61
Kranji,Bugis,54
Kranji,Bukit Batok,19
Kranji,Bukit Gombak,17
Kranji,Bukit Panjang,28
Kranji,Buona Vista,36
Kranji,Caldecott,37
Kranji,Canberra,18
Kranji,Cashew,35
Kranji,Changi Airport,91
Kranji,Chinatown,55
Kranji,Chinese Garden,30
Kranji,Choa Chu Kang,13
Kranji,City Hall,50
Kranji,Clarke Quay,57
Kranji,Clementi,31
Kranji,Commonwealth,38
Kranji,Dakota,60
Kranji,Dhoby Ghaut,48
Kranji,Dover,34
Kranji,Downtown,60
Kranji,Esplanade,59
Kranji,Eunos,66
Kranji,Expo,78
Kranji,Farrer Park,59
Kranji,Farrer Road,49
Kranji,Fort Canning,63
Kranji,Gardens by the Bay,61
Kranji,Geylang Bahru,63
Kranji,Great World,50
Kranji,Gul Circle,43
Kranji,HarbourFront,57
Kranji,Havelock,51
Kranji,Haw Par Villa,51
Kranji,Hillview,37
Kranji,Holland Village,46
Kranji,Hougang,59
Kranji,Jalan Besar,66
Kranji,Joo Koon,40
Kranji,Jurong East,23
Kranji,Kaki Bukit,63
Kranji,Kallang,60
Kranji,Kembangan,67
Kranji,Kent Ridge,48
Kranji,Khatib,24
Kranji,King Albert Park,44
Kranji,Kovan,57
Kranji,Kranji,0
Kranji,Labrador Park,55
Kranji,Lakeside,32
Kranji,Lavender,58
Kranji,Lentor,27
Kranji,Little India,51
Kranji,Lorong Chuan,45
Kranji,MacPherson,55
Kranji,Marina Bay,54
Kranji,Marina South Pier,57
Kranji,Marsiling,6
Kranji,Marymount,45
Kranji,Mattar,61
Kranji,Maxwell,55
Kranji,Mayflower,30
Kranji,Mountbatten,62
Kranji,Napier,44
Kranji,Newton,42
Kranji,Nicoll Highway,64
Kranji,Novena,40
Kranji,Orchard,44
Kranji,Orchard Boulevard,46
Kranji,Outram Park,47
Kranji,Pasir Panjang,53
Kranji,Pasir Ris,82
Kranji,Paya Lebar,57
Kranji,Pioneer,37
Kranji,Potong Pasir,58
Kranji,Promenade,56
Kranji,Punggol,66
Kranji,Queenstown,40
Kranji,Raffles Place,52
Kranji,Redhill,42
Kranji,Rochor,53
Kranji,Sembawang,16
Kranji,Sengkang,63
Kranji,Serangoon,47
Kranji,Shenton Way,56
Kranji,Simei,78
Kranji,Sixth Avenue,46
Kranji,Somerset,46
Kranji,Springleaf,24
Kranji,Stadium,64
Kranji,Stevens,41
Kranji,Tai Seng,53
Kranji,Tampines,71
Kranji,Tampines East,74
Kranji,Tampines West,69
Kranji,Tan Kah Kee,48
Kranji,Tanah Merah,73
Kranji,Tanjong Pagar,49
Kranji,Telok Ayer,61
Kranji,Telok Blangah,57
Kranji,Tiong Bahru,44
Kranji,Toa Payoh,38
Kranji,Tuas Crescent,46
Kranji,Tuas Link,50
Kranji,Tuas West Road,48
Kranji,Ubi,62
Kranji,Upper Changi,77
Kranji,Upper Thomson,34
Kranji,Woodlands,10
Kranji,Woodlands North,20
Kranji,Woodlands South,20
Kranji,Woodleigh,56
Kranji,Yew Tee,11
Kranji,Yio Chu Kang,29
Kranji,Yishun,21
Kranji,one-north,46
Labrador Park,Admiralty,61
Labrador Park,Aljunied,40
Labrador Park,Ang Mo Kio,43
Labrador Park,Bartley,42
Labrador Park,Bayfront,30
Labrador Park,Beauty World,38
Labrador Park,Bedok,48
Labrador Park,Bedok North,44
Labrador Park,Bedok Reservoir,45
Labrador Park,Bencoolen,29
Labrador Park,Bendemeer,33
Labrador Park,Bishan,33
Labrador Park,Boon Keng,30
Labrador Park,Boon Lay,39
Labrador Park,Botanic Gardens,23
Labrador Park,Braddell,42
Labrador Park,Bras Basah,33
Labrador Park,Bright Hill,41
Labrador Park,Buangkok,43
Labrador Park,Bugis,33
Labrador Park,Bukit Batok,39
Labrador Park,Bukit Gombak,41
Labrador Park,Bukit Panjang,47
Labrador Park,Buona Vista,16
Labrador Park,Caldecott,28
Labrador Park,Canberra,55
Labrador Park,Cashew,45
Labrador Park,Changi Airport,69
Labrador Park,Chinatown,20
Labrador Park,Chinese Garden,34
Labrador Park,Choa Chu Kang,45
Labrador Park,City Hall,31
Labrador Park,Clarke Quay,22
Labrador Park,Clementi,27
Labrador Park,Commonwealth,24
Labrador Park,Dakota,45
Labrador Park,Dhoby Ghaut,24
Labrador Park,Dover,25
Labrador Park,Downtown,28
Labrador Park,Esplanade,35
Labrador Park,Eunos,44
Labrador Park,Expo,57
Labrador Park,Farrer Park,28
Labrador Park,Farrer Road,21
Labrador Park,Fort Canning,27
Labrador Park,Gardens by the Bay,32
Labrador Park,Geylang Bahru,35
Labrador Park,Great World,28
Labrador Park,Gul Circle,47
Labrador Park,HarbourFront,9
Labrador Park,Havelock,26
Labrador Park,Haw Par Villa,10
Labrador Park,Hillview,43
Labrador Park,Holland Village,18
Labrador Park,Hougang,41
Labrador Park,Jalan Besar,31
Labrador Park,Joo Koon,44
Labrador Park,Jurong East,31
Labrador Park,Kaki Bukit,42
Labrador Park,Kallang,37
Labrador Park,Kembangan,46
Labrador Park,Kent Ridge,12
Labrador Park,Khatib,50
Labrador Park,King Albert Park,36
Labrador Park,Kovan,39
Labrador Park,Kranji,55
Labrador Park,Labrador Park,0
Labrador Park,Lakeside,36
Labrador Park,Lavender,35
Labrador Park,Lentor,45
Labrador Park,Little India,26
Labrador Park,Lorong Chuan,36
Labrador Park,MacPherson,38
Labrador Park,Marina Bay,29
Labrador Park,Marina South Pier,37
Labrador Park,Marsiling,58
Labrador Park,Marymount,31
Labrador Park,Mattar,36
Labrador Park,Maxwell,26
Labrador Park,Mayflower,43
Labrador Park,Mountbatten,44
Labrador Park,Napier,33
Labrador Park,Newton,34
Labrador Park,Nicoll Highway,40
Labrador Park,Novena,39
Labrador Park,Orchard,30
Labrador Park,Orchard Boulevard,32
Labrador Park,Outram Park,18
Labrador Park,Pasir Panjang,7
Labrador Park,Pasir Ris,61
Labrador Park,Paya Lebar,42
Labrador Park,Pioneer,41
Labrador Park,Potong Pasir,32
Labrador Park,Promenade,32
Labrador Park,Punggol,48
Labrador Park,Queenstown,26
Labrador Park,Raffles Place,29
Labrador Park,Redhill,29
Labrador Park,Rochor,33
Labrador Park,Sembawang,58
Labrador Park,Sengkang,45
Labrador Park,Serangoon,36
Labrador Park,Shenton Way,28
Labrador Park,Simei,56
Labrador Park,Sixth Avenue,34
Labrador Park,Somerset,33
Labrador Park,Springleaf,48
Labrador Park,Stadium,42
Labrador Park,Stevens,32
Labrador Park,Tai Seng,44
Labrador Park,Tampines,50
Labrador Park,Tampines East,52
Labrador Park,Tampines West,48
Labrador Park,Tan Kah Kee,32
Labrador Park,Tanah Merah,51
Labrador Park,Tanjong Pagar,26
Labrador Park,Telok Ayer,26
Labrador Park,Telok Blangah,7
Labrador Park,Tiong Bahru,27
Labrador Park,Toa Payoh,41
Labrador Park,Tuas Crescent,50
Labrador Park,Tuas Link,54
Labrador Park,Tuas West Road,52
Labrador Park,Ubi,40
Labrador Park,Upper Changi,55
Labrador Park,Upper Thomson,38
Labrador Park,Woodlands,55
Labrador Park,Woodlands North,57
Labrador Park,Woodlands South,53
Labrador Park,Woodleigh,34
Labrador Park,Yew Tee,48
Labrador Park,Yio Chu Kang,45
Labrador Park,Yishun,53
Labrador Park,one-north,14
Marina Bay,Admiralty,44
Marina Bay,Aljunied,20
Marina Bay,Ang Mo Kio,26
Marina Bay,Bartley,33
Marina Bay,Bayfront,8
Marina Bay,Beauty World,33
Marina Bay,Bedok,29
Marina Bay,Bedok North,35
Marina Bay,Bedok Reservoir,37
Marina Bay,Bencoolen,20
Marina Bay,Bendemeer,24
Marina Bay,Bishan,23
Marina Bay,Boon Keng,23
Marina Bay,Boon Lay,42
Marina Bay,Botanic Gardens,25
Marina Bay,Braddell,21
Marina Bay,Bras Basah,19
Marina Bay,Bright Hill,29
Marina Bay,Buangkok,36
Marina Bay,Bugis,14
Marina Bay,Bukit Batok,41
Marina Bay,Bukit Gombak,43
Marina Bay,Bukit Panjang,42
Marina Bay,Buona Vista,24
Marina Bay,Caldecott,23
Marina Bay,Canberra,39
Marina Bay,Cashew,40
Marina Bay,Changi Airport,50
Marina Bay,Chinatown,16
Marina Bay,Chinese Garden,36
Marina Bay,Choa Chu Kang,47
Marina Bay,City Hall,7
Marina Bay,Clarke Quay,18
Marina Bay,Clementi,29
Marina Bay,Commonwealth,22
Marina Bay,Dakota,23
Marina Bay,Dhoby Ghaut,9
Marina Bay,Dover,27
Marina Bay,Downtown,14
Marina Bay,Esplanade,18
Marina Bay,Eunos,24
Marina Bay,Expo,44
Marina Bay,Farrer Park,21
Marina Bay,Farrer Road,35
Marina Bay,Fort Canning,19
Marina Bay,Gardens by the Bay,6
Marina Bay,Geylang Bahru,26
Marina Bay,Great World,11
Marina Bay,Gul Circle,49
Marina Bay,HarbourFront,18
Marina Bay,Havelock,10
Marina Bay,Haw Par Villa,34
Marina Bay,Hillview,38
Marina Bay,Holland Village,35
Marina Bay,Hougang,34
Marina Bay,Jalan Besar,22
Marina Bay,Joo Koon,46
Marina Bay,Jurong East,33
Marina Bay,Kaki Bukit,34
Marina Bay,Kallang,18
Marina Bay,Kembangan,26
Marina Bay,Kent Ridge,36
Marina Bay,Khatib,34
Marina Bay,King Albert Park,31
Marina Bay,Kovan,32
Marina Bay,Kranji,54
Marina Bay,Labrador Park,29
Marina Bay,Lakeside,38
Marina Bay,Lavender,16
Marina Bay,Lentor,34
Marina Bay,Little India,18
Marina Bay,Lorong Chuan,34
Marina Bay,MacPherson,28
Marina Bay,Marina Bay,0
Marina Bay,Marina South Pier,6
Marina Bay,Marsiling,51
Marina Bay,Marymount,34
Marina Bay,Mattar,28
Marina Bay,Maxwell,6
Marina Bay,Mayflower,32
Marina Bay,Mountbatten,22
Marina Bay,Napier,17
Marina Bay,Newton,15
Marina Bay,Nicoll Highway,18
Marina Bay,Novena,17
Marina Bay,Orchard,13
Marina Bay,Orchard Boulevard,15
Marina Bay,Outram Park,8
Marina Bay,Pasir Panjang,31
Marina Bay,Pasir Ris,42
Marina Bay,Paya Lebar,22
Marina Bay,Pioneer,43
Marina Bay,Potong Pasir,25
Marina Bay,Promenade,10
Marina Bay,Punggol,41
Marina Bay,Queenstown,20
Marina Bay,Raffles Place,5
Marina Bay,Redhill,18
Marina Bay,Rochor,17
Marina Bay,Sembawang,41
Marina Bay,Sengkang,38
Marina Bay,Serangoon,29
Marina Bay,Shenton Way,5
Marina Bay,Simei,36
Marina Bay,Sixth Avenue,29
Marina Bay,Somerset,11
Marina Bay,Springleaf,37
Marina Bay,Stadium,20
Marina Bay,Stevens,19
Marina Bay,Tai Seng,31
Marina Bay,Tampines,38
Marina Bay,Tampines East,44
Marina Bay,Tampines West,39
Marina Bay,Tan Kah Kee,27
Marina Bay,Tanah Merah,32
Marina Bay,Tanjong Pagar,11
Marina Bay,Telok Ayer,15
Marina Bay,Telok Blangah,27
Marina Bay,Tiong Bahru,16
Marina Bay,Toa Payoh,19
Marina Bay,Tuas Crescent,52
Marina Bay,Tuas Link,56
Marina Bay,Tuas West Road,54
Marina Bay,Ubi,32
Marina Bay,Upper Changi,47
Marina Bay,Upper Thomson,27
Marina Bay,Woodlands,43
Marina Bay,Woodlands North,46
Marina Bay,Woodlands South,41
Marina Bay,Woodleigh,27
Marina Bay,Yew Tee,50
Marina Bay,Yio Chu Kang,29
Marina Bay,Yishun,36
Marina Bay,one-north,35
Maxwell,Admiralty,48
Maxwell,Aljunied,27
Maxwell,Ang Mo Kio,30
Maxwell,Bartley,41
Maxwell,Bayfront,17
Maxwell,Beauty World,31
Maxwell,Bedok,36
Maxwell,Bedok North,37
Maxwell,Bedok Reservoir,39
Maxwell,Bencoolen,22
Maxwell,Bendemeer,26
Maxwell,Bishan,27
Maxwell,Boon Keng,23
Maxwell,Boon Lay,39
Maxwell,Botanic Gardens,24
Maxwell,Braddell,24
Maxwell,Bras Basah,26
Maxwell,Bright Hill,26
Maxwell,Buangkok,37
Maxwell,Bugis,20
Maxwell,Bukit Batok,39
Maxwell,Bukit Gombak,41
Maxwell,Bukit Panjang,40
Maxwell,Buona Vista,22
Maxwell,Caldecott,20
Maxwell,Canberra,42
Maxwell,Cashew,38
Maxwell,Changi Airport,56
Maxwell,Chinatown,13
Maxwell,Chinese Garden,34
Maxwell,Choa Chu Kang,45
Maxwell,City Hall,17
Maxwell,Clarke Quay,15
Maxwell,Clementi,27
Maxwell,Commonwealth,20
Maxwell,Dakota,33
Maxwell,Dhoby Ghaut,17
Maxwell,Dover,25
Maxwell,Downtown,21
Maxwell,Esplanade,27
Maxwell,Eunos,31
Maxwell,Expo,50
Maxwell,Farrer Park,21
Maxwell,Farrer Road,34
Maxwell,Fort Canning,21
Maxwell,Gardens by the Bay,9
Maxwell,Geylang Bahru,28
Maxwell,Great World,8
Maxwell,Gul Circle,47
Maxwell,HarbourFront,15
Maxwell,Havelock,7
Maxwell,Haw Par Villa,31
Maxwell,Hillview,37
Maxwell,Holland Village,33
Maxwell,Hougang,34
Maxwell,Jalan Besar,24
Maxwell,Joo Koon,44
Maxwell,Jurong East,31
Maxwell,Kaki Bukit,35
Maxwell,Kallang,24
Maxwell,Kembangan,33
Maxwell,Kent Ridge,33
Maxwell,Khatib,37
Maxwell,King Albert Park,29
Maxwell,Kovan,32
Maxwell,Kranji,55
Maxwell,Labrador Park,26
Maxwell,Lakeside,36
Maxwell,Lavender,22
Maxwell,Lentor,31
Maxwell,Little India,19
Maxwell,Lorong Chuan,37
Maxwell,MacPherson,31
Maxwell,Marina Bay,6
Maxwell,Marina South Pier,15
Maxwell,Marsiling,52
Maxwell,Marymount,31
Maxwell,Mattar,30
Maxwell,Maxwell,0
Maxwell,Mayflower,28
Maxwell,Mountbatten,31
Maxwell,Napier,14
Maxwell,Newton,18
Maxwell,Nicoll Highway,27
Maxwell,Novena,20
Maxwell,Orchard,10
Maxwell,Orchard Boulevard,12
Maxwell,Outram Park,5
Maxwell,Pasir Panjang,28
Maxwell,Pasir Ris,48
Maxwell,Paya Lebar,29
Maxwell,Pioneer,41
Maxwell,Potong Pasir,26
Maxwell,Promenade,19
Maxwell,Punggol,41
Maxwell,Queenstown,18
Maxwell,Raffles Place,14
Maxwell,Redhill,16
Maxwell,Rochor,26
Maxwell,Sembawang,45
Maxwell,Sengkang,38
Maxwell,Serangoon,30
Maxwell,Shenton Way,5
Maxwell,Simei,43
Maxwell,Sixth Avenue,27
Maxwell,Somerset,18
Maxwell,Springleaf,34
Maxwell,Stadium,29
Maxwell,Stevens,16
Maxwell,Tai Seng,40
Maxwell,Tampines,43
Maxwell,Tampines East,45
Maxwell,Tampines West,41
Maxwell,Tan Kah Kee,25
Maxwell,Tanah Merah,38
Maxwell,Tanjong Pagar,13
Maxwell,Telok Ayer,20
Maxwell,Telok Blangah,24
Maxwell,Tiong Bahru,14
Maxwell,Toa Payoh,23
Maxwell,Tuas Crescent,49
Maxwell,Tuas Link,54
Maxwell,Tuas West Road,52
Maxwell,Ubi,34
Maxwell,Upper Changi,49
Maxwell,Upper Thomson,24
Maxwell,Woodlands,40
Maxwell,Woodlands North,43
Maxwell,Woodlands South,38
Maxwell,Woodleigh,27
Maxwell,Yew Tee,47
Maxwell,Yio Chu Kang,32
Maxwell,Yishun,39
Maxwell,one-north,32
Napier,Admiralty,40
Napier,Aljunied,31
Napier,Ang Mo Kio,26
Napier,Bartley,31
Napier,Bayfront,22
Napier,Beauty World,21
Napier,Bedok,40
Napier,Bedok North,44
Napier,Bedok Reservoir,46
Napier,Bencoolen,30
Napier,Bendemeer,34
Napier,Bishan,23
Napier,Boon Keng,25
Napier,Boon Lay,47
Napier,Botanic Gardens,13
Napier,Braddell,21
Napier,Bras Basah,26
Napier,Bright Hill,16
Napier,Buangkok,39
Napier,Bugis,18
Napier,Bukit Batok,46
Napier,Bukit Gombak,48
Napier,Bukit Panjang,30
Napier,Buona Vista,28
Napier,Caldecott,10
Napier,Canberra,39
Napier,Cashew,28
Napier,Changi Airport,61
Napier,Chinatown,21
Napier,Chinese Garden,41
Napier,Choa Chu Kang,45
Napier,City Hall,18
Napier,Clarke Quay,22
Napier,Clementi,34
Napier,Commonwealth,28
Napier,Dakota,35
Napier,Dhoby Ghaut,16
Napier,Dover,32
Napier,Downtown,24
Napier,Esplanade,28
Napier,Eunos,35
Napier,Expo,55
Napier,Farrer Park,23
Napier,Farrer Road,23
Napier,Fort Canning,28
Napier,Gardens by the Bay,20
Napier,Geylang Bahru,36
Napier,Great World,9
Napier,Gul Circle,54
Napier,HarbourFront,22
Napier,Havelock,10
Napier,Haw Par Villa,34
Napier,Hillview,26
Napier,Holland Village,26
Napier,Hougang,37
Napier,Jalan Besar,31
Napier,Joo Koon,51
Napier,Jurong East,38
Napier,Kaki Bukit,43
Napier,Kallang,29
Napier,Kembangan,37
Napier,Kent Ridge,32
Napier,Khatib,34
Napier,King Albert Park,19
Napier,Kovan,34
Napier,Kranji,44
Napier,Labrador Park,33
Napier,Lakeside,43
Napier,Lavender,27
Napier,Lentor,20
Napier,Little India,15
Napier,Lorong Chuan,26
Napier,MacPherson,36
Napier,Marina Bay,17
Napier,Marina South Pier,25
Napier,Marsiling,41
Napier,Marymount,20
Napier,Mattar,37
Napier,Maxwell,14
Napier,Mayflower,18
Napier,Mountbatten,33
Napier,Napier,0
Napier,Newton,13
Napier,Nicoll Highway,29
Napier,Novena,17
Napier,Orchard,7
Napier,Orchard Boulevard,5
Napier,Outram Park,12
Napier,Pasir Panjang,36
Napier,Pasir Ris,53
Napier,Paya Lebar,33
Napier,Pioneer,48
Napier,Potong Pasir,28
Napier,Promenade,20
Napier,Punggol,43
Napier,Queenstown,26
Napier,Raffles Place,21
Napier,Redhill,23
Napier,Rochor,17
Napier,Sembawang,41
Napier,Sengkang,41
Napier,Serangoon,28
Napier,Shenton Way,16
Napier,Simei,47
Napier,Sixth Avenue,17
Napier,Somerset,15
Napier,Springleaf,23
Napier,Stadium,31
Napier,Stevens,6
Napier,Tai Seng,34
Napier,Tampines,49
Napier,Tampines East,53
Napier,Tampines West,48
Napier,Tan Kah Kee,15
Napier,Tanah Merah,43
Napier,Tanjong Pagar,21
Napier,Telok Ayer,26
Napier,Telok Blangah,31
Napier,Tiong Bahru,21
Napier,Toa Payoh,19
Napier,Tuas Crescent,57
Napier,Tuas Link,61
Napier,Tuas West Road,59
Napier,Ubi,41
Napier,Upper Changi,56
Napier,Upper Thomson,13
Napier,Woodlands,30
Napier,Woodlands North,32
Napier,Woodlands South,28
Napier,Woodleigh,30
Napier,Yew Tee,52
Napier,Yio Chu Kang,29
Napier,Yishun,36
Napier,one-north,30
Novena,Admiralty,31
Novena,Aljunied,26
Novena,Ang Mo Kio,13
Novena,Bartley,26
Novena,Bayfront,21
Novena,Beauty World,24
Novena,Bedok,34
Novena,Bedok North,40
Novena,Bedok Reservoir,42
Novena,Bencoolen,30
Novena,Bendemeer,34
Novena,Bishan,9
Novena,Boon Keng,24
Novena,Boon Lay,51
Novena,Botanic Gardens,16
Novena,Braddell,7
Novena,Bras Basah,20
Novena,Bright Hill,29
Novena,Buangkok,36
Novena,Bugis,17
Novena,Bukit Batok,51
Novena,Bukit Gombak,53
Novena,Bukit Panjang,33
Novena,Buona Vista,31
Novena,Caldecott,23
Novena,Canberra,25
Novena,Cashew,31
Novena,Changi Airport,55
Novena,Chinatown,22
Novena,Chinese Garden,46
Novena,Choa Chu Kang,49
Novena,City Hall,13
Novena,Clarke Quay,21
Novena,Clementi,39
Novena,Commonwealth,32
Novena,Dakota,33
Novena,Dhoby Ghaut,11
Novena,Dover,37
Novena,Downtown,23
Novena,Esplanade,22
Novena,Eunos,30
Novena,Expo,50
Novena,Farrer Park,22
Novena,Farrer Road,27
Novena,Fort Canning,28
Novena,Gardens by the Bay,26
Novena,Geylang Bahru,36
Novena,Great World,15
Novena,Gul Circle,59
Novena,HarbourFront,28
Novena,Havelock,17
Novena,Haw Par Villa,38
Novena,Hillview,30
Novena,Holland Village,29
Novena,Hougang,34
Novena,Jalan Besar,32
Novena,Joo Koon,56
Novena,Jurong East,43
Novena,Kaki Bukit,39
Novena,Kallang,23
Novena,Kembangan,32
Novena,Kent Ridge,36
Novena,Khatib,20
Novena,King Albert Park,22
Novena,Kovan,32
Novena,Kranji,40
Novena,Labrador Park,39
Novena,Lakeside,48
Novena,Lavender,21
Novena,Lentor,34
Novena,Little India,14
Novena,Lorong Chuan,20
Novena,MacPherson,30
Novena,Marina Bay,17
Novena,Marina South Pier,19
Novena,Marsiling,37
Novena,Marymount,20
Novena,Mattar,37
Novena,Maxwell,20
Novena,Mayflower,32
Novena,Mountbatten,31
Novena,Napier,17
Novena,Newton,5
Novena,Nicoll Highway,27
Novena,Novena,0
Novena,Orchard,7
Novena,Orchard Boulevard,15
Novena,Outram Park,18
Novena,Pasir Panjang,40
Novena,Pasir Ris,47
Novena,Paya Lebar,28
Novena,Pioneer,53
Novena,Potong Pasir,27
Novena,Promenade,19
Novena,Punggol,41
Novena,Queenstown,30
Novena,Raffles Place,15
Novena,Redhill,28
Novena,Rochor,16
Novena,Sembawang,28
Novena,Sengkang,38
Novena,Serangoon,22
Novena,Shenton Way,22
Novena,Simei,42
Novena,Sixth Avenue,20
Novena,Somerset,9
Novena,Springleaf,37
Novena,Stadium,29
Novena,Stevens,14
Novena,Tai Seng,28
Novena,Tampines,44
Novena,Tampines East,49
Novena,Tampines West,44
Novena,Tan Kah Kee,18
Novena,Tanah Merah,37
Novena,Tanjong Pagar,21
Novena,Telok Ayer,25
Novena,Telok Blangah,37
Novena,Tiong Bahru,26
Novena,Toa Payoh,5
Novena,Tuas Crescent,62
Novena,Tuas Link,66
Novena,Tuas West Road,64
Novena,Ubi,37
Novena,Upper Changi,52
Novena,Upper Thomson,27
Novena,Woodlands,33
Novena,Woodlands North,43
Novena,Woodlands South,41
Novena,Woodleigh,29
Novena,Yew Tee,48
Novena,Yio Chu Kang,15
Novena,Yishun,22
Novena,one-north,34
Orchard,Admiralty,35
Orchard,Aljunied,21
Orchard,Ang Mo Kio,17
Orchard,Bartley,30
Orchard,Bayfront,22
Orchard,Beauty World,24
Orchard,Bedok,30
Orchard,Bedok North,40
Orchard,Bedok Reservoir,42
Orchard,Bencoolen,26
Orchard,Bendemeer,30
Orchard,Bishan,14
Orchard,Boon Keng,20
Orchard,Boon Lay,43
Orchard,Botanic Gardens,16
Orchard,Braddell,11
Orchard,Bras Basah,16
Orchard,Bright Hill,19
Orchard,Buangkok,34
Orchard,Bugis,15
Orchard,Bukit Batok,42
Orchard,Bukit Gombak,44
Orchard,Bukit Panjang,33
Orchard,Buona Vista,26
Orchard,Caldecott,13
Orchard,Canberra,29
Orchard,Cashew,31
Orchard,Changi Airport,51
Orchard,Chinatown,17
Orchard,Chinese Garden,37
Orchard,Choa Chu Kang,48
Orchard,City Hall,9
Orchard,Clarke Quay,17
Orchard,Clementi,30
Orchard,Commonwealth,24
Orchard,Dakota,29
Orchard,Dhoby Ghaut,7
Orchard,Dover,28
Orchard,Downtown,23
Orchard,Esplanade,18
Orchard,Eunos,26
Orchard,Expo,46
Orchard,Farrer Park,18
Orchard,Farrer Road,26
Orchard,Fort Canning,24
Orchard,Gardens by the Bay,16
Orchard,Geylang Bahru,32
Orchard,Great World,5
Orchard,Gul Circle,50
Orchard,HarbourFront,18
Orchard,Havelock,6
Orchard,Haw Par Villa,34
Orchard,Hillview,29
Orchard,Holland Village,29
Orchard,Hougang,32
Orchard,Jalan Besar,28
Orchard,Joo Koon,48
Orchard,Jurong East,35
Orchard,Kaki Bukit,39
Orchard,Kallang,19
Orchard,Kembangan,28
Orchard,Kent Ridge,35
Orchard,Khatib,24
Orchard,King Albert Park,22
Orchard,Kovan,29
Orchard,Kranji,44
Orchard,Labrador Park,30
Orchard,Lakeside,39
Orchard,Lavender,17
Orchard,Lentor,24
Orchard,Little India,15
Orchard,Lorong Chuan,24
Orchard,MacPherson,33
Orchard,Marina Bay,13
Orchard,Marina South Pier,15
Orchard,Marsiling,41
Orchard,Marymount,24
Orchard,Mattar,33
Orchard,Maxwell,10
Orchard,Mayflower,21
Orchard,Mountbatten,27
Orchard,Napier,7
Orchard,Newton,5
Orchard,Nicoll Highway,23
Orchard,Novena,7
Orchard,Orchard,0
Orchard,Orchard Boulevard,5
Orchard,Outram Park,8
Orchard,Pasir Panjang,32
Orchard,Pasir Ris,43
Orchard,Paya Lebar,24
Orchard,Pioneer,44
Orchard,Potong Pasir,23
Orchard,Promenade,19
Orchard,Punggol,38
Orchard,Queenstown,22
Orchard,Raffles Place,11
Orchard,Redhill,20
Orchard,Rochor,16
Orchard,Sembawang,32
Orchard,Sengkang,36
Orchard,Serangoon,26
Orchard,Shenton Way,12
Orchard,Simei,38
Orchard,Sixth Avenue,20
Orchard,Somerset,5
Orchard,Springleaf,27
Orchard,Stadium,25
Orchard,Stevens,9
Orchard,Tai Seng,32
Orchard,Tampines,40
Orchard,Tampines East,49
Orchard,Tampines West,45
Orchard,Tan Kah Kee,18
Orchard,Tanah Merah,33
Orchard,Tanjong Pagar,17
Orchard,Telok Ayer,23
Orchard,Telok Blangah,28
Orchard,Tiong Bahru,17
Orchard,Toa Payoh,10
Orchard,Tuas Crescent,53
Orchard,Tuas Link,57
Orchard,Tuas West Road,55
Orchard,Ubi,37
Orchard,Upper Changi,52
Orchard,Upper Thomson,17
Orchard,Woodlands,33
Orchard,Woodlands North,36
Orchard,Woodlands South,31
Orchard,Woodleigh,25
Orchard,Yew Tee,51
Orchard,Yio Chu Kang,19
Orchard,Yishun,26
Orchard,one-north,33
Paya Lebar,Admiralty,48
Paya Lebar,Aljunied,5
Paya Lebar,Ang Mo Kio,30
Paya Lebar,Bartley,12
Paya Lebar,Bayfront,23
Paya Lebar,Beauty World,36
Paya Lebar,Bedok,10
Paya Lebar,Bedok North,17
Paya Lebar,Bedok Reservoir,19
Paya Lebar,Bencoolen,21
Paya Lebar,Bendemeer,17
Paya Lebar,Bishan,20
Paya Lebar,Boon Keng,28
Paya Lebar,Boon Lay,49
Paya Lebar,Botanic Gardens,28
Paya Lebar,Braddell,29
Paya Lebar,Bras Basah,20
Paya Lebar,Bright Hill,37
Paya Lebar,Buangkok,29
Paya Lebar,Bugis,12
Paya Lebar,Bukit Batok,48
Paya Lebar,Bukit Gombak,50
Paya Lebar,Bukit Panjang,45
Paya Lebar,Buona Vista,32
Paya Lebar,Caldecott,25
Paya Lebar,Canberra,42
Paya Lebar,Cashew,43
Paya Lebar,Changi Airport,31
Paya Lebar,Chinatown,25
Paya Lebar,Chinese Garden,43
Paya Lebar,Choa Chu Kang,55
Paya Lebar,City Hall,14
Paya Lebar,Clarke Quay,30
Paya Lebar,Clementi,36
Paya Lebar,Commonwealth,30
Paya Lebar,Dakota,7
Paya Lebar,Dhoby Ghaut,20
Paya Lebar,Dover,34
Paya Lebar,Downtown,24
Paya Lebar,Esplanade,18
Paya Lebar,Eunos,5
Paya Lebar,Expo,26
Paya Lebar,Farrer Park,30
Paya Lebar,Farrer Road,33
Paya Lebar,Fort Canning,23
Paya Lebar,Gardens by the Bay,30
Paya Lebar,Geylang Bahru,15
Paya Lebar,Great World,30
Paya Lebar,Gul Circle,56
Paya Lebar,HarbourFront,30
Paya Lebar,Havelock,29
Paya Lebar,Haw Par Villa,44
Paya Lebar,Hillview,42
Paya Lebar,Holland Village,35
Paya Lebar,Hougang,27
Paya Lebar,Jalan Besar,19
Paya Lebar,Joo Koon,54
Paya Lebar,Jurong East,41
Paya Lebar,Kaki Bukit,16
Paya Lebar,Kallang,8
Paya Lebar,Kembangan,7
Paya Lebar,Kent Ridge,42
Paya Lebar,Khatib,37
Paya Lebar,King Albert Park,34
Paya Lebar,Kovan,25
Paya Lebar,Kranji,57
Paya Lebar,Labrador Park,42
Paya Lebar,Lakeside,45
Paya Lebar,Lavender,10
Paya Lebar,Lentor,42
Paya Lebar,Little India,22
Paya Lebar,Lorong Chuan,17
Paya Lebar,MacPherson,7
Paya Lebar,Marina Bay,22
Paya Lebar,Marina South Pier,24
Paya Lebar,Marsiling,54
Paya Lebar,Marymount,23
Paya Lebar,Mattar,14
Paya Lebar,Maxwell,29
Paya Lebar,Mayflower,39
Paya Lebar,Mountbatten,9
Paya Lebar,Napier,33
Paya Lebar,Newton,24
Paya Lebar,Nicoll Highway,13
Paya Lebar,Novena,28
Paya Lebar,Orchard,24
Paya Lebar,Orchard Boulevard,32
Paya Lebar,Outram Park,21
Paya Lebar,Pasir Panjang,44
Paya Lebar,Pasir Ris,23
Paya Lebar,Paya Lebar,0
Paya Lebar,Pioneer,50
Paya Lebar,Potong Pasir,26
Paya Lebar,Promenade,15
Paya Lebar,Punggol,34
Paya Lebar,Queenstown,28
Paya Lebar,Raffles Place,16
Paya Lebar,Redhill,26
Paya Lebar,Rochor,21
Paya Lebar,Sembawang,45
Paya Lebar,Sengkang,31
Paya Lebar,Serangoon,15
Paya Lebar,Shenton Way,30
Paya Lebar,Simei,17
Paya Lebar,Sixth Avenue,32
Paya Lebar,Somerset,22
Paya Lebar,Springleaf,45
Paya Lebar,Stadium,11
Paya Lebar,Stevens,27
Paya Lebar,Tai Seng,10
Paya Lebar,Tampines,20
Paya Lebar,Tampines East,26
Paya Lebar,Tampines West,21
Paya Lebar,Tan Kah Kee,30
Paya Lebar,Tanah Merah,13
Paya Lebar,Tanjong Pagar,18
Paya Lebar,Telok Ayer,26
Paya Lebar,Telok Blangah,40
Paya Lebar,Tiong Bahru,23
Paya Lebar,Toa Payoh,30
Paya Lebar,Tuas Crescent,59
Paya Lebar,Tuas Link,63
Paya Lebar,Tuas West Road,61
Paya Lebar,Ubi,14
Paya Lebar,Upper Changi,29
Paya Lebar,Upper Thomson,35
Paya Lebar,Woodlands,50
Paya Lebar,Woodlands North,54
Paya Lebar,Woodlands South,49
Paya Lebar,Woodleigh,24
Paya Lebar,Yew Tee,57
Paya Lebar,Yio Chu Kang,32
Paya Lebar,Yishun,39
Paya Lebar,one-north,40
Promenade,Admiralty,47
Promenade,Aljunied,19
Promenade,Ang Mo Kio,29
Promenade,Bartley,23
Promenade,Bayfront,6
Promenade,Beauty World,22
Promenade,Bedok,28
Promenade,Bedok North,28
Promenade,Bedok Reservoir,30
Promenade,Bencoolen,14
Promenade,Bendemeer,18
Promenade,Bishan,25
Promenade,Boon Keng,18
Promenade,Boon Lay,50
Promenade,Botanic Gardens,14
Promenade,Braddell,23
Promenade,Bras Basah,9
Promenade,Bright Hill,28
Promenade,Buangkok,31
Promenade,Bugis,5
Promenade,Bukit Batok,49
Promenade,Bukit Gombak,51
Promenade,Bukit Panjang,31
Promenade,Buona Vista,29
Promenade,Caldecott,22
Promenade,Canberra,41
Promenade,Cashew,29
Promenade,Changi Airport,49
Promenade,Chinatown,10
Promenade,Chinese Garden,44
Promenade,Choa Chu Kang,47
Promenade,City Hall,15
Promenade,Clarke Quay,17
Promenade,Clementi,37
Promenade,Commonwealth,31
Promenade,Dakota,13
Promenade,Dhoby Ghaut,11
Promenade,Dover,35
Promenade,Downtown,7
Promenade,Esplanade,7
Promenade,Eunos,23
Promenade,Expo,41
Promenade,Farrer Park,16
Promenade,Farrer Road,25
Promenade,Fort Canning,13
Promenade,Gardens by the Bay,19
Promenade,Geylang Bahru,20
Promenade,Great World,24
Promenade,Gul Circle,57
Promenade,HarbourFront,20
Promenade,Havelock,23
Promenade,Haw Par Villa,36
Promenade,Hillview,28
Promenade,Holland Village,27
Promenade,Hougang,29
Promenade,Jalan Besar,16
Promenade,Joo Koon,54
Promenade,Jurong East,41
Promenade,Kaki Bukit,26
Promenade,Kallang,17
Promenade,Kembangan,25
Promenade,Kent Ridge,34
Promenade,Khatib,36
Promenade,King Albert Park,20
Promenade,Kovan,27
Promenade,Kranji,56
Promenade,Labrador Park,32
Promenade,Lakeside,46
Promenade,Lavender,15
Promenade,Lentor,32
Promenade,Little India,8
Promenade,Lorong Chuan,28
Promenade,MacPherson,18
Promenade,Marina Bay,10
Promenade,Marina South Pier,19
Promenade,Marsiling,53
Promenade,Marymount,29
Promenade,Mattar,22
Promenade,Maxwell,19
Promenade,Mayflower,30
Promenade,Mountbatten,11
Promenade,Napier,20
Promenade,Newton,10
Promenade,Nicoll Highway,7
Promenade,Novena,19
Promenade,Orchard,19
Promenade,Orchard Boulevard,22
Promenade,Outram Park,17
Promenade,Pasir Panjang,34
Promenade,Pasir Ris,41
Promenade,Paya Lebar,15
Promenade,Pioneer,51
Promenade,Potong Pasir,20
Promenade,Promenade,0
Promenade,Punggol,36
Promenade,Queenstown,29
Promenade,Raffles Place,17
Promenade,Redhill,26
Promenade,Rochor,7
Promenade,Sembawang,43
Promenade,Sengkang,33
Promenade,Serangoon,24
Promenade,Shenton Way,18
Promenade,Simei,35
Promenade,Sixth Avenue,18
Promenade,Somerset,19
Promenade,Springleaf,35
Promenade,Stadium,9
Promenade,Stevens,13
Promenade,Tai Seng,20
Promenade,Tampines,34
Promenade,Tampines East,36
Promenade,Tampines West,32
Promenade,Tan Kah Kee,16
Promenade,Tanah Merah,30
Promenade,Tanjong Pagar,19
Promenade,Telok Ayer,9
Promenade,Telok Blangah,30
Promenade,Tiong Bahru,24
Promenade,Toa Payoh,21
Promenade,Tuas Crescent,60
Promenade,Tuas Link,64
Promenade,Tuas West Road,62
Promenade,Ubi,25
Promenade,Upper Changi,40
Promenade,Upper Thomson,25
Promenade,Woodlands,42
Promenade,Woodlands North,44
Promenade,Woodlands South,40
Promenade,Woodleigh,22
Promenade,Yew Tee,53
Promenade,Yio Chu Kang,31
Promenade,Yishun,38
Promenade,one-north,32
Punggol,Admiralty,56
Punggol,Aljunied,42
Punggol,Ang Mo Kio,38
Punggol,Bartley,26
Punggol,Bayfront,38
Punggol,Beauty World,46
Punggol,Bedok,46
Punggol,Bedok North,41
Punggol,Bedok Reservoir,43
Punggol,Bencoolen,40
Punggol,Bendemeer,41
Punggol,Bishan,28
Punggol,Boon Keng,22
Punggol,Boon Lay,67
Punggol,Botanic Gardens,38
Punggol,Braddell,37
Punggol,Bras Basah,36
Punggol,Bright Hill,46
Punggol,Buangkok,8
Punggol,Bugis,34
Punggol,Bukit Batok,67
Punggol,Bukit Gombak,69
Punggol,Bukit Panjang,54
Punggol,Buona Vista,46
Punggol,Caldecott,34
Punggol,Canberra,50
Punggol,Cashew,52
Punggol,Changi Airport,67
Punggol,Chinatown,31
Punggol,Chinese Garden,62
Punggol,Choa Chu Kang,70
Punggol,City Hall,37
Punggol,Clarke Quay,30
Punggol,Clementi,55
Punggol,Commonwealth,48
Punggol,Dakota,36
Punggol,Dhoby Ghaut,27
Punggol,Dover,53
Punggol,Downtown,39
Punggol,Esplanade,38
Punggol,Eunos,42
Punggol,Expo,54
Punggol,Farrer Park,24
Punggol,Farrer Road,41
Punggol,Fort Canning,39
Punggol,Gardens by the Bay,47
Punggol,Geylang Bahru,39
Punggol,Great World,43
Punggol,Gul Circle,75
Punggol,HarbourFront,36
Punggol,Havelock,41
Punggol,Haw Par Villa,52
Punggol,Hillview,51
Punggol,Holland Village,43
Punggol,Hougang,10
Punggol,Jalan Besar,42
Punggol,Joo Koon,72
Punggol,Jurong East,59
Punggol,Kaki Bukit,40
Punggol,Kallang,44
Punggol,Kembangan,44
Punggol,Kent Ridge,50
Punggol,Khatib,45
Punggol,King Albert Park,44
Punggol,Kovan,12
Punggol,Kranji,66
Punggol,Labrador Park,48
Punggol,Lakeside,64
Punggol,Lavender,44
Punggol,Lentor,50
Punggol,Little India,25
Punggol,Lorong Chuan,26
Punggol,MacPherson,31
Punggol,Marina Bay,41
Punggol,Marina South Pier,43
Punggol,Marsiling,62
Punggol,Marymount,31
Punggol,Mattar,38
Punggol,Maxwell,41
Punggol,Mayflower,48
Punggol,Mountbatten,38
Punggol,Napier,43
Punggol,Newton,34
Punggol,Nicoll Highway,42
Punggol,Novena,41
Punggol,Orchard,38
Punggol,Orchard Boulevard,45
Punggol,Outram Park,33
Punggol,Pasir Panjang,50
Punggol,Pasir Ris,58
Punggol,Paya Lebar,34
Punggol,Pioneer,69
Punggol,Potong Pasir,19
Punggol,Promenade,36
Punggol,Punggol,0
Punggol,Queenstown,46
Punggol,Raffles Place,39
Punggol,Redhill,44
Punggol,Rochor,33
Punggol,Sembawang,53
Punggol,Sengkang,6
Punggol,Serangoon,15
Punggol,Shenton Way,43
Punggol,Simei,54
Punggol,Sixth Avenue,41
Punggol,Somerset,36
Punggol,Springleaf,53
Punggol,Stadium,40
Punggol,Stevens,36
Punggol,Tai Seng,29
Punggol,Tampines,48
Punggol,Tampines East,50
Punggol,Tampines West,45
Punggol,Tan Kah Kee,39
Punggol,Tanah Merah,49
Punggol,Tanjong Pagar,42
Punggol,Telok Ayer,38
Punggol,Telok Blangah,46
Punggol,Tiong Bahru,42
Punggol,Toa Payoh,39
Punggol,Tuas Crescent,78
Punggol,Tuas Link,82
Punggol,Tuas West Road,80
Punggol,Ubi,38
Punggol,Upper Changi,53
Punggol,Upper Thomson,43
Punggol,Woodlands,59
Punggol,Woodlands North,62
Punggol,Woodlands South,58
Punggol,Woodleigh,17
Punggol,Yew Tee,73
Punggol,Yio Chu Kang,40
Punggol,Yishun,48
Punggol,one-north,48
Raffles Place,Admiralty,42
Raffles Place,Aljunied,14
Raffles Place,Ang Mo Kio,24
Raffles Place,Bartley,31
Raffles Place,Bayfront,16
Raffles Place,Beauty World,32
Raffles Place,Bedok,23
Raffles Place,Bedok North,36
Raffles Place,Bedok Reservoir,38
Raffles Place,Bencoolen,25
Raffles Place,Bendemeer,29
Raffles Place,Bishan,21
Raffles Place,Boon Keng,21
Raffles Place,Boon Lay,36
Raffles Place,Botanic Gardens,24
Raffles Place,Braddell,19
Raffles Place,Bras Basah,17
Raffles Place,Bright Hill,33
Raffles Place,Buangkok,34
Raffles Place,Bugis,8
Raffles Place,Bukit Batok,35
Raffles Place,Bukit Gombak,37
Raffles Place,Bukit Panjang,41
Raffles Place,Buona Vista,19
Raffles Place,Caldecott,27
Raffles Place,Canberra,37
Raffles Place,Cashew,39
Raffles Place,Changi Airport,44
Raffles Place,Chinatown,16
Raffles Place,Chinese Garden,30
Raffles Place,Choa Chu Kang,42
Raffles Place,City Hall,5
Raffles Place,Clarke Quay,17
Raffles Place,Clementi,23
Raffles Place,Commonwealth,17
Raffles Place,Dakota,26
Raffles Place,Dhoby Ghaut,7
Raffles Place,Dover,21
Raffles Place,Downtown,21
Raffles Place,Esplanade,19
Raffles Place,Eunos,18
Raffles Place,Expo,39
Raffles Place,Farrer Park,19
Raffles Place,Farrer Road,32
Raffles Place,Fort Canning,23
Raffles Place,Gardens by the Bay,14
Raffles Place,Geylang Bahru,31
Raffles Place,Great World,17
Raffles Place,Gul Circle,43
Raffles Place,HarbourFront,17
Raffles Place,Havelock,16
Raffles Place,Haw Par Villa,33
Raffles Place,Hillview,38
Raffles Place,Holland Village,29
Raffles Place,Hougang,32
Raffles Place,Jalan Besar,27
Raffles Place,Joo Koon,40
Raffles Place,Jurong East,28
Raffles Place,Kaki Bukit,35
Raffles Place,Kallang,12
Raffles Place,Kembangan,20
Raffles Place,Kent Ridge,31
Raffles Place,Khatib,32
Raffles Place,King Albert Park,30
Raffles Place,Kovan,30
Raffles Place,Kranji,52
Raffles Place,Labrador Park,29
Raffles Place,Lakeside,32
Raffles Place,Lavender,10
Raffles Place,Lentor,38
Raffles Place,Little India,17
Raffles Place,Lorong Chuan,32
Raffles Place,MacPherson,26
Raffles Place,Marina Bay,5
Raffles Place,Marina South Pier,8
Raffles Place,Marsiling,49
Raffles Place,Marymount,32
Raffles Place,Mattar,32
Raffles Place,Maxwell,14
Raffles Place,Mayflower,35
Raffles Place,Mountbatten,28
Raffles Place,Napier,21
Raffles Place,Newton,13
Raffles Place,Nicoll Highway,24
Raffles Place,Novena,15
Raffles Place,Orchard,11
Raffles Place,Orchard Boulevard,19
Raffles Place,Outram Park,8
Raffles Place,Pasir Panjang,31
Raffles Place,Pasir Ris,36
Raffles Place,Paya Lebar,16
Raffles Place,Pioneer,37
Raffles Place,Potong Pasir,23
Raffles Place,Promenade,17
Raffles Place,Punggol,39
Raffles Place,Queenstown,15
Raffles Place,Raffles Place,0
Raffles Place,Redhill,12
Raffles Place,Rochor,17
Raffles Place,Sembawang,39
Raffles Place,Sengkang,36
Raffles Place,Serangoon,27
Raffles Place,Shenton Way,13
Raffles Place,Simei,30
Raffles Place,Sixth Avenue,28
Raffles Place,Somerset,9
Raffles Place,Springleaf,41
Raffles Place,Stadium,26
Raffles Place,Stevens,22
Raffles Place,Tai Seng,29
Raffles Place,Tampines,33
Raffles Place,Tampines East,43
Raffles Place,Tampines West,40
Raffles Place,Tan Kah Kee,26
Raffles Place,Tanah Merah,26
Raffles Place,Tanjong Pagar,5
Raffles Place,Telok Ayer,22
Raffles Place,Telok Blangah,27
Raffles Place,Tiong Bahru,10
Raffles Place,Toa Payoh,17
Raffles Place,Tuas Crescent,46
Raffles Place,Tuas Link,50
Raffles Place,Tuas West Road,48
Raffles Place,Ubi,33
Raffles Place,Upper Changi,46
Raffles Place,Upper Thomson,31
Raffles Place,Woodlands,45
Raffles Place,Woodlands North,50
Raffles Place,Woodlands South,45
Raffles Place,Woodleigh,25
Raffles Place,Yew Tee,44
Raffles Place,Yio Chu Kang,27
Raffles Place,Yishun,34
Raffles Place,one-north,29
Serangoon,Admiralty,37
Serangoon,Aljunied,23
Serangoon,Ang Mo Kio,19
Serangoon,Bartley,8
Serangoon,Bayfront,26
Serangoon,Beauty World,34
Serangoon,Bedok,28
Serangoon,Bedok North,23
Serangoon,Bedok Reservoir,24
Serangoon,Bencoolen,27
Serangoon,Bendemeer,23
Serangoon,Bishan,10
Serangoon,Boon Keng,10
Serangoon,Boon Lay,50
Serangoon,Botanic Gardens,19
Serangoon,Braddell,18
Serangoon,Bras Basah,25
Serangoon,Bright Hill,27
Serangoon,Buangkok,10
Serangoon,Bugis,23
Serangoon,Bukit Batok,50
Serangoon,Bukit Gombak,52
Serangoon,Bukit Panjang,43
Serangoon,Buona Vista,27
Serangoon,Caldecott,15
Serangoon,Canberra,32
Serangoon,Cashew,41
Serangoon,Changi Airport,49
Serangoon,Chinatown,20
Serangoon,Chinese Garden,45
Serangoon,Choa Chu Kang,56
Serangoon,City Hall,25
Serangoon,Clarke Quay,18
Serangoon,Clementi,38
Serangoon,Commonwealth,35
Serangoon,Dakota,18
Serangoon,Dhoby Ghaut,16
Serangoon,Dover,36
Serangoon,Downtown,28
Serangoon,Esplanade,27
Serangoon,Eunos,23
Serangoon,Expo,36
Serangoon,Farrer Park,12
Serangoon,Farrer Road,22
Serangoon,Fort Canning,27
Serangoon,Gardens by the Bay,35
Serangoon,Geylang Bahru,21
Serangoon,Great World,31
Serangoon,Gul Circle,58
Serangoon,HarbourFront,25
Serangoon,Havelock,30
Serangoon,Haw Par Villa,34
Serangoon,Hillview,39
Serangoon,Holland Village,25
Serangoon,Hougang,8
Serangoon,Jalan Besar,25
Serangoon,Joo Koon,55
Serangoon,Jurong East,42
Serangoon,Kaki Bukit,21
Serangoon,Kallang,25
Serangoon,Kembangan,25
Serangoon,Kent Ridge,31
Serangoon,Khatib,27
Serangoon,King Albert Park,32
Serangoon,Kovan,6
Serangoon,Kranji,47
Serangoon,Labrador Park,36
Serangoon,Lakeside,47
Serangoon,Lavender,27
Serangoon,Lentor,32
Serangoon,Little India,14
Serangoon,Lorong Chuan,7
Serangoon,MacPherson,12
Serangoon,Marina Bay,29
Serangoon,Marina South Pier,32
Serangoon,Marsiling,44
Serangoon,Marymount,13
Serangoon,Mattar,19
Serangoon,Maxwell,30
Serangoon,Mayflower,29
Serangoon,Mountbatten,20
Serangoon,Napier,28
Serangoon,Newton,22
Serangoon,Nicoll Highway,24
Serangoon,Novena,22
Serangoon,Orchard,26
Serangoon,Orchard Boulevard,30
Serangoon,Outram Park,22
Serangoon,Pasir Panjang,36
Serangoon,Pasir Ris,40
Serangoon,Paya Lebar,15
Serangoon,Pioneer,52
Serangoon,Potong Pasir,8
Serangoon,Promenade,24
Serangoon,Punggol,15
Serangoon,Queenstown,35
Serangoon,Raffles Place,27
Serangoon,Redhill,32
Serangoon,Rochor,21
Serangoon,Sembawang,34
Serangoon,Sengkang,12
Serangoon,Serangoon,0
Serangoon,Shenton Way,31
Serangoon,Simei,35
Serangoon,Sixth Avenue,30
Serangoon,Somerset,25
Serangoon,Springleaf,34
Serangoon,Stadium,21
Serangoon,Stevens,24
Serangoon,Tai Seng,10
Serangoon,Tampines,29
Serangoon,Tampines East,31
Serangoon,Tampines West,27
Serangoon,Tan Kah Kee,28
Serangoon,Tanah Merah,30
Serangoon,Tanjong Pagar,30
Serangoon,Telok Ayer,26
Serangoon,Telok Blangah,34
Serangoon,Tiong Bahru,30
Serangoon,Toa Payoh,20
Serangoon,Tuas Crescent,60
Serangoon,Tuas Link,65
Serangoon,Tuas West Road,63
Serangoon,Ubi,19
Serangoon,Upper Changi,34
Serangoon,Upper Thomson,25
Serangoon,Woodlands,40
Serangoon,Woodlands North,44
Serangoon,Woodlands South,39
Serangoon,Woodleigh,6
Serangoon,Yew Tee,55
Serangoon,Yio Chu Kang,22
Serangoon,Yishun,29
Serangoon,one-north,29
Shenton Way,Admiralty,49
Shenton Way,Aljunied,28
Shenton Way,Ang Mo Kio,31
Shenton Way,Bartley,41
Shenton Way,Bayfront,16
Shenton Way,Beauty World,33
Shenton Way,Bedok,36
Shenton Way,Bedok North,38
Shenton Way,Bedok Reservoir,40
Shenton Way,Bencoolen,24
Shenton Way,Bendemeer,28
Shenton Way,Bishan,28
Shenton Way,Boon Keng,25
Shenton Way,Boon Lay,41
Shenton Way,Botanic Gardens,25
Shenton Way,Braddell,26
Shenton Way,Bras Basah,26
Shenton Way,Bright Hill,28
Shenton Way,Buangkok,38
Shenton Way,Bugis,21
Shenton Way,Bukit Batok,40
Shenton Way,Bukit Gombak,42
Shenton Way,Bukit Panjang,42
Shenton Way,Buona Vista,24
Shenton Way,Caldecott,22
Shenton Way,Canberra,44
Shenton Way,Cashew,40
Shenton Way,Changi Airport,57
Shenton Way,Chinatown,15
Shenton Way,Chinese Garden,35
Shenton Way,Choa Chu Kang,47
Shenton Way,City Hall,15
Shenton Way,Clarke Quay,16
Shenton Way,Clementi,29
Shenton Way,Commonwealth,22
Shenton Way,Dakota,31
Shenton Way,Dhoby Ghaut,17
Shenton Way,Dover,26
Shenton Way,Downtown,21
Shenton Way,Esplanade,25
Shenton Way,Eunos,32
Shenton Way,Expo,52
Shenton Way,Farrer Park,23
Shenton Way,Farrer Road,35
Shenton Way,Fort Canning,22
Shenton Way,Gardens by the Bay,7
Shenton Way,Geylang Bahru,30
Shenton Way,Great World,10
Shenton Way,Gul Circle,49
Shenton Way,HarbourFront,16
Shenton Way,Havelock,8
Shenton Way,Haw Par Villa,32
Shenton Way,Hillview,38
Shenton Way,Holland Village,34
Shenton Way,Hougang,36
Shenton Way,Jalan Besar,26
Shenton Way,Joo Koon,46
Shenton Way,Jurong East,33
Shenton Way,Kaki Bukit,37
Shenton Way,Kallang,25
Shenton Way,Kembangan,34
Shenton Way,Kent Ridge,35
Shenton Way,Khatib,39
Shenton Way,King Albert Park,31
Shenton Way,Kovan,34
Shenton Way,Kranji,56
Shenton Way,Labrador Park,28
Shenton Way,Lakeside,37
Shenton Way,Lavender,23
Shenton Way,Lentor,33
Shenton Way,Little India,21
Shenton Way,Lorong Chuan,38
Shenton Way,MacPherson,33
Shenton Way,Marina Bay,5
Shenton Way,Marina South Pier,13
Shenton Way,Marsiling,53
Shenton Way,Marymount,33
Shenton Way,Mattar,32
Shenton Way,Maxwell,5
Shenton Way,Mayflower,30
Shenton Way,Mountbatten,29
Shenton Way,Napier,16
Shenton Way,Newton,20
Shenton Way,Nicoll Highway,25
Shenton Way,Novena,22
Shenton Way,Orchard,12
Shenton Way,Orchard Boulevard,14
Shenton Way,Outram Park,6
Shenton Way,Pasir Panjang,30
Shenton Way,Pasir Ris,49
Shenton Way,Paya Lebar,30
Shenton Way,Pioneer,42
Shenton Way,Potong Pasir,27
Shenton Way,Promenade,18
Shenton Way,Punggol,43
Shenton Way,Queenstown,20
Shenton Way,Raffles Place,13
Shenton Way,Redhill,18
Shenton Way,Rochor,25
Shenton Way,Sembawang,46
Shenton Way,Sengkang,40
Shenton Way,Serangoon,31
Shenton Way,Shenton Way,0
Shenton Way,Simei,44
Shenton Way,Sixth Avenue,29
Shenton Way,Somerset,19
Shenton Way,Springleaf,35
Shenton Way,Stadium,27
Shenton Way,Stevens,18
Shenton Way,Tai Seng,38
Shenton Way,Tampines,45
Shenton Way,Tampines East,47
Shenton Way,Tampines West,43
Shenton Way,Tan Kah Kee,27
Shenton Way,Tanah Merah,39
Shenton Way,Tanjong Pagar,15
Shenton Way,Telok Ayer,21
Shenton Way,Telok Blangah,26
Shenton Way,Tiong Bahru,16
Shenton Way,Toa Payoh,24
Shenton Way,Tuas Crescent,51
Shenton Way,Tuas Link,55
Shenton Way,Tuas West Road,53
Shenton Way,Ubi,35
Shenton Way,Upper Changi,50
Shenton Way,Upper Thomson,26
Shenton Way,Woodlands,42
Shenton Way,Woodlands North,45
Shenton Way,Woodlands South,40
Shenton Way,Woodleigh,29
Shenton Way,Yew Tee,49
Shenton Way,Yio Chu Kang,34
Shenton Way,Yishun,41
Shenton Way,one-north,34
Stadium,Admiralty,54
Stadium,Aljunied,19
Stadium,Ang Mo Kio,36
Stadium,Bartley,19
Stadium,Bayfront,17
Stadium,Beauty World,33
Stadium,Bedok,24
Stadium,Bedok North,24
Stadium,Bedok Reservoir,26
Stadium,Bencoolen,25
Stadium,Bendemeer,24
Stadium,Bishan,26
Stadium,Boon Keng,27
Stadium,Boon Lay,61
Stadium,Botanic Gardens,25
Stadium,Braddell,33
Stadium,Bras Basah,14
Stadium,Bright Hill,39
Stadium,Buangkok,36
Stadium,Bugis,16
Stadium,Bukit Batok,60
Stadium,Bukit Gombak,62
Stadium,Bukit Panjang,42
Stadium,Buona Vista,40
Stadium,Caldecott,32
Stadium,Canberra,49
Stadium,Cashew,40
Stadium,Changi Airport,45
Stadium,Chinatown,21
Stadium,Chinese Garden,55
Stadium,Choa Chu Kang,58
Stadium,City Hall,24
Stadium,Clarke Quay,24
Stadium,Clementi,48
Stadium,Commonwealth,42
Stadium,Dakota,9
Stadium,Dhoby Ghaut,16
Stadium,Dover,46
Stadium,Downtown,18
Stadium,Esplanade,12
Stadium,Eunos,19
Stadium,Expo,37
Stadium,Farrer Park,25
Stadium,Farrer Road,36
Stadium,Fort Canning,24
Stadium,Gardens by the Bay,28
Stadium,Geylang Bahru,22
Stadium,Great World,33
Stadium,Gul Circle,68
Stadium,HarbourFront,30
Stadium,Havelock,33
Stadium,Haw Par Villa,46
Stadium,Hillview,39
Stadium,Holland Village,38
Stadium,Hougang,33
Stadium,Jalan Besar,26
Stadium,Joo Koon,65
Stadium,Jurong East,52
Stadium,Kaki Bukit,22
Stadium,Kallang,22
Stadium,Kembangan,21
Stadium,Kent Ridge,45
Stadium,Khatib,44
Stadium,King Albert Park,31
Stadium,Kovan,31
Stadium,Kranji,64
Stadium,Labrador Park,42
Stadium,Lakeside,57
Stadium,Lavender,24
Stadium,Lentor,43
Stadium,Little India,19
Stadium,Lorong Chuan,24
Stadium,MacPherson,14
Stadium,Marina Bay,20
Stadium,Marina South Pier,29
Stadium,Marsiling,61
Stadium,Marymount,30
Stadium,Mattar,20
Stadium,Maxwell,29
Stadium,Mayflower,41
Stadium,Mountbatten,7
Stadium,Napier,31
Stadium,Newton,21
Stadium,Nicoll Highway,7
Stadium,Novena,29
Stadium,Orchard,25
Stadium,Orchard Boulevard,33
Stadium,Outram Park,27
Stadium,Pasir Panjang,44
Stadium,Pasir Ris,37
Stadium,Paya Lebar,11
Stadium,Pioneer,62
Stadium,Potong Pasir,30
Stadium,Promenade,9
Stadium,Punggol,40
Stadium,Queenstown,40
Stadium,Raffles Place,26
Stadium,Redhill,37
Stadium,Rochor,18
Stadium,Sembawang,51
Stadium,Sengkang,38
Stadium,Serangoon,21
Stadium,Shenton Way,27
Stadium,Simei,31
Stadium,Sixth Avenue,29
Stadium,Somerset,23
Stadium,Springleaf,46
Stadium,Stadium,0
Stadium,Stevens,24
Stadium,Tai Seng,16
Stadium,Tampines,30
Stadium,Tampines East,32
Stadium,Tampines West,28
Stadium,Tan Kah Kee,27
Stadium,Tanah Merah,27
Stadium,Tanjong Pagar,30
Stadium,Telok Ayer,20
Stadium,Telok Blangah,40
Stadium,Tiong Bahru,35
Stadium,Toa Payoh,32
Stadium,Tuas Crescent,71
Stadium,Tuas Link,75
Stadium,Tuas West Road,73
Stadium,Ubi,20
Stadium,Upper Changi,35
Stadium,Upper Thomson,36
Stadium,Woodlands,53
Stadium,Woodlands North,55
Stadium,Woodlands South,51
Stadium,Woodleigh,31
Stadium,Yew Tee,64
Stadium,Yio Chu Kang,38
Stadium,Yishun,46
Stadium,one-north,43
Tampines,Admiralty,62
Tampines,Aljunied,22
Tampines,Ang Mo Kio,44
Tampines,Bartley,26
Tampines,Bayfront,33
Tampines,Beauty World,53
Tampines,Bedok,13
Tampines,Bedok North,10
Tampines,Bedok Reservoir,8
Tampines,Bencoolen,24
Tampines,Bendemeer,20
Tampines,Bishan,34
Tampines,Boon Keng,42
Tampines,Boon Lay,65
Tampines,Botanic Gardens,44
Tampines,Braddell,42
Tampines,Bras Basah,39
Tampines,Bright Hill,51
Tampines,Buangkok,43
Tampines,Bugis,28
Tampines,Bukit Batok,65
Tampines,Bukit Gombak,67
Tampines,Bukit Panjang,62
Tampines,Buona Vista,48
Tampines,Caldecott,39
Tampines,Canberra,56
Tampines,Cashew,60
Tampines,Changi Airport,27
Tampines,Chinatown,28
Tampines,Chinese Garden,59
Tampines,Choa Chu Kang,71
Tampines,City Hall,30
Tampines,Clarke Quay,35
Tampines,Clementi,53
Tampines,Commonwealth,46
Tampines,Dakota,26
Tampines,Dhoby Ghaut,36
Tampines,Dover,50
Tampines,Downtown,31
Tampines,Esplanade,37
Tampines,Eunos,18
Tampines,Expo,10
Tampines,Farrer Park,41
Tampines,Farrer Road,46
Tampines,Fort Canning,26
Tampines,Gardens by the Bay,47
Tampines,Geylang Bahru,18
Tampines,Great World,45
Tampines,Gul Circle,73
Tampines,HarbourFront,38
Tampines,Havelock,44
Tampines,Haw Par Villa,54
Tampines,Hillview,58
Tampines,Holland Village,49
Tampines,Hougang,41
Tampines,Jalan Besar,23
Tampines,Joo Koon,70
Tampines,Jurong East,57
Tampines,Kaki Bukit,11
Tampines,Kallang,24
Tampines,Kembangan,16
Tampines,Kent Ridge,55
Tampines,Khatib,51
Tampines,King Albert Park,51
Tampines,Kovan,38
Tampines,Kranji,71
Tampines,Labrador Park,50
Tampines,Lakeside,62
Tampines,Lavender,26
Tampines,Lentor,56
Tampines,Little India,38
Tampines,Lorong Chuan,31
Tampines,MacPherson,15
Tampines,Marina Bay,38
Tampines,Marina South Pier,41
Tampines,Marsiling,68
Tampines,Marymount,37
Tampines,Mattar,17
Tampines,Maxwell,43
Tampines,Mayflower,53
Tampines,Mountbatten,28
Tampines,Napier,49
Tampines,Newton,41
Tampines,Nicoll Highway,32
Tampines,Novena,44
Tampines,Orchard,40
Tampines,Orchard Boulevard,48
Tampines,Outram Park,35
Tampines,Pasir Panjang,52
Tampines,Pasir Ris,6
Tampines,Paya Lebar,20
Tampines,Pioneer,67
Tampines,Potong Pasir,40
Tampines,Promenade,34
Tampines,Punggol,48
Tampines,Queenstown,44
Tampines,Raffles Place,33
Tampines,Redhill,42
Tampines,Rochor,37
Tampines,Sembawang,58
Tampines,Sengkang,45
Tampines,Serangoon,29
Tampines,Shenton Way,45
Tampines,Simei,6
Tampines,Sixth Avenue,49
Tampines,Somerset,38
Tampines,Springleaf,59
Tampines,Stadium,30
Tampines,Stevens,43
Tampines,Tai Seng,23
Tampines,Tampines,0
Tampines,Tampines East,5
Tampines,Tampines West,6
Tampines,Tan Kah Kee,47
Tampines,Tanah Merah,10
Tampines,Tanjong Pagar,35
Tampines,Telok Ayer,30
Tampines,Telok Blangah,48
Tampines,Tiong Bahru,40
Tampines,Toa Payoh,44
Tampines,Tuas Crescent,75
Tampines,Tuas Link,80
Tampines,Tuas West Road,77
Tampines,Ubi,13
Tampines,Upper Changi,8
Tampines,Upper Thomson,49
Tampines,Woodlands,64
Tampines,Woodlands North,68
Tampines,Woodlands South,63
Tampines,Woodleigh,38
Tampines,Yew Tee,73
Tampines,Yio Chu Kang,46
Tampines,Yishun,53
Tampines,one-north,54
Tanjong Pagar,Admiralty,49
Tanjong Pagar,Aljunied,16
Tanjong Pagar,Ang Mo Kio,31
Tanjong Pagar,Bartley,34
Tanjong Pagar,Bayfront,22
Tanjong Pagar,Beauty World,35
Tanjong Pagar,Bedok,25
Tanjong Pagar,Bedok North,37
Tanjong Pagar,Bedok Reservoir,39
Tanjong Pagar,Bencoolen,23
Tanjong Pagar,Bendemeer,27
Tanjong Pagar,Bishan,27
Tanjong Pagar,Boon Keng,24
Tanjong Pagar,Boon Lay,34
Tanjong Pagar,Botanic Gardens,27
Tanjong Pagar,Braddell,25
Tanjong Pagar,Bras Basah,23
Tanjong Pagar,Bright Hill,33
Tanjong Pagar,Buangkok,37
Tanjong Pagar,Bugis,10
Tanjong Pagar,Bukit Batok,33
Tanjong Pagar,Bukit Gombak,35
Tanjong Pagar,Bukit Panjang,44
Tanjong Pagar,Buona Vista,16
Tanjong Pagar,Caldecott,27
Tanjong Pagar,Canberra,43
Tanjong Pagar,Cashew,42
Tanjong Pagar,Changi Airport,46
Tanjong Pagar,Chinatown,14
Tanjong Pagar,Chinese Garden,28
Tanjong Pagar,Choa Chu Kang,39
Tanjong Pagar,City Hall,8
Tanjong Pagar,Clarke Quay,15
Tanjong Pagar,Clementi,21
Tanjong Pagar,Commonwealth,14
Tanjong Pagar,Dakota,29
Tanjong Pagar,Dhoby Ghaut,13
Tanjong Pagar,Dover,19
Tanjong Pagar,Downtown,22
Tanjong Pagar,Esplanade,25
Tanjong Pagar,Eunos,21
Tanjong Pagar,Expo,41
Tanjong Pagar,Farrer Park,21
Tanjong Pagar,Farrer Road,30
Tanjong Pagar,Fort Canning,21
Tanjong Pagar,Gardens by the Bay,19
Tanjong Pagar,Geylang Bahru,29
Tanjong Pagar,Great World,15
Tanjong Pagar,Gul Circle,41
Tanjong Pagar,HarbourFront,15
Tanjong Pagar,Havelock,14
Tanjong Pagar,Haw Par Villa,31
Tanjong Pagar,Hillview,40
Tanjong Pagar,Holland Village,27
Tanjong Pagar,Hougang,35
Tanjong Pagar,Jalan Besar,24
Tanjong Pagar,Joo Koon,38
Tanjong Pagar,Jurong East,25
Tanjong Pagar,Kaki Bukit,36
Tanjong Pagar,Kallang,14
Tanjong Pagar,Kembangan,22
Tanjong Pagar,Kent Ridge,29
Tanjong Pagar,Khatib,38
Tanjong Pagar,King Albert Park,33
Tanjong Pagar,Kovan,32
Tanjong Pagar,Kranji,49
Tanjong Pagar,Labrador Park,26
Tanjong Pagar,Lakeside,30
Tanjong Pagar,Lavender,12
Tanjong Pagar,Lentor,38
Tanjong Pagar,Little India,20
Tanjong Pagar,Lorong Chuan,38
Tanjong Pagar,MacPherson,28
Tanjong Pagar,Marina Bay,11
Tanjong Pagar,Marina South Pier,14
Tanjong Pagar,Marsiling,53
Tanjong Pagar,Marymount,38
Tanjong Pagar,Mattar,30
Tanjong Pagar,Maxwell,13
Tanjong Pagar,Mayflower,35
Tanjong Pagar,Mountbatten,31
Tanjong Pagar,Napier,21
Tanjong Pagar,Newton,19
Tanjong Pagar,Nicoll Highway,28
Tanjong Pagar,Novena,21
Tanjong Pagar,Orchard,17
Tanjong Pagar,Orchard Boulevard,19
Tanjong Pagar,Outram Park,5
Tanjong Pagar,Pasir Panjang,29
Tanjong Pagar,Pasir Ris,38
Tanjong Pagar,Paya Lebar,18
Tanjong Pagar,Pioneer,35
Tanjong Pagar,Potong Pasir,26
Tanjong Pagar,Promenade,19
Tanjong Pagar,Punggol,42
Tanjong Pagar,Queenstown,12
Tanjong Pagar,Raffles Place,5
Tanjong Pagar,Redhill,10
Tanjong Pagar,Rochor,19
Tanjong Pagar,Sembawang,45
Tanjong Pagar,Sengkang,39
Tanjong Pagar,Serangoon,30
Tanjong Pagar,Shenton Way,15
Tanjong Pagar,Simei,33
Tanjong Pagar,Sixth Avenue,31
Tanjong Pagar,Somerset,15
Tanjong Pagar,Springleaf,41
Tanjong Pagar,Stadium,30
Tanjong Pagar,Stevens,23
Tanjong Pagar,Tai Seng,31
Tanjong Pagar,Tampines,35
Tanjong Pagar,Tampines East,45
Tanjong Pagar,Tampines West,42
Tanjong Pagar,Tan Kah Kee,29
Tanjong Pagar,Tanah Merah,28
Tanjong Pagar,Tanjong Pagar,0
Tanjong Pagar,Telok Ayer,20
Tanjong Pagar,Telok Blangah,24
Tanjong Pagar,Tiong Bahru,8
Tanjong Pagar,Toa Payoh,23
Tanjong Pagar,Tuas Crescent,44
Tanjong Pagar,Tuas Link,48
Tanjong Pagar,Tuas West Road,46
Tanjong Pagar,Ubi,34
Tanjong Pagar,Upper Changi,48
Tanjong Pagar,Upper Thomson,31
Tanjong Pagar,Woodlands,47
Tanjong Pagar,Woodlands North,50
Tanjong Pagar,Woodlands South,45
Tanjong Pagar,Woodleigh,28
Tanjong Pagar,Yew Tee,42
Tanjong Pagar,Yio Chu Kang,33
Tanjong Pagar,Yishun,40
Tanjong Pagar,one-north,27
Upper Thomson,Admiralty,30
Upper Thomson,Aljunied,37
Upper Thomson,Ang Mo Kio,29
Upper Thomson,Bartley,28
Upper Thomson,Bayfront,27
Upper Thomson,Beauty World,26
Upper Thomson,Bedok,46
Upper Thomson,Bedok North,43
Upper Thomson,Bedok Reservoir,45
Upper Thomson,Bencoolen,36
Upper Thomson,Bendemeer,40
Upper Thomson,Bishan,20
Upper Thomson,Boon Keng,30
Upper Thomson,Boon Lay,50
Upper Thomson,Botanic Gardens,18
Upper Thomson,Braddell,28
Upper Thomson,Bras Basah,36
Upper Thomson,Bright Hill,6
Upper Thomson,Buangkok,39
Upper Thomson,Bugis,23
Upper Thomson,Bukit Batok,50
Upper Thomson,Bukit Gombak,48
Upper Thomson,Bukit Panjang,35
Upper Thomson,Buona Vista,27
Upper Thomson,Caldecott,6
Upper Thomson,Canberra,36
Upper Thomson,Cashew,33
Upper Thomson,Changi Airport,67
Upper Thomson,Chinatown,31
Upper Thomson,Chinese Garden,45
Upper Thomson,Choa Chu Kang,44
Upper Thomson,City Hall,29
Upper Thomson,Clarke Quay,31
Upper Thomson,Clementi,38
Upper Thomson,Commonwealth,35
Upper Thomson,Dakota,38
Upper Thomson,Dhoby Ghaut,27
Upper Thomson,Dover,36
Upper Thomson,Downtown,29
Upper Thomson,Esplanade,34
Upper Thomson,Eunos,41
Upper Thomson,Expo,56
Upper Thomson,Farrer Park,28
Upper Thomson,Farrer Road,22
Upper Thomson,Fort Canning,35
Upper Thomson,Gardens by the Bay,30
Upper Thomson,Geylang Bahru,41
Upper Thomson,Great World,19
Upper Thomson,Gul Circle,58
Upper Thomson,HarbourFront,32
Upper Thomson,Havelock,20
Upper Thomson,Haw Par Villa,34
Upper Thomson,Hillview,31
Upper Thomson,Holland Village,25
Upper Thomson,Hougang,37
Upper Thomson,Jalan Besar,38
Upper Thomson,Joo Koon,55
Upper Thomson,Jurong East,42
Upper Thomson,Kaki Bukit,41
Upper Thomson,Kallang,35
Upper Thomson,Kembangan,43
Upper Thomson,Kent Ridge,31
Upper Thomson,Khatib,37
Upper Thomson,King Albert Park,24
Upper Thomson,Kovan,34
Upper Thomson,Kranji,34
Upper Thomson,Labrador Park,38
Upper Thomson,Lakeside,47
Upper Thomson,Lavender,33
Upper Thomson,Lentor,10
Upper Thomson,Little India,21
Upper Thomson,Lorong Chuan,23
Upper Thomson,MacPherson,32
Upper Thomson,Marina Bay,27
Upper Thomson,Marina South Pier,35
Upper Thomson,Marsiling,31
Upper Thomson,Marymount,17
Upper Thomson,Mattar,39
Upper Thomson,Maxwell,24
Upper Thomson,Mayflower,8
Upper Thomson,Mountbatten,38
Upper Thomson,Napier,13
Upper Thomson,Newton,18
Upper Thomson,Nicoll Highway,34
Upper Thomson,Novena,27
Upper Thomson,Orchard,17
Upper Thomson,Orchard Boulevard,15
Upper Thomson,Outram Park,22
Upper Thomson,Pasir Panjang,36
Upper Thomson,Pasir Ris,59
Upper Thomson,Paya Lebar,35
Upper Thomson,Pioneer,52
Upper Thomson,Potong Pasir,33
Upper Thomson,Promenade,25
Upper Thomson,Punggol,43
Upper Thomson,Queenstown,36
Upper Thomson,Raffles Place,31
Upper Thomson,Redhill,33
Upper Thomson,Rochor,22
Upper Thomson,Sembawang,33
Upper Thomson,Sengkang,41
Upper Thomson,Serangoon,25
Upper Thomson,Shenton Way,26
Upper Thomson,Simei,53
Upper Thomson,Sixth Avenue,22
Upper Thomson,Somerset,25
Upper Thomson,Springleaf,13
Upper Thomson,Stadium,36
Upper Thomson,Stevens,11
Upper Thomson,Tai Seng,30
Upper Thomson,Tampines,49
Upper Thomson,Tampines East,51
Upper Thomson,Tampines West,47
Upper Thomson,Tan Kah Kee,20
Upper Thomson,Tanah Merah,49
Upper Thomson,Tanjong Pagar,31
Upper Thomson,Telok Ayer,31
Upper Thomson,Telok Blangah,40
Upper Thomson,Tiong Bahru,31
Upper Thomson,Toa Payoh,29
Upper Thomson,Tuas Crescent,60
Upper Thomson,Tuas Link,65
Upper Thomson,Tuas West Road,63
Upper Thomson,Ubi,39
Upper Thomson,Upper Changi,54
Upper Thomson,Upper Thomson,0
Upper Thomson,Woodlands,20
Upper Thomson,Woodlands North,22
Upper Thomson,Woodlands South,18
Upper Thomson,Woodleigh,34
Upper Thomson,Yew Tee,42
Upper Thomson,Yio Chu Kang,32
Upper Thomson,Yishun,39
Upper Thomson,one-north,29
Woodlands,Admiralty,6
Woodlands,Aljunied,54
Woodlands,Ang Mo Kio,24
Woodlands,Bartley,43
Woodlands,Bayfront,44
Woodlands,Beauty World,42
Woodlands,Bedok,63
Woodlands,Bedok North,58
Woodlands,Bedok Reservoir,60
Woodlands,Bencoolen,53
Woodlands,Bendemeer,57
Woodlands,Bishan,27
Woodlands,Boon Keng,47
Woodlands,Boon Lay,42
Woodlands,Botanic Gardens,34
Woodlands,Braddell,29
Woodlands,Bras Basah,50
Woodlands,Bright Hill,17
Woodlands,Buangkok,54
Woodlands,Bugis,40
Woodlands,Bukit Batok,26
Woodlands,Bukit Gombak,24
Woodlands,Bukit Panjang,34
Woodlands,Buona Vista,42
Woodlands,Caldecott,23
Woodlands,Canberra,12
Woodlands,Cashew,42
Woodlands,Changi Airport,84
Woodlands,Chinatown,47
Woodlands,Chinese Garden,36
Woodlands,Choa Chu Kang,20
Woodlands,City Hall,43
Woodlands,Clarke Quay,47
Woodlands,Clementi,38
Woodlands,Commonwealth,45
Woodlands,Dakota,53
Woodlands,Dhoby Ghaut,41
Woodlands,Dover,40
Woodlands,Downtown,46
Woodlands,Esplanade,51
Woodlands,Eunos,58
Woodlands,Expo,71
Woodlands,Farrer Park,45
Woodlands,Farrer Road,39
Woodlands,Fort Canning,51
Woodlands,Gardens by the Bay,46
Woodlands,Geylang Bahru,56
Woodlands,Great World,35
Woodlands,Gul Circle,50
Woodlands,HarbourFront,49
Woodlands,Havelock,37
Woodlands,Haw Par Villa,50
Woodlands,Hillview,43
Woodlands,Holland Village,41
Woodlands,Hougang,52
Woodlands,Jalan Besar,54
Woodlands,Joo Koon,47
Woodlands,Jurong East,29
Woodlands,Kaki Bukit,56
Woodlands,Kallang,51
Woodlands,Kembangan,60
Woodlands,Kent Ridge,47
Woodlands,Khatib,17
Woodlands,King Albert Park,40
Woodlands,Kovan,50
Woodlands,Kranji,10
Woodlands,Labrador Park,55
Woodlands,Lakeside,38
Woodlands,Lavender,49
Woodlands,Lentor,13
Woodlands,Little India,37
Woodlands,Lorong Chuan,38
Woodlands,MacPherson,48
Woodlands,Marina Bay,43
Woodlands,Marina South Pier,50
Woodlands,Marsiling,6
Woodlands,Marymount,33
Woodlands,Mattar,54
Woodlands,Maxwell,40
Woodlands,Mayflower,15
Woodlands,Mountbatten,54
Woodlands,Napier,30
Woodlands,Newton,35
Woodlands,Nicoll Highway,50
Woodlands,Novena,33
Woodlands,Orchard,33
Woodlands,Orchard Boulevard,31
Woodlands,Outram Park,39
Woodlands,Pasir Panjang,52
Woodlands,Pasir Ris,75
Woodlands,Paya Lebar,50
Woodlands,Pioneer,43
Woodlands,Potong Pasir,49
Woodlands,Promenade,42
Woodlands,Punggol,59
Woodlands,Queenstown,47
Woodlands,Raffles Place,45
Woodlands,Redhill,49
Woodlands,Rochor,38
Woodlands,Sembawang,9
Woodlands,Sengkang,56
Woodlands,Serangoon,40
Woodlands,Shenton Way,42
Woodlands,Simei,70
Woodlands,Sixth Avenue,38
Woodlands,Somerset,39
Woodlands,Springleaf,10
Woodlands,Stadium,53
Woodlands,Stevens,27
Woodlands,Tai Seng,46
Woodlands,Tampines,64
Woodlands,Tampines East,67
Woodlands,Tampines West,62
Woodlands,Tan Kah Kee,36
Woodlands,Tanah Merah,65
Woodlands,Tanjong Pagar,47
Woodlands,Telok Ayer,47
Woodlands,Telok Blangah,57
Woodlands,Tiong Bahru,48
Woodlands,Toa Payoh,31
Woodlands,Tuas Crescent,52
Woodlands,Tuas Link,56
Woodlands,Tuas West Road,54
Woodlands,Ubi,55
Woodlands,Upper Changi,70
Woodlands,Upper Thomson,20
Woodlands,Woodlands,0
Woodlands,Woodlands North,5
Woodlands,Woodlands South,5
Woodlands,Woodleigh,49
Woodlands,Yew Tee,18
Woodlands,Yio Chu Kang,22
Woodlands,Yishun,14
Woodlands,one-north,46
one-north,Admiralty,52
one-north,Aljunied,40
one-north,Ang Mo Kio,34
one-north,Bartley,32
one-north,Bayfront,34
one-north,Beauty World,29
one-north,Bedok,49
one-north,Bedok North,47
one-north,Bedok Reservoir,49
one-north,Bencoolen,38
one-north,Bendemeer,42
one-north,Bishan,24
one-north,Boon Keng,37
one-north,Boon Lay,30
one-north,Botanic Gardens,14
one-north,Braddell,33
one-north,Bras Basah,42
one-north,Bright Hill,32
one-north,Buangkok,43
one-north,Bugis,30
one-north,Bukit Batok,30
one-north,Bukit Gombak,32
one-north,Bukit Panjang,38
one-north,Buona Vista,7
one-north,Caldecott,19
one-north,Canberra,46
one-north,Cashew,36
one-north,Changi Airport,70
one-north,Chinatown,29
one-north,Chinese Garden,25
one-north,Choa Chu Kang,36
one-north,City Hall,31
one-north,Clarke Quay,31
one-north,Clementi,18
one-north,Commonwealth,15
one-north,Dakota,42
one-north,Dhoby Ghaut,33
one-north,Dover,16
one-north,Downtown,36
one-north,Esplanade,41
one-north,Eunos,44
one-north,Expo,60
one-north,Farrer Park,35
one-north,Farrer Road,12
one-north,Fort Canning,36
one-north,Gardens by the Bay,38
one-north,Geylang Bahru,44
one-north,Great World,34
one-north,Gul Circle,38
one-north,HarbourFront,18
one-north,Havelock,33
one-north,Haw Par Villa,9
one-north,Hillview,34
one-north,Holland Village,9
one-north,Hougang,41
one-north,Jalan Besar,40
one-north,Joo Koon,35
one-north,Jurong East,22
one-north,Kaki Bukit,46
one-north,Kallang,38
one-north,Kembangan,46
one-north,Kent Ridge,7
one-north,Khatib,41
one-north,King Albert Park,27
one-north,Kovan,39
one-north,Kranji,46
one-north,Labrador Park,14
one-north,Lakeside,27
one-north,Lavender,36
one-north,Lentor,36
one-north,Little India,27
one-north,Lorong Chuan,27
one-north,MacPherson,37
one-north,Marina Bay,35
one-north,Marina South Pier,37
one-north,Marsiling,49
one-north,Marymount,22
one-north,Mattar,44
one-north,Maxwell,32
one-north,Mayflower,34
one-north,Mountbatten,44
one-north,Napier,30
one-north,Newton,25
one-north,Nicoll Highway,40
one-north,Novena,34
one-north,Orchard,33
one-north,Orchard Boulevard,32
one-north,Outram Park,24
one-north,Pasir Panjang,12
one-north,Pasir Ris,62
one-north,Paya Lebar,40
one-north,Pioneer,32
one-north,Potong Pasir,39
one-north,Promenade,32
one-north,Punggol,48
one-north,Queenstown,17
one-north,Raffles Place,29
one-north,Redhill,20
one-north,Rochor,28
one-north,Sembawang,49
one-north,Sengkang,45
one-north,Serangoon,29
one-north,Shenton Way,34
one-north,Simei,56
one-north,Sixth Avenue,24
one-north,Somerset,36
one-north,Springleaf,39
one-north,Stadium,43
one-north,Stevens,23
one-north,Tai Seng,35
one-north,Tampines,54
one-north,Tampines East,56
one-north,Tampines West,51
one-north,Tan Kah Kee,22
one-north,Tanah Merah,51
one-north,Tanjong Pagar,27
one-north,Telok Ayer,35
one-north,Telok Blangah,16
one-north,Tiong Bahru,22
one-north,Toa Payoh,35
one-north,Tuas Crescent,40
one-north,Tuas Link,45
one-north,Tuas West Road,43
one-north,Ubi,44
one-north,Upper Changi,59
one-north,Upper Thomson,29
one-north,Woodlands,46
one-north,Woodlands North,48
one-north,Woodlands South,43
one-north,Woodleigh,38
one-north,Yew Tee,38
one-north,Yio Chu Kang,36
one-north,Yishun,44
one-north,one-north,0
